Age,Workclass,Fnlwgt,Education,Education-Num,Marital-Status,Occupation,Relationship,Race,Sex,Capital-Gain,Capital-Loss,Hours-per-week,Native-Country,Income
90, Private,147240, Bachelors,3, Never-married, Farming-fishing, Own-child, Black, Male,28,-1,40, United-States, <=50K
25, Private,420560, HS-grad,9, Married-civ-spouse, Sales, Husband, White, Male,42,-1,40, United-States, <=50K
45, Self-emp-not-inc,113036, Some-college,4, Never-married, Prof-specialty, Own-child, Black, Female,-58,4,40, Jamaica, >50K
29, Private,403993, 5th-6th,16, Married-civ-spouse, Priv-house-serv, Husband, White, Male,5,-1,37, United-States, <=50K
35, Private,45820, HS-grad,10, Married-civ-spouse, Adm-clerical, Not-in-family, White, Male,-47,-1,5, United-States, <=50K
44, Private,317556, HS-grad,13, Never-married, Tech-support, Husband, White, Male,81,-4,48, United-States, <=50K
31, Self-emp-inc,156860, HS-grad,14, Divorced, Craft-repair, Not-in-family, White, Male,78,-5,40, El-Salvador, <=50K
39, Local-gov,53086, Some-college,14, Married-civ-spouse, Prof-specialty, Not-in-family, White, Male,20,-3,40, United-States, <=50K
47, Private,183791, Masters,10, Married-spouse-absent, Prof-specialty, Not-in-family, White, Female,97,4,40, United-States, <=50K
35, Local-gov,293660, 5th-6th,9, Divorced, Transport-moving, Unmarried, White, Male,-36,2300,40, Vietnam, <=50K
68, Private,156005, Some-college,9, Never-married, Adm-clerical, Husband, White, Female,6305,-2,40, Hong, >50K
34, Private,312537, HS-grad,2, Married-civ-spouse, Exec-managerial, Husband, White, Male,-50,2,40, Mexico, >50K
68, Private,26524, Some-college,10, Married-civ-spouse, Prof-specialty, Unmarried, White, Male,-109,-1,-5, United-States, <=50K
85, Private,138836, Some-college,10, Divorced, Exec-managerial, Husband, Black, Male,57,6,30, United-States, <=50K
34, Self-emp-not-inc,189402, Some-college,12, Never-married, Machine-op-inspct, Husband, White, Male,-88,2200,47, Japan, >50K
61, Private,156820, HS-grad,9, Divorced, Machine-op-inspct, Husband, White, Male,-88,2,34, United-States, <=50K
86, Private,38823, HS-grad,10, Married-civ-spouse, Craft-repair, Own-child, White, Male,11,2408,36, United-States, >50K
35, Private,177070, HS-grad,7, Never-married, Exec-managerial, Own-child, White, Male,32,-2,40, United-States, >50K
36, Private,332126, HS-grad,10, Never-married, Adm-clerical, Own-child, Asian-Pac-Islander, Male,-78,2,40, United-States, >50K
19, State-gov,47780, HS-grad,5, Never-married, Exec-managerial, Not-in-family, White, Male,-49,-1,40, United-States, <=50K
56, Private,166974, 7th-8th,9, Never-married, Exec-managerial, Husband, White, Male,-127,5,40, ?, <=50K
26, Local-gov,211841, Some-college,9, Married-civ-spouse, Exec-managerial, Not-in-family, White, Female,-117,1,40, United-States, <=50K
18, ?,138573, HS-grad,12, Never-married, Sales, Other-relative, White, Male,-49,6,40, United-States, <=50K
33, Private,34282, HS-grad,9, Never-married, Machine-op-inspct, Husband, Amer-Indian-Eskimo, Female,-109,2,40, United-States, >50K
24, Private,2102, HS-grad,9, Widowed, Sales, Not-in-family, Asian-Pac-Islander, Male,-83,7,49, United-States, <=50K
36, Private,237737, 1st-4th,13, Never-married, ?, Own-child, White, Male,7040,1,40, England, >50K
44, Private,432106, HS-grad,13, Married-civ-spouse, Craft-repair, Husband, Black, Male,9,3,51, ?, <=50K
24, Private,116108, HS-grad,14, Married-civ-spouse, ?, Husband, White, Male,44,1,40, United-States, <=50K
50, Private,212825, HS-grad,13, Divorced, Priv-house-serv, Husband, White, Male,37,1905,31, Mexico, <=50K
29, Private,184053, Some-college,9, Married-civ-spouse, Handlers-cleaners, Not-in-family, White, Male,56,2,41, United-States, <=50K
31, Private,61423, HS-grad,11, Married-civ-spouse, Craft-repair, Unmarried, White, Male,13,2,46, Mexico, <=50K
34, State-gov,55166, 7th-8th,12, Never-married, ?, Own-child, White, Female,6538,-1,40, United-States, <=50K
32, ?,175828, Assoc-acdm,9, Never-married, Prof-specialty, Not-in-family, White, Female,-62,-1,29, India, <=50K
22, Private,136417, HS-grad,1, Married-civ-spouse, ?, Wife, White, Male,-86,1,40, United-States, >50K
41, Private,328694, HS-grad,9, Widowed, ?, Not-in-family, White, Female,-17,1861,40, Honduras, <=50K
34, Private,171019, HS-grad,9, Married-civ-spouse, Prof-specialty, Husband, White, Male,54,0,40, United-States, <=50K
59, Private,151374, 11th,9, Married-civ-spouse, Priv-house-serv, Not-in-family, White, Male,6715,6,43, United-States, <=50K
29, Private,207263, Some-college,15, Widowed, Exec-managerial, Husband, White, Male,-24,0,45, Mexico, <=50K
55, Private,49083, HS-grad,14, Married-civ-spouse, Craft-repair, Husband, White, Male,-27,2,40, United-States, <=50K
32, Private,5542, HS-grad,6, Married-civ-spouse, Prof-specialty, Husband, White, Male,3550,0,34, United-States, <=50K
25, ?,398573, HS-grad,9, Married-spouse-absent, Sales, Not-in-family, Other, Male,-116,0,40, United-States, <=50K
53, Private,49171, Some-college,9, Married-civ-spouse, Tech-support, Unmarried, White, Male,-98,1795,40, United-States, >50K
44, Private,134159, Some-college,2, Widowed, Sales, Husband, White, Male,3205,1,40, United-States, >50K
47, Private,30338, HS-grad,9, Married-civ-spouse, Machine-op-inspct, Own-child, White, Female,-38,1,49, United-States, <=50K
74, Private,26909, 11th,10, Divorced, Sales, Own-child, White, Male,12,3,33, United-States, <=50K
36, Private,121622, Assoc-acdm,6, Never-married, Exec-managerial, Not-in-family, White, Male,5147,1,43, United-States, >50K
37, Private,39228, Assoc-acdm,10, Married-civ-spouse, Craft-repair, Husband, Black, Male,1826,0,43, United-States, >50K
108, Private,32815, HS-grad,11, Married-civ-spouse, Exec-managerial, Other-relative, Black, Male,-128,1894,40, United-States, <=50K
56, State-gov,81993, 10th,9, Never-married, Exec-managerial, Other-relative, White, Male,-66,4,40, United-States, <=50K
26, Self-emp-not-inc,344686, HS-grad,9, Divorced, Sales, Not-in-family, Asian-Pac-Islander, Male,-30,5,40, United-States, <=50K
31, Private,42965, Bachelors,7, Married-civ-spouse, Prof-specialty, Husband, White, Female,706,3,40, United-States, >50K
27, Private,134607, Bachelors,10, Married-spouse-absent, Other-service, Own-child, White, Male,17,2479,28, United-States, <=50K
60, Private,331053, 10th,13, Married-spouse-absent, Other-service, Other-relative, Asian-Pac-Islander, Male,-32,5,40, United-States, >50K
27, Private,95510, HS-grad,9, Never-married, Adm-clerical, Not-in-family, White, Female,-22,4,40, United-States, >50K
33, Private,177348, Prof-school,14, Never-married, ?, Husband, White, Female,-24,6,-3, United-States, <=50K
28, Private,195396, 7th-8th,7, Never-married, Craft-repair, Husband, White, Male,13,4,40, United-States, >50K
23, Private,13658, HS-grad,9, Married-civ-spouse, Handlers-cleaners, Not-in-family, Asian-Pac-Islander, Female,-7,7,40, United-States, <=50K
18, ?,174430, 10th,11, Married-civ-spouse, Adm-clerical, Own-child, White, Male,-7,3,28, Guatemala, <=50K
37, Private,182675, Some-college,4, Never-married, Sales, Husband, White, Male,2543,4,49, United-States, <=50K
32, Private,214278, 12th,14, Married-civ-spouse, Craft-repair, Husband, White, Female,-38,5,40, United-States, <=50K
79, Private,183264, 12th,10, Married-civ-spouse, Sales, Not-in-family, White, Male,-10,2182,40, Cuba, <=50K
48, Private,149086, HS-grad,12, Married-civ-spouse, Transport-moving, Unmarried, White, Female,-86,4,4, Japan, <=50K
62, Private,38089, 11th,10, Married-spouse-absent, Sales, Not-in-family, White, Female,-99,0,28, United-States, <=50K
54, Private,29689, Masters,3, Divorced, Exec-managerial, Husband, White, Female,16,5,40, United-States, <=50K
43, Local-gov,196586, HS-grad,14, Married-civ-spouse, Craft-repair, Own-child, White, Male,5496,1,40, United-States, <=50K
17, Private,191591, HS-grad,3, Married-civ-spouse, Prof-specialty, Not-in-family, Other, Male,-40,2,40, United-States, <=50K
39, Self-emp-not-inc,185942, 7th-8th,9, Never-married, Craft-repair, Husband, White, Female,50,4,31, United-States, >50K
58, Private,70832, Assoc-acdm,10, Never-married, Sales, Husband, White, Male,9,3,61, United-States, <=50K
31, Private,270779, 5th-6th,10, Widowed, ?, Not-in-family, Black, Male,-64,3,50, United-States, <=50K
52, Private,182858, Masters,14, Never-married, Prof-specialty, Wife, Black, Male,-59,-2,40, United-States, <=50K
45, Private,234982, Assoc-acdm,13, Married-civ-spouse, Prof-specialty, Not-in-family, White, Female,-131,2,30, Dominican-Republic, <=50K
36, Private,118298, Some-college,3, Never-married, Sales, Not-in-family, White, Male,-68,-1,40, United-States, <=50K
76, Private,116736, HS-grad,10, Married-civ-spouse, Exec-managerial, Husband, White, Male,55,1725,40, Poland, >50K
31, Private,178833, 11th,16, Married-civ-spouse, Adm-clerical, Husband, White, Female,22,3,40, United-States, >50K
48, Private,126430, HS-grad,10, Married-spouse-absent, Exec-managerial, Unmarried, White, Male,-40,2062,27, United-States, <=50K
33, Private,169771, Some-college,10, Married-civ-spouse, Adm-clerical, Own-child, White, Male,8,1891,49, United-States, >50K
41, Self-emp-not-inc,62642, Assoc-acdm,9, Married-spouse-absent, Sales, Not-in-family, Black, Female,-31,-1,40, United-States, >50K
67, Private,108807, Bachelors,3, Married-civ-spouse, Other-service, Not-in-family, White, Male,7039,-3,40, United-States, <=50K
47, Private,206757, Assoc-voc,9, Never-married, ?, Husband, White, Female,64,-3,42, Greece, <=50K
50, Private,134392, 10th,11, Separated, ?, Husband, Black, Male,48,3,40, United-States, >50K
23, Private,119998, 10th,7, Separated, Sales, Own-child, White, Male,7238,2326,40, United-States, <=50K
24, Private,173453, HS-grad,9, Married-spouse-absent, Exec-managerial, Own-child, White, Male,29,5,40, United-States, <=50K
50, Self-emp-not-inc,351364, 10th,13, Divorced, Farming-fishing, Wife, Asian-Pac-Islander, Male,-53,-1,40, Philippines, <=50K
33, Private,219742, 11th,10, Married-civ-spouse, Prof-specialty, Husband, Black, Female,-68,6,41, United-States, <=50K
82, Private,85355, HS-grad,10, Never-married, Adm-clerical, Husband, White, Female,20,4,40, United-States, <=50K
22, Private,150234, Some-college,9, Married-civ-spouse, Prof-specialty, Unmarried, Amer-Indian-Eskimo, Male,2367,2,36, United-States, >50K
22, Private,45300, Bachelors,12, Married-civ-spouse, Transport-moving, Unmarried, White, Male,-107,1,28, South, <=50K
89, Private,247404, HS-grad,7, Married-civ-spouse, Prof-specialty, Husband, White, Female,-7,-1,40, South, <=50K
24, Private,198996, HS-grad,14, Never-married, Craft-repair, Husband, White, Male,60,1,40, ?, >50K
32, Self-emp-not-inc,124078, Some-college,10, Never-married, Exec-managerial, Own-child, White, Male,60,1942,43, United-States, >50K
66, Private,381583, Assoc-voc,9, Married-civ-spouse, Prof-specialty, Own-child, White, Male,55,3,40, ?, >50K
23, Private,267022, Bachelors,14, Married-civ-spouse, Craft-repair, Not-in-family, White, Male,28,2,43, England, <=50K
16, Private,219385, HS-grad,2, Never-married, Adm-clerical, Husband, Other, Male,-111,1886,40, Trinadad&Tobago, <=50K
30, Private,359349, Masters,9, Married-civ-spouse, Craft-repair, Own-child, White, Male,4,2143,42, United-States, <=50K
80, Private,371154, Some-college,10, Never-married, Craft-repair, Husband, White, Male,-145,4,40, United-States, <=50K
59, Private,29201, 12th,10, Married-civ-spouse, Priv-house-serv, Husband, White, Male,-58,7,40, United-States, >50K
21, Private,155169, Some-college,13, Never-married, Craft-repair, Wife, Black, Male,-75,3,54, United-States, >50K
36, Private,131155, HS-grad,13, Separated, ?, Own-child, White, Male,112,0,40, United-States, <=50K
31, Private,213786, HS-grad,10, Never-married, Craft-repair, Husband, White, Female,541,1,67, United-States, >50K
43, Private,21542, HS-grad,13, Divorced, Other-service, Not-in-family, Asian-Pac-Islander, Male,4,1570,40, United-States, <=50K
83, Private,261536, HS-grad,9, Married-civ-spouse, Exec-managerial, Husband, White, Female,-72,0,40, Scotland, <=50K
31, Private,109197, HS-grad,6, Married-civ-spouse, Tech-support, Not-in-family, White, Female,49,3,40, United-States, <=50K
42, Private,53122, 9th,5, Widowed, Adm-clerical, Husband, White, Male,-2,1,40, United-States, >50K
55, Private,1320, 11th,8, Married-spouse-absent, Adm-clerical, Husband, White, Male,-146,-3,46, United-States, <=50K
48, Private,113668, HS-grad,13, Married-civ-spouse, ?, Other-relative, White, Male,2282,0,40, United-States, >50K
50, Private,217692, Masters,12, Separated, Farming-fishing, Husband, Other, Male,-105,6,40, United-States, <=50K
47, Private,120091, HS-grad,9, Never-married, Craft-repair, Husband, Black, Male,-60,-1,40, United-States, >50K
33, Private,187666, Some-college,7, Never-married, Prof-specialty, Husband, White, Male,-81,4,40, United-States, <=50K
60, Private,202679, HS-grad,16, Married-civ-spouse, Prof-specialty, Own-child, White, Female,46,5,11, United-States, >50K
41, Self-emp-inc,43528, Some-college,9, Divorced, Sales, Own-child, Amer-Indian-Eskimo, Male,-47,6,52, United-States, <=50K
54, Private,261480, HS-grad,16, Never-married, Exec-managerial, Unmarried, White, Male,86,4,40, United-States, >50K
23, Private,60068, HS-grad,9, Separated, Prof-specialty, Not-in-family, Black, Male,-7,-1,40, United-States, <=50K
38, Private,47780, Some-college,9, Married-civ-spouse, Craft-repair, Husband, White, Male,44,3,40, United-States, >50K
29, Private,49927, 10th,15, Never-married, Prof-specialty, Other-relative, White, Male,-24,0,13, United-States, <=50K
28, Private,162509, Some-college,10, Never-married, Other-service, Own-child, Asian-Pac-Islander, Male,-86,2021,40, United-States, <=50K
39, Self-emp-not-inc,275713, HS-grad,11, Never-married, Craft-repair, Other-relative, White, Male,-38,2044,40, China, <=50K
59, Private,225817, HS-grad,7, Married-civ-spouse, Transport-moving, Husband, White, Female,-99,-7,45, United-States, <=50K
31, Private,97534, HS-grad,14, Never-married, Craft-repair, Husband, White, Female,-47,3,40, United-States, <=50K
59, Private,158968, Some-college,12, Divorced, Sales, Husband, White, Male,35,4,40, United-States, <=50K
82, Private,50877, Some-college,9, Married-civ-spouse, Protective-serv, Own-child, White, Male,-43,2289,40, United-States, >50K
34, Private,201152, HS-grad,7, Married-civ-spouse, Craft-repair, Husband, White, Male,-47,-1,54, United-States, <=50K
69, Private,127757, Prof-school,9, Never-married, Craft-repair, Not-in-family, White, Male,-81,1,40, United-States, <=50K
71, Private,360305, 7th-8th,9, Married-civ-spouse, Handlers-cleaners, Not-in-family, Asian-Pac-Islander, Male,912,3,40, United-States, <=50K
44, Self-emp-inc,361894, 9th,14, Married-civ-spouse, Protective-serv, Not-in-family, White, Male,15,-5,35, United-States, <=50K
57, ?,269097, Some-college,13, Widowed, Prof-specialty, Own-child, Amer-Indian-Eskimo, Female,4,3,34, United-States, >50K
23, Private,130324, HS-grad,11, Separated, Adm-clerical, Unmarried, White, Male,-24,0,49, Germany, <=50K
30, State-gov,94824, Doctorate,14, Never-married, Prof-specialty, Husband, White, Male,-68,7,11, United-States, <=50K
46, State-gov,48105, Bachelors,5, Never-married, Farming-fishing, Husband, White, Female,65,5,42, United-States, <=50K
24, Private,265252, HS-grad,9, Never-married, Priv-house-serv, Not-in-family, White, Male,85,3,40, United-States, >50K
90, Private,42397, 11th,9, Never-married, ?, Not-in-family, White, Female,-104,5,52, United-States, <=50K
31, Private,252382, HS-grad,7, Divorced, Exec-managerial, Other-relative, White, Male,68,2,40, United-States, <=50K
57, Private,104168, 7th-8th,9, Never-married, Sales, Unmarried, White, Male,4,3,43, Italy, <=50K
32, Private,53657, 12th,7, Never-married, Craft-repair, Not-in-family, White, Female,-1,1,40, United-States, <=50K
68, Private,16457, Masters,9, Never-married, Farming-fishing, Wife, White, Male,-12,0,13, United-States, >50K
65, Private,71876, HS-grad,9, Divorced, Sales, Own-child, Black, Male,-25,2,40, United-States, >50K
54, Private,213694, HS-grad,5, Never-married, ?, Other-relative, Asian-Pac-Islander, Female,48,7,40, United-States, <=50K
56, Private,125421, HS-grad,11, Married-civ-spouse, Sales, Own-child, Black, Male,75,6,46, El-Salvador, <=50K
22, State-gov,159666, HS-grad,10, Never-married, Prof-specialty, Not-in-family, White, Female,-99,1885,40, United-States, <=50K
50, Private,181210, 7th-8th,10, Never-married, Sales, Not-in-family, Black, Male,21,4,48, Ireland, >50K
35, ?,156987, Some-college,13, Never-married, Transport-moving, Not-in-family, White, Male,-89,4,40, United-States, >50K
39, Private,151856, 11th,11, Never-married, Other-service, Husband, White, Male,-52,2458,40, United-States, <=50K
32, Private,163164, HS-grad,9, Divorced, Prof-specialty, Husband, Other, Male,66,1,47, United-States, <=50K
27, Private,9874, Doctorate,15, Never-married, Sales, Husband, White, Female,-94,1,40, United-States, <=50K
44, Private,121129, Assoc-acdm,2, Separated, Transport-moving, Husband, Black, Female,57,4,33, United-States, <=50K
31, Local-gov,156941, HS-grad,9, Separated, Prof-specialty, Husband, White, Male,-111,3,40, United-States, <=50K
39, Private,215002, HS-grad,9, Married-civ-spouse, Farming-fishing, Own-child, White, Male,-118,1567,14, United-States, >50K
48, Private,233359, HS-grad,7, Married-civ-spouse, Prof-specialty, Not-in-family, Black, Female,-107,-3,40, United-States, <=50K
53, Private,122935, Bachelors,14, Never-married, Adm-clerical, Other-relative, White, Male,-12,5,40, United-States, <=50K
21, Private,199586, Assoc-acdm,11, Separated, Craft-repair, Not-in-family, White, Female,-29,2,33, United-States, <=50K
40, Private,179468, HS-grad,14, Never-married, Craft-repair, Not-in-family, Black, Male,-95,-3,40, England, <=50K
64, Private,218543, HS-grad,14, Married-civ-spouse, Prof-specialty, Unmarried, White, Male,-26,1,40, United-States, >50K
46, Private,47196, HS-grad,11, Never-married, ?, Own-child, White, Female,-69,-1,41, Cambodia, <=50K
34, Private,124812, HS-grad,10, Married-civ-spouse, Craft-repair, Husband, Amer-Indian-Eskimo, Male,-22,7,11, United-States, <=50K
78, Private,102077, 5th-6th,9, Never-married, Craft-repair, Husband, White, Male,-62,3,40, United-States, <=50K
62, Private,14699, HS-grad,6, Married-civ-spouse, Exec-managerial, Own-child, White, Female,-55,-2,40, United-States, <=50K
51, Local-gov,166454, HS-grad,7, Never-married, Exec-managerial, Not-in-family, Black, Female,-53,1850,42, Philippines, <=50K
21, Federal-gov,212596, HS-grad,9, Widowed, Other-service, Not-in-family, Black, Female,-73,2,40, United-States, <=50K
68, Private,109669, HS-grad,14, Divorced, Prof-specialty, Not-in-family, White, Male,7736,6,28, United-States, <=50K
24, State-gov,99415, 7th-8th,9, Never-married, Sales, Wife, Asian-Pac-Islander, Male,5,4,40, United-States, <=50K
89, Private,46485, 11th,9, Married-civ-spouse, Adm-clerical, Unmarried, White, Female,-62,2,38, Dominican-Republic, <=50K
51, Private,191547, Some-college,14, Married-civ-spouse, Priv-house-serv, Not-in-family, Black, Male,0,0,49, United-States, <=50K
47, Private,333522, 1st-4th,13, Divorced, Craft-repair, Other-relative, White, Male,-10,0,2, United-States, <=50K
32, ?,193506, Bachelors,9, Widowed, Other-service, Not-in-family, Black, Male,-17,3,40, United-States, >50K
25, Private,99831, HS-grad,13, Married-civ-spouse, Adm-clerical, Husband, White, Male,93,7,40, Mexico, <=50K
28, Private,143239, 7th-8th,7, Never-married, Sales, Husband, White, Male,-9,2,40, Portugal, >50K
55, Private,203353, HS-grad,5, Married-civ-spouse, Prof-specialty, Other-relative, White, Male,-98,3,40, United-States, <=50K
28, Private,335317, HS-grad,11, Married-civ-spouse, Prof-specialty, Not-in-family, White, Male,-70,1,46, United-States, <=50K
29, Private,97781, 11th,9, Married-AF-spouse, Prof-specialty, Husband, White, Male,-120,1607,59, Ecuador, <=50K
45, Private,113905, HS-grad,6, Never-married, Sales, Not-in-family, White, Male,-63,3,40, Iran, >50K
34, Private,33857, Bachelors,12, Never-married, Prof-specialty, Husband, White, Male,-310,-2,40, United-States, <=50K
19, Private,60508, Masters,5, Divorced, ?, Not-in-family, White, Female,-94,4,42, United-States, >50K
60, Private,159521, Masters,14, Never-married, Craft-repair, Own-child, Black, Male,-76,2854,14, United-States, <=50K
36, Private,120169, HS-grad,9, Married-civ-spouse, Adm-clerical, Husband, White, Male,-39,-3,40, Dominican-Republic, <=50K
31, Private,159681, 9th,13, Married-civ-spouse, ?, Unmarried, White, Female,-44,0,50, Hungary, >50K
62, Private,162571, HS-grad,14, Married-civ-spouse, Adm-clerical, Own-child, Black, Male,-70,2114,25, Canada, >50K
38, ?,-4272, Some-college,10, Married-civ-spouse, Transport-moving, Husband, Black, Male,19,7,40, United-States, <=50K
42, Private,193340, Prof-school,15, Never-married, Prof-specialty, Husband, Other, Male,-8,1,52, United-States, >50K
21, Self-emp-inc,211477, HS-grad,10, Never-married, Craft-repair, Own-child, Other, Male,-26,4,42, United-States, >50K
42, Federal-gov,163660, Bachelors,9, Never-married, Prof-specialty, Not-in-family, White, Male,51,2110,40, United-States, <=50K
39, Private,140471, Some-college,13, Married-civ-spouse, Exec-managerial, Wife, White, Male,136,2,40, ?, >50K
28, Local-gov,303579, 12th,5, Married-civ-spouse, Farming-fishing, Unmarried, White, Female,-60,6,40, United-States, <=50K
51, ?,453827, Some-college,7, Married-civ-spouse, Craft-repair, Husband, White, Male,-13,5,40, United-States, <=50K
21, Private,180731, Assoc-acdm,5, Divorced, Transport-moving, Unmarried, Black, Female,-8,0,28, United-States, <=50K
36, Local-gov,161892, Some-college,14, Never-married, ?, Unmarried, White, Male,2429,2132,40, United-States, <=50K
38, Private,276229, Assoc-voc,14, Never-married, Adm-clerical, Own-child, White, Male,6101,3,35, Cuba, <=50K
46, ?,133633, Some-college,16, Divorced, Prof-specialty, Not-in-family, White, Male,23,2,40, United-States, <=50K
33, Private,162822, Bachelors,10, Married-civ-spouse, Exec-managerial, Not-in-family, Asian-Pac-Islander, Male,-96,2,41, United-States, <=50K
60, Private,162062, Bachelors,12, Widowed, Transport-moving, Own-child, White, Male,6486,2,44, United-States, <=50K
38, Private,117421, 5th-6th,10, Separated, Prof-specialty, Own-child, White, Male,-35,1,40, United-States, <=50K
29, Private,52670, 10th,14, Married-civ-spouse, Prof-specialty, Own-child, White, Male,88,2024,37, United-States, <=50K
53, Self-emp-inc,239747, Assoc-voc,9, Never-married, Farming-fishing, Not-in-family, White, Female,79,1,40, Hong, <=50K
22, Private,106589, Bachelors,9, Married-civ-spouse, Other-service, Own-child, White, Female,-67,0,40, United-States, <=50K
27, Private,227654, 10th,5, Never-married, Exec-managerial, Husband, Asian-Pac-Islander, Female,-23,2376,40, United-States, <=50K
48, Private,142986, Some-college,9, Widowed, Prof-specialty, Unmarried, White, Male,-4,2,42, United-States, <=50K
25, Private,53286, HS-grad,9, Never-married, Prof-specialty, Husband, White, Male,51,1,40, United-States, <=50K
76, Private,22803, Some-college,2, Never-married, Transport-moving, Husband, Black, Male,-72,4,40, United-States, <=50K
34, Private,213283, Assoc-voc,9, Married-civ-spouse, Prof-specialty, Not-in-family, White, Male,-40,1803,44, Dominican-Republic, <=50K
40, Private,182793, HS-grad,1, Married-civ-spouse, Adm-clerical, Husband, Black, Male,-106,2,40, El-Salvador, <=50K
43, Private,155489, HS-grad,14, Divorced, Handlers-cleaners, Not-in-family, White, Male,-48,-2,40, ?, <=50K
45, Private,22735, Assoc-voc,9, Married-civ-spouse, Prof-specialty, Husband, White, Male,-11,1761,40, United-States, <=50K
67, Private,132656, Assoc-voc,9, Separated, ?, Other-relative, White, Male,120,0,40, Mexico, >50K
48, Local-gov,179404, HS-grad,3, Married-civ-spouse, Sales, Not-in-family, White, Male,-60,0,30, United-States, <=50K
62, Local-gov,124386, HS-grad,10, Never-married, Tech-support, Not-in-family, White, Female,77,6,54, United-States, <=50K
43, Private,190436, Assoc-voc,9, Married-civ-spouse, Prof-specialty, Not-in-family, White, Male,1681,-1,40, Mexico, <=50K
29, Self-emp-inc,336245, HS-grad,1, Married-civ-spouse, Other-service, Not-in-family, White, Female,222,3,58, Peru, <=50K
19, ?,15248, HS-grad,14, Never-married, Machine-op-inspct, Husband, White, Male,-49,2,52, Greece, <=50K
21, Self-emp-inc,170569, Masters,9, Never-married, Sales, Own-child, Amer-Indian-Eskimo, Female,24,5,40, United-States, <=50K
50, Private,159340, HS-grad,12, Never-married, Transport-moving, Husband, Asian-Pac-Islander, Male,15510,3,40, United-States, <=50K
82, Private,11557, Some-college,5, Married-civ-spouse, Exec-managerial, Husband, White, Male,-59,2,83, United-States, <=50K
24, Private,146430, HS-grad,4, Widowed, Sales, Husband, Other, Male,-121,2098,40, United-States, <=50K
47, Private,175068, HS-grad,9, Never-married, Prof-specialty, Husband, White, Male,-12,5,40, United-States, >50K
28, State-gov,124930, 9th,13, Married-civ-spouse, Adm-clerical, Not-in-family, White, Male,-52,1,54, Peru, <=50K
65, Private,239091, 1st-4th,9, Married-civ-spouse, ?, Not-in-family, White, Male,-111,2,40, United-States, >50K
18, Private,16815, HS-grad,5, Widowed, Prof-specialty, Husband, White, Male,129,3,40, United-States, <=50K
30, Private,183568, Masters,14, Married-civ-spouse, Tech-support, Not-in-family, White, Male,14,0,40, United-States, <=50K
83, Local-gov,123983, Some-college,9, Divorced, Prof-specialty, Other-relative, White, Male,116,4,40, United-States, <=50K
28, Private,41626, Bachelors,9, Never-married, Handlers-cleaners, Not-in-family, White, Male,-60,4,45, United-States, <=50K
28, Private,142827, Some-college,9, Separated, Adm-clerical, Other-relative, Asian-Pac-Islander, Male,11,-3,54, United-States, <=50K
20, Self-emp-not-inc,186778, Prof-school,13, Married-civ-spouse, Transport-moving, Unmarried, White, Male,-54,-1,29, Portugal, <=50K
57, State-gov,32928, Bachelors,14, Never-married, Sales, Husband, White, Male,-75,-3,50, Guatemala, <=50K
37, Private,53621, Some-college,9, Married-civ-spouse, Adm-clerical, Own-child, White, Male,23,1,40, United-States, >50K
36, Private,-1235, HS-grad,10, Married-civ-spouse, ?, Wife, White, Male,63,7,40, United-States, <=50K
47, Local-gov,198881, 10th,11, Never-married, Craft-repair, Husband, White, Female,-10,5,41, United-States, <=50K
64, Private,248558, HS-grad,14, Never-married, ?, Not-in-family, White, Male,-16,1698,40, United-States, <=50K
68, Private,154518, Some-college,14, Married-civ-spouse, Tech-support, Own-child, White, Female,-71,6,47, United-States, <=50K
37, State-gov,72654, Prof-school,9, Widowed, Sales, Not-in-family, White, Male,68,0,42, United-States, <=50K
55, Private,263424, HS-grad,7, Married-civ-spouse, ?, Wife, White, Male,4138,7,46, Haiti, <=50K
20, Private,106089, HS-grad,10, Never-married, Prof-specialty, Own-child, Black, Male,39,4,29, ?, <=50K
57, State-gov,117506, HS-grad,9, Married-civ-spouse, Transport-moving, Not-in-family, White, Male,-110,1,47, Taiwan, <=50K
30, Private,145198, HS-grad,10, Divorced, Prof-specialty, Not-in-family, White, Male,8827,1,40, United-States, <=50K
32, Private,215214, 11th,12, Married-civ-spouse, Adm-clerical, Unmarried, Black, Male,28,-1,40, United-States, <=50K
28, Federal-gov,218744, Bachelors,13, Never-married, Sales, Not-in-family, White, Male,3,1,32, United-States, <=50K
36, ?,218237, Masters,13, Never-married, Prof-specialty, Not-in-family, Black, Male,11,2,40, United-States, >50K
24, Private,193983, Doctorate,6, Married-civ-spouse, Craft-repair, Own-child, Black, Male,4338,2155,40, United-States, <=50K
37, Private,149997, HS-grad,7, Never-married, Machine-op-inspct, Husband, White, Male,-69,2,50, Hungary, >50K
38, Local-gov,-4462, Masters,0, Never-married, Craft-repair, Husband, White, Male,41,7,40, Japan, <=50K
50, Private,268484, HS-grad,13, Married-civ-spouse, ?, Husband, White, Male,-42,2477,40, United-States, <=50K
53, Private,38574, 11th,8, Married-civ-spouse, Other-service, Husband, White, Female,22,0,40, United-States, <=50K
21, Private,223935, HS-grad,14, Separated, Sales, Husband, White, Male,108,-2,40, United-States, <=50K
50, Private,183662, HS-grad,9, Never-married, Sales, Husband, White, Female,-114,4,40, United-States, <=50K
48, Private,157722, 11th,9, Married-civ-spouse, Other-service, Husband, White, Male,30,2,40, United-States, <=50K
51, Private,117214, HS-grad,15, Widowed, Adm-clerical, Other-relative, White, Female,-109,-6,40, Jamaica, <=50K
36, Private,192329, HS-grad,9, Married-civ-spouse, Machine-op-inspct, Wife, White, Male,-127,-4,48, United-States, <=50K
56, Private,278547, HS-grad,10, Married-civ-spouse, Exec-managerial, Not-in-family, White, Male,-29,5,40, United-States, <=50K
42, Private,149436, HS-grad,14, Married-civ-spouse, Craft-repair, Own-child, Amer-Indian-Eskimo, Male,27,6,49, United-States, <=50K
36, Private,220855, Some-college,13, Married-civ-spouse, Handlers-cleaners, Not-in-family, White, Male,-87,1741,40, United-States, <=50K
20, Private,32926, HS-grad,7, Married-civ-spouse, ?, Wife, White, Female,95,2,51, United-States, <=50K
27, Private,22220, 5th-6th,9, Married-civ-spouse, Exec-managerial, Husband, Black, Male,23,-1,40, United-States, <=50K
70, Private,223915, HS-grad,14, Married-civ-spouse, Priv-house-serv, Husband, Asian-Pac-Islander, Male,12,2,43, ?, <=50K
37, ?,349658, Some-college,7, Married-civ-spouse, Craft-repair, Other-relative, Amer-Indian-Eskimo, Male,-13,1,50, United-States, <=50K
27, Local-gov,188773, HS-grad,9, Never-married, Craft-repair, Husband, Asian-Pac-Islander, Male,29,-4,40, United-States, >50K
68, Private,55086, 9th,4, Married-civ-spouse, Prof-specialty, Husband, White, Female,-83,4,40, United-States, >50K
30, Private,28795, 7th-8th,11, Married-civ-spouse, Craft-repair, Husband, Other, Male,-43,-5,40, United-States, <=50K
53, Self-emp-inc,174167, Bachelors,4, Never-married, Craft-repair, Own-child, White, Female,84,-3,40, United-States, >50K
28, Private,172451, Doctorate,10, Married-civ-spouse, Prof-specialty, Unmarried, White, Female,-27,1,40, Puerto-Rico, <=50K
67, Private,193996, HS-grad,9, Widowed, Adm-clerical, Husband, White, Male,2581,0,11, United-States, <=50K
34, Private,73350, Assoc-acdm,8, Married-civ-spouse, Adm-clerical, Not-in-family, White, Female,-42,7,40, Taiwan, >50K
37, Private,170356, HS-grad,9, Never-married, Sales, Not-in-family, White, Male,1252,3,40, United-States, <=50K
47, Private,100671, HS-grad,9, Divorced, Sales, Husband, Amer-Indian-Eskimo, Male,-45,3,47, United-States, >50K
55, Private,174092, HS-grad,9, Widowed, Craft-repair, Husband, White, Male,-93,2,55, United-States, <=50K
26, Private,456093, HS-grad,9, Married-civ-spouse, Other-service, Not-in-family, White, Male,-71,2345,55, United-States, <=50K
37, Private,200228, Some-college,16, Married-civ-spouse, Machine-op-inspct, Not-in-family, Black, Female,81,5,40, United-States, >50K
33, Local-gov,109062, 10th,9, Married-civ-spouse, Prof-specialty, Husband, Amer-Indian-Eskimo, Female,76,3,34, Poland, <=50K
34, State-gov,230850, Some-college,9, Never-married, Sales, Not-in-family, White, Male,-33,7,40, United-States, >50K
52, Self-emp-not-inc,273417, HS-grad,5, Married-civ-spouse, Priv-house-serv, Husband, White, Male,-101,0,40, Mexico, >50K
41, Private,28698, HS-grad,16, Separated, Prof-specialty, Husband, Black, Male,14938,-3,40, United-States, <=50K
33, Private,179412, Bachelors,10, Never-married, Tech-support, Not-in-family, White, Female,-86,-1,34, United-States, >50K
28, Private,271876, 7th-8th,14, Never-married, Sales, Not-in-family, White, Male,-100,-2,50, United-States, <=50K
29, Private,267637, Some-college,12, Divorced, Other-service, Own-child, Black, Male,-43,-3,40, United-States, >50K
66, Local-gov,12372, Some-college,5, Never-married, Exec-managerial, Not-in-family, White, Male,-46,4,28, United-States, >50K
45, Federal-gov,110602, Bachelors,9, Married-civ-spouse, Sales, Own-child, White, Male,32,-2,50, United-States, >50K
33, Private,192089, HS-grad,9, Married-civ-spouse, Prof-specialty, Husband, White, Male,-12,0,40, United-States, <=50K
47, ?,8412, HS-grad,13, Never-married, Adm-clerical, Own-child, Black, Male,50,-5,43, United-States, <=50K
27, Private,29646, Bachelors,7, Never-married, Tech-support, Husband, White, Female,-55,5,46, United-States, <=50K
48, Self-emp-inc,272977, Some-college,10, Never-married, Other-service, Husband, White, Male,-20,4,40, United-States, >50K
32, State-gov,133132, 9th,11, Never-married, Sales, Husband, White, Female,89,1,40, Portugal, <=50K
32, Private,186781, Some-college,12, Married-civ-spouse, Exec-managerial, Husband, White, Male,-31,7,35, United-States, <=50K
29, Private,54559, Bachelors,9, Divorced, Prof-specialty, Own-child, Black, Male,84,2,44, United-States, <=50K
49, Private,228170, HS-grad,5, Separated, Craft-repair, Husband, Black, Male,-13,2,40, United-States, <=50K
32, Local-gov,66520, Bachelors,7, Never-married, Sales, Not-in-family, White, Female,-33,2,40, United-States, <=50K
47, Private,317682, HS-grad,7, Never-married, Craft-repair, Husband, Black, Male,2079,1,40, United-States, <=50K
51, Private,17769, Masters,13, Married-civ-spouse, Transport-moving, Husband, White, Male,-23,2,40, United-States, <=50K
71, Self-emp-not-inc,4993, Some-college,5, Married-civ-spouse, Other-service, Husband, White, Male,-8,2012,40, Iran, >50K
46, Private,136722, HS-grad,11, Never-married, Craft-repair, Own-child, White, Female,62,6,43, United-States, <=50K
51, Self-emp-not-inc,127540, HS-grad,14, Married-civ-spouse, Exec-managerial, Wife, White, Male,49,6,40, United-States, <=50K
88, Private,149573, HS-grad,13, Divorced, Craft-repair, Not-in-family, Other, Male,14709,-2,49, United-States, <=50K
38, Private,148132, Some-college,2, Married-civ-spouse, Sales, Not-in-family, White, Female,-19,2172,40, United-States, <=50K
29, Private,11121, Some-college,9, Separated, ?, Other-relative, White, Male,33,2135,40, United-States, <=50K
65, Private,205200, Bachelors,9, Married-civ-spouse, Adm-clerical, Husband, White, Male,44,1830,40, United-States, >50K
36, Private,8341, Assoc-voc,14, Married-civ-spouse, Prof-specialty, Unmarried, White, Male,-56,6,26, United-States, >50K
45, Self-emp-not-inc,5019, Some-college,10, Married-civ-spouse, Exec-managerial, Husband, White, Male,77,2,4, United-States, >50K
62, Private,141240, 10th,14, Married-civ-spouse, Adm-clerical, Unmarried, White, Female,-75,-1,40, United-States, >50K
47, Private,146339, 7th-8th,2, Divorced, Other-service, Not-in-family, White, Male,5639,3,62, United-States, <=50K
22, Private,183571, 12th,10, Married-civ-spouse, Exec-managerial, Husband, White, Male,-4,2033,48, Poland, <=50K
48, Self-emp-not-inc,131404, HS-grad,4, Separated, Exec-managerial, Not-in-family, White, Male,-5,3,43, United-States, <=50K
41, Private,207251, Assoc-voc,7, Married-civ-spouse, Machine-op-inspct, Other-relative, White, Male,-21,1,40, Vietnam, >50K
57, Federal-gov,195282, HS-grad,14, Never-married, Priv-house-serv, Not-in-family, White, Male,-45,3,34, United-States, <=50K
49, Private,112617, Bachelors,9, Married-civ-spouse, ?, Not-in-family, White, Male,-72,1897,40, United-States, <=50K
25, Private,151299, HS-grad,14, Married-civ-spouse, Prof-specialty, Husband, White, Male,20,-4,40, United-States, <=50K
24, Self-emp-not-inc,2347, HS-grad,9, Never-married, Other-service, Not-in-family, White, Male,10,-1,51, United-States, <=50K
55, ?,303452, HS-grad,7, Divorced, ?, Husband, White, Male,-55,1995,40, United-States, <=50K
23, Private,105465, HS-grad,9, Never-married, Craft-repair, Husband, White, Male,5245,7,48, United-States, >50K
40, Federal-gov,110862, 10th,9, Married-civ-spouse, Adm-clerical, Own-child, White, Male,1,-3,40, Peru, <=50K
46, Local-gov,331752, HS-grad,9, Married-civ-spouse, Sales, Husband, White, Female,99,0,40, Greece, <=50K
42, Private,119930, Some-college,9, Married-spouse-absent, Craft-repair, Not-in-family, White, Male,51,3,40, United-States, <=50K
23, Private,62415, HS-grad,12, Never-married, Handlers-cleaners, Husband, Asian-Pac-Islander, Male,-114,-1,40, United-States, <=50K
40, Private,167051, Assoc-voc,13, Married-civ-spouse, Machine-op-inspct, Not-in-family, White, Male,8,2083,49, United-States, <=50K
25, Private,130015, Bachelors,7, Married-civ-spouse, ?, Husband, White, Male,-84,1673,48, United-States, <=50K
20, Private,30499, HS-grad,11, Never-married, Machine-op-inspct, Not-in-family, White, Male,-46,3,40, United-States, <=50K
61, ?,205200, HS-grad,13, Never-married, Craft-repair, Not-in-family, White, Male,-46,4,40, ?, <=50K
51, Self-emp-inc,135467, Some-college,13, Married-civ-spouse, Other-service, Not-in-family, White, Male,48,3,16, United-States, <=50K
27, Private,158576, 11th,1, Never-married, Other-service, Husband, White, Male,18,6,41, United-States, <=50K
54, Private,165266, HS-grad,9, Married-spouse-absent, Prof-specialty, Husband, White, Male,-35,6,40, United-States, <=50K
35, ?,192229, Bachelors,4, Never-married, Craft-repair, Not-in-family, Amer-Indian-Eskimo, Male,-132,-1,40, Mexico, <=50K
76, Private,153132, HS-grad,13, Separated, Farming-fishing, Husband, Black, Male,20,3,46, United-States, <=50K
40, Local-gov,217492, Assoc-voc,9, Married-civ-spouse, Adm-clerical, Own-child, White, Male,-36,2056,40, United-States, <=50K
30, ?,66971, HS-grad,9, Never-married, Sales, Husband, Asian-Pac-Islander, Female,-117,-1,48, United-States, <=50K
41, Self-emp-inc,119888, Some-college,14, Widowed, Other-service, Other-relative, White, Male,128,-3,28, United-States, >50K
89, Private,184727, HS-grad,9, Married-civ-spouse, Exec-managerial, Husband, White, Male,-7,4,40, United-States, <=50K
20, Private,207950, Prof-school,6, Married-civ-spouse, Handlers-cleaners, Husband, White, Male,-31,3,32, Germany, <=50K
29, Private,427856, HS-grad,10, Never-married, Prof-specialty, Own-child, Amer-Indian-Eskimo, Male,9,-4,50, Poland, <=50K
61, Private,720223, 10th,6, Never-married, Adm-clerical, Wife, Other, Female,7042,2,32, Haiti, >50K
72, Private,191760, Bachelors,9, Never-married, Farming-fishing, Not-in-family, White, Male,82,5,33, Haiti, <=50K
21, Private,287090, HS-grad,9, Married-civ-spouse, Prof-specialty, Not-in-family, White, Male,39,7,40, United-States, <=50K
23, Private,192434, 11th,12, Married-civ-spouse, Craft-repair, Unmarried, White, Male,-71,1,40, England, <=50K
32, Private,150213, HS-grad,9, Never-married, ?, Own-child, White, Female,-63,3180,40, United-States, <=50K
42, Private,178515, 10th,10, Married-civ-spouse, Farming-fishing, Husband, White, Male,4,2,40, ?, <=50K
75, Local-gov,97557, Bachelors,3, Divorced, Machine-op-inspct, Husband, White, Female,15,5,40, Taiwan, <=50K
44, Private,102885, HS-grad,10, Divorced, Prof-specialty, Not-in-family, White, Female,85,2,32, United-States, <=50K
35, Private,31510, HS-grad,13, Never-married, Adm-clerical, Husband, White, Male,-93,1658,41, United-States, <=50K
28, Private,174839, Some-college,10, Never-married, Adm-clerical, Husband, White, Male,7398,-3,40, United-States, <=50K
48, Private,235386, HS-grad,9, Separated, Exec-managerial, Not-in-family, White, Male,-26,-3,40, United-States, >50K
43, Private,210702, 10th,9, Divorced, Prof-specialty, Husband, White, Male,-128,6,42, United-States, <=50K
65, Private,122259, Bachelors,11, Married-civ-spouse, Craft-repair, Not-in-family, Black, Female,-123,0,36, Thailand, <=50K
57, Private,197815, Assoc-acdm,13, Married-civ-spouse, Prof-specialty, Husband, White, Male,-34,-1,88, United-States, >50K
45, Private,124234, Some-college,10, Separated, Craft-repair, Other-relative, White, Male,58,2,40, United-States, <=50K
45, Private,474035, Masters,12, Married-civ-spouse, Adm-clerical, Not-in-family, Black, Male,-23,6,40, United-States, <=50K
17, Private,32302, Some-college,13, Never-married, ?, Husband, Black, Male,-95,-3,40, United-States, <=50K
41, Private,113136, Bachelors,7, Married-civ-spouse, Prof-specialty, Not-in-family, White, Female,-27,6,65, United-States, <=50K
44, Private,132402, Assoc-voc,9, Married-civ-spouse, Other-service, Not-in-family, White, Male,21,3,44, United-States, <=50K
65, Private,227557, HS-grad,14, Married-civ-spouse, Sales, Other-relative, White, Male,85,4,40, United-States, <=50K
47, State-gov,303151, HS-grad,9, Married-civ-spouse, Prof-specialty, Not-in-family, Black, Male,-6,1,47, United-States, <=50K
19, Private,217019, HS-grad,7, Never-married, Sales, Wife, White, Male,57,1,40, United-States, >50K
52, Private,374038, Assoc-voc,9, Separated, Adm-clerical, Not-in-family, White, Male,-44,5,40, United-States, >50K
22, State-gov,226533, Masters,14, Married-civ-spouse, Prof-specialty, Husband, White, Male,-43,2,40, United-States, <=50K
78, Private,13691, Bachelors,9, Married-civ-spouse, Prof-specialty, Other-relative, Amer-Indian-Eskimo, Male,-50,1997,34, Mexico, <=50K
25, Self-emp-inc,226227, HS-grad,10, Divorced, Prof-specialty, Wife, White, Male,-57,1447,40, Cuba, <=50K
20, Private,135709, HS-grad,14, Separated, Sales, Unmarried, Asian-Pac-Islander, Male,7609,3,47, United-States, <=50K
47, Private,176987, HS-grad,9, Married-civ-spouse, Sales, Unmarried, White, Male,-89,0,44, United-States, >50K
57, Private,198025, 5th-6th,5, Divorced, Other-service, Own-child, White, Male,98,1,40, United-States, <=50K
70, Private,239026, Some-college,14, Married-civ-spouse, Exec-managerial, Husband, White, Female,4,3,44, United-States, >50K
21, Private,27515, HS-grad,9, Widowed, Craft-repair, Not-in-family, White, Female,52,-2,40, Cuba, <=50K
47, Private,1601, Bachelors,12, Married-spouse-absent, Craft-repair, Husband, White, Male,33,-2,40, United-States, <=50K
40, Private,214133, HS-grad,5, Never-married, Machine-op-inspct, Unmarried, White, Female,-47,2,48, United-States, <=50K
40, State-gov,165990, Masters,14, Never-married, Sales, Own-child, White, Female,-50,6,47, Thailand, <=50K
66, Private,256522, Bachelors,12, Divorced, Craft-repair, Unmarried, Asian-Pac-Islander, Female,13,5,48, United-States, >50K
98, Private,377400, 11th,12, Never-married, Adm-clerical, Not-in-family, Asian-Pac-Islander, Male,-92,4,40, United-States, <=50K
64, Private,328154, Bachelors,12, Never-married, Sales, Husband, White, Male,34,3,40, United-States, <=50K
69, Private,67048, Masters,10, Never-married, Transport-moving, Husband, White, Male,12,-1,40, United-States, <=50K
26, Private,-5330, Masters,13, Married-civ-spouse, Craft-repair, Not-in-family, White, Male,-99,5,40, South, <=50K
38, Private,122427, Bachelors,9, Married-civ-spouse, Craft-repair, Own-child, Black, Female,16,2133,40, United-States, <=50K
37, Private,116746, HS-grad,3, Married-civ-spouse, ?, Husband, White, Male,-13,6,60, United-States, <=50K
22, Private,157556, Bachelors,7, Never-married, Craft-repair, Husband, White, Male,-16,2,14, United-States, <=50K
36, ?,201238, 7th-8th,10, Never-married, Adm-clerical, Husband, White, Male,-47,7,23, United-States, <=50K
60, Private,124713, 11th,8, Married-civ-spouse, Other-service, Unmarried, White, Male,-100,1,40, United-States, >50K
46, Private,179254, Some-college,9, Widowed, Prof-specialty, Not-in-family, White, Female,-83,1,43, United-States, <=50K
22, Private,182589, HS-grad,10, Never-married, Craft-repair, Not-in-family, White, Male,-27,-1,41, United-States, >50K
95, Never-worked,170430, HS-grad,9, Separated, Prof-specialty, Other-relative, Other, Female,-49,5,40, Peru, <=50K
45, State-gov,293331, Some-college,13, Divorced, Prof-specialty, Not-in-family, White, Male,-133,1305,40, Cuba, >50K
31, Private,152133, Bachelors,9, Never-married, Exec-managerial, Not-in-family, White, Male,-15,3,40, France, >50K
31, Private,43413, HS-grad,4, Married-civ-spouse, Adm-clerical, Husband, Black, Male,6205,2224,40, United-States, >50K
24, Private,189624, Bachelors,9, Divorced, Tech-support, Husband, Asian-Pac-Islander, Male,-89,3,40, Mexico, <=50K
45, Private,256297, 1st-4th,13, Widowed, Protective-serv, Husband, White, Male,-138,-4,40, Philippines, >50K
72, Private,10837, 7th-8th,13, Married-civ-spouse, Handlers-cleaners, Other-relative, White, Female,25,5,40, United-States, <=50K
32, Private,144003, HS-grad,14, Widowed, Prof-specialty, Husband, Asian-Pac-Islander, Male,-73,-1,40, Outlying-US(Guam-USVI-etc), <=50K
34, Private,32330, HS-grad,10, Married-civ-spouse, Craft-repair, Husband, White, Male,44,4,40, United-States, >50K
24, Private,190682, HS-grad,9, Divorced, Other-service, Husband, White, Male,-145,1,20, United-States, <=50K
51, Private,11274, Masters,9, Never-married, Sales, Not-in-family, White, Male,-82,4,27, United-States, <=50K
59, Federal-gov,156074, HS-grad,4, Married-civ-spouse, Adm-clerical, Husband, White, Male,66,6,40, United-States, <=50K
66, Private,197626, HS-grad,10, Married-civ-spouse, ?, Husband, Other, Male,72,3,56, United-States, <=50K
29, Private,166286, HS-grad,9, Married-civ-spouse, ?, Not-in-family, Asian-Pac-Islander, Male,-92,1998,40, United-States, <=50K
35, Private,183379, HS-grad,9, Divorced, Craft-repair, Other-relative, White, Male,31,2,50, Haiti, <=50K
35, Private,199659, HS-grad,9, Never-married, Other-service, Husband, White, Male,36,-4,40, United-States, <=50K
38, Private,64500, HS-grad,9, Never-married, Protective-serv, Husband, Asian-Pac-Islander, Female,-76,-2,28, India, >50K
39, ?,260748, HS-grad,9, Divorced, Exec-managerial, Not-in-family, Black, Male,-40,1,5, United-States, <=50K
51, Private,140549, HS-grad,9, Married-civ-spouse, Farming-fishing, Husband, White, Male,13320,1905,40, Mexico, <=50K
23, Private,115531, HS-grad,9, Married-civ-spouse, Adm-clerical, Unmarried, White, Male,113,5,40, United-States, >50K
30, State-gov,483, Assoc-voc,2, Married-civ-spouse, Prof-specialty, Not-in-family, White, Male,3113,5,40, ?, <=50K
68, Private,152528, Some-college,7, Never-married, Craft-repair, Own-child, Amer-Indian-Eskimo, Male,-124,2,40, United-States, >50K
55, Private,43925, Some-college,10, Married-civ-spouse, Adm-clerical, Husband, White, Female,59,-3,33, Hong, <=50K
65, Local-gov,313843, HS-grad,9, Never-married, Tech-support, Husband, White, Male,26,7,50, United-States, >50K
60, Private,317454, 7th-8th,7, Never-married, Prof-specialty, Husband, White, Male,10,6,42, United-States, <=50K
104, Private,8107, Assoc-acdm,13, Married-civ-spouse, Sales, Unmarried, White, Male,-92,3,40, United-States, <=50K
56, Private,101049, Masters,11, Married-civ-spouse, Prof-specialty, Husband, Black, Male,30,5,40, United-States, <=50K
36, Self-emp-not-inc,162447, HS-grad,14, Divorced, Prof-specialty, Not-in-family, White, Male,-54,-4,40, United-States, >50K
36, Local-gov,145165, Assoc-acdm,0, Married-civ-spouse, Adm-clerical, Husband, White, Male,-12,4,40, United-States, <=50K
22, Private,243325, HS-grad,13, Never-married, Exec-managerial, Not-in-family, White, Male,-53,-5,40, Germany, <=50K
59, Private,32336, HS-grad,10, Never-married, Sales, Husband, Asian-Pac-Islander, Male,-20,2364,75, United-States, <=50K
37, Self-emp-not-inc,68965, 10th,9, Never-married, Farming-fishing, Husband, White, Male,-149,-3,40, United-States, <=50K
82, Private,261036, Assoc-acdm,12, Never-married, Exec-managerial, Husband, White, Male,-131,1919,40, Portugal, <=50K
45, Private,291530, Bachelors,7, Separated, Prof-specialty, Own-child, Black, Male,88,0,40, United-States, <=50K
38, Private,146656, Some-college,9, Never-married, Sales, Not-in-family, White, Male,-108,5,40, United-States, <=50K
31, Private,203163, HS-grad,14, Widowed, Prof-specialty, Not-in-family, Black, Male,-103,4,28, United-States, >50K
18, Private,187996, Some-college,7, Divorced, Farming-fishing, Not-in-family, Black, Male,11,-2,35, United-States, <=50K
39, Private,32232, Bachelors,9, Married-civ-spouse, Other-service, Husband, Asian-Pac-Islander, Female,-31,1,56, United-States, <=50K
34, Private,58612, Some-college,10, Married-civ-spouse, Adm-clerical, Wife, White, Male,37,5,36, United-States, <=50K
52, Private,267136, HS-grad,4, Divorced, Adm-clerical, Husband, Asian-Pac-Islander, Male,22,1880,40, United-States, <=50K
31, State-gov,171545, HS-grad,16, Divorced, Other-service, Husband, Other, Male,-37,-2,40, United-States, <=50K
25, Private,552616, 7th-8th,12, Married-civ-spouse, Prof-specialty, Own-child, White, Male,17,4,40, United-States, >50K
47, Private,402163, Assoc-voc,1, Divorced, Prof-specialty, Husband, White, Male,-6,-2,29, Columbia, <=50K
41, Private,170543, 11th,7, Married-civ-spouse, Protective-serv, Wife, White, Male,5942,1,40, China, <=50K
100, State-gov,93234, Bachelors,10, Married-civ-spouse, Other-service, Husband, Black, Male,-49,2,43, ?, <=50K
37, Self-emp-not-inc,24312, HS-grad,9, Married-civ-spouse, Farming-fishing, Not-in-family, White, Female,23,-2,40, Puerto-Rico, >50K
64, Private,271232, HS-grad,12, Widowed, Adm-clerical, Not-in-family, Black, Male,-49,-1,40, United-States, >50K
52, Private,174991, HS-grad,9, Married-civ-spouse, Sales, Husband, Black, Male,-31,2,40, United-States, <=50K
23, Private,125558, HS-grad,9, Widowed, Machine-op-inspct, Not-in-family, Black, Female,-26,2,-2, United-States, <=50K
43, Private,367514, Some-college,9, Never-married, Machine-op-inspct, Not-in-family, Black, Male,-15,4,40, United-States, <=50K
41, Private,320099, 11th,14, Divorced, Other-service, Not-in-family, White, Male,-86,3,40, United-States, <=50K
78, Private,-1606, HS-grad,9, Married-civ-spouse, Adm-clerical, Husband, White, Female,125,6,84, United-States, <=50K
67, Private,275882, HS-grad,9, Never-married, Other-service, Husband, White, Male,-37,-1,12, United-States, >50K
57, Private,166509, Assoc-voc,14, Married-spouse-absent, ?, Husband, White, Female,13,2,49, United-States, <=50K
30, State-gov,32855, Some-college,5, Widowed, ?, Other-relative, White, Male,9,3,40, United-States, <=50K
59, Federal-gov,11273, 1st-4th,9, Married-civ-spouse, Exec-managerial, Husband, Black, Male,1,3,40, United-States, <=50K
52, Private,-2958, Some-college,10, Divorced, Adm-clerical, Not-in-family, Asian-Pac-Islander, Male,-130,6,40, United-States, <=50K
24, Private,122805, HS-grad,9, Divorced, Farming-fishing, Own-child, White, Male,20,5,40, Japan, <=50K
39, Local-gov,174900, HS-grad,9, Married-civ-spouse, Exec-managerial, Husband, White, Male,13,1,40, United-States, <=50K
69, State-gov,214654, HS-grad,4, Divorced, Sales, Husband, Black, Male,-71,4,29, United-States, <=50K
48, Private,156200, HS-grad,10, Married-civ-spouse, Protective-serv, Other-relative, Black, Male,72,4,30, United-States, <=50K
42, Private,136691, Masters,9, Married-spouse-absent, Sales, Husband, White, Male,-126,2030,40, United-States, <=50K
30, Self-emp-not-inc,346878, HS-grad,5, Married-civ-spouse, Prof-specialty, Husband, White, Male,8226,2089,15, United-States, <=50K
33, Private,242377, Some-college,3, Never-married, Exec-managerial, Husband, White, Male,6,6,40, United-States, <=50K
28, Private,10675, Assoc-acdm,9, Married-civ-spouse, Sales, Husband, White, Male,-20,1600,9, Japan, <=50K
73, Private,216267, HS-grad,9, Married-civ-spouse, Craft-repair, Unmarried, White, Male,7074,1,40, United-States, >50K
45, Private,57868, Bachelors,14, Married-civ-spouse, Exec-managerial, Husband, Black, Male,-64,5,40, United-States, <=50K
46, Private,156430, 10th,5, Married-civ-spouse, Prof-specialty, Not-in-family, White, Male,-68,2,40, United-States, >50K
28, Local-gov,136573, HS-grad,9, Separated, Exec-managerial, Not-in-family, White, Female,5625,-6,43, Portugal, <=50K
40, Self-emp-inc,371561, Bachelors,9, Divorced, Exec-managerial, Husband, White, Female,-15,2379,48, Outlying-US(Guam-USVI-etc), >50K
40, Local-gov,186909, Bachelors,9, Married-civ-spouse, ?, Wife, White, Male,-79,0,50, United-States, <=50K
45, Private,247170, 9th,13, Never-married, Craft-repair, Not-in-family, White, Female,-98,3,31, United-States, >50K
57, State-gov,117295, HS-grad,10, Married-civ-spouse, Prof-specialty, Unmarried, White, Male,-82,2,40, United-States, >50K
31, Private,113708, HS-grad,12, Married-civ-spouse, Adm-clerical, Not-in-family, Black, Male,-44,1,40, Poland, <=50K
49, Private,134956, HS-grad,13, Divorced, Transport-moving, Husband, White, Male,56,3,40, United-States, >50K
36, Local-gov,43717, HS-grad,7, Never-married, Adm-clerical, Not-in-family, White, Male,-35,0,40, United-States, <=50K
72, Private,99453, 10th,4, Never-married, Farming-fishing, Other-relative, White, Male,81,6,40, ?, <=50K
49, Private,23159, 5th-6th,9, Married-civ-spouse, Exec-managerial, Unmarried, White, Male,-4,3,40, United-States, <=50K
53, Private,222343, HS-grad,14, Married-civ-spouse, Prof-specialty, Unmarried, White, Male,-60,-1,54, United-States, <=50K
32, Private,212517, HS-grad,13, Married-civ-spouse, Craft-repair, Not-in-family, White, Male,-59,1936,40, United-States, <=50K
28, Self-emp-not-inc,226554, HS-grad,5, Married-civ-spouse, ?, Not-in-family, White, Male,-26,3,65, United-States, <=50K
36, Local-gov,147110, HS-grad,4, Never-married, Exec-managerial, Husband, Amer-Indian-Eskimo, Male,-61,4,40, United-States, <=50K
18, Federal-gov,174580, Some-college,13, Married-civ-spouse, Other-service, Not-in-family, White, Female,11,3,40, United-States, >50K
62, Private,139690, HS-grad,12, Married-civ-spouse, Craft-repair, Not-in-family, White, Female,47,4,28, United-States, <=50K
65, Private,192423, Some-college,7, Never-married, Other-service, Husband, White, Male,78,7,42, United-States, <=50K
55, Private,54255, Assoc-voc,9, Married-spouse-absent, Farming-fishing, Not-in-family, Black, Male,-87,3,40, United-States, <=50K
24, Private,127848, HS-grad,14, Married-civ-spouse, Sales, Husband, White, Female,-32,2,40, United-States, <=50K
50, Private,189102, 11th,10, Never-married, Machine-op-inspct, Own-child, White, Female,56,6,40, United-States, >50K
53, Private,112334, Bachelors,13, Married-civ-spouse, Transport-moving, Own-child, White, Male,-57,8,30, United-States, <=50K
52, ?,210912, HS-grad,9, Married-civ-spouse, Adm-clerical, Husband, White, Male,28,5,57, United-States, >50K
27, ?,160370, Some-college,9, Never-married, Prof-specialty, Husband, Black, Male,62,-1,34, United-States, >50K
17, Private,161646, Masters,9, Married-civ-spouse, Prof-specialty, Husband, Asian-Pac-Islander, Male,-15,7,40, Thailand, <=50K
77, Private,31432, HS-grad,14, Married-civ-spouse, Exec-managerial, Wife, White, Male,-45,4,55, Greece, <=50K
23, Private,120120, 11th,9, Married-civ-spouse, Craft-repair, Not-in-family, White, Male,3667,1711,40, Italy, <=50K
22, ?,326974, Doctorate,9, Married-spouse-absent, ?, Unmarried, Asian-Pac-Islander, Male,-81,4,35, Peru, <=50K
50, Private,105683, HS-grad,13, Never-married, Exec-managerial, Unmarried, White, Male,-45,-1,40, United-States, <=50K
56, Federal-gov,334989, HS-grad,7, Divorced, Prof-specialty, Husband, Other, Male,-100,2041,48, United-States, <=50K
57, ?,124137, Bachelors,6, Married-civ-spouse, Craft-repair, Husband, White, Female,1,5,33, United-States, >50K
40, Self-emp-not-inc,134598, Some-college,14, Never-married, Craft-repair, Not-in-family, White, Male,69,0,40, United-States, >50K
55, Private,228597, Assoc-acdm,9, Never-married, Transport-moving, Not-in-family, White, Female,-11,5,40, United-States, <=50K
30, Private,31136, Prof-school,9, Never-married, Adm-clerical, Not-in-family, White, Male,79,2,29, United-States, <=50K
44, Private,135254, 11th,9, Married-civ-spouse, Prof-specialty, Not-in-family, White, Male,13,1,40, United-States, <=50K
25, Private,302227, HS-grad,9, Married-civ-spouse, Prof-specialty, Own-child, White, Female,6,1,40, Dominican-Republic, >50K
61, Private,109988, 12th,12, Married-civ-spouse, Prof-specialty, Not-in-family, White, Male,64,6,40, United-States, <=50K
20, Private,161014, Bachelors,9, Never-married, Exec-managerial, Husband, White, Male,55,3,40, United-States, <=50K
52, Private,307133, HS-grad,10, Never-married, Machine-op-inspct, Husband, Black, Male,-75,5,43, United-States, <=50K
68, Private,318272, HS-grad,9, Never-married, Prof-specialty, Husband, Black, Male,98,4,40, United-States, <=50K
18, Private,251928, Assoc-acdm,11, Divorced, Other-service, Husband, Amer-Indian-Eskimo, Male,94,4,33, United-States, >50K
19, Private,280424, HS-grad,14, Married-civ-spouse, Exec-managerial, Other-relative, White, Male,5073,0,40, United-States, <=50K
77, Private,162568, Bachelors,8, Married-civ-spouse, Prof-specialty, Husband, White, Male,-71,-2,40, ?, >50K
33, Private,204107, Prof-school,9, Widowed, Adm-clerical, Unmarried, White, Female,-88,2,40, Philippines, <=50K
53, Private,26970, Some-college,10, Never-married, Adm-clerical, Husband, Black, Male,-67,-2,40, United-States, >50K
65, State-gov,177235, Assoc-acdm,12, Married-civ-spouse, Exec-managerial, Not-in-family, White, Male,95,7,42, United-States, <=50K
72, Private,301232, 5th-6th,4, Divorced, Machine-op-inspct, Not-in-family, Asian-Pac-Islander, Male,30,2,43, Mexico, <=50K
37, Private,169973, HS-grad,13, Divorced, Other-service, Husband, White, Male,6577,2181,40, Yugoslavia, <=50K
81, Private,196892, Some-college,9, Separated, Prof-specialty, Not-in-family, White, Female,-49,-4,48, Laos, <=50K
90, Private,59131, Assoc-voc,10, Married-civ-spouse, Tech-support, Husband, White, Female,27,5,49, United-States, <=50K
48, Private,141454, Some-college,9, Married-civ-spouse, Prof-specialty, Husband, Amer-Indian-Eskimo, Male,-60,3,40, United-States, <=50K
24, Self-emp-not-inc,273634, Bachelors,14, Separated, Prof-specialty, Other-relative, White, Male,52,1617,40, United-States, <=50K
19, Private,131103, 10th,14, Never-married, Prof-specialty, Wife, Black, Male,32,3,27, United-States, >50K
38, Private,248015, 11th,12, Married-civ-spouse, Exec-managerial, Own-child, White, Male,-30,0,40, Hong, <=50K
42, Private,13204, Some-college,9, Never-married, Sales, Unmarried, White, Female,-33,1,40, United-States, <=50K
29, Private,156088, HS-grad,10, Married-spouse-absent, Transport-moving, Husband, White, Male,-64,5,48, Greece, <=50K
74, Private,206687, Bachelors,13, Married-civ-spouse, Exec-managerial, Own-child, Black, Male,-28,2251,43, United-States, <=50K
62, Local-gov,219170, 11th,12, Divorced, Transport-moving, Husband, White, Female,-85,2,29, United-States, <=50K
24, Self-emp-not-inc,4300, Some-college,9, Never-married, Exec-managerial, Husband, Black, Female,14,4,48, United-States, <=50K
61, Self-emp-not-inc,136660, HS-grad,12, Never-married, Sales, Own-child, White, Female,-63,1,40, Dominican-Republic, >50K
29, Private,137667, HS-grad,9, Never-married, ?, Unmarried, White, Male,66,-1,20, United-States, <=50K
37, Private,109521, HS-grad,14, Married-civ-spouse, Prof-specialty, Not-in-family, Asian-Pac-Islander, Male,-105,-2,40, United-States, <=50K
36, Private,183916, Masters,3, Separated, Machine-op-inspct, Not-in-family, White, Male,-27,1,48, United-States, <=50K
34, Private,65914, 11th,9, Married-AF-spouse, Handlers-cleaners, Unmarried, White, Male,-50,1868,48, United-States, <=50K
20, Private,43560, 10th,3, Divorced, Sales, Husband, White, Male,13,2,40, United-States, <=50K
39, Private,58154, Bachelors,1, Divorced, Exec-managerial, Husband, Asian-Pac-Islander, Male,39,0,40, Cuba, <=50K
47, Private,17531, 11th,0, Widowed, Machine-op-inspct, Husband, White, Male,-1358,7,58, United-States, >50K
45, Private,142092, Some-college,9, Divorced, Other-service, Husband, White, Male,7,5,49, United-States, <=50K
44, Self-emp-inc,58775, Bachelors,4, Married-civ-spouse, Transport-moving, Not-in-family, White, Female,-32,6,58, United-States, >50K
34, Private,134473, HS-grad,14, Married-civ-spouse, Machine-op-inspct, Not-in-family, White, Male,-84,-2,27, United-States, >50K
51, ?,99833, HS-grad,13, Married-civ-spouse, Prof-specialty, Husband, White, Male,-7,5,29, United-States, <=50K
34, State-gov,1900, HS-grad,11, Never-married, Exec-managerial, Husband, White, Male,-41,4,41, United-States, <=50K
63, Private,99014, Assoc-acdm,9, Never-married, Adm-clerical, Husband, White, Male,-70,-2,32, United-States, <=50K
22, Private,155601, 11th,9, Never-married, Adm-clerical, Not-in-family, Asian-Pac-Islander, Female,-16,0,40, United-States, <=50K
29, Private,119386, Masters,9, Married-civ-spouse, Craft-repair, Wife, White, Female,-20,1,40, United-States, <=50K
32, Private,50649, Prof-school,9, Divorced, Craft-repair, Unmarried, White, Male,-144,986,40, United-States, <=50K
31, Private,163909, Some-college,9, Divorced, Exec-managerial, Other-relative, Asian-Pac-Islander, Male,-142,-5,40, United-States, <=50K
57, Private,210769, Some-college,9, Married-civ-spouse, Exec-managerial, Wife, Black, Male,-32,2,66, Mexico, >50K
22, Private,134395, Assoc-voc,9, Married-civ-spouse, Sales, Wife, Black, Male,-33,5,40, United-States, <=50K
76, Local-gov,42444, Some-college,14, Married-civ-spouse, ?, Own-child, Asian-Pac-Islander, Male,-39,1,33, United-States, <=50K
56, Private,135978, Masters,1, Never-married, Exec-managerial, Husband, White, Male,-75,2247,40, China, >50K
72, Private,158847, Doctorate,9, Divorced, Prof-specialty, Own-child, White, Male,82,1975,40, United-States, <=50K
57, Local-gov,188774, HS-grad,9, Never-married, ?, Husband, Black, Male,-64,5,49, United-States, <=50K
27, Private,25878, HS-grad,10, Married-civ-spouse, Prof-specialty, Husband, White, Female,-85,6,40, United-States, >50K
22, Private,5583, HS-grad,9, Married-spouse-absent, Craft-repair, Own-child, White, Female,116,6,40, El-Salvador, <=50K
27, Private,157253, Assoc-voc,12, Married-civ-spouse, Transport-moving, Not-in-family, White, Male,-112,0,40, United-States, <=50K
33, Private,121781, HS-grad,8, Never-married, Adm-clerical, Husband, White, Male,-58,-3,35, United-States, <=50K
44, Private,120791, 12th,9, Never-married, Sales, Husband, Asian-Pac-Islander, Male,20,2,40, United-States, <=50K
22, Self-emp-inc,123189, Some-college,7, Married-civ-spouse, Farming-fishing, Husband, White, Male,6,0,40, United-States, >50K
54, Private,116708, Assoc-acdm,9, Divorced, Prof-specialty, Husband, White, Male,116,-4,4, United-States, <=50K
48, Private,115131, HS-grad,14, Married-civ-spouse, Adm-clerical, Own-child, Black, Female,-81,-2,40, United-States, <=50K
22, Private,52816, 12th,14, Never-married, Prof-specialty, Other-relative, Black, Male,-69,2210,51, United-States, >50K
35, Private,177057, Bachelors,13, Married-civ-spouse, Other-service, Husband, White, Male,2985,5,40, Mexico, <=50K
32, Private,161978, Some-college,9, Never-married, Craft-repair, Husband, White, Male,-32,5,15, United-States, >50K
58, Private,38405, Assoc-voc,6, Married-civ-spouse, Adm-clerical, Husband, White, Male,7229,0,40, United-States, >50K
20, Private,173359, HS-grad,14, Married-civ-spouse, Adm-clerical, Husband, White, Female,-116,1,28, United-States, >50K
22, Private,31766, HS-grad,9, Married-civ-spouse, Other-service, Husband, White, Male,-134,-1,33, United-States, <=50K
51, State-gov,14070, HS-grad,9, Married-civ-spouse, Sales, Own-child, White, Female,70,4,42, United-States, >50K
30, Private,141463, Bachelors,10, Never-married, ?, Husband, White, Male,56,1916,40, United-States, <=50K
33, Private,172569, HS-grad,9, Separated, Sales, Husband, White, Male,64,7,40, United-States, <=50K
43, Private,108045, 7th-8th,9, Never-married, Sales, Own-child, White, Male,-26,3,40, Japan, <=50K
56, Private,2764, Some-college,10, Married-civ-spouse, Exec-managerial, Other-relative, White, Male,-37,0,40, Ireland, <=50K
28, Private,142921, Assoc-voc,12, Never-married, Craft-repair, Husband, White, Female,-100,3,49, United-States, >50K
44, Private,237401, 11th,9, Divorced, Sales, Not-in-family, Amer-Indian-Eskimo, Female,-16,5,49, United-States, >50K
47, Self-emp-not-inc,165836, HS-grad,14, Never-married, Sales, Husband, White, Male,113,-4,43, United-States, >50K
54, Private,171658, HS-grad,9, Married-civ-spouse, Prof-specialty, Other-relative, White, Male,6452,2145,40, United-States, <=50K
50, Private,429953, HS-grad,9, Married-civ-spouse, Tech-support, Unmarried, Black, Male,-72,-2,40, United-States, <=50K
40, Private,228210, Assoc-acdm,3, Never-married, Transport-moving, Not-in-family, Black, Male,-90,3,59, United-States, <=50K
44, Private,44198, 12th,5, Married-civ-spouse, Priv-house-serv, Husband, White, Male,90,1,40, United-States, <=50K
35, ?,120697, Assoc-voc,9, Married-civ-spouse, ?, Wife, White, Male,-10,-3,33, United-States, <=50K
25, Private,144148, HS-grad,6, Married-civ-spouse, Farming-fishing, Husband, Asian-Pac-Islander, Male,44,-5,40, United-States, >50K
29, Private,222229, Some-college,9, Never-married, Prof-specialty, Husband, White, Male,42,5,43, United-States, <=50K
63, Private,210937, HS-grad,13, Married-civ-spouse, Other-service, Not-in-family, White, Female,-75,3,52, United-States, >50K
61, Local-gov,375863, Bachelors,4, Married-civ-spouse, ?, Not-in-family, White, Female,-85,5,48, United-States, <=50K
92, Private,89245, HS-grad,10, Never-married, Prof-specialty, Unmarried, White, Male,-32,-5,44, United-States, <=50K
23, Private,166308, Some-college,4, Married-civ-spouse, Sales, Husband, Black, Male,7639,6,44, United-States, <=50K
24, ?,204684, Assoc-acdm,17, Divorced, Machine-op-inspct, Husband, White, Male,26,2,40, United-States, <=50K
30, Private,34899, Assoc-voc,9, Married-civ-spouse, ?, Not-in-family, White, Male,66,2234,40, United-States, <=50K
42, Local-gov,248642, 10th,13, Married-civ-spouse, Other-service, Own-child, White, Male,43,-2,40, United-States, <=50K
49, Private,219899, Bachelors,14, Never-married, Transport-moving, Own-child, White, Male,-55,2,40, United-States, >50K
43, Private,113018, Some-college,9, Never-married, Adm-clerical, Not-in-family, White, Male,52,2,43, United-States, <=50K
49, Private,269724, Some-college,6, Widowed, Protective-serv, Husband, White, Male,41,4,40, United-States, <=50K
70, Private,146043, HS-grad,9, Married-civ-spouse, Sales, Husband, Black, Female,-102,-2,40, United-States, <=50K
30, Without-pay,118526, HS-grad,9, Separated, Transport-moving, Unmarried, White, Female,-147,1986,49, United-States, <=50K
57, Private,27002, HS-grad,3, Never-married, Prof-specialty, Not-in-family, White, Female,911,1,29, United-States, <=50K
49, Self-emp-inc,199359, Masters,15, Divorced, Exec-managerial, Husband, White, Female,-10,1,42, United-States, >50K
65, Private,31433, HS-grad,1, Married-AF-spouse, Sales, Husband, White, Female,-75,-3,29, United-States, <=50K
78, Private,154979, HS-grad,6, Separated, Prof-specialty, Husband, Other, Male,108,2,32, United-States, <=50K
31, Local-gov,118975, Some-college,13, Married-civ-spouse, Exec-managerial, Not-in-family, White, Male,-40,3,53, United-States, >50K
43, Private,103350, Some-college,5, Married-civ-spouse, Adm-clerical, Unmarried, Black, Male,-24,1938,36, United-States, <=50K
22, Private,255469, HS-grad,9, Married-civ-spouse, ?, Not-in-family, White, Male,42,8,48, Hungary, <=50K
44, Self-emp-not-inc,137347, Bachelors,7, Married-civ-spouse, ?, Unmarried, Black, Male,52,2,49, United-States, <=50K
43, Private,85726, Assoc-voc,7, Married-civ-spouse, Transport-moving, Not-in-family, White, Male,-84,2,40, United-States, <=50K
37, Private,296933, HS-grad,13, Divorced, Exec-managerial, Unmarried, Other, Male,-118,1701,47, United-States, <=50K
32, Private,170477, HS-grad,9, Divorced, Machine-op-inspct, Wife, White, Female,-18,1923,40, United-States, <=50K
39, Self-emp-not-inc,114397, HS-grad,10, Never-married, Sales, Not-in-family, Amer-Indian-Eskimo, Female,49,4,28, Portugal, <=50K
50, State-gov,43636, Bachelors,7, Married-civ-spouse, Craft-repair, Husband, White, Male,95,-3,40, United-States, <=50K
40, Private,152164, HS-grad,13, Married-civ-spouse, Tech-support, Husband, White, Female,53,8,40, United-States, >50K
63, Local-gov,201272, Some-college,12, Married-civ-spouse, Adm-clerical, Not-in-family, Black, Male,-130,5,40, United-States, <=50K
60, Private,17433, HS-grad,3, Never-married, Machine-op-inspct, Not-in-family, Black, Male,-84,1,49, United-States, <=50K
21, Private,35813, Bachelors,13, Never-married, Priv-house-serv, Other-relative, White, Male,-43,4,40, United-States, <=50K
75, Private,175487, HS-grad,2, Divorced, Machine-op-inspct, Not-in-family, Asian-Pac-Islander, Male,-3,6,40, United-States, <=50K
44, ?,103155, Some-college,12, Married-civ-spouse, Prof-specialty, Own-child, White, Male,-42,2,40, United-States, <=50K
30, Private,179905, Bachelors,4, Never-married, Protective-serv, Not-in-family, White, Male,-31,-1,31, Cambodia, <=50K
40, Private,238008, HS-grad,9, Married-civ-spouse, Transport-moving, Unmarried, White, Female,31,3,48, United-States, <=50K
21, ?,246143, HS-grad,9, Separated, Sales, Not-in-family, White, Female,-21,3,50, Laos, <=50K
25, Private,17877, 1st-4th,9, Never-married, Exec-managerial, Own-child, White, Female,-20,6,48, United-States, >50K
52, State-gov,37341, HS-grad,11, Married-civ-spouse, Sales, Not-in-family, White, Male,2384,1943,40, United-States, <=50K
21, Local-gov,112133, Some-college,9, Divorced, Sales, Not-in-family, Black, Male,69,6,40, United-States, <=50K
26, Private,283281, Some-college,10, Married-AF-spouse, Other-service, Husband, White, Male,-37,2,37, Greece, <=50K
45, Private,221200, HS-grad,7, Married-civ-spouse, Other-service, Husband, White, Male,-25,2274,40, United-States, <=50K
43, Private,166852, Some-college,9, Never-married, Sales, Not-in-family, Black, Female,39,1908,40, United-States, <=50K
68, Private,182397, HS-grad,9, Never-married, Handlers-cleaners, Husband, White, Male,-94,4,40, United-States, >50K
61, ?,430949, HS-grad,9, Married-civ-spouse, Farming-fishing, Not-in-family, White, Male,-45,4,42, United-States, >50K
20, Private,6068, Some-college,7, Widowed, Prof-specialty, Own-child, White, Male,6440,5,9, United-States, <=50K
67, Private,169089, 9th,9, Married-civ-spouse, ?, Own-child, Other, Male,-115,-1,40, Mexico, <=50K
46, Private,219348, Preschool,9, Never-married, Farming-fishing, Husband, White, Male,-93,2,30, Nicaragua, <=50K
27, Private,213541, HS-grad,12, Separated, Prof-specialty, Own-child, White, Female,-125,2,40, United-States, <=50K
64, Private,383568, HS-grad,9, Married-civ-spouse, Exec-managerial, Husband, White, Female,82,1,40, United-States, <=50K
84, Private,314883, 1st-4th,9, Married-spouse-absent, Sales, Husband, White, Male,829,6,40, Japan, >50K
73, Private,203358, 10th,9, Married-civ-spouse, Sales, Own-child, Other, Male,-34,1740,49, United-States, <=50K
28, Local-gov,67338, Bachelors,0, Never-married, Craft-repair, Husband, White, Male,44,2291,40, United-States, <=50K
69, Private,228462, HS-grad,9, Married-civ-spouse, Prof-specialty, Not-in-family, Asian-Pac-Islander, Male,71,5,57, United-States, <=50K
38, Private,57054, Assoc-acdm,7, Never-married, Sales, Own-child, White, Male,-62,4,5, Mexico, <=50K
21, Private,201608, HS-grad,9, Never-married, ?, Not-in-family, Black, Male,817,2,40, Portugal, >50K
29, Private,6332, 10th,7, Divorced, Prof-specialty, Not-in-family, White, Male,15,4,59, United-States, >50K
19, Self-emp-not-inc,21438, Bachelors,6, Married-civ-spouse, Prof-specialty, Other-relative, White, Male,-29,-4,40, United-States, >50K
58, Private,247092, HS-grad,1, Never-married, Craft-repair, Wife, White, Male,-126,3,40, United-States, >50K
36, Local-gov,-2231, HS-grad,9, Married-civ-spouse, Craft-repair, Not-in-family, White, Male,56,5,40, United-States, <=50K
64, Never-worked,131798, Assoc-voc,9, Widowed, Sales, Unmarried, White, Male,-93,2247,53, Haiti, <=50K
24, Private,157629, HS-grad,7, Never-married, Prof-specialty, Not-in-family, Other, Male,-10,1543,40, United-States, <=50K
24, Private,163129, HS-grad,14, Divorced, ?, Husband, White, Male,25,2,40, United-States, >50K
71, Private,180583, HS-grad,3, Married-civ-spouse, Exec-managerial, Husband, White, Male,8253,-1,34, United-States, >50K
39, Self-emp-not-inc,46031, 7th-8th,12, Married-spouse-absent, Adm-clerical, Not-in-family, White, Male,25,5,40, United-States, <=50K
52, Private,64521, Some-college,10, Married-civ-spouse, Farming-fishing, Not-in-family, White, Male,-83,3,40, United-States, <=50K
24, Private,16998, HS-grad,7, Married-civ-spouse, Tech-support, Not-in-family, White, Male,-64,3,40, United-States, >50K
43, Private,48987, Bachelors,9, Married-civ-spouse, Protective-serv, Not-in-family, White, Male,-12,3,40, Portugal, <=50K
42, Private,137359, Assoc-acdm,10, Married-spouse-absent, Sales, Husband, White, Female,-14,3,47, United-States, <=50K
35, Private,181636, Some-college,10, Married-spouse-absent, Machine-op-inspct, Wife, White, Male,69,-1,40, Japan, <=50K
53, ?,29763, HS-grad,9, Separated, Craft-repair, Husband, Other, Male,-45,-2,40, Thailand, >50K
29, Private,212272, Masters,9, Married-civ-spouse, Sales, Husband, White, Female,-113,4,40, United-States, <=50K
103, Private,141665, HS-grad,5, Never-married, Craft-repair, Own-child, White, Male,-78,0,40, United-States, >50K
37, Private,14925, 11th,9, Married-civ-spouse, Exec-managerial, Own-child, White, Female,96,5,40, United-States, >50K
51, Private,1961, HS-grad,13, Separated, Prof-specialty, Husband, White, Male,101,4,40, United-States, <=50K
44, Private,22810, HS-grad,9, Married-civ-spouse, Adm-clerical, Own-child, White, Female,6601,2,29, United-States, >50K
37, Private,52708, HS-grad,9, Never-married, Prof-specialty, Own-child, White, Male,-15,-4,40, United-States, <=50K
90, Private,30496, 7th-8th,9, Never-married, Exec-managerial, Not-in-family, White, Male,-111,5,40, United-States, >50K
45, Private,59848, Some-college,11, Married-civ-spouse, Tech-support, Husband, White, Male,-116,-2,30, Holand-Netherlands, >50K
46, ?,165603, Masters,13, Married-civ-spouse, Farming-fishing, Own-child, White, Male,88,1,40, United-States, <=50K
22, Private,41776, Bachelors,10, Divorced, Prof-specialty, Own-child, White, Male,3,4,40, United-States, >50K
50, Private,222555, HS-grad,13, Never-married, Adm-clerical, Own-child, Black, Male,-33,1,40, Philippines, <=50K
57, Private,43148, Masters,7, Widowed, Other-service, Husband, White, Male,5,2,4, United-States, <=50K
32, Private,158657, HS-grad,3, Married-civ-spouse, Craft-repair, Not-in-family, Asian-Pac-Islander, Female,22,5,48, United-States, <=50K
56, Private,202710, 12th,14, Widowed, Machine-op-inspct, Not-in-family, White, Female,-80,2,29, United-States, <=50K
28, Federal-gov,158027, 9th,5, Divorced, Transport-moving, Husband, White, Male,-114,1582,22, United-States, <=50K
44, Private,228471, Bachelors,13, Married-civ-spouse, ?, Other-relative, White, Male,16,3,40, United-States, <=50K
36, Private,130074, HS-grad,2, Never-married, Craft-repair, Husband, White, Female,-34,3,40, United-States, <=50K
59, Private,116961, Assoc-voc,7, Never-married, Adm-clerical, Husband, White, Male,16,2,49, Poland, >50K
31, Private,34437, HS-grad,14, Married-civ-spouse, Other-service, Husband, White, Male,-23,-2,40, United-States, >50K
57, Private,125544, Some-college,6, Married-civ-spouse, Exec-managerial, Not-in-family, White, Male,-24,7,44, United-States, <=50K
91, Private,59627, HS-grad,9, Married-spouse-absent, Prof-specialty, Husband, White, Male,48,-2,43, United-States, <=50K
25, Private,57156, Bachelors,9, Married-spouse-absent, Craft-repair, Not-in-family, Black, Male,45,-4,40, United-States, <=50K
45, ?,258191, HS-grad,13, Married-civ-spouse, Prof-specialty, Husband, White, Male,-46,-3,40, ?, >50K
21, Private,216937, Some-college,10, Widowed, Craft-repair, Other-relative, White, Male,-93,6,40, United-States, <=50K
42, Private,128943, Masters,11, Divorced, Adm-clerical, Husband, Asian-Pac-Islander, Male,70,1,40, United-States, <=50K
70, Private,269912, HS-grad,9, Widowed, Prof-specialty, Not-in-family, White, Female,-32,4,40, United-States, <=50K
37, Private,150215, Bachelors,9, Married-civ-spouse, Craft-repair, Unmarried, White, Male,2075,2,40, United-States, >50K
23, Private,181297, Masters,10, Never-married, Sales, Wife, White, Female,-142,-2,40, United-States, <=50K
71, Private,28506, Some-college,6, Married-spouse-absent, Craft-repair, Other-relative, White, Male,-102,1,48, Guatemala, <=50K
27, Self-emp-not-inc,198424, Bachelors,11, Never-married, Prof-specialty, Not-in-family, White, Female,-95,-3,40, Japan, <=50K
53, Never-worked,167958, 10th,4, Never-married, Transport-moving, Not-in-family, Amer-Indian-Eskimo, Male,13,6,66, United-States, >50K
48, Private,24614, Some-college,4, Married-civ-spouse, Sales, Husband, Asian-Pac-Islander, Male,21,2,40, United-States, <=50K
23, Private,208913, Bachelors,9, Widowed, ?, Husband, White, Male,-91,-2,40, United-States, <=50K
43, Private,390716, Assoc-acdm,12, Widowed, Transport-moving, Own-child, White, Male,-92,3,49, United-States, <=50K
63, Private,24040, Masters,2, Married-civ-spouse, Craft-repair, Husband, Black, Female,-51,5,40, Mexico, <=50K
42, Private,99952, Some-college,11, Never-married, Prof-specialty, Own-child, White, Male,42,1,40, United-States, <=50K
42, Private,158635, 7th-8th,10, Never-married, Exec-managerial, Own-child, White, Male,-7,-1,49, England, <=50K
31, Private,222311, 11th,11, Married-civ-spouse, Adm-clerical, Husband, White, Male,-4,3,43, ?, <=50K
25, Private,40843, 10th,14, Separated, Prof-specialty, Other-relative, White, Male,31,-1,40, United-States, <=50K
56, Private,162465, 12th,9, Never-married, Prof-specialty, Wife, Other, Female,87,-2,36, United-States, <=50K
36, Self-emp-not-inc,-3459, HS-grad,9, Separated, Prof-specialty, Not-in-family, White, Male,8245,5,40, United-States, >50K
24, Private,283628, 11th,9, Married-civ-spouse, Tech-support, Own-child, White, Male,81,7,21, United-States, <=50K
24, State-gov,95261, 7th-8th,9, Never-married, Sales, Not-in-family, White, Male,-80,1866,40, Puerto-Rico, <=50K
29, Private,180450, 11th,6, Divorced, Prof-specialty, Unmarried, White, Female,19,2005,40, Hong, <=50K
23, Private,6796, Masters,9, Married-civ-spouse, Sales, Own-child, White, Female,-102,2400,40, United-States, <=50K
60, Local-gov,203154, HS-grad,7, Never-married, Sales, Husband, White, Female,-5,3,53, Portugal, <=50K
31, Private,158651, Prof-school,14, Married-civ-spouse, Prof-specialty, Other-relative, White, Male,44,5,41, United-States, <=50K
44, Self-emp-not-inc,179211, Bachelors,12, Widowed, Craft-repair, Not-in-family, Asian-Pac-Islander, Male,-70,3,53, United-States, <=50K
43, ?,247014, Some-college,10, Married-civ-spouse, Other-service, Husband, Other, Female,-23,1924,1, ?, <=50K
75, Self-emp-not-inc,128977, Prof-school,14, Married-civ-spouse, Prof-specialty, Not-in-family, Black, Male,-69,1,40, United-States, >50K
60, Private,160052, Some-college,9, Married-civ-spouse, Prof-specialty, Wife, White, Male,77,7,27, United-States, <=50K
21, Private,97709, Bachelors,6, Never-married, Other-service, Husband, White, Male,16022,6,40, United-States, <=50K
35, Private,49757, Bachelors,9, Never-married, Prof-specialty, Husband, Other, Male,12447,2,40, United-States, <=50K
19, ?,102609, HS-grad,16, Married-AF-spouse, Other-service, Husband, White, Male,51,2,40, United-States, <=50K
26, Private,234079, Some-college,9, Married-civ-spouse, Other-service, Not-in-family, White, Male,34,7,40, United-States, <=50K
55, Self-emp-not-inc,408776, 5th-6th,9, Never-married, Prof-specialty, Not-in-family, Other, Male,-40,0,40, United-States, >50K
73, Private,12826, Some-college,9, Married-spouse-absent, Exec-managerial, Husband, Black, Male,96,5,48, United-States, <=50K
67, Private,212052, HS-grad,4, Widowed, Handlers-cleaners, Husband, Asian-Pac-Islander, Male,-110,2,40, Mexico, >50K
67, Private,105197, HS-grad,11, Married-civ-spouse, Prof-specialty, Husband, White, Male,-89,4,42, Guatemala, <=50K
53, Private,36661, HS-grad,4, Married-civ-spouse, Tech-support, Own-child, White, Male,97,6,40, United-States, <=50K
35, Private,147696, HS-grad,9, Married-civ-spouse, Tech-support, Husband, White, Male,130,6,60, United-States, <=50K
59, Private,189169, Some-college,14, Divorced, ?, Husband, White, Male,-8,6,4, United-States, <=50K
44, ?,152009, 1st-4th,9, Widowed, Craft-repair, Husband, Amer-Indian-Eskimo, Male,-112,-3,46, United-States, >50K
22, Without-pay,122175, Bachelors,5, Married-civ-spouse, ?, Unmarried, White, Male,13506,4,40, Yugoslavia, <=50K
47, Private,248918, HS-grad,9, Married-AF-spouse, Sales, Husband, White, Male,17,0,13, United-States, <=50K
65, Self-emp-not-inc,135886, Some-college,9, Married-civ-spouse, Exec-managerial, Not-in-family, White, Female,3749,-3,40, United-States, <=50K
29, Private,233924, HS-grad,9, Married-spouse-absent, Prof-specialty, Other-relative, White, Male,67,1964,40, United-States, <=50K
32, Federal-gov,372833, Bachelors,14, Never-married, Craft-repair, Husband, Black, Male,-108,2,98, United-States, <=50K
36, Private,376344, HS-grad,2, Never-married, Exec-managerial, Husband, White, Male,-98,4,40, United-States, <=50K
41, Private,98008, HS-grad,10, Never-married, Craft-repair, Other-relative, White, Male,126,7,40, United-States, <=50K
46, Private,18590, Some-college,3, Married-civ-spouse, Craft-repair, Husband, White, Male,41,4,40, United-States, <=50K
35, Private,150402, HS-grad,10, Never-married, Prof-specialty, Not-in-family, White, Male,8572,3,48, United-States, <=50K
39, Private,137502, HS-grad,9, Never-married, Craft-repair, Own-child, White, Female,26,1851,40, United-States, <=50K
40, Private,207469, HS-grad,9, Never-married, Tech-support, Unmarried, Black, Male,107,-3,40, Japan, <=50K
58, Private,148609, HS-grad,7, Married-civ-spouse, Other-service, Husband, Asian-Pac-Islander, Male,-37,3,42, United-States, <=50K
70, Federal-gov,73506, HS-grad,10, Married-spouse-absent, Other-service, Not-in-family, White, Male,36,7,47, ?, <=50K
22, Private,171582, Assoc-acdm,1, Married-civ-spouse, Sales, Husband, White, Male,-102,-2,40, United-States, <=50K
49, Private,262264, Some-college,4, Divorced, ?, Own-child, Asian-Pac-Islander, Male,-94,6,40, Hong, <=50K
38, Local-gov,110156, HS-grad,17, Married-civ-spouse, Craft-repair, Husband, White, Male,-36,4,40, United-States, <=50K
71, Private,140660, HS-grad,11, Separated, Adm-clerical, Not-in-family, White, Male,9,1,40, United-States, >50K
91, Self-emp-not-inc,149165, HS-grad,4, Never-married, Adm-clerical, Other-relative, White, Male,7,2,31, United-States, >50K
34, Private,120711, HS-grad,11, Divorced, Adm-clerical, Not-in-family, White, Male,34,2,48, England, <=50K
31, Private,111067, Bachelors,9, Married-civ-spouse, Craft-repair, Own-child, White, Female,-28,4,40, United-States, <=50K
49, Private,46400, 11th,13, Married-civ-spouse, Prof-specialty, Husband, White, Female,45,4,40, United-States, <=50K
24, Private,118728, HS-grad,9, Never-married, Other-service, Husband, White, Female,-147,2,55, United-States, <=50K
45, Private,108268, Masters,10, Never-married, Transport-moving, Husband, White, Female,122,3,40, United-States, >50K
50, Private,182057, Bachelors,15, Married-civ-spouse, Exec-managerial, Husband, White, Male,2737,6,40, United-States, <=50K
24, Self-emp-not-inc,147893, HS-grad,9, Married-civ-spouse, Farming-fishing, Own-child, White, Female,-41,5,40, United-States, >50K
49, Private,187857, Bachelors,13, Divorced, Farming-fishing, Husband, White, Male,52,-4,69, United-States, <=50K
52, Private,146903, Bachelors,9, Divorced, Machine-op-inspct, Unmarried, Other, Male,-7,3,40, United-States, <=50K
48, Private,157577, HS-grad,9, Married-civ-spouse, ?, Not-in-family, White, Male,19,0,40, United-States, <=50K
66, Private,128425, HS-grad,9, Never-married, Adm-clerical, Husband, Asian-Pac-Islander, Male,-24,-2,52, United-States, <=50K
31, Private,147114, Assoc-acdm,9, Never-married, Sales, Husband, White, Female,2432,-6,40, United-States, >50K
59, Private,190140, Bachelors,9, Married-civ-spouse, Other-service, Unmarried, White, Male,-54,2,40, United-States, <=50K
38, Private,38946, HS-grad,2, Widowed, Handlers-cleaners, Not-in-family, White, Male,-87,1,54, United-States, <=50K
37, Private,208296, Masters,14, Never-married, ?, Other-relative, Amer-Indian-Eskimo, Male,-44,0,-5, United-States, <=50K
33, Private,196204, HS-grad,9, Married-civ-spouse, Other-service, Wife, White, Male,-38,4,52, China, >50K
30, Private,239257, Assoc-voc,5, Divorced, Adm-clerical, Husband, White, Female,9,2,41, United-States, >50K
37, Private,49137, Assoc-acdm,13, Separated, ?, Husband, Other, Male,34,-5,17, United-States, <=50K
35, Private,121547, Preschool,9, Never-married, Transport-moving, Wife, White, Male,-17,6,40, United-States, >50K
56, Federal-gov,40928, HS-grad,9, Divorced, Tech-support, Other-relative, White, Female,-65,-1,40, Mexico, <=50K
53, Private,39209, Bachelors,11, Never-married, Craft-repair, Husband, White, Female,-68,-4,40, United-States, <=50K
25, Private,155270, Some-college,7, Married-civ-spouse, Sales, Husband, White, Male,-13,2,20, United-States, <=50K
62, State-gov,226268, HS-grad,9, Married-civ-spouse, Tech-support, Husband, White, Female,32,6,40, United-States, >50K
39, Private,269475, HS-grad,10, Married-civ-spouse, Prof-specialty, Not-in-family, White, Female,6,1,40, United-States, <=50K
31, Private,143517, Assoc-voc,9, Divorced, Adm-clerical, Own-child, White, Male,9,6,32, Philippines, <=50K
21, Private,171428, Assoc-acdm,12, Married-civ-spouse, Protective-serv, Not-in-family, White, Male,13,1,46, India, >50K
70, Private,230287, HS-grad,13, Separated, Other-service, Other-relative, White, Male,-78,5,40, Mexico, <=50K
30, Private,127290, HS-grad,12, Never-married, Prof-specialty, Husband, Black, Male,12611,1524,40, India, <=50K
44, Private,162547, Masters,13, Married-civ-spouse, Prof-specialty, Own-child, White, Female,-6,6,46, United-States, >50K
28, Self-emp-inc,111593, 10th,9, Separated, Prof-specialty, Own-child, White, Male,37,2613,40, United-States, <=50K
38, Private,409915, Assoc-acdm,0, Divorced, Exec-managerial, Not-in-family, Asian-Pac-Islander, Female,-66,5,46, England, <=50K
35, Private,36952, HS-grad,10, Married-spouse-absent, Other-service, Husband, White, Male,89,5,40, United-States, <=50K
42, Private,60258, Some-college,9, Married-civ-spouse, Tech-support, Unmarried, White, Male,-111,-1,23, United-States, <=50K
36, Private,200021, HS-grad,14, Married-civ-spouse, Craft-repair, Husband, White, Female,12,0,53, United-States, <=50K
45, Federal-gov,239738, Some-college,14, Married-civ-spouse, Other-service, Not-in-family, Black, Male,11,1,71, Greece, <=50K
22, Private,2852, HS-grad,14, Never-married, Craft-repair, Not-in-family, White, Female,26,-1,47, United-States, <=50K
35, Without-pay,79611, HS-grad,12, Never-married, Craft-repair, Own-child, White, Female,6279,6,40, United-States, <=50K
25, Private,149704, Some-college,9, Married-civ-spouse, Prof-specialty, Not-in-family, White, Male,-98,0,40, United-States, >50K
22, Federal-gov,154364, Bachelors,12, Never-married, Prof-specialty, Husband, White, Male,13,5,40, India, <=50K
30, Private,203084, Some-college,9, Never-married, Adm-clerical, Husband, Black, Male,27,-2,40, United-States, <=50K
49, Private,123505, HS-grad,9, Married-civ-spouse, Craft-repair, Wife, White, Male,-45,4,40, United-States, >50K
34, Private,98660, Assoc-voc,16, Never-married, Protective-serv, Husband, White, Male,15,-1,40, United-States, >50K
51, Private,152831, 11th,9, Married-civ-spouse, Prof-specialty, Husband, White, Male,1,-1,40, Yugoslavia, <=50K
22, ?,25858, Masters,6, Never-married, Farming-fishing, Husband, White, Male,-68,-1,40, United-States, <=50K
58, Private,157149, HS-grad,9, Married-civ-spouse, Sales, Unmarried, White, Male,-135,0,40, United-States, <=50K
44, Private,-7319, Some-college,14, Never-married, Exec-managerial, Other-relative, Asian-Pac-Islander, Male,67,2,40, United-States, >50K
80, Private,297883, Bachelors,13, Widowed, Craft-repair, Husband, Black, Male,6,-1,63, Greece, <=50K
23, Without-pay,136634, Assoc-voc,14, Never-married, ?, Husband, Asian-Pac-Islander, Male,53,4,54, Mexico, <=50K
69, Private,259966, Preschool,14, Separated, Prof-specialty, Husband, White, Male,-33,3,40, United-States, >50K
32, Private,386107, Bachelors,7, Never-married, Machine-op-inspct, Own-child, White, Female,74,5,58, United-States, >50K
25, ?,104651, Assoc-acdm,14, Divorced, Transport-moving, Not-in-family, Amer-Indian-Eskimo, Male,-50,0,72, United-States, <=50K
19, Private,289376, Some-college,14, Never-married, Handlers-cleaners, Not-in-family, White, Male,32,2376,29, United-States, <=50K
41, Self-emp-inc,139180, HS-grad,2, Married-civ-spouse, Handlers-cleaners, Husband, Asian-Pac-Islander, Male,-102,-3,41, United-States, >50K
47, Local-gov,262317, Bachelors,7, Never-married, ?, Husband, White, Male,31,3,40, United-States, <=50K
33, Self-emp-not-inc,40784, HS-grad,10, Married-civ-spouse, Craft-repair, Not-in-family, Black, Female,107,3,40, Jamaica, <=50K
27, Private,102303, Bachelors,9, Never-married, Adm-clerical, Husband, White, Female,53,1363,40, United-States, <=50K
19, Private,130921, HS-grad,10, Married-civ-spouse, Machine-op-inspct, Not-in-family, White, Female,-5,6,40, United-States, >50K
45, Private,128282, Some-college,14, Married-civ-spouse, Exec-managerial, Not-in-family, Asian-Pac-Islander, Female,34,0,41, United-States, <=50K
39, Private,207148, Masters,12, Married-civ-spouse, Prof-specialty, Own-child, White, Male,-133,-3,42, Columbia, <=50K
41, ?,161598, Bachelors,7, Never-married, Transport-moving, Not-in-family, Black, Male,2343,1,49, ?, <=50K
52, Self-emp-not-inc,67903, HS-grad,7, Divorced, Sales, Unmarried, Asian-Pac-Islander, Female,91,-1,40, Portugal, <=50K
40, Private,140861, HS-grad,9, Never-married, Machine-op-inspct, Not-in-family, White, Female,-30,6,40, United-States, <=50K
29, Local-gov,18867, Bachelors,14, Married-civ-spouse, Sales, Not-in-family, White, Male,42,2,40, China, <=50K
29, Private,209167, Some-college,10, Never-married, Farming-fishing, Husband, White, Male,79,2,40, United-States, <=50K
23, Private,173460, HS-grad,9, Married-civ-spouse, Tech-support, Husband, Black, Male,121,7,40, United-States, <=50K
24, Private,187250, Masters,6, Never-married, Other-service, Own-child, Black, Male,-40,2,40, El-Salvador, <=50K
52, Self-emp-not-inc,22207, HS-grad,6, Married-civ-spouse, Exec-managerial, Husband, White, Female,0,5,40, Taiwan, >50K
55, Private,27551, HS-grad,14, Married-civ-spouse, Sales, Husband, Black, Male,13424,2,49, United-States, <=50K
78, Private,118123, HS-grad,14, Never-married, Adm-clerical, Husband, Asian-Pac-Islander, Female,91,-1,29, United-States, <=50K
34, State-gov,54527, HS-grad,14, Never-married, Craft-repair, Husband, White, Female,-88,1,48, United-States, <=50K
65, State-gov,228079, Bachelors,9, Married-civ-spouse, Exec-managerial, Wife, White, Male,72,2,2, United-States, >50K
50, Private,18190, HS-grad,7, Married-civ-spouse, Prof-specialty, Other-relative, White, Male,-124,0,50, ?, <=50K
72, Local-gov,137232, 9th,7, Married-civ-spouse, Adm-clerical, Husband, White, Male,-24,1,46, United-States, <=50K
30, Private,31647, 9th,14, Divorced, Exec-managerial, Own-child, Asian-Pac-Islander, Male,-100,6,45, United-States, <=50K
26, Private,222003, 12th,6, Married-AF-spouse, Craft-repair, Own-child, White, Male,9,4,40, United-States, <=50K
46, Private,155106, Bachelors,2, Married-civ-spouse, Craft-repair, Unmarried, White, Male,6,7,40, United-States, <=50K
46, ?,65370, HS-grad,3, Divorced, Machine-op-inspct, Own-child, Black, Male,-45,1,40, United-States, <=50K
23, ?,46182, Some-college,5, Married-civ-spouse, Prof-specialty, Husband, White, Male,2792,1,40, United-States, <=50K
25, Self-emp-not-inc,110755, Doctorate,10, Never-married, Prof-specialty, Other-relative, Black, Male,6926,5,40, United-States, <=50K
25, Private,-4937, Bachelors,7, Married-civ-spouse, ?, Not-in-family, Black, Female,6,2,28, United-States, >50K
26, Private,117607, 7th-8th,3, Never-married, Transport-moving, Husband, White, Male,-3,5,40, United-States, <=50K
27, Private,18802, Some-college,9, Married-civ-spouse, ?, Husband, White, Male,80,6,40, United-States, <=50K
26, Private,70641, HS-grad,5, Never-married, Exec-managerial, Husband, White, Male,-122,2,28, United-States, <=50K
67, Private,154774, HS-grad,14, Married-civ-spouse, Transport-moving, Not-in-family, White, Male,-139,1464,40, United-States, >50K
35, ?,124611, Some-college,9, Never-married, Other-service, Husband, White, Male,7,4,49, United-States, <=50K
74, Private,462594, HS-grad,9, Divorced, Sales, Husband, Black, Male,-54,5,-2, ?, <=50K
15, Private,150273, HS-grad,0, Divorced, Machine-op-inspct, Not-in-family, Black, Male,26,2148,40, England, >50K
26, Self-emp-not-inc,149016, HS-grad,7, Married-civ-spouse, ?, Unmarried, Black, Female,78,-1,40, Vietnam, <=50K
65, Private,63297, HS-grad,13, Married-civ-spouse, ?, Husband, White, Male,23,1,40, Trinadad&Tobago, <=50K
24, Private,21392, 11th,10, Married-civ-spouse, Adm-clerical, Husband, White, Male,43,5,40, United-States, <=50K
28, ?,259454, Some-college,14, Divorced, Other-service, Own-child, White, Female,-65,-5,42, Laos, <=50K
80, Private,139992, HS-grad,9, Never-married, Prof-specialty, Husband, White, Male,73,0,40, United-States, <=50K
48, Private,176165, HS-grad,9, Married-civ-spouse, ?, Husband, White, Male,-70,2,52, Philippines, <=50K
43, Local-gov,177795, HS-grad,14, Never-married, Sales, Husband, White, Male,-44,5,40, South, <=50K
32, Self-emp-not-inc,41779, HS-grad,14, Separated, ?, Not-in-family, Black, Male,93,3,40, United-States, <=50K
38, Private,183934, HS-grad,10, Divorced, Prof-specialty, Husband, White, Male,-21,4,28, United-States, <=50K
30, Private,44564, Doctorate,11, Married-civ-spouse, Farming-fishing, Unmarried, White, Male,-19,2,40, United-States, <=50K
47, Private,274797, 5th-6th,10, Married-AF-spouse, Sales, Husband, White, Male,-84,-3,40, United-States, <=50K
63, Private,181268, HS-grad,14, Married-civ-spouse, Adm-clerical, Not-in-family, White, Male,78,-4,48, United-States, <=50K
73, Private,192179, HS-grad,9, Widowed, Other-service, Not-in-family, White, Male,-16,4,40, United-States, <=50K
25, Local-gov,15713, Assoc-voc,5, Never-married, Craft-repair, Husband, White, Male,-31,0,40, Guatemala, <=50K
32, Private,228866, Some-college,14, Married-civ-spouse, Craft-repair, Husband, White, Male,-29,3,46, Hungary, <=50K
70, Self-emp-not-inc,191285, 1st-4th,11, Married-civ-spouse, Craft-repair, Wife, White, Male,-123,3,64, United-States, >50K
65, Private,75152, 10th,10, Married-civ-spouse, Other-service, Not-in-family, White, Male,-118,2,31, United-States, <=50K
28, Private,39377, HS-grad,12, Married-spouse-absent, Sales, Wife, White, Male,-93,4,50, United-States, >50K
50, Private,154779, Bachelors,10, Married-civ-spouse, Craft-repair, Husband, White, Male,5,2,47, United-States, <=50K
70, Private,333199, Some-college,13, Married-spouse-absent, Tech-support, Wife, White, Male,-104,1655,40, United-States, <=50K
28, Private,39091, Some-college,13, Married-civ-spouse, Sales, Not-in-family, White, Female,-102,2182,40, United-States, <=50K
38, Federal-gov,173151, Some-college,13, Never-married, Machine-op-inspct, Not-in-family, White, Male,-64,4,40, United-States, <=50K
57, Private,43903, Bachelors,9, Divorced, Sales, Not-in-family, White, Female,-38,6,31, United-States, <=50K
46, Private,104711, Assoc-voc,9, Widowed, Craft-repair, Husband, White, Male,-64,1,43, United-States, >50K
23, Private,144078, Masters,10, Married-civ-spouse, Other-service, Husband, White, Male,-75,-1,34, Mexico, <=50K
31, Private,165251, Bachelors,4, Never-married, Exec-managerial, Unmarried, White, Male,-118,-2,40, United-States, <=50K
18, Private,53762, HS-grad,7, Never-married, Craft-repair, Husband, Black, Female,-10,1,40, China, <=50K
33, Private,71232, Some-college,10, Married-civ-spouse, ?, Husband, Black, Male,-164,0,44, United-States, <=50K
17, Private,202249, HS-grad,9, Married-spouse-absent, Transport-moving, Own-child, Asian-Pac-Islander, Male,107,3,15, United-States, <=50K
33, Private,363741, HS-grad,2, Never-married, Exec-managerial, Other-relative, White, Female,-14,5,40, United-States, <=50K
31, Private,133111, Prof-school,9, Never-married, Craft-repair, Own-child, White, Male,7455,0,40, United-States, <=50K
34, Private,167464, HS-grad,9, Never-married, Exec-managerial, Not-in-family, White, Female,12,-3,12, United-States, <=50K
43, Private,112527, HS-grad,6, Married-civ-spouse, Farming-fishing, Not-in-family, Other, Female,-13,-2,43, United-States, <=50K
83, Private,75665, HS-grad,12, Divorced, Exec-managerial, Not-in-family, Black, Male,378,8,-2, United-States, >50K
31, Private,226451, HS-grad,1, Married-civ-spouse, Machine-op-inspct, Not-in-family, White, Male,-65,4,42, Outlying-US(Guam-USVI-etc), >50K
48, Private,74821, HS-grad,14, Married-civ-spouse, Tech-support, Husband, White, Female,-47,6,57, United-States, >50K
18, Local-gov,132194, HS-grad,13, Married-civ-spouse, Craft-repair, Husband, White, Female,34,3,43, United-States, >50K
46, Self-emp-not-inc,10455, Some-college,8, Never-married, Machine-op-inspct, Not-in-family, White, Male,-73,2152,40, United-States, >50K
18, Private,130981, HS-grad,7, Never-married, Prof-specialty, Own-child, Asian-Pac-Islander, Female,88,1595,61, United-States, <=50K
29, Private,28882, HS-grad,3, Never-married, Adm-clerical, Not-in-family, Asian-Pac-Islander, Male,-16,1754,33, China, >50K
53, Private,110798, Masters,7, Divorced, Craft-repair, Husband, White, Male,-93,4,42, United-States, <=50K
54, Private,138404, HS-grad,10, Married-spouse-absent, Farming-fishing, Husband, Black, Male,-36,5,43, United-States, >50K
69, Private,163595, HS-grad,12, Divorced, Prof-specialty, Not-in-family, White, Male,-131,2,45, Germany, <=50K
57, Private,161639, 7th-8th,7, Widowed, Farming-fishing, Wife, White, Male,-84,1974,40, United-States, <=50K
57, Private,167608, Some-college,3, Never-married, Sales, Husband, Amer-Indian-Eskimo, Male,21,1903,40, United-States, <=50K
56, State-gov,145361, Some-college,10, Never-married, Prof-specialty, Unmarried, White, Male,13213,1535,47, ?, <=50K
32, Private,33115, HS-grad,13, Married-civ-spouse, Craft-repair, Not-in-family, White, Male,75,3,40, Guatemala, <=50K
24, Self-emp-not-inc,80731, HS-grad,13, Married-civ-spouse, Sales, Husband, White, Male,7,0,37, Jamaica, <=50K
35, Private,382033, Masters,7, Married-civ-spouse, Adm-clerical, Wife, Black, Female,-46,0,40, United-States, >50K
53, Private,435497, HS-grad,9, Never-married, Prof-specialty, Husband, White, Male,-93,6,40, United-States, <=50K
62, Private,370159, Bachelors,12, Never-married, Prof-specialty, Husband, Black, Male,-11,5,50, United-States, <=50K
40, Private,193699, HS-grad,13, Married-civ-spouse, Priv-house-serv, Not-in-family, Black, Male,95,3,40, United-States, <=50K
73, Private,393744, HS-grad,9, Married-civ-spouse, Adm-clerical, Husband, White, Male,-71,-1,40, United-States, <=50K
39, Private,123313, Some-college,12, Divorced, Machine-op-inspct, Own-child, Black, Male,27,2090,40, Taiwan, <=50K
34, Private,213390, 11th,4, Never-married, Tech-support, Unmarried, White, Male,-77,2039,49, Italy, <=50K
48, Private,20456, Masters,10, Never-married, Exec-managerial, Unmarried, White, Male,-23,-4,40, United-States, >50K
51, Local-gov,13613, HS-grad,11, Married-civ-spouse, Prof-specialty, Not-in-family, Black, Male,36,4,40, United-States, <=50K
25, Private,231467, HS-grad,3, Never-married, Craft-repair, Husband, Black, Male,27,5,40, United-States, <=50K
18, Private,10544, Some-college,9, Married-civ-spouse, Protective-serv, Not-in-family, White, Male,-150,-3,49, United-States, >50K
27, Private,98694, HS-grad,10, Never-married, Sales, Husband, White, Male,60,5,40, ?, <=50K
50, Private,135429, Bachelors,10, Divorced, Exec-managerial, Not-in-family, White, Male,11,5,40, United-States, >50K
53, Private,116761, 10th,14, Married-civ-spouse, Protective-serv, Unmarried, White, Male,-70,4,40, Dominican-Republic, <=50K
36, Private,18430, Some-college,9, Never-married, Other-service, Not-in-family, White, Female,-79,2291,27, United-States, <=50K
39, Private,236907, HS-grad,11, Widowed, Sales, Husband, Asian-Pac-Islander, Male,-112,4,46, United-States, <=50K
58, Local-gov,15440, 7th-8th,10, Never-married, Other-service, Unmarried, White, Male,-32,3,40, United-States, >50K
36, Private,197344, Some-college,14, Married-civ-spouse, Prof-specialty, Husband, White, Male,56,6,40, United-States, <=50K
60, Federal-gov,112402, HS-grad,9, Divorced, ?, Own-child, White, Male,44,3,40, United-States, <=50K
70, Local-gov,170137, 11th,12, Never-married, Sales, Husband, White, Male,-22,6,40, United-States, >50K
51, Self-emp-inc,246128, Masters,10, Married-civ-spouse, Prof-specialty, Husband, White, Male,86,2,40, United-States, <=50K
30, Private,215889, Bachelors,11, Married-civ-spouse, Craft-repair, Husband, Black, Male,-49,-2,40, United-States, <=50K
46, State-gov,196623, HS-grad,1, Married-civ-spouse, Other-service, Own-child, White, Male,-122,0,43, China, <=50K
47, Private,128743, HS-grad,12, Never-married, Transport-moving, Wife, Asian-Pac-Islander, Male,5957,-1,40, United-States, >50K
88, Self-emp-inc,134139, HS-grad,11, Never-married, Other-service, Husband, White, Female,71,0,40, United-States, >50K
45, Private,159507, 11th,5, Married-civ-spouse, Prof-specialty, Husband, Other, Male,-8,-1,47, United-States, >50K
23, Private,159433, HS-grad,9, Married-civ-spouse, Prof-specialty, Not-in-family, White, Female,-22,1460,40, United-States, <=50K
41, State-gov,266842, Some-college,7, Widowed, Machine-op-inspct, Not-in-family, Amer-Indian-Eskimo, Male,-66,-7,49, United-States, >50K
35, Private,221809, Bachelors,13, Divorced, Exec-managerial, Own-child, Black, Male,-117,0,31, Mexico, <=50K
26, Private,149236, HS-grad,14, Married-civ-spouse, Prof-specialty, Not-in-family, White, Male,7968,7,40, United-States, <=50K
35, Private,180738, Bachelors,14, Never-married, Sales, Husband, White, Female,-35,2,40, India, >50K
62, Private,221498, Some-college,9, Married-civ-spouse, Adm-clerical, Husband, Black, Male,-57,0,40, United-States, >50K
41, Private,22137, Some-college,9, Never-married, Prof-specialty, Husband, Asian-Pac-Islander, Male,-88,0,40, United-States, >50K
65, Private,150030, 7th-8th,4, Never-married, Craft-repair, Unmarried, White, Male,1930,3,40, United-States, <=50K
26, State-gov,60694, Some-college,9, Never-married, Transport-moving, Not-in-family, White, Female,40,6,45, United-States, <=50K
24, Private,101657, HS-grad,13, Never-married, Sales, Unmarried, White, Male,-32,-2,8, United-States, <=50K
28, Private,305860, 10th,11, Divorced, Machine-op-inspct, Husband, White, Female,-16,1,40, United-States, <=50K
64, Private,126089, Bachelors,10, Never-married, Other-service, Own-child, White, Male,3,-1,18, Mexico, >50K
60, Private,83813, HS-grad,9, Never-married, Sales, Not-in-family, White, Male,4833,1,50, United-States, >50K
39, Self-emp-not-inc,-556, Assoc-acdm,11, Never-married, Prof-specialty, Husband, White, Male,-30,-4,40, United-States, >50K
33, Private,99755, HS-grad,5, Married-civ-spouse, Other-service, Wife, White, Male,-16,1,49, ?, <=50K
30, Private,38055, Some-college,9, Never-married, Craft-repair, Other-relative, White, Female,-40,4,49, United-States, <=50K
55, Private,233871, HS-grad,10, Married-civ-spouse, Tech-support, Not-in-family, White, Male,13,5,39, United-States, <=50K
24, State-gov,206561, HS-grad,14, Divorced, Sales, Husband, Asian-Pac-Islander, Male,-89,2,40, United-States, <=50K
23, Private,256909, HS-grad,9, Separated, Machine-op-inspct, Own-child, White, Female,-121,6,58, United-States, <=50K
29, Private,465827, Doctorate,10, Married-civ-spouse, Prof-specialty, Not-in-family, Black, Male,-125,6,40, United-States, <=50K
35, Private,106218, Masters,7, Never-married, Sales, Wife, Black, Male,-3,1,12, United-States, <=50K
32, Private,185077, HS-grad,12, Married-civ-spouse, Sales, Husband, Other, Male,-67,1,40, United-States, <=50K
48, Self-emp-not-inc,154214, HS-grad,11, Married-civ-spouse, Craft-repair, Husband, White, Male,15170,2052,40, United-States, <=50K
33, Private,151200, HS-grad,10, Never-married, Exec-managerial, Not-in-family, White, Male,-65,4,48, Nicaragua, <=50K
51, Private,410216, Assoc-voc,6, Married-spouse-absent, ?, Not-in-family, White, Male,15,1843,40, United-States, <=50K
74, Private,92305, 11th,7, Married-civ-spouse, Adm-clerical, Own-child, White, Male,-139,2,40, Germany, <=50K
50, Private,24159, HS-grad,7, Married-civ-spouse, Craft-repair, Not-in-family, White, Male,-17,0,40, United-States, >50K
36, Private,196886, 5th-6th,11, Married-civ-spouse, ?, Wife, Black, Female,-101,0,49, Hong, >50K
20, Self-emp-not-inc,1068, HS-grad,11, Married-civ-spouse, Adm-clerical, Not-in-family, White, Male,-55,-2,48, United-States, >50K
39, Private,341330, Some-college,11, Married-civ-spouse, Exec-managerial, Not-in-family, White, Male,17,4,51, United-States, <=50K
46, Private,154679, HS-grad,7, Separated, Machine-op-inspct, Husband, White, Male,3,1588,56, United-States, <=50K
24, Private,156559, Bachelors,5, Widowed, Machine-op-inspct, Not-in-family, Black, Female,-48,-2,41, Mexico, <=50K
43, Private,47645, 12th,9, Never-married, Sales, Husband, White, Male,-26,2,40, United-States, <=50K
27, Private,505060, Some-college,13, Married-civ-spouse, Other-service, Not-in-family, White, Male,-48,1,40, El-Salvador, >50K
62, Private,146400, Assoc-voc,12, Divorced, Sales, Unmarried, White, Male,14319,-1,40, Mexico, <=50K
29, Private,279923, Prof-school,9, Married-civ-spouse, Prof-specialty, Husband, White, Male,2721,7,53, United-States, <=50K
56, Private,315152, Some-college,10, Never-married, Craft-repair, Not-in-family, White, Female,-30,-1,40, Thailand, <=50K
26, Private,141853, Bachelors,6, Never-married, Protective-serv, Not-in-family, White, Female,-90,1,43, Philippines, >50K
40, Local-gov,183395, HS-grad,12, Never-married, Prof-specialty, Husband, White, Male,59,4,40, United-States, <=50K
42, Private,114903, 10th,12, Separated, Exec-managerial, Other-relative, White, Male,5272,7,40, United-States, >50K
41, Private,193650, HS-grad,7, Married-civ-spouse, ?, Own-child, Asian-Pac-Islander, Male,93,4,40, United-States, <=50K
27, Private,158597, HS-grad,13, Married-spouse-absent, Adm-clerical, Husband, White, Male,-135,2,58, United-States, >50K
25, Private,110024, Masters,9, Never-married, Adm-clerical, Husband, Black, Female,-104,5,61, United-States, <=50K
33, Private,190437, Bachelors,11, Married-civ-spouse, Prof-specialty, Husband, White, Male,-18,4,36, United-States, <=50K
55, Private,99335, Some-college,9, Married-civ-spouse, Farming-fishing, Husband, White, Male,13,-4,40, United-States, >50K
21, Private,271186, 11th,9, Married-civ-spouse, Prof-specialty, Husband, Asian-Pac-Islander, Male,1,5,40, Mexico, >50K
25, State-gov,127860, Bachelors,10, Married-civ-spouse, Other-service, Own-child, White, Male,-42,5,40, United-States, <=50K
46, Private,191820, Preschool,9, Married-civ-spouse, Exec-managerial, Husband, White, Male,1,0,40, United-States, <=50K
68, Private,157617, HS-grad,10, Never-married, Craft-repair, Husband, Asian-Pac-Islander, Male,125,-3,43, United-States, <=50K
35, Private,140447, Assoc-acdm,10, Married-civ-spouse, Sales, Unmarried, White, Male,-65,-2,40, United-States, <=50K
53, Private,194877, Some-college,10, Widowed, Craft-repair, Not-in-family, White, Male,-77,1961,49, United-States, <=50K
89, Private,142814, HS-grad,9, Never-married, Adm-clerical, Not-in-family, White, Male,-62,3,40, Mexico, >50K
41, Private,230517, 1st-4th,13, Never-married, Exec-managerial, Unmarried, White, Male,-67,3,49, Mexico, <=50K
48, Private,127306, 1st-4th,8, Never-married, Machine-op-inspct, Not-in-family, White, Male,77,2322,40, United-States, <=50K
26, Private,14859, Assoc-acdm,3, Divorced, Handlers-cleaners, Husband, White, Male,-97,5,40, United-States, <=50K
40, Private,138942, Masters,5, Never-married, Machine-op-inspct, Other-relative, Black, Male,-52,-1,12, United-States, <=50K
65, Private,144068, Bachelors,13, Married-civ-spouse, Handlers-cleaners, Not-in-family, White, Male,-141,-2,40, United-States, <=50K
31, Private,97368, 5th-6th,9, Married-spouse-absent, Machine-op-inspct, Husband, White, Female,39,8,40, United-States, <=50K
63, Private,115893, HS-grad,11, Married-civ-spouse, Farming-fishing, Not-in-family, White, Male,52,-2,59, Cambodia, <=50K
28, Private,151839, HS-grad,9, Never-married, Adm-clerical, Husband, White, Male,-71,0,40, United-States, <=50K
35, State-gov,199428, Some-college,14, Married-spouse-absent, Exec-managerial, Unmarried, White, Male,-45,4,32, United-States, <=50K
66, Private,105767, Bachelors,7, Married-civ-spouse, Adm-clerical, Own-child, White, Male,-113,3,51, United-States, <=50K
71, Private,175982, 10th,9, Married-spouse-absent, Prof-specialty, Own-child, Other, Male,39,1678,40, United-States, <=50K
36, Private,229786, 9th,12, Never-married, Craft-repair, Husband, White, Male,35,1826,43, United-States, <=50K
37, Private,13442, HS-grad,10, Divorced, Machine-op-inspct, Husband, White, Male,-75,-2,49, India, >50K
43, Self-emp-inc,212385, HS-grad,5, Never-married, Adm-clerical, Not-in-family, White, Male,7042,-3,47, United-States, >50K
83, Private,412837, Prof-school,9, Married-civ-spouse, Transport-moving, Husband, White, Male,-70,-1,40, United-States, <=50K
33, Self-emp-inc,250605, Prof-school,6, Never-married, Farming-fishing, Own-child, White, Male,88,4,44, United-States, <=50K
48, Private,185684, Bachelors,9, Married-civ-spouse, Transport-moving, Not-in-family, White, Male,-6,1776,40, South, <=50K
65, Local-gov,152326, Some-college,9, Divorced, Machine-op-inspct, Husband, White, Male,13437,1854,40, United-States, <=50K
30, Private,263599, Assoc-acdm,4, Married-AF-spouse, Exec-managerial, Husband, White, Male,-54,2,40, United-States, <=50K
51, Private,46126, HS-grad,10, Married-civ-spouse, Exec-managerial, Not-in-family, White, Male,-86,2,40, United-States, <=50K
47, ?,287346, HS-grad,7, Divorced, Sales, Unmarried, Black, Male,8248,6,13, United-States, <=50K
73, Private,260047, Bachelors,10, Never-married, Craft-repair, Not-in-family, White, Male,-59,2430,43, Laos, <=50K
41, State-gov,189635, HS-grad,14, Never-married, Farming-fishing, Husband, White, Female,-26,2312,40, United-States, <=50K
25, Private,156672, HS-grad,6, Never-married, Adm-clerical, Husband, Asian-Pac-Islander, Male,-835,2019,33, Mexico, <=50K
32, Private,181206, Some-college,10, Married-civ-spouse, ?, Husband, White, Male,29,0,48, United-States, <=50K
35, Private,193373, Some-college,13, Never-married, Craft-repair, Wife, White, Male,8765,0,50, United-States, <=50K
32, Private,215991, 9th,3, Never-married, ?, Husband, Black, Male,41,2,40, United-States, <=50K
45, Local-gov,465632, Some-college,9, Married-civ-spouse, Sales, Husband, Black, Female,-46,2,43, United-States, <=50K
44, Private,-2035, HS-grad,9, Married-civ-spouse, Prof-specialty, Husband, White, Male,27,6,35, United-States, <=50K
54, Private,75450, Masters,9, Married-spouse-absent, Sales, Husband, White, Female,1102,4,56, Jamaica, <=50K
30, Private,135551, Bachelors,9, Married-civ-spouse, Craft-repair, Husband, Amer-Indian-Eskimo, Male,1960,7,50, Iran, <=50K
34, Self-emp-not-inc,288626, HS-grad,13, Married-civ-spouse, Machine-op-inspct, Husband, Other, Male,-61,1,40, United-States, <=50K
36, Private,2032, HS-grad,7, Separated, Craft-repair, Own-child, Asian-Pac-Islander, Male,-33,2130,40, Ireland, <=50K
15, Private,189293, Assoc-voc,5, Never-married, Sales, Not-in-family, Black, Male,66,4,40, United-States, <=50K
53, Federal-gov,37035, Assoc-acdm,9, Never-married, ?, Wife, White, Male,-62,-1,56, United-States, <=50K
87, Self-emp-not-inc,330688, Doctorate,16, Married-civ-spouse, Transport-moving, Own-child, White, Female,7,2049,49, United-States, >50K
38, Private,213336, HS-grad,14, Married-civ-spouse, Adm-clerical, Husband, White, Female,1038,1930,40, United-States, <=50K
43, Private,179705, Masters,10, Never-married, Other-service, Unmarried, White, Male,50,2222,18, Germany, <=50K
61, Private,47624, HS-grad,9, Never-married, Adm-clerical, Husband, White, Male,36,3,40, United-States, <=50K
42, Never-worked,185095, HS-grad,12, Never-married, Exec-managerial, Not-in-family, White, Male,-76,-2,40, United-States, >50K
41, Self-emp-inc,-2649, Some-college,9, Never-married, ?, Own-child, White, Male,53,7,40, United-States, >50K
34, Private,11930, HS-grad,10, Married-civ-spouse, Sales, Husband, Amer-Indian-Eskimo, Male,53,7,40, United-States, <=50K
47, Private,22877, Prof-school,4, Married-civ-spouse, Priv-house-serv, Own-child, Other, Male,52,3,68, Philippines, <=50K
33, Private,57205, Assoc-voc,1, Never-married, Other-service, Husband, White, Male,-146,6,40, United-States, <=50K
51, Private,352038, HS-grad,9, Married-civ-spouse, ?, Not-in-family, White, Male,-125,-1,40, United-States, <=50K
25, Private,171493, 9th,12, Married-civ-spouse, Prof-specialty, Not-in-family, White, Male,-11,2281,40, Yugoslavia, <=50K
26, Private,51709, Bachelors,14, Never-married, Craft-repair, Husband, Asian-Pac-Islander, Male,2835,4,48, United-States, <=50K
46, Private,175897, HS-grad,11, Never-married, Craft-repair, Not-in-family, White, Male,-45,-1,40, United-States, <=50K
38, Federal-gov,232727, Some-college,12, Never-married, ?, Husband, Asian-Pac-Islander, Male,-25,2053,40, United-States, >50K
49, Private,214801, HS-grad,13, Married-civ-spouse, Handlers-cleaners, Not-in-family, White, Male,-53,1657,40, Philippines, <=50K
47, Private,442525, HS-grad,10, Married-civ-spouse, Other-service, Own-child, White, Female,69,3,40, United-States, >50K
45, Private,15255, HS-grad,9, Married-civ-spouse, Prof-specialty, Not-in-family, Asian-Pac-Islander, Male,-28,4,40, United-States, <=50K
58, Private,263925, 10th,9, Married-civ-spouse, Prof-specialty, Unmarried, White, Male,1,4,40, Outlying-US(Guam-USVI-etc), >50K
24, Private,205692, Assoc-acdm,10, Married-AF-spouse, Prof-specialty, Husband, White, Male,88,1730,33, United-States, >50K
31, State-gov,502996, HS-grad,9, Separated, ?, Husband, White, Male,-5,3,40, United-States, <=50K
47, Private,392473, HS-grad,15, Divorced, Prof-specialty, Husband, Asian-Pac-Islander, Male,-49,4,40, Japan, <=50K
27, Private,154318, Some-college,14, Married-civ-spouse, Exec-managerial, Not-in-family, White, Female,-17,2,40, United-States, <=50K
58, Private,238788, HS-grad,9, Married-civ-spouse, Tech-support, Not-in-family, White, Male,-76,1742,40, Poland, <=50K
63, Federal-gov,114992, HS-grad,10, Divorced, Craft-repair, Own-child, White, Male,25,1,50, United-States, <=50K
52, ?,10359, Prof-school,4, Divorced, Exec-managerial, Wife, White, Male,-103,1,40, United-States, <=50K
83, Self-emp-not-inc,174524, Masters,8, Never-married, Adm-clerical, Husband, Black, Male,0,-3,40, United-States, <=50K
28, Private,106178, 5th-6th,9, Never-married, Machine-op-inspct, Not-in-family, Black, Male,-3,3,40, United-States, <=50K
62, Private,222333, HS-grad,9, Married-civ-spouse, Craft-repair, Husband, White, Male,-81,4,40, Mexico, >50K
45, Self-emp-not-inc,194558, HS-grad,8, Married-civ-spouse, Craft-repair, Not-in-family, White, Male,46,2,40, United-States, <=50K
30, Private,183421, HS-grad,7, Married-civ-spouse, Prof-specialty, Unmarried, White, Male,-50,6,40, United-States, >50K
36, Private,38336, HS-grad,14, Widowed, Other-service, Husband, White, Female,1,1836,42, Puerto-Rico, <=50K
36, Private,321593, 9th,13, Never-married, Adm-clerical, Husband, Black, Male,-71,0,40, United-States, <=50K
60, Private,95508, Some-college,12, Never-married, Sales, Not-in-family, Black, Male,55,3,55, Canada, <=50K
61, Private,147741, HS-grad,1, Married-civ-spouse, Prof-specialty, Wife, White, Male,-61,2,8, United-States, >50K
60, Private,14338, HS-grad,9, Never-married, Adm-clerical, Husband, Asian-Pac-Islander, Female,-64,3,6, United-States, <=50K
27, Without-pay,151429, 7th-8th,4, Married-civ-spouse, Sales, Husband, White, Male,-14,1,40, United-States, <=50K
60, Private,267289, HS-grad,13, Married-civ-spouse, Adm-clerical, Own-child, White, Female,-77,0,40, ?, >50K
17, Private,119145, Assoc-acdm,11, Never-married, Prof-specialty, Own-child, White, Male,49,1713,40, United-States, >50K
49, Private,204989, 10th,14, Married-civ-spouse, Adm-clerical, Unmarried, White, Female,46,2106,40, United-States, <=50K
30, Private,180534, HS-grad,10, Never-married, Prof-specialty, Husband, Black, Male,5,2,40, United-States, <=50K
53, Self-emp-not-inc,345583, Some-college,6, Never-married, Other-service, Wife, White, Male,8715,1,48, ?, >50K
44, Private,159083, Bachelors,7, Married-civ-spouse, Prof-specialty, Wife, White, Male,-89,2,24, United-States, >50K
45, Private,332797, 10th,10, Married-civ-spouse, Adm-clerical, Unmarried, White, Male,-23,-2,55, United-States, >50K
33, Local-gov,29863, HS-grad,4, Never-married, ?, Husband, Black, Male,-63,3,47, United-States, <=50K
40, Private,177954, Bachelors,14, Widowed, Exec-managerial, Not-in-family, White, Male,-64,5,40, United-States, >50K
100, Private,176826, Some-college,6, Widowed, Adm-clerical, Not-in-family, White, Male,-125,1934,40, United-States, <=50K
47, Private,47306, HS-grad,9, Married-civ-spouse, Prof-specialty, Not-in-family, Black, Male,-25,6,50, ?, <=50K
37, Private,159345, HS-grad,11, Married-civ-spouse, Adm-clerical, Own-child, White, Male,134,1,40, United-States, >50K
44, Private,203426, 9th,11, Never-married, Prof-specialty, Own-child, White, Male,-61,4,5, United-States, <=50K
61, Private,121364, HS-grad,9, Never-married, ?, Husband, White, Male,50,2,40, United-States, >50K
31, Private,127587, HS-grad,10, Never-married, ?, Husband, White, Male,-87,5,14, United-States, >50K
64, Private,130863, Masters,9, Never-married, Adm-clerical, Husband, Black, Male,-73,8,31, United-States, <=50K
76, Private,128222, Some-college,10, Separated, ?, Unmarried, White, Female,-16,1,40, United-States, >50K
89, Private,55250, Some-college,-1, Never-married, Prof-specialty, Husband, Black, Male,-117,7,29, United-States, <=50K
40, Private,86688, Bachelors,9, Divorced, Farming-fishing, Wife, White, Male,2,-4,40, United-States, >50K
30, Private,149393, Bachelors,12, Married-civ-spouse, Protective-serv, Not-in-family, White, Male,6831,1447,40, United-States, >50K
52, Private,198208, HS-grad,16, Married-civ-spouse, Sales, Other-relative, White, Male,-41,4,40, United-States, >50K
45, Private,248837, HS-grad,9, Never-married, Adm-clerical, Husband, White, Male,-13,1,40, United-States, <=50K
52, Private,116168, HS-grad,11, Never-married, Machine-op-inspct, Husband, White, Male,-89,1,40, United-States, <=50K
36, State-gov,302034, Some-college,12, Never-married, Sales, Not-in-family, White, Male,-90,6,30, United-States, <=50K
36, Local-gov,109096, Some-college,9, Separated, Craft-repair, Other-relative, White, Male,-68,5,35, United-States, <=50K
31, Local-gov,178641, HS-grad,13, Married-civ-spouse, ?, Not-in-family, Asian-Pac-Islander, Male,3181,7,40, United-States, <=50K
55, Private,41953, HS-grad,9, Never-married, Craft-repair, Not-in-family, Asian-Pac-Islander, Male,-44,1,29, United-States, <=50K
33, Private,23279, HS-grad,8, Married-civ-spouse, Sales, Not-in-family, White, Male,437,-5,40, United-States, <=50K
52, Private,48416, Some-college,6, Married-AF-spouse, ?, Own-child, White, Male,-20,1839,33, United-States, <=50K
38, State-gov,2869, HS-grad,15, Separated, Sales, Not-in-family, White, Female,5721,-2,40, United-States, <=50K
37, Private,67858, HS-grad,3, Separated, Farming-fishing, Husband, Black, Male,-63,1380,40, China, <=50K
40, Private,8198, HS-grad,9, Never-married, Transport-moving, Not-in-family, White, Male,-92,-3,40, United-States, <=50K
41, Federal-gov,177453, Bachelors,7, Never-married, Farming-fishing, Not-in-family, Asian-Pac-Islander, Male,-24,-4,40, United-States, <=50K
52, Private,251085, HS-grad,11, Never-married, Other-service, Own-child, White, Male,6709,4,40, United-States, <=50K
66, Federal-gov,259533, Some-college,12, Never-married, Prof-specialty, Not-in-family, White, Female,-78,-1,23, United-States, <=50K
34, Private,65444, HS-grad,9, Divorced, Sales, Own-child, Black, Male,-89,3,40, United-States, >50K
53, Local-gov,186732, HS-grad,2, Married-civ-spouse, Sales, Husband, White, Male,-126,1,40, United-States, <=50K
43, Private,31727, Bachelors,13, Widowed, Priv-house-serv, Not-in-family, White, Male,15,5,3, United-States, <=50K
33, Private,247816, Some-college,9, Married-civ-spouse, Transport-moving, Not-in-family, Black, Male,-66,5,44, United-States, <=50K
49, Private,385897, HS-grad,9, Married-civ-spouse, Prof-specialty, Husband, White, Male,2,4,40, United-States, <=50K
62, Private,160115, Masters,14, Never-married, ?, Husband, White, Male,29,4,33, United-States, <=50K
34, Federal-gov,347111, Some-college,3, Married-civ-spouse, Handlers-cleaners, Husband, White, Male,-92,6,40, United-States, <=50K
38, Private,17972, HS-grad,7, Married-civ-spouse, ?, Not-in-family, White, Female,8645,2,40, United-States, <=50K
82, Private,50969, HS-grad,1, Never-married, Transport-moving, Husband, Asian-Pac-Islander, Male,-96,3,40, ?, <=50K
48, Private,83704, Masters,7, Never-married, Farming-fishing, Unmarried, White, Male,-36,3,40, France, >50K
83, Private,202246, HS-grad,4, Never-married, Adm-clerical, Husband, Black, Male,-68,6,49, United-States, <=50K
40, Private,157265, Bachelors,9, Never-married, Craft-repair, Own-child, White, Male,-75,-1,49, United-States, <=50K
29, Self-emp-inc,172177, Assoc-acdm,13, Married-civ-spouse, Farming-fishing, Unmarried, Amer-Indian-Eskimo, Male,-8,0,40, United-States, <=50K
65, Private,105774, HS-grad,9, Married-civ-spouse, Transport-moving, Husband, White, Male,-32,-4,49, United-States, >50K
45, Private,203740, Bachelors,7, Married-civ-spouse, Prof-specialty, Husband, White, Male,9,5,57, United-States, <=50K
95, Local-gov,260027, Bachelors,9, Divorced, ?, Not-in-family, Asian-Pac-Islander, Male,-35,6,40, United-States, <=50K
45, Private,224876, HS-grad,1, Married-civ-spouse, Prof-specialty, Husband, White, Male,29,2033,32, United-States, <=50K
36, Private,187139, HS-grad,7, Married-civ-spouse, Adm-clerical, Husband, White, Male,28,5,40, United-States, <=50K
26, Private,-3545, Some-college,5, Never-married, Other-service, Husband, White, Male,13362,3,40, United-States, <=50K
25, Private,222117, HS-grad,1, Never-married, Prof-specialty, Own-child, Black, Male,-118,2316,13, United-States, <=50K
36, Federal-gov,129920, Assoc-voc,7, Never-married, Adm-clerical, Husband, Black, Male,1221,1806,40, Portugal, <=50K
34, Private,229739, 10th,4, Divorced, Tech-support, Not-in-family, White, Male,46,3,40, United-States, <=50K
27, Private,77586, 10th,7, Never-married, Machine-op-inspct, Husband, White, Male,-68,-1,40, United-States, <=50K
28, ?,87614, Some-college,5, Married-spouse-absent, Prof-specialty, Not-in-family, Asian-Pac-Islander, Female,-28,1958,40, Philippines, <=50K
28, Private,283179, Some-college,9, Widowed, Craft-repair, Husband, White, Male,-63,4,40, Italy, >50K
38, Private,165599, Masters,9, Married-spouse-absent, Other-service, Own-child, White, Female,71,6,50, United-States, <=50K
24, Private,119427, Some-college,14, Widowed, Prof-specialty, Husband, White, Female,75,3,34, United-States, >50K
41, Private,50455, HS-grad,7, Never-married, Farming-fishing, Own-child, White, Female,1763,6,35, United-States, >50K
38, Private,216970, Bachelors,7, Married-civ-spouse, Machine-op-inspct, Not-in-family, Amer-Indian-Eskimo, Female,2986,3,40, United-States, <=50K
72, Private,213010, HS-grad,10, Married-civ-spouse, Transport-moving, Wife, White, Female,-77,5,51, United-States, >50K
46, Private,114548, Some-college,1, Never-married, Sales, Husband, White, Male,-59,4,40, United-States, <=50K
22, Private,127405, 10th,10, Never-married, Prof-specialty, Own-child, White, Male,43,-1,41, United-States, >50K
78, Private,302162, HS-grad,9, Married-spouse-absent, Adm-clerical, Husband, White, Male,-72,0,4, United-States, <=50K
53, ?,183971, 5th-6th,13, Never-married, Other-service, Own-child, White, Male,-112,2322,44, United-States, <=50K
41, Private,-24463, HS-grad,1, Married-civ-spouse, Prof-specialty, Not-in-family, White, Male,27,5,40, United-States, >50K
39, Self-emp-not-inc,23201, HS-grad,7, Widowed, ?, Own-child, White, Male,-17,6,47, United-States, <=50K
78, Self-emp-not-inc,594, Prof-school,9, Married-civ-spouse, Farming-fishing, Not-in-family, White, Male,-27,3,40, United-States, <=50K
24, Private,159340, HS-grad,10, Divorced, Adm-clerical, Not-in-family, White, Male,17,0,29, United-States, <=50K
35, Private,21480, HS-grad,4, Married-civ-spouse, ?, Not-in-family, Black, Female,116,3,50, United-States, <=50K
44, Private,164705, Bachelors,8, Widowed, Exec-managerial, Not-in-family, Black, Male,57,0,43, Cuba, <=50K
24, Private,156141, HS-grad,14, Never-married, Prof-specialty, Husband, Black, Male,-14,-1,40, Laos, <=50K
50, Private,179469, Masters,9, Divorced, Sales, Husband, White, Male,59,4,37, United-States, <=50K
48, Private,194205, Assoc-voc,9, Married-civ-spouse, Adm-clerical, Own-child, White, Male,24,7,40, United-States, >50K
69, Private,105142, 5th-6th,9, Never-married, Armed-Forces, Not-in-family, White, Male,6445,1,27, Greece, >50K
38, Private,204059, Some-college,10, Married-civ-spouse, Craft-repair, Not-in-family, White, Male,-28,-2,40, United-States, <=50K
37, Private,126240, Some-college,9, Married-civ-spouse, Craft-repair, Other-relative, White, Male,-43,-5,37, United-States, <=50K
70, Private,291748, Some-college,11, Never-married, Sales, Not-in-family, Black, Male,-123,2260,40, United-States, <=50K
23, Private,148203, HS-grad,13, Married-civ-spouse, ?, Not-in-family, White, Female,17,1669,49, United-States, <=50K
38, Private,243029, Bachelors,9, Never-married, Machine-op-inspct, Husband, Other, Male,40,5,52, France, <=50K
28, Private,297535, Bachelors,1, Married-civ-spouse, Adm-clerical, Not-in-family, Amer-Indian-Eskimo, Male,3978,2191,48, United-States, >50K
49, Private,205491, HS-grad,9, Never-married, ?, Not-in-family, White, Male,-113,3,-3, United-States, <=50K
62, Private,317422, Some-college,12, Married-civ-spouse, Protective-serv, Unmarried, White, Male,-135,-1,40, United-States, <=50K
35, ?,196035, 5th-6th,9, Never-married, Adm-clerical, Husband, White, Male,16,2283,33, United-States, <=50K
40, Local-gov,138057, Bachelors,10, Never-married, Adm-clerical, Husband, White, Female,-47,2,40, United-States, <=50K
63, Private,182823, 1st-4th,3, Never-married, Sales, Husband, White, Male,-53,1611,49, United-States, <=50K
40, Private,134994, HS-grad,9, Married-civ-spouse, Prof-specialty, Not-in-family, Black, Female,-87,2,49, United-States, <=50K
25, Self-emp-not-inc,137687, HS-grad,11, Married-civ-spouse, Tech-support, Husband, White, Male,-38,5,45, United-States, <=50K
14, Private,113950, Bachelors,9, Never-married, Prof-specialty, Husband, Black, Male,-23,6,48, United-States, <=50K
31, Local-gov,249089, Some-college,7, Divorced, Prof-specialty, Not-in-family, Black, Male,-93,4,40, Philippines, <=50K
40, Self-emp-inc,56185, Prof-school,6, Married-civ-spouse, Craft-repair, Unmarried, White, Female,-11,-7,40, United-States, >50K
47, Local-gov,156826, Bachelors,14, Married-civ-spouse, ?, Unmarried, White, Male,39,1,40, Canada, <=50K
34, Federal-gov,268164, Some-college,15, Married-civ-spouse, ?, Not-in-family, White, Male,-16,0,40, United-States, <=50K
30, Self-emp-inc,142104, Masters,14, Married-civ-spouse, Sales, Wife, White, Female,-71,-1,40, Puerto-Rico, <=50K
49, Private,4625, HS-grad,10, Married-civ-spouse, Sales, Husband, Black, Male,-112,5,49, United-States, <=50K
40, Federal-gov,7911, 11th,9, Married-civ-spouse, Exec-managerial, Own-child, Asian-Pac-Islander, Female,1950,-4,40, United-States, >50K
35, Private,469848, HS-grad,11, Married-AF-spouse, Protective-serv, Husband, White, Female,-95,1505,30, United-States, <=50K
20, Private,118104, HS-grad,3, Never-married, Protective-serv, Husband, Black, Male,7258,4,47, United-States, <=50K
28, Private,117045, 7th-8th,4, Married-spouse-absent, Prof-specialty, Other-relative, Asian-Pac-Islander, Male,-83,1964,40, United-States, <=50K
36, ?,200270, 1st-4th,9, Separated, Exec-managerial, Husband, White, Female,-36,5,31, United-States, <=50K
31, Private,66616, HS-grad,10, Married-civ-spouse, Protective-serv, Husband, White, Male,-67,0,40, France, <=50K
54, Self-emp-inc,206475, HS-grad,3, Never-married, Prof-specialty, Wife, White, Male,-99,5,40, United-States, <=50K
31, Private,16424, HS-grad,14, Married-civ-spouse, Exec-managerial, Not-in-family, Other, Female,-35,3,40, United-States, >50K
55, Private,137637, 10th,10, Married-civ-spouse, Prof-specialty, Husband, White, Female,106,6,43, United-States, <=50K
71, Self-emp-not-inc,111024, HS-grad,9, Married-civ-spouse, Priv-house-serv, Wife, White, Female,94,3,49, Italy, <=50K
64, Private,155923, HS-grad,17, Divorced, Prof-specialty, Other-relative, White, Female,40,-2,40, United-States, <=50K
34, Local-gov,242433, HS-grad,14, Divorced, Exec-managerial, Not-in-family, White, Female,85,0,48, United-States, <=50K
45, Private,195073, Some-college,9, Never-married, Other-service, Husband, Asian-Pac-Islander, Male,-23,4,40, United-States, <=50K
41, Private,164219, Some-college,9, Married-civ-spouse, Prof-specialty, Other-relative, White, Male,-22,6,40, United-States, <=50K
21, Private,106825, HS-grad,14, Married-civ-spouse, Other-service, Husband, White, Female,-129,3,40, United-States, <=50K
19, Private,108844, Bachelors,9, Never-married, ?, Own-child, White, Male,49,1,40, United-States, >50K
44, Private,38626, HS-grad,11, Separated, Adm-clerical, Other-relative, White, Male,-22,6,59, United-States, <=50K
30, Private,417, Some-college,1, Never-married, Prof-specialty, Not-in-family, White, Female,89,5,43, United-States, >50K
31, Private,152747, 5th-6th,11, Divorced, Adm-clerical, Wife, Other, Male,-73,1486,40, United-States, <=50K
39, Private,100671, Some-college,12, Never-married, Other-service, Husband, White, Female,9,5,40, United-States, <=50K
21, Private,148381, HS-grad,3, Widowed, Exec-managerial, Own-child, White, Female,3111,-2,40, Philippines, >50K
43, Private,193479, HS-grad,7, Never-married, Craft-repair, Unmarried, White, Male,-21,-4,40, United-States, >50K
61, Private,116563, Bachelors,11, Married-civ-spouse, Transport-moving, Husband, Black, Male,83,-1,40, United-States, <=50K
20, Private,91604, HS-grad,10, Widowed, Adm-clerical, Not-in-family, White, Male,-50,4,45, United-States, <=50K
36, Private,339024, HS-grad,9, Never-married, Other-service, Husband, White, Male,70,4,75, United-States, <=50K
39, Private,69809, HS-grad,7, Never-married, Tech-support, Not-in-family, White, Female,-58,-1,48, United-States, <=50K
34, Private,92897, Some-college,9, Divorced, Prof-specialty, Husband, Asian-Pac-Islander, Male,-17,1,49, Dominican-Republic, <=50K
50, Private,41186, Bachelors,14, Married-civ-spouse, Exec-managerial, Husband, White, Female,-60,6,40, Ireland, >50K
52, Private,204099, HS-grad,10, Separated, Craft-repair, Not-in-family, White, Male,-120,-1,40, United-States, >50K
30, Private,173480, Some-college,7, Divorced, Craft-repair, Husband, Black, Male,-106,7,40, ?, <=50K
74, Private,170547, HS-grad,10, Married-civ-spouse, ?, Husband, White, Female,-31,-1,43, United-States, >50K
65, Local-gov,58510, HS-grad,13, Never-married, Machine-op-inspct, Unmarried, White, Female,14687,-2,40, United-States, >50K
21, Private,38511, HS-grad,6, Married-civ-spouse, Prof-specialty, Unmarried, White, Male,-111,3,40, United-States, >50K
40, Private,105976, HS-grad,3, Married-civ-spouse, Handlers-cleaners, Husband, White, Male,8,8,40, United-States, >50K
29, Private,37629, HS-grad,14, Never-married, Exec-managerial, Not-in-family, White, Female,15899,-1,40, United-States, <=50K
28, Private,262314, Some-college,4, Married-civ-spouse, Other-service, Not-in-family, White, Male,2,1754,55, United-States, <=50K
44, Private,25324, 12th,9, Separated, Adm-clerical, Unmarried, White, Male,78,5,40, United-States, >50K
22, Private,226311, Some-college,13, Widowed, Prof-specialty, Own-child, White, Male,50,2368,40, United-States, >50K
38, Self-emp-inc,148416, HS-grad,12, Married-civ-spouse, ?, Unmarried, Amer-Indian-Eskimo, Male,16,6,40, United-States, <=50K
60, Private,95077, Some-college,4, Married-civ-spouse, Craft-repair, Husband, Black, Male,7,2,40, United-States, <=50K
50, Private,53367, Assoc-voc,11, Married-civ-spouse, Other-service, Own-child, White, Male,43,-5,40, United-States, <=50K
37, Private,187933, Bachelors,5, Never-married, Adm-clerical, Husband, White, Male,-78,6,40, United-States, <=50K
39, Federal-gov,259804, HS-grad,11, Never-married, Handlers-cleaners, Husband, Asian-Pac-Islander, Male,51,2,40, United-States, <=50K
38, Private,207713, Masters,9, Married-civ-spouse, Transport-moving, Husband, White, Male,-80,2245,23, United-States, >50K
34, Local-gov,174368, Doctorate,11, Never-married, Tech-support, Not-in-family, White, Female,116,6,40, Poland, >50K
43, Private,158859, HS-grad,12, Married-civ-spouse, Farming-fishing, Other-relative, White, Male,-31,-4,40, United-States, <=50K
96, Private,103858, Bachelors,9, Separated, Adm-clerical, Unmarried, Black, Female,5,2,40, United-States, <=50K
17, Local-gov,205939, Some-college,2, Widowed, Transport-moving, Husband, White, Male,-52,1555,48, United-States, <=50K
48, Self-emp-not-inc,14644, Masters,9, Married-civ-spouse, Machine-op-inspct, Not-in-family, White, Male,-130,-1,-6, Philippines, >50K
43, Local-gov,292527, HS-grad,9, Married-civ-spouse, Sales, Unmarried, White, Male,-30,-4,40, ?, <=50K
72, Private,256759, Some-college,9, Widowed, ?, Husband, White, Male,-113,1,46, United-States, <=50K
35, Private,94957, Some-college,10, Divorced, ?, Husband, White, Male,-7,8,40, United-States, <=50K
20, Private,94141, Prof-school,7, Married-civ-spouse, Tech-support, Husband, White, Female,17,2,58, United-States, <=50K
27, Self-emp-not-inc,19021, HS-grad,9, Never-married, Exec-managerial, Husband, White, Female,-24,2017,48, United-States, >50K
37, Private,194476, HS-grad,12, Married-civ-spouse, Sales, Husband, Black, Female,-108,1930,40, United-States, <=50K
20, Private,246045, HS-grad,10, Married-civ-spouse, Machine-op-inspct, Husband, White, Female,1958,5,40, United-States, <=50K
76, Private,39917, HS-grad,12, Never-married, Prof-specialty, Own-child, Black, Male,70,7,40, United-States, <=50K
72, Private,498937, HS-grad,9, Never-married, Adm-clerical, Husband, Black, Male,27,2,61, United-States, <=50K
41, Private,52209, 10th,14, Married-AF-spouse, Prof-specialty, Husband, White, Female,18,4,48, United-States, <=50K
48, Private,146468, Some-college,10, Divorced, Adm-clerical, Husband, Black, Male,1154,2692,40, United-States, <=50K
73, Private,29635, Assoc-acdm,10, Never-married, Transport-moving, Husband, Black, Male,-66,-4,17, United-States, <=50K
41, ?,99148, 11th,14, Married-civ-spouse, Exec-managerial, Husband, White, Male,-59,5,48, Ecuador, <=50K
37, Local-gov,95189, 12th,10, Divorced, Sales, Husband, White, Female,4911,-2,40, Guatemala, <=50K
47, Private,333122, HS-grad,9, Married-civ-spouse, Handlers-cleaners, Own-child, White, Male,-62,1867,40, United-States, >50K
44, Self-emp-not-inc,334950, 9th,15, Married-civ-spouse, Other-service, Not-in-family, White, Male,-34,-1,40, United-States, <=50K
44, Federal-gov,32625, Some-college,13, Never-married, Other-service, Husband, White, Female,27,8,40, United-States, <=50K
42, Private,15820, HS-grad,14, Married-civ-spouse, Sales, Husband, White, Female,19,-1,40, Philippines, <=50K
29, ?,281054, Assoc-acdm,9, Never-married, Prof-specialty, Own-child, White, Male,28,1,28, United-States, <=50K
21, Private,230932, HS-grad,9, Divorced, Sales, Husband, White, Male,-54,2,40, El-Salvador, <=50K
27, Self-emp-not-inc,143003, Some-college,11, Never-married, ?, Husband, White, Male,86,2296,47, United-States, >50K
53, Private,342313, Assoc-acdm,7, Never-married, Protective-serv, Husband, White, Female,0,-3,40, United-States, <=50K
39, Private,128966, Bachelors,2, Married-civ-spouse, Exec-managerial, Wife, Asian-Pac-Islander, Male,-51,1,3, Taiwan, <=50K
52, Private,92065, Masters,10, Married-civ-spouse, Craft-repair, Not-in-family, White, Male,-20,7,40, ?, <=50K
65, Private,170258, HS-grad,7, Married-civ-spouse, Tech-support, Own-child, Asian-Pac-Islander, Female,-63,-5,40, Hungary, <=50K
65, ?,128118, Some-college,11, Never-married, Handlers-cleaners, Own-child, Black, Male,9,4,66, United-States, <=50K
51, Private,166281, HS-grad,2, Never-married, ?, Husband, White, Male,-148,-1,40, Mexico, <=50K
74, Private,51651, HS-grad,10, Married-civ-spouse, Prof-specialty, Husband, White, Female,-65,-3,47, United-States, >50K
18, Private,32898, 5th-6th,10, Married-civ-spouse, Machine-op-inspct, Own-child, White, Male,34,6,40, United-States, >50K
39, Private,-1158, 5th-6th,9, Never-married, Craft-repair, Not-in-family, Asian-Pac-Islander, Male,29,7,50, United-States, <=50K
26, Private,160278, 1st-4th,15, Married-civ-spouse, Other-service, Not-in-family, White, Male,-100,2252,28, United-States, >50K
20, Self-emp-not-inc,204212, 1st-4th,7, Separated, Sales, Unmarried, Other, Male,13,-2,40, United-States, <=50K
29, Private,278292, Bachelors,14, Married-civ-spouse, Adm-clerical, Husband, White, Female,42,4,43, United-States, >50K
62, Self-emp-not-inc,155645, HS-grad,9, Married-spouse-absent, Craft-repair, Other-relative, White, Male,13,0,50, United-States, <=50K
22, Private,178392, Assoc-acdm,10, Widowed, Adm-clerical, Not-in-family, White, Male,-23,4,44, United-States, <=50K
37, Private,37959, HS-grad,9, Married-civ-spouse, Transport-moving, Other-relative, White, Male,67,2406,40, United-States, <=50K
66, ?,174256, Assoc-voc,2, Divorced, Handlers-cleaners, Not-in-family, Black, Male,-122,1627,40, Puerto-Rico, <=50K
32, Private,33024, Some-college,13, Divorced, Exec-managerial, Husband, White, Male,57,2250,40, Nicaragua, <=50K
26, Private,9002, Masters,4, Married-civ-spouse, Protective-serv, Husband, White, Male,-15,4,40, Mexico, >50K
34, Private,138786, Some-college,7, Divorced, Prof-specialty, Not-in-family, Asian-Pac-Islander, Female,31,4,35, United-States, <=50K
86, Private,376889, HS-grad,10, Married-civ-spouse, Prof-specialty, Husband, White, Male,-73,-3,40, United-States, >50K
72, Private,154120, HS-grad,12, Widowed, Craft-repair, Own-child, White, Male,-44,6,56, United-States, <=50K
36, Private,31837, HS-grad,9, Separated, Exec-managerial, Wife, White, Male,47,2197,14, Puerto-Rico, >50K
46, Private,237166, 11th,9, Never-married, Prof-specialty, Husband, Black, Male,-53,0,59, United-States, <=50K
37, Private,189709, 7th-8th,14, Never-married, Other-service, Not-in-family, White, Male,7,0,40, United-States, <=50K
56, State-gov,157664, HS-grad,7, Never-married, Prof-specialty, Own-child, Black, Male,35,1,40, United-States, <=50K
27, Private,75477, HS-grad,9, Married-civ-spouse, Machine-op-inspct, Own-child, White, Male,32,3,40, United-States, >50K
35, Local-gov,197349, Bachelors,9, Married-civ-spouse, Sales, Husband, Black, Male,82,1,40, United-States, <=50K
49, Private,109943, Prof-school,9, Married-spouse-absent, Craft-repair, Own-child, White, Male,120,7,29, Philippines, <=50K
42, Private,64470, HS-grad,9, Never-married, Adm-clerical, Husband, Black, Male,-39,6,49, United-States, >50K
30, Federal-gov,167772, Bachelors,9, Married-civ-spouse, Adm-clerical, Unmarried, White, Male,-84,3,40, United-States, <=50K
51, Local-gov,21814, Doctorate,9, Married-civ-spouse, Craft-repair, Not-in-family, White, Male,-41,1950,40, El-Salvador, <=50K
66, Private,300685, HS-grad,14, Married-civ-spouse, Exec-managerial, Own-child, White, Male,-91,1981,40, Vietnam, <=50K
47, Private,132596, HS-grad,9, Married-civ-spouse, Sales, Wife, White, Male,43,2,40, United-States, <=50K
48, Private,52570, Prof-school,14, Never-married, Exec-managerial, Unmarried, White, Male,82,6,40, United-States, >50K
38, Private,35556, Some-college,4, Married-civ-spouse, Adm-clerical, Own-child, White, Male,-44,5,56, Mexico, >50K
38, Private,139079, HS-grad,13, Married-civ-spouse, Handlers-cleaners, Husband, Black, Male,30,2,40, Iran, >50K
51, Private,41549, Bachelors,10, Married-civ-spouse, Exec-managerial, Husband, White, Male,8389,2529,29, United-States, <=50K
46, ?,370792, Masters,10, Separated, Craft-repair, Husband, White, Male,13350,2657,40, ?, <=50K
52, Private,160522, 10th,15, Married-civ-spouse, Sales, Husband, Black, Male,-147,6,40, United-States, <=50K
32, Private,117748, HS-grad,12, Divorced, Exec-managerial, Husband, White, Female,3729,-2,50, United-States, <=50K
48, Private,16386, 7th-8th,9, Married-civ-spouse, Handlers-cleaners, Husband, White, Male,-49,-1,40, United-States, <=50K
69, ?,35712, HS-grad,9, Never-married, Prof-specialty, Husband, White, Male,-11,1974,40, United-States, <=50K
62, Self-emp-not-inc,8712, HS-grad,9, Never-married, Craft-repair, Wife, White, Male,13,2,56, United-States, >50K
52, Private,146285, Some-college,9, Widowed, Prof-specialty, Husband, White, Male,-54,3,70, United-States, <=50K
55, ?,237741, HS-grad,14, Married-civ-spouse, Transport-moving, Not-in-family, White, Male,-93,2,40, United-States, <=50K
30, Private,169263, HS-grad,7, Married-spouse-absent, Handlers-cleaners, Wife, Asian-Pac-Islander, Female,39,2,74, United-States, <=50K
49, Self-emp-not-inc,506, Assoc-voc,7, Never-married, Exec-managerial, Wife, White, Male,91,5,40, Mexico, <=50K
26, Self-emp-not-inc,262262, Some-college,7, Widowed, Prof-specialty, Wife, Asian-Pac-Islander, Male,18,1,40, United-States, <=50K
29, Local-gov,557892, Bachelors,9, Married-civ-spouse, Prof-specialty, Husband, White, Male,14,6,40, United-States, <=50K
43, Private,40873, 10th,10, Married-civ-spouse, Prof-specialty, Not-in-family, White, Male,8569,6,40, United-States, <=50K
32, Federal-gov,148462, Some-college,9, Married-civ-spouse, Adm-clerical, Husband, Asian-Pac-Islander, Female,-81,1,40, United-States, <=50K
31, Private,139242, Bachelors,12, Never-married, Priv-house-serv, Husband, White, Male,116,0,40, United-States, <=50K
45, Private,185491, HS-grad,13, Divorced, Adm-clerical, Unmarried, White, Male,-43,-5,40, United-States, >50K
21, Private,61869, Some-college,9, Widowed, Prof-specialty, Not-in-family, White, Male,-14,3,9, Puerto-Rico, <=50K
50, Private,45204, HS-grad,9, Married-civ-spouse, Adm-clerical, Husband, White, Male,-47,2,40, Jamaica, <=50K
37, Private,128656, HS-grad,9, Married-civ-spouse, ?, Own-child, White, Female,73,6,17, United-States, >50K
30, Federal-gov,206529, HS-grad,14, Widowed, Sales, Husband, Asian-Pac-Islander, Male,-145,0,40, ?, <=50K
54, Private,260710, HS-grad,14, Married-civ-spouse, Protective-serv, Husband, White, Male,-15,4,43, United-States, >50K
28, Private,152725, HS-grad,3, Widowed, Prof-specialty, Husband, White, Male,-71,4,40, United-States, <=50K
74, Private,161851, Bachelors,9, Married-civ-spouse, Sales, Not-in-family, Asian-Pac-Islander, Male,-11,-2,40, United-States, <=50K
52, Private,240745, Assoc-voc,9, Married-spouse-absent, Exec-managerial, Not-in-family, White, Male,-76,-1,53, Poland, <=50K
76, Private,15214, HS-grad,14, Married-civ-spouse, Protective-serv, Not-in-family, White, Male,19,1902,40, United-States, <=50K
73, Without-pay,115280, 9th,13, Divorced, ?, Not-in-family, Amer-Indian-Eskimo, Female,23,6,40, Mexico, <=50K
28, Private,96513, HS-grad,4, Never-married, Sales, Not-in-family, White, Male,10,3,40, United-States, >50K
34, Private,142918, HS-grad,9, Never-married, Prof-specialty, Husband, Black, Male,-83,0,40, United-States, <=50K
44, Private,-6995, Prof-school,9, Married-civ-spouse, Prof-specialty, Husband, White, Male,-100,2,40, United-States, <=50K
51, Private,152264, Some-college,2, Never-married, Exec-managerial, Husband, White, Male,-115,6,45, United-States, <=50K
68, Self-emp-not-inc,261168, 5th-6th,9, Never-married, Sales, Not-in-family, Black, Female,-110,0,49, United-States, >50K
69, Private,261039, Some-college,9, Married-civ-spouse, Craft-repair, Other-relative, White, Male,16,3,45, United-States, >50K
24, Private,-2887, Masters,9, Divorced, Other-service, Not-in-family, Asian-Pac-Islander, Female,54,3,48, United-States, <=50K
40, Private,189212, Some-college,9, Never-married, Transport-moving, Husband, White, Male,72,-4,40, United-States, <=50K
48, Private,237951, Some-college,9, Divorced, Prof-specialty, Husband, White, Female,-31,-1,40, United-States, <=50K
31, Private,211166, Assoc-acdm,4, Married-civ-spouse, Sales, Husband, White, Female,28,2356,0, United-States, <=50K
43, Private,104922, Some-college,9, Never-married, Sales, Husband, Asian-Pac-Islander, Female,12,5,41, United-States, <=50K
35, Private,118827, HS-grad,7, Never-married, Prof-specialty, Husband, Black, Male,-35,1468,49, United-States, >50K
68, Private,37639, HS-grad,9, Never-married, Adm-clerical, Husband, White, Female,6,0,40, United-States, <=50K
39, Private,111180, HS-grad,9, Married-civ-spouse, Prof-specialty, Husband, Amer-Indian-Eskimo, Male,6516,3,40, United-States, <=50K
71, Private,23296, Some-college,3, Never-married, Adm-clerical, Not-in-family, Black, Female,-50,-3,59, United-States, >50K
74, Private,285411, HS-grad,10, Never-married, Handlers-cleaners, Husband, White, Male,-109,3,40, France, <=50K
48, Federal-gov,34215, HS-grad,10, Separated, Craft-repair, Own-child, Black, Female,-101,-3,49, United-States, <=50K
25, Private,128419, Assoc-acdm,13, Never-married, Prof-specialty, Own-child, White, Male,1406,1342,40, United-States, >50K
29, Private,170004, HS-grad,9, Separated, Craft-repair, Husband, White, Male,-18,2,48, United-States, <=50K
30, Private,132828, Bachelors,10, Never-married, Handlers-cleaners, Husband, Asian-Pac-Islander, Male,-2,0,40, Mexico, <=50K
73, Private,387562, HS-grad,12, Never-married, Craft-repair, Husband, Asian-Pac-Islander, Male,-111,2418,50, United-States, >50K
34, Private,186850, HS-grad,7, Never-married, Handlers-cleaners, Husband, Other, Male,7772,2,40, United-States, <=50K
32, Private,99217, HS-grad,3, Never-married, Exec-managerial, Own-child, White, Male,61,6,42, United-States, <=50K
52, Private,48509, HS-grad,7, Married-civ-spouse, Adm-clerical, Husband, White, Female,-13,4,78, Iran, <=50K
45, Private,220184, HS-grad,9, Divorced, ?, Husband, Black, Male,15,4,40, United-States, <=50K
19, Federal-gov,150117, HS-grad,10, Married-civ-spouse, Craft-repair, Unmarried, White, Female,-44,5,40, United-States, <=50K
91, Private,480337, Some-college,6, Widowed, Prof-specialty, Husband, White, Male,72,-4,40, United-States, <=50K
33, Private,55813, 11th,13, Widowed, Sales, Not-in-family, White, Male,-104,3,40, United-States, <=50K
51, Private,128320, Some-college,13, Married-civ-spouse, ?, Not-in-family, White, Female,-57,4,56, United-States, >50K
30, Private,136998, HS-grad,9, Never-married, Prof-specialty, Unmarried, White, Female,45,5,42, Germany, <=50K
105, ?,265942, Bachelors,10, Married-civ-spouse, Sales, Wife, White, Male,-56,3,40, United-States, <=50K
41, ?,203060, HS-grad,3, Married-civ-spouse, Prof-specialty, Not-in-family, Black, Male,60,4,47, United-States, >50K
73, Federal-gov,30745, Prof-school,9, Married-civ-spouse, Adm-clerical, Wife, White, Male,78,6,33, United-States, <=50K
35, ?,42704, HS-grad,10, Married-spouse-absent, Craft-repair, Husband, Asian-Pac-Islander, Male,96,-1,50, United-States, >50K
61, Local-gov,117968, Some-college,9, Never-married, Sales, Husband, White, Female,66,6,40, United-States, >50K
38, Self-emp-not-inc,168929, HS-grad,9, Never-married, Sales, Not-in-family, White, Male,82,1,40, Ireland, >50K
75, Private,48810, HS-grad,9, Divorced, Craft-repair, Husband, White, Male,2,3,40, United-States, <=50K
38, Local-gov,135115, 11th,7, Never-married, Exec-managerial, Husband, White, Male,1784,-5,40, United-States, <=50K
19, Private,158148, 10th,9, Never-married, Farming-fishing, Not-in-family, White, Male,-5,6,44, United-States, >50K
39, Private,244524, HS-grad,12, Married-civ-spouse, Prof-specialty, Husband, White, Male,-37,1,42, United-States, <=50K
27, Private,131582, Bachelors,3, Married-civ-spouse, Exec-managerial, Other-relative, White, Male,-46,4,40, United-States, >50K
32, Private,135242, 9th,9, Married-civ-spouse, Exec-managerial, Unmarried, Amer-Indian-Eskimo, Male,94,5,40, Mexico, <=50K
48, Private,127523, 11th,10, Divorced, Farming-fishing, Not-in-family, White, Male,7961,6,40, Cuba, <=50K
30, State-gov,39459, Masters,12, Married-civ-spouse, Prof-specialty, Husband, White, Male,101,6,57, United-States, >50K
67, State-gov,8828, Some-college,9, Divorced, ?, Not-in-family, White, Male,5,5,40, United-States, <=50K
43, Private,26239, Some-college,5, Married-civ-spouse, Transport-moving, Husband, White, Male,19,7,36, United-States, <=50K
20, Private,25149, Some-college,9, Separated, Sales, Not-in-family, Black, Male,-24,1,27, United-States, <=50K
33, Self-emp-not-inc,119520, Masters,9, Divorced, Handlers-cleaners, Husband, White, Male,-38,-4,44, Peru, <=50K
47, ?,292907, HS-grad,9, Never-married, Other-service, Wife, White, Male,81,-3,40, United-States, <=50K
44, Private,156048, Assoc-acdm,9, Married-civ-spouse, Adm-clerical, Other-relative, White, Female,11,0,40, United-States, >50K
40, Private,84484, HS-grad,2, Married-civ-spouse, Prof-specialty, Husband, Amer-Indian-Eskimo, Female,1142,2325,3, United-States, <=50K
49, Private,186867, Bachelors,9, Married-AF-spouse, ?, Husband, White, Female,-136,8,40, United-States, <=50K
53, Private,163844, Some-college,10, Married-civ-spouse, Other-service, Own-child, Black, Female,58,4,31, United-States, <=50K
99, Private,221924, HS-grad,9, Married-civ-spouse, Transport-moving, Wife, Black, Male,91,-1,31, United-States, >50K
47, Private,134279, HS-grad,6, Never-married, Prof-specialty, Not-in-family, Black, Female,122,6,29, United-States, >50K
24, ?,136732, Some-college,10, Married-civ-spouse, Prof-specialty, Husband, Asian-Pac-Islander, Male,-118,-4,40, United-States, <=50K
30, Self-emp-inc,27376, Some-college,7, Married-civ-spouse, Prof-specialty, Not-in-family, White, Male,50,2,45, United-States, <=50K
47, Local-gov,281018, Bachelors,3, Married-civ-spouse, Transport-moving, Own-child, White, Female,-78,1,40, India, >50K
29, Private,54417, 5th-6th,10, Married-civ-spouse, Farming-fishing, Husband, White, Male,125,3,40, Cambodia, <=50K
46, Private,22042, Assoc-voc,9, Married-civ-spouse, ?, Not-in-family, White, Female,90,3,42, United-States, <=50K
32, Private,150551, Masters,6, Never-married, Sales, Not-in-family, White, Male,-74,-3,40, Greece, <=50K
54, Private,53152, Assoc-acdm,14, Married-civ-spouse, Machine-op-inspct, Unmarried, White, Female,71,2,42, United-States, <=50K
30, Private,39850, HS-grad,7, Divorced, Craft-repair, Not-in-family, White, Male,6211,1,30, United-States, <=50K
44, Private,95089, 9th,14, Married-civ-spouse, Adm-clerical, Husband, White, Male,-81,2,40, United-States, <=50K
25, Private,17532, HS-grad,9, Never-married, Prof-specialty, Other-relative, White, Male,-91,7,48, United-States, <=50K
20, Private,161697, Some-college,14, Married-AF-spouse, Exec-managerial, Husband, White, Male,-67,4,40, United-States, >50K
50, State-gov,56128, Some-college,7, Married-civ-spouse, Sales, Own-child, White, Male,-47,4,56, Mexico, <=50K
50, State-gov,36895, Some-college,9, Never-married, Other-service, Own-child, White, Female,10,2,47, United-States, <=50K
37, Private,250000, Some-college,9, Married-civ-spouse, Tech-support, Husband, White, Male,-56,-1,28, Columbia, <=50K
57, Private,195671, 10th,14, Divorced, Prof-specialty, Not-in-family, White, Female,-40,6,28, United-States, <=50K
52, Private,172555, HS-grad,9, Separated, Prof-specialty, Unmarried, White, Male,-127,-1,40, United-States, <=50K
43, Self-emp-inc,198922, Some-college,9, Widowed, ?, Unmarried, White, Male,-46,5,34, United-States, <=50K
64, Private,51179, Some-college,9, Married-civ-spouse, Sales, Husband, White, Male,130,5,28, Philippines, >50K
73, Private,340921, 5th-6th,9, Separated, Craft-repair, Husband, White, Male,-110,5,40, United-States, <=50K
34, Private,39196, HS-grad,10, Married-civ-spouse, Adm-clerical, Husband, White, Male,-4,2,66, Mexico, <=50K
45, Private,239666, HS-grad,4, Divorced, Prof-specialty, Not-in-family, Asian-Pac-Islander, Male,0,0,40, United-States, <=50K
14, ?,241549, HS-grad,9, Separated, Machine-op-inspct, Unmarried, Other, Male,28,0,44, United-States, <=50K
76, Private,144593, HS-grad,14, Separated, Adm-clerical, Husband, White, Male,-89,1,40, United-States, <=50K
49, Private,220017, HS-grad,10, Never-married, Adm-clerical, Husband, White, Male,-19,0,87, United-States, <=50K
46, Private,92686, Some-college,9, Married-civ-spouse, Exec-managerial, Unmarried, White, Male,-68,1,40, United-States, <=50K
43, Local-gov,274740, HS-grad,14, Married-civ-spouse, Adm-clerical, Not-in-family, White, Male,18,2,40, United-States, <=50K
26, Private,193065, HS-grad,3, Widowed, Exec-managerial, Not-in-family, White, Male,-129,2,42, United-States, <=50K
46, Local-gov,303979, Bachelors,14, Separated, Prof-specialty, Unmarried, White, Female,-10,2,40, United-States, >50K
26, Private,115586, HS-grad,6, Married-civ-spouse, Adm-clerical, Husband, White, Female,22,4,28, United-States, <=50K
49, Private,157563, HS-grad,7, Never-married, Tech-support, Husband, White, Male,37,2,40, United-States, <=50K
69, Private,98074, Masters,14, Married-civ-spouse, Exec-managerial, Unmarried, White, Male,25,5,40, United-States, <=50K
30, Self-emp-not-inc,207415, Bachelors,3, Never-married, Prof-specialty, Not-in-family, White, Male,-64,2206,40, United-States, <=50K
45, Self-emp-inc,120788, HS-grad,3, Never-married, Prof-specialty, Not-in-family, White, Male,4,2133,40, United-States, >50K
29, State-gov,276617, HS-grad,10, Divorced, Prof-specialty, Husband, White, Female,-107,1,40, United-States, <=50K
39, Private,144889, Some-college,14, Never-married, Prof-specialty, Wife, Other, Male,-97,3,40, Columbia, <=50K
35, Private,327761, HS-grad,14, Married-spouse-absent, Exec-managerial, Husband, White, Male,105,2118,48, United-States, <=50K
31, Private,165230, Some-college,12, Never-married, Handlers-cleaners, Not-in-family, Black, Male,59,1944,40, United-States, <=50K
52, Never-worked,194348, HS-grad,11, Married-spouse-absent, ?, Not-in-family, White, Male,1709,-4,41, Haiti, >50K
30, State-gov,11011, HS-grad,6, Never-married, ?, Wife, White, Male,10,-2,40, United-States, <=50K
34, Private,108154, 9th,10, Married-civ-spouse, Exec-managerial, Husband, White, Male,23,4,40, Philippines, <=50K
46, Self-emp-not-inc,369702, HS-grad,9, Separated, Handlers-cleaners, Not-in-family, White, Male,6567,0,29, Jamaica, <=50K
25, Private,56148, HS-grad,9, Never-married, Sales, Wife, White, Male,-27,2029,40, United-States, >50K
30, Private,48013, HS-grad,10, Never-married, Farming-fishing, Unmarried, Asian-Pac-Islander, Female,-6,1,44, United-States, >50K
55, Private,176498, HS-grad,7, Separated, Craft-repair, Own-child, Black, Male,-95,6,22, United-States, <=50K
33, Self-emp-inc,99754, Bachelors,17, Never-married, Exec-managerial, Husband, White, Female,-48,0,40, United-States, <=50K
42, Private,117028, Assoc-acdm,9, Never-married, Sales, Unmarried, Other, Male,4076,5,44, United-States, <=50K
64, Never-worked,80302, Assoc-voc,10, Never-married, Handlers-cleaners, Not-in-family, White, Male,-50,1907,40, Canada, <=50K
50, Private,168694, HS-grad,10, Divorced, Transport-moving, Husband, Asian-Pac-Islander, Male,-50,2,40, United-States, <=50K
36, Private,179149, Some-college,9, Widowed, Exec-managerial, Husband, White, Male,-31,2170,41, United-States, <=50K
49, Private,144804, HS-grad,9, Never-married, Protective-serv, Own-child, Black, Female,-27,1,49, Italy, >50K
53, Private,147489, Assoc-voc,13, Married-civ-spouse, Prof-specialty, Husband, White, Male,24,1774,40, United-States, <=50K
35, Private,159435, 10th,14, Widowed, Other-service, Unmarried, White, Male,25,4,49, Hungary, <=50K
48, Local-gov,209244, HS-grad,12, Never-married, Prof-specialty, Husband, Amer-Indian-Eskimo, Female,-46,7,40, United-States, <=50K
33, Private,351142, Assoc-voc,4, Married-civ-spouse, Transport-moving, Not-in-family, White, Male,24,5,40, United-States, <=50K
27, Never-worked,18930, 10th,10, Separated, Exec-managerial, Husband, White, Male,-84,-1,63, Peru, <=50K
58, Private,139319, HS-grad,10, Never-married, Adm-clerical, Husband, White, Male,-37,2,40, United-States, >50K
26, Private,326724, 12th,5, Married-civ-spouse, Sales, Not-in-family, White, Male,-143,3,40, Nicaragua, <=50K
69, Private,13213, HS-grad,9, Married-civ-spouse, Handlers-cleaners, Own-child, Black, Male,-69,5,40, United-States, <=50K
48, Private,308759, HS-grad,14, Separated, Sales, Husband, Black, Male,3697,4,40, Mexico, <=50K
26, Private,136598, 10th,9, Never-married, Other-service, Husband, White, Male,30,8,31, United-States, <=50K
50, Private,160006, Bachelors,13, Separated, Prof-specialty, Other-relative, White, Male,-99,3,40, United-States, <=50K
21, Private,346830, Assoc-voc,9, Married-spouse-absent, Handlers-cleaners, Husband, Asian-Pac-Islander, Male,-44,-1,12, United-States, <=50K
74, State-gov,307394, Doctorate,9, Never-married, Adm-clerical, Wife, Black, Male,19,5,40, United-States, <=50K
18, Private,203771, Bachelors,9, Never-married, Other-service, Husband, White, Male,-118,-1,28, United-States, <=50K
43, ?,196282, HS-grad,9, Married-civ-spouse, Prof-specialty, Husband, Black, Male,-52,2094,40, United-States, <=50K
37, Self-emp-not-inc,152200, HS-grad,9, Divorced, Tech-support, Husband, White, Female,55,3,30, United-States, >50K
35, ?,75532, HS-grad,7, Never-married, Protective-serv, Not-in-family, White, Male,-76,2446,40, United-States, <=50K
28, Self-emp-not-inc,170633, Bachelors,9, Married-civ-spouse, Exec-managerial, Husband, White, Male,22,-5,40, China, <=50K
63, Private,60295, 7th-8th,2, Never-married, Craft-repair, Unmarried, White, Male,-45,3,36, Mexico, >50K
48, Private,45904, Bachelors,5, Married-civ-spouse, Craft-repair, Own-child, White, Male,115,2426,40, United-States, >50K
36, Private,25140, Assoc-voc,13, Married-civ-spouse, Other-service, Husband, White, Male,-86,4,40, United-States, <=50K
47, Private,338464, 7th-8th,14, Married-civ-spouse, Sales, Own-child, Black, Male,6,2027,44, El-Salvador, <=50K
24, Federal-gov,301974, 11th,9, Divorced, Sales, Husband, Asian-Pac-Islander, Female,1356,-1,40, United-States, <=50K
38, Private,159041, 12th,9, Never-married, Prof-specialty, Husband, White, Male,-91,3,33, United-States, <=50K
56, Private,130534, 1st-4th,6, Married-civ-spouse, Sales, Own-child, White, Male,-39,1179,11, United-States, >50K
50, Private,13496, 12th,9, Married-civ-spouse, Protective-serv, Unmarried, White, Male,-117,4,40, United-States, <=50K
24, Private,196281, 5th-6th,13, Married-civ-spouse, Craft-repair, Not-in-family, White, Male,-122,4,40, Cuba, >50K
52, Private,159951, HS-grad,14, Married-spouse-absent, Exec-managerial, Not-in-family, White, Male,-50,3,40, United-States, <=50K
26, Private,41986, Bachelors,9, Married-civ-spouse, Other-service, Wife, Asian-Pac-Islander, Female,-22,1,47, United-States, <=50K
42, Private,316984, HS-grad,11, Separated, Prof-specialty, Not-in-family, White, Female,66,1852,40, United-States, <=50K
23, Private,178314, HS-grad,3, Married-civ-spouse, ?, Own-child, Black, Male,-47,7,40, United-States, <=50K
52, Private,142352, Some-college,11, Married-AF-spouse, Tech-support, Own-child, White, Male,66,5,40, United-States, <=50K
64, Self-emp-not-inc,201512, HS-grad,5, Divorced, Sales, Wife, Black, Male,21,-4,55, United-States, <=50K
47, Private,321621, Some-college,9, Divorced, Prof-specialty, Unmarried, White, Female,1086,1842,31, United-States, >50K
30, ?,149580, HS-grad,12, Married-civ-spouse, Craft-repair, Own-child, Black, Male,-16,0,49, Poland, <=50K
74, Private,190212, HS-grad,10, Married-civ-spouse, Exec-managerial, Not-in-family, White, Male,-117,1,40, United-States, <=50K
44, Private,121342, 11th,14, Married-civ-spouse, Protective-serv, Husband, White, Female,20,1,40, United-States, <=50K
51, Local-gov,58500, HS-grad,9, Never-married, Adm-clerical, Husband, White, Male,63,2149,40, United-States, <=50K
18, Private,174425, 5th-6th,9, Separated, Prof-specialty, Other-relative, White, Male,12,-1,49, United-States, <=50K
26, Local-gov,292056, HS-grad,11, Never-married, Machine-op-inspct, Wife, White, Male,2,1749,51, United-States, <=50K
70, ?,37415, Some-college,9, Married-civ-spouse, Other-service, Husband, White, Male,8164,-1,40, United-States, <=50K
24, Private,98797, Some-college,9, Divorced, Craft-repair, Husband, White, Male,125,2,44, United-States, <=50K
21, Local-gov,329142, Some-college,12, Married-civ-spouse, Other-service, Unmarried, White, Male,-122,0,40, Italy, <=50K
21, Private,110424, HS-grad,10, Never-married, Prof-specialty, Not-in-family, Black, Male,-38,1,32, United-States, <=50K
51, Private,114782, Assoc-acdm,5, Married-civ-spouse, Machine-op-inspct, Husband, White, Male,90,4,40, United-States, >50K
28, Federal-gov,302701, HS-grad,9, Married-civ-spouse, Sales, Not-in-family, Black, Female,-85,0,56, United-States, <=50K
43, Private,20929, HS-grad,9, Married-civ-spouse, Prof-specialty, Own-child, White, Female,-16,0,40, United-States, >50K
47, Private,244264, HS-grad,9, Married-civ-spouse, Machine-op-inspct, Husband, White, Male,8438,5,40, United-States, >50K
37, Private,28054, Masters,7, Never-married, Craft-repair, Wife, Black, Male,661,0,57, Thailand, <=50K
27, Private,4108, 11th,9, Never-married, Other-service, Not-in-family, White, Male,-127,6,1, United-States, >50K
37, Private,133456, 7th-8th,2, Married-spouse-absent, Craft-repair, Not-in-family, White, Male,64,8,8, Iran, >50K
77, Private,274485, Assoc-acdm,3, Married-civ-spouse, Prof-specialty, Not-in-family, White, Female,-4,1,40, Ireland, >50K
30, Private,94202, Some-college,9, Never-married, Prof-specialty, Not-in-family, Black, Male,-91,-1,16, United-States, <=50K
51, Private,416760, HS-grad,13, Married-civ-spouse, Exec-managerial, Husband, White, Male,22,2118,40, Vietnam, <=50K
54, Private,340721, HS-grad,9, Widowed, Machine-op-inspct, Own-child, White, Male,-28,-5,40, United-States, <=50K
29, Private,18894, 10th,7, Never-married, Prof-specialty, Not-in-family, Black, Male,14888,0,29, United-States, <=50K
51, Private,111501, HS-grad,13, Married-civ-spouse, Prof-specialty, Not-in-family, White, Male,-31,5,48, United-States, <=50K
24, ?,148805, HS-grad,9, Divorced, Handlers-cleaners, Not-in-family, White, Male,31,-4,36, United-States, <=50K
49, Private,192953, Some-college,9, Married-civ-spouse, Prof-specialty, Wife, White, Male,-100,2027,40, United-States, <=50K
21, Private,169411, HS-grad,14, Divorced, Craft-repair, Husband, White, Male,3990,4,40, United-States, <=50K
80, Private,346075, HS-grad,14, Divorced, Craft-repair, Husband, White, Male,9,2140,40, United-States, <=50K
35, Private,22548, Some-college,5, Never-married, Exec-managerial, Not-in-family, White, Male,11,6,44, United-States, >50K
22, Self-emp-inc,139205, HS-grad,2, Divorced, Exec-managerial, Not-in-family, White, Male,-69,-3,40, United-States, <=50K
21, ?,188199, Bachelors,5, Never-married, Adm-clerical, Husband, White, Male,115,3,1, United-States, <=50K
21, Local-gov,207385, HS-grad,9, Married-civ-spouse, Sales, Wife, White, Male,-7,6,40, United-States, <=50K
46, Private,138269, 5th-6th,9, Married-civ-spouse, Adm-clerical, Not-in-family, Black, Male,-55,0,26, Cuba, <=50K
58, Private,389648, HS-grad,12, Married-civ-spouse, Craft-repair, Unmarried, Asian-Pac-Islander, Female,27,2404,40, United-States, <=50K
68, Private,39440, HS-grad,9, Married-civ-spouse, Prof-specialty, Own-child, Black, Female,-46,2,40, United-States, <=50K
48, Private,122851, HS-grad,9, Never-married, Tech-support, Unmarried, Black, Female,42,5,40, United-States, <=50K
43, Private,85128, HS-grad,9, Married-civ-spouse, Machine-op-inspct, Not-in-family, White, Female,4,-3,40, United-States, <=50K
48, Private,584252, 12th,14, Married-civ-spouse, Priv-house-serv, Not-in-family, White, Male,115,0,40, United-States, <=50K
47, Private,124764, 12th,13, Married-civ-spouse, Sales, Husband, Asian-Pac-Islander, Female,42,5,52, United-States, <=50K
34, Private,83260, HS-grad,14, Married-civ-spouse, Prof-specialty, Husband, White, Male,-17,-1,40, United-States, >50K
45, Private,141586, Some-college,12, Never-married, Sales, Not-in-family, White, Female,8220,5,59, United-States, <=50K
49, Local-gov,253449, HS-grad,10, Never-married, Craft-repair, Husband, White, Male,-74,4,49, United-States, <=50K
79, Private,122530, Some-college,7, Never-married, Machine-op-inspct, Not-in-family, White, Female,2,2400,40, United-States, <=50K
74, Local-gov,449136, HS-grad,11, Divorced, Transport-moving, Husband, White, Male,-657,0,40, United-States, >50K
51, Private,144448, Bachelors,13, Divorced, Prof-specialty, Unmarried, White, Male,-119,-4,40, United-States, <=50K
48, Private,338963, Doctorate,9, Married-civ-spouse, Exec-managerial, Not-in-family, White, Male,-104,0,40, Hong, <=50K
48, Private,73561, HS-grad,7, Married-civ-spouse, Sales, Husband, White, Female,2737,-1,40, Italy, <=50K
50, Private,98452, HS-grad,9, Never-married, Craft-repair, Not-in-family, White, Male,-129,6,28, United-States, >50K
74, Private,181607, HS-grad,6, Married-civ-spouse, Machine-op-inspct, Own-child, White, Female,3096,-2,49, United-States, >50K
46, Self-emp-inc,195562, Some-college,13, Divorced, Other-service, Not-in-family, White, Male,58,-1,28, South, <=50K
23, Private,197655, Bachelors,9, Never-married, Adm-clerical, Own-child, White, Female,-102,-3,40, United-States, <=50K
89, Federal-gov,145338, HS-grad,4, Divorced, Adm-clerical, Not-in-family, White, Male,7493,-2,41, South, <=50K
53, Private,107714, Some-college,7, Never-married, Tech-support, Husband, White, Male,13,-2,40, United-States, >50K
17, Private,224820, Some-college,7, Never-married, Exec-managerial, Not-in-family, White, Female,87,7,40, United-States, >50K
45, ?,137372, HS-grad,6, Married-civ-spouse, Prof-specialty, Not-in-family, White, Male,-109,5,40, United-States, <=50K
18, Private,175467, Bachelors,14, Married-civ-spouse, Prof-specialty, Husband, White, Male,-51,2052,12, United-States, >50K
49, Federal-gov,117349, Masters,9, Married-civ-spouse, Tech-support, Husband, White, Male,120,3,40, United-States, <=50K
30, Private,1091, HS-grad,9, Never-married, ?, Unmarried, White, Female,21,0,40, United-States, <=50K
72, Private,225092, Bachelors,4, Married-civ-spouse, Other-service, Own-child, White, Female,8369,1840,47, United-States, <=50K
30, Private,28255, Masters,9, Never-married, Craft-repair, Other-relative, White, Female,34,-2,53, Mexico, <=50K
56, Private,18463, Bachelors,14, Separated, Farming-fishing, Husband, White, Male,64,5,40, United-States, <=50K
36, Federal-gov,18598, Bachelors,13, Widowed, Prof-specialty, Unmarried, White, Male,-92,-1,10, United-States, <=50K
41, Private,243997, HS-grad,14, Married-spouse-absent, Prof-specialty, Husband, Asian-Pac-Islander, Male,11,2,68, United-States, <=50K
33, Self-emp-not-inc,26290, Doctorate,14, Married-civ-spouse, Prof-specialty, Other-relative, Black, Female,32,-1,74, Hong, <=50K
32, Private,67943, 10th,10, Divorced, Sales, Husband, White, Male,-111,2208,48, United-States, <=50K
33, Local-gov,35417, HS-grad,13, Never-married, Transport-moving, Husband, White, Male,-5,7,40, United-States, <=50K
36, Never-worked,112958, Bachelors,6, Separated, Armed-Forces, Husband, White, Female,-79,0,49, Taiwan, <=50K
31, Self-emp-not-inc,29532, Masters,6, Never-married, Transport-moving, Own-child, White, Male,83,5,29, United-States, >50K
54, Private,129741, 11th,4, Never-married, Adm-clerical, Not-in-family, White, Male,43,6,40, United-States, <=50K
32, ?,295912, Bachelors,9, Married-civ-spouse, Machine-op-inspct, Husband, White, Male,-17,2,28, United-States, <=50K
32, Private,108812, HS-grad,9, Never-married, Craft-repair, Own-child, White, Female,6681,1493,40, ?, <=50K
63, Self-emp-inc,246455, 7th-8th,11, Divorced, Sales, Husband, Black, Female,51,-1,40, Mexico, <=50K
63, Private,272449, HS-grad,14, Widowed, ?, Wife, Asian-Pac-Islander, Male,40,-3,37, United-States, <=50K
25, Private,22701, 10th,11, Never-married, Exec-managerial, Husband, White, Male,-61,4,63, United-States, >50K
67, Private,164634, Bachelors,9, Never-married, Adm-clerical, Own-child, Asian-Pac-Islander, Male,54,2,40, United-States, >50K
47, Private,243953, 11th,5, Married-civ-spouse, Prof-specialty, Not-in-family, White, Female,995,2,40, ?, <=50K
32, Private,246910, Some-college,9, Married-civ-spouse, Adm-clerical, Not-in-family, Amer-Indian-Eskimo, Male,-64,5,3, Greece, <=50K
47, Private,124719, 7th-8th,6, Never-married, Handlers-cleaners, Wife, White, Male,46,5,50, United-States, <=50K
20, ?,199852, HS-grad,9, Never-married, Sales, Wife, Other, Male,-77,-2,40, United-States, <=50K
30, Private,350536, Some-college,9, Never-married, Machine-op-inspct, Husband, White, Male,-134,2,41, ?, <=50K
82, Self-emp-inc,164191, 7th-8th,9, Married-civ-spouse, Prof-specialty, Own-child, Black, Male,-43,5,40, Poland, <=50K
25, Private,343568, HS-grad,4, Married-civ-spouse, Tech-support, Husband, White, Male,-97,2,40, United-States, >50K
54, Private,176858, Some-college,13, Married-civ-spouse, Craft-repair, Husband, White, Male,-69,6,55, United-States, <=50K
30, Self-emp-not-inc,150947, HS-grad,6, Never-married, Protective-serv, Own-child, White, Male,-37,0,40, Trinadad&Tobago, <=50K
26, Private,142155, HS-grad,9, Widowed, Prof-specialty, Other-relative, White, Male,-95,-4,48, United-States, <=50K
53, Private,147878, 11th,9, Married-civ-spouse, Craft-repair, Husband, Amer-Indian-Eskimo, Male,55,3,50, Mexico, <=50K
45, Without-pay,244725, Some-college,11, Never-married, ?, Husband, Amer-Indian-Eskimo, Female,-126,5,40, United-States, >50K
22, Private,130359, Assoc-voc,9, Never-married, Adm-clerical, Husband, White, Male,71,2,40, India, <=50K
45, Private,147795, HS-grad,10, Divorced, Handlers-cleaners, Husband, White, Male,1,0,40, United-States, <=50K
65, Private,230141, Assoc-acdm,14, Widowed, Prof-specialty, Husband, Black, Male,-829,0,40, United-States, <=50K
25, Private,187777, Masters,7, Widowed, Prof-specialty, Other-relative, Amer-Indian-Eskimo, Male,-40,1,40, United-States, <=50K
40, Private,391490, 11th,11, Married-civ-spouse, Other-service, Wife, White, Male,-74,5,40, United-States, >50K
35, Private,379579, HS-grad,9, Married-spouse-absent, Other-service, Husband, White, Male,0,-3,40, United-States, <=50K
26, Federal-gov,199944, 11th,9, Married-civ-spouse, Adm-clerical, Husband, White, Male,-119,2,40, Mexico, <=50K
36, Private,258102, Bachelors,3, Married-civ-spouse, Handlers-cleaners, Unmarried, White, Male,-105,6,40, United-States, >50K
43, Private,147559, Masters,9, Married-civ-spouse, Other-service, Unmarried, White, Female,565,2,40, United-States, <=50K
31, Private,17361, Masters,11, Married-civ-spouse, Other-service, Own-child, White, Male,-97,-2,40, United-States, <=50K
49, Private,417747, HS-grad,14, Never-married, Craft-repair, Not-in-family, White, Male,-18,-1,40, United-States, >50K
44, Federal-gov,375066, Some-college,11, Never-married, ?, Husband, White, Male,106,0,48, United-States, >50K
39, Without-pay,204915, HS-grad,6, Never-married, Handlers-cleaners, Other-relative, White, Male,-92,-1,40, Outlying-US(Guam-USVI-etc), <=50K
55, Private,171425, Masters,13, Married-spouse-absent, Farming-fishing, Husband, Black, Male,105,1,40, United-States, <=50K
68, Private,46121, Bachelors,9, Married-civ-spouse, Prof-specialty, Own-child, White, Male,1153,2,2, United-States, <=50K
45, Private,274633, Assoc-voc,14, Separated, Adm-clerical, Not-in-family, White, Male,-40,0,40, Yugoslavia, <=50K
20, Private,317508, Some-college,11, Widowed, Other-service, Husband, Asian-Pac-Islander, Male,8,-2,48, United-States, <=50K
66, Private,123845, Bachelors,13, Married-spouse-absent, Exec-managerial, Husband, White, Male,-56,1,40, United-States, >50K
63, Private,144036, Some-college,10, Never-married, Sales, Not-in-family, White, Female,-64,0,42, United-States, <=50K
24, Private,32162, HS-grad,9, Never-married, ?, Own-child, White, Male,-52,0,40, United-States, >50K
23, Private,146032, HS-grad,9, Separated, Exec-managerial, Not-in-family, White, Male,115,4,48, Trinadad&Tobago, <=50K
34, Private,196179, HS-grad,13, Divorced, Sales, Husband, White, Male,14,4,40, United-States, <=50K
26, Private,238508, Assoc-voc,10, Never-married, Other-service, Husband, Black, Male,-13,4,40, United-States, >50K
22, Private,99228, Masters,9, Never-married, Sales, Husband, Black, Male,-4,4,40, United-States, <=50K
25, Private,233482, HS-grad,10, Married-civ-spouse, Prof-specialty, Husband, Amer-Indian-Eskimo, Male,61,3,40, United-States, <=50K
48, ?,100855, 10th,10, Married-AF-spouse, Sales, Not-in-family, White, Male,-53,3,40, United-States, <=50K
35, Private,192340, HS-grad,9, Never-married, Other-service, Husband, White, Male,86,4,40, United-States, >50K
44, Private,43034, HS-grad,10, Never-married, Prof-specialty, Husband, White, Male,-5,5,40, United-States, >50K
33, Private,82284, Masters,13, Divorced, Protective-serv, Not-in-family, White, Male,66,0,40, United-States, <=50K
67, Private,140656, HS-grad,11, Married-civ-spouse, Other-service, Not-in-family, White, Male,-99,-1,11, United-States, >50K
37, Private,180646, HS-grad,10, Married-civ-spouse, Sales, Unmarried, White, Male,66,2302,7, United-States, <=50K
34, Private,53006, HS-grad,13, Married-civ-spouse, Prof-specialty, Husband, White, Male,50,5,31, United-States, <=50K
52, Private,176420, Some-college,13, Never-married, ?, Husband, Asian-Pac-Islander, Male,232,0,14, United-States, >50K
57, Private,155109, HS-grad,12, Widowed, ?, Other-relative, Amer-Indian-Eskimo, Male,-35,6,40, United-States, >50K
24, ?,165839, Prof-school,2, Widowed, Craft-repair, Husband, White, Male,-60,2,40, United-States, <=50K
48, Federal-gov,199807, Some-college,5, Never-married, Other-service, Husband, White, Male,-42,3,40, United-States, <=50K
20, Private,127204, HS-grad,9, Never-married, Transport-moving, Husband, White, Male,81,-2,48, Mexico, >50K
57, Private,95816, Bachelors,9, Married-civ-spouse, Machine-op-inspct, Husband, White, Male,-2,5,40, United-States, <=50K
75, Private,232187, Some-college,11, Married-civ-spouse, Adm-clerical, Husband, White, Male,-91,2,49, United-States, <=50K
57, Private,39417, HS-grad,9, Never-married, Sales, Husband, White, Female,31,-3,40, United-States, <=50K
40, Private,41053, HS-grad,14, Never-married, Adm-clerical, Unmarried, Asian-Pac-Islander, Male,7374,2253,40, United-States, <=50K
39, Private,241043, 11th,7, Divorced, Exec-managerial, Husband, White, Male,-115,-4,46, United-States, <=50K
61, Self-emp-inc,31199, Assoc-voc,3, Married-civ-spouse, Other-service, Husband, White, Female,46,0,70, United-States, >50K
54, Private,18845, Bachelors,3, Never-married, Adm-clerical, Husband, Asian-Pac-Islander, Female,-76,-2,40, United-States, <=50K
60, Private,129695, HS-grad,7, Never-married, Farming-fishing, Not-in-family, Black, Male,-34,6,40, United-States, <=50K
37, Private,14044, Assoc-acdm,12, Never-married, Handlers-cleaners, Not-in-family, White, Male,-36,2136,40, Mexico, <=50K
38, State-gov,199260, HS-grad,9, Married-spouse-absent, Other-service, Not-in-family, White, Male,58,5,40, United-States, <=50K
25, Private,123775, HS-grad,5, Never-married, Other-service, Husband, White, Male,65,5,40, United-States, <=50K
25, Private,137631, Bachelors,9, Never-married, Exec-managerial, Unmarried, White, Male,30,5,40, United-States, <=50K
49, Private,166232, Bachelors,9, Divorced, Exec-managerial, Not-in-family, White, Male,18,0,57, ?, <=50K
55, Private,45208, HS-grad,9, Never-married, Other-service, Husband, White, Male,-76,-3,52, United-States, >50K
30, ?,136728, HS-grad,14, Married-civ-spouse, Prof-specialty, Husband, Amer-Indian-Eskimo, Female,-25,0,40, United-States, <=50K
44, Private,148144, HS-grad,9, Married-civ-spouse, Adm-clerical, Not-in-family, White, Female,-61,-6,48, United-States, <=50K
40, ?,242902, 7th-8th,9, Married-civ-spouse, Craft-repair, Own-child, White, Male,-36,-2,31, Philippines, <=50K
23, Private,142259, HS-grad,11, Married-civ-spouse, Craft-repair, Husband, White, Male,7768,1623,40, United-States, <=50K
41, Self-emp-not-inc,370, Masters,10, Married-civ-spouse, Prof-specialty, Not-in-family, White, Male,-50,1,7, United-States, >50K
39, Private,435746, 5th-6th,10, Never-married, Other-service, Husband, Asian-Pac-Islander, Male,9,1772,40, United-States, <=50K
22, Private,18878, Assoc-voc,7, Married-civ-spouse, Exec-managerial, Not-in-family, White, Male,319,6,30, United-States, <=50K
55, Private,104675, 7th-8th,9, Married-civ-spouse, Exec-managerial, Not-in-family, White, Female,2256,6,40, United-States, <=50K
50, Private,26249, Bachelors,9, Divorced, Adm-clerical, Husband, White, Male,-102,1884,40, United-States, <=50K
32, Private,202653, 9th,10, Never-married, Adm-clerical, Husband, White, Male,8032,-2,51, United-States, <=50K
29, ?,46847, Bachelors,14, Never-married, Prof-specialty, Not-in-family, Black, Male,22,3,40, United-States, <=50K
32, Private,155785, Bachelors,9, Never-married, Sales, Not-in-family, Black, Male,-29,1,40, United-States, <=50K
43, Private,14033, HS-grad,14, Separated, Adm-clerical, Other-relative, Asian-Pac-Islander, Male,-61,2,58, El-Salvador, <=50K
55, Private,20270, HS-grad,14, Divorced, Handlers-cleaners, Husband, White, Male,-18,2068,0, United-States, <=50K
35, Private,73781, Masters,9, Never-married, Prof-specialty, Husband, White, Male,-109,6,40, United-States, >50K
67, Private,47287, HS-grad,5, Married-spouse-absent, Craft-repair, Husband, White, Female,-91,8,40, United-States, >50K
18, Private,178049, HS-grad,7, Never-married, ?, Husband, White, Male,-74,-1,43, United-States, <=50K
39, Private,-197, HS-grad,6, Never-married, Prof-specialty, Not-in-family, White, Male,60,0,14, United-States, >50K
25, Private,136655, HS-grad,6, Married-civ-spouse, Prof-specialty, Husband, White, Male,43,3,40, United-States, >50K
36, Private,401809, Some-college,9, Married-civ-spouse, Sales, Not-in-family, White, Female,4,-5,29, United-States, <=50K
45, Self-emp-inc,190275, HS-grad,9, Divorced, Sales, Unmarried, White, Male,-40,1,30, Taiwan, <=50K
39, Private,10470, Some-college,12, Married-civ-spouse, Handlers-cleaners, Husband, White, Male,90,4,40, United-States, <=50K
48, Private,213052, HS-grad,12, Widowed, Armed-Forces, Not-in-family, White, Male,11,-1,48, China, <=50K
35, Private,211395, HS-grad,9, Widowed, Craft-repair, Husband, White, Male,14318,1,35, United-States, <=50K
57, State-gov,211249, HS-grad,3, Never-married, Prof-specialty, Not-in-family, White, Male,-6,0,34, United-States, <=50K
29, Private,169293, HS-grad,9, Married-civ-spouse, Sales, Not-in-family, White, Male,4490,1,40, United-States, <=50K
80, Private,17942, Some-college,9, Never-married, Prof-specialty, Husband, White, Female,43,-5,40, United-States, >50K
38, Private,29668, Some-college,6, Never-married, Craft-repair, Unmarried, White, Male,-68,1790,40, United-States, >50K
51, Local-gov,100740, Some-college,3, Married-civ-spouse, Machine-op-inspct, Other-relative, White, Male,-71,6,40, United-States, >50K
43, Private,205339, 12th,9, Married-civ-spouse, Machine-op-inspct, Wife, Black, Male,-65,6,47, United-States, <=50K
29, Private,185738, 5th-6th,13, Never-married, Sales, Unmarried, White, Male,111,6,40, United-States, >50K
41, Local-gov,182125, Some-college,9, Never-married, Craft-repair, Husband, White, Male,20,2211,50, United-States, <=50K
31, Without-pay,56235, HS-grad,10, Married-civ-spouse, Prof-specialty, Wife, Asian-Pac-Islander, Male,2048,2,80, Cambodia, >50K
40, Private,9770, 5th-6th,9, Married-civ-spouse, Prof-specialty, Not-in-family, White, Male,115,0,40, France, <=50K
25, Private,104715, 7th-8th,5, Widowed, Other-service, Husband, White, Female,-79,7,48, United-States, >50K
25, Self-emp-not-inc,220738, HS-grad,11, Married-civ-spouse, Machine-op-inspct, Husband, White, Male,85,3,40, United-States, <=50K
36, State-gov,267016, Some-college,10, Married-civ-spouse, Other-service, Husband, White, Male,104,5,40, United-States, <=50K
40, Private,156998, HS-grad,8, Widowed, Transport-moving, Own-child, White, Male,-30,3,40, United-States, <=50K
73, Private,129556, 10th,9, Never-married, ?, Unmarried, White, Male,-82,0,40, United-States, <=50K
22, Private,146474, HS-grad,6, Divorced, Sales, Own-child, White, Female,30,5,40, Germany, <=50K
31, Private,105635, 11th,10, Married-civ-spouse, Craft-repair, Unmarried, White, Male,41,1763,40, United-States, >50K
39, State-gov,27672, Some-college,14, Married-spouse-absent, Exec-managerial, Other-relative, White, Male,-56,0,-3, United-States, >50K
41, Private,165160, Some-college,9, Married-civ-spouse, Exec-managerial, Husband, Amer-Indian-Eskimo, Male,-44,1,47, United-States, <=50K
43, Private,199033, Bachelors,17, Married-civ-spouse, Craft-repair, Own-child, White, Male,-74,0,40, South, <=50K
57, Private,138888, 9th,14, Widowed, Sales, Other-relative, White, Female,17,2,12, United-States, <=50K
57, Private,256266, HS-grad,12, Separated, Sales, Not-in-family, Black, Male,-42,3,40, United-States, <=50K
54, ?,250059, Some-college,13, Never-married, Priv-house-serv, Not-in-family, White, Female,-22,2,40, Mexico, >50K
45, Private,276867, Some-college,7, Separated, Prof-specialty, Own-child, White, Male,12,2286,40, Dominican-Republic, <=50K
30, Private,115886, 1st-4th,16, Married-civ-spouse, Exec-managerial, Own-child, White, Female,52,3,34, Mexico, <=50K
32, Private,152185, Some-college,1, Never-married, Adm-clerical, Not-in-family, White, Male,-111,4,36, United-States, <=50K
39, Private,68931, Preschool,7, Married-spouse-absent, Transport-moving, Husband, White, Female,23,2,44, Laos, <=50K
55, Private,142018, Some-college,9, Never-married, ?, Husband, Black, Male,-89,7,40, Hong, <=50K
38, Private,67964, 5th-6th,10, Separated, Machine-op-inspct, Own-child, Black, Male,30,1,40, United-States, <=50K
56, Private,28591, 11th,7, Never-married, Handlers-cleaners, Husband, White, Male,-896,6,40, Germany, <=50K
47, Federal-gov,15112, Assoc-acdm,9, Never-married, ?, Unmarried, White, Female,-123,0,40, United-States, <=50K
71, Private,250524, Bachelors,12, Married-civ-spouse, Transport-moving, Not-in-family, White, Male,-81,5,50, United-States, <=50K
21, Self-emp-inc,-273, Some-college,13, Never-married, Craft-repair, Own-child, Black, Female,0,2,49, Mexico, >50K
76, Private,252726, HS-grad,9, Never-married, Adm-clerical, Husband, White, Female,45,7,21, United-States, <=50K
46, Private,233362, HS-grad,11, Separated, Prof-specialty, Not-in-family, White, Male,-19,-1,45, United-States, <=50K
51, Private,397373, Bachelors,4, Never-married, Craft-repair, Husband, Black, Male,-7,0,44, United-States, <=50K
30, Private,202588, Masters,7, Married-civ-spouse, Other-service, Husband, White, Female,34,2208,40, United-States, >50K
38, Private,13205, 11th,10, Married-civ-spouse, Prof-specialty, Not-in-family, White, Male,8,2,40, United-States, <=50K
21, Private,58566, Bachelors,12, Never-married, Sales, Husband, Black, Male,6748,-3,40, United-States, <=50K
25, Private,229840, Assoc-acdm,14, Married-civ-spouse, Transport-moving, Husband, Asian-Pac-Islander, Male,-39,2,50, United-States, <=50K
42, Private,200838, Bachelors,10, Married-civ-spouse, Craft-repair, Husband, White, Female,1,6,40, United-States, <=50K
22, Private,25717, HS-grad,13, Never-married, Priv-house-serv, Husband, White, Male,25,0,32, Italy, >50K
56, Private,156161, Bachelors,12, Married-civ-spouse, Prof-specialty, Not-in-family, White, Male,-55,1,40, United-States, >50K
43, Self-emp-not-inc,113737, 12th,3, Never-married, Craft-repair, Husband, Other, Male,-7,2,40, United-States, >50K
43, ?,180739, Some-college,9, Married-civ-spouse, Protective-serv, Not-in-family, White, Male,-74,-3,49, ?, <=50K
42, Private,54651, Masters,9, Widowed, ?, Not-in-family, White, Female,-81,1,69, United-States, >50K
68, Private,164790, HS-grad,3, Married-civ-spouse, Other-service, Husband, Asian-Pac-Islander, Male,-51,3,7, United-States, >50K
21, Private,177853, HS-grad,12, Never-married, Other-service, Husband, White, Male,31,7,40, United-States, <=50K
32, Private,84586, HS-grad,4, Married-civ-spouse, Machine-op-inspct, Husband, White, Female,-66,0,32, United-States, <=50K
59, Private,124361, Some-college,11, Separated, ?, Not-in-family, Black, Male,5,1,49, United-States, <=50K
52, Private,139730, Bachelors,3, Never-married, Prof-specialty, Not-in-family, White, Female,1759,1877,57, United-States, <=50K
71, Private,139170, HS-grad,6, Separated, Prof-specialty, Not-in-family, Black, Male,122,4,40, United-States, <=50K
27, State-gov,138993, HS-grad,17, Separated, Prof-specialty, Not-in-family, Amer-Indian-Eskimo, Female,-73,2115,40, United-States, >50K
31, Local-gov,191215, Prof-school,15, Married-civ-spouse, Exec-managerial, Husband, White, Male,-21,4,53, Mexico, <=50K
36, Local-gov,70582, Prof-school,9, Married-civ-spouse, Prof-specialty, Husband, White, Male,-16,-2,13, Mexico, >50K
32, Private,116227, HS-grad,4, Married-civ-spouse, Prof-specialty, Husband, White, Male,-24,7,34, United-States, >50K
20, ?,117962, HS-grad,14, Never-married, Sales, Own-child, White, Male,-59,4,40, United-States, <=50K
70, Private,158867, Some-college,11, Married-civ-spouse, Adm-clerical, Own-child, White, Female,108,4,40, United-States, >50K
47, Private,256271, Preschool,5, Never-married, Prof-specialty, Other-relative, White, Female,-96,0,48, Cuba, <=50K
37, Private,48462, Some-college,14, Never-married, Adm-clerical, Unmarried, Black, Male,-107,3,40, United-States, <=50K
27, Private,117147, HS-grad,10, Never-married, Farming-fishing, Husband, White, Male,8909,1969,41, ?, <=50K
50, Private,144693, Some-college,10, Never-married, Sales, Husband, White, Female,-12,2,5, Germany, <=50K
46, State-gov,210472, Masters,7, Married-spouse-absent, Handlers-cleaners, Husband, White, Male,-68,4,28, United-States, <=50K
41, Private,13227, Bachelors,5, Married-civ-spouse, Craft-repair, Not-in-family, Black, Male,-6,1612,40, United-States, <=50K
30, Private,11974, Some-college,9, Married-civ-spouse, Transport-moving, Husband, White, Male,-28,-5,40, United-States, <=50K
59, Self-emp-not-inc,65064, HS-grad,9, Married-civ-spouse, Craft-repair, Husband, White, Female,23,-1,28, United-States, >50K
51, Private,185707, Assoc-acdm,13, Divorced, Prof-specialty, Not-in-family, Black, Female,-26,1,46, United-States, <=50K
65, State-gov,139446, Preschool,7, Married-civ-spouse, Craft-repair, Not-in-family, White, Male,7413,-3,12, United-States, <=50K
55, Self-emp-not-inc,76996, HS-grad,9, Never-married, Prof-specialty, Husband, White, Male,108,-3,40, United-States, <=50K
71, Private,29307, 12th,10, Married-civ-spouse, Protective-serv, Not-in-family, White, Male,22,4,40, United-States, <=50K
46, ?,151282, Some-college,4, Married-civ-spouse, Machine-op-inspct, Husband, Asian-Pac-Islander, Male,-107,-1,48, United-States, <=50K
69, Private,129155, HS-grad,9, Married-civ-spouse, Other-service, Husband, White, Male,39,4,40, United-States, >50K
39, Private,129490, HS-grad,5, Divorced, Craft-repair, Own-child, Amer-Indian-Eskimo, Female,9,2,-3, United-States, <=50K
74, Private,163710, Some-college,14, Married-AF-spouse, Prof-specialty, Husband, Black, Male,-49,-1,40, Cuba, <=50K
36, Private,250547, Some-college,13, Married-civ-spouse, Sales, Husband, Black, Male,-89,-3,40, United-States, <=50K
59, Private,201226, Some-college,9, Divorced, Adm-clerical, Husband, White, Male,19,-1,25, United-States, <=50K
59, Private,476347, 11th,8, Never-married, Prof-specialty, Husband, White, Male,63,-1,32, United-States, >50K
20, Private,27354, HS-grad,10, Never-married, Exec-managerial, Own-child, White, Male,-19,4,40, United-States, <=50K
21, Federal-gov,191272, 11th,9, Never-married, Sales, Not-in-family, Asian-Pac-Islander, Female,-43,2275,35, United-States, <=50K
42, Federal-gov,191831, Some-college,9, Married-civ-spouse, Craft-repair, Not-in-family, White, Male,3836,-3,40, Mexico, >50K
52, Private,176123, 1st-4th,13, Widowed, Adm-clerical, Husband, Asian-Pac-Islander, Male,-63,-5,40, United-States, <=50K
40, Private,187748, 10th,9, Never-married, Sales, Own-child, White, Male,-105,3,41, United-States, <=50K
74, Private,132743, Masters,12, Married-civ-spouse, Sales, Husband, White, Male,-115,3,43, United-States, <=50K
38, Private,145780, HS-grad,5, Married-civ-spouse, Tech-support, Husband, Black, Female,23,5,40, United-States, >50K
34, Private,159457, Some-college,9, Married-civ-spouse, ?, Not-in-family, White, Male,30,1723,40, United-States, <=50K
34, Private,200619, HS-grad,13, Married-civ-spouse, Adm-clerical, Own-child, White, Male,-1,1977,40, Italy, <=50K
45, Private,131204, HS-grad,9, Married-civ-spouse, Exec-managerial, Husband, White, Female,55,1748,29, United-States, >50K
70, Private,189670, Assoc-acdm,9, Married-civ-spouse, Sales, Husband, White, Male,38,2,29, United-States, <=50K
34, Self-emp-inc,135344, Some-college,7, Married-civ-spouse, Other-service, Unmarried, White, Female,50,1945,28, United-States, <=50K
24, Private,127706, HS-grad,8, Never-married, Exec-managerial, Not-in-family, Amer-Indian-Eskimo, Female,-45,1999,40, Outlying-US(Guam-USVI-etc), >50K
36, Private,201790, 11th,9, Married-civ-spouse, Tech-support, Not-in-family, White, Male,5921,1716,47, United-States, <=50K
38, Private,94303, HS-grad,14, Married-civ-spouse, Prof-specialty, Not-in-family, White, Male,-60,5,41, United-States, <=50K
35, Private,23907, Masters,12, Married-civ-spouse, Prof-specialty, Not-in-family, Other, Male,-134,3,40, United-States, <=50K
18, Private,21007, HS-grad,9, Never-married, Adm-clerical, Husband, Other, Male,14083,3,40, United-States, <=50K
50, ?,66361, Some-college,10, Divorced, Machine-op-inspct, Husband, Asian-Pac-Islander, Male,-33,-2,40, Vietnam, <=50K
29, Private,132955, Bachelors,9, Divorced, Other-service, Own-child, White, Male,-96,2,40, United-States, <=50K
42, Private,131353, HS-grad,4, Married-civ-spouse, Craft-repair, Unmarried, White, Male,7567,5,40, United-States, >50K
33, ?,249553, HS-grad,12, Divorced, ?, Not-in-family, White, Male,-120,-2,42, United-States, <=50K
62, Private,137256, 10th,14, Never-married, Craft-repair, Husband, Black, Male,-61,5,40, United-States, <=50K
25, Private,162765, 11th,9, Separated, Craft-repair, Husband, White, Female,27,1593,40, Mexico, <=50K
31, Private,440082, Doctorate,6, Separated, Sales, Wife, Black, Male,-51,5,33, United-States, <=50K
48, Private,188548, 10th,1, Never-married, Sales, Not-in-family, White, Female,-10,2,81, Nicaragua, <=50K
41, Private,13933, HS-grad,6, Never-married, Prof-specialty, Husband, Asian-Pac-Islander, Male,7658,1,43, Germany, <=50K
49, Private,143324, Assoc-voc,9, Divorced, Farming-fishing, Wife, White, Male,59,1901,58, Outlying-US(Guam-USVI-etc), <=50K
55, ?,27212, 11th,11, Married-civ-spouse, Sales, Husband, White, Male,7570,5,41, Japan, <=50K
96, Local-gov,121216, HS-grad,13, Never-married, Farming-fishing, Husband, White, Male,17,0,40, United-States, >50K
89, ?,19959, 7th-8th,10, Divorced, Armed-Forces, Not-in-family, White, Male,-32,5,40, United-States, >50K
20, Private,17200, HS-grad,9, Married-civ-spouse, Transport-moving, Wife, White, Male,-68,5,-3, ?, <=50K
63, Private,253097, Some-college,14, Married-spouse-absent, Other-service, Own-child, White, Male,95,1,47, United-States, <=50K
53, Private,137808, HS-grad,14, Widowed, Protective-serv, Husband, White, Male,-122,-4,40, United-States, <=50K
61, Private,110746, Bachelors,14, Married-civ-spouse, Handlers-cleaners, Husband, White, Male,-79,1,40, ?, >50K
49, Private,30201, HS-grad,10, Married-civ-spouse, Exec-managerial, Wife, Black, Female,-72,2025,40, United-States, >50K
28, Self-emp-inc,166111, Bachelors,9, Married-civ-spouse, Adm-clerical, Wife, White, Male,-31,-1,40, United-States, >50K
60, Private,203751, Assoc-voc,14, Married-civ-spouse, Prof-specialty, Own-child, Other, Male,-38,4,40, United-States, >50K
58, Private,161964, Assoc-voc,13, Divorced, Craft-repair, Other-relative, Asian-Pac-Islander, Male,-43,2,18, United-States, <=50K
101, Private,225723, Masters,13, Married-civ-spouse, Prof-specialty, Wife, Black, Male,-12,6,40, United-States, <=50K
43, Private,159793, 12th,8, Divorced, Sales, Unmarried, White, Male,14690,3,40, United-States, <=50K
32, Private,60951, 5th-6th,10, Married-civ-spouse, Tech-support, Own-child, White, Male,12,2,40, Thailand, <=50K
26, Self-emp-not-inc,126465, 9th,13, Married-civ-spouse, Sales, Not-in-family, White, Male,-48,1,42, United-States, >50K
35, Private,14961, Some-college,13, Divorced, Handlers-cleaners, Own-child, White, Male,27,2,40, United-States, <=50K
74, Federal-gov,149809, 1st-4th,9, Separated, Adm-clerical, Not-in-family, White, Male,-28,3,49, United-States, <=50K
21, Private,161527, 10th,9, Never-married, Machine-op-inspct, Not-in-family, White, Male,-92,2,43, Thailand, >50K
34, Private,159219, Some-college,10, Married-civ-spouse, Adm-clerical, Husband, White, Male,35,2,40, United-States, <=50K
52, Federal-gov,43279, HS-grad,9, Married-civ-spouse, Other-service, Other-relative, White, Male,18,0,40, United-States, <=50K
26, Private,284987, Some-college,7, Never-married, Farming-fishing, Own-child, White, Male,55,1,40, United-States, >50K
57, Self-emp-not-inc,181101, Assoc-acdm,9, Never-married, Other-service, Not-in-family, White, Male,-51,-6,57, United-States, <=50K
91, Private,157324, HS-grad,9, Never-married, Sales, Husband, White, Female,55,1820,40, United-States, <=50K
63, Private,197117, HS-grad,7, Married-civ-spouse, Protective-serv, Not-in-family, Other, Female,-84,1,40, United-States, <=50K
84, Private,99014, Masters,15, Never-married, Adm-clerical, Husband, White, Male,30,4,43, Iran, <=50K
44, Private,156704, HS-grad,10, Married-civ-spouse, Exec-managerial, Husband, White, Male,7213,-7,40, United-States, <=50K
54, Private,183279, HS-grad,12, Divorced, Other-service, Husband, Asian-Pac-Islander, Male,-6,6,34, United-States, <=50K
57, Private,1621, HS-grad,9, Never-married, Other-service, Husband, White, Male,-37,2173,40, United-States, <=50K
28, Private,99865, HS-grad,12, Divorced, Adm-clerical, Husband, White, Male,56,2287,43, Mexico, <=50K
49, Private,9048, Bachelors,13, Never-married, Exec-managerial, Not-in-family, Black, Male,36,4,49, El-Salvador, <=50K
108, Private,146999, Bachelors,10, Widowed, Exec-managerial, Husband, White, Male,3,-1,40, United-States, <=50K
44, Private,272509, HS-grad,10, Never-married, Tech-support, Husband, White, Male,-40,0,40, United-States, <=50K
40, Private,268660, Some-college,6, Married-spouse-absent, Other-service, Not-in-family, White, Male,27,2,40, United-States, <=50K
27, Private,150585, HS-grad,9, Married-civ-spouse, Prof-specialty, Not-in-family, White, Male,61,6,40, United-States, <=50K
37, Private,77327, HS-grad,2, Married-civ-spouse, Sales, Own-child, Asian-Pac-Islander, Female,83,6,40, United-States, <=50K
40, ?,411881, Masters,11, Married-civ-spouse, Protective-serv, Husband, White, Male,56,-2,40, United-States, >50K
55, Private,36277, Assoc-voc,0, Married-civ-spouse, ?, Not-in-family, Asian-Pac-Islander, Male,5313,6,40, United-States, <=50K
34, Private,202003, Some-college,9, Married-civ-spouse, Adm-clerical, Husband, White, Male,6177,0,40, United-States, <=50K
80, Private,107155, Prof-school,2, Married-civ-spouse, Prof-specialty, Wife, White, Male,-104,3,58, United-States, <=50K
65, Private,1611, HS-grad,13, Never-married, Prof-specialty, Other-relative, White, Male,44,4,40, United-States, <=50K
71, Private,164191, HS-grad,5, Married-civ-spouse, Priv-house-serv, Husband, White, Male,13,0,40, United-States, <=50K
32, Private,127587, 11th,14, Widowed, Prof-specialty, Own-child, White, Male,-5,6,40, United-States, <=50K
33, Private,173856, HS-grad,12, Married-civ-spouse, Sales, Not-in-family, White, Female,1230,5,-4, United-States, >50K
73, Private,168503, Some-college,14, Never-married, Craft-repair, Husband, Black, Male,-113,6,37, Mexico, <=50K
32, Private,186577, Some-college,10, Divorced, Adm-clerical, Husband, Black, Male,-128,1,40, United-States, >50K
49, Local-gov,401001, HS-grad,7, Married-civ-spouse, Adm-clerical, Husband, White, Female,-31,4,28, United-States, >50K
68, Private,112891, Bachelors,12, Married-civ-spouse, Farming-fishing, Husband, White, Male,-87,1,48, United-States, >50K
32, Private,19275, HS-grad,9, Married-civ-spouse, Prof-specialty, Not-in-family, White, Female,-65,5,40, United-States, >50K
52, Private,17932, HS-grad,3, Married-civ-spouse, Exec-managerial, Not-in-family, White, Female,-64,5,40, Trinadad&Tobago, >50K
21, Private,73734, HS-grad,9, Never-married, Protective-serv, Husband, Black, Male,-25,5,40, Portugal, <=50K
64, Private,14756, Bachelors,3, Never-married, Adm-clerical, Not-in-family, White, Male,-90,0,40, India, <=50K
40, Private,149779, 9th,9, Married-spouse-absent, Machine-op-inspct, Not-in-family, Asian-Pac-Islander, Male,27,2410,61, United-States, <=50K
37, ?,78680, Some-college,9, Divorced, Adm-clerical, Not-in-family, White, Male,-23,6,42, United-States, <=50K
34, Private,161731, Bachelors,10, Married-civ-spouse, Prof-specialty, Not-in-family, White, Male,62,3,40, Greece, <=50K
60, Self-emp-not-inc,137027, Assoc-acdm,7, Never-married, Machine-op-inspct, Not-in-family, Amer-Indian-Eskimo, Male,40,2,40, United-States, >50K
30, Self-emp-not-inc,3502, HS-grad,10, Never-married, Transport-moving, Own-child, Black, Female,60,-1,40, United-States, >50K
50, Private,108027, Some-college,2, Married-civ-spouse, Other-service, Unmarried, White, Male,-120,1,40, United-States, <=50K
72, Private,165800, Bachelors,9, Married-civ-spouse, ?, Husband, White, Male,-60,-1,40, United-States, >50K
53, ?,245586, Assoc-acdm,5, Married-civ-spouse, Other-service, Not-in-family, White, Male,-21,2112,40, United-States, <=50K
44, Private,26388, Masters,5, Married-civ-spouse, Machine-op-inspct, Husband, Asian-Pac-Islander, Male,9,7,40, United-States, <=50K
21, Private,224117, Bachelors,9, Never-married, Farming-fishing, Husband, White, Male,-15,-4,40, United-States, <=50K
44, Local-gov,71189, Preschool,15, Divorced, Craft-repair, Not-in-family, White, Male,2400,1826,40, India, <=50K
49, Private,211845, Some-college,14, Divorced, ?, Husband, White, Female,5454,5,53, United-States, <=50K
78, Private,240078, Some-college,9, Married-civ-spouse, Prof-specialty, Husband, White, Male,-74,-1,46, United-States, >50K
56, Private,157372, HS-grad,9, Married-civ-spouse, Transport-moving, Own-child, White, Male,-14,-1,41, United-States, <=50K
70, ?,208543, Bachelors,2, Married-civ-spouse, Handlers-cleaners, Wife, Asian-Pac-Islander, Male,57,4,29, Italy, <=50K
49, ?,289797, Some-college,2, Divorced, Craft-repair, Not-in-family, Asian-Pac-Islander, Male,-44,3,48, United-States, <=50K
67, Private,39852, HS-grad,10, Never-married, Protective-serv, Wife, Asian-Pac-Islander, Male,28,4,40, United-States, <=50K
59, Private,314904, HS-grad,10, Married-civ-spouse, Craft-repair, Husband, White, Male,-60,1,49, United-States, <=50K
41, Private,1990, Some-college,9, Married-civ-spouse, Handlers-cleaners, Unmarried, Other, Male,-24,-4,40, United-States, <=50K
18, Private,141392, HS-grad,10, Married-civ-spouse, ?, Husband, White, Female,7097,-2,29, United-States, >50K
65, ?,139475, HS-grad,6, Never-married, Craft-repair, Not-in-family, Asian-Pac-Islander, Male,21,5,40, United-States, <=50K
31, Private,113080, Some-college,2, Married-civ-spouse, Adm-clerical, Husband, White, Male,-5,-1,40, United-States, <=50K
22, Private,119017, Assoc-acdm,9, Widowed, Craft-repair, Husband, White, Female,4,5,40, United-States, <=50K
71, Private,132035, HS-grad,13, Never-married, Machine-op-inspct, Husband, White, Female,-38,4,40, Canada, >50K
19, ?,206928, 10th,6, Never-married, ?, Husband, Asian-Pac-Islander, Female,57,7,52, United-States, >50K
47, Without-pay,219789, Some-college,14, Married-civ-spouse, ?, Husband, White, Male,111,4,28, Greece, <=50K
22, Private,70772, HS-grad,10, Never-married, Exec-managerial, Other-relative, White, Male,-94,3,40, United-States, <=50K
47, Local-gov,217868, HS-grad,15, Married-civ-spouse, Adm-clerical, Own-child, White, Male,-42,-4,64, United-States, <=50K
24, Private,14458, HS-grad,13, Married-civ-spouse, Tech-support, Husband, White, Male,45,5,40, ?, <=50K
46, State-gov,294962, HS-grad,14, Married-civ-spouse, Sales, Husband, White, Female,28,-2,0, United-States, <=50K
64, Private,34356, HS-grad,5, Married-civ-spouse, Transport-moving, Husband, White, Male,50,-5,49, United-States, <=50K
22, State-gov,169409, Doctorate,10, Married-civ-spouse, Transport-moving, Husband, White, Male,-58,-3,44, United-States, <=50K
68, Local-gov,56787, HS-grad,3, Married-civ-spouse, Transport-moving, Own-child, Black, Male,-48,4,30, United-States, <=50K
50, Private,448896, Assoc-acdm,9, Separated, Prof-specialty, Other-relative, White, Male,-26,1996,49, China, <=50K
46, Private,125694, HS-grad,9, Never-married, Prof-specialty, Husband, White, Male,-53,5,40, Italy, <=50K
72, Private,270969, Bachelors,9, Never-married, ?, Husband, Black, Male,-12,4,40, United-States, <=50K
50, Self-emp-not-inc,177848, HS-grad,7, Married-AF-spouse, Craft-repair, Wife, Black, Male,32,4,40, United-States, <=50K
22, Federal-gov,79127, Some-college,9, Married-spouse-absent, Other-service, Husband, Asian-Pac-Islander, Male,1606,-4,62, United-States, <=50K
48, Private,175534, Bachelors,9, Divorced, Craft-repair, Husband, Asian-Pac-Islander, Male,45,3,40, United-States, <=50K
52, Never-worked,29514, Some-college,14, Married-civ-spouse, ?, Unmarried, White, Male,-69,3,40, Philippines, <=50K
35, Private,143176, Assoc-voc,14, Never-married, Craft-repair, Own-child, White, Male,-15,-1,44, United-States, >50K
40, Local-gov,99931, 11th,9, Married-civ-spouse, Prof-specialty, Other-relative, White, Male,-91,4,17, Ireland, <=50K
73, Private,-6551, HS-grad,5, Married-civ-spouse, Exec-managerial, Not-in-family, White, Male,-33,1,45, United-States, >50K
33, Private,205792, HS-grad,6, Married-civ-spouse, Exec-managerial, Husband, White, Female,-39,-1,29, United-States, >50K
46, Self-emp-not-inc,150265, Some-college,9, Separated, Other-service, Not-in-family, White, Female,-15,-3,40, China, <=50K
25, Federal-gov,158800, HS-grad,14, Separated, Adm-clerical, Own-child, White, Female,5334,2105,40, Puerto-Rico, <=50K
34, Self-emp-not-inc,228994, HS-grad,9, Married-civ-spouse, Tech-support, Not-in-family, White, Male,28,2328,40, United-States, <=50K
35, Private,199282, Some-college,12, Married-civ-spouse, Farming-fishing, Not-in-family, White, Male,57,2360,40, England, <=50K
58, Private,224122, Bachelors,5, Widowed, Craft-repair, Husband, Asian-Pac-Islander, Male,-32,5,51, Poland, <=50K
57, ?,251097, Bachelors,10, Never-married, Protective-serv, Husband, White, Male,14566,-4,40, United-States, <=50K
33, Self-emp-not-inc,299790, HS-grad,10, Never-married, Craft-repair, Own-child, White, Male,6554,0,40, United-States, >50K
101, Private,159976, HS-grad,9, Divorced, ?, Husband, White, Female,-14,0,3, United-States, <=50K
35, Private,400157, Some-college,13, Married-civ-spouse, Transport-moving, Not-in-family, Amer-Indian-Eskimo, Male,41,1,40, United-States, <=50K
41, Private,138465, HS-grad,11, Divorced, Craft-repair, Not-in-family, White, Male,-95,-1,45, United-States, >50K
24, Local-gov,218204, HS-grad,4, Married-spouse-absent, Prof-specialty, Wife, Asian-Pac-Islander, Male,41,6,40, United-States, <=50K
34, Self-emp-not-inc,122563, Some-college,11, Never-married, Prof-specialty, Husband, White, Male,-9,3,12, United-States, <=50K
27, Private,18276, HS-grad,2, Married-civ-spouse, Farming-fishing, Own-child, Black, Female,-74,2484,40, Trinadad&Tobago, <=50K
42, Private,191836, HS-grad,14, Never-married, Exec-managerial, Not-in-family, Asian-Pac-Islander, Male,-48,1,40, South, <=50K
55, Private,177138, Masters,4, Married-civ-spouse, Adm-clerical, Husband, White, Male,-16,6,40, United-States, >50K
24, Private,167245, HS-grad,10, Never-married, Prof-specialty, Husband, White, Male,-38,-1,40, United-States, >50K
79, Private,66120, Assoc-voc,10, Never-married, Other-service, Husband, White, Male,-134,2273,40, Philippines, <=50K
38, Private,112157, 10th,3, Married-civ-spouse, Tech-support, Own-child, White, Female,-67,5,40, United-States, <=50K
68, Private,164928, Bachelors,14, Widowed, Machine-op-inspct, Husband, Asian-Pac-Islander, Female,-14,-3,54, United-States, <=50K
50, Private,104083, Bachelors,9, Widowed, Farming-fishing, Not-in-family, White, Male,3,2,40, Mexico, >50K
66, Private,25490, HS-grad,13, Never-married, ?, Unmarried, White, Female,-66,2,40, United-States, >50K
23, Private,140619, 11th,11, Married-civ-spouse, Sales, Own-child, White, Male,-46,-1,40, Cuba, <=50K
30, Private,146866, Some-college,14, Widowed, Farming-fishing, Husband, White, Female,-147,-2,33, Ireland, <=50K
33, Private,107366, Bachelors,9, Married-spouse-absent, Prof-specialty, Husband, White, Male,10,0,43, Portugal, <=50K
38, State-gov,93663, Bachelors,9, Divorced, Exec-managerial, Husband, White, Female,9,7,40, United-States, <=50K
63, Private,20119, Bachelors,15, Never-married, Adm-clerical, Not-in-family, White, Female,-37,-1,40, United-States, <=50K
37, Self-emp-inc,168838, Some-college,10, Married-civ-spouse, ?, Unmarried, White, Male,-2,4,40, United-States, >50K
40, Private,240271, Bachelors,12, Never-married, Exec-managerial, Wife, White, Female,-14,2,40, Guatemala, <=50K
34, Private,115486, Bachelors,9, Never-married, Prof-specialty, Husband, White, Male,-84,8,40, United-States, <=50K
80, ?,48767, HS-grad,9, Married-civ-spouse, Craft-repair, Husband, White, Male,-64,6,40, United-States, <=50K
25, Private,185159, 10th,11, Married-civ-spouse, Sales, Husband, White, Female,159,5,40, Philippines, <=50K
60, Private,256429, 1st-4th,12, Married-civ-spouse, Adm-clerical, Husband, White, Female,47,4,40, El-Salvador, <=50K
16, Private,240965, HS-grad,3, Divorced, Sales, Not-in-family, Other, Female,5763,1,30, United-States, <=50K
51, Private,242667, Bachelors,7, Married-civ-spouse, Transport-moving, Not-in-family, White, Male,-21,1825,40, United-States, <=50K
39, Self-emp-not-inc,4862, HS-grad,0, Never-married, Craft-repair, Own-child, White, Male,-31,2911,44, United-States, >50K
33, Self-emp-inc,202197, Assoc-voc,12, Married-civ-spouse, Prof-specialty, Husband, Black, Male,-23,-3,40, Mexico, <=50K
42, Local-gov,98457, Bachelors,12, Married-civ-spouse, ?, Not-in-family, White, Male,-38,8,40, United-States, <=50K
57, Private,111402, HS-grad,4, Never-married, Exec-managerial, Husband, Other, Male,-102,6,40, ?, <=50K
38, Self-emp-not-inc,240273, HS-grad,5, Never-married, Machine-op-inspct, Husband, Black, Male,-45,1463,40, United-States, >50K
45, Private,272503, Assoc-acdm,9, Never-married, Machine-op-inspct, Own-child, White, Male,-36,1558,48, Canada, >50K
40, Private,269452, 7th-8th,6, Separated, Handlers-cleaners, Husband, White, Male,14,1813,40, United-States, <=50K
59, Private,23449, 10th,14, Divorced, Handlers-cleaners, Husband, White, Male,-50,1,40, Germany, >50K
31, Private,159600, Some-college,9, Married-civ-spouse, Sales, Own-child, White, Female,-45,4,52, United-States, <=50K
54, Private,194973, Doctorate,10, Never-married, ?, Not-in-family, Asian-Pac-Islander, Male,-31,2361,40, Greece, <=50K
79, Private,160108, 5th-6th,9, Divorced, Farming-fishing, Husband, Asian-Pac-Islander, Male,85,1888,40, United-States, <=50K
71, Local-gov,80551, Some-college,12, Never-married, Farming-fishing, Husband, White, Female,-52,-4,36, Ecuador, >50K
48, Private,140076, Some-college,10, Divorced, Craft-repair, Other-relative, White, Male,-76,1978,59, United-States, <=50K
42, Private,113973, HS-grad,14, Separated, Priv-house-serv, Not-in-family, White, Male,-24,-1,44, United-States, <=50K
23, Local-gov,23879, Bachelors,9, Married-civ-spouse, Prof-specialty, Not-in-family, White, Female,124,-2,40, United-States, <=50K
35, Private,25116, Bachelors,11, Never-married, Adm-clerical, Husband, White, Female,-59,1691,49, Mexico, >50K
28, ?,253652, 7th-8th,10, Never-married, Exec-managerial, Own-child, White, Male,-65,1,-5, United-States, >50K
75, Private,198482, HS-grad,13, Divorced, Exec-managerial, Husband, White, Male,-141,-1,40, United-States, <=50K
34, Private,143535, HS-grad,2, Married-civ-spouse, Other-service, Not-in-family, White, Female,-90,-2,40, Poland, >50K
49, Private,56298, Some-college,4, Married-civ-spouse, Tech-support, Husband, White, Female,-111,5,40, United-States, >50K
60, Private,210269, Bachelors,3, Never-married, Exec-managerial, Husband, Black, Female,-71,-5,44, United-States, <=50K
28, Self-emp-inc,41881, HS-grad,6, Married-civ-spouse, Farming-fishing, Unmarried, White, Male,-11,3,53, England, >50K
44, Private,250404, Assoc-acdm,2, Never-married, Protective-serv, Husband, White, Male,5923,2,42, United-States, <=50K
39, Private,59495, HS-grad,9, Separated, Craft-repair, Own-child, Black, Male,23,1705,40, United-States, >50K
20, Private,129180, HS-grad,11, Married-AF-spouse, Sales, Husband, White, Male,-80,1954,43, Guatemala, <=50K
39, Private,79528, Masters,7, Never-married, Prof-specialty, Husband, Asian-Pac-Islander, Female,14,1,55, United-States, <=50K
33, Private,114638, Bachelors,13, Married-civ-spouse, Other-service, Wife, White, Male,-114,-1,63, United-States, <=50K
48, Private,367692, HS-grad,3, Married-civ-spouse, Craft-repair, Husband, Black, Male,102,0,40, United-States, >50K
70, Private,230453, Some-college,9, Never-married, Machine-op-inspct, Not-in-family, White, Male,-72,1485,21, United-States, <=50K
36, Private,127229, Some-college,1, Never-married, Sales, Husband, Black, Male,-93,2204,48, United-States, >50K
25, Local-gov,121077, Some-college,5, Married-civ-spouse, Adm-clerical, Husband, Asian-Pac-Islander, Male,-105,-4,40, United-States, <=50K
24, Private,121899, Some-college,5, Widowed, Prof-specialty, Husband, Asian-Pac-Islander, Male,-116,-2,40, United-States, <=50K
29, Private,225389, Bachelors,9, Married-civ-spouse, Prof-specialty, Own-child, White, Female,-25,3,40, United-States, <=50K
25, Private,163102, Prof-school,4, Married-civ-spouse, ?, Own-child, White, Male,88,6,41, United-States, <=50K
80, Private,284441, HS-grad,14, Married-civ-spouse, Exec-managerial, Husband, White, Male,-109,2,40, United-States, <=50K
33, Private,120147, HS-grad,10, Separated, Adm-clerical, Unmarried, Asian-Pac-Islander, Female,7521,7,40, Mexico, >50K
21, Local-gov,376105, HS-grad,7, Widowed, Exec-managerial, Wife, White, Male,-116,1,40, United-States, <=50K
84, ?,101818, 11th,14, Divorced, Sales, Husband, White, Male,-55,0,40, United-States, <=50K
38, Private,11619, Some-college,15, Never-married, Machine-op-inspct, Husband, White, Female,116,-1,44, United-States, <=50K
47, Private,96235, HS-grad,9, Married-civ-spouse, Exec-managerial, Husband, White, Female,-66,1905,40, United-States, >50K
47, State-gov,270582, Masters,11, Never-married, Craft-repair, Not-in-family, White, Female,-101,-1,28, Dominican-Republic, <=50K
73, ?,207212, HS-grad,9, Married-civ-spouse, Sales, Husband, Black, Male,-60,1,49, United-States, >50K
56, Private,133324, Some-college,6, Never-married, Handlers-cleaners, Husband, White, Male,-98,1,40, United-States, <=50K
71, Private,11044, Bachelors,9, Married-civ-spouse, Exec-managerial, Husband, Asian-Pac-Islander, Female,94,2,36, United-States, <=50K
66, Private,209348, HS-grad,10, Married-civ-spouse, Sales, Husband, Asian-Pac-Islander, Female,104,1800,40, United-States, <=50K
43, Private,93605, HS-grad,7, Married-civ-spouse, Other-service, Husband, Black, Male,-72,8,40, United-States, <=50K
49, Private,243657, Masters,10, Never-married, Craft-repair, Husband, White, Male,-77,5,40, Poland, >50K
34, Private,125551, 9th,14, Divorced, Prof-specialty, Not-in-family, White, Male,-68,2,47, United-States, <=50K
73, State-gov,162860, HS-grad,14, Never-married, Adm-clerical, Not-in-family, White, Male,-32,0,40, United-States, <=50K
63, Private,261900, HS-grad,8, Divorced, Sales, Own-child, Black, Male,-53,1,40, United-States, <=50K
40, Private,213186, HS-grad,10, Separated, Machine-op-inspct, Husband, Amer-Indian-Eskimo, Female,3243,4,37, United-States, <=50K
35, Private,118383, HS-grad,9, Divorced, Adm-clerical, Wife, White, Male,-83,0,49, United-States, <=50K
21, Private,134712, Assoc-acdm,9, Married-civ-spouse, Adm-clerical, Husband, White, Male,-110,0,40, United-States, <=50K
24, Self-emp-inc,374904, HS-grad,11, Never-married, Farming-fishing, Husband, White, Male,-27,5,49, United-States, >50K
48, Private,363588, Preschool,9, Married-civ-spouse, Exec-managerial, Not-in-family, White, Female,992,5,15, Ecuador, <=50K
37, Private,195885, Bachelors,10, Divorced, Machine-op-inspct, Husband, White, Male,-68,6,50, South, >50K
25, Private,34552, Some-college,14, Married-civ-spouse, Prof-specialty, Not-in-family, Black, Female,33,6,47, United-States, <=50K
40, Private,257680, HS-grad,13, Married-civ-spouse, Priv-house-serv, Other-relative, White, Male,-11,2087,-5, United-States, <=50K
47, Self-emp-not-inc,162137, HS-grad,9, Divorced, Tech-support, Own-child, White, Male,-9,4,40, Mexico, <=50K
29, Private,104170, Some-college,13, Married-civ-spouse, Prof-specialty, Husband, White, Male,-63,-1,48, United-States, <=50K
50, Federal-gov,37878, 5th-6th,16, Separated, Craft-repair, Husband, Asian-Pac-Islander, Male,-34,5,47, United-States, <=50K
39, Federal-gov,145617, HS-grad,13, Married-civ-spouse, Farming-fishing, Husband, White, Male,-28,-3,40, United-States, <=50K
45, Private,141614, 5th-6th,10, Separated, Prof-specialty, Own-child, White, Male,-42,3,40, United-States, <=50K
36, State-gov,73855, HS-grad,9, Never-married, Farming-fishing, Husband, Asian-Pac-Islander, Female,-59,1,49, United-States, <=50K
61, Private,365012, 12th,12, Divorced, Handlers-cleaners, Wife, White, Male,-53,2,12, United-States, <=50K
27, Private,154434, Preschool,2, Married-civ-spouse, Transport-moving, Husband, Black, Male,-50,3,40, United-States, <=50K
45, Private,194519, 11th,5, Never-married, Other-service, Husband, White, Male,-15,5,48, Mexico, <=50K
34, Private,108012, HS-grad,10, Never-married, Exec-managerial, Wife, White, Male,-38,6,40, United-States, <=50K
66, Private,217954, Masters,9, Married-civ-spouse, Transport-moving, Not-in-family, White, Male,-96,4,40, United-States, <=50K
49, Private,137407, Some-college,11, Never-married, Other-service, Husband, Black, Male,71,7,41, United-States, <=50K
85, Private,126935, HS-grad,13, Married-civ-spouse, Transport-moving, Unmarried, White, Male,-117,6,50, Mexico, >50K
34, Private,146639, HS-grad,5, Never-married, ?, Not-in-family, Asian-Pac-Islander, Male,2501,3,40, United-States, <=50K
47, Private,103474, Preschool,0, Married-spouse-absent, Tech-support, Own-child, White, Male,92,3,46, United-States, <=50K
43, Local-gov,28023, Doctorate,10, Never-married, Sales, Wife, Black, Male,-25,5,48, United-States, <=50K
39, Private,125664, Some-college,9, Married-civ-spouse, Prof-specialty, Husband, White, Female,18,1777,40, United-States, <=50K
63, Private,21311, Bachelors,9, Never-married, ?, Husband, White, Female,-93,-1,40, United-States, >50K
37, Private,155945, Bachelors,12, Married-spouse-absent, Farming-fishing, Husband, Black, Male,-57,5,64, United-States, <=50K
59, Private,211938, Bachelors,9, Widowed, Craft-repair, Husband, Black, Male,14904,4,40, China, <=50K
61, Private,37153, Some-college,7, Married-civ-spouse, Craft-repair, Unmarried, Asian-Pac-Islander, Female,8537,5,41, Guatemala, <=50K
19, Private,15556, HS-grad,10, Never-married, Adm-clerical, Husband, White, Male,-71,5,40, United-States, <=50K
37, Private,-2200, HS-grad,7, Married-civ-spouse, ?, Wife, Black, Female,-16,6,40, United-States, <=50K
33, Private,49062, HS-grad,14, Married-civ-spouse, Adm-clerical, Not-in-family, Asian-Pac-Islander, Male,-150,1,40, United-States, <=50K
37, Private,268066, HS-grad,3, Separated, Machine-op-inspct, Not-in-family, White, Male,65,6,42, United-States, <=50K
47, Private,162374, Some-college,13, Never-married, Sales, Unmarried, White, Female,-78,1745,46, United-States, <=50K
32, Private,182161, Some-college,9, Never-married, Prof-specialty, Husband, White, Male,-16,1,48, Philippines, <=50K
37, Private,132280, HS-grad,9, Married-civ-spouse, Other-service, Wife, Black, Male,34,0,29, United-States, >50K
52, Private,123448, Some-college,2, Never-married, Machine-op-inspct, Husband, White, Male,-23,1,40, Peru, <=50K
57, Local-gov,201818, 7th-8th,9, Divorced, Other-service, Not-in-family, White, Male,19,2261,50, ?, <=50K
46, Private,154458, HS-grad,5, Married-civ-spouse, Exec-managerial, Wife, White, Male,-10,-1,50, United-States, <=50K
35, State-gov,152190, Assoc-voc,9, Never-married, ?, Wife, White, Male,12,-2,40, United-States, <=50K
67, Private,306844, HS-grad,12, Widowed, Machine-op-inspct, Husband, Asian-Pac-Islander, Male,32,2,40, Mexico, <=50K
70, Local-gov,17297, Assoc-voc,2, Married-civ-spouse, Craft-repair, Husband, White, Male,4640,4,44, United-States, <=50K
26, Private,41069, HS-grad,10, Separated, Exec-managerial, Husband, Black, Female,106,-1,40, United-States, <=50K
35, Private,165178, HS-grad,2, Married-civ-spouse, Sales, Husband, White, Male,-94,-1,40, United-States, <=50K
38, Private,195899, Bachelors,11, Married-civ-spouse, Protective-serv, Own-child, White, Male,7883,0,105, United-States, <=50K
70, Private,12633, Bachelors,8, Divorced, Exec-managerial, Husband, White, Male,-71,4,51, United-States, >50K
22, Private,161937, HS-grad,10, Married-civ-spouse, Other-service, Wife, Black, Female,-120,4,15, Cuba, <=50K
20, Private,199517, 7th-8th,10, Never-married, Adm-clerical, Unmarried, Black, Male,14,0,33, United-States, <=50K
46, Private,48943, Doctorate,6, Married-civ-spouse, Craft-repair, Husband, White, Female,-41,-1,40, United-States, >50K
69, Private,140318, 11th,9, Married-spouse-absent, ?, Own-child, Asian-Pac-Islander, Female,23,3,3, Canada, <=50K
23, Private,142744, Assoc-acdm,9, Never-married, Craft-repair, Husband, Asian-Pac-Islander, Male,8,1,53, Hong, <=50K
30, Private,171598, HS-grad,10, Never-married, Machine-op-inspct, Own-child, White, Male,-117,-2,31, United-States, >50K
56, Local-gov,321855, Some-college,9, Never-married, Handlers-cleaners, Not-in-family, White, Male,-17,0,40, Portugal, <=50K
62, Private,248008, Masters,13, Married-civ-spouse, Other-service, Husband, White, Male,-37,2,49, United-States, <=50K
30, Self-emp-inc,156550, Some-college,9, Divorced, Exec-managerial, Husband, White, Female,6818,1,40, Mexico, >50K
33, Local-gov,243022, HS-grad,5, Married-civ-spouse, Adm-clerical, Husband, White, Male,-26,3,40, United-States, <=50K
25, Private,132059, Some-college,10, Never-married, Sales, Husband, White, Female,5,-5,51, United-States, >50K
61, Private,295768, HS-grad,9, Married-civ-spouse, Sales, Husband, White, Male,14260,2,42, South, <=50K
42, Private,200320, 12th,9, Married-civ-spouse, Prof-specialty, Husband, White, Male,6840,3,43, United-States, >50K
44, Private,143039, 9th,14, Married-civ-spouse, Adm-clerical, Wife, Black, Male,-4,-2,31, United-States, >50K
43, Private,9036, HS-grad,13, Never-married, Prof-specialty, Husband, White, Male,-89,0,34, United-States, <=50K
53, Private,313132, Some-college,13, Divorced, Exec-managerial, Husband, White, Male,-82,1,3, United-States, <=50K
34, Private,115190, Some-college,12, Separated, Prof-specialty, Husband, Other, Male,-35,4,41, United-States, <=50K
24, Private,12203, 11th,6, Separated, Adm-clerical, Not-in-family, White, Male,-354,5,40, India, <=50K
51, Private,117711, 11th,10, Never-married, Farming-fishing, Husband, White, Male,10,6,40, Mexico, <=50K
46, Private,346286, HS-grad,13, Never-married, Prof-specialty, Not-in-family, White, Male,-13,1,45, United-States, >50K
34, Self-emp-not-inc,234037, HS-grad,14, Never-married, Prof-specialty, Other-relative, White, Male,-2,0,40, United-States, <=50K
58, Private,163092, HS-grad,10, Married-civ-spouse, Prof-specialty, Husband, White, Female,49,-1,40, France, >50K
66, State-gov,138525, HS-grad,6, Married-civ-spouse, Prof-specialty, Own-child, White, Female,-46,5,40, United-States, <=50K
19, Private,224801, Doctorate,9, Married-civ-spouse, Tech-support, Not-in-family, White, Male,137,-3,40, United-States, <=50K
72, Local-gov,-2170, HS-grad,10, Never-married, Craft-repair, Husband, White, Male,-64,-3,48, Mexico, <=50K
26, Private,184205, Some-college,12, Never-married, Exec-managerial, Other-relative, White, Male,110,-1,40, Cuba, >50K
44, Private,169616, Some-college,14, Never-married, Machine-op-inspct, Other-relative, Asian-Pac-Islander, Female,-26,3,29, United-States, <=50K
21, Private,102698, Masters,16, Married-civ-spouse, Other-service, Unmarried, Black, Male,72,-1,53, United-States, <=50K
33, Self-emp-inc,170275, Some-college,9, Never-married, Machine-op-inspct, Not-in-family, White, Male,-20,1995,40, United-States, <=50K
44, Private,13190, HS-grad,5, Married-civ-spouse, Prof-specialty, Husband, White, Female,7,2109,11, Cambodia, >50K
44, Local-gov,118610, Some-college,12, Married-civ-spouse, Craft-repair, Husband, White, Male,-3,4,40, United-States, <=50K
45, Federal-gov,56153, HS-grad,9, Divorced, ?, Own-child, White, Male,95,4,40, United-States, >50K
54, Private,196556, HS-grad,13, Married-civ-spouse, Adm-clerical, Husband, White, Male,74,1842,40, Puerto-Rico, <=50K
31, Private,11039, HS-grad,6, Never-married, Craft-repair, Husband, White, Male,4842,-1,40, United-States, >50K
64, Private,286043, HS-grad,8, Married-civ-spouse, Exec-managerial, Not-in-family, White, Male,-120,1,40, United-States, <=50K
20, Self-emp-inc,260769, HS-grad,14, Never-married, Prof-specialty, Husband, White, Male,-72,1,40, Taiwan, >50K
75, Private,23659, 7th-8th,14, Divorced, Sales, Husband, Asian-Pac-Islander, Male,4172,2,40, Mexico, <=50K
36, Private,113292, Masters,11, Married-civ-spouse, Exec-managerial, Unmarried, White, Female,-3,0,40, United-States, <=50K
21, Private,112211, 10th,3, Never-married, Protective-serv, Husband, White, Female,15,-1,40, United-States, <=50K
28, Self-emp-inc,201956, HS-grad,0, Never-married, Exec-managerial, Unmarried, Asian-Pac-Islander, Male,-81,5,40, Philippines, <=50K
28, Private,267308, 11th,2, Widowed, Machine-op-inspct, Other-relative, White, Male,14170,-2,59, United-States, >50K
69, Self-emp-not-inc,223718, HS-grad,4, Never-married, Prof-specialty, Own-child, Black, Male,-2,-1,40, United-States, >50K
25, Self-emp-not-inc,174613, Doctorate,14, Separated, Sales, Husband, White, Male,-71,2,29, United-States, <=50K
57, Self-emp-not-inc,46090, Bachelors,10, Never-married, Prof-specialty, Not-in-family, White, Male,103,-1,19, United-States, <=50K
74, State-gov,184473, HS-grad,2, Divorced, Prof-specialty, Not-in-family, White, Male,-86,4,43, United-States, <=50K
33, Private,63429, 12th,12, Married-spouse-absent, Prof-specialty, Husband, White, Male,51,2,-4, United-States, <=50K
46, State-gov,157295, Some-college,13, Divorced, Farming-fishing, Not-in-family, White, Male,-99,1,40, United-States, <=50K
28, State-gov,146468, Bachelors,11, Married-spouse-absent, ?, Husband, Asian-Pac-Islander, Male,40,2,40, ?, <=50K
56, Private,85982, Some-college,7, Never-married, Adm-clerical, Not-in-family, Other, Male,-105,4,28, Ireland, <=50K
30, Private,216572, 11th,9, Never-married, Adm-clerical, Unmarried, White, Male,-78,-2,40, United-States, <=50K
94, Private,44651, Some-college,9, Married-civ-spouse, Sales, Wife, White, Male,8313,-6,59, United-States, <=50K
35, Private,175101, Some-college,7, Married-civ-spouse, Craft-repair, Husband, White, Female,-17,5,40, United-States, >50K
20, Private,84292, Assoc-voc,12, Married-civ-spouse, Handlers-cleaners, Husband, White, Male,-47,5,40, United-States, <=50K
23, Self-emp-not-inc,132556, Assoc-acdm,4, Widowed, Other-service, Husband, White, Female,30,3,43, United-States, >50K
35, Private,5858, Some-college,9, Never-married, Prof-specialty, Husband, Black, Male,11,3,40, United-States, <=50K
36, Private,158551, Some-college,9, Widowed, Transport-moving, Own-child, White, Male,32,1,40, United-States, <=50K
82, Private,209012, Some-college,13, Married-spouse-absent, Protective-serv, Not-in-family, Black, Male,35,6,43, Columbia, >50K
40, Private,160492, 11th,6, Married-civ-spouse, Craft-repair, Husband, White, Male,49,5,14, United-States, <=50K
38, Private,17121, HS-grad,11, Married-civ-spouse, Machine-op-inspct, Wife, White, Male,-6,4,40, United-States, >50K
72, Private,129109, HS-grad,13, Divorced, Machine-op-inspct, Own-child, White, Male,-52,-1,40, United-States, <=50K
54, Private,-5494, 7th-8th,4, Never-married, Adm-clerical, Unmarried, White, Female,-56,7,43, United-States, <=50K
32, Private,31520, Assoc-acdm,7, Married-spouse-absent, Tech-support, Not-in-family, White, Male,16207,4,40, United-States, >50K
38, Private,-606, HS-grad,7, Never-married, Transport-moving, Wife, Black, Male,-4,5,40, United-States, >50K
43, State-gov,247410, 5th-6th,5, Never-married, ?, Own-child, White, Male,-14,5,40, Mexico, >50K
45, Private,311871, HS-grad,8, Never-married, Other-service, Not-in-family, Black, Male,-44,-4,40, United-States, >50K
33, Private,93323, 10th,9, Never-married, Other-service, Own-child, White, Male,-93,2406,40, United-States, <=50K
48, ?,25248, HS-grad,5, Married-civ-spouse, ?, Unmarried, White, Female,-1194,5,40, United-States, <=50K
24, Private,26238, Bachelors,12, Never-married, Prof-specialty, Not-in-family, White, Male,-15,8,42, United-States, <=50K
61, Private,157344, HS-grad,13, Married-civ-spouse, Prof-specialty, Husband, White, Male,52,5,40, United-States, <=50K
58, Private,181148, 10th,10, Married-civ-spouse, Prof-specialty, Not-in-family, White, Male,16,-1,49, Vietnam, >50K
73, Private,146658, HS-grad,13, Married-AF-spouse, Tech-support, Not-in-family, Asian-Pac-Islander, Male,-18,-2,40, ?, <=50K
33, Private,6748, HS-grad,9, Married-civ-spouse, Craft-repair, Husband, White, Female,-11,-4,40, United-States, >50K
49, ?,186861, Some-college,11, Married-civ-spouse, Exec-managerial, Husband, White, Female,-32,0,40, United-States, <=50K
30, Private,155975, HS-grad,9, Never-married, Other-service, Husband, Amer-Indian-Eskimo, Female,6404,2315,40, United-States, <=50K
44, Private,247400, 1st-4th,9, Widowed, Sales, Other-relative, Black, Male,35,1986,47, United-States, <=50K
70, Private,108863, 11th,14, Married-civ-spouse, Exec-managerial, Own-child, White, Female,8065,6,48, Cambodia, <=50K
25, Private,546481, 5th-6th,4, Divorced, Machine-op-inspct, Own-child, White, Female,-16,3,49, United-States, >50K
32, Private,176690, Bachelors,5, Married-civ-spouse, Adm-clerical, Not-in-family, White, Male,-42,6,40, United-States, >50K
23, State-gov,107707, HS-grad,14, Never-married, Farming-fishing, Own-child, White, Male,66,-1,40, United-States, <=50K
32, Private,100192, 11th,13, Never-married, Sales, Husband, Black, Male,-9,6,29, Philippines, >50K
35, Private,182511, 11th,14, Married-civ-spouse, Other-service, Husband, White, Male,-21,2548,44, United-States, <=50K
30, Private,473188, Doctorate,9, Married-civ-spouse, Craft-repair, Husband, White, Male,83,2,49, England, <=50K
50, Private,249622, HS-grad,12, Married-civ-spouse, Sales, Husband, White, Male,-14,1944,40, El-Salvador, <=50K
20, Private,128083, 7th-8th,9, Never-married, ?, Husband, White, Male,-23,1602,40, United-States, >50K
47, Private,186063, Assoc-voc,10, Divorced, Handlers-cleaners, Husband, Asian-Pac-Islander, Male,29,4,42, India, <=50K
22, Private,280427, Prof-school,9, Married-civ-spouse, Exec-managerial, Husband, White, Male,-19,-1,40, United-States, >50K
29, Self-emp-not-inc,127703, Some-college,14, Married-civ-spouse, ?, Not-in-family, White, Male,-45,4,40, United-States, <=50K
58, State-gov,183025, 7th-8th,13, Never-married, Craft-repair, Not-in-family, White, Female,10,7,40, United-States, <=50K
45, Private,230719, Assoc-voc,10, Never-married, Sales, Other-relative, Black, Female,-69,3,48, United-States, >50K
61, ?,165453, Assoc-acdm,10, Married-civ-spouse, Prof-specialty, Not-in-family, White, Male,-130,-3,40, United-States, <=50K
22, Private,145990, HS-grad,13, Widowed, Sales, Husband, Asian-Pac-Islander, Male,1113,1,40, United-States, <=50K
24, Private,22605, Assoc-voc,2, Married-civ-spouse, Sales, Not-in-family, White, Male,72,2046,40, United-States, <=50K
69, Private,196056, Some-college,4, Separated, Prof-specialty, Not-in-family, Black, Female,24,0,40, Poland, <=50K
41, Federal-gov,176140, Masters,9, Never-married, Adm-clerical, Not-in-family, White, Female,-31,-3,40, United-States, <=50K
47, Private,163829, HS-grad,12, Married-civ-spouse, Transport-moving, Husband, White, Female,-94,-3,40, United-States, <=50K
30, ?,288690, Some-college,9, Never-married, Tech-support, Husband, Amer-Indian-Eskimo, Male,-78,1900,40, United-States, <=50K
31, Private,223013, Assoc-voc,13, Married-civ-spouse, Exec-managerial, Husband, White, Male,-40,8,40, United-States, <=50K
48, Private,290508, Bachelors,9, Never-married, Adm-clerical, Not-in-family, White, Female,12,2460,40, United-States, <=50K
35, Private,150337, HS-grad,6, Married-civ-spouse, Prof-specialty, Unmarried, Black, Female,82,2,40, United-States, <=50K
23, Private,95202, Some-college,13, Married-civ-spouse, Exec-managerial, Not-in-family, White, Male,-119,2034,43, United-States, <=50K
75, Private,140531, HS-grad,9, Married-civ-spouse, Other-service, Not-in-family, White, Male,1313,2,40, United-States, <=50K
74, Private,56896, Bachelors,9, Married-civ-spouse, Exec-managerial, Husband, White, Male,-97,1,59, Hungary, <=50K
25, Private,69054, HS-grad,9, Married-civ-spouse, Prof-specialty, Own-child, White, Female,-25,3,40, United-States, >50K
31, Private,121986, Some-college,9, Married-civ-spouse, ?, Not-in-family, White, Male,92,5,44, United-States, <=50K
37, Self-emp-inc,10879, Some-college,3, Divorced, Craft-repair, Husband, White, Female,1860,2069,40, United-States, <=50K
59, Private,53302, 11th,7, Never-married, Adm-clerical, Not-in-family, White, Male,-63,-1,40, United-States, <=50K
28, Private,4972, HS-grad,11, Married-AF-spouse, Craft-repair, Wife, White, Female,-66,-2,40, Italy, <=50K
45, Private,176538, Some-college,12, Never-married, Prof-specialty, Not-in-family, Black, Female,-112,5,43, United-States, <=50K
22, Self-emp-not-inc,165026, Some-college,13, Divorced, Adm-clerical, Not-in-family, White, Female,-15,-5,40, United-States, <=50K
54, Private,747, HS-grad,14, Separated, Adm-clerical, Not-in-family, White, Male,9,-2,29, United-States, >50K
17, Private,111730, 5th-6th,10, Married-civ-spouse, Tech-support, Own-child, White, Female,-3,0,40, United-States, >50K
50, Federal-gov,366615, 9th,9, Never-married, Exec-managerial, Not-in-family, Black, Male,-28,2,40, United-States, <=50K
30, Federal-gov,197109, Some-college,9, Married-civ-spouse, Other-service, Husband, White, Male,13,1,40, United-States, <=50K
36, Private,132434, HS-grad,9, Married-civ-spouse, Prof-specialty, Husband, White, Male,-126,-3,40, United-States, <=50K
75, Private,68527, 1st-4th,9, Married-civ-spouse, Prof-specialty, Husband, White, Male,-50,3,43, Jamaica, <=50K
29, Private,242293, Assoc-acdm,9, Married-spouse-absent, Exec-managerial, Husband, Black, Male,-101,2,44, Japan, >50K
92, Private,170956, HS-grad,2, Married-spouse-absent, Prof-specialty, Husband, White, Female,70,2053,40, United-States, <=50K
63, Self-emp-inc,169257, 11th,10, Married-civ-spouse, Priv-house-serv, Wife, White, Male,-42,-3,40, United-States, <=50K
48, ?,157139, Some-college,13, Married-civ-spouse, Prof-specialty, Husband, White, Male,-20,2,1, United-States, <=50K
52, Private,135002, Assoc-voc,14, Separated, Adm-clerical, Not-in-family, White, Male,98,4,40, United-States, <=50K
32, Private,1532, HS-grad,6, Divorced, Adm-clerical, Other-relative, White, Male,24,4,27, United-States, >50K
58, Federal-gov,173459, Masters,9, Married-civ-spouse, Prof-specialty, Husband, White, Male,-30,-2,28, Thailand, <=50K
53, Private,86472, HS-grad,9, Married-civ-spouse, Adm-clerical, Husband, Black, Male,35,2,40, United-States, <=50K
24, Private,150309, 9th,4, Married-civ-spouse, Transport-moving, Other-relative, White, Male,7161,4,48, Germany, >50K
28, Private,543886, Assoc-voc,11, Married-civ-spouse, ?, Husband, White, Male,7721,5,44, United-States, <=50K
96, Private,149227, HS-grad,10, Never-married, Craft-repair, Own-child, White, Male,-98,3,40, ?, <=50K
21, Private,167518, Bachelors,9, Married-civ-spouse, Exec-managerial, Not-in-family, White, Male,32,2238,40, Germany, <=50K
21, Private,185965, 10th,14, Married-spouse-absent, Prof-specialty, Own-child, Black, Male,-1,4,40, United-States, >50K
26, Private,25959, 11th,15, Married-civ-spouse, Adm-clerical, Not-in-family, White, Male,-70,1,40, United-States, <=50K
36, Private,128675, HS-grad,12, Divorced, Adm-clerical, Husband, White, Male,-131,2248,40, United-States, <=50K
45, Private,121087, HS-grad,9, Never-married, Machine-op-inspct, Other-relative, White, Male,8736,2,40, United-States, <=50K
46, Private,121755, 9th,13, Married-civ-spouse, Exec-managerial, Own-child, White, Female,122,4,10, United-States, <=50K
23, Private,346925, 7th-8th,9, Divorced, Other-service, Husband, Asian-Pac-Islander, Male,-73,0,40, United-States, <=50K
35, Private,154737, HS-grad,5, Married-spouse-absent, Craft-repair, Own-child, White, Male,102,1,40, United-States, >50K
20, ?,161603, Some-college,9, Never-married, Farming-fishing, Husband, Black, Female,3558,3,40, Mexico, <=50K
62, ?,246379, HS-grad,10, Never-married, Adm-clerical, Husband, White, Male,-39,-3,40, ?, <=50K
34, Private,302735, Assoc-voc,9, Married-civ-spouse, ?, Husband, White, Male,32,3,42, United-States, <=50K
31, Local-gov,144174, Some-college,9, Divorced, Exec-managerial, Not-in-family, White, Female,-4,4,40, United-States, <=50K
70, Federal-gov,321600, 9th,9, Married-civ-spouse, Craft-repair, Own-child, White, Male,-18,2405,40, United-States, <=50K
63, Private,145232, 7th-8th,9, Never-married, Exec-managerial, Unmarried, White, Male,-33,-1,40, Outlying-US(Guam-USVI-etc), <=50K
65, Local-gov,33984, HS-grad,7, Married-civ-spouse, Craft-repair, Husband, White, Female,-57,2444,42, Vietnam, <=50K
51, Private,119000, HS-grad,15, Separated, Sales, Husband, White, Male,109,7,28, Outlying-US(Guam-USVI-etc), <=50K
16, Private,72508, HS-grad,15, Never-married, Tech-support, Husband, Amer-Indian-Eskimo, Male,-42,-1,40, United-States, >50K
30, Private,119873, Some-college,2, Married-civ-spouse, Machine-op-inspct, Husband, White, Male,-10,3,40, United-States, <=50K
21, State-gov,190263, HS-grad,10, Never-married, ?, Husband, White, Male,-94,2,52, United-States, <=50K
69, Private,202023, HS-grad,4, Never-married, Farming-fishing, Husband, Black, Female,-119,-4,40, United-States, >50K
23, Private,261932, HS-grad,7, Divorced, Craft-repair, Husband, White, Male,-8,8,40, United-States, <=50K
26, Self-emp-not-inc,252918, HS-grad,9, Married-civ-spouse, Handlers-cleaners, Husband, White, Male,55,2,40, United-States, >50K
23, State-gov,182616, HS-grad,6, Never-married, Prof-specialty, Unmarried, White, Male,18,1,40, United-States, >50K
43, Private,41026, 9th,15, Never-married, Machine-op-inspct, Not-in-family, White, Female,-98,4,49, United-States, <=50K
56, Local-gov,308552, HS-grad,9, Never-married, Other-service, Not-in-family, Black, Male,-70,-2,40, United-States, <=50K
42, Local-gov,116234, HS-grad,13, Divorced, Farming-fishing, Not-in-family, White, Male,-45,1,40, Cuba, <=50K
20, Private,127134, 5th-6th,9, Never-married, Sales, Unmarried, White, Female,-23,-3,40, United-States, <=50K
26, Private,147254, HS-grad,9, Married-civ-spouse, Adm-clerical, Wife, Amer-Indian-Eskimo, Male,-79,-3,41, Honduras, <=50K
20, Private,167030, HS-grad,7, Never-married, Priv-house-serv, Husband, White, Male,-41,2,28, United-States, <=50K
68, Federal-gov,173408, 11th,16, Divorced, ?, Own-child, White, Male,72,7,40, United-States, <=50K
34, Private,45993, Some-college,10, Never-married, Prof-specialty, Husband, White, Male,-79,2,40, United-States, >50K
71, Private,23948, 1st-4th,5, Married-spouse-absent, Exec-managerial, Husband, Asian-Pac-Islander, Female,-37,0,40, United-States, <=50K
17, Private,227015, HS-grad,4, Married-civ-spouse, Prof-specialty, Not-in-family, Black, Female,-8,2272,40, Iran, <=50K
88, Private,181002, Bachelors,10, Never-married, Adm-clerical, Other-relative, White, Male,10,0,65, United-States, <=50K
49, Federal-gov,257865, Doctorate,11, Married-civ-spouse, Sales, Not-in-family, White, Male,-42,4,40, United-States, <=50K
39, Private,216944, Bachelors,1, Married-civ-spouse, Other-service, Husband, White, Male,-28,-1,51, United-States, <=50K
59, Private,155491, Masters,7, Married-spouse-absent, Farming-fishing, Not-in-family, White, Male,106,2400,40, United-States, <=50K
30, Private,224674, Bachelors,4, Never-married, Transport-moving, Husband, White, Male,64,1536,43, Mexico, >50K
30, Private,37992, HS-grad,12, Married-civ-spouse, Craft-repair, Not-in-family, White, Male,-96,3,40, Outlying-US(Guam-USVI-etc), <=50K
26, Private,168132, Bachelors,1, Married-civ-spouse, Other-service, Other-relative, White, Male,-20,3,40, United-States, <=50K
26, State-gov,137218, 10th,13, Never-married, Farming-fishing, Own-child, White, Female,93,1,40, United-States, <=50K
22, Private,166492, Assoc-voc,9, Never-married, Craft-repair, Husband, White, Male,-27,5,28, El-Salvador, <=50K
42, Private,180336, HS-grad,9, Never-married, Sales, Husband, White, Male,-85,4,40, United-States, <=50K
40, Private,186120, Assoc-acdm,10, Never-married, Exec-managerial, Husband, White, Male,-32,-2,40, United-States, <=50K
54, Local-gov,40795, HS-grad,7, Never-married, Prof-specialty, Husband, White, Male,31,0,40, United-States, <=50K
40, Private,131201, Some-college,4, Married-civ-spouse, Sales, Husband, White, Male,7243,3,40, United-States, <=50K
31, Private,118096, Masters,9, Married-spouse-absent, Transport-moving, Husband, White, Male,-126,4,40, United-States, <=50K
34, Self-emp-inc,135539, Masters,6, Married-civ-spouse, Machine-op-inspct, Husband, White, Female,27,1907,40, United-States, >50K
33, Private,148386, HS-grad,9, Never-married, Priv-house-serv, Other-relative, White, Male,-28,-2,40, United-States, <=50K
39, Private,46809, Some-college,15, Never-married, Other-service, Husband, White, Female,-125,1958,32, United-States, <=50K
50, Private,152505, HS-grad,11, Never-married, Exec-managerial, Wife, Black, Male,0,3,40, United-States, >50K
38, Local-gov,35986, Bachelors,16, Widowed, Adm-clerical, Husband, White, Female,-32,2353,83, United-States, >50K
30, Private,191986, Some-college,10, Never-married, Exec-managerial, Not-in-family, White, Male,5258,0,40, United-States, <=50K
48, Private,131495, Preschool,12, Married-civ-spouse, Sales, Other-relative, White, Male,88,6,40, Cuba, <=50K
34, Private,155845, 10th,9, Married-spouse-absent, Craft-repair, Not-in-family, White, Male,89,4,40, Philippines, <=50K
43, Private,434703, HS-grad,7, Married-civ-spouse, Prof-specialty, Not-in-family, White, Female,37,1,40, United-States, <=50K
39, Local-gov,129681, HS-grad,6, Never-married, Protective-serv, Other-relative, Black, Male,13,7,40, United-States, <=50K
24, Private,178873, HS-grad,4, Divorced, ?, Not-in-family, Asian-Pac-Islander, Male,25,1886,40, United-States, <=50K
67, Private,79354, HS-grad,13, Divorced, Sales, Husband, White, Male,-65,4,43, United-States, >50K
38, Private,109102, HS-grad,13, Never-married, Prof-specialty, Not-in-family, White, Female,6904,6,36, Hungary, <=50K
28, Private,191879, HS-grad,11, Never-married, Prof-specialty, Own-child, White, Female,11,2,40, United-States, <=50K
47, Private,158456, HS-grad,4, Never-married, Handlers-cleaners, Husband, White, Female,2038,3,5, United-States, <=50K
33, State-gov,259887, HS-grad,7, Never-married, Priv-house-serv, Other-relative, White, Male,-51,1816,29, United-States, <=50K
47, Private,36704, Some-college,7, Never-married, Sales, Husband, Asian-Pac-Islander, Male,-101,1978,40, United-States, <=50K
21, Private,4296, Some-college,14, Married-civ-spouse, Adm-clerical, Not-in-family, Asian-Pac-Islander, Male,-46,0,41, Taiwan, >50K
18, Private,214780, Masters,13, Married-civ-spouse, Prof-specialty, Husband, Black, Female,1677,-1,40, United-States, <=50K
42, Private,152349, HS-grad,14, Married-civ-spouse, Adm-clerical, Not-in-family, White, Male,-57,4,43, United-States, >50K
41, Private,240998, 1st-4th,10, Married-civ-spouse, Craft-repair, Not-in-family, White, Female,56,4,32, United-States, <=50K
36, Private,188320, HS-grad,9, Divorced, Exec-managerial, Husband, White, Male,-9,1770,29, United-States, >50K
29, ?,363238, Some-college,12, Divorced, Sales, Own-child, Black, Male,-53,2592,4, United-States, <=50K
59, Federal-gov,163851, HS-grad,3, Separated, Prof-specialty, Not-in-family, White, Male,-1,2406,40, United-States, <=50K
22, Private,136630, Some-college,14, Widowed, Exec-managerial, Not-in-family, White, Male,15,2379,50, India, <=50K
19, Private,174937, HS-grad,13, Married-civ-spouse, Sales, Not-in-family, Other, Male,0,5,49, United-States, >50K
17, Private,7611, HS-grad,5, Never-married, Craft-repair, Husband, White, Male,-74,3,31, United-States, >50K
41, Private,-5568, HS-grad,8, Married-civ-spouse, Sales, Husband, White, Male,84,2,42, United-States, <=50K
37, Private,165841, Bachelors,9, Married-civ-spouse, Protective-serv, Husband, White, Male,-5,4,40, United-States, >50K
31, Private,100313, HS-grad,9, Never-married, Machine-op-inspct, Own-child, Asian-Pac-Islander, Male,7948,8,40, United-States, <=50K
64, Private,99403, HS-grad,9, Divorced, Other-service, Husband, Black, Male,-73,-5,40, United-States, <=50K
17, Private,83869, Bachelors,5, Married-civ-spouse, ?, Husband, White, Male,-66,7,44, Philippines, <=50K
65, Private,148474, Bachelors,12, Never-married, ?, Husband, White, Male,105,-1,40, United-States, >50K
45, Self-emp-inc,256546, Some-college,12, Married-civ-spouse, ?, Husband, White, Male,25,6,60, United-States, <=50K
64, Private,134636, 11th,14, Never-married, ?, Not-in-family, White, Male,510,1,15, United-States, <=50K
24, Private,248376, Doctorate,4, Married-civ-spouse, Prof-specialty, Own-child, White, Female,-91,5,42, India, <=50K
20, ?,161982, Bachelors,4, Married-civ-spouse, Adm-clerical, Not-in-family, White, Male,-127,-2,10, United-States, <=50K
43, Private,78785, Bachelors,9, Married-civ-spouse, ?, Unmarried, White, Male,-75,1,40, United-States, >50K
74, Private,310557, HS-grad,7, Married-civ-spouse, Craft-repair, Not-in-family, White, Male,118,0,40, United-States, <=50K
18, Private,223237, HS-grad,10, Never-married, ?, Own-child, White, Male,-50,2,48, Mexico, <=50K
50, Private,149642, HS-grad,11, Married-civ-spouse, Craft-repair, Husband, White, Male,11,2165,29, United-States, >50K
37, State-gov,64166, HS-grad,13, Never-married, Tech-support, Husband, White, Male,38,4,40, United-States, >50K
58, Private,147033, Bachelors,9, Married-civ-spouse, Exec-managerial, Own-child, White, Male,-21,5,40, United-States, >50K
35, Self-emp-not-inc,121805, Some-college,9, Married-civ-spouse, Adm-clerical, Own-child, Black, Male,25,5,88, United-States, >50K
30, Self-emp-not-inc,188416, HS-grad,10, Married-civ-spouse, Other-service, Not-in-family, White, Female,13,-3,40, Taiwan, >50K
35, Private,31157, HS-grad,10, Never-married, Prof-specialty, Husband, Amer-Indian-Eskimo, Male,-54,6,40, United-States, >50K
66, Private,226042, Assoc-acdm,10, Widowed, Other-service, Not-in-family, White, Male,-113,4,40, United-States, <=50K
44, Self-emp-not-inc,264133, Prof-school,12, Widowed, ?, Wife, White, Male,-20,1,49, United-States, <=50K
37, Private,17818, HS-grad,9, Married-civ-spouse, Adm-clerical, Husband, White, Male,33,-2,40, United-States, <=50K
44, Private,336012, Some-college,9, Never-married, Other-service, Not-in-family, Asian-Pac-Islander, Male,-49,4,42, United-States, >50K
30, Private,122960, HS-grad,14, Never-married, Priv-house-serv, Husband, White, Male,-105,-1,45, United-States, <=50K
36, Private,133058, HS-grad,13, Never-married, Prof-specialty, Wife, White, Male,7691,-3,36, United-States, >50K
36, ?,385829, 10th,11, Never-married, Sales, Husband, White, Female,58,1775,48, Trinadad&Tobago, <=50K
39, ?,247640, HS-grad,13, Divorced, Other-service, Not-in-family, White, Male,24,-1,45, United-States, <=50K
41, Private,123563, Assoc-voc,5, Never-married, Sales, Unmarried, White, Female,3419,6,40, United-States, <=50K
56, Private,229563, HS-grad,13, Married-civ-spouse, Other-service, Husband, White, Male,-24,6,40, United-States, <=50K
25, ?,305021, HS-grad,12, Married-civ-spouse, Sales, Not-in-family, White, Male,78,1,40, United-States, <=50K
44, Private,116585, HS-grad,16, Divorced, Craft-repair, Husband, Black, Male,-78,0,40, United-States, >50K
55, Private,158298, Assoc-voc,13, Married-civ-spouse, Transport-moving, Not-in-family, Asian-Pac-Islander, Male,17,5,47, China, <=50K
60, Private,212949, Some-college,13, Married-civ-spouse, Craft-repair, Husband, White, Male,-16,4,48, Iran, <=50K
40, Private,226589, HS-grad,9, Never-married, ?, Husband, Black, Male,5795,1717,40, ?, <=50K
31, Private,379706, Assoc-acdm,10, Divorced, Adm-clerical, Husband, Asian-Pac-Islander, Male,79,1878,40, Vietnam, <=50K
37, Private,197166, Some-college,9, Married-civ-spouse, ?, Not-in-family, White, Female,-54,6,40, United-States, <=50K
27, ?,80042, Some-college,5, Married-civ-spouse, Exec-managerial, Not-in-family, Asian-Pac-Islander, Male,6505,-1,43, United-States, <=50K
34, Private,165767, HS-grad,10, Divorced, Prof-specialty, Husband, Asian-Pac-Islander, Male,-28,1,40, United-States, >50K
42, Private,109430, Assoc-voc,9, Never-married, Farming-fishing, Husband, White, Male,-37,-5,30, United-States, <=50K
58, State-gov,149308, HS-grad,14, Never-married, Handlers-cleaners, Own-child, Black, Male,83,2,49, ?, <=50K
39, State-gov,100655, Masters,10, Never-married, Machine-op-inspct, Own-child, White, Female,-31,5,40, United-States, >50K
33, Private,85482, HS-grad,10, Never-married, Adm-clerical, Husband, Black, Male,-28,4,40, United-States, <=50K
46, Private,23815, HS-grad,9, Never-married, Adm-clerical, Not-in-family, White, Female,48,6,40, United-States, <=50K
41, Private,124215, Some-college,12, Widowed, Machine-op-inspct, Other-relative, Other, Male,7366,-1,40, United-States, <=50K
23, Private,27471, Some-college,10, Separated, Priv-house-serv, Wife, Other, Male,-31,-1,29, United-States, <=50K
34, Private,126976, HS-grad,9, Never-married, Craft-repair, Husband, White, Female,-42,5,43, United-States, >50K
41, Private,181762, 11th,1, Divorced, Craft-repair, Husband, White, Male,7224,5,40, United-States, <=50K
22, Local-gov,127921, Masters,7, Never-married, Farming-fishing, Husband, White, Male,-38,2543,40, United-States, <=50K
59, Private,114681, Assoc-voc,10, Never-married, Craft-repair, Husband, White, Male,-102,3,40, United-States, <=50K
43, Self-emp-not-inc,206380, Some-college,14, Never-married, Craft-repair, Husband, Asian-Pac-Islander, Female,654,2,54, United-States, <=50K
73, Private,117235, Doctorate,13, Never-married, Prof-specialty, Unmarried, White, Male,-128,0,40, United-States, <=50K
46, Self-emp-inc,120292, Some-college,10, Never-married, Machine-op-inspct, Husband, Black, Female,53,3,40, United-States, <=50K
31, Private,220321, Some-college,13, Divorced, Transport-moving, Own-child, White, Male,10,2160,40, Mexico, <=50K
40, Private,162702, HS-grad,9, Widowed, Other-service, Husband, White, Male,-77,5,40, United-States, <=50K
32, Private,14862, Some-college,8, Married-AF-spouse, Sales, Not-in-family, White, Male,34,2,40, United-States, <=50K
29, Private,65135, Prof-school,9, Never-married, Machine-op-inspct, Husband, White, Male,50,3,40, United-States, >50K
25, Private,38057, HS-grad,9, Never-married, ?, Own-child, Black, Male,70,5,31, United-States, <=50K
31, Never-worked,137951, Some-college,13, Married-civ-spouse, ?, Not-in-family, White, Male,-88,4,48, United-States, <=50K
31, Federal-gov,318394, Some-college,9, Never-married, Sales, Husband, White, Female,-31,5,40, ?, <=50K
17, Local-gov,187858, Some-college,9, Never-married, ?, Husband, White, Male,-55,-2,40, United-States, <=50K
82, Self-emp-inc,126277, 7th-8th,14, Never-married, Other-service, Unmarried, Black, Female,5851,3,40, United-States, >50K
42, Private,233355, 9th,13, Divorced, Adm-clerical, Not-in-family, White, Male,47,1925,42, Guatemala, >50K
46, Private,143740, Some-college,7, Married-civ-spouse, Adm-clerical, Husband, Black, Male,55,6,40, United-States, <=50K
52, Private,141892, Assoc-voc,9, Divorced, ?, Own-child, White, Female,-3,2150,49, United-States, <=50K
71, Private,365360, HS-grad,5, Married-civ-spouse, Prof-specialty, Not-in-family, White, Male,-17,1856,50, United-States, <=50K
43, Private,34448, HS-grad,9, Never-married, Craft-repair, Husband, White, Male,-25,2,40, United-States, <=50K
53, Private,25894, HS-grad,9, Never-married, Craft-repair, Husband, White, Male,4215,1,48, Puerto-Rico, >50K
73, Private,312514, Assoc-acdm,14, Widowed, Prof-specialty, Husband, Black, Male,-96,0,40, United-States, <=50K
52, Private,149753, HS-grad,12, Never-married, Other-service, Husband, White, Male,-35,3,48, Mexico, <=50K
48, Self-emp-not-inc,31816, HS-grad,5, Married-civ-spouse, Machine-op-inspct, Own-child, Amer-Indian-Eskimo, Male,5,-5,40, United-States, <=50K
56, Private,77256, 11th,10, Never-married, Exec-managerial, Not-in-family, White, Female,-78,7,40, United-States, <=50K
44, Self-emp-not-inc,118471, Some-college,9, Widowed, ?, Husband, Asian-Pac-Islander, Male,71,7,40, United-States, >50K
103, Federal-gov,6170, Some-college,9, Never-married, Adm-clerical, Husband, White, Male,16,1,40, England, <=50K
26, Private,218407, 9th,10, Never-married, Prof-specialty, Husband, Black, Female,-53,3,40, Italy, <=50K
39, Private,1937, Some-college,8, Never-married, Craft-repair, Husband, White, Male,-86,2099,40, United-States, >50K
35, Self-emp-not-inc,257977, Some-college,14, Married-civ-spouse, Farming-fishing, Wife, White, Male,4418,5,27, United-States, <=50K
53, Private,159345, Bachelors,7, Never-married, Prof-specialty, Husband, Black, Female,4147,4,40, United-States, <=50K
26, Private,189728, Some-college,11, Never-married, Handlers-cleaners, Husband, White, Male,50,2,49, Outlying-US(Guam-USVI-etc), <=50K
46, ?,93356, HS-grad,5, Married-civ-spouse, Exec-managerial, Not-in-family, Black, Male,72,-3,53, Haiti, >50K
46, Private,107991, HS-grad,7, Never-married, Exec-managerial, Husband, White, Female,82,3,40, United-States, >50K
79, Private,213615, Some-college,5, Never-married, Prof-specialty, Husband, White, Male,25,-1,40, United-States, <=50K
27, Private,202394, Bachelors,4, Divorced, Machine-op-inspct, Own-child, White, Female,-37,2,40, Jamaica, <=50K
29, Private,227356, HS-grad,2, Divorced, Prof-specialty, Own-child, White, Female,27,2,40, United-States, <=50K
30, Private,36814, Some-college,16, Divorced, ?, Not-in-family, White, Male,8443,4,29, United-States, <=50K
27, Private,254454, HS-grad,3, Married-civ-spouse, Handlers-cleaners, Husband, Asian-Pac-Islander, Female,1035,2,40, Guatemala, <=50K
34, State-gov,131771, Some-college,14, Married-civ-spouse, ?, Not-in-family, White, Male,7390,6,40, China, <=50K
32, Self-emp-not-inc,194872, HS-grad,6, Married-civ-spouse, Sales, Husband, Asian-Pac-Islander, Male,-68,7,40, United-States, <=50K
38, Private,23921, Some-college,7, Never-married, Transport-moving, Husband, Black, Male,-23,1,40, Thailand, <=50K
29, Private,108852, HS-grad,11, Never-married, Adm-clerical, Other-relative, Black, Male,-84,2,40, United-States, <=50K
31, Private,197993, HS-grad,3, Never-married, Transport-moving, Husband, White, Male,6091,5,40, United-States, <=50K
28, Private,14714, HS-grad,9, Married-civ-spouse, Adm-clerical, Husband, White, Male,-12,-1,45, Haiti, >50K
44, Private,140019, HS-grad,10, Married-civ-spouse, Adm-clerical, Not-in-family, White, Female,62,3,42, United-States, >50K
69, Private,57271, HS-grad,3, Never-married, Adm-clerical, Husband, White, Male,-86,2,40, United-States, <=50K
83, Private,136156, Masters,9, Never-married, Exec-managerial, Unmarried, White, Male,40,4,43, United-States, <=50K
24, Private,123688, Some-college,9, Divorced, Machine-op-inspct, Husband, White, Male,-25,-4,40, Guatemala, <=50K
31, Private,327947, HS-grad,10, Widowed, Exec-managerial, Husband, White, Female,-32,4,35, United-States, <=50K
33, Private,99088, HS-grad,2, Divorced, Exec-managerial, Wife, Other, Male,-20,1,40, United-States, <=50K
52, Private,168098, HS-grad,5, Widowed, ?, Not-in-family, Other, Male,21,4,48, United-States, <=50K
22, Local-gov,17419, 5th-6th,7, Never-married, Adm-clerical, Husband, Black, Female,30,0,35, United-States, <=50K
20, Private,137753, Masters,9, Never-married, Other-service, Unmarried, Black, Male,42,6,48, United-States, <=50K
19, Private,153001, HS-grad,14, Never-married, Prof-specialty, Husband, Asian-Pac-Islander, Male,5705,-2,44, ?, <=50K
47, Private,3864, Some-college,10, Married-AF-spouse, Other-service, Own-child, White, Male,-40,-4,47, Columbia, <=50K
86, Private,193636, 1st-4th,10, Never-married, Machine-op-inspct, Husband, White, Male,-70,3,40, United-States, <=50K
73, ?,118570, Some-college,9, Married-civ-spouse, Exec-managerial, Own-child, Other, Male,-70,1960,33, United-States, <=50K
35, Private,181742, 7th-8th,11, Divorced, Other-service, Wife, White, Male,-86,0,40, United-States, <=50K
32, Private,151483, Some-college,9, Never-married, Transport-moving, Husband, White, Male,-42,7,40, United-States, <=50K
19, Private,103513, HS-grad,7, Divorced, Prof-specialty, Not-in-family, White, Male,-1,7,40, Peru, <=50K
28, Local-gov,136432, 11th,12, Married-civ-spouse, Prof-specialty, Not-in-family, White, Female,-77,-3,40, Cuba, <=50K
35, Private,109707, 9th,6, Divorced, ?, Unmarried, White, Male,-117,2,40, United-States, <=50K
63, Private,109246, HS-grad,3, Widowed, Prof-specialty, Not-in-family, White, Female,98,-1,40, Peru, <=50K
31, Self-emp-not-inc,164975, Some-college,13, Never-married, Adm-clerical, Unmarried, Black, Female,31,2016,45, United-States, >50K
34, Self-emp-not-inc,182581, HS-grad,9, Never-married, Exec-managerial, Own-child, White, Male,-18,4,35, Outlying-US(Guam-USVI-etc), <=50K
56, Private,137634, Assoc-acdm,9, Never-married, ?, Own-child, Amer-Indian-Eskimo, Female,9,5,40, United-States, <=50K
17, Private,11585, Doctorate,11, Married-civ-spouse, Sales, Unmarried, White, Male,-10,-8,40, Cuba, <=50K
40, Private,90063, Some-college,10, Never-married, Machine-op-inspct, Husband, Black, Male,-15,1,48, United-States, >50K
27, Private,337884, Some-college,14, Married-civ-spouse, Exec-managerial, Not-in-family, White, Male,6492,2,40, Mexico, <=50K
25, Self-emp-inc,888, HS-grad,5, Separated, Prof-specialty, Unmarried, White, Female,97,2228,40, United-States, <=50K
47, Private,32082, 11th,14, Widowed, Craft-repair, Own-child, White, Female,-117,-3,49, United-States, <=50K
46, Private,23871, HS-grad,14, Married-civ-spouse, Handlers-cleaners, Other-relative, White, Male,-49,1,48, United-States, <=50K
24, Private,172069, HS-grad,1, Married-civ-spouse, Craft-repair, Not-in-family, White, Male,4,7,40, Germany, <=50K
52, Private,264944, HS-grad,9, Married-spouse-absent, Exec-managerial, Other-relative, White, Male,-2,-1,32, United-States, <=50K
30, ?,48376, 5th-6th,9, Never-married, Craft-repair, Husband, White, Male,1994,6,40, United-States, <=50K
43, Private,90295, Bachelors,9, Separated, Exec-managerial, Unmarried, White, Male,4522,1930,-2, United-States, <=50K
40, Private,177384, HS-grad,14, Divorced, Craft-repair, Own-child, White, Male,84,4,40, United-States, <=50K
40, Private,197662, 10th,14, Widowed, Prof-specialty, Unmarried, White, Female,-5,-4,4, United-States, >50K
38, Private,36817, Prof-school,9, Married-spouse-absent, Craft-repair, Husband, White, Female,-109,-3,54, United-States, >50K
56, Self-emp-not-inc,302460, Some-college,10, Never-married, Sales, Other-relative, White, Female,-50,3,40, United-States, <=50K
24, Private,154937, 10th,7, Separated, Prof-specialty, Own-child, Black, Male,-23,1803,40, Mexico, <=50K
60, Private,219920, Assoc-acdm,14, Never-married, Craft-repair, Husband, White, Male,7173,3,40, United-States, >50K
26, Private,184973, Some-college,14, Never-married, Exec-managerial, Not-in-family, White, Male,-43,1306,43, United-States, <=50K
29, Private,170887, Bachelors,9, Never-married, Craft-repair, Own-child, White, Female,39,5,40, United-States, <=50K
61, Private,204805, HS-grad,9, Widowed, Prof-specialty, Unmarried, Asian-Pac-Islander, Male,-23,1618,50, United-States, <=50K
56, Private,254393, 5th-6th,3, Divorced, Prof-specialty, Husband, White, Female,15,3,40, United-States, <=50K
33, Private,195191, Some-college,9, Married-civ-spouse, Farming-fishing, Not-in-family, Black, Male,-13,0,40, United-States, <=50K
24, Local-gov,24396, Assoc-voc,11, Married-civ-spouse, Protective-serv, Husband, White, Male,-19,0,40, United-States, <=50K
19, Local-gov,13196, HS-grad,6, Never-married, Prof-specialty, Unmarried, Black, Male,-111,1631,40, United-States, <=50K
20, Self-emp-not-inc,21150, Doctorate,9, Never-married, Machine-op-inspct, Husband, Other, Male,-103,-2,40, United-States, <=50K
52, Self-emp-inc,175927, 1st-4th,9, Never-married, Farming-fishing, Husband, White, Female,22,-1,40, Guatemala, >50K
17, Private,130114, HS-grad,4, Married-spouse-absent, Prof-specialty, Not-in-family, White, Male,69,2112,14, Honduras, <=50K
46, ?,140413, 1st-4th,10, Married-civ-spouse, Prof-specialty, Husband, Other, Female,-11,0,1, United-States, >50K
35, Private,200015, 5th-6th,10, Married-civ-spouse, Craft-repair, Husband, White, Male,-63,1,40, United-States, >50K
36, Private,137772, 10th,9, Never-married, Sales, Husband, White, Male,-26,-4,40, United-States, >50K
29, State-gov,162432, HS-grad,14, Married-civ-spouse, Tech-support, Own-child, White, Male,28,4,29, United-States, <=50K
46, Private,221855, HS-grad,10, Never-married, ?, Not-in-family, White, Male,-75,3,40, United-States, <=50K
55, Private,251982, HS-grad,9, Widowed, Craft-repair, Husband, White, Male,11,3,40, United-States, >50K
61, Private,157110, Some-college,5, Separated, Sales, Other-relative, White, Male,90,2,19, United-States, >50K
70, Local-gov,63075, HS-grad,9, Married-civ-spouse, Craft-repair, Husband, White, Male,-3,4,40, Vietnam, <=50K
22, Private,141891, 11th,10, Married-civ-spouse, Prof-specialty, Wife, White, Male,7272,7,24, United-States, <=50K
39, ?,109720, HS-grad,14, Divorced, Other-service, Husband, Black, Female,-20,0,40, United-States, <=50K
43, Private,151296, Some-college,7, Never-married, Adm-clerical, Own-child, Asian-Pac-Islander, Male,82,7,40, United-States, >50K
32, Local-gov,146482, HS-grad,2, Married-civ-spouse, Transport-moving, Unmarried, White, Male,-116,6,43, Mexico, >50K
62, Private,244704, HS-grad,5, Divorced, Prof-specialty, Husband, Black, Female,-36,3,29, United-States, <=50K
16, Private,208823, HS-grad,9, Married-civ-spouse, Exec-managerial, Unmarried, White, Male,-34,-7,40, United-States, >50K
51, Local-gov,137455, Some-college,5, Married-civ-spouse, Tech-support, Unmarried, White, Male,-13,3,45, United-States, <=50K
57, Local-gov,143995, HS-grad,5, Divorced, Protective-serv, Husband, White, Male,62,2049,40, United-States, <=50K
35, Private,152381, HS-grad,13, Never-married, Craft-repair, Husband, White, Male,-60,-1,40, United-States, >50K
30, Private,103569, HS-grad,13, Never-married, Prof-specialty, Unmarried, White, Male,107,2365,29, United-States, <=50K
22, Private,381372, Some-college,3, Widowed, Adm-clerical, Wife, Black, Male,41,5,44, United-States, <=50K
55, Private,227470, HS-grad,9, Married-civ-spouse, Sales, Unmarried, Other, Female,-107,0,40, United-States, <=50K
64, State-gov,104277, HS-grad,14, Married-civ-spouse, Other-service, Not-in-family, White, Male,-52,4,40, United-States, <=50K
25, ?,89864, Some-college,13, Never-married, Sales, Husband, Black, Male,13529,-4,43, United-States, <=50K
62, Private,53450, HS-grad,9, Divorced, Prof-specialty, Not-in-family, White, Male,-49,4,40, United-States, <=50K
24, Private,530255, Some-college,13, Married-civ-spouse, Machine-op-inspct, Husband, Black, Male,81,0,28, ?, <=50K
25, Private,131430, HS-grad,3, Widowed, Machine-op-inspct, Husband, White, Male,-120,-1,40, United-States, <=50K
68, Self-emp-inc,-3526, HS-grad,14, Married-civ-spouse, Handlers-cleaners, Unmarried, White, Male,-9,1,44, United-States, <=50K
16, Private,66754, Some-college,10, Never-married, ?, Husband, White, Male,-34,2125,31, United-States, >50K
26, Self-emp-inc,113847, HS-grad,12, Never-married, Sales, Unmarried, Black, Male,-49,-1,42, United-States, <=50K
50, Private,148871, Bachelors,10, Divorced, Transport-moving, Husband, White, Female,-10,5,40, Cuba, <=50K
43, Local-gov,236812, HS-grad,13, Married-civ-spouse, Craft-repair, Husband, Black, Male,-111,3,40, United-States, <=50K
40, Private,135131, 1st-4th,12, Married-civ-spouse, Craft-repair, Not-in-family, White, Male,1838,7,40, United-States, <=50K
54, Private,181619, HS-grad,10, Never-married, Exec-managerial, Husband, White, Female,-138,2208,47, United-States, <=50K
27, Private,158715, HS-grad,11, Never-married, Prof-specialty, Own-child, White, Female,23,7,40, United-States, <=50K
52, Private,194559, Assoc-voc,14, Married-civ-spouse, Craft-repair, Own-child, White, Female,21,2,40, United-States, <=50K
34, Private,110332, HS-grad,3, Married-civ-spouse, Transport-moving, Husband, Asian-Pac-Islander, Male,28,4,40, United-States, <=50K
30, Self-emp-not-inc,10062, HS-grad,14, Married-civ-spouse, Other-service, Husband, Black, Male,-5,0,40, China, >50K
51, Private,249944, Some-college,1, Never-married, Prof-specialty, Husband, Black, Male,34,6,40, United-States, <=50K
37, Private,150641, Bachelors,10, Married-civ-spouse, Exec-managerial, Own-child, White, Female,3,0,40, Japan, <=50K
55, Private,293719, HS-grad,10, Married-AF-spouse, Exec-managerial, Unmarried, White, Male,-123,-5,40, United-States, <=50K
64, Private,339038, Masters,14, Never-married, Sales, Not-in-family, White, Female,-9,6,15, United-States, <=50K
31, Private,219400, 7th-8th,1, Never-married, Craft-repair, Own-child, White, Male,-121,7,42, India, <=50K
34, Private,193560, Assoc-acdm,1, Married-civ-spouse, Adm-clerical, Not-in-family, White, Male,-116,3,40, Philippines, <=50K
21, Federal-gov,28371, Prof-school,13, Married-civ-spouse, Other-service, Husband, White, Male,38,-1,58, United-States, <=50K
37, Private,164587, Some-college,13, Married-civ-spouse, Craft-repair, Not-in-family, White, Male,-86,4,40, United-States, <=50K
56, ?,300675, Some-college,10, Never-married, Other-service, Wife, Black, Male,-66,1,40, United-States, <=50K
65, Private,144644, HS-grad,7, Never-married, Tech-support, Not-in-family, White, Male,75,1962,40, United-States, >50K
41, Private,224549, Some-college,14, Never-married, Transport-moving, Husband, Black, Male,-12,2230,57, United-States, <=50K
70, Private,121184, HS-grad,9, Married-civ-spouse, Exec-managerial, Husband, Other, Male,-8,6,28, United-States, <=50K
26, ?,160018, Some-college,12, Married-civ-spouse, Prof-specialty, Husband, White, Male,-126,2,41, United-States, >50K
34, Private,178119, Bachelors,13, Married-civ-spouse, ?, Husband, White, Male,10,-3,40, ?, >50K
23, Private,108279, HS-grad,7, Widowed, Sales, Husband, White, Male,-63,4,40, Mexico, >50K
70, Private,29511, Bachelors,9, Never-married, Other-service, Other-relative, White, Female,-584,-4,40, Italy, <=50K
45, Private,178184, 9th,9, Married-civ-spouse, Sales, Husband, White, Male,15116,-3,40, United-States, <=50K
48, Private,108807, HS-grad,6, Married-civ-spouse, Sales, Unmarried, White, Male,-79,1,1, Greece, <=50K
69, Private,192195, HS-grad,4, Widowed, Adm-clerical, Own-child, White, Female,-103,2,32, United-States, <=50K
24, Private,27994, HS-grad,5, Married-civ-spouse, Exec-managerial, Not-in-family, White, Male,-67,-3,40, United-States, <=50K
40, Private,351705, HS-grad,5, Married-civ-spouse, Protective-serv, Unmarried, White, Male,-2,2,28, United-States, <=50K
39, Private,343607, HS-grad,3, Married-civ-spouse, Machine-op-inspct, Own-child, White, Female,7843,6,40, United-States, >50K
49, ?,51258, HS-grad,9, Never-married, Prof-specialty, Not-in-family, White, Male,-53,-1,40, United-States, <=50K
24, Private,326179, Assoc-voc,11, Separated, ?, Wife, White, Male,-45,4,40, United-States, >50K
28, Private,110716, HS-grad,9, Never-married, Exec-managerial, Unmarried, Asian-Pac-Islander, Male,-122,5,40, United-States, <=50K
90, Private,138279, HS-grad,11, Never-married, Exec-managerial, Husband, White, Male,1,6,40, United-States, <=50K
48, Private,35995, HS-grad,13, Widowed, Other-service, Husband, White, Male,22,3,51, United-States, >50K
69, Private,159486, Bachelors,4, Never-married, Handlers-cleaners, Unmarried, White, Male,-33,1,40, United-States, >50K
63, Private,103522, HS-grad,14, Married-civ-spouse, Exec-managerial, Not-in-family, White, Male,-23,1,49, United-States, <=50K
35, Private,219044, Bachelors,13, Married-civ-spouse, Prof-specialty, Other-relative, White, Male,-69,1,3, United-States, <=50K
52, Local-gov,44793, Some-college,5, Married-civ-spouse, Other-service, Husband, Asian-Pac-Islander, Female,-30,7,40, United-States, <=50K
28, Private,119848, 1st-4th,9, Married-spouse-absent, Handlers-cleaners, Husband, White, Male,-23,1,50, Mexico, <=50K
54, Private,262219, Some-college,14, Married-civ-spouse, ?, Not-in-family, White, Male,44,2,40, United-States, >50K
51, ?,14726, Some-college,12, Never-married, ?, Husband, White, Female,-48,3,48, United-States, <=50K
47, Private,132737, HS-grad,12, Married-civ-spouse, ?, Unmarried, White, Male,97,6,40, United-States, <=50K
31, Private,62173, Bachelors,13, Widowed, Craft-repair, Husband, White, Female,3260,4,40, United-States, >50K
48, Private,118168, Masters,15, Married-civ-spouse, Craft-repair, Husband, White, Male,-98,2,49, Mexico, >50K
74, Private,197941, Assoc-acdm,9, Married-civ-spouse, Machine-op-inspct, Own-child, White, Male,-52,0,2, England, >50K
60, Private,27265, 5th-6th,11, Separated, Adm-clerical, Own-child, White, Male,-37,7,40, United-States, <=50K
58, Private,320079, HS-grad,14, Widowed, Adm-clerical, Not-in-family, White, Male,-18,1586,40, United-States, <=50K
41, Private,249230, HS-grad,13, Married-spouse-absent, Farming-fishing, Not-in-family, White, Female,88,2117,40, United-States, <=50K
71, Private,216740, Preschool,3, Never-married, Craft-repair, Wife, White, Male,-41,3,30, United-States, >50K
47, Private,32345, Bachelors,9, Married-civ-spouse, Adm-clerical, Own-child, Black, Male,-346,1608,40, El-Salvador, >50K
56, Private,41764, HS-grad,9, Never-married, Prof-specialty, Unmarried, White, Male,19,2598,40, United-States, <=50K
32, Private,433126, Doctorate,10, Married-civ-spouse, Adm-clerical, Not-in-family, White, Male,-23,2314,40, United-States, <=50K
34, Self-emp-not-inc,1552, Some-college,10, Divorced, Transport-moving, Wife, White, Male,88,7,40, United-States, <=50K
39, Private,218942, HS-grad,5, Never-married, Exec-managerial, Other-relative, Black, Male,82,-2,40, United-States, >50K
72, Private,20444, HS-grad,9, Never-married, Adm-clerical, Not-in-family, White, Male,-23,0,40, United-States, <=50K
34, Private,242338, HS-grad,16, Never-married, Transport-moving, Husband, White, Male,17,-6,3, United-States, <=50K
64, Private,138824, 10th,9, Married-civ-spouse, Adm-clerical, Husband, White, Male,-81,3,40, United-States, <=50K
54, Local-gov,15890, Masters,13, Divorced, Adm-clerical, Husband, White, Male,-33,2,40, United-States, >50K
48, Private,106435, Some-college,9, Divorced, Handlers-cleaners, Not-in-family, White, Female,-114,3,9, United-States, <=50K
42, Private,214605, HS-grad,7, Never-married, Craft-repair, Husband, White, Male,84,4,-2, Italy, >50K
56, Private,147186, HS-grad,4, Never-married, Sales, Not-in-family, White, Male,-87,3,40, United-States, <=50K
43, Private,168854, HS-grad,10, Never-married, Other-service, Husband, Amer-Indian-Eskimo, Male,2374,7,40, United-States, <=50K
34, Private,151504, Assoc-voc,3, Divorced, ?, Own-child, White, Male,-131,6,50, Columbia, <=50K
21, Private,148526, Assoc-acdm,6, Married-civ-spouse, Other-service, Husband, Black, Male,-77,5,40, Dominican-Republic, <=50K
35, Private,73762, HS-grad,4, Separated, Craft-repair, Husband, White, Female,79,3,40, United-States, >50K
31, Federal-gov,105381, HS-grad,10, Married-civ-spouse, Other-service, Husband, White, Male,3199,5,40, Mexico, >50K
66, Private,131830, HS-grad,13, Never-married, Exec-managerial, Unmarried, White, Female,71,1,28, United-States, <=50K
19, Never-worked,168485, Some-college,9, Never-married, Transport-moving, Husband, Black, Female,-86,2,40, United-States, >50K
37, Private,207399, HS-grad,6, Married-civ-spouse, Machine-op-inspct, Not-in-family, White, Male,-108,1,17, United-States, <=50K
32, State-gov,283416, Some-college,13, Never-married, Prof-specialty, Not-in-family, White, Female,48,1,40, United-States, <=50K
24, Private,141052, Assoc-acdm,9, Married-civ-spouse, Adm-clerical, Wife, Black, Male,-10,4,43, United-States, <=50K
59, Private,158066, HS-grad,11, Married-civ-spouse, Other-service, Other-relative, White, Male,5,-1,40, United-States, <=50K
45, Private,349259, Masters,7, Married-civ-spouse, Sales, Not-in-family, White, Male,-23,-3,48, United-States, <=50K
34, Private,327738, HS-grad,9, Married-civ-spouse, Exec-managerial, Not-in-family, White, Male,-102,0,41, United-States, <=50K
61, Private,267104, 1st-4th,10, Never-married, ?, Other-relative, White, Male,21,1815,40, ?, <=50K
40, Self-emp-inc,363255, Some-college,13, Married-civ-spouse, Craft-repair, Husband, White, Male,36,2,40, United-States, <=50K
49, Private,151421, HS-grad,9, Married-civ-spouse, Machine-op-inspct, Own-child, White, Male,-12,2,40, United-States, <=50K
21, Private,56149, HS-grad,9, Married-civ-spouse, Craft-repair, Unmarried, White, Male,69,-3,40, United-States, >50K
41, Private,215354, HS-grad,9, Married-civ-spouse, Craft-repair, Own-child, White, Female,127,2,40, United-States, >50K
51, Private,-5755, HS-grad,13, Never-married, Handlers-cleaners, Husband, Black, Female,13,2289,40, United-States, <=50K
27, Private,253414, HS-grad,9, Never-married, Prof-specialty, Other-relative, White, Female,53,1,37, United-States, >50K
35, Private,225833, HS-grad,7, Never-married, Prof-specialty, Husband, White, Male,-35,-2,43, Vietnam, >50K
73, Private,186522, HS-grad,9, Divorced, Handlers-cleaners, Husband, White, Female,63,2029,19, United-States, <=50K
66, Private,247965, HS-grad,10, Married-civ-spouse, Other-service, Husband, White, Male,13,2,44, United-States, <=50K
18, Self-emp-not-inc,187997, HS-grad,9, Never-married, Sales, Own-child, Asian-Pac-Islander, Male,90,4,40, United-States, <=50K
45, ?,92000, Bachelors,7, Separated, Exec-managerial, Other-relative, Black, Male,-58,-3,54, United-States, <=50K
47, Private,127331, 5th-6th,1, Married-civ-spouse, Prof-specialty, Husband, White, Female,-79,1,37, United-States, <=50K
50, Private,145062, HS-grad,6, Married-civ-spouse, Adm-clerical, Not-in-family, White, Male,-82,-4,40, United-States, <=50K
42, Private,62454, Assoc-voc,12, Never-married, Farming-fishing, Not-in-family, Black, Male,-109,2070,40, United-States, <=50K
41, Federal-gov,33715, 11th,9, Divorced, Adm-clerical, Not-in-family, White, Male,47,2,56, United-States, <=50K
39, ?,390948, Some-college,9, Never-married, Transport-moving, Husband, White, Male,-58,-4,40, Philippines, <=50K
70, Private,147163, Bachelors,13, Married-civ-spouse, Craft-repair, Not-in-family, White, Male,-39,1,40, United-States, >50K
50, Local-gov,10797, HS-grad,2, Married-civ-spouse, Transport-moving, Not-in-family, Asian-Pac-Islander, Male,3717,3,40, United-States, <=50K
20, ?,18764, Bachelors,12, Divorced, Prof-specialty, Husband, White, Male,-64,-2,40, United-States, <=50K
69, Private,29889, Bachelors,9, Never-married, Transport-moving, Other-relative, White, Female,-66,1,40, United-States, <=50K
21, Private,169138, HS-grad,9, Widowed, Prof-specialty, Not-in-family, White, Male,-42,-6,40, United-States, <=50K
27, Private,194513, Bachelors,2, Never-married, Handlers-cleaners, Husband, White, Male,-71,-2,53, United-States, >50K
52, Private,109505, Bachelors,13, Never-married, Transport-moving, Husband, Black, Male,-54,4,40, United-States, <=50K
63, Private,252280, HS-grad,9, Separated, Adm-clerical, Not-in-family, White, Male,43,-2,40, United-States, <=50K
57, Private,143179, 7th-8th,9, Separated, Exec-managerial, Wife, White, Male,12,6,40, United-States, >50K
46, State-gov,188162, Some-college,11, Never-married, Sales, Wife, White, Male,8,1722,56, United-States, <=50K
32, Private,56625, 11th,11, Married-spouse-absent, ?, Not-in-family, White, Male,113,2,40, Cambodia, <=50K
44, Private,165112, HS-grad,9, Widowed, Prof-specialty, Husband, White, Male,-54,1,40, United-States, <=50K
31, Private,29103, HS-grad,9, Married-civ-spouse, Exec-managerial, Wife, Black, Male,7452,1,57, United-States, <=50K
37, Private,102174, HS-grad,10, Never-married, Exec-managerial, Husband, White, Male,-42,3,33, United-States, <=50K
72, Private,61691, HS-grad,9, Divorced, Other-service, Own-child, White, Male,7792,-1,40, United-States, <=50K
69, ?,59979, Some-college,9, Never-married, Other-service, Not-in-family, White, Male,7829,6,49, United-States, <=50K
37, Private,293732, Some-college,10, Separated, Exec-managerial, Husband, Amer-Indian-Eskimo, Male,59,6,40, United-States, <=50K
40, Private,157173, Some-college,10, Married-civ-spouse, Craft-repair, Not-in-family, White, Female,45,0,40, United-States, >50K
53, Private,11160, HS-grad,14, Married-civ-spouse, Prof-specialty, Husband, White, Male,85,6,49, United-States, <=50K
37, Private,89577, HS-grad,9, Married-civ-spouse, Craft-repair, Not-in-family, White, Male,-33,2,34, Mexico, >50K
52, Private,246780, 11th,7, Married-civ-spouse, Protective-serv, Not-in-family, White, Male,524,-5,41, United-States, >50K
50, Private,62876, 11th,7, Never-married, Craft-repair, Not-in-family, White, Male,8,1876,40, United-States, <=50K
68, Private,170744, Masters,1, Never-married, Farming-fishing, Husband, Black, Female,40,2155,28, United-States, <=50K
61, Private,170039, 9th,11, Never-married, Transport-moving, Other-relative, White, Male,-98,-4,40, United-States, <=50K
43, Private,273536, Prof-school,9, Never-married, Protective-serv, Husband, White, Male,34,4,40, United-States, <=50K
72, Private,262716, HS-grad,13, Married-civ-spouse, Armed-Forces, Husband, White, Female,11,4,40, United-States, <=50K
35, Private,15371, Bachelors,14, Married-civ-spouse, Priv-house-serv, Not-in-family, White, Female,-92,-3,40, United-States, >50K
18, Private,8243, HS-grad,12, Married-civ-spouse, Handlers-cleaners, Not-in-family, White, Male,59,1,32, United-States, >50K
20, Private,206075, HS-grad,10, Widowed, ?, Unmarried, White, Male,-114,3,40, China, <=50K
50, Private,25012, HS-grad,1, Married-civ-spouse, Exec-managerial, Husband, White, Male,-2,1,40, Thailand, <=50K
41, Private,157209, Masters,10, Divorced, Craft-repair, Husband, White, Female,-50,1,60, United-States, <=50K
29, ?,21756, HS-grad,13, Divorced, Sales, Not-in-family, Other, Male,15014,1,43, Philippines, >50K
48, Private,313878, Assoc-acdm,9, Married-civ-spouse, Sales, Husband, White, Male,-43,0,50, United-States, >50K
36, Private,95233, Some-college,9, Divorced, Other-service, Husband, White, Male,-26,3,40, United-States, >50K
73, Private,216788, Bachelors,5, Divorced, Craft-repair, Not-in-family, White, Female,-61,5,50, India, <=50K
47, Private,223728, 10th,12, Widowed, Prof-specialty, Husband, White, Male,-43,7,40, United-States, <=50K
37, Private,129152, Assoc-voc,13, Divorced, Handlers-cleaners, Own-child, White, Male,-9,3,17, United-States, <=50K
31, Private,8518, Assoc-voc,9, Married-civ-spouse, Handlers-cleaners, Husband, White, Male,-75,5,29, United-States, <=50K
23, State-gov,49331, Some-college,9, Married-civ-spouse, Other-service, Husband, White, Male,-32,4,48, United-States, <=50K
35, State-gov,92081, Bachelors,14, Never-married, Prof-specialty, Not-in-family, White, Male,-24,4,43, United-States, >50K
37, Local-gov,143668, Bachelors,10, Married-civ-spouse, ?, Husband, White, Male,-36,2688,40, United-States, >50K
26, Private,62629, HS-grad,7, Married-civ-spouse, Craft-repair, Husband, Black, Male,-26,3,40, United-States, <=50K
41, Private,54967, Bachelors,12, Married-civ-spouse, Prof-specialty, Husband, White, Male,-227,6,19, United-States, <=50K
96, Private,92267, HS-grad,7, Married-civ-spouse, Prof-specialty, Husband, Black, Male,-36,-2,40, Mexico, <=50K
33, Federal-gov,78659, Bachelors,4, Married-civ-spouse, Prof-specialty, Husband, Asian-Pac-Islander, Male,14371,1917,34, United-States, <=50K
76, Federal-gov,287295, HS-grad,9, Never-married, Prof-specialty, Husband, White, Male,-92,-2,40, United-States, >50K
52, Private,172697, Masters,9, Married-civ-spouse, Adm-clerical, Husband, White, Male,-104,3,40, United-States, >50K
46, Private,133230, HS-grad,9, Never-married, Exec-managerial, Unmarried, Black, Male,-82,3,40, United-States, <=50K
24, Private,144489, Some-college,0, Never-married, Craft-repair, Husband, Asian-Pac-Islander, Male,2510,8,40, United-States, <=50K
51, Private,138694, HS-grad,13, Divorced, ?, Not-in-family, Asian-Pac-Islander, Male,-36,0,40, United-States, <=50K
40, Private,115775, Masters,14, Married-civ-spouse, Sales, Own-child, Black, Female,-40,3,45, United-States, <=50K
45, Private,11431, Doctorate,9, Widowed, Exec-managerial, Husband, White, Male,78,1760,40, United-States, >50K
41, Private,251780, HS-grad,9, Divorced, Farming-fishing, Other-relative, Asian-Pac-Islander, Male,-31,1424,74, United-States, <=50K
50, Private,158022, Masters,10, Never-married, Sales, Not-in-family, White, Female,-70,1,40, Cuba, <=50K
89, Local-gov,356879, Assoc-voc,7, Married-civ-spouse, Adm-clerical, Husband, Black, Male,-133,4,40, United-States, >50K
35, Self-emp-not-inc,164997, Some-college,13, Married-civ-spouse, Craft-repair, Not-in-family, White, Male,2458,1,40, United-States, <=50K
66, Private,88634, HS-grad,7, Married-civ-spouse, ?, Husband, Black, Male,14389,-2,51, United-States, <=50K
106, ?,154487, HS-grad,10, Never-married, Other-service, Husband, White, Male,14,-1,40, United-States, <=50K
66, Private,182696, Some-college,9, Never-married, Machine-op-inspct, Husband, Black, Male,46,2,40, United-States, <=50K
67, Private,207298, HS-grad,10, Divorced, Prof-specialty, Own-child, Black, Male,18,1519,40, United-States, >50K
29, Private,108761, HS-grad,6, Married-civ-spouse, Sales, Own-child, Black, Male,-72,0,40, United-States, <=50K
31, Private,182396, HS-grad,1, Never-married, Exec-managerial, Husband, White, Male,-66,6,41, United-States, <=50K
31, Private,360242, Some-college,12, Married-civ-spouse, Transport-moving, Other-relative, White, Male,4,1951,40, Mexico, <=50K
17, Private,312886, Some-college,12, Never-married, Prof-specialty, Not-in-family, Asian-Pac-Islander, Male,-8,1,30, United-States, <=50K
52, Private,17507, Some-college,9, Married-civ-spouse, Other-service, Not-in-family, White, Female,1984,-2,58, United-States, >50K
47, Private,5510, 5th-6th,14, Divorced, ?, Not-in-family, White, Male,-75,8,48, United-States, >50K
18, ?,278723, HS-grad,11, Never-married, Craft-repair, Not-in-family, White, Female,7,2,40, United-States, <=50K
78, Private,152771, HS-grad,12, Married-civ-spouse, Priv-house-serv, Wife, White, Male,32,-2,40, United-States, >50K
64, Private,159710, 11th,3, Never-married, Craft-repair, Husband, White, Male,-126,4,40, United-States, <=50K
32, Private,200276, HS-grad,9, Never-married, Prof-specialty, Own-child, Black, Male,-21,-1,40, United-States, >50K
42, Private,267769, Bachelors,5, Never-married, Exec-managerial, Husband, Black, Female,80,0,40, United-States, <=50K
68, Private,131757, 1st-4th,13, Married-civ-spouse, ?, Own-child, White, Male,-105,-2,40, United-States, >50K
49, Private,9514, HS-grad,7, Married-civ-spouse, Tech-support, Husband, White, Female,6717,1,40, United-States, <=50K
38, Private,82236, Some-college,13, Married-civ-spouse, Priv-house-serv, Own-child, White, Male,-2,4,31, England, <=50K
74, Private,44760, Assoc-voc,9, Never-married, Adm-clerical, Not-in-family, White, Male,-76,3,1, United-States, <=50K
57, Private,136870, Some-college,12, Married-civ-spouse, Sales, Wife, Black, Male,21,2,40, United-States, >50K
27, Private,134230, HS-grad,10, Married-civ-spouse, Tech-support, Husband, White, Female,-79,-1,40, United-States, >50K
49, Self-emp-not-inc,2358, Bachelors,13, Widowed, Adm-clerical, Husband, White, Male,-85,0,34, United-States, <=50K
29, Local-gov,52789, HS-grad,14, Married-civ-spouse, Transport-moving, Husband, Amer-Indian-Eskimo, Male,-28,6,49, United-States, <=50K
30, Private,50576, 11th,11, Married-civ-spouse, ?, Own-child, Black, Female,-70,1,35, Mexico, >50K
61, Private,341077, HS-grad,11, Divorced, Prof-specialty, Not-in-family, White, Male,-31,1,36, United-States, <=50K
47, Self-emp-not-inc,185968, Masters,9, Never-married, Armed-Forces, Husband, White, Female,-52,-1,40, Guatemala, <=50K
40, Private,21161, HS-grad,7, Married-civ-spouse, Other-service, Wife, White, Male,41,7,40, United-States, <=50K
75, Private,81357, 11th,14, Never-married, Craft-repair, Wife, White, Male,6,7,40, United-States, <=50K
32, Private,206437, HS-grad,9, Never-married, Exec-managerial, Husband, Asian-Pac-Islander, Female,8,2,66, United-States, <=50K
78, Private,193306, Some-college,15, Never-married, Adm-clerical, Not-in-family, White, Male,-77,3,40, Mexico, <=50K
32, Private,150982, Some-college,9, Divorced, Craft-repair, Not-in-family, Black, Male,-11,4,40, United-States, <=50K
42, Private,255500, Some-college,1, Never-married, Craft-repair, Husband, Asian-Pac-Islander, Male,-41,6,40, Germany, >50K
25, Private,218593, Some-college,9, Never-married, Transport-moving, Not-in-family, White, Female,6009,-7,40, United-States, <=50K
54, Self-emp-inc,206759, Some-college,12, Never-married, Exec-managerial, Unmarried, White, Male,-85,3,52, Mexico, >50K
35, Private,97812, HS-grad,14, Never-married, Adm-clerical, Unmarried, Asian-Pac-Islander, Male,-31,2,40, United-States, <=50K
67, Private,47026, Bachelors,9, Never-married, Exec-managerial, Husband, White, Male,-85,-2,40, United-States, <=50K
29, ?,270291, Some-college,8, Married-civ-spouse, Exec-managerial, Unmarried, White, Male,-69,-5,40, United-States, <=50K
76, Private,121191, Bachelors,7, Married-civ-spouse, Machine-op-inspct, Own-child, White, Female,39,6,40, United-States, <=50K
25, Private,33073, HS-grad,4, Separated, Transport-moving, Own-child, White, Male,56,1,40, United-States, <=50K
61, Private,3706, HS-grad,9, Married-civ-spouse, Exec-managerial, Not-in-family, White, Male,1,4,40, United-States, <=50K
44, Local-gov,19593, Doctorate,9, Divorced, Tech-support, Other-relative, Asian-Pac-Islander, Male,76,2,40, United-States, <=50K
45, Private,43621, 10th,9, Divorced, Craft-repair, Husband, Black, Male,80,1,40, United-States, <=50K
66, Private,35616, Bachelors,9, Never-married, Transport-moving, Husband, White, Male,-50,2,54, United-States, <=50K
36, Private,205654, Assoc-acdm,2, Widowed, Adm-clerical, Own-child, White, Male,-142,1,40, United-States, >50K
43, Private,275715, HS-grad,10, Married-civ-spouse, Adm-clerical, Own-child, White, Male,-35,4,40, United-States, >50K
35, Private,20093, HS-grad,9, Married-civ-spouse, ?, Not-in-family, White, Male,64,6,63, Mexico, >50K
22, Private,162782, Masters,4, Divorced, Sales, Husband, Amer-Indian-Eskimo, Female,34,5,48, United-States, >50K
23, Private,211949, HS-grad,12, Never-married, ?, Husband, Black, Female,73,8,40, United-States, <=50K
66, Private,308583, Doctorate,7, Never-married, ?, Not-in-family, White, Male,-19,2149,40, United-States, <=50K
66, Private,99102, HS-grad,11, Married-civ-spouse, Sales, Husband, Black, Male,33,4,40, United-States, <=50K
54, Private,21216, Bachelors,5, Divorced, Craft-repair, Unmarried, Black, Female,7461,-2,40, Poland, <=50K
36, Private,20633, Some-college,6, Never-married, Prof-specialty, Not-in-family, White, Male,57,0,40, United-States, >50K
40, Private,115189, Bachelors,5, Never-married, Craft-repair, Husband, White, Male,-8,4,49, United-States, <=50K
68, Private,236250, HS-grad,9, Married-civ-spouse, Tech-support, Not-in-family, White, Male,19,-6,40, United-States, <=50K
41, Never-worked,385564, Some-college,9, Divorced, Prof-specialty, Husband, Asian-Pac-Islander, Male,72,1703,47, Cambodia, >50K
49, Self-emp-not-inc,88755, Masters,9, Married-civ-spouse, Sales, Not-in-family, White, Male,-7,-3,82, United-States, <=50K
57, Private,60298, HS-grad,10, Married-civ-spouse, Exec-managerial, Wife, Black, Male,3,1883,28, China, <=50K
33, Private,216440, Bachelors,5, Married-civ-spouse, Prof-specialty, Husband, White, Female,18,0,40, Hungary, <=50K
43, Private,215406, HS-grad,9, Divorced, Craft-repair, Own-child, Black, Male,0,-2,79, United-States, <=50K
55, Private,127006, Masters,8, Married-AF-spouse, Craft-repair, Not-in-family, White, Female,-28,2,40, United-States, <=50K
23, Private,140611, Bachelors,-1, Married-civ-spouse, Farming-fishing, Own-child, White, Female,-56,6,40, United-States, <=50K
76, Private,36341, 9th,7, Married-civ-spouse, Prof-specialty, Husband, White, Male,-21,-4,41, United-States, <=50K
44, Federal-gov,169606, Bachelors,14, Never-married, ?, Husband, Black, Male,-102,1,40, United-States, <=50K
46, Private,357917, Some-college,9, Married-civ-spouse, Tech-support, Not-in-family, White, Male,-90,4,60, United-States, <=50K
37, Private,124197, 12th,9, Married-civ-spouse, Adm-clerical, Not-in-family, White, Male,28,0,40, United-States, <=50K
41, Private,171756, Masters,9, Never-married, Protective-serv, Not-in-family, Black, Male,-57,1948,40, United-States, <=50K
89, Private,193595, 11th,9, Married-spouse-absent, Machine-op-inspct, Husband, White, Female,-16,2,40, United-States, <=50K
44, Federal-gov,166781, Bachelors,11, Widowed, Sales, Own-child, White, Female,12,1714,40, South, <=50K
31, State-gov,37669, HS-grad,13, Married-civ-spouse, Adm-clerical, Husband, White, Male,44,7,40, United-States, <=50K
71, Federal-gov,134508, Bachelors,7, Never-married, Exec-managerial, Own-child, White, Male,-90,4,40, United-States, >50K
52, Private,23856, HS-grad,8, Never-married, Prof-specialty, Unmarried, White, Female,35,-3,33, Vietnam, <=50K
67, Local-gov,137347, Doctorate,16, Never-married, Exec-managerial, Unmarried, White, Male,60,2,40, United-States, >50K
76, Private,161563, 7th-8th,14, Married-civ-spouse, Machine-op-inspct, Husband, White, Male,-3,4,35, United-States, <=50K
24, Private,15350, HS-grad,11, Married-AF-spouse, Craft-repair, Husband, White, Male,-36,-3,40, United-States, >50K
51, Private,208126, HS-grad,13, Never-married, Prof-specialty, Own-child, White, Male,25,6,40, Vietnam, <=50K
21, Private,49857, HS-grad,9, Never-married, Craft-repair, Husband, White, Female,7934,4,40, United-States, <=50K
46, Private,333406, HS-grad,9, Never-married, Exec-managerial, Not-in-family, Asian-Pac-Islander, Female,15008,4,40, United-States, <=50K
38, Private,286666, Some-college,12, Never-married, Craft-repair, Not-in-family, White, Female,-125,1,40, United-States, >50K
81, Private,150818, HS-grad,10, Married-civ-spouse, Sales, Husband, Black, Female,-11,6,40, United-States, >50K
67, Private,187470, Assoc-acdm,11, Married-civ-spouse, Protective-serv, Husband, White, Male,64,2,48, United-States, >50K
29, Private,11232, Bachelors,13, Never-married, ?, Husband, White, Male,5752,0,40, United-States, <=50K
71, Local-gov,165231, Assoc-acdm,14, Married-civ-spouse, Prof-specialty, Not-in-family, White, Male,-50,4,54, Vietnam, <=50K
36, Private,27557, Assoc-acdm,7, Separated, Prof-specialty, Husband, White, Male,-34,0,40, Taiwan, >50K
40, Private,101576, Bachelors,10, Married-spouse-absent, Adm-clerical, Wife, White, Female,-93,3,40, United-States, <=50K
44, Private,134617, HS-grad,4, Divorced, ?, Wife, White, Male,23,6,41, Guatemala, <=50K
36, Private,121831, HS-grad,13, Widowed, Adm-clerical, Wife, White, Male,7030,2,40, United-States, <=50K
39, Without-pay,100907, Some-college,9, Married-civ-spouse, Other-service, Wife, Black, Male,27,-3,32, Laos, <=50K
26, State-gov,1876, HS-grad,11, Married-civ-spouse, Exec-managerial, Wife, White, Male,-16,3,56, United-States, <=50K
70, Local-gov,305332, HS-grad,9, Married-civ-spouse, Prof-specialty, Not-in-family, White, Male,-3,0,42, United-States, <=50K
20, Private,152934, Prof-school,12, Separated, Craft-repair, Not-in-family, White, Male,-59,4,40, United-States, <=50K
64, Private,3180, Some-college,5, Married-civ-spouse, Handlers-cleaners, Not-in-family, Asian-Pac-Islander, Male,19,3,40, United-States, <=50K
46, Private,138252, HS-grad,13, Married-civ-spouse, ?, Not-in-family, White, Male,3982,-2,14, United-States, <=50K
23, ?,145516, Prof-school,10, Separated, Transport-moving, Not-in-family, White, Male,27,5,28, Japan, <=50K
43, Private,105335, Bachelors,7, Married-civ-spouse, Exec-managerial, Not-in-family, White, Female,8307,4,40, United-States, <=50K
67, Private,65218, Bachelors,12, Married-spouse-absent, Craft-repair, Other-relative, White, Male,81,2,40, United-States, <=50K
35, Private,226151, HS-grad,11, Separated, Prof-specialty, Own-child, Black, Male,-25,1997,2, United-States, <=50K
18, Private,170758, HS-grad,5, Married-civ-spouse, Prof-specialty, Husband, White, Female,-21,3,40, United-States, <=50K
27, Private,176198, HS-grad,10, Never-married, Prof-specialty, Husband, White, Female,4,1,29, United-States, <=50K
30, Private,47690, HS-grad,9, Divorced, Adm-clerical, Not-in-family, Black, Male,-111,1591,40, United-States, <=50K
31, Private,71592, Bachelors,2, Married-civ-spouse, ?, Not-in-family, White, Male,-37,2,17, ?, >50K
54, Private,217139, HS-grad,13, Never-married, Other-service, Not-in-family, White, Male,842,-2,40, United-States, <=50K
30, Private,184582, HS-grad,13, Never-married, Machine-op-inspct, Husband, Asian-Pac-Islander, Male,-14,-1,45, United-States, >50K
20, Private,147259, Masters,3, Never-married, Craft-repair, Own-child, Asian-Pac-Islander, Male,27,6,40, United-States, <=50K
30, Private,81191, Some-college,13, Married-civ-spouse, Other-service, Husband, White, Female,96,2,40, United-States, >50K
62, State-gov,116538, Some-college,14, Married-civ-spouse, ?, Not-in-family, White, Male,-26,0,15, United-States, <=50K
63, Private,174185, Doctorate,14, Married-civ-spouse, Sales, Own-child, White, Female,1,1,41, United-States, >50K
62, Private,264610, HS-grad,9, Married-civ-spouse, Exec-managerial, Not-in-family, White, Male,-72,5,40, Mexico, <=50K
53, Private,35082, Some-college,9, Married-spouse-absent, Farming-fishing, Not-in-family, White, Male,-73,3,10, United-States, <=50K
32, Private,136440, Bachelors,11, Married-civ-spouse, Adm-clerical, Not-in-family, White, Female,67,2,40, United-States, <=50K
47, Private,257096, Bachelors,13, Never-married, ?, Wife, White, Female,37,1,40, United-States, <=50K
44, Private,2982, HS-grad,13, Married-civ-spouse, Craft-repair, Not-in-family, White, Female,-8,1843,51, United-States, <=50K
46, Private,217810, HS-grad,13, Never-married, Farming-fishing, Not-in-family, White, Male,0,5,40, United-States, <=50K
42, Private,26776, HS-grad,14, Married-civ-spouse, Prof-specialty, Husband, White, Male,-126,6,30, United-States, <=50K
37, Private,20288, HS-grad,9, Married-civ-spouse, ?, Not-in-family, White, Male,-90,-2,40, Portugal, <=50K
26, Local-gov,84993, 7th-8th,7, Never-married, Craft-repair, Husband, Black, Male,1506,3,40, United-States, <=50K
50, Private,18181, HS-grad,13, Never-married, Sales, Not-in-family, White, Male,5243,-2,40, United-States, >50K
48, Private,37169, Some-college,7, Never-married, Craft-repair, Not-in-family, White, Male,-100,2,40, United-States, <=50K
39, Private,7830, Bachelors,13, Married-spouse-absent, Other-service, Husband, White, Male,87,0,40, United-States, <=50K
47, Private,160412, Bachelors,14, Married-civ-spouse, Prof-specialty, Wife, White, Male,-65,-5,47, United-States, <=50K
26, Private,180778, Some-college,7, Married-AF-spouse, Sales, Not-in-family, White, Female,4394,3,40, United-States, <=50K
41, Private,126366, Some-college,11, Married-civ-spouse, Prof-specialty, Wife, White, Male,1389,2,51, El-Salvador, <=50K
20, Private,116977, HS-grad,10, Widowed, Craft-repair, Unmarried, White, Male,4433,6,35, United-States, <=50K
26, Private,235945, 12th,5, Married-civ-spouse, Adm-clerical, Husband, Black, Male,-132,5,40, United-States, <=50K
25, Self-emp-not-inc,122561, Assoc-acdm,4, Divorced, Sales, Husband, White, Female,-12,1,49, United-States, >50K
22, Private,132828, HS-grad,9, Never-married, Adm-clerical, Unmarried, Black, Male,-14,1,40, United-States, <=50K
28, Private,245462, Some-college,9, Never-married, ?, Husband, White, Male,-113,3,40, United-States, >50K
37, Private,139087, Masters,9, Married-civ-spouse, Other-service, Not-in-family, Black, Male,19,-5,40, United-States, <=50K
73, Private,55795, 9th,10, Divorced, Adm-clerical, Unmarried, White, Male,-77,1,40, United-States, <=50K
50, Self-emp-inc,12740, Some-college,16, Married-civ-spouse, Adm-clerical, Own-child, White, Male,-30,7,40, United-States, <=50K
30, Private,68900, HS-grad,9, Never-married, Craft-repair, Husband, White, Male,49,7,49, United-States, <=50K
46, Private,124823, HS-grad,8, Married-civ-spouse, Sales, Husband, White, Male,-16,-3,31, United-States, <=50K
43, Private,26164, Masters,10, Married-civ-spouse, Handlers-cleaners, Husband, White, Male,-87,0,40, ?, >50K
33, State-gov,231866, Bachelors,2, Never-married, Exec-managerial, Husband, White, Female,-94,1,0, United-States, <=50K
40, Self-emp-not-inc,234176, HS-grad,14, Never-married, Prof-specialty, Husband, White, Female,12,1,79, United-States, <=50K
60, Local-gov,104269, Bachelors,4, Never-married, Sales, Husband, Asian-Pac-Islander, Male,-87,4,33, United-States, <=50K
46, Private,284856, Some-college,9, Never-married, ?, Not-in-family, Asian-Pac-Islander, Male,-75,1,40, United-States, <=50K
45, Private,155118, Bachelors,6, Widowed, Adm-clerical, Unmarried, White, Male,-117,-5,43, Mexico, >50K
24, Federal-gov,13011, Prof-school,9, Divorced, Adm-clerical, Not-in-family, White, Male,-77,2086,40, United-States, <=50K
52, Without-pay,133264, 7th-8th,9, Married-civ-spouse, Prof-specialty, Not-in-family, Black, Male,46,5,30, Laos, <=50K
52, Private,198951, HS-grad,13, Married-civ-spouse, Handlers-cleaners, Husband, White, Male,-62,-1,40, United-States, <=50K
49, Private,211039, Some-college,3, Married-civ-spouse, ?, Not-in-family, White, Male,-89,-1,40, ?, <=50K
52, Private,21744, HS-grad,2, Never-married, Farming-fishing, Not-in-family, White, Male,-78,3,40, France, <=50K
67, Private,311165, HS-grad,9, Divorced, Exec-managerial, Own-child, White, Female,6958,-5,45, United-States, <=50K
73, Private,163703, HS-grad,9, Married-civ-spouse, Transport-moving, Unmarried, White, Male,7961,2349,40, United-States, <=50K
47, Private,67569, Assoc-voc,9, Never-married, Craft-repair, Own-child, White, Female,18,2,50, Jamaica, >50K
40, ?,12842, Some-college,9, Never-married, Other-service, Husband, White, Male,90,4,53, United-States, <=50K
33, Federal-gov,177288, HS-grad,3, Never-married, Transport-moving, Husband, Asian-Pac-Islander, Male,-115,-2,40, United-States, <=50K
34, Private,222768, Doctorate,9, Married-civ-spouse, Exec-managerial, Not-in-family, White, Male,-59,0,40, France, <=50K
32, Self-emp-inc,10795, Bachelors,14, Never-married, Other-service, Husband, White, Male,-10,-1,13, Laos, >50K
62, Private,66778, 9th,9, Married-civ-spouse, Armed-Forces, Husband, White, Male,5237,4,48, United-States, <=50K
31, Private,69275, Assoc-acdm,13, Married-civ-spouse, Protective-serv, Not-in-family, White, Male,-55,5,40, United-States, >50K
23, Private,-3645, Bachelors,11, Never-married, Exec-managerial, Own-child, White, Male,-44,2,65, United-States, <=50K
34, Private,36719, HS-grad,4, Divorced, Sales, Not-in-family, White, Male,-122,3,46, United-States, <=50K
33, Private,141506, HS-grad,12, Married-civ-spouse, Transport-moving, Unmarried, White, Male,13,3,40, United-States, >50K
43, Private,72779, 10th,6, Never-married, Adm-clerical, Husband, White, Male,-107,2,40, United-States, <=50K
28, Private,169318, Assoc-voc,9, Never-married, Craft-repair, Not-in-family, White, Male,2335,-1,40, United-States, >50K
83, Private,327141, HS-grad,6, Divorced, Other-service, Unmarried, Amer-Indian-Eskimo, Male,-76,1,48, Puerto-Rico, <=50K
39, Private,209180, Bachelors,9, Married-civ-spouse, Machine-op-inspct, Husband, White, Male,4978,0,58, Japan, >50K
43, Local-gov,73018, Assoc-acdm,9, Married-civ-spouse, Machine-op-inspct, Not-in-family, White, Female,3445,1,40, England, <=50K
48, Private,8937, Bachelors,9, Never-married, Exec-managerial, Husband, White, Male,4,2,40, United-States, <=50K
20, Self-emp-inc,232617, Some-college,9, Separated, Exec-managerial, Wife, White, Male,127,3,3, France, <=50K
52, Private,22352, Preschool,10, Never-married, Adm-clerical, Husband, White, Male,7501,0,40, United-States, <=50K
47, Private,29029, Bachelors,9, Married-spouse-absent, Craft-repair, Not-in-family, White, Female,6683,4,11, United-States, <=50K
49, Private,99093, Bachelors,11, Never-married, Adm-clerical, Own-child, White, Female,-59,2,25, United-States, >50K
54, Private,126096, 9th,12, Married-civ-spouse, ?, Unmarried, White, Male,-46,1,40, United-States, <=50K
53, Private,202713, 5th-6th,15, Married-civ-spouse, Sales, Husband, White, Female,26,4,40, United-States, >50K
56, Self-emp-not-inc,69561, HS-grad,7, Married-civ-spouse, Other-service, Husband, Asian-Pac-Islander, Female,4,4,45, Thailand, >50K
75, Private,338580, Some-college,3, Married-civ-spouse, Sales, Own-child, White, Male,-18,2,49, United-States, >50K
33, Private,225504, Masters,6, Married-civ-spouse, Craft-repair, Not-in-family, White, Male,-19,7,40, United-States, <=50K
21, Private,375324, Prof-school,5, Married-civ-spouse, Exec-managerial, Husband, Asian-Pac-Islander, Female,25,6,16, United-States, <=50K
25, Private,312121, Assoc-acdm,8, Married-civ-spouse, Other-service, Not-in-family, Black, Male,-101,3,40, United-States, >50K
19, Private,230812, Some-college,6, Married-civ-spouse, Adm-clerical, Husband, White, Female,0,-1,48, Mexico, >50K
66, Private,136775, HS-grad,9, Never-married, Prof-specialty, Not-in-family, White, Male,2,5,40, United-States, <=50K
23, ?,108820, Some-college,9, Never-married, Handlers-cleaners, Husband, Other, Male,89,2,40, United-States, <=50K
52, Private,379812, HS-grad,8, Never-married, Prof-specialty, Own-child, Black, Male,-90,3,-4, United-States, <=50K
67, Private,64527, Some-college,4, Married-civ-spouse, Sales, Wife, White, Female,13,-2,40, Poland, >50K
41, Private,244848, Bachelors,3, Married-civ-spouse, Adm-clerical, Wife, White, Male,21,1979,54, United-States, <=50K
36, Private,254075, Some-college,14, Married-civ-spouse, Exec-managerial, Not-in-family, White, Male,-1350,-1,40, United-States, >50K
70, Private,251811, HS-grad,10, Never-married, Handlers-cleaners, Husband, White, Male,17,4,40, Poland, <=50K
33, Self-emp-not-inc,542044, 9th,9, Widowed, Transport-moving, Husband, Asian-Pac-Islander, Male,766,2,40, United-States, <=50K
38, Private,341280, 7th-8th,11, Married-civ-spouse, Exec-managerial, Husband, White, Female,-74,7,40, Haiti, <=50K
84, Private,17627, HS-grad,14, Married-civ-spouse, Other-service, Unmarried, White, Male,-81,0,40, United-States, <=50K
62, Private,114797, Masters,5, Never-married, Prof-specialty, Not-in-family, Asian-Pac-Islander, Male,-47,2,50, United-States, <=50K
103, Private,166482, Some-college,5, Married-spouse-absent, ?, Wife, White, Female,102,-2,40, United-States, <=50K
54, Federal-gov,109037, HS-grad,5, Married-civ-spouse, Other-service, Husband, White, Male,-63,5,40, United-States, <=50K
69, Private,105671, Some-college,14, Married-civ-spouse, Prof-specialty, Husband, White, Male,45,0,28, United-States, <=50K
31, Self-emp-not-inc,175279, HS-grad,9, Widowed, Other-service, Husband, White, Male,-37,2,9, United-States, <=50K
79, Private,194700, HS-grad,4, Married-civ-spouse, Other-service, Husband, White, Male,7457,3,46, United-States, <=50K
24, Private,56985, HS-grad,14, Never-married, Tech-support, Husband, White, Male,40,1,40, United-States, <=50K
47, Private,276066, Some-college,9, Married-civ-spouse, Craft-repair, Not-in-family, Asian-Pac-Islander, Male,-34,2,40, United-States, >50K
69, Private,110106, 10th,9, Married-civ-spouse, Exec-managerial, Husband, White, Male,-39,5,40, United-States, >50K
85, Private,21192, HS-grad,9, Widowed, Craft-repair, Own-child, White, Female,13,-1,40, Mexico, >50K
54, Private,6558, HS-grad,7, Separated, Exec-managerial, Own-child, White, Male,95,-2,40, United-States, >50K
25, Self-emp-inc,121520, 11th,12, Widowed, Sales, Husband, White, Female,-89,1677,51, Philippines, >50K
22, Private,202156, HS-grad,12, Married-civ-spouse, Other-service, Not-in-family, Other, Male,-74,2,40, United-States, >50K
44, Private,198666, 5th-6th,12, Never-married, Other-service, Own-child, Black, Male,-50,4,40, United-States, <=50K
60, Private,141948, HS-grad,3, Married-civ-spouse, ?, Husband, White, Male,3247,2,35, Ecuador, <=50K
37, Private,184600, HS-grad,5, Divorced, ?, Unmarried, Asian-Pac-Islander, Female,5,4,40, United-States, <=50K
29, Private,-4226, 11th,11, Never-married, Other-service, Unmarried, White, Male,-20,4,40, United-States, <=50K
30, Local-gov,160916, Some-college,14, Divorced, ?, Husband, Black, Male,-68,4,40, United-States, >50K
62, Local-gov,9144, HS-grad,9, Married-civ-spouse, Prof-specialty, Other-relative, White, Female,78,-2,40, United-States, <=50K
35, Local-gov,365742, Bachelors,7, Never-married, Transport-moving, Own-child, White, Male,-25,5,34, United-States, <=50K
46, Private,50019, Some-college,9, Married-civ-spouse, Protective-serv, Husband, White, Male,26,-3,31, United-States, >50K
64, Private,267219, Some-college,9, Widowed, ?, Own-child, White, Male,-29,3,40, United-States, <=50K
48, Private,440517, Some-college,9, Divorced, Sales, Not-in-family, White, Male,-122,4,46, United-States, <=50K
58, Private,221165, Assoc-voc,10, Divorced, Sales, Not-in-family, White, Male,5462,-1,40, United-States, >50K
35, Private,245484, Some-college,5, Married-spouse-absent, Other-service, Husband, White, Male,-32,2227,40, Mexico, <=50K
15, Private,143059, HS-grad,12, Divorced, Craft-repair, Own-child, White, Male,-114,1,32, United-States, >50K
31, Private,384745, 10th,6, Never-married, Adm-clerical, Husband, White, Male,-56,5,40, United-States, <=50K
56, Private,291928, HS-grad,1, Married-spouse-absent, Craft-repair, Not-in-family, White, Male,-6,0,40, Ecuador, <=50K
57, Private,277924, HS-grad,9, Married-civ-spouse, Exec-managerial, Not-in-family, White, Female,21,2,32, United-States, >50K
75, Private,88120, HS-grad,2, Separated, Adm-clerical, Unmarried, White, Male,13,-1,40, United-States, <=50K
30, Private,111202, HS-grad,11, Never-married, Craft-repair, Husband, White, Male,-24,4,40, United-States, >50K
47, Private,18367, HS-grad,4, Never-married, Craft-repair, Not-in-family, White, Male,-34,3,42, United-States, <=50K
34, Private,200358, Prof-school,11, Never-married, ?, Husband, White, Male,22,6,40, United-States, <=50K
50, Private,156253, 11th,9, Never-married, Craft-repair, Husband, Other, Male,-81,6,40, United-States, <=50K
49, Federal-gov,22711, Some-college,14, Divorced, Handlers-cleaners, Husband, White, Male,-104,-1,40, United-States, <=50K
51, Private,164376, HS-grad,9, Married-civ-spouse, Machine-op-inspct, Husband, White, Male,-106,2174,51, United-States, >50K
80, Self-emp-inc,27097, 1st-4th,10, Divorced, Exec-managerial, Not-in-family, White, Male,-83,8,40, United-States, <=50K
38, Private,146118, HS-grad,9, Married-civ-spouse, Machine-op-inspct, Husband, Black, Male,96,5,40, United-States, <=50K
53, Private,234804, HS-grad,9, Never-married, Sales, Own-child, White, Male,-66,1,40, United-States, <=50K
47, Private,48868, Bachelors,5, Married-civ-spouse, Sales, Unmarried, White, Female,-58,-2,30, United-States, >50K
43, Private,144825, HS-grad,7, Never-married, ?, Not-in-family, Amer-Indian-Eskimo, Female,15,-1,48, United-States, >50K
28, Private,17768, Masters,14, Never-married, Machine-op-inspct, Not-in-family, White, Female,-6,-1,49, Nicaragua, >50K
46, Private,193708, Some-college,13, Married-civ-spouse, Exec-managerial, Husband, White, Female,-38,2,33, United-States, >50K
21, Private,136406, HS-grad,14, Never-married, ?, Unmarried, White, Female,-14,4,52, Japan, >50K
41, Private,99689, Some-college,12, Married-spouse-absent, Prof-specialty, Not-in-family, White, Male,-43,4,43, United-States, <=50K
34, Private,53276, Masters,9, Separated, ?, Not-in-family, White, Female,446,3,40, United-States, <=50K
20, Private,121260, HS-grad,14, Married-civ-spouse, Craft-repair, Unmarried, Asian-Pac-Islander, Male,7599,1972,40, United-States, <=50K
39, Private,193889, 9th,7, Married-civ-spouse, Sales, Not-in-family, White, Male,-56,1,48, Philippines, >50K
62, Private,117464, Some-college,9, Widowed, Prof-specialty, Own-child, White, Male,1482,0,40, El-Salvador, <=50K
39, Federal-gov,187172, Assoc-acdm,4, Married-spouse-absent, Exec-managerial, Husband, White, Male,-24,-1,33, United-States, <=50K
19, Private,132065, HS-grad,13, Married-civ-spouse, Transport-moving, Not-in-family, Amer-Indian-Eskimo, Female,-83,0,40, United-States, <=50K
38, Self-emp-not-inc,149129, Bachelors,10, Married-civ-spouse, Prof-specialty, Not-in-family, White, Male,-114,-1,43, Mexico, <=50K
54, Private,338698, HS-grad,9, Married-civ-spouse, Prof-specialty, Husband, White, Female,-114,-1,40, United-States, <=50K
24, Private,54229, 5th-6th,9, Never-married, Sales, Husband, Amer-Indian-Eskimo, Male,-85,2,32, United-States, >50K
64, Self-emp-inc,156549, HS-grad,15, Never-married, Adm-clerical, Not-in-family, White, Female,-61,2067,43, France, <=50K
19, Private,307733, Some-college,9, Married-civ-spouse, ?, Husband, Black, Female,-21,4,56, United-States, <=50K
36, Private,256105, 1st-4th,4, Never-married, Prof-specialty, Not-in-family, Black, Male,-7,-2,54, United-States, <=50K
52, State-gov,118710, HS-grad,7, Never-married, Prof-specialty, Own-child, Amer-Indian-Eskimo, Male,101,2,40, United-States, <=50K
41, Local-gov,202253, 7th-8th,9, Divorced, Transport-moving, Unmarried, White, Male,770,-3,40, United-States, <=50K
51, Private,143637, HS-grad,1, Married-civ-spouse, Farming-fishing, Husband, White, Male,-48,6,40, United-States, <=50K
65, Private,149942, HS-grad,14, Married-civ-spouse, Machine-op-inspct, Husband, White, Female,5,5,42, United-States, >50K
25, Private,156560, 10th,6, Married-civ-spouse, Transport-moving, Own-child, White, Male,-62,2,29, Thailand, <=50K
30, Self-emp-inc,86413, Some-college,3, Married-civ-spouse, Sales, Not-in-family, White, Male,-100,1748,40, El-Salvador, <=50K
30, Private,211023, HS-grad,8, Never-married, Prof-specialty, Not-in-family, White, Female,1796,-5,40, El-Salvador, <=50K
34, Private,137605, Masters,13, Married-civ-spouse, Priv-house-serv, Husband, White, Male,14,6,40, Mexico, >50K
44, Private,252604, Some-college,7, Never-married, Prof-specialty, Husband, Black, Female,650,4,40, ?, <=50K
42, Private,149741, Masters,9, Never-married, Prof-specialty, Other-relative, White, Male,-76,-1,40, United-States, <=50K
51, Self-emp-inc,411029, HS-grad,10, Married-civ-spouse, Craft-repair, Husband, White, Male,-121,3,46, Iran, <=50K
39, Private,35439, 7th-8th,9, Never-married, Adm-clerical, Husband, White, Female,-59,5,40, United-States, >50K
40, Private,267167, Preschool,7, Married-civ-spouse, Priv-house-serv, Husband, Asian-Pac-Islander, Male,59,-2,28, Taiwan, >50K
36, Federal-gov,198912, Some-college,13, Divorced, Exec-managerial, Own-child, White, Male,-115,1506,40, United-States, >50K
68, Private,182417, 10th,15, Never-married, Prof-specialty, Husband, White, Male,-73,1,40, United-States, <=50K
56, Private,19010, HS-grad,11, Never-married, Exec-managerial, Husband, Other, Male,-83,0,40, ?, >50K
20, Private,155840, Assoc-voc,4, Never-married, Craft-repair, Own-child, White, Male,19,2223,40, United-States, >50K
28, Private,178181, HS-grad,7, Separated, Prof-specialty, Own-child, White, Male,12,-2,35, United-States, >50K
18, Private,112696, HS-grad,14, Never-married, Other-service, Husband, White, Male,63,-2,40, United-States, >50K
28, Private,217390, HS-grad,9, Married-civ-spouse, Prof-specialty, Husband, White, Female,16,0,49, United-States, <=50K
51, Federal-gov,197421, Bachelors,13, Married-civ-spouse, Priv-house-serv, Husband, White, Male,-44,3,40, India, <=50K
90, Private,170274, HS-grad,8, Never-married, Adm-clerical, Not-in-family, Black, Male,7301,1,40, United-States, <=50K
47, Private,172353, Assoc-acdm,13, Married-civ-spouse, Other-service, Not-in-family, White, Male,15,5,35, Puerto-Rico, <=50K
30, Private,118504, Bachelors,9, Never-married, Craft-repair, Not-in-family, White, Female,3,2161,40, United-States, <=50K
38, Private,151817, HS-grad,9, Married-civ-spouse, Craft-repair, Unmarried, White, Male,36,-4,40, Puerto-Rico, <=50K
60, Private,244119, HS-grad,14, Married-civ-spouse, Other-service, Own-child, White, Male,603,1,47, United-States, >50K
76, Self-emp-inc,44960, Doctorate,11, Never-married, Prof-specialty, Not-in-family, White, Male,20,-1,48, Guatemala, <=50K
46, Private,10067, HS-grad,5, Never-married, Craft-repair, Husband, Black, Male,-2,5,3, Canada, <=50K
35, Private,201153, Masters,14, Married-civ-spouse, Craft-repair, Husband, Black, Male,-99,4,40, ?, <=50K
30, Private,243032, 12th,10, Never-married, Craft-repair, Husband, White, Male,-53,4,40, United-States, <=50K
30, Private,151629, Some-college,8, Widowed, Prof-specialty, Not-in-family, White, Male,-48,-3,40, United-States, >50K
42, Local-gov,229730, HS-grad,10, Married-civ-spouse, Tech-support, Own-child, White, Male,-89,5,68, United-States, <=50K
49, ?,170196, Masters,9, Never-married, Prof-specialty, Husband, Other, Male,-70,-2,2, India, >50K
53, Private,156428, HS-grad,9, Divorced, Adm-clerical, Husband, White, Male,-32,0,48, United-States, <=50K
59, Private,324276, HS-grad,7, Married-civ-spouse, Farming-fishing, Unmarried, White, Female,3979,0,40, United-States, >50K
33, Private,55822, HS-grad,6, Married-civ-spouse, Other-service, Husband, White, Male,27,2101,40, United-States, >50K
35, Private,113585, Assoc-voc,9, Married-civ-spouse, Adm-clerical, Other-relative, Asian-Pac-Islander, Male,-48,4,40, United-States, <=50K
31, Private,185475, Bachelors,2, Married-civ-spouse, Other-service, Not-in-family, White, Female,-95,1,81, United-States, <=50K
25, Private,5856, Bachelors,15, Divorced, Craft-repair, Husband, White, Male,85,5,40, United-States, <=50K
22, Private,230115, HS-grad,5, Divorced, Adm-clerical, Husband, Amer-Indian-Eskimo, Male,-32,0,43, United-States, <=50K
49, Self-emp-not-inc,95818, Assoc-acdm,9, Never-married, Prof-specialty, Not-in-family, Black, Male,34,4,40, United-States, <=50K
68, Private,35950, Prof-school,14, Married-civ-spouse, Prof-specialty, Husband, White, Male,-107,1966,34, United-States, <=50K
23, Self-emp-inc,15608, 9th,5, Married-civ-spouse, Prof-specialty, Not-in-family, White, Male,-71,1,43, United-States, >50K
31, Private,346255, HS-grad,9, Married-civ-spouse, Other-service, Not-in-family, White, Female,47,2004,40, United-States, <=50K
32, Private,355310, HS-grad,9, Never-married, Other-service, Husband, White, Male,-30,1,40, United-States, <=50K
53, Private,252400, HS-grad,7, Separated, Prof-specialty, Husband, White, Male,-97,-1,40, United-States, <=50K
40, Private,183634, Preschool,1, Divorced, Other-service, Husband, White, Male,2208,6,40, Vietnam, >50K
38, Private,11926, HS-grad,11, Married-civ-spouse, Machine-op-inspct, Husband, White, Male,73,-1,40, United-States, <=50K
46, Private,125323, HS-grad,9, Married-civ-spouse, Prof-specialty, Own-child, Black, Male,-70,-3,40, United-States, <=50K
50, Private,102670, Bachelors,11, Never-married, Adm-clerical, Unmarried, White, Male,-1,4,29, United-States, >50K
89, Private,224714, Bachelors,9, Divorced, Craft-repair, Not-in-family, White, Male,58,8,48, United-States, <=50K
80, Private,211301, Some-college,4, Never-married, Craft-repair, Husband, White, Male,838,1956,45, United-States, <=50K
43, Self-emp-not-inc,691, HS-grad,9, Married-civ-spouse, Prof-specialty, Not-in-family, White, Female,70,-1,40, United-States, <=50K
31, Private,211864, Some-college,11, Never-married, Farming-fishing, Own-child, Asian-Pac-Islander, Male,-66,2,29, United-States, <=50K
40, Private,404138, HS-grad,4, Never-married, Other-service, Own-child, Other, Male,-138,-4,40, United-States, <=50K
42, ?,199545, HS-grad,9, Never-married, Exec-managerial, Not-in-family, Asian-Pac-Islander, Male,-84,-1,40, Taiwan, >50K
46, Private,88763, HS-grad,7, Married-civ-spouse, Exec-managerial, Not-in-family, White, Male,2203,1940,40, United-States, <=50K
27, Federal-gov,338354, HS-grad,10, Married-AF-spouse, Sales, Unmarried, White, Male,39,0,40, United-States, <=50K
30, Private,221256, 12th,9, Married-civ-spouse, Adm-clerical, Husband, White, Male,-64,-1,40, United-States, >50K
51, State-gov,166014, HS-grad,14, Married-civ-spouse, Prof-specialty, Not-in-family, Other, Male,22,0,42, United-States, <=50K
33, Private,280924, HS-grad,17, Widowed, Prof-specialty, Unmarried, White, Male,-98,0,40, United-States, <=50K
26, ?,-258, HS-grad,4, Never-married, Adm-clerical, Other-relative, Black, Male,-142,3,40, United-States, <=50K
19, Private,443319, HS-grad,9, Married-civ-spouse, Craft-repair, Husband, Asian-Pac-Islander, Male,0,0,58, United-States, >50K
23, Without-pay,170332, HS-grad,14, Separated, ?, Husband, Black, Male,9,0,33, United-States, <=50K
65, Private,170867, Masters,7, Married-civ-spouse, Sales, Wife, White, Male,-104,-1,49, United-States, <=50K
42, Private,109363, HS-grad,9, Married-civ-spouse, Prof-specialty, Own-child, White, Male,108,2,49, United-States, >50K
31, Private,145666, HS-grad,14, Married-civ-spouse, Adm-clerical, Not-in-family, White, Female,-29,5,40, El-Salvador, <=50K
58, Private,342796, HS-grad,12, Married-civ-spouse, ?, Husband, White, Male,-8,5,40, ?, >50K
62, Private,138504, Assoc-voc,9, Never-married, Exec-managerial, Not-in-family, White, Male,21,2,40, United-States, >50K
49, Private,16317, HS-grad,8, Married-civ-spouse, ?, Husband, White, Male,14,2,40, United-States, <=50K
46, Private,163987, Bachelors,10, Married-civ-spouse, Prof-specialty, Husband, White, Female,100,0,40, United-States, <=50K
68, Local-gov,184261, Bachelors,5, Never-married, Machine-op-inspct, Husband, Black, Male,-99,5,40, Mexico, >50K
72, Local-gov,213063, 5th-6th,9, Never-married, Craft-repair, Husband, White, Male,-18,3,50, United-States, >50K
52, Private,13482, HS-grad,13, Married-civ-spouse, Sales, Wife, White, Male,26,-3,40, United-States, <=50K
41, Private,147115, Bachelors,9, Married-civ-spouse, Craft-repair, Unmarried, White, Male,-18,2,40, United-States, >50K
68, Federal-gov,159197, Some-college,9, Never-married, Prof-specialty, Not-in-family, White, Male,-87,1,47, United-States, <=50K
22, State-gov,105851, HS-grad,9, Never-married, Sales, Husband, White, Female,58,2,40, United-States, <=50K
46, Local-gov,160279, HS-grad,3, Married-civ-spouse, Craft-repair, Husband, Black, Female,-66,5,40, United-States, <=50K
23, Private,181004, Some-college,6, Married-civ-spouse, Adm-clerical, Husband, Asian-Pac-Islander, Male,14,2,45, United-States, <=50K
48, Private,160739, Some-college,9, Married-civ-spouse, ?, Husband, White, Male,33,6,40, United-States, <=50K
33, Private,134538, Some-college,5, Never-married, Other-service, Own-child, Black, Female,-132,1,40, United-States, >50K
48, Private,210017, Masters,13, Divorced, Adm-clerical, Husband, White, Male,-65,5,47, United-States, <=50K
32, Private,109356, Masters,14, Married-civ-spouse, Transport-moving, Husband, White, Male,7608,2045,40, United-States, <=50K
43, Private,292090, Some-college,13, Separated, Exec-managerial, Other-relative, White, Female,-39,3,40, Mexico, <=50K
34, Private,234734, Some-college,13, Married-civ-spouse, Other-service, Husband, White, Male,-107,-3,12, United-States, <=50K
25, Private,377723, 7th-8th,2, Married-civ-spouse, Farming-fishing, Husband, Asian-Pac-Islander, Male,-111,0,43, United-States, <=50K
56, Private,107422, 12th,4, Separated, Adm-clerical, Husband, White, Male,-102,3,29, United-States, <=50K
26, Private,166507, HS-grad,9, Married-civ-spouse, Machine-op-inspct, Not-in-family, Asian-Pac-Islander, Male,-7,3,40, United-States, <=50K
28, Private,77222, Bachelors,9, Married-civ-spouse, Sales, Not-in-family, White, Male,-32,4,57, United-States, <=50K
41, Without-pay,16410, Masters,14, Married-civ-spouse, ?, Own-child, White, Male,-95,3,15, United-States, <=50K
46, Private,21740, HS-grad,12, Never-married, Adm-clerical, Husband, White, Male,11,0,40, United-States, <=50K
60, Private,226950, 11th,9, Widowed, Prof-specialty, Husband, White, Male,24,1795,40, United-States, <=50K
68, Private,35892, 10th,6, Separated, Exec-managerial, Husband, White, Male,-57,2146,40, United-States, <=50K
31, Private,249893, Assoc-acdm,13, Married-civ-spouse, Adm-clerical, Not-in-family, White, Male,-22,2,40, Philippines, <=50K
22, State-gov,236974, Bachelors,11, Never-married, Sales, Husband, White, Male,35,3,48, Mexico, <=50K
32, Self-emp-inc,175113, Masters,9, Married-civ-spouse, Craft-repair, Husband, White, Male,-7,6,47, United-States, >50K
30, Local-gov,353234, Some-college,9, Married-civ-spouse, Sales, Husband, White, Male,-2,-5,40, Philippines, <=50K
35, Local-gov,46732, HS-grad,13, Married-civ-spouse, Sales, Not-in-family, White, Male,0,-4,40, Mexico, <=50K
36, Private,79626, HS-grad,10, Married-civ-spouse, Other-service, Wife, White, Male,-4,5,40, United-States, >50K
50, Private,396339, HS-grad,11, Married-civ-spouse, Exec-managerial, Husband, Asian-Pac-Islander, Female,99,-2,40, United-States, <=50K
32, Private,199586, 9th,12, Never-married, Craft-repair, Husband, White, Male,15,6,40, United-States, <=50K
43, Private,260526, Assoc-acdm,16, Divorced, Exec-managerial, Wife, White, Male,100,2,28, United-States, >50K
38, Private,245249, Prof-school,7, Never-married, Prof-specialty, Husband, White, Male,-129,3,48, United-States, <=50K
52, Private,124891, Bachelors,14, Divorced, Adm-clerical, Unmarried, White, Male,44,7,40, United-States, <=50K
64, Federal-gov,183934, Prof-school,9, Never-married, Adm-clerical, Husband, White, Female,-18,-6,40, United-States, <=50K
49, Local-gov,207157, Some-college,14, Never-married, Transport-moving, Not-in-family, White, Male,-89,0,40, United-States, <=50K
27, Private,503898, Doctorate,16, Married-civ-spouse, Sales, Husband, Amer-Indian-Eskimo, Male,-34,2,47, United-States, >50K
51, Federal-gov,237053, HS-grad,9, Married-civ-spouse, ?, Not-in-family, Black, Male,-41,8,50, Philippines, <=50K
42, Self-emp-not-inc,101264, Some-college,14, Married-civ-spouse, Priv-house-serv, Other-relative, White, Male,58,4,48, United-States, <=50K
47, Private,119970, HS-grad,8, Married-civ-spouse, Craft-repair, Husband, White, Male,17,6,48, United-States, <=50K
52, Private,248611, 10th,7, Divorced, Machine-op-inspct, Husband, White, Male,-37,7,40, United-States, <=50K
16, Private,26539, HS-grad,9, Widowed, Prof-specialty, Husband, Asian-Pac-Islander, Male,3763,2,40, ?, <=50K
28, Private,161765, 1st-4th,4, Never-married, Exec-managerial, Not-in-family, White, Male,-49,0,30, United-States, <=50K
40, Private,114819, HS-grad,4, Widowed, Craft-repair, Husband, White, Male,7008,3,44, United-States, <=50K
68, Private,168431, HS-grad,9, Married-civ-spouse, Exec-managerial, Not-in-family, White, Male,28,6,40, Laos, <=50K
73, Private,125564, HS-grad,5, Never-married, Craft-repair, Not-in-family, White, Female,-107,2019,41, United-States, <=50K
42, Self-emp-not-inc,27741, HS-grad,9, Married-civ-spouse, ?, Not-in-family, White, Male,51,6,40, United-States, >50K
101, Private,39830, Assoc-acdm,10, Never-married, Adm-clerical, Husband, White, Male,-66,-5,49, United-States, <=50K
25, Private,314503, HS-grad,9, Married-spouse-absent, Other-service, Husband, White, Male,-87,6,47, United-States, <=50K
27, Private,113318, 9th,13, Divorced, Prof-specialty, Husband, Other, Male,1582,2000,40, ?, <=50K
34, Private,101855, 11th,10, Divorced, Sales, Unmarried, Asian-Pac-Islander, Male,-91,4,40, ?, <=50K
48, Private,125840, HS-grad,10, Married-civ-spouse, Farming-fishing, Unmarried, Asian-Pac-Islander, Male,-34,2,40, Puerto-Rico, <=50K
33, Private,8100, HS-grad,3, Separated, Other-service, Own-child, White, Male,7549,6,-1, United-States, <=50K
44, Private,189354, Some-college,10, Married-civ-spouse, ?, Not-in-family, White, Male,3414,0,40, United-States, <=50K
65, Self-emp-not-inc,149839, HS-grad,13, Divorced, Prof-specialty, Not-in-family, White, Female,39,3,32, United-States, >50K
29, Private,176700, HS-grad,10, Never-married, Sales, Husband, Asian-Pac-Islander, Male,-75,1,40, United-States, <=50K
42, Private,277754, 9th,9, Married-civ-spouse, Farming-fishing, Not-in-family, White, Male,-4,7,40, ?, <=50K
66, Private,336060, Bachelors,13, Divorced, Exec-managerial, Own-child, White, Female,-48,4,45, United-States, >50K
70, Private,121775, Masters,9, Never-married, Prof-specialty, Unmarried, Black, Male,3481,2,40, United-States, <=50K
39, Private,75479, Bachelors,14, Never-married, Craft-repair, Wife, White, Male,-29,-3,40, United-States, <=50K
23, Private,9306, HS-grad,9, Married-civ-spouse, Handlers-cleaners, Husband, White, Female,-86,-2,44, United-States, <=50K
43, Private,142402, Bachelors,12, Never-married, Craft-repair, Husband, Black, Female,5953,1638,28, United-States, >50K
27, Private,182157, 7th-8th,10, Never-married, Farming-fishing, Husband, Asian-Pac-Islander, Male,37,2,40, United-States, <=50K
27, Private,199745, HS-grad,10, Married-civ-spouse, Prof-specialty, Other-relative, Asian-Pac-Islander, Male,-97,1900,40, United-States, <=50K
28, Private,215716, Some-college,9, Married-civ-spouse, Sales, Not-in-family, White, Male,19,0,40, United-States, >50K
16, Private,153545, HS-grad,13, Never-married, Craft-repair, Not-in-family, White, Male,8678,6,28, United-States, <=50K
72, Local-gov,32627, HS-grad,9, Married-civ-spouse, Prof-specialty, Husband, Asian-Pac-Islander, Female,-106,2,49, United-States, <=50K
28, Private,12221, HS-grad,9, Separated, Craft-repair, Own-child, White, Male,-87,1,40, United-States, <=50K
22, Self-emp-not-inc,144785, Some-college,3, Never-married, Sales, Unmarried, Black, Male,-45,2076,34, United-States, <=50K
51, Private,276123, Prof-school,12, Widowed, Farming-fishing, Husband, White, Female,-108,2184,40, Dominican-Republic, <=50K
41, Local-gov,395964, Bachelors,8, Divorced, Prof-specialty, Husband, White, Male,71,0,40, United-States, <=50K
54, Private,209957, Assoc-acdm,9, Never-married, Machine-op-inspct, Unmarried, Black, Male,12981,1,53, Yugoslavia, >50K
51, Self-emp-not-inc,279101, 12th,9, Separated, ?, Unmarried, Black, Female,7559,0,49, United-States, <=50K
38, Private,327989, HS-grad,9, Married-civ-spouse, Prof-specialty, Not-in-family, White, Male,-23,1935,49, Germany, <=50K
26, Private,121328, HS-grad,14, Married-civ-spouse, Craft-repair, Not-in-family, White, Female,56,1,40, United-States, <=50K
39, Local-gov,77860, Assoc-voc,14, Married-civ-spouse, ?, Unmarried, White, Male,-3,2,40, Greece, <=50K
42, Private,38386, HS-grad,7, Married-civ-spouse, Craft-repair, Husband, White, Male,10,-3,40, Mexico, >50K
46, Private,57709, Some-college,10, Never-married, Handlers-cleaners, Husband, White, Male,541,1,40, China, <=50K
22, Private,156832, HS-grad,10, Never-married, Craft-repair, Husband, White, Male,3,2122,40, United-States, <=50K
58, Federal-gov,192174, HS-grad,7, Never-married, Prof-specialty, Not-in-family, Asian-Pac-Islander, Male,56,2,40, United-States, <=50K
41, Federal-gov,230730, Bachelors,9, Never-married, Prof-specialty, Not-in-family, Black, Female,-1340,1,40, Haiti, <=50K
36, Local-gov,92607, Masters,10, Divorced, Prof-specialty, Wife, White, Male,-58,4,40, United-States, >50K
43, Private,124796, HS-grad,13, Married-civ-spouse, ?, Own-child, White, Female,20,5,25, United-States, >50K
60, Private,22268, HS-grad,10, Married-civ-spouse, Other-service, Husband, White, Female,5759,6,40, United-States, <=50K
42, Private,27018, Masters,9, Married-civ-spouse, Adm-clerical, Husband, White, Male,7148,2,48, United-States, <=50K
46, Self-emp-not-inc,24483, HS-grad,6, Married-civ-spouse, Exec-managerial, Husband, White, Male,14,-3,40, United-States, <=50K
19, Self-emp-not-inc,206183, Prof-school,9, Married-civ-spouse, Sales, Not-in-family, White, Male,-107,0,59, ?, <=50K
37, Private,148182, Assoc-acdm,2, Married-civ-spouse, Farming-fishing, Not-in-family, White, Male,2819,2,40, Philippines, >50K
38, Private,154336, Assoc-voc,9, Married-civ-spouse, Handlers-cleaners, Not-in-family, White, Male,33,7,46, United-States, <=50K
25, Private,51731, HS-grad,9, Never-married, Exec-managerial, Husband, White, Male,-2,4,40, United-States, <=50K
46, Private,135039, HS-grad,13, Married-civ-spouse, Adm-clerical, Not-in-family, White, Male,-83,5,40, United-States, <=50K
72, Private,46039, 7th-8th,12, Married-civ-spouse, Machine-op-inspct, Husband, Asian-Pac-Islander, Male,-98,5,40, United-States, >50K
24, Private,146502, Masters,13, Married-civ-spouse, Prof-specialty, Not-in-family, White, Male,55,0,76, Iran, >50K
89, Private,145448, Some-college,14, Widowed, Adm-clerical, Not-in-family, White, Male,-19,-1,43, United-States, <=50K
55, ?,118056, HS-grad,9, Married-civ-spouse, Machine-op-inspct, Husband, White, Male,68,4,40, Mexico, <=50K
76, Private,357795, Some-college,4, Separated, Craft-repair, Unmarried, Asian-Pac-Islander, Male,68,1,42, United-States, <=50K
57, Private,153096, HS-grad,9, Married-civ-spouse, Adm-clerical, Not-in-family, White, Male,6060,0,40, United-States, <=50K
34, Private,132634, Bachelors,9, Married-civ-spouse, Adm-clerical, Not-in-family, White, Male,-104,-1,40, United-States, <=50K
22, Private,415511, HS-grad,13, Married-civ-spouse, Prof-specialty, Not-in-family, White, Male,-74,0,40, Dominican-Republic, <=50K
41, ?,207706, HS-grad,7, Married-civ-spouse, Farming-fishing, Husband, Black, Male,-61,1,48, United-States, <=50K
81, Private,20294, Some-college,6, Married-civ-spouse, ?, Not-in-family, White, Female,-68,-1,55, United-States, >50K
75, Local-gov,222566, HS-grad,1, Married-civ-spouse, Transport-moving, Husband, Asian-Pac-Islander, Male,30,8,40, United-States, <=50K
67, Private,306523, Assoc-acdm,4, Never-married, Adm-clerical, Not-in-family, White, Male,-4,1,40, China, <=50K
27, Private,193874, HS-grad,6, Married-civ-spouse, Exec-managerial, Unmarried, White, Male,85,4,40, United-States, >50K
18, Private,253630, Some-college,14, Divorced, ?, Other-relative, White, Male,35,4,40, United-States, <=50K
30, Private,233318, Some-college,9, Married-civ-spouse, Sales, Husband, White, Male,-132,6,42, United-States, <=50K
65, Private,163739, HS-grad,6, Never-married, Craft-repair, Unmarried, White, Female,-52,-6,56, United-States, >50K
42, State-gov,186327, HS-grad,13, Never-married, Handlers-cleaners, Not-in-family, Asian-Pac-Islander, Male,-120,0,40, United-States, <=50K
76, Private,173429, HS-grad,7, Divorced, Handlers-cleaners, Not-in-family, White, Male,-83,4,32, United-States, <=50K
43, Private,142165, Some-college,10, Separated, Prof-specialty, Husband, White, Male,117,0,42, Puerto-Rico, <=50K
22, Self-emp-not-inc,139205, HS-grad,3, Married-civ-spouse, Sales, Own-child, White, Male,29,1,40, United-States, >50K
33, Self-emp-inc,306509, 10th,5, Married-civ-spouse, Prof-specialty, Husband, White, Male,92,0,15, United-States, <=50K
90, Private,153924, Bachelors,9, Married-spouse-absent, Craft-repair, Unmarried, White, Male,9,1,40, China, <=50K
29, Private,358704, Bachelors,10, Married-civ-spouse, Prof-specialty, Other-relative, Other, Male,-64,2,32, United-States, >50K
33, Private,17658, 5th-6th,6, Separated, Sales, Own-child, Asian-Pac-Islander, Male,23,-3,40, United-States, <=50K
66, Self-emp-not-inc,99299, HS-grad,9, Never-married, ?, Not-in-family, White, Female,76,4,32, United-States, <=50K
71, Private,418542, Doctorate,7, Never-married, ?, Not-in-family, White, Male,-31,0,40, United-States, <=50K
45, Private,134096, Assoc-voc,12, Married-civ-spouse, Machine-op-inspct, Own-child, White, Male,-93,2127,40, United-States, >50K
39, Private,199419, 12th,11, Never-married, Handlers-cleaners, Own-child, White, Male,15,5,28, India, >50K
75, Private,126338, HS-grad,9, Married-civ-spouse, Exec-managerial, Unmarried, White, Male,-51,3,40, Cuba, <=50K
30, Private,149420, HS-grad,9, Married-civ-spouse, ?, Husband, White, Male,38,6,43, United-States, >50K
30, Private,207314, 7th-8th,9, Divorced, Prof-specialty, Husband, Asian-Pac-Islander, Male,-73,1581,40, United-States, <=50K
23, Self-emp-not-inc,178139, HS-grad,9, Married-civ-spouse, Prof-specialty, Husband, White, Male,57,3,40, United-States, >50K
24, Private,158279, Some-college,5, Never-married, Farming-fishing, Not-in-family, White, Female,5,4,40, Taiwan, >50K
54, Private,164146, HS-grad,6, Married-civ-spouse, Craft-repair, Husband, White, Male,26,1,40, United-States, <=50K
22, Private,135139, Some-college,4, Never-married, Sales, Not-in-family, White, Female,-4,2,40, United-States, <=50K
42, State-gov,257573, Some-college,3, Never-married, Other-service, Not-in-family, White, Female,-22,1,48, Mexico, <=50K
94, Private,145279, Some-college,14, Never-married, Exec-managerial, Unmarried, White, Male,223,1,-3, United-States, >50K
43, Self-emp-not-inc,280198, Some-college,4, Never-married, ?, Wife, White, Female,-35,5,81, United-States, >50K
46, State-gov,4916, HS-grad,14, Never-married, Craft-repair, Husband, White, Female,0,-3,40, Mexico, >50K
66, Local-gov,178310, HS-grad,9, Married-civ-spouse, Sales, Unmarried, White, Male,-50,5,40, United-States, <=50K
68, Private,19752, Assoc-acdm,7, Married-civ-spouse, Craft-repair, Husband, White, Male,81,0,40, United-States, <=50K
26, Private,133619, Some-college,9, Divorced, Sales, Unmarried, White, Male,41,8,40, United-States, <=50K
34, Local-gov,1629, Prof-school,14, Separated, Craft-repair, Own-child, White, Male,25,-7,40, United-States, <=50K
32, Local-gov,165969, Some-college,9, Never-married, Prof-specialty, Husband, White, Male,-55,1,40, United-States, <=50K
49, Private,207091, Masters,7, Married-civ-spouse, Other-service, Husband, White, Male,-93,4,40, United-States, <=50K
57, State-gov,129495, Some-college,9, Never-married, Craft-repair, Husband, White, Male,5,-1,40, United-States, <=50K
40, Private,13604, HS-grad,9, Never-married, Other-service, Own-child, Asian-Pac-Islander, Male,11,2,56, United-States, <=50K
42, Private,186113, 5th-6th,8, Married-civ-spouse, Machine-op-inspct, Wife, White, Male,4927,2056,40, United-States, >50K
37, Self-emp-inc,108127, Some-college,13, Married-civ-spouse, Prof-specialty, Husband, White, Male,-42,4,52, United-States, >50K
65, Private,252159, 11th,12, Never-married, Exec-managerial, Husband, White, Male,6923,5,40, United-States, <=50K
72, Self-emp-not-inc,204983, HS-grad,14, Married-civ-spouse, Sales, Other-relative, White, Male,-13,5,40, United-States, <=50K
62, State-gov,171124, Some-college,12, Married-civ-spouse, Exec-managerial, Wife, White, Male,-85,5,57, United-States, >50K
16, Private,37590, HS-grad,9, Married-civ-spouse, Handlers-cleaners, Own-child, Black, Male,-48,2,40, Portugal, <=50K
50, Private,206988, Some-college,10, Married-civ-spouse, Prof-specialty, Wife, White, Male,-21,1570,40, United-States, <=50K
71, Self-emp-inc,74460, 12th,14, Divorced, Prof-specialty, Husband, White, Male,-16,6,40, United-States, <=50K
37, Private,72609, 5th-6th,9, Separated, Tech-support, Other-relative, White, Male,-45,1811,40, United-States, <=50K
27, Private,144544, HS-grad,10, Separated, Prof-specialty, Not-in-family, White, Male,85,0,40, United-States, >50K
60, Never-worked,27600, Some-college,10, Married-civ-spouse, Prof-specialty, Unmarried, Asian-Pac-Islander, Male,-43,0,40, United-States, <=50K
22, Private,154239, HS-grad,10, Never-married, Craft-repair, Husband, White, Male,-27,4,20, United-States, <=50K
38, Private,173250, Preschool,14, Never-married, Craft-repair, Not-in-family, White, Male,-132,2202,22, United-States, >50K
34, Private,169979, Bachelors,9, Divorced, Exec-managerial, Not-in-family, White, Male,8091,5,40, United-States, <=50K
83, Private,208679, Some-college,9, Divorced, Adm-clerical, Unmarried, Asian-Pac-Islander, Male,-81,2,28, United-States, <=50K
52, Private,193296, Some-college,8, Married-civ-spouse, Sales, Own-child, White, Female,-37,-2,40, Outlying-US(Guam-USVI-etc), <=50K
29, Private,122063, HS-grad,7, Widowed, Sales, Not-in-family, White, Female,-92,7,9, United-States, <=50K
32, Private,164402, HS-grad,9, Never-married, Adm-clerical, Husband, White, Male,29,3,49, United-States, <=50K
65, Federal-gov,49328, Some-college,6, Never-married, Handlers-cleaners, Husband, White, Male,-61,4,12, United-States, <=50K
44, Private,44610, Doctorate,10, Married-civ-spouse, Sales, Other-relative, White, Male,-66,2311,40, United-States, <=50K
71, Federal-gov,232053, 10th,15, Divorced, Protective-serv, Not-in-family, White, Male,10,-1,40, Canada, <=50K
25, Private,31605, HS-grad,9, Married-civ-spouse, Adm-clerical, Not-in-family, White, Male,-6,3,40, United-States, <=50K
29, Private,113849, HS-grad,8, Married-civ-spouse, Transport-moving, Unmarried, White, Male,-20,-2,40, United-States, >50K
21, Private,70704, HS-grad,14, Married-civ-spouse, Adm-clerical, Not-in-family, White, Female,61,2,34, United-States, <=50K
32, Self-emp-inc,389797, HS-grad,4, Divorced, Craft-repair, Not-in-family, White, Male,-55,-3,35, United-States, <=50K
58, Private,137457, HS-grad,13, Divorced, Machine-op-inspct, Own-child, Black, Male,-87,3,40, United-States, <=50K
26, Self-emp-not-inc,128384, Some-college,13, Married-civ-spouse, Adm-clerical, Not-in-family, Black, Male,87,1,40, United-States, >50K
33, Private,203341, HS-grad,17, Widowed, Craft-repair, Unmarried, White, Male,-126,1,40, United-States, <=50K
25, Private,128628, HS-grad,14, Divorced, Exec-managerial, Husband, White, Male,7,5,40, United-States, <=50K
48, Private,129735, 10th,6, Married-civ-spouse, Prof-specialty, Husband, White, Female,105,4,40, United-States, >50K
34, Private,146852, HS-grad,11, Never-married, Sales, Husband, White, Male,-4,-3,49, United-States, <=50K
22, Local-gov,123672, Some-college,12, Married-civ-spouse, Other-service, Not-in-family, White, Male,-45,6,40, United-States, <=50K
16, Private,186981, HS-grad,9, Never-married, Prof-specialty, Husband, Black, Male,-4,6,40, Trinadad&Tobago, <=50K
45, Private,130775, HS-grad,6, Never-married, ?, Husband, White, Male,45,6,12, United-States, <=50K
72, Private,61284, Bachelors,9, Never-married, Sales, Not-in-family, White, Male,-19,0,40, United-States, >50K
40, Federal-gov,230346, HS-grad,7, Divorced, Exec-managerial, Husband, Asian-Pac-Islander, Female,47,1985,41, United-States, <=50K
50, Private,125060, HS-grad,9, Never-married, ?, Wife, White, Male,134,-3,40, United-States, <=50K
75, Private,161702, Some-college,9, Widowed, Adm-clerical, Not-in-family, White, Male,-71,5,40, United-States, <=50K
52, Private,58963, Assoc-voc,9, Never-married, Protective-serv, Unmarried, White, Male,-93,-2,40, United-States, >50K
44, Private,132007, HS-grad,17, Married-civ-spouse, ?, Not-in-family, White, Male,-94,1,48, United-States, >50K
40, Private,146487, 12th,13, Married-civ-spouse, Transport-moving, Not-in-family, White, Male,-19,0,40, United-States, <=50K
61, Local-gov,4653, 9th,9, Never-married, Craft-repair, Husband, Asian-Pac-Islander, Male,-105,2067,44, England, >50K
34, Private,108378, HS-grad,9, Never-married, Handlers-cleaners, Own-child, Black, Female,61,6,40, United-States, <=50K
49, Private,177540, HS-grad,13, Married-civ-spouse, Transport-moving, Husband, Black, Male,6,-2,40, United-States, >50K
28, Federal-gov,133807, HS-grad,9, Separated, Protective-serv, Not-in-family, White, Male,-142,-2,50, United-States, <=50K
32, Private,87194, 5th-6th,10, Never-married, Exec-managerial, Not-in-family, White, Male,-134,-2,40, Hungary, <=50K
40, Local-gov,253953, Assoc-voc,7, Married-civ-spouse, Farming-fishing, Husband, White, Male,-52,2,40, United-States, <=50K
34, Private,205329, Some-college,10, Never-married, Exec-managerial, Not-in-family, White, Male,102,1,40, United-States, <=50K
60, Private,178761, HS-grad,12, Widowed, Adm-clerical, Unmarried, White, Male,21,4,41, United-States, <=50K
39, Private,76999, HS-grad,9, Divorced, Adm-clerical, Husband, White, Male,-115,5,45, United-States, <=50K
49, Private,39975, 11th,9, Never-married, Adm-clerical, Wife, White, Male,-87,2344,40, United-States, <=50K
40, Private,28511, Some-college,9, Married-civ-spouse, Craft-repair, Husband, White, Male,-64,4,50, United-States, <=50K
71, Self-emp-not-inc,87166, 9th,16, Widowed, Craft-repair, Husband, Black, Male,14246,4,40, United-States, <=50K
44, Private,153909, Bachelors,13, Never-married, Adm-clerical, Not-in-family, White, Male,16,1,55, United-States, <=50K
24, Private,187235, Prof-school,14, Never-married, Adm-clerical, Husband, Asian-Pac-Islander, Male,-50,5,29, United-States, <=50K
38, Local-gov,178686, HS-grad,9, Divorced, Craft-repair, Own-child, White, Male,-38,7,52, United-States, <=50K
75, Local-gov,226279, 10th,3, Married-spouse-absent, Adm-clerical, Husband, White, Male,4,1,40, United-States, <=50K
45, State-gov,135595, Bachelors,6, Never-married, Sales, Own-child, White, Male,24,5,49, United-States, <=50K
36, Private,160236, 1st-4th,7, Never-married, Other-service, Husband, White, Male,22,7,40, United-States, >50K
20, Private,122497, 9th,14, Married-civ-spouse, Craft-repair, Own-child, White, Male,-100,4,40, United-States, >50K
60, Private,40047, Assoc-acdm,14, Never-married, Craft-repair, Own-child, White, Female,-45,4,40, South, >50K
47, Private,329144, Preschool,14, Never-married, Prof-specialty, Husband, Black, Male,100,2,40, United-States, <=50K
26, Self-emp-not-inc,119495, Some-college,9, Never-married, Exec-managerial, Other-relative, White, Male,-51,1,40, United-States, <=50K
30, Private,24846, Assoc-voc,9, Never-married, Adm-clerical, Husband, Asian-Pac-Islander, Male,-12,-2,40, United-States, <=50K
43, Private,138415, Bachelors,11, Never-married, Prof-specialty, Not-in-family, Asian-Pac-Islander, Male,-25,1827,40, Dominican-Republic, <=50K
35, ?,24996, 5th-6th,9, Never-married, Other-service, Husband, White, Male,6327,-1,40, United-States, <=50K
52, Private,277007, 10th,14, Married-civ-spouse, Craft-repair, Wife, White, Male,12,4,28, United-States, >50K
72, State-gov,320502, Bachelors,9, Married-civ-spouse, Exec-managerial, Husband, Asian-Pac-Islander, Male,64,6,40, United-States, <=50K
59, Private,230384, HS-grad,13, Married-civ-spouse, ?, Not-in-family, White, Male,-8,0,40, United-States, >50K
18, Private,65280, HS-grad,7, Never-married, Craft-repair, Own-child, White, Male,-14,-1,40, United-States, <=50K
46, Private,127842, HS-grad,7, Never-married, Exec-managerial, Husband, White, Female,73,2,42, United-States, <=50K
52, Private,171821, Assoc-voc,9, Never-married, Transport-moving, Not-in-family, White, Male,-18,2,40, United-States, <=50K
67, Self-emp-not-inc,264080, HS-grad,9, Married-civ-spouse, Prof-specialty, Not-in-family, White, Male,-24,3,44, United-States, <=50K
22, Private,148530, Bachelors,10, Married-civ-spouse, Other-service, Husband, White, Female,8065,2184,41, United-States, >50K
66, Local-gov,258853, Assoc-voc,7, Married-civ-spouse, Transport-moving, Husband, White, Male,-92,-6,40, United-States, <=50K
82, Private,133740, HS-grad,13, Married-civ-spouse, Adm-clerical, Husband, White, Male,82,8,50, United-States, <=50K
31, Private,5436, Masters,0, Married-civ-spouse, ?, Unmarried, Asian-Pac-Islander, Male,64,6,40, United-States, <=50K
36, Private,51771, Bachelors,10, Married-civ-spouse, Other-service, Husband, White, Male,-69,2060,51, Mexico, >50K
28, Private,47734, HS-grad,11, Married-civ-spouse, Prof-specialty, Unmarried, White, Male,28,0,40, Hungary, >50K
29, Private,12197, HS-grad,14, Married-civ-spouse, Craft-repair, Husband, White, Female,37,2,40, United-States, <=50K
32, Private,204418, Some-college,10, Married-civ-spouse, Craft-repair, Unmarried, White, Male,-99,7,23, United-States, <=50K
33, Private,340457, 7th-8th,9, Married-civ-spouse, Adm-clerical, Not-in-family, White, Male,-16,-1,40, ?, <=50K
34, Private,184647, HS-grad,9, Divorced, Prof-specialty, Not-in-family, White, Male,73,-1,40, United-States, <=50K
34, Private,151624, HS-grad,4, Married-civ-spouse, Farming-fishing, Husband, White, Male,-17,3,48, England, <=50K
40, Private,51312, Assoc-voc,7, Never-married, Craft-repair, Wife, White, Male,87,8,10, United-States, >50K
34, ?,26859, HS-grad,7, Married-civ-spouse, Farming-fishing, Unmarried, Other, Female,-113,0,3, El-Salvador, <=50K
48, Private,171711, Prof-school,9, Married-civ-spouse, Other-service, Wife, White, Male,134,-2,40, United-States, <=50K
33, Private,35317, Some-college,16, Divorced, Craft-repair, Own-child, White, Female,68,-2,17, ?, <=50K
22, State-gov,23977, HS-grad,6, Married-spouse-absent, Prof-specialty, Husband, White, Male,63,4,40, Mexico, <=50K
42, State-gov,324074, HS-grad,10, Never-married, Sales, Own-child, White, Male,52,4,44, United-States, <=50K
96, ?,186887, HS-grad,12, Married-civ-spouse, Prof-specialty, Husband, White, Female,-34,6,33, United-States, >50K
45, Federal-gov,257557, Assoc-acdm,10, Never-married, Transport-moving, Own-child, Black, Male,4358,-4,95, Philippines, <=50K
39, Private,265358, HS-grad,13, Married-civ-spouse, ?, Not-in-family, White, Male,36,-1,27, Mexico, <=50K
46, Private,27861, Preschool,7, Divorced, Sales, Not-in-family, White, Male,22,2373,48, United-States, <=50K
31, Private,227783, Assoc-acdm,14, Never-married, Other-service, Other-relative, White, Male,55,1,43, United-States, <=50K
32, ?,124651, HS-grad,10, Never-married, Exec-managerial, Husband, White, Female,33,0,40, United-States, >50K
32, Private,146422, Assoc-voc,9, Divorced, Other-service, Not-in-family, White, Female,-30,6,40, United-States, <=50K
18, Private,148598, Some-college,3, Married-civ-spouse, Prof-specialty, Own-child, White, Female,-11,-4,58, United-States, >50K
26, Private,156029, HS-grad,9, Married-civ-spouse, Other-service, Own-child, Other, Male,-19,3,49, United-States, <=50K
52, Private,32717, Some-college,12, Never-married, Sales, Not-in-family, Black, Female,-136,3,40, United-States, <=50K
53, Local-gov,385215, Prof-school,9, Married-civ-spouse, Exec-managerial, Husband, White, Male,-57,-4,44, Italy, <=50K
41, Federal-gov,37311, Bachelors,3, Never-married, Adm-clerical, Husband, White, Male,-77,2114,40, Dominican-Republic, <=50K
32, State-gov,129408, Bachelors,14, Never-married, Adm-clerical, Not-in-family, White, Male,-96,-1,40, United-States, <=50K
31, Local-gov,28215, HS-grad,13, Divorced, Craft-repair, Not-in-family, White, Male,56,-2,40, United-States, <=50K
29, Private,230746, HS-grad,9, Never-married, Adm-clerical, Husband, Other, Male,-70,-4,49, United-States, >50K
51, Private,229893, 9th,9, Never-married, Protective-serv, Other-relative, White, Male,-27,3,40, United-States, >50K
57, Private,149979, Some-college,9, Separated, Handlers-cleaners, Unmarried, Asian-Pac-Islander, Male,4,-5,12, United-States, <=50K
26, Private,486800, HS-grad,15, Married-spouse-absent, Farming-fishing, Husband, Asian-Pac-Islander, Male,40,0,40, United-States, <=50K
59, Without-pay,205246, Some-college,9, Widowed, Craft-repair, Husband, Asian-Pac-Islander, Male,-89,6,49, Ecuador, <=50K
28, Local-gov,348369, 10th,5, Never-married, Protective-serv, Husband, Black, Female,-23,5,40, United-States, <=50K
65, Private,188469, Some-college,9, Married-civ-spouse, ?, Own-child, White, Male,-23,3,49, Hong, >50K
39, Private,51285, HS-grad,9, Never-married, Other-service, Husband, White, Female,13,2,40, United-States, <=50K
33, Private,244671, HS-grad,9, Married-civ-spouse, Machine-op-inspct, Husband, Asian-Pac-Islander, Female,-107,7,40, United-States, >50K
82, Private,135157, 11th,12, Married-civ-spouse, Craft-repair, Husband, White, Female,8468,7,40, United-States, >50K
32, Private,209553, 7th-8th,10, Married-civ-spouse, Other-service, Husband, White, Male,7,-4,59, United-States, <=50K
23, Never-worked,263378, Prof-school,14, Never-married, Adm-clerical, Husband, White, Male,-78,2,57, United-States, >50K
46, Private,108485, Assoc-acdm,10, Married-civ-spouse, Exec-managerial, Husband, White, Male,96,-3,40, United-States, >50K
47, Private,379365, Assoc-acdm,14, Married-civ-spouse, Machine-op-inspct, Husband, White, Male,-24,1,40, Haiti, <=50K
32, Private,225128, HS-grad,9, Married-civ-spouse, Priv-house-serv, Not-in-family, White, Male,288,4,53, United-States, <=50K
43, State-gov,320205, Prof-school,10, Never-married, Craft-repair, Own-child, Asian-Pac-Islander, Male,2,1,40, ?, >50K
49, Private,369624, Assoc-voc,13, Never-married, Tech-support, Unmarried, Black, Male,-49,0,40, Italy, <=50K
26, State-gov,135964, Some-college,4, Married-civ-spouse, Prof-specialty, Not-in-family, White, Male,-86,5,40, United-States, >50K
31, Private,209363, HS-grad,14, Married-civ-spouse, Craft-repair, Wife, White, Male,4992,-2,40, United-States, <=50K
33, Federal-gov,294218, HS-grad,9, Divorced, Handlers-cleaners, Husband, Black, Male,43,-5,40, Honduras, <=50K
39, Private,27517, Assoc-voc,11, Never-married, Exec-managerial, Husband, White, Male,-91,2,40, Laos, <=50K
30, Private,458795, Bachelors,9, Married-spouse-absent, Machine-op-inspct, Husband, White, Male,12166,-5,40, Laos, <=50K
59, Private,383413, HS-grad,9, Never-married, Sales, Not-in-family, White, Male,7319,0,40, United-States, <=50K
24, Private,297545, HS-grad,9, Never-married, Craft-repair, Not-in-family, White, Male,-107,3,40, Greece, >50K
43, Self-emp-not-inc,90130, 7th-8th,13, Separated, Prof-specialty, Wife, Black, Female,59,1,40, Holand-Netherlands, <=50K
35, Private,44662, HS-grad,9, Never-married, Adm-clerical, Not-in-family, White, Male,-8,1,32, United-States, <=50K
25, State-gov,231386, HS-grad,9, Never-married, Transport-moving, Husband, White, Male,-10,1,40, United-States, <=50K
20, Private,507633, HS-grad,7, Never-married, Adm-clerical, Not-in-family, Other, Male,-124,1,47, United-States, <=50K
23, ?,158947, HS-grad,17, Married-civ-spouse, Adm-clerical, Not-in-family, White, Male,60,1,40, United-States, >50K
32, Private,218008, Some-college,9, Divorced, Craft-repair, Not-in-family, White, Male,-118,8,40, United-States, >50K
69, Private,153092, Some-college,9, Never-married, Other-service, Husband, White, Male,-66,2,40, United-States, >50K
72, Private,152402, Prof-school,4, Never-married, Exec-managerial, Own-child, White, Female,-34,0,44, United-States, <=50K
85, Private,200435, Some-college,13, Married-spouse-absent, Prof-specialty, Not-in-family, White, Male,-139,4,33, United-States, <=50K
48, Private,182668, Some-college,10, Never-married, Farming-fishing, Husband, Black, Male,-107,2,40, United-States, >50K
32, Private,152286, HS-grad,14, Married-civ-spouse, Prof-specialty, Husband, Black, Female,46,3,29, United-States, >50K
26, Private,33554, 7th-8th,9, Divorced, Protective-serv, Not-in-family, White, Male,-15,3,43, Greece, <=50K
32, Private,166881, Assoc-acdm,12, Widowed, Adm-clerical, Husband, White, Male,-19,1,40, United-States, <=50K
76, Private,125575, Some-college,6, Married-civ-spouse, Other-service, Husband, White, Female,8711,1590,33, United-States, <=50K
25, Private,198502, HS-grad,14, Never-married, Handlers-cleaners, Husband, White, Male,-141,1697,40, United-States, <=50K
52, Private,11285, Assoc-acdm,7, Married-civ-spouse, Tech-support, Husband, Black, Male,117,3,46, United-States, <=50K
43, Private,124947, Bachelors,10, Never-married, Tech-support, Husband, Black, Male,-980,1,40, United-States, <=50K
59, Private,222707, 7th-8th,11, Never-married, Handlers-cleaners, Husband, Asian-Pac-Islander, Female,-12,-1,29, United-States, <=50K
72, Private,311484, Bachelors,10, Married-civ-spouse, Exec-managerial, Husband, White, Male,-34,-1,42, United-States, <=50K
30, Private,151376, HS-grad,13, Never-married, Craft-repair, Husband, White, Male,40,1,40, United-States, >50K
50, Private,33469, HS-grad,10, Divorced, Machine-op-inspct, Wife, Black, Male,48,5,40, United-States, <=50K
26, Private,32680, HS-grad,10, Never-married, Adm-clerical, Other-relative, White, Male,-89,3,40, United-States, <=50K
31, Private,302493, HS-grad,13, Married-civ-spouse, Prof-specialty, Other-relative, White, Male,64,2,40, United-States, <=50K
79, Private,142077, Masters,14, Separated, Exec-managerial, Not-in-family, Asian-Pac-Islander, Male,13618,4,40, Philippines, >50K
25, Federal-gov,11591, Prof-school,14, Never-married, Machine-op-inspct, Husband, White, Male,-40,-1,35, Mexico, <=50K
69, State-gov,126169, HS-grad,7, Married-civ-spouse, ?, Own-child, Asian-Pac-Islander, Female,-31,5,29, United-States, <=50K
49, Private,148102, HS-grad,7, Married-civ-spouse, Exec-managerial, Not-in-family, Asian-Pac-Islander, Male,-98,-1,40, United-States, >50K
58, Private,154170, Bachelors,13, Married-civ-spouse, Exec-managerial, Own-child, White, Female,-22,1908,40, United-States, <=50K
75, Private,41526, 7th-8th,3, Never-married, Craft-repair, Husband, White, Male,50,-2,41, Peru, <=50K
29, Private,24073, HS-grad,9, Never-married, Transport-moving, Husband, White, Male,-22,4,40, United-States, <=50K
65, Local-gov,193601, Masters,13, Married-civ-spouse, Other-service, Unmarried, White, Male,27,7,48, United-States, <=50K
24, Private,34904, Prof-school,9, Separated, Sales, Husband, White, Male,-1,2135,33, United-States, <=50K
23, Private,7659, HS-grad,7, Married-civ-spouse, Adm-clerical, Husband, Asian-Pac-Islander, Male,-32,2167,40, Haiti, <=50K
51, Private,98477, Some-college,9, Never-married, Handlers-cleaners, Husband, White, Male,-66,6,40, Mexico, <=50K
34, Private,200113, HS-grad,14, Married-civ-spouse, Prof-specialty, Own-child, White, Female,-21,1,44, United-States, >50K
35, Private,165506, HS-grad,9, Married-civ-spouse, Other-service, Husband, Black, Female,7,7,33, United-States, <=50K
92, Self-emp-inc,105415, Bachelors,8, Never-married, Exec-managerial, Husband, Black, Male,-23,3,40, United-States, <=50K
31, Private,196213, Some-college,9, Never-married, Protective-serv, Husband, White, Female,-107,-3,40, United-States, >50K
71, Private,144532, 11th,10, Never-married, Prof-specialty, Not-in-family, White, Male,8028,4,40, Ireland, <=50K
32, Private,267845, HS-grad,7, Married-civ-spouse, Handlers-cleaners, Not-in-family, White, Male,-123,-5,40, Cambodia, <=50K
45, Federal-gov,321644, HS-grad,7, Married-civ-spouse, Craft-repair, Own-child, Black, Female,62,4,55, Dominican-Republic, <=50K
40, Federal-gov,176614, 7th-8th,10, Divorced, Sales, Not-in-family, White, Male,93,2,40, United-States, <=50K
36, Private,48490, HS-grad,9, Married-civ-spouse, ?, Husband, White, Male,3656,3,50, United-States, >50K
47, Self-emp-inc,314500, 9th,14, Widowed, Prof-specialty, Unmarried, White, Male,-115,1630,40, United-States, <=50K
37, Private,260011, HS-grad,5, Married-civ-spouse, Exec-managerial, Unmarried, White, Male,-3,1871,40, United-States, <=50K
39, Self-emp-not-inc,325140, Some-college,4, Married-civ-spouse, Tech-support, Wife, White, Male,46,2,30, United-States, <=50K
40, Self-emp-inc,170173, Bachelors,1, Married-civ-spouse, Exec-managerial, Husband, White, Female,6493,2,45, United-States, <=50K
38, State-gov,123755, Some-college,6, Married-civ-spouse, Other-service, Not-in-family, White, Male,5,-1,40, Puerto-Rico, <=50K
58, State-gov,225054, Masters,12, Never-married, Craft-repair, Own-child, White, Male,8022,-3,40, United-States, <=50K
53, Private,127969, HS-grad,9, Never-married, Sales, Not-in-family, White, Male,-116,4,40, United-States, <=50K
49, Private,146528, Preschool,5, Married-civ-spouse, Adm-clerical, Not-in-family, White, Male,9,-1,40, United-States, <=50K
36, Federal-gov,49745, Bachelors,9, Married-spouse-absent, Other-service, Husband, White, Male,18,4,40, United-States, <=50K
35, Private,191777, Some-college,10, Never-married, Craft-repair, Husband, Black, Female,57,-2,32, Cuba, <=50K
57, Private,202153, 7th-8th,15, Married-civ-spouse, Craft-repair, Not-in-family, White, Female,2226,1,40, Outlying-US(Guam-USVI-etc), <=50K
21, Private,158922, HS-grad,9, Married-civ-spouse, ?, Unmarried, White, Male,-56,5,40, United-States, <=50K
25, Without-pay,125661, 11th,4, Divorced, Machine-op-inspct, Not-in-family, Other, Male,-31,3,40, United-States, <=50K
28, Self-emp-inc,123420, Some-college,9, Widowed, Prof-specialty, Husband, White, Female,11,6,40, United-States, <=50K
31, Private,106416, HS-grad,1, Married-civ-spouse, Sales, Husband, White, Female,-88,6,40, United-States, <=50K
49, Private,237231, HS-grad,9, Divorced, Exec-managerial, Wife, White, Female,126,2184,40, United-States, <=50K
40, Local-gov,177237, Some-college,12, Never-married, Prof-specialty, Other-relative, White, Male,-60,-1,33, United-States, <=50K
79, Self-emp-inc,227016, Some-college,12, Married-civ-spouse, Craft-repair, Husband, White, Male,6637,-4,40, United-States, >50K
48, Private,127241, HS-grad,7, Married-civ-spouse, Prof-specialty, Not-in-family, Black, Female,7,2,50, United-States, >50K
60, Private,64398, 10th,9, Married-civ-spouse, Exec-managerial, Own-child, Black, Female,88,-1,40, United-States, <=50K
29, Private,188615, HS-grad,12, Never-married, Prof-specialty, Own-child, White, Male,-30,6,40, United-States, >50K
78, Private,36159, HS-grad,10, Separated, Machine-op-inspct, Husband, White, Male,-113,6,40, United-States, >50K
26, Private,114830, Assoc-voc,9, Married-civ-spouse, ?, Husband, White, Male,6878,4,40, United-States, <=50K
39, Self-emp-not-inc,316541, Masters,9, Married-civ-spouse, Prof-specialty, Not-in-family, Black, Male,-131,-6,40, United-States, >50K
30, Private,186882, Bachelors,9, Never-married, Handlers-cleaners, Own-child, White, Male,38,4,40, United-States, <=50K
41, Private,120595, Assoc-voc,9, Divorced, Exec-managerial, Not-in-family, White, Female,-126,3,40, Mexico, >50K
84, ?,171572, HS-grad,13, Married-civ-spouse, Sales, Other-relative, Black, Male,-54,-3,40, United-States, <=50K
42, Self-emp-not-inc,198994, Assoc-voc,11, Married-civ-spouse, Farming-fishing, Not-in-family, Black, Male,-67,-1,30, Philippines, <=50K
19, Private,273150, Some-college,0, Married-civ-spouse, Craft-repair, Husband, White, Male,-118,0,57, United-States, <=50K
35, Federal-gov,162402, Prof-school,15, Divorced, Protective-serv, Husband, White, Male,-115,1,40, United-States, <=50K
58, Private,92513, HS-grad,9, Married-civ-spouse, Adm-clerical, Not-in-family, White, Female,-48,1,40, Mexico, <=50K
42, Federal-gov,153800, Some-college,14, Separated, Farming-fishing, Husband, White, Male,-21,5,40, United-States, <=50K
31, Private,218495, 5th-6th,6, Married-civ-spouse, Prof-specialty, Husband, Other, Male,-22,-1,40, United-States, <=50K
46, Private,14168, 11th,14, Widowed, Adm-clerical, Not-in-family, White, Female,-64,0,40, United-States, >50K
31, Private,167779, Some-college,9, Widowed, Adm-clerical, Unmarried, White, Male,-100,1,40, United-States, <=50K
38, Private,304127, HS-grad,8, Divorced, Craft-repair, Husband, White, Female,-43,5,42, United-States, <=50K
61, Local-gov,178528, HS-grad,11, Married-civ-spouse, Sales, Not-in-family, Black, Male,-43,1870,40, United-States, <=50K
33, Self-emp-not-inc,8573, 5th-6th,3, Married-spouse-absent, Prof-specialty, Own-child, White, Male,16,2340,37, United-States, <=50K
32, Private,124824, HS-grad,9, Divorced, ?, Own-child, White, Female,22,4,36, United-States, <=50K
19, Private,49146, HS-grad,12, Married-civ-spouse, Prof-specialty, Husband, Black, Male,-32,2,42, Ireland, <=50K
58, ?,208493, Some-college,9, Married-civ-spouse, Farming-fishing, Husband, White, Male,27,6,40, United-States, <=50K
32, Private,373356, Masters,9, Married-civ-spouse, Craft-repair, Own-child, Black, Female,14964,-2,40, United-States, >50K
45, Private,210482, HS-grad,10, Never-married, Adm-clerical, Husband, White, Male,-74,5,40, United-States, >50K
64, Private,102942, Prof-school,15, Never-married, Adm-clerical, Husband, White, Male,6034,1714,40, United-States, <=50K
58, Private,228630, 11th,14, Never-married, Adm-clerical, Own-child, Other, Male,-21,1,48, United-States, >50K
39, Private,152388, Assoc-acdm,1, Never-married, Prof-specialty, Unmarried, Other, Female,-88,2070,52, Dominican-Republic, <=50K
80, Private,187930, 12th,14, Married-spouse-absent, Handlers-cleaners, Husband, White, Male,-84,-2,40, United-States, >50K
17, Self-emp-not-inc,45937, HS-grad,14, Married-civ-spouse, Craft-repair, Own-child, White, Female,-32,5,40, United-States, <=50K
26, Private,267953, 11th,14, Never-married, Exec-managerial, Husband, White, Male,13,2,40, United-States, >50K
75, Private,450618, 11th,8, Never-married, Other-service, Husband, White, Male,8424,0,40, United-States, <=50K
57, Private,128091, 10th,14, Never-married, Other-service, Husband, White, Male,14,-5,41, United-States, <=50K
54, Private,199942, Preschool,9, Married-spouse-absent, Farming-fishing, Husband, White, Male,87,3,44, United-States, <=50K
41, Private,23601, Some-college,9, Never-married, Other-service, Husband, White, Female,-53,2,40, United-States, >50K
50, ?,2353, Some-college,11, Never-married, Handlers-cleaners, Unmarried, White, Female,-63,4,40, Columbia, <=50K
56, Private,191568, 5th-6th,10, Divorced, Exec-managerial, Own-child, White, Male,83,-1,40, United-States, >50K
59, Private,118085, HS-grad,14, Divorced, Craft-repair, Husband, White, Female,41,1,40, United-States, <=50K
23, Private,25144, HS-grad,13, Married-AF-spouse, Adm-clerical, Not-in-family, Asian-Pac-Islander, Male,-36,3,40, Dominican-Republic, <=50K
63, Private,238211, HS-grad,11, Married-civ-spouse, Prof-specialty, Husband, White, Male,-21,0,40, Nicaragua, <=50K
18, Private,138493, HS-grad,9, Married-civ-spouse, ?, Not-in-family, Black, Male,-77,0,40, United-States, >50K
22, State-gov,104415, Masters,14, Never-married, Sales, Husband, Black, Male,1124,-4,40, United-States, >50K
56, Private,397324, HS-grad,13, Married-civ-spouse, Prof-specialty, Husband, White, Male,-88,3,34, United-States, <=50K
85, Private,3212, HS-grad,9, Married-civ-spouse, Sales, Not-in-family, White, Male,5978,5,41, El-Salvador, >50K
31, Private,191874, 11th,11, Married-civ-spouse, Adm-clerical, Unmarried, White, Male,6674,1,40, United-States, <=50K
31, Private,211934, HS-grad,6, Never-married, Machine-op-inspct, Husband, White, Male,-135,-6,44, United-States, <=50K
56, Private,19901, HS-grad,10, Never-married, Adm-clerical, Husband, Black, Male,-134,1912,40, United-States, >50K
17, Private,261352, HS-grad,12, Married-civ-spouse, Sales, Unmarried, Other, Male,-16,-6,40, United-States, <=50K
53, Private,152438, HS-grad,6, Never-married, Handlers-cleaners, Husband, White, Male,-106,0,40, United-States, <=50K
47, Private,74323, Some-college,9, Married-civ-spouse, Tech-support, Unmarried, White, Female,109,8,38, United-States, <=50K
36, Private,5983, Masters,9, Divorced, Tech-support, Wife, White, Female,5887,2,48, Yugoslavia, >50K
21, Private,122314, Some-college,9, Married-civ-spouse, Craft-repair, Unmarried, White, Female,16,1,40, United-States, >50K
40, Private,245649, 11th,5, Divorced, Farming-fishing, Unmarried, Other, Male,-29,-2,40, Jamaica, <=50K
42, Private,184740, Bachelors,12, Never-married, Machine-op-inspct, Not-in-family, Asian-Pac-Islander, Female,-20,3,40, United-States, >50K
39, Private,24304, Some-college,7, Married-civ-spouse, Exec-managerial, Not-in-family, White, Male,-37,1,48, Taiwan, >50K
36, State-gov,155586, HS-grad,14, Married-civ-spouse, Craft-repair, Own-child, Asian-Pac-Islander, Male,27,2,40, United-States, <=50K
25, Local-gov,150885, Some-college,9, Married-civ-spouse, Craft-repair, Husband, White, Male,-72,-4,53, Guatemala, <=50K
51, Local-gov,235489, HS-grad,9, Married-civ-spouse, Other-service, Husband, White, Male,-45,-4,23, ?, <=50K
48, State-gov,63994, Bachelors,9, Married-civ-spouse, Sales, Husband, White, Female,5,5,-3, Mexico, <=50K
65, Private,174001, HS-grad,9, Married-civ-spouse, Exec-managerial, Wife, White, Male,103,1,40, United-States, >50K
29, Private,106220, Some-college,13, Married-AF-spouse, Craft-repair, Wife, White, Male,84,2,40, Hungary, <=50K
66, Private,39980, HS-grad,3, Never-married, Prof-specialty, Unmarried, White, Male,16,1,82, United-States, <=50K
61, Local-gov,108180, HS-grad,12, Divorced, Prof-specialty, Not-in-family, White, Male,-31,-2,40, United-States, <=50K
56, Private,170007, HS-grad,5, Widowed, Adm-clerical, Husband, White, Male,51,1,40, United-States, <=50K
23, Private,179148, HS-grad,10, Divorced, Exec-managerial, Wife, White, Male,115,3,48, Iran, <=50K
48, Private,169430, 10th,10, Married-civ-spouse, Exec-managerial, Own-child, White, Male,-71,5,40, United-States, >50K
69, Private,105048, 11th,3, Married-spouse-absent, Farming-fishing, Husband, White, Male,53,6,29, United-States, <=50K
34, Private,127642, HS-grad,11, Divorced, Prof-specialty, Other-relative, White, Male,-86,0,40, United-States, <=50K
59, Self-emp-inc,247635, HS-grad,2, Never-married, Adm-clerical, Unmarried, White, Male,44,1,40, United-States, <=50K
26, Self-emp-not-inc,31908, Some-college,11, Married-civ-spouse, Prof-specialty, Unmarried, White, Female,-74,-4,46, United-States, >50K
20, Private,-2276, HS-grad,6, Never-married, Craft-repair, Own-child, Black, Male,8011,6,40, United-States, >50K
29, Self-emp-not-inc,94470, HS-grad,9, Never-married, ?, Unmarried, Asian-Pac-Islander, Female,-83,-1,40, ?, <=50K
47, Private,216038, Bachelors,14, Divorced, ?, Not-in-family, White, Male,9,1745,59, United-States, >50K
31, Private,115040, Doctorate,16, Divorced, Craft-repair, Unmarried, White, Male,6009,2,40, United-States, <=50K
30, Private,155024, Prof-school,9, Married-civ-spouse, Craft-repair, Unmarried, White, Male,7,0,29, Germany, <=50K
82, Private,126631, HS-grad,13, Married-civ-spouse, Machine-op-inspct, Husband, Black, Male,-11,3,52, Mexico, >50K
34, Private,19207, Assoc-voc,10, Never-married, Adm-clerical, Not-in-family, White, Male,-55,6,40, United-States, <=50K
26, Private,118318, Bachelors,9, Married-civ-spouse, Sales, Own-child, White, Female,-23,4,40, Portugal, >50K
49, Private,158040, 11th,13, Never-married, Craft-repair, Husband, White, Male,-34,1944,52, United-States, >50K
48, Private,157711, Prof-school,11, Married-civ-spouse, Transport-moving, Unmarried, Black, Male,-133,3,40, United-States, <=50K
40, Local-gov,27657, 12th,11, Never-married, Craft-repair, Husband, White, Male,4,-1,40, United-States, <=50K
23, Private,50915, Some-college,6, Married-civ-spouse, Exec-managerial, Own-child, Other, Female,102,5,40, Cambodia, <=50K
66, Private,165627, HS-grad,13, Married-civ-spouse, Exec-managerial, Not-in-family, White, Female,86,1,40, United-States, <=50K
33, Private,475825, Some-college,9, Married-civ-spouse, Adm-clerical, Husband, Asian-Pac-Islander, Male,6,0,40, United-States, <=50K
56, Private,221156, 7th-8th,13, Married-AF-spouse, Craft-repair, Not-in-family, Other, Male,-103,2,40, United-States, <=50K
31, Private,306160, HS-grad,12, Never-married, ?, Not-in-family, White, Female,4995,4,40, United-States, >50K
43, Self-emp-not-inc,130669, Bachelors,14, Never-married, Adm-clerical, Husband, White, Male,28,4,40, United-States, >50K
38, Private,181926, Some-college,12, Widowed, Other-service, Husband, White, Male,-61,2,40, United-States, <=50K
68, Private,154057, HS-grad,9, Married-civ-spouse, Farming-fishing, Wife, Asian-Pac-Islander, Male,86,-3,34, United-States, <=50K
61, Private,137868, Some-college,9, Separated, Adm-clerical, Own-child, Black, Male,91,2,40, United-States, <=50K
69, ?,81473, HS-grad,9, Never-married, Prof-specialty, Husband, White, Male,-37,-3,50, United-States, <=50K
40, Private,100746, HS-grad,4, Separated, Craft-repair, Own-child, Black, Male,87,8,4, United-States, <=50K
30, Private,15299, Prof-school,9, Married-civ-spouse, Protective-serv, Unmarried, White, Male,-133,-3,51, United-States, <=50K
39, Private,22878, 12th,14, Never-married, Sales, Husband, White, Male,-105,-6,31, Jamaica, >50K
55, Private,274811, HS-grad,10, Married-civ-spouse, Tech-support, Other-relative, White, Male,100,-2,40, United-States, >50K
31, ?,34427, HS-grad,13, Married-civ-spouse, Prof-specialty, Husband, Asian-Pac-Islander, Male,-126,4,40, United-States, <=50K
43, Private,287452, Bachelors,9, Never-married, Adm-clerical, Husband, Asian-Pac-Islander, Male,-53,3,40, United-States, >50K
44, Private,310895, HS-grad,14, Divorced, Craft-repair, Husband, White, Male,4423,1,40, United-States, >50K
18, Federal-gov,116114, 7th-8th,9, Divorced, Transport-moving, Husband, White, Male,-22,2,22, United-States, <=50K
23, Self-emp-not-inc,211381, Masters,1, Never-married, Machine-op-inspct, Own-child, White, Male,-22,2,40, ?, <=50K
51, Private,218910, 5th-6th,10, Married-civ-spouse, Adm-clerical, Husband, Black, Male,2729,6,40, United-States, <=50K
35, Private,46663, Bachelors,3, Never-married, Sales, Own-child, Black, Male,47,1675,52, United-States, <=50K
33, ?,240832, Masters,9, Married-civ-spouse, Machine-op-inspct, Husband, White, Male,-72,0,42, United-States, <=50K
30, Private,114919, HS-grad,14, Never-married, Machine-op-inspct, Own-child, White, Female,6,0,28, United-States, <=50K
48, Private,134765, Some-college,9, Never-married, Sales, Not-in-family, White, Male,17,4,40, India, <=50K
51, ?,168054, HS-grad,12, Never-married, Handlers-cleaners, Own-child, White, Male,6732,1800,40, United-States, >50K
22, Private,12278, Doctorate,9, Married-civ-spouse, ?, Husband, White, Male,-21,2134,40, Taiwan, <=50K
26, Private,31479, HS-grad,13, Never-married, ?, Husband, White, Male,-15,2,40, United-States, <=50K
77, Private,32009, HS-grad,9, Never-married, Protective-serv, Husband, White, Male,28,1718,40, United-States, >50K
31, Federal-gov,250102, Some-college,9, Never-married, Other-service, Husband, Asian-Pac-Islander, Male,-68,3,40, United-States, <=50K
58, Private,178920, Masters,10, Married-civ-spouse, Adm-clerical, Other-relative, White, Male,-36,5,48, United-States, <=50K
45, Local-gov,34246, HS-grad,3, Divorced, Sales, Unmarried, White, Male,63,8,40, Puerto-Rico, >50K
40, Private,127370, HS-grad,14, Married-civ-spouse, Tech-support, Not-in-family, White, Male,91,7,65, United-States, <=50K
70, Private,178604, 5th-6th,9, Married-civ-spouse, Exec-managerial, Own-child, White, Male,78,7,40, United-States, <=50K
47, Private,111324, Bachelors,5, Never-married, ?, Husband, White, Male,-116,3,40, United-States, <=50K
36, Self-emp-not-inc,74228, HS-grad,3, Separated, Sales, Husband, Black, Male,122,2,29, United-States, <=50K
35, Private,144014, Some-college,3, Never-married, Prof-specialty, Husband, White, Male,-81,3,40, Honduras, <=50K
45, Private,107462, HS-grad,10, Divorced, Adm-clerical, Not-in-family, White, Male,32,7,40, United-States, <=50K
59, Private,233271, HS-grad,14, Married-civ-spouse, Other-service, Unmarried, White, Male,24,1,40, United-States, >50K
81, Self-emp-not-inc,74647, Some-college,14, Never-married, ?, Husband, White, Female,37,4,30, United-States, <=50K
40, Private,163432, Bachelors,13, Never-married, Adm-clerical, Husband, White, Male,-16,6,56, Mexico, >50K
45, Self-emp-inc,2289, HS-grad,10, Never-married, Craft-repair, Husband, White, Male,95,3,30, United-States, <=50K
39, Self-emp-not-inc,502760, Bachelors,9, Married-spouse-absent, ?, Own-child, White, Male,10,-1,40, United-States, >50K
20, Self-emp-inc,115142, 7th-8th,10, Never-married, Sales, Unmarried, Asian-Pac-Islander, Male,-100,1,40, United-States, >50K
44, Private,207741, Some-college,3, Never-married, Exec-managerial, Husband, White, Male,-23,3,40, United-States, <=50K
94, Private,269740, Bachelors,9, Married-civ-spouse, Other-service, Unmarried, White, Male,-150,3,42, Jamaica, >50K
29, Private,58867, Masters,9, Married-civ-spouse, Craft-repair, Not-in-family, Asian-Pac-Islander, Male,-2,0,40, United-States, <=50K
49, Private,104757, 10th,9, Never-married, Tech-support, Unmarried, White, Male,76,1681,40, United-States, <=50K
54, Self-emp-inc,56070, Some-college,9, Widowed, Adm-clerical, Husband, White, Male,-69,1,40, Italy, >50K
39, Federal-gov,41202, Masters,9, Never-married, Prof-specialty, Husband, White, Female,-9,-1,33, United-States, <=50K
45, Private,33090, 7th-8th,14, Separated, Prof-specialty, Not-in-family, Black, Male,-15,2203,48, United-States, <=50K
31, Private,154987, Bachelors,9, Married-civ-spouse, Adm-clerical, Own-child, White, Male,-48,2944,47, Mexico, <=50K
33, Private,299882, 9th,10, Married-spouse-absent, Adm-clerical, Husband, White, Female,-92,0,40, United-States, <=50K
29, Self-emp-not-inc,3392, Masters,9, Married-civ-spouse, Other-service, Not-in-family, White, Male,8806,0,40, United-States, >50K
39, Private,177926, HS-grad,9, Widowed, Craft-repair, Husband, White, Male,-52,-6,40, United-States, <=50K
38, State-gov,222715, Masters,9, Never-married, Sales, Own-child, White, Female,57,5,40, United-States, >50K
24, Federal-gov,288055, 1st-4th,10, Married-civ-spouse, Craft-repair, Other-relative, White, Female,-39,5,43, United-States, >50K
79, ?,262548, Some-college,10, Married-civ-spouse, Prof-specialty, Husband, White, Male,-8,2023,40, United-States, >50K
39, Private,124425, Assoc-voc,7, Married-civ-spouse, ?, Own-child, White, Male,77,4,40, Ecuador, <=50K
22, Private,214716, 5th-6th,9, Married-spouse-absent, Exec-managerial, Not-in-family, Black, Male,-9,6,-3, United-States, <=50K
24, Private,93546, HS-grad,13, Married-civ-spouse, ?, Husband, White, Male,-78,1,29, United-States, <=50K
43, Self-emp-not-inc,124851, 9th,7, Never-married, Sales, Own-child, White, Female,40,1,43, United-States, >50K
28, Private,135382, Bachelors,10, Never-married, ?, Own-child, White, Male,-50,-1,41, Poland, <=50K
62, Private,4269, HS-grad,9, Divorced, ?, Husband, White, Female,13988,-2,55, ?, <=50K
55, Private,194485, HS-grad,9, Married-civ-spouse, Exec-managerial, Husband, White, Male,-64,2,43, United-States, <=50K
41, State-gov,109651, HS-grad,9, Divorced, Handlers-cleaners, Not-in-family, Black, Male,-69,4,40, United-States, <=50K
58, Private,19302, Some-college,6, Never-married, Other-service, Own-child, White, Female,-107,5,40, United-States, <=50K
51, Private,306898, Masters,9, Married-spouse-absent, Other-service, Husband, White, Male,109,4,40, United-States, <=50K
46, Private,64260, Assoc-voc,14, Divorced, Protective-serv, Own-child, White, Male,-39,3,40, United-States, >50K
42, Local-gov,70018, Doctorate,4, Never-married, Tech-support, Not-in-family, Black, Female,-38,3,40, ?, >50K
48, Private,181966, Some-college,14, Married-civ-spouse, Other-service, Husband, White, Male,52,7,40, United-States, <=50K
73, Private,467009, Assoc-voc,13, Never-married, Sales, Husband, White, Male,-69,2,74, United-States, <=50K
34, State-gov,73191, HS-grad,13, Married-spouse-absent, Sales, Not-in-family, White, Male,-11,2,42, Mexico, >50K
53, Federal-gov,144286, Assoc-acdm,9, Married-civ-spouse, Handlers-cleaners, Not-in-family, Black, Male,-25,1,49, United-States, <=50K
40, Private,126481, Bachelors,9, Divorced, Handlers-cleaners, Husband, White, Male,83,1,40, United-States, <=50K
49, Private,149910, Assoc-acdm,13, Never-married, Handlers-cleaners, Husband, Black, Female,-24,6,48, Ireland, >50K
41, Private,-5439, HS-grad,9, Married-civ-spouse, Sales, Unmarried, White, Male,-12,-2,40, United-States, <=50K
28, Local-gov,147685, HS-grad,10, Divorced, Prof-specialty, Husband, Black, Male,53,1,10, United-States, <=50K
26, Private,31932, HS-grad,9, Divorced, Prof-specialty, Unmarried, White, Male,38,2,40, United-States, <=50K
39, Private,161487, 7th-8th,3, Married-civ-spouse, Sales, Husband, White, Male,-94,-1,40, Puerto-Rico, <=50K
42, Self-emp-not-inc,121028, HS-grad,9, Divorced, Sales, Own-child, White, Female,2,1,32, Germany, <=50K
25, Self-emp-not-inc,24668, HS-grad,8, Never-married, ?, Wife, White, Female,4930,1,54, Jamaica, >50K
32, Private,19201, Some-college,7, Married-civ-spouse, Exec-managerial, Unmarried, White, Male,-65,5,40, United-States, <=50K
29, Private,203225, 12th,10, Married-civ-spouse, Handlers-cleaners, Own-child, White, Male,-9,2,40, United-States, <=50K
90, Private,236951, Prof-school,13, Never-married, Prof-specialty, Not-in-family, White, Male,12660,1828,40, United-States, >50K
23, Private,156310, Some-college,9, Never-married, Sales, Wife, White, Male,3550,2,40, United-States, >50K
57, Without-pay,185553, Assoc-acdm,7, Divorced, Handlers-cleaners, Husband, White, Female,63,-6,40, United-States, <=50K
32, Never-worked,70425, HS-grad,14, Married-civ-spouse, Craft-repair, Not-in-family, White, Male,7276,2,40, Jamaica, <=50K
43, Private,201928, Bachelors,14, Married-civ-spouse, Prof-specialty, Husband, Asian-Pac-Islander, Male,9,7,40, United-States, <=50K
31, Private,136582, Some-college,9, Never-married, Adm-clerical, Husband, White, Male,-51,0,40, United-States, >50K
34, Private,4068, Some-college,10, Never-married, Machine-op-inspct, Unmarried, White, Male,-17,2,40, United-States, <=50K
47, ?,215255, Masters,1, Never-married, Adm-clerical, Husband, Black, Male,-108,2,40, United-States, <=50K
39, Private,192190, HS-grad,9, Never-married, Other-service, Husband, Black, Male,1,5,40, United-States, <=50K
33, Self-emp-not-inc,122949, Some-college,14, Widowed, Transport-moving, Own-child, White, Male,-51,2,-2, United-States, <=50K
24, ?,268357, HS-grad,5, Married-civ-spouse, Craft-repair, Husband, White, Male,-38,3,66, United-States, <=50K
54, Private,133568, HS-grad,4, Married-civ-spouse, Craft-repair, Not-in-family, White, Male,13,2,7, United-States, <=50K
39, Self-emp-inc,173900, HS-grad,8, Never-married, Prof-specialty, Not-in-family, White, Male,7997,3,40, Mexico, <=50K
47, Private,193307, HS-grad,9, Married-civ-spouse, Protective-serv, Own-child, White, Male,-16,0,61, United-States, <=50K
25, Private,85046, Doctorate,13, Divorced, Craft-repair, Husband, White, Male,64,5,41, Honduras, <=50K
65, Without-pay,152370, Masters,7, Married-spouse-absent, Exec-managerial, Wife, White, Male,14,3,40, United-States, <=50K
56, Private,169116, Doctorate,9, Married-spouse-absent, Machine-op-inspct, Husband, White, Male,-59,3,40, Taiwan, <=50K
28, Private,147036, Some-college,6, Divorced, Exec-managerial, Husband, White, Male,-70,1844,40, Trinadad&Tobago, <=50K
25, Private,236999, Bachelors,5, Divorced, Other-service, Not-in-family, White, Male,108,5,40, United-States, <=50K
28, Private,50807, Bachelors,11, Married-civ-spouse, Tech-support, Own-child, White, Female,86,8,40, United-States, <=50K
40, Private,239658, HS-grad,11, Divorced, Prof-specialty, Husband, Asian-Pac-Islander, Male,51,0,40, United-States, <=50K
30, Private,116124, 11th,10, Divorced, Sales, Husband, White, Female,-56,4,40, United-States, <=50K
56, Local-gov,207602, HS-grad,9, Married-civ-spouse, Tech-support, Not-in-family, White, Female,29,1,40, United-States, <=50K
23, State-gov,15517, HS-grad,10, Never-married, Machine-op-inspct, Own-child, Black, Male,19,4,49, United-States, >50K
64, Private,202179, HS-grad,13, Divorced, Tech-support, Husband, White, Male,79,6,40, ?, <=50K
39, Private,64835, Some-college,9, Married-civ-spouse, Prof-specialty, Husband, White, Male,-31,0,40, United-States, <=50K
21, Private,279170, 11th,12, Married-civ-spouse, Craft-repair, Not-in-family, Black, Male,-7,6,40, Outlying-US(Guam-USVI-etc), <=50K
31, Private,196692, Masters,4, Married-spouse-absent, Craft-repair, Husband, White, Male,-11,1,40, United-States, <=50K
29, State-gov,133267, HS-grad,5, Never-married, Craft-repair, Husband, White, Male,-121,4,47, United-States, <=50K
35, Private,155917, HS-grad,9, Divorced, Other-service, Husband, Other, Male,-97,5,-1, United-States, <=50K
90, Local-gov,193111, 10th,11, Never-married, Other-service, Husband, Amer-Indian-Eskimo, Male,-91,8,40, United-States, <=50K
78, Private,376606, 9th,14, Married-civ-spouse, Machine-op-inspct, Husband, White, Female,-137,7,40, United-States, <=50K
52, Private,128893, Bachelors,11, Never-married, Transport-moving, Own-child, White, Male,94,5,40, Italy, >50K
36, Without-pay,60161, HS-grad,10, Married-civ-spouse, Adm-clerical, Husband, Asian-Pac-Islander, Male,-48,-1,40, Dominican-Republic, <=50K
34, State-gov,44098, HS-grad,9, Divorced, Prof-specialty, Husband, Black, Male,-58,1495,40, El-Salvador, <=50K
68, Private,141178, 10th,9, Married-civ-spouse, Transport-moving, Own-child, White, Male,42,3,40, Iran, >50K
31, Private,339618, Assoc-voc,15, Never-married, Priv-house-serv, Husband, Black, Male,-16,5,49, Mexico, <=50K
40, State-gov,13401, 10th,9, Separated, Prof-specialty, Not-in-family, Other, Male,-26,-1,40, Cuba, <=50K
34, Private,279825, Some-college,9, Married-spouse-absent, Armed-Forces, Husband, White, Female,137,5,40, United-States, <=50K
33, Never-worked,145553, HS-grad,13, Never-married, Sales, Not-in-family, White, Male,12,0,40, Germany, <=50K
51, Private,215072, Some-college,13, Widowed, Adm-clerical, Husband, Black, Male,-45,-1,40, Mexico, >50K
66, Self-emp-inc,153829, Prof-school,9, Never-married, Tech-support, Unmarried, White, Male,53,3,33, United-States, <=50K
49, Private,42385, Some-college,5, Never-married, Exec-managerial, Husband, White, Male,-3,1483,40, United-States, <=50K
19, Private,13977, Masters,10, Married-civ-spouse, Craft-repair, Own-child, White, Male,16305,2,40, United-States, <=50K
28, Private,276943, Assoc-voc,14, Married-civ-spouse, Sales, Husband, Black, Male,7,2,40, Ecuador, >50K
25, Private,159966, 10th,5, Never-married, ?, Husband, White, Male,-42,-2,40, United-States, <=50K
23, Private,104343, Bachelors,10, Divorced, Sales, Husband, White, Male,-10,-2,48, United-States, <=50K
30, Private,299799, Some-college,10, Married-civ-spouse, Prof-specialty, Wife, White, Female,-48,4,40, Poland, <=50K
38, Private,145671, Prof-school,8, Never-married, Prof-specialty, Husband, White, Male,-49,3,40, United-States, <=50K
35, Private,67936, Assoc-acdm,7, Separated, Adm-clerical, Not-in-family, White, Male,-16,0,40, United-States, <=50K
102, Private,176171, HS-grad,3, Never-married, Prof-specialty, Husband, White, Female,-18,3,40, Philippines, >50K
39, Private,132324, HS-grad,6, Married-spouse-absent, Machine-op-inspct, Unmarried, White, Female,30,-1,63, United-States, <=50K
37, Private,42571, 11th,12, Married-spouse-absent, Adm-clerical, Husband, White, Male,86,2033,51, United-States, <=50K
24, Private,-17, HS-grad,1, Never-married, Craft-repair, Not-in-family, White, Female,-62,0,40, United-States, <=50K
23, Local-gov,163461, HS-grad,9, Widowed, ?, Husband, White, Female,-16,0,51, United-States, >50K
46, Private,23005, 10th,5, Married-civ-spouse, Farming-fishing, Husband, White, Female,6897,-3,49, United-States, >50K
35, Private,222980, HS-grad,4, Married-civ-spouse, Prof-specialty, Own-child, Asian-Pac-Islander, Male,-100,2,36, Japan, <=50K
42, Private,24377, Bachelors,13, Married-civ-spouse, Sales, Husband, White, Female,-41,2,48, United-States, >50K
52, Private,36866, Masters,9, Never-married, Sales, Husband, White, Male,33,-4,40, United-States, <=50K
32, Never-worked,269160, HS-grad,9, Divorced, ?, Husband, Other, Female,4,5,40, United-States, <=50K
26, Private,158996, HS-grad,14, Married-civ-spouse, Exec-managerial, Wife, White, Male,-70,4,48, United-States, <=50K
48, Private,185929, HS-grad,6, Divorced, Exec-managerial, Not-in-family, White, Male,-22,1961,40, United-States, <=50K
57, Self-emp-not-inc,293687, HS-grad,9, Married-civ-spouse, ?, Other-relative, White, Male,13636,5,44, Germany, <=50K
55, ?,168518, 12th,15, Divorced, Adm-clerical, Own-child, Black, Male,-11,0,40, Laos, <=50K
26, Private,156758, Bachelors,9, Married-civ-spouse, Exec-managerial, Husband, White, Female,6388,-2,16, Japan, >50K
26, Private,108245, Bachelors,9, Divorced, Exec-managerial, Own-child, Asian-Pac-Islander, Male,57,6,35, United-States, <=50K
71, Private,576636, HS-grad,9, Never-married, Protective-serv, Not-in-family, White, Male,-35,2,40, United-States, >50K
15, State-gov,28023, Masters,9, Married-spouse-absent, Handlers-cleaners, Own-child, Asian-Pac-Islander, Male,-74,3,40, China, <=50K
55, Private,166158, Some-college,10, Never-married, Farming-fishing, Wife, White, Male,2997,4,40, El-Salvador, <=50K
56, Private,48486, HS-grad,9, Married-civ-spouse, Craft-repair, Wife, White, Male,61,1802,43, United-States, >50K
21, Private,208146, HS-grad,9, Divorced, Prof-specialty, Not-in-family, White, Female,-12,2,48, United-States, <=50K
29, Self-emp-not-inc,230963, Preschool,13, Married-civ-spouse, Prof-specialty, Wife, White, Female,-126,1312,48, United-States, >50K
29, Private,207908, HS-grad,10, Never-married, ?, Not-in-family, White, Male,-30,-3,40, United-States, <=50K
30, Federal-gov,395473, Bachelors,9, Never-married, Adm-clerical, Own-child, White, Male,-144,2377,53, Haiti, <=50K
57, Private,169590, 9th,9, Never-married, Farming-fishing, Own-child, White, Male,8037,2,15, United-States, <=50K
59, Private,261064, Bachelors,5, Never-married, Prof-specialty, Husband, Black, Male,-48,2,49, United-States, <=50K
32, Private,104641, HS-grad,14, Married-spouse-absent, Exec-managerial, Husband, Amer-Indian-Eskimo, Male,-107,6,40, United-States, <=50K
26, Private,44404, HS-grad,11, Married-civ-spouse, Farming-fishing, Other-relative, White, Male,51,4,40, United-States, <=50K
68, Self-emp-not-inc,129099, HS-grad,4, Married-civ-spouse, Transport-moving, Husband, Amer-Indian-Eskimo, Male,1,6,40, United-States, <=50K
26, Private,12950, 5th-6th,4, Married-civ-spouse, Craft-repair, Husband, White, Female,-4,1,40, United-States, <=50K
65, Local-gov,21947, HS-grad,9, Married-civ-spouse, Craft-repair, Not-in-family, White, Male,7497,0,40, United-States, <=50K
50, Private,410642, HS-grad,2, Never-married, Other-service, Husband, White, Male,-80,1429,40, United-States, <=50K
57, Private,264941, Masters,6, Divorced, Adm-clerical, Wife, White, Male,-104,1,71, United-States, <=50K
56, Self-emp-inc,126257, HS-grad,14, Divorced, Prof-specialty, Own-child, Black, Female,-14,1,41, ?, >50K
46, Self-emp-not-inc,16009, Assoc-voc,7, Separated, Prof-specialty, Other-relative, White, Male,58,1,48, United-States, <=50K
43, Local-gov,131874, Bachelors,4, Never-married, Adm-clerical, Husband, White, Male,-62,2,42, United-States, <=50K
33, Private,42872, Some-college,12, Married-spouse-absent, Other-service, Not-in-family, White, Male,-22,-3,40, United-States, <=50K
29, Private,38309, Some-college,7, Never-married, Prof-specialty, Not-in-family, White, Female,-76,-5,16, United-States, <=50K
75, Private,56997, Some-college,10, Widowed, ?, Own-child, White, Female,-8,1,49, Mexico, >50K
31, Private,253162, HS-grad,14, Married-civ-spouse, Exec-managerial, Not-in-family, White, Male,-31,4,48, South, >50K
27, Private,196737, HS-grad,6, Never-married, Machine-op-inspct, Not-in-family, Black, Male,782,5,40, United-States, <=50K
52, Private,227555, HS-grad,9, Married-spouse-absent, Prof-specialty, Husband, White, Female,-32,-1,40, United-States, >50K
49, ?,237690, HS-grad,7, Divorced, Prof-specialty, Own-child, White, Male,7693,-1,40, United-States, >50K
50, Private,237618, HS-grad,9, Married-civ-spouse, Prof-specialty, Not-in-family, White, Female,-87,0,40, United-States, <=50K
32, Private,133926, Some-college,6, Married-civ-spouse, Adm-clerical, Not-in-family, White, Male,52,5,40, England, <=50K
50, Private,129556, HS-grad,13, Married-civ-spouse, Other-service, Not-in-family, Asian-Pac-Islander, Male,-30,6,40, United-States, <=50K
41, Private,82972, Bachelors,13, Married-civ-spouse, ?, Wife, White, Male,-89,-4,89, United-States, >50K
33, Private,62890, Bachelors,14, Never-married, Craft-repair, Husband, White, Male,-451,-1,43, United-States, >50K
25, Private,128363, HS-grad,12, Never-married, Tech-support, Husband, Black, Male,59,7,40, United-States, >50K
32, Private,133, Some-college,10, Married-civ-spouse, Craft-repair, Own-child, White, Male,-89,0,40, United-States, <=50K
90, State-gov,103455, 5th-6th,14, Divorced, ?, Own-child, White, Male,-16,1,29, United-States, <=50K
85, Private,112604, Bachelors,15, Separated, Prof-specialty, Not-in-family, Black, Male,-34,2,55, United-States, >50K
24, Private,138162, Masters,6, Married-civ-spouse, Prof-specialty, Not-in-family, White, Male,20,6,30, United-States, <=50K
62, Private,200335, Bachelors,5, Married-civ-spouse, Prof-specialty, Not-in-family, White, Male,-115,-2,41, United-States, >50K
48, Private,209860, HS-grad,15, Married-civ-spouse, Sales, Wife, White, Male,6,2178,31, United-States, <=50K
63, Local-gov,3768, HS-grad,11, Married-civ-spouse, Priv-house-serv, Other-relative, Asian-Pac-Islander, Male,30,2054,40, United-States, <=50K
49, Without-pay,214940, HS-grad,5, Divorced, Other-service, Unmarried, White, Male,-49,-5,42, United-States, <=50K
26, Private,174507, Preschool,4, Married-civ-spouse, ?, Not-in-family, White, Female,-51,4,40, Honduras, <=50K
25, Private,39379, HS-grad,13, Married-civ-spouse, Exec-managerial, Husband, White, Male,31,-2,40, United-States, >50K
38, Private,154048, 11th,9, Married-civ-spouse, Adm-clerical, Husband, White, Male,-51,2137,29, United-States, <=50K
41, Private,21461, HS-grad,9, Married-civ-spouse, Prof-specialty, Not-in-family, White, Female,110,0,45, United-States, <=50K
56, Private,34870, 9th,10, Never-married, Sales, Own-child, White, Female,37,5,29, United-States, >50K
39, Private,165424, HS-grad,14, Never-married, Sales, Husband, White, Female,24,5,40, United-States, <=50K
28, Private,168420, Doctorate,13, Married-civ-spouse, Sales, Not-in-family, Black, Male,105,4,40, United-States, <=50K
70, Without-pay,199971, Masters,14, Never-married, Sales, Own-child, White, Male,30,1,40, Vietnam, <=50K
18, Private,111598, Masters,11, Never-married, Craft-repair, Husband, White, Male,-44,2,41, United-States, >50K
70, State-gov,252669, HS-grad,9, Never-married, Prof-specialty, Own-child, White, Male,-44,0,40, United-States, <=50K
43, Private,98517, HS-grad,10, Married-civ-spouse, Transport-moving, Husband, Black, Male,-18,2,28, United-States, <=50K
45, Private,212161, HS-grad,9, Never-married, Craft-repair, Other-relative, White, Male,-34,3,70, United-States, <=50K
26, Self-emp-inc,118780, Masters,10, Divorced, Prof-specialty, Husband, White, Male,8266,-4,49, United-States, <=50K
60, Federal-gov,61930, 11th,9, Never-married, Other-service, Unmarried, White, Female,1386,1873,30, United-States, <=50K
45, Self-emp-not-inc,206173, Masters,7, Divorced, Prof-specialty, Husband, White, Male,-114,-5,48, South, <=50K
20, Private,33913, Doctorate,5, Never-married, ?, Husband, Black, Male,45,0,49, United-States, <=50K
49, Private,19029, Some-college,13, Married-civ-spouse, Exec-managerial, Husband, Black, Male,7,1,40, United-States, <=50K
69, Private,9476, Some-college,6, Married-civ-spouse, Prof-specialty, Husband, White, Male,10,2,40, United-States, >50K
50, Self-emp-inc,179010, HS-grad,13, Divorced, Craft-repair, Husband, White, Male,76,2,54, United-States, <=50K
30, Private,43239, HS-grad,3, Married-civ-spouse, Other-service, Other-relative, White, Female,-83,1,40, Mexico, <=50K
68, Private,217867, HS-grad,12, Separated, Craft-repair, Not-in-family, White, Female,-101,1838,44, ?, <=50K
24, Private,298916, 10th,4, Married-spouse-absent, Prof-specialty, Own-child, White, Male,-97,6,44, United-States, >50K
27, Private,289467, Assoc-acdm,10, Divorced, Adm-clerical, Not-in-family, White, Male,72,2031,40, United-States, <=50K
20, Private,144492, HS-grad,9, Married-civ-spouse, Adm-clerical, Husband, Other, Male,-104,1885,47, Puerto-Rico, <=50K
23, Private,179451, Some-college,11, Widowed, Sales, Own-child, Asian-Pac-Islander, Male,-139,-1,40, United-States, <=50K
19, Private,275447, Bachelors,9, Divorced, Adm-clerical, Husband, Black, Male,-109,-1,40, Portugal, <=50K
46, Private,214337, 7th-8th,14, Married-civ-spouse, Exec-managerial, Not-in-family, White, Female,84,-2,42, United-States, >50K
68, Self-emp-not-inc,265415, HS-grad,9, Never-married, Exec-managerial, Husband, Black, Male,-63,-5,36, United-States, <=50K
60, Private,196215, HS-grad,7, Married-civ-spouse, Tech-support, Husband, White, Female,56,4,44, United-States, <=50K
34, Private,82642, 11th,9, Divorced, Prof-specialty, Unmarried, White, Male,-46,2012,40, Columbia, <=50K
23, Private,56464, HS-grad,9, Married-spouse-absent, Adm-clerical, Not-in-family, Other, Male,-38,2,47, United-States, <=50K
49, Private,10986, Some-college,9, Never-married, Sales, Other-relative, Asian-Pac-Islander, Female,29,0,40, United-States, >50K
29, Private,135800, HS-grad,9, Married-civ-spouse, Adm-clerical, Own-child, White, Female,-7,2336,40, United-States, >50K
55, Private,15131, HS-grad,3, Married-spouse-absent, Exec-managerial, Husband, White, Male,-30,-1,73, United-States, <=50K
20, ?,57966, Some-college,5, Never-married, Prof-specialty, Wife, Black, Male,-3,-3,40, Mexico, <=50K
54, Private,139996, Bachelors,14, Married-civ-spouse, Sales, Own-child, White, Female,-51,1,40, United-States, >50K
45, Private,162198, HS-grad,5, Never-married, Exec-managerial, Husband, White, Female,5855,-3,40, United-States, >50K
57, Private,294004, HS-grad,10, Never-married, Machine-op-inspct, Not-in-family, Amer-Indian-Eskimo, Female,-6,2192,43, United-States, <=50K
55, Local-gov,43187, HS-grad,12, Never-married, ?, Not-in-family, Asian-Pac-Islander, Male,64,-2,17, United-States, <=50K
55, Private,96009, HS-grad,9, Married-civ-spouse, Sales, Not-in-family, White, Male,41,7,40, United-States, >50K
63, Self-emp-inc,34399, 10th,7, Married-civ-spouse, Craft-repair, Not-in-family, Black, Female,-26,2,41, United-States, <=50K
29, Private,47508, Assoc-voc,7, Married-civ-spouse, Prof-specialty, Husband, White, Male,-78,6,49, United-States, <=50K
47, Private,154589, HS-grad,9, Never-married, Sales, Husband, Black, Male,58,1,40, United-States, <=50K
27, Private,258997, Some-college,9, Never-married, Prof-specialty, Own-child, Black, Male,-31,5,40, United-States, >50K
84, Private,39126, Some-college,9, Married-civ-spouse, Exec-managerial, Husband, White, Female,7128,-1,29, United-States, <=50K
28, Private,339319, 7th-8th,10, Married-civ-spouse, Protective-serv, Husband, White, Male,-64,0,59, Mexico, <=50K
50, Private,187979, HS-grad,10, Widowed, Other-service, Husband, Black, Male,46,2011,56, United-States, <=50K
60, Private,45081, Bachelors,7, Married-spouse-absent, Adm-clerical, Husband, White, Male,-45,1,40, Haiti, <=50K
28, Private,167327, HS-grad,16, Never-married, ?, Husband, White, Female,-92,2,40, United-States, >50K
65, Private,141626, Masters,3, Never-married, Prof-specialty, Own-child, Black, Male,20,2,34, United-States, <=50K
48, Private,117730, HS-grad,14, Never-married, ?, Husband, White, Female,-156,-3,40, United-States, <=50K
40, Private,65156, HS-grad,14, Never-married, Tech-support, Own-child, White, Male,1680,5,56, ?, >50K
22, Private,110930, Some-college,10, Divorced, Sales, Husband, White, Male,-7,1553,40, United-States, >50K
39, Private,509676, 7th-8th,9, Divorced, Adm-clerical, Husband, Black, Male,22,3,35, Hungary, <=50K
62, Self-emp-not-inc,150827, HS-grad,9, Never-married, Craft-repair, Husband, White, Female,57,7,48, Iran, <=50K
32, Private,37439, HS-grad,11, Never-married, Exec-managerial, Not-in-family, White, Male,64,3,8, United-States, >50K
31, Private,385785, Bachelors,14, Separated, ?, Not-in-family, White, Female,2565,-1,29, United-States, <=50K
38, Private,367619, HS-grad,9, Never-married, Transport-moving, Not-in-family, Amer-Indian-Eskimo, Female,-103,6,40, United-States, <=50K
54, Private,182826, 10th,10, Never-married, Prof-specialty, Husband, White, Female,-9,2,28, United-States, >50K
22, Private,138704, 10th,9, Never-married, Prof-specialty, Not-in-family, White, Male,6844,3,40, United-States, <=50K
22, Private,21829, Some-college,11, Never-married, Prof-specialty, Husband, White, Male,28,4,40, United-States, <=50K
57, Private,11134, HS-grad,12, Married-civ-spouse, Other-service, Not-in-family, White, Male,86,1,40, United-States, <=50K
24, Private,36995, HS-grad,10, Married-civ-spouse, Farming-fishing, Husband, White, Male,-8,3,40, United-States, >50K
20, Private,125086, HS-grad,3, Married-civ-spouse, Adm-clerical, Not-in-family, White, Male,7,5,48, United-States, >50K
60, Private,268047, Some-college,7, Widowed, Adm-clerical, Wife, White, Male,5717,2,40, Nicaragua, <=50K
49, Private,166607, Bachelors,9, Never-married, Adm-clerical, Husband, White, Male,-53,4,40, United-States, >50K
40, Self-emp-not-inc,293480, Masters,9, Never-married, Protective-serv, Own-child, White, Male,-3,2072,40, United-States, <=50K
63, Self-emp-not-inc,172381, Assoc-voc,11, Never-married, Sales, Unmarried, Black, Male,-36,2050,40, United-States, <=50K
61, Private,6418, HS-grad,9, Divorced, Craft-repair, Husband, White, Male,-59,5,40, United-States, <=50K
38, Private,160592, HS-grad,9, Married-civ-spouse, Prof-specialty, Husband, White, Male,7296,-6,46, ?, <=50K
36, Private,159128, Bachelors,9, Married-civ-spouse, Craft-repair, Unmarried, White, Male,-40,2097,40, United-States, >50K
33, Private,140968, Some-college,10, Never-married, Craft-repair, Husband, White, Male,40,-4,2, United-States, <=50K
43, Private,163797, HS-grad,13, Never-married, Other-service, Own-child, White, Male,5,4,40, United-States, >50K
23, Self-emp-inc,288159, Masters,10, Married-civ-spouse, Sales, Husband, White, Male,-37,3,40, United-States, <=50K
31, Self-emp-not-inc,141785, 9th,13, Divorced, Craft-repair, Husband, White, Male,15,2,40, United-States, <=50K
78, Self-emp-not-inc,58546, Some-college,5, Divorced, Other-service, Unmarried, White, Male,-24,2457,48, United-States, <=50K
37, Private,250732, HS-grad,13, Married-civ-spouse, Craft-repair, Own-child, White, Male,-128,3,29, Dominican-Republic, <=50K
45, Self-emp-not-inc,102482, Prof-school,9, Never-married, Prof-specialty, Not-in-family, White, Male,77,2,6, Dominican-Republic, >50K
29, Private,33157, HS-grad,5, Never-married, Transport-moving, Not-in-family, White, Male,43,6,40, United-States, <=50K
87, Private,-3992, HS-grad,9, Never-married, Prof-specialty, Unmarried, White, Male,-37,-2,40, United-States, >50K
54, Private,178204, Some-college,11, Married-spouse-absent, Craft-repair, Wife, White, Male,-131,1877,40, United-States, <=50K
31, Private,157938, Bachelors,16, Never-married, Other-service, Husband, Black, Male,-120,-3,41, United-States, <=50K
75, Private,144012, HS-grad,9, Never-married, Protective-serv, Other-relative, White, Male,-63,-2,71, United-States, >50K
77, Private,182213, HS-grad,13, Never-married, Adm-clerical, Husband, White, Male,-44,0,40, United-States, <=50K
37, Private,129966, 10th,9, Divorced, Prof-specialty, Husband, Asian-Pac-Islander, Female,52,4,40, Italy, <=50K
28, Private,9405, 1st-4th,6, Never-married, ?, Not-in-family, White, Male,-17,6,51, United-States, >50K
29, Private,350627, Doctorate,9, Never-married, Craft-repair, Husband, White, Male,-145,5,33, United-States, <=50K
21, Federal-gov,191573, Some-college,3, Never-married, Craft-repair, Husband, White, Male,-121,2486,40, Canada, >50K
30, ?,167919, Bachelors,14, Divorced, Prof-specialty, Husband, White, Male,84,2,48, United-States, <=50K
52, Private,113500, Masters,12, Divorced, Other-service, Husband, Asian-Pac-Islander, Male,-115,3,40, United-States, <=50K
16, Self-emp-not-inc,165721, HS-grad,9, Married-civ-spouse, Craft-repair, Own-child, White, Male,-74,-2,44, United-States, >50K
50, Private,112715, HS-grad,5, Married-civ-spouse, Exec-managerial, Not-in-family, Black, Male,3549,5,49, United-States, <=50K
41, Private,293277, HS-grad,6, Married-civ-spouse, Adm-clerical, Own-child, White, Male,6662,2369,58, United-States, >50K
51, Private,208968, HS-grad,17, Married-civ-spouse, Machine-op-inspct, Not-in-family, White, Female,-41,-1,40, United-States, <=50K
29, Private,291684, HS-grad,9, Never-married, Prof-specialty, Husband, Other, Male,-81,0,32, United-States, <=50K
41, Private,199373, HS-grad,14, Never-married, Prof-specialty, Husband, Asian-Pac-Islander, Male,23,6,40, United-States, <=50K
70, Private,59516, HS-grad,11, Divorced, Transport-moving, Husband, Asian-Pac-Islander, Male,-34,2,44, United-States, >50K
42, Private,180219, HS-grad,7, Married-civ-spouse, Adm-clerical, Other-relative, White, Male,61,-3,49, United-States, <=50K
37, Private,174791, HS-grad,9, Never-married, Prof-specialty, Husband, Black, Male,2887,-2,42, United-States, <=50K
31, Private,89195, HS-grad,11, Never-married, Exec-managerial, Unmarried, White, Female,-286,2,40, United-States, <=50K
76, Private,184479, 9th,3, Never-married, Machine-op-inspct, Husband, White, Male,8,4,50, ?, >50K
19, Private,144895, Some-college,9, Widowed, ?, Husband, Asian-Pac-Islander, Male,8,3,40, United-States, <=50K
32, Private,163458, Some-college,13, Married-civ-spouse, Farming-fishing, Husband, White, Male,-87,4,40, United-States, <=50K
39, Private,362270, HS-grad,10, Never-married, Prof-specialty, Husband, Black, Female,-89,4,40, United-States, <=50K
21, Private,189251, Some-college,2, Married-civ-spouse, ?, Other-relative, White, Male,-8,2113,40, United-States, <=50K
35, State-gov,198489, HS-grad,9, Divorced, Prof-specialty, Husband, White, Male,14519,8,40, United-States, >50K
29, Private,233765, HS-grad,7, Married-civ-spouse, Prof-specialty, Husband, White, Female,40,4,40, United-States, >50K
26, Private,272058, Assoc-acdm,13, Never-married, Exec-managerial, Wife, Black, Male,10,1,40, Guatemala, <=50K
52, Self-emp-not-inc,120171, Doctorate,9, Married-civ-spouse, Farming-fishing, Unmarried, Asian-Pac-Islander, Male,-152,2,40, United-States, <=50K
39, Private,135930, 12th,6, Married-civ-spouse, Tech-support, Husband, White, Female,-86,2,40, United-States, <=50K
48, Private,35219, HS-grad,9, Never-married, Handlers-cleaners, Own-child, Other, Male,-74,6,40, United-States, <=50K
27, Local-gov,78357, 10th,9, Never-married, Sales, Husband, White, Female,8018,4,40, United-States, <=50K
61, Private,262575, Bachelors,9, Never-married, Craft-repair, Not-in-family, White, Female,-101,2161,40, United-States, <=50K
27, State-gov,246307, Some-college,5, Married-civ-spouse, Prof-specialty, Husband, White, Female,87,-5,40, United-States, >50K
57, Private,300199, HS-grad,10, Married-civ-spouse, Other-service, Not-in-family, White, Male,0,4,40, United-States, >50K
28, Private,180574, Bachelors,12, Divorced, ?, Husband, White, Male,121,7,39, United-States, <=50K
71, Private,446133, HS-grad,4, Married-civ-spouse, Adm-clerical, Husband, Black, Male,-128,2,48, China, <=50K
33, Private,95920, HS-grad,9, Never-married, Protective-serv, Not-in-family, White, Male,-120,5,40, United-States, <=50K
86, Private,39809, Assoc-voc,13, Never-married, Sales, Not-in-family, Asian-Pac-Islander, Male,-78,-2,29, United-States, <=50K
44, Local-gov,178236, 1st-4th,2, Married-civ-spouse, Sales, Husband, White, Male,-107,4,40, United-States, <=50K
28, Private,150286, HS-grad,11, Married-civ-spouse, Transport-moving, Husband, White, Male,-17,1,40, United-States, <=50K
19, Private,191110, Bachelors,5, Married-civ-spouse, Sales, Husband, White, Female,-81,-2,40, United-States, >50K
68, Private,7871, Some-college,17, Never-married, Exec-managerial, Own-child, White, Male,-114,1584,40, United-States, <=50K
23, Private,21834, HS-grad,14, Widowed, Handlers-cleaners, Husband, Asian-Pac-Islander, Male,-96,6,40, United-States, <=50K
76, ?,274486, HS-grad,9, Married-civ-spouse, Farming-fishing, Not-in-family, White, Male,-97,3,40, United-States, <=50K
34, Private,310270, HS-grad,9, Never-married, Machine-op-inspct, Husband, White, Male,40,1,40, United-States, <=50K
30, State-gov,146710, HS-grad,14, Married-civ-spouse, Craft-repair, Husband, White, Male,-35,1749,40, United-States, <=50K
57, Private,41802, Some-college,10, Never-married, Craft-repair, Husband, White, Male,71,3,40, United-States, <=50K
35, Private,5231, HS-grad,9, Never-married, Sales, Own-child, White, Female,7403,5,55, United-States, <=50K
43, Private,153007, 5th-6th,14, Never-married, Protective-serv, Husband, White, Male,74,2,50, United-States, <=50K
38, Private,66572, Assoc-acdm,13, Widowed, Adm-clerical, Not-in-family, White, Male,685,1580,44, El-Salvador, >50K
34, Private,221717, Bachelors,9, Married-civ-spouse, ?, Own-child, White, Male,84,-1,40, Ireland, <=50K
50, Self-emp-inc,193828, HS-grad,3, Married-civ-spouse, Exec-managerial, Own-child, Asian-Pac-Islander, Male,4793,2206,29, United-States, <=50K
43, Private,40777, Masters,9, Never-married, Craft-repair, Own-child, Black, Male,-145,5,48, United-States, <=50K
33, Private,184877, HS-grad,9, Divorced, Other-service, Not-in-family, White, Male,-100,0,40, United-States, <=50K
51, Private,142435, Some-college,13, Married-civ-spouse, Exec-managerial, Unmarried, White, Female,-32,7,47, United-States, <=50K
37, Self-emp-inc,143496, Some-college,3, Never-married, Exec-managerial, Other-relative, White, Male,19,2146,40, United-States, >50K
37, Private,111276, HS-grad,9, Never-married, Exec-managerial, Husband, White, Male,-144,-6,40, United-States, <=50K
14, Private,7129, HS-grad,12, Never-married, Tech-support, Husband, White, Female,8241,4,40, United-States, >50K
23, Private,14433, Bachelors,9, Never-married, Prof-specialty, Not-in-family, Black, Male,93,1797,40, South, <=50K
37, Private,188597, HS-grad,6, Separated, Prof-specialty, Unmarried, Asian-Pac-Islander, Female,77,2055,48, United-States, >50K
48, Private,197577, HS-grad,12, Divorced, Prof-specialty, Own-child, White, Male,73,8,40, United-States, <=50K
38, Private,191303, HS-grad,9, Never-married, Machine-op-inspct, Husband, Black, Female,-46,1909,40, United-States, <=50K
32, Private,130168, HS-grad,14, Married-civ-spouse, Handlers-cleaners, Other-relative, White, Male,-90,6,40, Mexico, <=50K
57, Private,30434, Some-college,10, Married-spouse-absent, Other-service, Husband, White, Male,8140,-1,43, Mexico, <=50K
43, ?,24857, HS-grad,13, Married-civ-spouse, Sales, Not-in-family, White, Male,3699,-4,40, United-States, <=50K
64, ?,192973, Some-college,4, Divorced, Sales, Husband, White, Male,-117,1670,40, United-States, <=50K
40, Private,122890, Some-college,7, Widowed, Adm-clerical, Husband, Black, Male,87,2,40, United-States, <=50K
19, Private,125652, HS-grad,10, Married-civ-spouse, Sales, Husband, White, Male,86,1,51, United-States, <=50K
39, Private,130586, Assoc-voc,1, Never-married, Sales, Husband, White, Male,5965,3,40, Mexico, >50K
23, Private,138436, 7th-8th,10, Never-married, ?, Husband, White, Male,9089,4,40, United-States, <=50K
39, Private,41788, Bachelors,6, Widowed, Transport-moving, Other-relative, White, Male,-110,2,40, United-States, <=50K
36, Private,233675, HS-grad,13, Never-married, Prof-specialty, Not-in-family, White, Male,-42,5,40, United-States, <=50K
31, Private,268578, Some-college,5, Divorced, Prof-specialty, Unmarried, White, Male,-32,1621,40, United-States, >50K
86, Private,151199, Bachelors,13, Separated, Armed-Forces, Husband, White, Male,75,5,40, Dominican-Republic, >50K
56, Private,174149, Some-college,4, Divorced, Priv-house-serv, Unmarried, White, Male,37,2,40, United-States, <=50K
24, Private,161384, 12th,13, Divorced, Prof-specialty, Not-in-family, White, Male,13,-1,40, United-States, <=50K
26, Never-worked,126231, Assoc-acdm,6, Married-civ-spouse, Craft-repair, Own-child, Asian-Pac-Islander, Male,-36,4,47, United-States, >50K
30, Private,138451, HS-grad,13, Married-spouse-absent, Farming-fishing, Not-in-family, White, Male,40,3,40, United-States, <=50K
61, Private,243624, HS-grad,6, Never-married, Prof-specialty, Husband, Amer-Indian-Eskimo, Male,83,2140,49, United-States, <=50K
24, Private,11110, 12th,7, Never-married, Sales, Husband, Black, Female,44,-4,40, Cambodia, >50K
22, Private,125381, HS-grad,10, Never-married, Handlers-cleaners, Not-in-family, White, Male,-132,-3,44, United-States, <=50K
18, Private,48841, 12th,9, Divorced, Adm-clerical, Not-in-family, White, Male,-109,5,48, United-States, <=50K
35, Private,260311, 11th,5, Married-civ-spouse, Handlers-cleaners, Not-in-family, White, Male,-131,1,40, United-States, <=50K
47, Private,251081, Some-college,9, Married-civ-spouse, ?, Husband, Black, Male,27,3,40, United-States, <=50K
37, Private,83462, HS-grad,11, Divorced, Craft-repair, Husband, Asian-Pac-Islander, Male,3,2,40, United-States, <=50K
57, Self-emp-not-inc,185671, HS-grad,11, Never-married, Craft-repair, Own-child, White, Female,-46,2,0, United-States, <=50K
41, Private,282320, HS-grad,9, Married-civ-spouse, ?, Wife, White, Male,-102,-2,40, Columbia, <=50K
25, Private,24778, HS-grad,11, Married-civ-spouse, Adm-clerical, Husband, White, Male,-31,4,42, United-States, <=50K
35, Private,63382, HS-grad,1, Married-civ-spouse, Prof-specialty, Unmarried, White, Male,1484,5,49, United-States, <=50K
40, Private,141372, 10th,9, Married-civ-spouse, Adm-clerical, Husband, White, Male,-24,3,40, Cuba, <=50K
19, Private,129012, HS-grad,14, Never-married, Other-service, Husband, Asian-Pac-Islander, Female,-28,-3,40, United-States, <=50K
47, Self-emp-not-inc,110582, Some-college,9, Never-married, Prof-specialty, Husband, White, Male,71,1691,40, United-States, <=50K
38, Private,211577, Bachelors,9, Married-civ-spouse, Prof-specialty, Not-in-family, White, Male,-118,3,40, Mexico, <=50K
67, Private,351994, HS-grad,9, Married-civ-spouse, Farming-fishing, Husband, White, Male,33,0,40, United-States, <=50K
20, Private,149166, Assoc-acdm,14, Married-civ-spouse, Other-service, Husband, White, Male,59,-1,40, United-States, >50K
70, Private,200298, HS-grad,9, Married-civ-spouse, Other-service, Not-in-family, White, Male,28,2,40, United-States, >50K
41, Private,171400, Bachelors,9, Divorced, ?, Not-in-family, Asian-Pac-Islander, Male,-26,5,40, United-States, <=50K
30, Local-gov,11870, Masters,9, Married-civ-spouse, Farming-fishing, Wife, White, Male,-14,5,40, United-States, <=50K
23, Local-gov,163382, Assoc-voc,13, Never-married, Priv-house-serv, Husband, White, Male,-5,3,40, Cuba, >50K
22, Private,180619, Masters,13, Married-civ-spouse, Other-service, Own-child, White, Male,2,5,25, ?, <=50K
35, Private,22841, HS-grad,15, Divorced, Prof-specialty, Husband, White, Male,-80,1914,66, United-States, <=50K
20, Private,171204, Assoc-voc,9, Married-civ-spouse, Craft-repair, Unmarried, White, Male,57,-4,40, United-States, <=50K
37, Private,219812, Prof-school,13, Never-married, Adm-clerical, Not-in-family, White, Male,-23,7,41, United-States, >50K
60, Private,242246, HS-grad,9, Married-civ-spouse, Other-service, Husband, White, Male,12,5,54, United-States, >50K
73, Self-emp-inc,184169, Some-college,8, Divorced, ?, Unmarried, White, Male,48,1,33, United-States, <=50K
33, Private,31730, HS-grad,10, Divorced, ?, Husband, White, Male,-18,3,40, United-States, <=50K
27, Private,145311, HS-grad,13, Married-civ-spouse, Craft-repair, Not-in-family, White, Female,6999,-3,40, United-States, <=50K
35, Private,221173, HS-grad,9, Married-civ-spouse, Prof-specialty, Husband, White, Male,-2,2,40, United-States, <=50K
86, Private,267723, HS-grad,7, Divorced, Transport-moving, Husband, Asian-Pac-Islander, Female,-82,1805,1, United-States, <=50K
30, Private,336649, Assoc-voc,14, Married-civ-spouse, Other-service, Not-in-family, Asian-Pac-Islander, Male,-54,6,40, United-States, <=50K
28, Private,31397, Some-college,11, Never-married, Sales, Husband, Black, Male,-70,0,40, United-States, <=50K
26, Private,184314, HS-grad,9, Divorced, Adm-clerical, Husband, White, Male,-60,1,40, United-States, >50K
22, State-gov,140343, Assoc-voc,11, Married-civ-spouse, Prof-specialty, Not-in-family, White, Male,0,6,40, United-States, >50K
30, Private,147491, Masters,9, Married-civ-spouse, Craft-repair, Husband, White, Male,81,2,43, China, >50K
38, Self-emp-inc,50708, Assoc-acdm,9, Never-married, Prof-specialty, Wife, White, Male,-82,3,12, United-States, >50K
48, Private,33628, HS-grad,12, Married-civ-spouse, Adm-clerical, Husband, White, Male,1238,4,40, United-States, <=50K
68, Private,88806, HS-grad,12, Married-civ-spouse, Craft-repair, Not-in-family, Black, Male,-79,2,40, Columbia, <=50K
21, Private,218189, Bachelors,14, Never-married, Exec-managerial, Husband, White, Female,2168,1,35, United-States, <=50K
53, Local-gov,288512, Bachelors,9, Married-civ-spouse, ?, Not-in-family, Amer-Indian-Eskimo, Male,-101,6,53, ?, <=50K
37, Private,79971, Some-college,5, Married-civ-spouse, Transport-moving, Wife, White, Male,27,3,40, United-States, <=50K
44, ?,13610, Bachelors,10, Married-spouse-absent, Transport-moving, Husband, Asian-Pac-Islander, Male,143,-4,40, United-States, <=50K
86, Private,166075, HS-grad,3, Widowed, Prof-specialty, Husband, White, Male,12634,2,35, United-States, >50K
57, Private,54753, HS-grad,10, Married-civ-spouse, Adm-clerical, Not-in-family, White, Female,-75,0,42, United-States, <=50K
64, Local-gov,224424, HS-grad,9, Married-civ-spouse, Exec-managerial, Not-in-family, White, Male,-7,5,43, United-States, <=50K
35, Private,123446, Assoc-acdm,7, Married-civ-spouse, Sales, Husband, White, Male,-22,5,15, United-States, <=50K
52, Private,185640, Some-college,9, Never-married, Exec-managerial, Not-in-family, White, Female,-3,3,40, United-States, >50K
36, Private,177844, Bachelors,9, Married-civ-spouse, ?, Husband, White, Male,6806,6,40, ?, <=50K
45, ?,97370, Masters,12, Married-civ-spouse, Exec-managerial, Husband, White, Male,19,2,40, Mexico, >50K
46, Private,165160, Some-college,9, Married-civ-spouse, Sales, Other-relative, Asian-Pac-Islander, Male,-106,1786,40, United-States, <=50K
28, Private,149527, Bachelors,6, Married-civ-spouse, Farming-fishing, Husband, Amer-Indian-Eskimo, Male,-104,0,40, United-States, <=50K
92, Private,134197, 7th-8th,13, Never-married, ?, Husband, White, Male,-13,2203,40, United-States, <=50K
40, Private,234749, HS-grad,10, Never-married, Craft-repair, Husband, White, Male,18,-1,40, Haiti, <=50K
32, Private,158407, Some-college,1, Widowed, Craft-repair, Own-child, Asian-Pac-Islander, Male,-29,4,1, Vietnam, <=50K
41, Private,119599, HS-grad,9, Married-civ-spouse, Transport-moving, Husband, White, Male,-130,1,42, United-States, <=50K
68, State-gov,299307, HS-grad,4, Divorced, Adm-clerical, Husband, Black, Male,71,2,49, United-States, <=50K
23, Private,162830, Assoc-voc,15, Married-civ-spouse, Farming-fishing, Not-in-family, White, Female,54,0,43, United-States, <=50K
38, Private,142342, 1st-4th,12, Widowed, Transport-moving, Husband, White, Male,-69,3,40, United-States, <=50K
38, Self-emp-inc,264390, 5th-6th,12, Never-married, Craft-repair, Not-in-family, Black, Male,-50,-4,40, Columbia, >50K
34, Private,104533, HS-grad,10, Never-married, ?, Not-in-family, White, Male,-23,2974,28, United-States, <=50K
42, Private,41439, Some-college,9, Married-civ-spouse, Craft-repair, Husband, White, Male,53,1896,40, South, <=50K
74, Private,100461, HS-grad,13, Married-civ-spouse, ?, Unmarried, White, Male,-133,1,40, United-States, <=50K
35, Private,332351, 7th-8th,11, Never-married, Craft-repair, Husband, White, Male,-3,4,40, United-States, <=50K
71, Private,143276, HS-grad,6, Never-married, Adm-clerical, Not-in-family, White, Female,-19,4,42, United-States, <=50K
27, Private,179756, Assoc-acdm,1, Separated, Craft-repair, Own-child, White, Male,-50,8,40, Hungary, <=50K
30, Self-emp-inc,97096, Masters,3, Married-civ-spouse, Prof-specialty, Husband, White, Female,70,2,40, United-States, >50K
20, Self-emp-not-inc,164863, HS-grad,10, Widowed, Adm-clerical, Husband, White, Male,-38,0,40, United-States, <=50K
38, Private,304202, Some-college,12, Never-married, Craft-repair, Husband, White, Male,-29,2,40, Philippines, >50K
28, Private,150302, 5th-6th,15, Never-married, Exec-managerial, Husband, White, Male,6857,1433,38, United-States, >50K
29, Private,346059, HS-grad,6, Never-married, Farming-fishing, Husband, Asian-Pac-Islander, Male,-64,7,40, United-States, <=50K
58, ?,129234, 11th,7, Married-civ-spouse, Prof-specialty, Husband, White, Male,-102,-2,-2, ?, <=50K
25, Private,114396, HS-grad,9, Divorced, Machine-op-inspct, Not-in-family, White, Male,5,3,40, United-States, <=50K
76, Private,29835, Bachelors,14, Never-married, Transport-moving, Not-in-family, White, Female,-22,-3,53, United-States, <=50K
45, Private,142404, HS-grad,13, Married-civ-spouse, Craft-repair, Husband, White, Female,-10,3,41, Puerto-Rico, <=50K
31, Private,49455, 1st-4th,11, Separated, Machine-op-inspct, Husband, White, Male,-98,-4,22, United-States, >50K
39, Private,116824, Some-college,9, Divorced, Adm-clerical, Wife, White, Male,-88,1,40, United-States, >50K
22, Private,6210, Bachelors,14, Never-married, Prof-specialty, Husband, White, Female,95,-2,49, United-States, >50K
31, Self-emp-not-inc,104335, Some-college,9, Married-civ-spouse, Sales, Husband, Black, Male,-29,1,40, El-Salvador, <=50K
33, Private,135064, HS-grad,9, Never-married, Other-service, Not-in-family, White, Male,49,-5,40, United-States, >50K
17, Private,190139, Some-college,16, Never-married, Prof-specialty, Own-child, White, Female,-68,3,40, United-States, >50K
32, Private,17096, 7th-8th,9, Never-married, Prof-specialty, Not-in-family, White, Male,2594,4,40, ?, <=50K
89, Private,231386, HS-grad,14, Married-civ-spouse, Exec-managerial, Husband, White, Male,-96,-3,40, United-States, >50K
54, Private,169123, HS-grad,10, Married-civ-spouse, Sales, Unmarried, Black, Male,-120,2247,28, United-States, <=50K
24, Private,54917, Bachelors,9, Married-AF-spouse, Adm-clerical, Husband, Black, Male,-9,0,49, United-States, <=50K
49, Private,166000, HS-grad,12, Never-married, Tech-support, Other-relative, White, Male,-28,-1,40, United-States, <=50K
62, Private,156679, HS-grad,10, Never-married, Craft-repair, Husband, White, Male,68,-1,48, United-States, >50K
66, Private,149842, HS-grad,12, Widowed, Other-service, Not-in-family, White, Male,-57,8,40, United-States, >50K
31, Private,116109, HS-grad,2, Married-civ-spouse, Farming-fishing, Husband, Black, Male,107,5,40, United-States, <=50K
61, Private,134932, HS-grad,10, Married-civ-spouse, Tech-support, Husband, White, Male,-17,4,40, United-States, <=50K
97, Private,179937, HS-grad,7, Divorced, Transport-moving, Wife, White, Male,-44,-2,40, United-States, <=50K
31, Federal-gov,35075, Doctorate,7, Never-married, Exec-managerial, Other-relative, White, Male,-36,3,40, United-States, <=50K
35, Private,46324, Bachelors,9, Married-civ-spouse, Sales, Not-in-family, White, Male,78,4,40, United-States, >50K
38, Private,109914, 7th-8th,14, Widowed, Prof-specialty, Husband, White, Male,-118,1581,40, United-States, <=50K
27, Self-emp-not-inc,163542, Some-college,13, Married-civ-spouse, Protective-serv, Husband, White, Female,-11,2,45, United-States, <=50K
44, Private,155570, Bachelors,11, Never-married, Farming-fishing, Husband, White, Female,-77,3,40, Cambodia, <=50K
29, Private,176083, Some-college,9, Never-married, Adm-clerical, Not-in-family, White, Male,12,3,29, United-States, <=50K
20, Private,118671, HS-grad,8, Married-civ-spouse, Handlers-cleaners, Husband, White, Male,0,-1,40, United-States, <=50K
33, Private,153161, Some-college,13, Never-married, Craft-repair, Husband, Black, Male,70,6,40, ?, <=50K
46, State-gov,121063, HS-grad,9, Never-married, Prof-specialty, Own-child, Black, Male,6,1644,12, United-States, <=50K
19, Private,5802, 10th,9, Separated, Tech-support, Husband, White, Male,84,3,40, United-States, >50K
51, Private,99557, HS-grad,7, Never-married, Exec-managerial, Husband, White, Female,77,2,40, United-States, >50K
28, Private,47349, Some-college,1, Married-spouse-absent, Machine-op-inspct, Husband, White, Female,-115,3,15, United-States, <=50K
36, Private,189779, HS-grad,15, Widowed, Exec-managerial, Unmarried, White, Female,-72,-2,40, United-States, <=50K
27, Private,229856, Some-college,9, Married-civ-spouse, Machine-op-inspct, Not-in-family, White, Male,8,-2,43, United-States, <=50K
66, Private,197746, Some-college,14, Married-civ-spouse, Adm-clerical, Not-in-family, White, Male,-117,4,53, United-States, <=50K
42, Private,232462, Preschool,13, Never-married, Exec-managerial, Other-relative, Black, Male,52,3,30, ?, <=50K
56, Private,317043, HS-grad,9, Divorced, Sales, Not-in-family, White, Female,3454,1,40, United-States, <=50K
33, Private,140236, Assoc-acdm,9, Never-married, Exec-managerial, Not-in-family, White, Male,59,-1,40, United-States, <=50K
49, Private,86854, HS-grad,2, Married-civ-spouse, Craft-repair, Unmarried, White, Male,-78,2185,40, Poland, <=50K
24, Private,141550, HS-grad,10, Married-civ-spouse, ?, Husband, White, Male,62,2306,50, United-States, <=50K
66, Private,125283, HS-grad,9, Widowed, Prof-specialty, Husband, White, Male,22,1,45, United-States, <=50K
31, Private,72972, HS-grad,9, Married-civ-spouse, Tech-support, Own-child, White, Male,-19,3,40, United-States, <=50K
57, Private,163975, Assoc-voc,8, Widowed, Machine-op-inspct, Own-child, Black, Male,-11,0,40, United-States, <=50K
31, Private,55384, HS-grad,9, Divorced, Craft-repair, Husband, Black, Male,-19,4,40, United-States, <=50K
79, Federal-gov,242548, Bachelors,13, Never-married, Transport-moving, Wife, White, Female,8106,-3,32, Puerto-Rico, >50K
36, Local-gov,252848, HS-grad,9, Divorced, Tech-support, Not-in-family, White, Male,-56,7,40, United-States, <=50K
53, Self-emp-not-inc,5836, Bachelors,9, Married-civ-spouse, Exec-managerial, Husband, White, Male,9,2,40, United-States, >50K
36, Private,193962, HS-grad,9, Married-civ-spouse, Transport-moving, Own-child, White, Male,18,2,44, United-States, >50K
54, Private,135117, HS-grad,9, Married-civ-spouse, Sales, Own-child, Black, Male,75,4,51, United-States, >50K
34, Local-gov,212439, Masters,6, Never-married, Exec-managerial, Husband, White, Male,-24,1990,40, Mexico, <=50K
27, ?,27430, 9th,9, Never-married, Adm-clerical, Unmarried, White, Male,13,-2,40, Mexico, <=50K
35, Private,338285, Some-college,11, Married-civ-spouse, Priv-house-serv, Unmarried, White, Male,-112,7,-1, United-States, <=50K
26, State-gov,98572, Assoc-voc,11, Married-civ-spouse, Farming-fishing, Not-in-family, White, Male,-11,4,40, United-States, <=50K
15, Private,99459, HS-grad,8, Married-civ-spouse, Exec-managerial, Husband, White, Male,-39,-2,7, United-States, <=50K
22, Private,138522, HS-grad,10, Married-civ-spouse, Prof-specialty, Husband, White, Male,-94,4,40, United-States, >50K
54, Private,53961, Some-college,5, Separated, Prof-specialty, Not-in-family, Black, Male,69,2284,47, United-States, <=50K
34, State-gov,106425, Bachelors,14, Never-married, Machine-op-inspct, Husband, Black, Female,3249,4,48, Japan, <=50K
55, Self-emp-inc,31269, Preschool,10, Married-civ-spouse, Exec-managerial, Husband, White, Male,49,1,40, United-States, <=50K
75, Private,62071, 11th,13, Divorced, Exec-managerial, Husband, White, Male,-65,-1,59, United-States, <=50K
32, Private,118857, HS-grad,12, Married-civ-spouse, Craft-repair, Wife, Black, Male,-63,5,44, United-States, >50K
36, Private,200632, Bachelors,14, Divorced, Adm-clerical, Other-relative, White, Female,13,-4,40, United-States, <=50K
60, Private,226383, Bachelors,14, Married-civ-spouse, Transport-moving, Other-relative, White, Male,-29,4,40, United-States, <=50K
31, Federal-gov,37389, Bachelors,4, Never-married, Handlers-cleaners, Husband, Black, Male,76,5,50, ?, <=50K
61, Federal-gov,153694, Some-college,13, Divorced, Adm-clerical, Own-child, White, Male,-64,1,40, United-States, <=50K
29, Private,240487, HS-grad,9, Never-married, ?, Not-in-family, White, Male,-65,2,51, United-States, <=50K
42, Private,179254, HS-grad,10, Married-civ-spouse, Craft-repair, Not-in-family, White, Male,-134,6,31, United-States, <=50K
25, State-gov,196762, Some-college,5, Never-married, Craft-repair, Wife, White, Female,-46,2070,48, United-States, >50K
25, Private,83476, Assoc-voc,14, Married-civ-spouse, Exec-managerial, Husband, White, Male,107,4,52, United-States, <=50K
45, Private,277813, HS-grad,9, Never-married, Other-service, Husband, Black, Male,85,-1,40, United-States, <=50K
46, Private,112214, HS-grad,9, Never-married, Prof-specialty, Husband, Black, Male,102,4,40, United-States, <=50K
27, Private,37344, Assoc-voc,10, Married-civ-spouse, Craft-repair, Unmarried, White, Male,-108,-2,40, United-States, <=50K
31, State-gov,33949, 10th,7, Married-civ-spouse, Exec-managerial, Husband, White, Male,-76,1,34, United-States, <=50K
35, State-gov,165322, 5th-6th,9, Divorced, Sales, Own-child, Black, Male,5,-4,40, United-States, <=50K
28, Private,75580, Preschool,9, Married-civ-spouse, Sales, Husband, White, Male,-88,-3,3, Philippines, >50K
35, Private,39141, Bachelors,2, Divorced, Sales, Not-in-family, Asian-Pac-Islander, Male,50,7,40, United-States, <=50K
41, Private,117352, Prof-school,11, Divorced, Handlers-cleaners, Husband, White, Male,70,5,40, United-States, <=50K
46, Private,186513, Some-college,8, Married-civ-spouse, Exec-managerial, Husband, Black, Male,51,1,48, United-States, <=50K
29, Private,98202, 10th,9, Married-civ-spouse, Handlers-cleaners, Wife, Black, Male,0,0,-2, Trinadad&Tobago, >50K
32, Private,188788, Some-college,5, Married-civ-spouse, Prof-specialty, Unmarried, White, Male,-25,1755,29, Mexico, >50K
56, Self-emp-not-inc,269640, 9th,7, Divorced, Farming-fishing, Husband, Asian-Pac-Islander, Male,-85,-5,40, United-States, <=50K
36, Self-emp-inc,249184, Assoc-acdm,14, Married-civ-spouse, Handlers-cleaners, Husband, White, Male,52,-5,28, United-States, <=50K
47, Private,11227, HS-grad,14, Divorced, Prof-specialty, Not-in-family, White, Male,2,4,40, Laos, <=50K
36, Private,315651, Assoc-acdm,10, Separated, Priv-house-serv, Own-child, White, Female,16052,1979,40, United-States, <=50K
35, Private,234514, 10th,14, Divorced, ?, Unmarried, White, Female,-24,4,40, South, <=50K
42, Private,314480, HS-grad,10, Divorced, ?, Not-in-family, White, Male,-58,2231,40, United-States, <=50K
69, State-gov,172515, Bachelors,13, Divorced, Prof-specialty, Own-child, White, Male,-94,3,40, United-States, >50K
31, Private,218248, 7th-8th,9, Widowed, Sales, Not-in-family, White, Male,-36,4,40, Honduras, <=50K
23, Private,23180, HS-grad,9, Married-civ-spouse, Craft-repair, Unmarried, White, Male,-60,-1,40, United-States, <=50K
21, Local-gov,14496, 7th-8th,10, Never-married, Craft-repair, Husband, White, Female,-48,1807,40, Mexico, <=50K
36, Private,179541, HS-grad,9, Married-civ-spouse, Adm-clerical, Husband, White, Male,-12,1,40, ?, <=50K
84, Private,6983, HS-grad,9, Married-civ-spouse, Craft-repair, Not-in-family, Amer-Indian-Eskimo, Male,70,8,11, United-States, <=50K
61, Private,143189, Bachelors,7, Divorced, Sales, Not-in-family, Black, Female,33,1477,49, ?, <=50K
67, Private,101659, 10th,9, Married-spouse-absent, Exec-managerial, Husband, White, Male,-71,3,48, United-States, >50K
50, Private,211801, HS-grad,14, Never-married, Sales, Husband, White, Female,7290,2013,33, United-States, <=50K
40, Private,196995, Prof-school,10, Never-married, Handlers-cleaners, Husband, White, Male,-113,-2,33, Iran, >50K
33, Private,255970, Assoc-acdm,4, Divorced, Machine-op-inspct, Husband, Asian-Pac-Islander, Female,-8,5,40, United-States, <=50K
85, Private,132434, HS-grad,9, Widowed, Adm-clerical, Husband, White, Male,82,6,40, United-States, <=50K
30, Private,43611, Assoc-voc,4, Widowed, Adm-clerical, Not-in-family, White, Male,5894,-1,40, Canada, >50K
42, Private,296999, 11th,14, Widowed, Prof-specialty, Not-in-family, Asian-Pac-Islander, Male,-95,-1,40, United-States, <=50K
50, Private,168431, Some-college,14, Never-married, Prof-specialty, Not-in-family, White, Male,-40,-3,40, United-States, <=50K
43, Private,44280, Some-college,14, Never-married, Adm-clerical, Not-in-family, Black, Male,-39,1,40, Mexico, <=50K
29, Self-emp-inc,375206, HS-grad,3, Never-married, Prof-specialty, Husband, Asian-Pac-Islander, Male,-26,2,40, United-States, >50K
36, Self-emp-inc,108570, Assoc-acdm,11, Married-civ-spouse, Adm-clerical, Husband, White, Male,-137,-2,41, United-States, >50K
34, Private,192810, HS-grad,3, Married-civ-spouse, Exec-managerial, Husband, White, Male,1,3,40, United-States, <=50K
50, Private,23107, HS-grad,10, Married-civ-spouse, Exec-managerial, Husband, Black, Male,-93,7,40, United-States, <=50K
41, Private,267547, 7th-8th,12, Divorced, Prof-specialty, Husband, White, Male,-50,1989,61, United-States, >50K
25, Private,152588, HS-grad,7, Married-civ-spouse, Sales, Own-child, White, Female,-68,5,58, United-States, <=50K
29, Private,211458, HS-grad,14, Never-married, Other-service, Own-child, White, Male,-79,-3,50, United-States, <=50K
29, Private,55419, Doctorate,9, Never-married, Protective-serv, Wife, White, Male,-131,3,48, United-States, <=50K
29, Private,207801, Bachelors,9, Married-civ-spouse, Prof-specialty, Not-in-family, White, Male,-90,5,40, United-States, >50K
50, Private,127415, HS-grad,9, Never-married, Tech-support, Not-in-family, White, Male,-56,2,40, United-States, <=50K
19, Private,156859, Bachelors,14, Married-civ-spouse, Prof-specialty, Not-in-family, Other, Male,-29,0,0, United-States, >50K
30, Private,77560, HS-grad,9, Divorced, Sales, Own-child, Black, Female,-95,1,0, Haiti, <=50K
38, Private,152062, HS-grad,5, Widowed, Exec-managerial, Husband, Amer-Indian-Eskimo, Male,-62,3,47, United-States, <=50K
69, Private,300601, Some-college,8, Married-civ-spouse, Protective-serv, Wife, White, Male,98,-3,40, United-States, >50K
24, Private,16073, HS-grad,8, Married-civ-spouse, Machine-op-inspct, Wife, Black, Female,68,3,47, United-States, <=50K
33, Private,287704, 10th,14, Married-civ-spouse, Prof-specialty, Wife, Black, Male,-86,0,40, United-States, >50K
28, Private,202693, 11th,9, Married-civ-spouse, Adm-clerical, Husband, White, Female,-111,-3,40, United-States, <=50K
36, Private,80009, 11th,9, Married-civ-spouse, Adm-clerical, Own-child, White, Male,-53,1,18, United-States, <=50K
62, Private,358244, HS-grad,5, Never-married, Prof-specialty, Husband, Black, Male,-37,2344,40, United-States, <=50K
25, Private,258238, Some-college,14, Divorced, ?, Husband, Asian-Pac-Islander, Male,-56,5,40, United-States, <=50K
37, Federal-gov,121046, Assoc-acdm,13, Never-married, Sales, Husband, White, Female,-44,-2,7, United-States, <=50K
56, Private,222031, HS-grad,7, Never-married, Tech-support, Husband, White, Male,-125,3,40, United-States, <=50K
75, Private,67771, HS-grad,13, Married-civ-spouse, Craft-repair, Wife, White, Female,52,4,40, United-States, <=50K
92, Private,34612, Assoc-acdm,7, Never-married, Other-service, Not-in-family, Black, Female,-75,2,40, United-States, <=50K
78, Private,232159, HS-grad,14, Never-married, Priv-house-serv, Husband, White, Male,-57,3,40, United-States, <=50K
24, Private,106137, HS-grad,11, Married-civ-spouse, Prof-specialty, Unmarried, White, Male,-15,7,40, United-States, >50K
33, Self-emp-not-inc,206752, HS-grad,11, Married-civ-spouse, Sales, Own-child, Black, Male,68,1,40, United-States, >50K
46, Private,176287, HS-grad,10, Divorced, Prof-specialty, Husband, White, Male,1,3,40, United-States, <=50K
20, Private,45000, 10th,7, Never-married, Craft-repair, Own-child, Black, Male,-72,2110,59, United-States, <=50K
55, Private,47450, Some-college,9, Married-civ-spouse, Transport-moving, Husband, White, Male,-71,6,40, United-States, <=50K
22, Private,118687, Some-college,7, Married-civ-spouse, Sales, Unmarried, White, Female,0,2,11, Vietnam, <=50K
42, Federal-gov,120294, Some-college,14, Never-married, Handlers-cleaners, Husband, Other, Male,-138,-7,40, United-States, <=50K
29, Federal-gov,126825, Masters,8, Divorced, Exec-managerial, Own-child, Black, Female,25,2512,40, Taiwan, <=50K
39, Private,124472, HS-grad,13, Married-AF-spouse, Craft-repair, Own-child, Black, Male,-13,5,48, United-States, <=50K
43, Private,165076, HS-grad,9, Separated, ?, Own-child, White, Male,99,2,40, United-States, <=50K
45, Private,262786, HS-grad,7, Never-married, Sales, Unmarried, White, Male,-239,2,40, United-States, <=50K
27, Private,186989, HS-grad,11, Never-married, Craft-repair, Unmarried, White, Female,-139,-2,43, United-States, <=50K
55, Private,143524, Bachelors,5, Never-married, Farming-fishing, Unmarried, White, Male,-110,-4,40, Mexico, <=50K
70, Private,480150, HS-grad,9, Widowed, Craft-repair, Husband, White, Male,88,2,51, United-States, <=50K
19, Private,132916, HS-grad,9, Married-civ-spouse, Transport-moving, Husband, Asian-Pac-Islander, Male,-80,2,40, Mexico, <=50K
40, Private,3655, HS-grad,9, Never-married, Craft-repair, Husband, White, Male,49,1958,40, United-States, >50K
63, ?,195761, HS-grad,7, Separated, Handlers-cleaners, Husband, White, Male,-14,6,40, Mexico, <=50K
21, Private,221664, HS-grad,14, Never-married, Craft-repair, Not-in-family, White, Male,5153,4,40, United-States, >50K
23, Private,25360, HS-grad,4, Married-civ-spouse, ?, Not-in-family, White, Male,-59,2,32, Hong, <=50K
41, Private,146697, HS-grad,14, Married-civ-spouse, Prof-specialty, Not-in-family, White, Male,-69,3,40, United-States, <=50K
21, ?,220567, HS-grad,9, Divorced, Exec-managerial, Not-in-family, White, Male,10,-3,20, United-States, <=50K
57, Private,70929, Prof-school,10, Married-civ-spouse, ?, Not-in-family, White, Female,-23,6,40, United-States, <=50K
37, Private,91890, HS-grad,13, Married-civ-spouse, Exec-managerial, Husband, White, Male,-41,4,54, United-States, >50K
19, Private,36635, HS-grad,10, Married-civ-spouse, Prof-specialty, Own-child, Black, Male,82,6,40, United-States, <=50K
58, State-gov,13102, Assoc-acdm,6, Married-civ-spouse, Craft-repair, Other-relative, White, Female,-2,3,40, United-States, <=50K
42, Private,127384, HS-grad,10, Never-married, Prof-specialty, Not-in-family, White, Male,-40,-4,31, United-States, <=50K
27, Private,126616, Some-college,4, Widowed, Sales, Not-in-family, White, Female,-82,6,40, United-States, <=50K
48, Local-gov,185911, HS-grad,6, Divorced, Prof-specialty, Husband, White, Male,-44,-1,40, United-States, <=50K
44, Local-gov,125503, HS-grad,9, Married-civ-spouse, Craft-repair, Own-child, White, Male,4009,2,40, United-States, <=50K
34, Private,28275, HS-grad,7, Divorced, Sales, Own-child, White, Female,39,-2,55, United-States, >50K
67, Self-emp-inc,158670, 7th-8th,4, Never-married, Craft-repair, Not-in-family, Asian-Pac-Islander, Female,-7,0,20, Japan, <=50K
35, Private,404769, Bachelors,13, Never-married, Exec-managerial, Not-in-family, White, Female,-30,0,49, United-States, <=50K
44, Private,123599, 9th,7, Widowed, ?, Own-child, Asian-Pac-Islander, Male,13829,2,50, United-States, >50K
48, Private,27828, Bachelors,9, Divorced, ?, Husband, Black, Female,8098,-2,40, China, <=50K
52, State-gov,302096, 10th,9, Divorced, Craft-repair, Wife, White, Male,-52,5,48, United-States, <=50K
24, Never-worked,159733, Some-college,13, Married-civ-spouse, Craft-repair, Not-in-family, Black, Male,-65,1718,31, United-States, <=50K
22, Private,10683, Masters,14, Married-civ-spouse, Transport-moving, Husband, White, Male,44,5,40, Columbia, <=50K
21, Self-emp-not-inc,115912, Assoc-voc,4, Never-married, Prof-specialty, Husband, White, Female,4,2,40, United-States, <=50K
23, Private,134583, Some-college,7, Married-civ-spouse, Exec-managerial, Unmarried, White, Female,-72,-3,42, United-States, <=50K
28, Private,21900, HS-grad,9, Widowed, Sales, Other-relative, White, Male,51,2,32, United-States, <=50K
28, Private,50299, Some-college,9, Married-civ-spouse, Protective-serv, Not-in-family, White, Male,-71,-3,40, United-States, >50K
66, Private,160058, HS-grad,9, Never-married, Machine-op-inspct, Husband, White, Male,-47,3,40, United-States, >50K
24, Private,143755, HS-grad,11, Divorced, Craft-repair, Husband, White, Male,-4,5,40, United-States, >50K
36, Private,121838, HS-grad,11, Separated, Sales, Husband, Black, Male,6563,3,40, United-States, <=50K
24, Private,114366, Bachelors,6, Never-married, Sales, Not-in-family, White, Male,-46,2070,40, United-States, <=50K
18, Private,85639, Assoc-acdm,10, Never-married, Craft-repair, Husband, White, Female,-28,2237,30, United-States, <=50K
33, Private,29230, 10th,1, Married-civ-spouse, Exec-managerial, Wife, Other, Male,-113,3,40, United-States, <=50K
37, Self-emp-not-inc,260870, HS-grad,14, Divorced, Farming-fishing, Other-relative, Black, Male,4,7,42, Cambodia, <=50K
69, Private,262378, Some-college,9, Married-civ-spouse, Sales, Wife, White, Male,-19,2,40, United-States, >50K
33, Private,15183, HS-grad,9, Never-married, Transport-moving, Not-in-family, White, Male,40,2,40, United-States, <=50K
27, Private,140287, 7th-8th,5, Never-married, Tech-support, Husband, White, Male,-48,0,52, Guatemala, >50K
43, Federal-gov,297823, Some-college,11, Married-spouse-absent, Farming-fishing, Husband, Black, Male,-119,2,49, South, >50K
67, Federal-gov,159341, 11th,14, Married-spouse-absent, Tech-support, Not-in-family, White, Male,6633,-2,6, Taiwan, <=50K
47, Private,311973, HS-grad,14, Never-married, Protective-serv, Husband, Asian-Pac-Islander, Male,-104,-5,50, United-States, <=50K
44, Private,183566, HS-grad,10, Divorced, Exec-managerial, Own-child, White, Male,-128,0,51, Yugoslavia, <=50K
26, Private,293722, HS-grad,9, Married-civ-spouse, Prof-specialty, Not-in-family, White, Male,0,-7,40, United-States, >50K
30, Private,291527, Assoc-acdm,9, Married-spouse-absent, Tech-support, Unmarried, Black, Female,-89,1,41, United-States, <=50K
62, Private,300086, Some-college,9, Never-married, Tech-support, Husband, White, Male,21,1,40, United-States, <=50K
47, Private,135267, HS-grad,4, Never-married, Prof-specialty, Husband, White, Male,-93,1,40, United-States, >50K
47, Private,167974, HS-grad,4, Never-married, Farming-fishing, Not-in-family, White, Male,-35,1542,40, United-States, <=50K
43, Private,9991, HS-grad,13, Married-civ-spouse, Craft-repair, Own-child, White, Female,2510,2,42, United-States, <=50K
44, Private,158805, Some-college,10, Married-civ-spouse, Machine-op-inspct, Wife, White, Male,22,1881,48, Scotland, <=50K
27, Self-emp-inc,145841, HS-grad,10, Married-civ-spouse, Craft-repair, Husband, Asian-Pac-Islander, Male,86,0,48, Puerto-Rico, >50K
25, Private,148336, HS-grad,4, Married-civ-spouse, Exec-managerial, Husband, Asian-Pac-Islander, Male,-232,2129,40, Portugal, >50K
29, Private,182307, Some-college,9, Widowed, Adm-clerical, Not-in-family, White, Male,20,7,40, United-States, <=50K
26, Self-emp-not-inc,29736, Some-college,7, Married-civ-spouse, Sales, Not-in-family, White, Male,-62,4,43, United-States, <=50K
34, Self-emp-not-inc,262891, Some-college,4, Never-married, Sales, Not-in-family, White, Male,-108,2070,19, United-States, <=50K
20, Local-gov,102780, Bachelors,15, Separated, Handlers-cleaners, Own-child, White, Male,-12,5,47, United-States, >50K
35, Private,24734, HS-grad,5, Never-married, Handlers-cleaners, Husband, White, Male,41,5,40, United-States, <=50K
35, State-gov,191650, Bachelors,10, Never-married, Tech-support, Not-in-family, White, Male,17,2,40, El-Salvador, <=50K
87, Private,21833, HS-grad,9, Never-married, Machine-op-inspct, Husband, White, Male,-21,2,40, United-States, >50K
84, Private,190634, 1st-4th,10, Never-married, Armed-Forces, Not-in-family, Black, Female,1489,4,0, United-States, <=50K
26, Private,157210, Bachelors,10, Married-civ-spouse, Exec-managerial, Not-in-family, White, Female,-81,4,34, United-States, <=50K
35, Private,104667, Some-college,13, Married-civ-spouse, Transport-moving, Not-in-family, White, Male,15,2197,40, United-States, <=50K
44, Self-emp-inc,114192, 1st-4th,10, Married-civ-spouse, Prof-specialty, Husband, White, Female,-44,0,47, United-States, >50K
22, Private,377198, 10th,9, Married-civ-spouse, Farming-fishing, Own-child, Asian-Pac-Islander, Female,43,-2,40, United-States, <=50K
27, Private,-1180, HS-grad,4, Married-civ-spouse, Craft-repair, Unmarried, Asian-Pac-Islander, Male,-10,7,40, United-States, >50K
64, Private,82083, Some-college,7, Never-married, Adm-clerical, Husband, White, Male,-58,1,40, United-States, <=50K
80, Private,244810, HS-grad,14, Separated, Craft-repair, Other-relative, Asian-Pac-Islander, Female,9,5,48, United-States, <=50K
32, Self-emp-not-inc,291025, Assoc-acdm,9, Never-married, Prof-specialty, Own-child, White, Female,23,5,49, United-States, <=50K
35, Private,125528, HS-grad,7, Married-civ-spouse, Farming-fishing, Husband, White, Male,60,-4,40, United-States, <=50K
54, Local-gov,132627, Some-college,6, Married-civ-spouse, Prof-specialty, Not-in-family, White, Male,-55,0,40, United-States, <=50K
68, Private,303054, Masters,9, Widowed, Adm-clerical, Wife, White, Male,-109,1,40, United-States, <=50K
65, Private,167906, Some-college,9, Never-married, Sales, Unmarried, White, Male,-12,3,35, Italy, <=50K
46, Private,356738, 11th,6, Never-married, Prof-specialty, Husband, White, Male,-136,4,40, Yugoslavia, <=50K
69, Private,257913, HS-grad,9, Never-married, ?, Not-in-family, White, Male,6383,-2,40, United-States, <=50K
43, Private,217129, Bachelors,7, Never-married, Prof-specialty, Other-relative, White, Male,-100,1967,42, United-States, <=50K
27, Self-emp-not-inc,153060, Some-college,13, Never-married, Sales, Not-in-family, White, Male,-16,-1,34, United-States, <=50K
24, Private,29922, Some-college,7, Married-civ-spouse, Other-service, Not-in-family, Asian-Pac-Islander, Male,-41,-2,40, United-States, >50K
45, Private,133989, Assoc-acdm,7, Never-married, Prof-specialty, Husband, White, Male,122,1663,42, United-States, <=50K
42, Private,171530, Doctorate,3, Married-civ-spouse, Craft-repair, Unmarried, Amer-Indian-Eskimo, Male,-37,7,40, United-States, >50K
76, Private,162691, HS-grad,14, Married-civ-spouse, Exec-managerial, Own-child, White, Male,16,5,40, United-States, <=50K
61, Self-emp-inc,126584, Some-college,8, Married-civ-spouse, Prof-specialty, Husband, Black, Male,73,4,40, United-States, <=50K
32, Local-gov,173334, Some-college,11, Married-civ-spouse, Sales, Wife, White, Male,28,3,33, United-States, >50K
66, Private,159989, HS-grad,10, Never-married, Prof-specialty, Not-in-family, Black, Male,-4,2,40, United-States, <=50K
53, Self-emp-inc,199957, HS-grad,7, Married-civ-spouse, Craft-repair, Own-child, White, Male,64,1,35, Guatemala, <=50K
29, Private,164568, Some-college,16, Never-married, Prof-specialty, Not-in-family, Black, Female,37,3,43, United-States, <=50K
58, Private,273633, HS-grad,9, Married-civ-spouse, Prof-specialty, Unmarried, White, Male,8,2,72, Greece, >50K
58, Private,148769, Some-college,10, Widowed, Sales, Own-child, White, Male,78,4,35, United-States, >50K
79, ?,195106, 11th,14, Divorced, Prof-specialty, Husband, Asian-Pac-Islander, Male,-64,2,40, United-States, <=50K
69, Private,66655, 11th,6, Never-married, ?, Husband, Asian-Pac-Islander, Male,-99,2,40, Canada, <=50K
53, Private,16950, Some-college,14, Married-spouse-absent, Other-service, Not-in-family, White, Female,-69,1256,40, United-States, >50K
37, Private,192621, 11th,11, Married-civ-spouse, Machine-op-inspct, Own-child, White, Female,-32,3,40, United-States, >50K
49, Private,128309, HS-grad,9, Married-civ-spouse, Sales, Not-in-family, White, Male,-61,3,54, United-States, <=50K
61, ?,363851, HS-grad,12, Divorced, Prof-specialty, Husband, Black, Male,7498,4,40, United-States, <=50K
53, Local-gov,-3135, Bachelors,4, Married-civ-spouse, Exec-managerial, Not-in-family, White, Female,6,2,40, United-States, >50K
28, Local-gov,24021, Some-college,14, Divorced, Transport-moving, Not-in-family, White, Male,12,5,40, United-States, <=50K
35, Private,48334, Some-college,13, Never-married, Protective-serv, Not-in-family, White, Male,-71,3,40, Mexico, >50K
35, Private,2317, 10th,10, Never-married, ?, Not-in-family, White, Male,-23,0,40, United-States, >50K
24, Private,168974, Masters,14, Separated, Sales, Husband, White, Male,47,-2,55, United-States, <=50K
37, Private,19717, Some-college,10, Married-spouse-absent, Sales, Not-in-family, Black, Male,41,2,42, United-States, >50K
73, Private,54103, Some-college,11, Never-married, Tech-support, Husband, White, Male,-10,-2,40, United-States, <=50K
21, Private,7609, HS-grad,7, Never-married, Prof-specialty, Husband, White, Male,7571,2,40, United-States, <=50K
68, Private,11240, Masters,3, Never-married, ?, Husband, White, Male,-47,-1,42, United-States, <=50K
49, Private,165791, HS-grad,13, Married-civ-spouse, Prof-specialty, Not-in-family, Amer-Indian-Eskimo, Female,-34,4,49, United-States, <=50K
46, Private,115550, HS-grad,14, Married-civ-spouse, ?, Not-in-family, White, Female,20,4,40, United-States, >50K
38, Federal-gov,60760, Assoc-acdm,9, Married-civ-spouse, Exec-managerial, Not-in-family, White, Male,-66,5,40, United-States, >50K
31, Local-gov,12954, Some-college,12, Never-married, Sales, Husband, White, Female,42,5,51, United-States, >50K
22, Private,166449, Masters,9, Married-civ-spouse, Sales, Husband, White, Male,576,0,40, Canada, <=50K
47, Private,149171, HS-grad,9, Divorced, Other-service, Husband, White, Male,15,1,40, United-States, <=50K
24, Federal-gov,230981, Bachelors,14, Married-civ-spouse, Adm-clerical, Unmarried, Black, Female,-152,2,40, Poland, >50K
52, Self-emp-inc,132800, Some-college,11, Never-married, Handlers-cleaners, Husband, White, Female,-39,7,35, United-States, <=50K
56, ?,126968, Prof-school,14, Never-married, Prof-specialty, Husband, White, Female,3470,1614,68, India, <=50K
34, Private,186147, Bachelors,10, Married-civ-spouse, Adm-clerical, Own-child, White, Male,84,8,40, Cuba, >50K
63, Local-gov,158170, HS-grad,10, Never-married, Sales, Not-in-family, White, Male,-105,2,40, United-States, <=50K
58, Self-emp-not-inc,183787, Bachelors,14, Never-married, Sales, Unmarried, White, Female,46,2,41, United-States, <=50K
43, Local-gov,144506, Bachelors,13, Divorced, Sales, Husband, White, Male,4,5,40, United-States, >50K
20, Private,298386, HS-grad,16, Never-married, Machine-op-inspct, Own-child, Black, Female,15101,3,-2, United-States, <=50K
59, ?,22167, 10th,10, Never-married, Adm-clerical, Husband, White, Male,-16,1,40, United-States, <=50K
30, Private,133918, HS-grad,9, Never-married, Machine-op-inspct, Husband, White, Male,7771,4,43, United-States, >50K
84, Private,186559, Assoc-voc,9, Married-AF-spouse, Sales, Husband, Black, Male,30,-6,40, United-States, >50K
61, Private,178450, Some-college,6, Separated, ?, Husband, White, Female,6495,5,54, United-States, <=50K
33, Private,180822, HS-grad,9, Never-married, Other-service, Husband, White, Male,135,1504,40, United-States, <=50K
44, Private,4852, 7th-8th,10, Divorced, Exec-managerial, Own-child, Black, Female,90,2,40, United-States, <=50K
22, Self-emp-not-inc,43393, Doctorate,10, Never-married, ?, Not-in-family, White, Male,-43,7,29, Taiwan, <=50K
50, Private,328388, HS-grad,7, Married-civ-spouse, Handlers-cleaners, Unmarried, White, Male,-87,2044,40, United-States, <=50K
72, Private,55482, HS-grad,10, Divorced, Sales, Not-in-family, White, Male,46,2,36, United-States, <=50K
41, ?,116465, Bachelors,6, Married-spouse-absent, Prof-specialty, Not-in-family, White, Male,-5,1,28, United-States, <=50K
85, Private,194534, Masters,12, Divorced, Other-service, Not-in-family, White, Male,19,5,40, Honduras, <=50K
24, Private,52522, Assoc-voc,7, Married-civ-spouse, Craft-repair, Husband, Asian-Pac-Islander, Male,6,7,82, Italy, <=50K
50, State-gov,115903, Masters,12, Never-married, Other-service, Not-in-family, White, Male,-49,1,40, United-States, <=50K
21, Private,158632, Assoc-voc,14, Married-civ-spouse, Sales, Not-in-family, White, Male,14,3,40, United-States, >50K
36, Private,203626, HS-grad,14, Married-spouse-absent, Prof-specialty, Not-in-family, White, Male,-35,3,40, United-States, >50K
23, Private,138199, Some-college,9, Never-married, Sales, Unmarried, Other, Male,-69,-2,40, United-States, <=50K
23, ?,379806, HS-grad,9, Divorced, Sales, Own-child, White, Male,-49,-1,40, United-States, <=50K
56, Private,216336, Bachelors,9, Widowed, ?, Other-relative, White, Female,76,6,-5, United-States, <=50K
64, Private,163962, 9th,13, Never-married, Exec-managerial, Unmarried, White, Male,23,2214,12, United-States, <=50K
81, Private,128423, Assoc-acdm,3, Married-civ-spouse, Other-service, Husband, White, Female,-100,5,40, United-States, >50K
65, Local-gov,127051, Some-college,9, Married-civ-spouse, Prof-specialty, Not-in-family, White, Male,-30,1,40, United-States, <=50K
31, Private,245376, HS-grad,10, Widowed, Exec-managerial, Husband, White, Male,29,3,59, United-States, >50K
46, Private,27323, Some-college,3, Married-civ-spouse, Other-service, Husband, White, Female,57,3193,40, United-States, <=50K
62, Private,276801, HS-grad,6, Married-civ-spouse, Sales, Not-in-family, White, Male,73,-3,28, United-States, <=50K
23, Federal-gov,165486, Some-college,3, Married-civ-spouse, Craft-repair, Husband, White, Male,35,5,33, Mexico, <=50K
41, Private,1930, HS-grad,14, Never-married, Craft-repair, Own-child, White, Male,-2,-3,40, United-States, >50K
50, Private,108121, HS-grad,9, Married-civ-spouse, Other-service, Husband, Black, Male,1,2307,40, United-States, <=50K
54, Private,44591, 11th,12, Married-civ-spouse, Sales, Husband, Other, Female,-35,4,1, Jamaica, <=50K
65, Federal-gov,224455, HS-grad,13, Married-AF-spouse, Prof-specialty, Husband, Black, Female,6506,1254,40, United-States, <=50K
44, Private,307056, Masters,9, Never-married, Other-service, Husband, Black, Female,-17,3,48, United-States, <=50K
29, Private,179144, HS-grad,9, Widowed, Prof-specialty, Not-in-family, White, Male,36,5,49, United-States, <=50K
31, Private,160635, 5th-6th,9, Divorced, Exec-managerial, Husband, White, Male,-55,-3,65, United-States, <=50K
69, Private,35045, HS-grad,10, Married-civ-spouse, Craft-repair, Not-in-family, White, Female,4460,-1,28, United-States, <=50K
57, Private,24599, Bachelors,13, Married-civ-spouse, Prof-specialty, Not-in-family, White, Female,-10,4,48, United-States, <=50K
38, Private,43649, HS-grad,9, Married-civ-spouse, Prof-specialty, Own-child, White, Female,33,1,32, United-States, <=50K
48, Private,179738, HS-grad,11, Married-civ-spouse, Farming-fishing, Husband, White, Female,5,4,40, United-States, >50K
46, Local-gov,136497, 5th-6th,10, Never-married, Craft-repair, Other-relative, White, Male,29,0,40, United-States, <=50K
47, Private,165017, 11th,13, Never-married, Prof-specialty, Not-in-family, White, Male,102,2187,40, United-States, <=50K
24, Private,114187, Doctorate,10, Married-civ-spouse, Farming-fishing, Unmarried, White, Male,4590,5,62, United-States, <=50K
45, Private,194494, 7th-8th,10, Married-AF-spouse, Exec-managerial, Not-in-family, White, Male,-2,2,42, United-States, >50K
32, Private,149413, Some-college,7, Widowed, Adm-clerical, Not-in-family, White, Male,-90,2,52, United-States, <=50K
27, Private,227340, HS-grad,13, Married-civ-spouse, Prof-specialty, Not-in-family, White, Female,-126,5,70, United-States, <=50K
23, Private,176830, HS-grad,9, Married-civ-spouse, Craft-repair, Own-child, White, Male,-56,7,43, Philippines, <=50K
70, Private,56571, HS-grad,5, Never-married, Transport-moving, Husband, White, Female,7133,1980,40, United-States, <=50K
65, Private,109873, HS-grad,7, Never-married, ?, Unmarried, White, Male,-57,-6,40, United-States, <=50K
26, Self-emp-not-inc,230977, HS-grad,10, Married-civ-spouse, Handlers-cleaners, Own-child, White, Female,41,-3,40, United-States, <=50K
50, Private,207798, HS-grad,6, Married-civ-spouse, Machine-op-inspct, Unmarried, White, Male,-38,5,40, United-States, <=50K
70, State-gov,180799, 7th-8th,2, Divorced, Sales, Husband, White, Male,-32,4,42, United-States, >50K
32, Self-emp-not-inc,160097, HS-grad,10, Married-civ-spouse, Farming-fishing, Unmarried, White, Male,35,6,40, United-States, <=50K
26, Private,171252, Some-college,9, Married-civ-spouse, Farming-fishing, Wife, Black, Male,64,1,40, United-States, >50K
44, Private,261673, Some-college,9, Married-civ-spouse, Farming-fishing, Not-in-family, White, Male,-57,3,40, United-States, <=50K
41, Private,17317, Masters,9, Married-civ-spouse, Exec-managerial, Own-child, Black, Female,4,4,40, United-States, >50K
52, Self-emp-not-inc,183759, HS-grad,14, Married-civ-spouse, Prof-specialty, Own-child, White, Male,-52,4,51, ?, >50K
31, Private,150417, Bachelors,6, Divorced, ?, Not-in-family, White, Male,-26,6,40, United-States, <=50K
63, Private,328184, Masters,4, Never-married, Exec-managerial, Husband, White, Female,-80,-5,40, United-States, >50K
39, Private,278964, HS-grad,9, Never-married, Sales, Husband, White, Male,-90,3,30, United-States, <=50K
47, Private,177699, Some-college,9, Married-civ-spouse, Exec-managerial, Husband, Black, Male,87,4,40, United-States, <=50K
66, Private,274714, 11th,3, Separated, Prof-specialty, Unmarried, White, Male,-93,5,40, United-States, <=50K
63, Private,35667, Assoc-voc,12, Never-married, Priv-house-serv, Unmarried, White, Male,3,4,41, Nicaragua, <=50K
42, Private,145625, HS-grad,4, Never-married, Farming-fishing, Not-in-family, White, Male,-93,0,40, United-States, <=50K
36, Private,332807, HS-grad,14, Married-civ-spouse, Transport-moving, Husband, White, Male,-83,1,43, United-States, <=50K
93, Private,186767, Bachelors,7, Never-married, Sales, Husband, White, Male,-47,2,40, United-States, <=50K
36, Private,110770, HS-grad,12, Never-married, Adm-clerical, Husband, White, Female,-29,3,40, United-States, <=50K
48, Local-gov,183976, HS-grad,14, Married-civ-spouse, Exec-managerial, Own-child, Asian-Pac-Islander, Male,40,0,40, United-States, <=50K
73, ?,233631, Some-college,5, Never-married, Craft-repair, Husband, White, Male,15,-2,40, United-States, >50K
57, Private,181309, HS-grad,3, Never-married, Prof-specialty, Not-in-family, White, Male,-125,3,40, United-States, <=50K
34, Local-gov,244682, HS-grad,12, Married-civ-spouse, Other-service, Other-relative, White, Male,-69,5,40, United-States, <=50K
32, Private,18465, Some-college,12, Married-civ-spouse, Transport-moving, Husband, White, Male,-63,7,48, United-States, <=50K
49, Private,178813, HS-grad,13, Never-married, Sales, Husband, White, Male,0,5,40, United-States, <=50K
47, Federal-gov,145949, Doctorate,14, Married-civ-spouse, Other-service, Unmarried, White, Male,-34,5,40, United-States, <=50K
31, Private,148157, HS-grad,9, Married-civ-spouse, Prof-specialty, Husband, Black, Male,-43,4,48, United-States, <=50K
63, Self-emp-inc,96301, Some-college,14, Never-married, Farming-fishing, Not-in-family, White, Male,-69,2,48, United-States, >50K
50, Private,221376, 7th-8th,13, Divorced, Sales, Not-in-family, White, Male,5107,3,40, United-States, <=50K
45, Private,372440, HS-grad,10, Separated, Other-service, Not-in-family, White, Female,-85,1,40, United-States, >50K
32, Self-emp-not-inc,171208, Masters,9, Separated, Sales, Husband, White, Male,-76,0,40, United-States, <=50K
49, ?,195208, HS-grad,11, Widowed, Other-service, Not-in-family, Asian-Pac-Islander, Female,-5,0,36, Mexico, <=50K
34, Private,17376, Assoc-acdm,9, Never-married, Craft-repair, Husband, Asian-Pac-Islander, Male,-8,6,30, United-States, >50K
71, Private,169262, Some-college,10, Never-married, ?, Husband, White, Male,-123,3,40, Greece, <=50K
30, Private,123802, Assoc-voc,7, Never-married, Adm-clerical, Wife, White, Female,-132,5,57, United-States, <=50K
62, Private,-4, Prof-school,11, Never-married, Prof-specialty, Wife, White, Male,6,2346,51, Mexico, <=50K
22, Private,36268, HS-grad,8, Married-civ-spouse, Protective-serv, Husband, White, Female,13654,1,40, United-States, <=50K
49, Private,60292, HS-grad,9, Married-spouse-absent, Machine-op-inspct, Not-in-family, Asian-Pac-Islander, Male,8011,4,40, United-States, <=50K
50, Private,427889, 11th,14, Never-married, Protective-serv, Husband, White, Male,-135,2028,40, Philippines, >50K
24, Private,215104, HS-grad,10, Married-civ-spouse, Exec-managerial, Not-in-family, White, Female,-7,3,35, United-States, <=50K
18, Private,225374, HS-grad,12, Never-married, Prof-specialty, Husband, White, Male,-96,-1,48, United-States, <=50K
42, Private,233549, Masters,14, Never-married, Adm-clerical, Husband, White, Male,5921,-1,40, United-States, <=50K
106, Private,173159, HS-grad,9, Married-civ-spouse, Craft-repair, Husband, White, Male,3270,-1,63, United-States, >50K
37, Private,292404, 1st-4th,2, Married-spouse-absent, Sales, Husband, White, Female,-46,1,29, India, >50K
23, Private,138642, Some-college,14, Widowed, Exec-managerial, Husband, White, Male,-3,-1,40, ?, <=50K
55, Private,160802, HS-grad,6, Married-civ-spouse, Sales, Husband, White, Female,-51,1,29, United-States, <=50K
38, Private,128226, HS-grad,1, Married-civ-spouse, Prof-specialty, Husband, Amer-Indian-Eskimo, Male,-100,0,40, United-States, <=50K
33, Private,204739, 11th,9, Married-civ-spouse, Craft-repair, Husband, White, Male,2901,1,113, United-States, >50K
41, Private,232789, Assoc-acdm,12, Never-married, Craft-repair, Wife, Black, Male,65,-2,13, United-States, >50K
29, Private,216622, 9th,6, Married-civ-spouse, Transport-moving, Not-in-family, White, Female,-27,-1,40, United-States, <=50K
39, Private,230069, Some-college,9, Married-civ-spouse, Other-service, Unmarried, White, Male,-62,7,50, United-States, >50K
70, Private,137849, HS-grad,13, Divorced, Adm-clerical, Husband, White, Male,-88,0,40, Ecuador, >50K
45, Private,157678, 11th,12, Never-married, Sales, Husband, White, Male,2468,1,41, India, <=50K
22, Private,79753, Assoc-acdm,8, Never-married, Farming-fishing, Not-in-family, Asian-Pac-Islander, Male,16015,-1,40, United-States, <=50K
52, Private,134030, Some-college,2, Never-married, Sales, Not-in-family, White, Male,-105,2740,40, United-States, <=50K
58, State-gov,132291, Bachelors,10, Never-married, Craft-repair, Husband, White, Female,-140,6,40, Mexico, >50K
31, Private,197190, HS-grad,14, Married-civ-spouse, Sales, Husband, White, Male,8,-2,40, United-States, <=50K
36, Private,286399, Bachelors,4, Never-married, Prof-specialty, Own-child, Asian-Pac-Islander, Female,22,6,40, Mexico, >50K
65, Private,131269, Bachelors,13, Separated, Craft-repair, Own-child, White, Male,2096,-1,44, Poland, <=50K
57, Private,150976, Bachelors,9, Never-married, Sales, Not-in-family, White, Female,-96,-2,35, United-States, <=50K
55, Private,52242, Bachelors,2, Never-married, Craft-repair, Husband, White, Male,-58,5,49, Puerto-Rico, >50K
45, Private,116925, Assoc-acdm,5, Married-civ-spouse, Craft-repair, Wife, Black, Female,-84,-2,40, Guatemala, >50K
39, Private,62817, Masters,14, Married-civ-spouse, Prof-specialty, Not-in-family, White, Female,-99,3,28, ?, <=50K
46, Private,228443, HS-grad,2, Separated, Adm-clerical, Unmarried, White, Female,-47,-4,40, United-States, >50K
70, Self-emp-not-inc,129411, HS-grad,9, Married-civ-spouse, Prof-specialty, Husband, White, Female,107,2,40, United-States, <=50K
33, Private,110732, HS-grad,5, Widowed, Adm-clerical, Unmarried, White, Male,-70,4,40, United-States, <=50K
45, Private,133440, Some-college,3, Married-civ-spouse, ?, Husband, White, Male,14,-4,40, United-States, <=50K
67, Private,122260, HS-grad,11, Never-married, ?, Husband, White, Male,54,3,40, United-States, <=50K
56, Private,269697, Prof-school,11, Married-civ-spouse, Craft-repair, Own-child, White, Male,-4,4,40, United-States, <=50K
25, Private,275590, Some-college,14, Married-civ-spouse, Adm-clerical, Unmarried, White, Male,51,2,40, United-States, >50K
33, Private,104580, 5th-6th,13, Never-married, Sales, Unmarried, White, Male,4,-2,40, United-States, <=50K
26, Private,179456, Assoc-voc,7, Never-married, Protective-serv, Husband, White, Male,103,3,40, United-States, <=50K
31, Private,194522, HS-grad,9, Divorced, Machine-op-inspct, Husband, White, Male,34,1,40, United-States, <=50K
67, Private,257065, Some-college,7, Married-civ-spouse, Exec-managerial, Not-in-family, White, Male,41,2090,40, Philippines, <=50K
21, Private,117173, HS-grad,9, Never-married, Prof-specialty, Other-relative, White, Male,0,-3,40, United-States, <=50K
32, Private,44284, Masters,10, Married-civ-spouse, Craft-repair, Husband, White, Male,46,-2,40, United-States, >50K
24, Private,17225, 11th,14, Divorced, Prof-specialty, Not-in-family, Other, Male,-51,1952,28, United-States, <=50K
31, Private,203604, HS-grad,9, Separated, Exec-managerial, Husband, White, Male,-7,1,40, United-States, >50K
31, Private,137463, Masters,12, Separated, Prof-specialty, Own-child, White, Male,-45,1887,58, United-States, >50K
39, Private,1278, HS-grad,13, Divorced, Prof-specialty, Husband, White, Male,-96,1,40, United-States, <=50K
50, Private,163579, Bachelors,6, Never-married, Adm-clerical, Husband, White, Male,18,-2,37, United-States, <=50K
58, Self-emp-inc,315097, 7th-8th,12, Never-married, Craft-repair, Not-in-family, White, Male,-56,7,62, United-States, >50K
20, Private,185990, Assoc-voc,14, Divorced, ?, Husband, White, Male,-2,-4,40, United-States, <=50K
36, Private,202152, 9th,14, Divorced, Other-service, Husband, White, Male,-70,7,40, United-States, <=50K
24, ?,33865, HS-grad,11, Divorced, Exec-managerial, Husband, White, Male,-61,3,40, United-States, <=50K
23, Private,211952, Bachelors,10, Never-married, ?, Husband, White, Male,-1,1936,40, United-States, <=50K
35, Private,47562, HS-grad,13, Never-married, Prof-specialty, Not-in-family, White, Male,-66,1,48, United-States, <=50K
46, Private,125290, HS-grad,14, Never-married, Exec-managerial, Husband, Black, Female,-30,7,40, United-States, <=50K
65, Private,150425, Bachelors,14, Married-civ-spouse, Exec-managerial, Husband, White, Male,-55,-4,40, Thailand, <=50K
50, Private,146266, 11th,16, Married-civ-spouse, ?, Not-in-family, White, Female,8533,5,40, United-States, <=50K
30, Private,29096, Assoc-voc,0, Married-civ-spouse, Sales, Husband, White, Male,-15,7,40, United-States, >50K
28, ?,170202, 9th,6, Never-married, Sales, Own-child, White, Male,23,7,51, Guatemala, <=50K
19, Local-gov,34787, HS-grad,11, Never-married, Prof-specialty, Husband, Asian-Pac-Islander, Female,-22,1,43, United-States, <=50K
63, Private,194713, HS-grad,9, Married-civ-spouse, Craft-repair, Not-in-family, White, Male,-101,3,40, Ecuador, <=50K
29, Self-emp-not-inc,127804, HS-grad,3, Married-civ-spouse, Adm-clerical, Husband, White, Male,27,2210,40, United-States, <=50K
39, Private,36416, Bachelors,13, Never-married, Exec-managerial, Husband, White, Female,-57,5,40, United-States, >50K
26, Local-gov,1092, Bachelors,11, Married-civ-spouse, Exec-managerial, Wife, White, Male,11,0,40, United-States, <=50K
31, Private,588210, Bachelors,9, Never-married, Transport-moving, Unmarried, White, Male,4463,3,29, United-States, >50K
78, Private,153076, HS-grad,9, Married-spouse-absent, Exec-managerial, Husband, White, Male,-68,0,40, United-States, <=50K
58, Private,197351, HS-grad,5, Married-civ-spouse, Priv-house-serv, Husband, White, Male,-43,1,40, United-States, <=50K
57, Private,124690, Some-college,9, Divorced, ?, Not-in-family, Asian-Pac-Islander, Female,46,2296,40, United-States, <=50K
16, Local-gov,139562, Bachelors,5, Married-civ-spouse, Other-service, Husband, White, Female,-13,3,40, United-States, <=50K
30, Private,11579, Some-college,9, Divorced, Other-service, Husband, White, Female,-45,5,42, United-States, <=50K
44, Private,133235, HS-grad,9, Married-civ-spouse, ?, Not-in-family, White, Female,26,2,44, United-States, >50K
21, Private,14625, Bachelors,14, Married-civ-spouse, Prof-specialty, Own-child, White, Male,-15,2,40, United-States, <=50K
75, Without-pay,109627, Bachelors,5, Divorced, Transport-moving, Not-in-family, White, Male,-71,2,40, United-States, <=50K
55, Private,35830, HS-grad,5, Married-spouse-absent, Exec-managerial, Wife, Black, Male,149,2,40, United-States, <=50K
46, Private,190122, HS-grad,9, Never-married, Other-service, Own-child, White, Male,6,3,40, United-States, >50K
57, Private,59666, Some-college,6, Divorced, Exec-managerial, Husband, White, Male,-2,2,40, United-States, <=50K
43, ?,147167, Some-college,13, Never-married, Handlers-cleaners, Not-in-family, White, Male,-87,-1,44, United-States, <=50K
25, Private,178708, 11th,15, Divorced, Exec-managerial, Own-child, White, Male,-88,0,40, Hong, >50K
28, Private,195913, HS-grad,9, Married-AF-spouse, Handlers-cleaners, Unmarried, Asian-Pac-Islander, Male,-20,0,40, United-States, <=50K
34, Federal-gov,156084, Some-college,11, Never-married, Farming-fishing, Husband, Black, Male,-79,1,13, United-States, <=50K
46, Self-emp-not-inc,366997, Masters,11, Never-married, Prof-specialty, Not-in-family, Black, Male,-58,-2,40, United-States, <=50K
28, Federal-gov,36357, Bachelors,4, Married-civ-spouse, Adm-clerical, Husband, Black, Male,-128,-2,50, United-States, <=50K
38, Private,181897, HS-grad,3, Never-married, Craft-repair, Own-child, White, Female,-85,5,40, Taiwan, <=50K
49, Self-emp-not-inc,180058, HS-grad,9, Divorced, ?, Other-relative, White, Male,5799,5,40, Nicaragua, <=50K
24, Private,155998, Assoc-acdm,6, Married-civ-spouse, Exec-managerial, Wife, White, Male,-59,5,40, Haiti, <=50K
42, Private,28790, HS-grad,8, Never-married, Handlers-cleaners, Other-relative, White, Male,-73,0,34, United-States, <=50K
44, Private,155225, Bachelors,14, Married-civ-spouse, Prof-specialty, Husband, White, Male,2454,0,30, United-States, <=50K
31, Private,143854, Some-college,10, Never-married, ?, Own-child, White, Female,8274,2504,40, United-States, >50K
31, Private,230457, Assoc-acdm,14, Never-married, Craft-repair, Husband, White, Female,-52,0,30, United-States, <=50K
29, Self-emp-inc,217723, 11th,8, Married-civ-spouse, Adm-clerical, Husband, Asian-Pac-Islander, Male,5,0,40, United-States, >50K
33, Private,214822, HS-grad,6, Never-married, Sales, Husband, White, Male,-96,-1,40, United-States, <=50K
23, Private,249614, 1st-4th,13, Married-civ-spouse, Sales, Not-in-family, White, Male,-35,2215,29, Canada, <=50K
49, Private,258464, Some-college,9, Never-married, Prof-specialty, Not-in-family, White, Male,-134,7,49, United-States, <=50K
66, ?,198318, HS-grad,13, Married-civ-spouse, Sales, Husband, White, Male,74,5,40, Mexico, <=50K
62, Private,28261, Masters,9, Married-civ-spouse, Craft-repair, Husband, White, Female,0,6,40, United-States, <=50K
74, Private,184425, HS-grad,9, Divorced, Prof-specialty, Husband, White, Male,-45,-1,47, United-States, >50K
46, Self-emp-not-inc,138831, Assoc-acdm,10, Never-married, Exec-managerial, Not-in-family, White, Male,-22,1,9, United-States, <=50K
45, Self-emp-inc,196628, Bachelors,9, Married-civ-spouse, Protective-serv, Unmarried, White, Male,-32,2,40, United-States, >50K
49, Private,20294, HS-grad,4, Never-married, Tech-support, Unmarried, White, Female,-18,2061,40, United-States, <=50K
31, Private,13534, HS-grad,9, Never-married, Craft-repair, Not-in-family, White, Male,33,5,32, United-States, >50K
33, Private,197903, HS-grad,9, Separated, Tech-support, Husband, Black, Male,77,5,44, United-States, <=50K
59, Private,24116, HS-grad,13, Married-civ-spouse, Machine-op-inspct, Husband, White, Male,92,2,40, United-States, >50K
65, ?,329919, Assoc-voc,1, Never-married, Prof-specialty, Unmarried, Asian-Pac-Islander, Female,-115,0,51, United-States, <=50K
43, Private,33591, HS-grad,4, Never-married, Other-service, Not-in-family, White, Female,65,7,40, United-States, <=50K
85, ?,51870, HS-grad,14, Married-civ-spouse, ?, Husband, Black, Male,-14,-5,49, United-States, >50K
38, Private,154557, 10th,10, Married-civ-spouse, Priv-house-serv, Husband, White, Male,-30,0,36, United-States, <=50K
24, Private,120238, Some-college,14, Married-civ-spouse, Sales, Husband, Black, Female,-22,4,40, United-States, <=50K
52, Private,15546, Masters,13, Never-married, Farming-fishing, Husband, White, Male,-103,-3,31, United-States, <=50K
21, Private,158244, HS-grad,9, Never-married, Craft-repair, Not-in-family, Amer-Indian-Eskimo, Female,57,8,40, United-States, <=50K
55, Private,24125, HS-grad,10, Married-civ-spouse, Prof-specialty, Husband, White, Male,8283,1,40, Vietnam, <=50K
21, Never-worked,203763, Some-college,15, Never-married, Adm-clerical, Unmarried, White, Male,-100,-4,40, United-States, <=50K
30, Private,120329, Some-college,4, Separated, Farming-fishing, Husband, Asian-Pac-Islander, Male,-54,5,53, United-States, <=50K
49, Self-emp-not-inc,391968, HS-grad,5, Divorced, Sales, Own-child, White, Male,-120,0,40, ?, >50K
55, Self-emp-inc,114271, Some-college,9, Married-civ-spouse, Handlers-cleaners, Not-in-family, White, Female,-92,-2,51, United-States, <=50K
27, Private,300288, Assoc-voc,16, Never-married, Other-service, Other-relative, White, Male,84,2,40, United-States, <=50K
23, Private,27471, Some-college,9, Never-married, Farming-fishing, Not-in-family, White, Male,20,-6,33, United-States, <=50K
37, Self-emp-not-inc,153341, HS-grad,10, Widowed, Sales, Wife, White, Male,53,2240,40, United-States, <=50K
27, Private,180468, HS-grad,9, Divorced, Other-service, Husband, White, Male,18,6,40, United-States, <=50K
40, Private,114678, HS-grad,10, Married-civ-spouse, Adm-clerical, Husband, White, Male,8653,7,79, United-States, <=50K
47, Private,173666, HS-grad,7, Married-civ-spouse, Adm-clerical, Other-relative, White, Male,1493,-3,40, United-States, <=50K
42, Private,252935, HS-grad,9, Divorced, Adm-clerical, Other-relative, White, Male,53,1646,29, United-States, <=50K
32, Federal-gov,120810, HS-grad,11, Married-spouse-absent, Adm-clerical, Husband, Asian-Pac-Islander, Male,-99,6,33, ?, <=50K
54, Private,90360, Bachelors,1, Widowed, Adm-clerical, Own-child, White, Male,-22,2,40, United-States, <=50K
25, Private,7589, 5th-6th,9, Married-civ-spouse, Craft-repair, Not-in-family, White, Male,52,5,50, Germany, <=50K
22, Self-emp-not-inc,51411, HS-grad,9, Married-civ-spouse, Craft-repair, Own-child, White, Male,19,1676,37, United-States, >50K
31, Private,205041, Assoc-voc,9, Married-civ-spouse, Priv-house-serv, Wife, White, Male,-92,2,40, United-States, <=50K
39, Private,135291, Some-college,7, Never-married, Adm-clerical, Not-in-family, White, Male,46,6,40, United-States, <=50K
22, Private,139967, HS-grad,14, Married-civ-spouse, Machine-op-inspct, Husband, Black, Male,-4,1485,47, Puerto-Rico, <=50K
64, Private,20911, HS-grad,5, Widowed, Adm-clerical, Husband, White, Male,-104,0,40, United-States, <=50K
38, Private,198215, 12th,9, Never-married, Craft-repair, Unmarried, White, Male,6342,6,50, United-States, <=50K
42, Private,164358, Bachelors,9, Never-married, Craft-repair, Not-in-family, White, Male,-62,0,40, El-Salvador, <=50K
20, Private,203508, Some-college,10, Divorced, Prof-specialty, Unmarried, White, Female,-40,2044,50, Guatemala, <=50K
41, Private,49898, Some-college,9, Divorced, Handlers-cleaners, Husband, Asian-Pac-Islander, Female,-16,2,40, United-States, <=50K
48, Private,143755, HS-grad,4, Married-civ-spouse, Handlers-cleaners, Not-in-family, White, Male,77,2333,30, United-States, <=50K
80, Private,154604, HS-grad,9, Married-civ-spouse, Machine-op-inspct, Not-in-family, White, Male,-19,4,40, United-States, >50K
25, Private,330564, HS-grad,13, Married-civ-spouse, Other-service, Husband, White, Male,1165,-1,65, United-States, <=50K
79, Self-emp-not-inc,296973, 11th,6, Never-married, Other-service, Husband, White, Male,96,-2,66, United-States, <=50K
37, Private,84862, HS-grad,10, Separated, Other-service, Husband, White, Male,-80,-1,46, United-States, <=50K
49, Private,3863, Some-college,9, Never-married, Craft-repair, Husband, White, Male,115,6,43, United-States, <=50K
99, Local-gov,163438, HS-grad,10, Married-civ-spouse, Craft-repair, Husband, Black, Male,-19,2,40, United-States, <=50K
25, Private,170802, HS-grad,9, Never-married, Adm-clerical, Not-in-family, White, Male,87,2084,40, France, <=50K
35, Private,157897, Prof-school,5, Married-spouse-absent, Sales, Husband, White, Female,79,4,40, United-States, <=50K
66, Local-gov,38502, HS-grad,4, Married-civ-spouse, Adm-clerical, Other-relative, White, Male,-71,3,40, United-States, <=50K
24, Self-emp-not-inc,266767, Some-college,9, Married-civ-spouse, Prof-specialty, Not-in-family, White, Male,-44,2,49, United-States, <=50K
63, Private,386361, Bachelors,6, Married-civ-spouse, Exec-managerial, Husband, White, Female,-58,1,40, Columbia, <=50K
21, Private,205031, HS-grad,9, Married-civ-spouse, Sales, Husband, Black, Male,4732,4,43, United-States, <=50K
33, Private,165129, Some-college,9, Divorced, ?, Husband, White, Male,-45,3,40, United-States, <=50K
46, Private,326002, HS-grad,4, Married-civ-spouse, Priv-house-serv, Husband, White, Male,-103,-6,40, United-States, >50K
68, Private,335125, 10th,4, Never-married, Craft-repair, Not-in-family, White, Male,-22,6,45, United-States, >50K
34, Private,142088, Some-college,7, Never-married, Craft-repair, Not-in-family, White, Male,-60,3,33, United-States, >50K
58, Without-pay,21426, 10th,4, Divorced, Craft-repair, Own-child, White, Male,17,1980,40, Philippines, >50K
45, Private,119618, 10th,7, Married-civ-spouse, Sales, Husband, Amer-Indian-Eskimo, Male,-25,2,40, United-States, <=50K
31, Self-emp-not-inc,168479, Bachelors,9, Married-civ-spouse, ?, Husband, White, Male,-3,2325,28, United-States, <=50K
64, Private,29851, HS-grad,9, Never-married, Machine-op-inspct, Own-child, Black, Male,13,2191,23, United-States, <=50K
21, Private,210634, Bachelors,4, Never-married, Prof-specialty, Other-relative, White, Male,-115,-2,48, United-States, >50K
47, Private,132897, Assoc-acdm,14, Separated, Prof-specialty, Husband, Black, Male,-20,6,40, United-States, <=50K
35, Private,123519, HS-grad,8, Never-married, Armed-Forces, Wife, Other, Male,9,1,40, United-States, <=50K
38, Private,141193, 11th,13, Separated, Tech-support, Husband, White, Female,-6,6,40, Ecuador, <=50K
28, Private,206263, HS-grad,10, Never-married, Adm-clerical, Husband, White, Male,90,3,40, United-States, <=50K
70, Self-emp-not-inc,43779, Some-college,9, Never-married, ?, Unmarried, Asian-Pac-Islander, Female,-42,3,0, United-States, <=50K
22, Private,44614, HS-grad,7, Widowed, Machine-op-inspct, Husband, White, Male,10,4,56, United-States, <=50K
72, State-gov,300201, Bachelors,10, Married-civ-spouse, Adm-clerical, Not-in-family, White, Male,-138,-3,29, Poland, <=50K
75, Self-emp-inc,48322, Preschool,8, Married-civ-spouse, Craft-repair, Not-in-family, White, Female,-37,-1,40, United-States, >50K
27, Private,256280, Bachelors,9, Never-married, Other-service, Not-in-family, White, Male,1932,4,49, Italy, <=50K
25, Self-emp-not-inc,5460, Some-college,9, Married-civ-spouse, Priv-house-serv, Wife, White, Male,39,-1,40, United-States, >50K
35, Private,130690, Bachelors,10, Married-civ-spouse, Tech-support, Husband, Asian-Pac-Islander, Female,19,2,40, United-States, >50K
45, Private,28570, Bachelors,7, Married-civ-spouse, Craft-repair, Not-in-family, White, Male,-71,1,40, United-States, >50K
25, Private,143877, Some-college,10, Divorced, Other-service, Other-relative, White, Male,-51,7,40, Mexico, <=50K
46, Private,108151, Prof-school,13, Married-civ-spouse, Tech-support, Husband, White, Male,-78,4,40, United-States, >50K
44, Private,105108, Some-college,10, Married-civ-spouse, Handlers-cleaners, Husband, Asian-Pac-Islander, Male,-128,2,40, United-States, <=50K
27, State-gov,122464, 9th,11, Divorced, Farming-fishing, Not-in-family, White, Male,9,5,40, United-States, <=50K
26, Private,8104, 7th-8th,3, Married-civ-spouse, Protective-serv, Own-child, White, Female,48,2,60, United-States, <=50K
22, Private,207371, Prof-school,10, Married-civ-spouse, Adm-clerical, Own-child, White, Male,-100,0,43, France, >50K
44, Private,150158, Assoc-voc,11, Never-married, ?, Not-in-family, White, Male,27,-1,60, United-States, >50K
61, State-gov,62672, 11th,9, Married-civ-spouse, Other-service, Husband, Other, Male,-99,5,40, United-States, <=50K
38, Private,183771, 5th-6th,9, Divorced, Sales, Not-in-family, White, Male,-55,3,56, United-States, <=50K
53, Private,29759, HS-grad,12, Married-civ-spouse, Craft-repair, Husband, White, Male,5909,5,50, United-States, <=50K
60, Private,221628, 7th-8th,10, Divorced, ?, Other-relative, White, Male,-23,2202,40, United-States, <=50K
29, State-gov,126922, HS-grad,2, Never-married, Other-service, Husband, Asian-Pac-Islander, Female,-83,3,40, United-States, <=50K
50, Federal-gov,187695, Some-college,8, Never-married, Craft-repair, Husband, White, Male,46,2,42, United-States, <=50K
34, Private,16456, HS-grad,9, Married-civ-spouse, Machine-op-inspct, Unmarried, White, Female,-56,5,40, United-States, >50K
42, ?,201528, HS-grad,14, Never-married, Handlers-cleaners, Husband, White, Male,-11,0,40, United-States, >50K
15, State-gov,153768, Some-college,14, Married-civ-spouse, Prof-specialty, Other-relative, White, Male,9289,1,40, Hong, <=50K
34, Private,26632, Doctorate,5, Married-civ-spouse, Other-service, Husband, White, Female,3,1,40, United-States, <=50K
18, Private,219963, HS-grad,14, Never-married, Craft-repair, Own-child, White, Male,106,2,32, ?, <=50K
33, Private,244427, Some-college,9, Never-married, ?, Unmarried, White, Male,7,4,13, United-States, >50K
72, Private,222302, HS-grad,9, Divorced, Adm-clerical, Unmarried, Asian-Pac-Islander, Female,-128,1801,40, United-States, <=50K
46, Private,219677, 12th,16, Separated, Prof-specialty, Unmarried, White, Male,1745,1698,37, Nicaragua, <=50K
24, Federal-gov,98161, Masters,14, Never-married, Handlers-cleaners, Husband, Asian-Pac-Islander, Male,-102,2,40, United-States, <=50K
83, Self-emp-inc,150715, Masters,12, Married-civ-spouse, Transport-moving, Husband, Black, Male,3069,6,35, Dominican-Republic, >50K
23, Private,115302, Assoc-acdm,13, Married-civ-spouse, Adm-clerical, Not-in-family, White, Male,-21,4,54, United-States, >50K
18, Private,95043, HS-grad,13, Married-civ-spouse, Craft-repair, Husband, White, Male,106,4,59, United-States, >50K
37, Private,136381, HS-grad,14, Married-civ-spouse, Prof-specialty, Not-in-family, Black, Male,-14,-3,28, United-States, >50K
44, Private,46759, Doctorate,5, Married-civ-spouse, Prof-specialty, Not-in-family, White, Male,-116,4,40, United-States, <=50K
39, ?,116944, HS-grad,8, Never-married, Other-service, Husband, White, Male,6675,-3,48, United-States, <=50K
20, Private,184507, 11th,5, Divorced, Adm-clerical, Husband, White, Male,3,1,50, United-States, >50K
70, Private,103787, 5th-6th,7, Married-civ-spouse, ?, Husband, Asian-Pac-Islander, Female,-80,6,40, United-States, >50K
34, Without-pay,176233, 9th,9, Married-civ-spouse, Craft-repair, Husband, Black, Male,-82,-2,40, United-States, <=50K
21, Local-gov,142744, HS-grad,9, Never-married, ?, Husband, White, Male,25,6,40, ?, <=50K
25, Private,131624, HS-grad,2, Widowed, Adm-clerical, Unmarried, White, Male,-41,5,40, India, <=50K
54, Federal-gov,30330, HS-grad,9, Never-married, Handlers-cleaners, Husband, White, Male,357,3,40, United-States, <=50K
46, Federal-gov,45550, Bachelors,9, Married-civ-spouse, Handlers-cleaners, Husband, White, Male,-19,7,52, United-States, <=50K
68, Private,35093, HS-grad,16, Married-civ-spouse, Prof-specialty, Not-in-family, White, Male,-83,-4,40, Haiti, <=50K
44, Private,227915, HS-grad,10, Married-civ-spouse, Tech-support, Wife, White, Male,-22,8,44, United-States, <=50K
21, State-gov,219445, 11th,12, Widowed, Sales, Own-child, White, Male,-94,0,40, Italy, >50K
51, Local-gov,150359, Masters,14, Married-civ-spouse, Adm-clerical, Not-in-family, White, Male,-5,1970,40, Vietnam, <=50K
24, Private,123782, Masters,5, Divorced, Prof-specialty, Husband, Amer-Indian-Eskimo, Female,43,5,-3, United-States, <=50K
34, Private,174452, HS-grad,4, Separated, Machine-op-inspct, Husband, Other, Male,46,1961,4, United-States, <=50K
40, Private,138811, HS-grad,10, Married-civ-spouse, Other-service, Husband, White, Male,20,3,40, United-States, >50K
41, Private,33333, HS-grad,9, Divorced, Farming-fishing, Own-child, Other, Male,-121,-3,40, Nicaragua, <=50K
40, Private,267903, HS-grad,7, Never-married, Farming-fishing, Husband, White, Male,97,2354,40, Guatemala, >50K
63, Private,77800, HS-grad,11, Married-spouse-absent, Other-service, Other-relative, White, Male,46,2117,40, United-States, <=50K
33, Private,139937, Assoc-voc,5, Divorced, Adm-clerical, Not-in-family, White, Male,-96,2150,40, Philippines, <=50K
43, Private,423054, Bachelors,12, Divorced, Exec-managerial, Not-in-family, White, Male,91,7,30, Mexico, >50K
22, Private,393598, Assoc-voc,5, Never-married, Priv-house-serv, Other-relative, White, Male,-129,1928,40, Mexico, >50K
44, Private,98742, Some-college,9, Married-civ-spouse, Transport-moving, Husband, White, Male,120,2,40, United-States, <=50K
41, Private,105751, Bachelors,4, Married-civ-spouse, Exec-managerial, Not-in-family, White, Female,-5,2241,33, United-States, >50K
31, Private,364052, HS-grad,12, Divorced, Craft-repair, Husband, Black, Male,105,3,55, United-States, <=50K
56, Private,40962, Assoc-voc,2, Married-civ-spouse, Machine-op-inspct, Not-in-family, White, Male,-24,1885,40, United-States, >50K
29, Private,199183, HS-grad,9, Married-spouse-absent, Exec-managerial, Unmarried, White, Male,-33,-4,40, United-States, >50K
66, ?,118837, HS-grad,12, Never-married, Tech-support, Husband, Asian-Pac-Islander, Male,9,2,33, United-States, >50K
48, ?,136354, Masters,9, Married-civ-spouse, Craft-repair, Unmarried, Black, Female,-102,2,40, Scotland, >50K
35, Private,219469, HS-grad,11, Never-married, Prof-specialty, Husband, Amer-Indian-Eskimo, Female,-48,1,40, United-States, <=50K
30, Private,121168, 7th-8th,10, Married-civ-spouse, Sales, Other-relative, Amer-Indian-Eskimo, Male,-94,1911,47, United-States, >50K
52, Private,314110, HS-grad,14, Never-married, Prof-specialty, Husband, White, Male,5871,0,44, United-States, >50K
97, Private,346909, HS-grad,9, Divorced, Craft-repair, Not-in-family, Asian-Pac-Islander, Male,-87,-6,40, Hong, <=50K
32, Private,52809, Masters,9, Married-civ-spouse, Prof-specialty, Husband, White, Male,30,5,29, United-States, <=50K
38, Private,208949, HS-grad,9, Widowed, Exec-managerial, Not-in-family, Amer-Indian-Eskimo, Female,5246,0,84, Canada, <=50K
17, Private,190688, Masters,13, Divorced, Machine-op-inspct, Not-in-family, Other, Male,14,0,43, United-States, <=50K
25, Private,171434, Assoc-voc,12, Married-civ-spouse, Other-service, Husband, White, Male,-62,0,40, United-States, <=50K
40, Private,126653, 11th,10, Married-civ-spouse, ?, Other-relative, White, Male,44,2,24, United-States, >50K
19, Federal-gov,111442, 7th-8th,9, Married-civ-spouse, Farming-fishing, Husband, White, Female,-71,-1,32, United-States, <=50K
31, Self-emp-not-inc,242966, Some-college,9, Never-married, Sales, Unmarried, White, Male,-61,-3,42, United-States, <=50K
31, Without-pay,37363, HS-grad,5, Married-civ-spouse, Prof-specialty, Own-child, White, Male,-7,2,40, United-States, >50K
41, Private,16668, Assoc-acdm,9, Divorced, Priv-house-serv, Husband, White, Male,1474,2,4, Cuba, <=50K
23, Private,175520, 1st-4th,5, Never-married, Exec-managerial, Husband, White, Female,-88,2,44, United-States, <=50K
55, Without-pay,129747, Some-college,7, Married-civ-spouse, Other-service, Not-in-family, Asian-Pac-Islander, Male,4501,2,56, Yugoslavia, >50K
36, Private,140786, 7th-8th,5, Divorced, Prof-specialty, Own-child, White, Male,-65,6,40, United-States, <=50K
49, Private,170610, HS-grad,3, Married-civ-spouse, Prof-specialty, Husband, White, Male,-114,4,43, United-States, <=50K
55, Private,139847, Assoc-voc,8, Married-civ-spouse, Handlers-cleaners, Own-child, White, Female,-68,3,31, Jamaica, <=50K
58, Private,-953, 10th,9, Married-civ-spouse, Craft-repair, Husband, Black, Female,-55,3,40, United-States, >50K
18, Private,144871, Assoc-voc,9, Never-married, Adm-clerical, Husband, White, Male,54,-2,40, United-States, >50K
31, Private,89404, Some-college,3, Married-AF-spouse, Exec-managerial, Husband, White, Male,25,2,49, United-States, >50K
31, Private,133633, HS-grad,10, Widowed, ?, Husband, White, Male,8,1905,34, United-States, <=50K
76, Self-emp-not-inc,253408, HS-grad,11, Divorced, ?, Not-in-family, White, Male,-39,-5,40, United-States, <=50K
24, Private,219812, HS-grad,8, Never-married, Prof-specialty, Own-child, White, Male,21,3,41, France, <=50K
22, Private,214169, Bachelors,7, Divorced, Prof-specialty, Not-in-family, Black, Male,0,8,43, Mexico, <=50K
20, Private,143777, Masters,7, Divorced, Sales, Unmarried, Black, Male,21,2,40, United-States, <=50K
46, Private,109577, Bachelors,14, Married-civ-spouse, Prof-specialty, Own-child, White, Female,27,2,40, India, <=50K
55, Federal-gov,135404, Masters,12, Never-married, Transport-moving, Not-in-family, White, Male,0,0,40, United-States, <=50K
43, Private,13310, 7th-8th,11, Married-civ-spouse, Prof-specialty, Husband, Asian-Pac-Islander, Male,-37,2,34, Jamaica, <=50K
43, Private,101303, HS-grad,10, Divorced, Prof-specialty, Unmarried, Black, Male,-39,2,40, United-States, <=50K
50, Private,37004, HS-grad,0, Married-civ-spouse, Craft-repair, Not-in-family, White, Male,-50,1,59, United-States, <=50K
75, ?,34518, HS-grad,12, Married-civ-spouse, Craft-repair, Husband, Black, Male,39,6,34, United-States, >50K
29, Self-emp-inc,114973, HS-grad,11, Never-married, Craft-repair, Husband, White, Male,-72,0,52, United-States, >50K
22, Private,225677, HS-grad,9, Married-civ-spouse, ?, Unmarried, White, Male,-75,3,40, United-States, >50K
49, State-gov,176502, HS-grad,0, Never-married, Transport-moving, Own-child, White, Male,-44,2,40, United-States, <=50K
67, Private,153923, Some-college,9, Never-married, ?, Husband, Other, Male,31,1803,40, United-States, <=50K
22, Private,186233, 11th,11, Widowed, Adm-clerical, Other-relative, White, Male,16,4,40, Ireland, <=50K
35, Never-worked,360744, 7th-8th,11, Married-spouse-absent, ?, Not-in-family, White, Male,-86,4,45, United-States, <=50K
33, Private,192725, Masters,6, Married-AF-spouse, Prof-specialty, Not-in-family, White, Male,22,1770,40, United-States, <=50K
57, Private,152973, 7th-8th,11, Never-married, Craft-repair, Own-child, White, Male,7,-5,42, United-States, <=50K
52, Private,134172, HS-grad,9, Married-civ-spouse, Adm-clerical, Husband, White, Female,-40,3,48, United-States, <=50K
61, Private,95310, Bachelors,9, Married-civ-spouse, Adm-clerical, Wife, White, Female,-94,2,40, United-States, <=50K
69, State-gov,34157, Some-college,7, Never-married, Prof-specialty, Husband, White, Male,65,0,40, United-States, <=50K
30, Private,530409, Some-college,9, Never-married, Prof-specialty, Husband, Asian-Pac-Islander, Male,300,-2,40, United-States, <=50K
42, Self-emp-not-inc,216698, HS-grad,1, Married-civ-spouse, Prof-specialty, Wife, White, Male,-51,-1,40, India, <=50K
32, Private,182464, Some-college,10, Never-married, Adm-clerical, Husband, White, Female,-58,3,40, United-States, <=50K
42, Private,283114, HS-grad,9, Separated, Prof-specialty, Husband, White, Male,-17,-1,43, United-States, <=50K
23, Private,153001, HS-grad,14, Separated, Adm-clerical, Own-child, Other, Male,-3,0,31, United-States, >50K
54, Private,52514, HS-grad,10, Married-spouse-absent, Craft-repair, Husband, White, Male,-93,-2,40, United-States, <=50K
34, Private,19372, HS-grad,13, Never-married, Transport-moving, Not-in-family, Other, Male,-46,3,41, United-States, >50K
23, Self-emp-inc,28214, HS-grad,9, Never-married, ?, Husband, White, Male,32,-3,40, United-States, >50K
36, Private,180163, Doctorate,11, Never-married, Machine-op-inspct, Husband, White, Male,1469,-4,40, United-States, >50K
53, Private,199537, Assoc-acdm,7, Separated, Prof-specialty, Husband, White, Male,-98,1,75, United-States, >50K
70, Private,15061, 9th,9, Married-civ-spouse, Sales, Not-in-family, White, Male,54,2,40, United-States, >50K
45, Private,199214, Assoc-acdm,9, Never-married, Exec-managerial, Unmarried, White, Female,112,4,29, United-States, >50K
36, Private,115751, 10th,10, Separated, Exec-managerial, Husband, White, Male,8,1405,43, ?, <=50K
61, Private,112382, HS-grad,0, Never-married, Craft-repair, Husband, Amer-Indian-Eskimo, Male,-1,8,40, Mexico, <=50K
29, Private,165584, Some-college,7, Never-married, Adm-clerical, Husband, White, Male,93,5,40, United-States, <=50K
41, State-gov,100507, Some-college,9, Married-civ-spouse, Handlers-cleaners, Not-in-family, White, Male,-45,3,30, United-States, <=50K
61, Self-emp-not-inc,218609, 7th-8th,12, Never-married, Sales, Unmarried, White, Male,13185,5,55, United-States, >50K
38, Private,134998, Assoc-voc,9, Married-AF-spouse, Handlers-cleaners, Own-child, Black, Male,108,5,40, United-States, <=50K
63, Private,26712, Preschool,16, Widowed, Handlers-cleaners, Own-child, White, Female,6030,2306,40, United-States, <=50K
65, Private,172629, Assoc-acdm,9, Married-civ-spouse, Transport-moving, Unmarried, Asian-Pac-Islander, Male,7410,0,40, United-States, >50K
41, Private,249273, HS-grad,12, Never-married, Exec-managerial, Husband, White, Male,-7,2,40, United-States, >50K
33, State-gov,153638, HS-grad,9, Married-civ-spouse, ?, Own-child, White, Male,26,6,40, United-States, <=50K
58, Federal-gov,117565, HS-grad,2, Never-married, Adm-clerical, Husband, White, Male,-10,1,40, United-States, <=50K
18, Private,246298, 11th,3, Married-civ-spouse, Adm-clerical, Not-in-family, White, Male,12,1,59, United-States, <=50K
49, ?,323616, 11th,10, Married-civ-spouse, Exec-managerial, Husband, White, Male,-150,-3,83, United-States, >50K
29, Private,146419, Assoc-acdm,9, Married-AF-spouse, Adm-clerical, Husband, White, Male,-77,-6,40, United-States, <=50K
23, State-gov,133873, Assoc-voc,1, Never-married, Other-service, Own-child, White, Male,-21,4,40, United-States, <=50K
30, Private,50074, HS-grad,9, Widowed, Prof-specialty, Other-relative, White, Male,-58,2,17, United-States, <=50K
67, Private,147763, 11th,9, Married-civ-spouse, Adm-clerical, Husband, White, Male,-62,5,40, United-States, <=50K
21, Private,28203, Assoc-acdm,9, Never-married, Prof-specialty, Husband, Black, Male,-128,3,49, Cambodia, <=50K
58, Private,115575, Bachelors,4, Married-civ-spouse, Craft-repair, Husband, White, Male,-33,2,40, United-States, <=50K
53, Private,134988, Some-college,9, Married-civ-spouse, Other-service, Husband, White, Male,26,2,38, United-States, <=50K
39, Private,207622, HS-grad,10, Married-civ-spouse, Prof-specialty, Not-in-family, White, Male,-87,1804,40, United-States, <=50K
30, Local-gov,146167, Doctorate,7, Divorced, Farming-fishing, Unmarried, White, Female,-72,6,28, ?, <=50K
77, ?,68217, Masters,12, Married-spouse-absent, Handlers-cleaners, Husband, White, Male,7908,-1,40, United-States, <=50K
68, Without-pay,273616, 10th,9, Married-civ-spouse, Sales, Husband, White, Male,-93,1,40, United-States, <=50K
78, Local-gov,31808, HS-grad,12, Married-civ-spouse, Craft-repair, Husband, Black, Male,-110,-7,28, United-States, <=50K
73, Local-gov,178157, HS-grad,14, Married-civ-spouse, Tech-support, Own-child, White, Male,92,1,40, United-States, >50K
30, Private,291198, HS-grad,9, Never-married, Sales, Not-in-family, White, Female,-35,-4,49, United-States, <=50K
20, Private,216780, HS-grad,12, Never-married, ?, Not-in-family, White, Male,5,2,40, United-States, <=50K
20, Private,-4878, HS-grad,3, Never-married, Craft-repair, Husband, White, Male,6423,7,30, United-States, >50K
55, Private,149414, HS-grad,9, Never-married, Prof-specialty, Husband, Asian-Pac-Islander, Male,67,1,40, United-States, <=50K
76, Federal-gov,222287, Bachelors,9, Never-married, Sales, Husband, White, Male,70,3,4, United-States, <=50K
30, Private,92488, Doctorate,9, Widowed, Sales, Own-child, Black, Male,-36,-1,42, South, >50K
32, Local-gov,199963, HS-grad,9, Divorced, Adm-clerical, Husband, Asian-Pac-Islander, Male,38,6,40, United-States, <=50K
56, Private,111449, Some-college,9, Married-civ-spouse, Exec-managerial, Unmarried, White, Male,4,2181,40, United-States, <=50K
30, Private,78280, Bachelors,9, Never-married, Craft-repair, Husband, Black, Male,40,7,45, United-States, <=50K
22, Self-emp-inc,225089, 12th,9, Married-civ-spouse, Prof-specialty, Own-child, Amer-Indian-Eskimo, Male,-99,2091,40, South, <=50K
45, Private,138411, HS-grad,10, Married-civ-spouse, Craft-repair, Husband, White, Female,-128,-1,43, United-States, <=50K
58, State-gov,368238, Assoc-acdm,11, Married-civ-spouse, Exec-managerial, Not-in-family, Asian-Pac-Islander, Female,-25,-2,40, United-States, <=50K
30, Private,174010, HS-grad,10, Married-civ-spouse, ?, Wife, White, Male,-22,3,40, United-States, <=50K
34, Private,170156, HS-grad,9, Married-civ-spouse, Prof-specialty, Own-child, White, Female,-60,-7,40, Thailand, >50K
51, Private,198578, HS-grad,13, Married-civ-spouse, Exec-managerial, Husband, White, Female,29,2193,40, United-States, <=50K
84, Local-gov,211417, Assoc-voc,11, Married-civ-spouse, Exec-managerial, Husband, White, Male,52,4,40, United-States, >50K
75, Private,143462, Some-college,10, Married-spouse-absent, Prof-specialty, Unmarried, White, Female,68,-3,40, United-States, <=50K
22, Private,352008, Assoc-acdm,9, Never-married, Machine-op-inspct, Husband, White, Male,-137,2,40, United-States, <=50K
20, State-gov,140782, HS-grad,9, Never-married, Prof-specialty, Husband, Asian-Pac-Islander, Male,-78,1999,40, United-States, <=50K
25, Self-emp-not-inc,57286, Doctorate,9, Divorced, Exec-managerial, Husband, Black, Male,32,1,33, United-States, <=50K
17, Private,127635, Bachelors,10, Married-civ-spouse, Transport-moving, Husband, Black, Male,-39,1,40, United-States, <=50K
45, Private,179524, HS-grad,9, Married-civ-spouse, Tech-support, Husband, Black, Male,-86,-1,44, United-States, <=50K
45, Private,246469, Some-college,8, Married-civ-spouse, Craft-repair, Husband, Black, Male,-55,4,27, United-States, <=50K
70, Private,133746, HS-grad,9, Divorced, Handlers-cleaners, Husband, Asian-Pac-Islander, Male,-19,6,40, United-States, <=50K
30, Local-gov,114675, Some-college,3, Never-married, Other-service, Husband, White, Male,-9,2,69, United-States, <=50K
45, Private,91362, HS-grad,9, Never-married, Adm-clerical, Wife, Asian-Pac-Islander, Male,-1,-1,40, Iran, <=50K
51, Self-emp-not-inc,276294, Some-college,9, Never-married, Priv-house-serv, Husband, White, Female,108,6,40, United-States, <=50K
72, Private,124532, HS-grad,13, Never-married, Adm-clerical, Unmarried, White, Female,11,2,63, United-States, >50K
26, Private,153099, HS-grad,13, Never-married, ?, Not-in-family, Black, Female,-21,2237,33, United-States, <=50K
35, Private,213162, HS-grad,10, Separated, Other-service, Husband, Black, Male,-32,-2,31, United-States, <=50K
22, Private,134836, 7th-8th,5, Never-married, Transport-moving, Not-in-family, White, Male,-44,3,49, United-States, <=50K
47, Private,223964, Bachelors,5, Widowed, Exec-managerial, Not-in-family, White, Female,-115,2,40, United-States, <=50K
63, Private,11547, 7th-8th,9, Divorced, Sales, Unmarried, White, Male,-9,0,40, United-States, <=50K
48, Private,230899, HS-grad,9, Never-married, ?, Husband, White, Male,50,0,31, United-States, <=50K
35, State-gov,211856, HS-grad,7, Never-married, Prof-specialty, Wife, White, Male,13,-2,47, Nicaragua, <=50K
49, Private,2153, Some-college,10, Widowed, ?, Husband, White, Female,15,7,40, United-States, <=50K
56, Federal-gov,168640, HS-grad,1, Divorced, Sales, Husband, White, Female,-37,-4,56, United-States, <=50K
56, Private,138783, HS-grad,3, Never-married, Machine-op-inspct, Not-in-family, White, Male,80,7,54, United-States, >50K
59, Private,154201, 5th-6th,1, Never-married, Craft-repair, Husband, White, Male,-12,5,40, United-States, <=50K
57, Private,50183, Bachelors,3, Divorced, Adm-clerical, Not-in-family, Black, Male,-82,2,40, Cambodia, <=50K
52, Private,312669, Some-college,2, Married-civ-spouse, Craft-repair, Husband, White, Female,-108,4,13, France, >50K
16, Local-gov,100282, Some-college,10, Never-married, Prof-specialty, Not-in-family, White, Male,5906,5,40, United-States, <=50K
28, Private,20287, Some-college,9, Married-civ-spouse, Sales, Husband, Black, Male,90,2226,60, United-States, >50K
22, Private,27490, 1st-4th,3, Never-married, Sales, Own-child, White, Male,-66,5,12, United-States, <=50K
37, Private,153030, Masters,9, Married-civ-spouse, Machine-op-inspct, Wife, Black, Male,-63,5,37, United-States, >50K
76, Private,46666, Assoc-voc,10, Never-married, Exec-managerial, Unmarried, White, Male,2934,5,40, United-States, >50K
48, ?,163094, 11th,9, Married-civ-spouse, Craft-repair, Not-in-family, White, Male,3,-4,40, United-States, <=50K
35, Private,33467, HS-grad,14, Never-married, Adm-clerical, Husband, White, Female,-145,2284,40, United-States, >50K
36, Private,280638, Bachelors,8, Married-civ-spouse, Adm-clerical, Husband, White, Male,25,8,1, United-States, <=50K
31, Private,168015, 11th,9, Divorced, Prof-specialty, Husband, White, Male,71,6,40, ?, <=50K
45, ?,56966, Some-college,9, Divorced, Handlers-cleaners, Not-in-family, White, Male,-51,6,30, United-States, >50K
36, Private,73628, Some-college,2, Widowed, Exec-managerial, Own-child, White, Male,-50,-1,40, United-States, >50K
54, Private,399631, 7th-8th,4, Never-married, Exec-managerial, Husband, Asian-Pac-Islander, Male,-43,2,-3, Guatemala, <=50K
84, Private,134450, Masters,12, Married-civ-spouse, Farming-fishing, Husband, White, Male,22,3,40, United-States, <=50K
25, Private,11366, Masters,2, Widowed, Adm-clerical, Not-in-family, White, Female,-50,3,36, United-States, <=50K
40, Private,198130, Bachelors,9, Married-civ-spouse, ?, Not-in-family, White, Male,-49,3,47, United-States, <=50K
32, Private,216304, Bachelors,6, Married-civ-spouse, ?, Unmarried, White, Male,25,7,8, United-States, <=50K
45, Private,5606, HS-grad,14, Married-civ-spouse, ?, Unmarried, White, Male,-27,6,19, United-States, <=50K
27, Private,129804, HS-grad,9, Married-civ-spouse, Prof-specialty, Not-in-family, White, Male,-38,3,48, United-States, <=50K
67, Private,38871, HS-grad,10, Widowed, Exec-managerial, Husband, Black, Male,33,-1,40, United-States, <=50K
28, Private,194128, HS-grad,7, Never-married, ?, Own-child, Asian-Pac-Islander, Male,9,1577,40, United-States, <=50K
72, Private,105295, Some-college,10, Never-married, Exec-managerial, Not-in-family, White, Male,-24,0,9, United-States, <=50K
40, Private,191624, HS-grad,13, Married-civ-spouse, Machine-op-inspct, Own-child, White, Female,8,1,31, United-States, >50K
31, Private,192790, HS-grad,5, Married-civ-spouse, Adm-clerical, Not-in-family, White, Male,31,6,43, United-States, <=50K
40, Private,147419, Some-college,9, Married-civ-spouse, Exec-managerial, Husband, White, Male,-13,-2,40, United-States, <=50K
32, Private,221858, Assoc-acdm,9, Widowed, Machine-op-inspct, Husband, White, Male,81,7,43, United-States, <=50K
30, Private,126511, 5th-6th,14, Married-civ-spouse, ?, Unmarried, White, Male,-19,4,55, United-States, <=50K
29, Private,92596, Masters,9, Married-civ-spouse, Prof-specialty, Own-child, White, Female,75,2228,34, United-States, >50K
33, State-gov,279686, Some-college,9, Never-married, Handlers-cleaners, Unmarried, White, Male,29,-1,40, United-States, <=50K
39, Private,14129, Assoc-acdm,10, Divorced, Adm-clerical, Husband, White, Male,5084,5,33, United-States, <=50K
42, Self-emp-not-inc,246743, HS-grad,13, Never-married, Craft-repair, Not-in-family, Black, Male,42,3,40, United-States, <=50K
25, Private,82431, Some-college,12, Married-civ-spouse, ?, Not-in-family, Black, Female,-29,-1,40, United-States, <=50K
56, Federal-gov,12620, HS-grad,9, Married-civ-spouse, Prof-specialty, Not-in-family, Amer-Indian-Eskimo, Male,-150,0,40, Philippines, >50K
59, Private,157785, HS-grad,14, Divorced, Handlers-cleaners, Husband, White, Male,64,2,40, United-States, <=50K
31, Private,50777, HS-grad,7, Never-married, ?, Husband, Black, Male,-55,-2,40, United-States, <=50K
29, Private,23554, Prof-school,5, Divorced, Prof-specialty, Not-in-family, White, Male,726,0,10, Mexico, >50K
26, Private,241010, 11th,4, Married-civ-spouse, Prof-specialty, Husband, White, Male,107,1,40, United-States, <=50K
38, Federal-gov,173238, HS-grad,14, Married-spouse-absent, Prof-specialty, Other-relative, Asian-Pac-Islander, Female,-17,2,53, England, <=50K
55, Private,147454, Bachelors,9, Married-civ-spouse, Adm-clerical, Other-relative, White, Male,-22,-2,44, United-States, <=50K
24, Private,71676, Some-college,5, Married-civ-spouse, Exec-managerial, Not-in-family, White, Male,-88,2207,40, Ireland, <=50K
20, Private,158681, HS-grad,4, Married-civ-spouse, Prof-specialty, Wife, White, Male,-50,-2,40, United-States, >50K
85, Private,114360, Assoc-acdm,9, Married-civ-spouse, Prof-specialty, Husband, White, Male,8106,-3,50, United-States, <=50K
35, Private,201397, HS-grad,12, Married-civ-spouse, Adm-clerical, Unmarried, White, Male,-49,7,49, Outlying-US(Guam-USVI-etc), <=50K
58, Private,225657, HS-grad,9, Married-civ-spouse, Craft-repair, Own-child, Black, Male,-27,1,47, ?, <=50K
45, Federal-gov,290176, Bachelors,10, Married-civ-spouse, Sales, Not-in-family, White, Male,-67,-1,32, United-States, <=50K
70, Private,184566, Preschool,13, Divorced, ?, Husband, White, Female,28,0,40, United-States, <=50K
25, Private,32102, HS-grad,11, Never-married, Machine-op-inspct, Not-in-family, White, Female,-15,1,40, United-States, <=50K
58, Private,362029, HS-grad,12, Divorced, Prof-specialty, Husband, White, Male,-66,3145,40, United-States, <=50K
47, Private,155868, 5th-6th,13, Married-civ-spouse, Adm-clerical, Husband, White, Male,7,4,40, United-States, <=50K
29, Self-emp-not-inc,189335, Some-college,12, Never-married, Transport-moving, Not-in-family, White, Male,-143,1,49, United-States, <=50K
40, Self-emp-not-inc,175747, HS-grad,6, Married-civ-spouse, Other-service, Not-in-family, White, Male,-26,-3,40, Mexico, <=50K
53, Private,158288, HS-grad,6, Married-civ-spouse, Tech-support, Not-in-family, White, Male,79,5,40, United-States, <=50K
54, Private,195974, HS-grad,3, Never-married, Exec-managerial, Husband, Asian-Pac-Islander, Male,-65,6,40, Poland, <=50K
33, Private,35555, HS-grad,13, Divorced, Adm-clerical, Own-child, White, Female,-109,6,49, United-States, >50K
53, State-gov,148901, HS-grad,5, Never-married, Other-service, Husband, Black, Female,-13,-2,40, United-States, <=50K
25, Private,135755, HS-grad,9, Married-civ-spouse, Craft-repair, Husband, White, Female,12953,8,50, United-States, >50K
48, Private,229030, Bachelors,14, Divorced, Adm-clerical, Husband, White, Male,-82,-1,41, Cuba, >50K
23, Private,149535, Bachelors,4, Never-married, Craft-repair, Husband, Black, Female,5,2138,49, United-States, <=50K
30, Private,165261, Masters,9, Never-married, ?, Not-in-family, White, Male,-24,3,50, United-States, <=50K
22, Self-emp-not-inc,175510, HS-grad,10, Married-civ-spouse, Craft-repair, Other-relative, White, Male,-20,2028,40, South, >50K
40, Private,18612, Bachelors,9, Never-married, Prof-specialty, Not-in-family, White, Female,68,-4,48, United-States, <=50K
78, Private,27151, HS-grad,13, Never-married, Prof-specialty, Husband, White, Female,71,-1,67, United-States, >50K
31, Private,28216, 9th,15, Married-civ-spouse, Transport-moving, Wife, White, Male,-18,3,40, Italy, <=50K
65, Private,154640, HS-grad,11, Married-civ-spouse, Adm-clerical, Own-child, White, Female,2,3,7, United-States, <=50K
38, Self-emp-not-inc,118266, Prof-school,4, Married-civ-spouse, Craft-repair, Own-child, White, Female,-46,2,29, Scotland, <=50K
47, Private,142153, HS-grad,9, Never-married, Transport-moving, Not-in-family, White, Female,-82,3,41, United-States, <=50K
43, Local-gov,125196, HS-grad,12, Divorced, Sales, Husband, White, Male,-81,5,40, United-States, <=50K
34, Private,45559, Assoc-voc,2, Married-civ-spouse, Craft-repair, Husband, White, Male,-124,1828,46, United-States, >50K
74, Private,440003, HS-grad,0, Widowed, Craft-repair, Husband, Asian-Pac-Islander, Male,-135,1749,5, Trinadad&Tobago, <=50K
37, Local-gov,92986, Preschool,15, Married-civ-spouse, Handlers-cleaners, Not-in-family, Black, Male,65,4,36, Haiti, <=50K
23, ?,251664, HS-grad,11, Never-married, Craft-repair, Husband, Black, Male,495,-1,40, United-States, <=50K
50, Local-gov,244109, Prof-school,14, Married-civ-spouse, Farming-fishing, Husband, White, Male,-35,1,40, United-States, <=50K
70, Private,123345, HS-grad,9, Never-married, Sales, Unmarried, White, Female,-83,1496,40, United-States, >50K
66, Private,373430, HS-grad,9, Divorced, Prof-specialty, Husband, White, Female,7762,-2,40, United-States, <=50K
54, Private,248116, HS-grad,10, Never-married, ?, Own-child, White, Male,-9,-1,40, United-States, <=50K
65, Private,145417, Bachelors,9, Separated, Prof-specialty, Husband, Black, Male,71,0,48, Philippines, <=50K
66, Private,133824, 12th,9, Married-civ-spouse, Tech-support, Not-in-family, Other, Female,81,1624,40, United-States, <=50K
55, Private,339849, HS-grad,6, Married-civ-spouse, Adm-clerical, Other-relative, White, Male,-113,3,50, United-States, <=50K
31, Self-emp-not-inc,204600, HS-grad,10, Married-civ-spouse, Handlers-cleaners, Husband, White, Female,15396,4,40, United-States, <=50K
35, State-gov,212137, HS-grad,14, Married-civ-spouse, Prof-specialty, Not-in-family, White, Male,27,0,43, United-States, >50K
22, Private,19381, HS-grad,12, Widowed, Machine-op-inspct, Husband, White, Male,3,2398,40, Yugoslavia, <=50K
59, Private,135441, 7th-8th,7, Divorced, Handlers-cleaners, Not-in-family, White, Male,-136,-3,40, United-States, <=50K
62, Federal-gov,36432, Some-college,13, Divorced, Prof-specialty, Not-in-family, Black, Male,8605,2,40, United-States, <=50K
22, Private,34280, HS-grad,9, Married-civ-spouse, Craft-repair, Not-in-family, Other, Female,23,-1,40, United-States, >50K
68, Private,203929, Assoc-voc,9, Married-spouse-absent, Prof-specialty, Wife, Black, Male,-108,3,40, Mexico, >50K
68, Private,162597, Bachelors,7, Married-civ-spouse, Prof-specialty, Husband, White, Male,-5,5,40, United-States, <=50K
23, State-gov,119580, Some-college,13, Married-civ-spouse, ?, Husband, White, Male,-44,0,40, United-States, >50K
29, Private,28712, Some-college,11, Never-married, Other-service, Not-in-family, White, Male,89,6,52, United-States, <=50K
27, Private,17152, Prof-school,12, Married-civ-spouse, Exec-managerial, Unmarried, White, Male,-74,1857,40, United-States, >50K
41, Self-emp-inc,46234, HS-grad,5, Married-civ-spouse, Other-service, Own-child, White, Male,-66,4,13, United-States, <=50K
31, Private,228058, Assoc-acdm,13, Divorced, Adm-clerical, Not-in-family, White, Female,70,5,48, United-States, <=50K
49, Private,202850, 11th,7, Divorced, Exec-managerial, Husband, White, Male,249,0,30, United-States, <=50K
71, Private,252402, Some-college,14, Married-civ-spouse, Prof-specialty, Husband, White, Male,98,6,23, United-States, <=50K
66, Private,176514, Some-college,8, Married-civ-spouse, Tech-support, Wife, Black, Male,-110,1,33, United-States, <=50K
39, Private,236900, HS-grad,3, Married-spouse-absent, Adm-clerical, Husband, White, Male,8252,3,40, Laos, >50K
20, Private,126175, HS-grad,9, Never-married, Adm-clerical, Own-child, White, Male,66,2051,28, United-States, >50K
23, Private,249986, HS-grad,11, Never-married, Prof-specialty, Own-child, White, Male,-25,1922,48, United-States, >50K
51, Private,227997, 10th,14, Separated, Handlers-cleaners, Not-in-family, White, Male,-76,6,40, United-States, >50K
82, Private,379361, HS-grad,9, Married-spouse-absent, Machine-op-inspct, Husband, White, Male,-10,2885,29, United-States, <=50K
43, Private,110408, Bachelors,14, Married-civ-spouse, Adm-clerical, Own-child, White, Female,7886,4,49, Canada, <=50K
43, Private,117818, Some-college,11, Married-civ-spouse, Prof-specialty, Not-in-family, Asian-Pac-Islander, Male,4340,2081,55, United-States, <=50K
42, Private,161862, Some-college,14, Never-married, Armed-Forces, Husband, Asian-Pac-Islander, Male,-25,1895,61, Mexico, <=50K
40, Private,243708, Masters,16, Married-civ-spouse, Handlers-cleaners, Not-in-family, Black, Male,40,4,40, Greece, <=50K
24, Self-emp-not-inc,90559, HS-grad,9, Married-civ-spouse, Craft-repair, Wife, White, Male,45,2,40, United-States, >50K
39, Private,19734, 10th,14, Married-spouse-absent, Adm-clerical, Husband, White, Female,56,7,40, United-States, >50K
23, Private,206791, Prof-school,7, Never-married, Prof-specialty, Husband, White, Male,-77,5,47, United-States, >50K
39, Private,124657, 10th,10, Married-civ-spouse, Adm-clerical, Wife, White, Male,-18,5,40, United-States, <=50K
68, Private,40457, HS-grad,7, Never-married, Prof-specialty, Other-relative, White, Male,-96,-5,49, United-States, <=50K
61, Private,67563, Some-college,13, Married-spouse-absent, Craft-repair, Not-in-family, White, Male,38,1754,40, United-States, <=50K
18, Federal-gov,301591, Bachelors,9, Widowed, Craft-repair, Own-child, Black, Male,44,7,40, United-States, <=50K
46, State-gov,20900, HS-grad,9, Married-spouse-absent, Exec-managerial, Not-in-family, White, Female,-17,3,55, United-States, <=50K
26, Private,189588, Bachelors,9, Never-married, Other-service, Own-child, Other, Male,18,-2,29, United-States, <=50K
51, Private,8371, HS-grad,13, Separated, Handlers-cleaners, Own-child, Black, Male,13,0,40, United-States, <=50K
24, Private,408221, 10th,9, Divorced, Adm-clerical, Husband, White, Male,-67,2,40, United-States, >50K
37, Private,161912, HS-grad,3, Married-civ-spouse, Prof-specialty, Husband, White, Male,-77,1969,5, United-States, >50K
70, Private,119726, Some-college,9, Widowed, Farming-fishing, Wife, White, Female,-98,-4,48, United-States, <=50K
18, Private,218971, HS-grad,14, Never-married, Other-service, Not-in-family, White, Female,5,2,40, United-States, <=50K
46, ?,223563, Doctorate,6, Married-civ-spouse, ?, Wife, White, Male,31,6,51, United-States, <=50K
63, Private,196365, HS-grad,16, Never-married, Adm-clerical, Not-in-family, White, Female,-63,1,2, United-States, <=50K
35, Private,346654, Some-college,9, Never-married, Exec-managerial, Not-in-family, White, Male,-6,4,40, United-States, >50K
42, Private,313156, HS-grad,9, Married-spouse-absent, Craft-repair, Not-in-family, White, Female,57,6,33, United-States, <=50K
41, Private,42813, Bachelors,9, Never-married, Armed-Forces, Husband, Black, Male,117,2574,55, United-States, <=50K
29, Local-gov,235234, Bachelors,14, Married-civ-spouse, Farming-fishing, Own-child, White, Male,801,1,40, Italy, <=50K
54, Private,172026, HS-grad,7, Married-civ-spouse, Craft-repair, Not-in-family, White, Male,54,1,40, United-States, <=50K
81, Private,54160, HS-grad,9, Married-spouse-absent, Craft-repair, Own-child, White, Female,59,5,40, United-States, <=50K
29, State-gov,205549, Some-college,14, Married-civ-spouse, Other-service, Other-relative, White, Male,30,1,32, United-States, <=50K
25, Private,123510, HS-grad,3, Married-civ-spouse, Exec-managerial, Husband, White, Male,2,-3,40, United-States, >50K
53, Private,155103, HS-grad,9, Never-married, Craft-repair, Husband, White, Male,-128,0,43, United-States, <=50K
19, State-gov,209811, Masters,9, Married-civ-spouse, ?, Husband, White, Female,49,-2,40, United-States, <=50K
49, Local-gov,186629, HS-grad,5, Divorced, Prof-specialty, Husband, Black, Male,-110,6,40, United-States, <=50K
42, Private,70121, Some-college,14, Married-civ-spouse, ?, Husband, White, Male,31,1227,40, Guatemala, <=50K
35, Private,174682, HS-grad,12, Never-married, Sales, Husband, White, Male,-133,-1,40, United-States, >50K
71, Private,292807, Some-college,14, Married-civ-spouse, Protective-serv, Husband, White, Female,-20,-3,40, Mexico, >50K
73, Private,127623, HS-grad,14, Divorced, Sales, Other-relative, Black, Female,45,5,40, United-States, <=50K
52, Private,368346, Some-college,10, Divorced, Adm-clerical, Not-in-family, Black, Male,-76,4,48, United-States, <=50K
22, ?,387516, HS-grad,13, Never-married, Farming-fishing, Husband, Black, Male,-20,-3,40, United-States, <=50K
41, Private,208667, HS-grad,15, Never-married, Other-service, Husband, White, Female,-27,7,43, United-States, <=50K
47, Local-gov,136424, HS-grad,13, Married-civ-spouse, Craft-repair, Husband, White, Male,-33,7,31, United-States, <=50K
62, Private,118352, HS-grad,9, Never-married, Exec-managerial, Not-in-family, Amer-Indian-Eskimo, Female,-62,0,49, United-States, <=50K
27, Private,5929, Prof-school,9, Never-married, Farming-fishing, Other-relative, White, Male,-12,0,40, United-States, <=50K
24, Private,167756, Some-college,7, Married-civ-spouse, Adm-clerical, Husband, White, Female,8463,0,35, United-States, >50K
43, Private,28955, Bachelors,5, Never-married, ?, Not-in-family, White, Female,-2,4,40, United-States, <=50K
33, Private,205327, HS-grad,9, Married-civ-spouse, Exec-managerial, Husband, White, Female,-68,6,44, United-States, <=50K
23, Private,147813, Some-college,6, Married-civ-spouse, ?, Not-in-family, White, Male,-34,2,40, United-States, <=50K
56, Private,-3375, HS-grad,10, Divorced, Sales, Wife, White, Male,-32,1,40, United-States, <=50K
53, Private,144541, HS-grad,9, Never-married, Transport-moving, Husband, Asian-Pac-Islander, Male,-49,-2,40, United-States, <=50K
32, Private,92326, 5th-6th,2, Divorced, ?, Unmarried, White, Male,41,4,37, United-States, <=50K
20, Local-gov,113058, Bachelors,7, Married-civ-spouse, Sales, Husband, White, Female,2,-1,68, Jamaica, <=50K
49, Private,64015, 9th,1, Never-married, Craft-repair, Not-in-family, White, Female,-19,6,36, United-States, <=50K
63, Private,132640, HS-grad,8, Married-civ-spouse, Transport-moving, Husband, White, Male,-18,0,40, United-States, <=50K
47, Private,121721, Bachelors,1, Widowed, Adm-clerical, Unmarried, White, Male,-127,4,31, United-States, >50K
31, Private,320885, 7th-8th,9, Separated, Farming-fishing, Husband, White, Male,26,2,45, United-States, >50K
27, Private,229563, HS-grad,11, Separated, Sales, Unmarried, Black, Male,15955,8,42, United-States, >50K
42, Private,41575, Bachelors,12, Divorced, Sales, Unmarried, White, Male,-79,5,12, United-States, <=50K
29, Private,231448, Bachelors,9, Divorced, Craft-repair, Other-relative, Asian-Pac-Islander, Male,6351,1371,82, Haiti, <=50K
36, Local-gov,-2154, Masters,9, Married-AF-spouse, Other-service, Not-in-family, Black, Female,12917,4,40, Iran, <=50K
41, Private,229127, Assoc-voc,9, Never-married, Craft-repair, Own-child, White, Male,43,-1,40, United-States, >50K
25, Private,162870, HS-grad,10, Married-civ-spouse, ?, Husband, White, Male,-37,5,40, Dominican-Republic, <=50K
41, ?,234764, Masters,7, Married-civ-spouse, Prof-specialty, Wife, White, Male,-91,0,40, United-States, <=50K
75, Private,26995, HS-grad,9, Widowed, Prof-specialty, Not-in-family, White, Male,-118,-2,52, United-States, <=50K
72, Private,50230, HS-grad,9, Married-civ-spouse, Exec-managerial, Own-child, White, Female,-10,-3,40, United-States, <=50K
43, Private,198514, Bachelors,9, Widowed, Exec-managerial, Husband, White, Male,-150,-5,40, United-States, <=50K
35, Private,28522, Bachelors,12, Married-civ-spouse, Sales, Not-in-family, White, Male,-98,5,48, United-States, <=50K
49, Private,477112, HS-grad,11, Married-civ-spouse, ?, Husband, White, Male,13391,2,40, Philippines, >50K
50, Private,142682, Masters,10, Married-civ-spouse, Adm-clerical, Wife, White, Male,-93,5,40, United-States, >50K
24, Private,242038, Masters,9, Never-married, Craft-repair, Not-in-family, White, Male,-53,3,40, United-States, <=50K
35, Private,197252, HS-grad,11, Married-spouse-absent, Exec-managerial, Not-in-family, White, Male,7061,-3,40, United-States, <=50K
25, ?,27035, HS-grad,7, Married-civ-spouse, Sales, Not-in-family, White, Female,-95,6,40, United-States, <=50K
41, Private,92670, 10th,13, Separated, Prof-specialty, Not-in-family, Black, Male,74,3,40, United-States, <=50K
52, Private,275349, Bachelors,9, Never-married, Prof-specialty, Husband, Black, Male,-69,3,40, Trinadad&Tobago, >50K
56, ?,311125, Bachelors,7, Never-married, Handlers-cleaners, Unmarried, Black, Female,-11,7,49, United-States, >50K
34, Private,26615, Doctorate,9, Never-married, Adm-clerical, Husband, White, Male,95,4,41, ?, <=50K
44, ?,270426, Assoc-acdm,4, Married-civ-spouse, Machine-op-inspct, Not-in-family, White, Female,108,1622,40, United-States, <=50K
85, Private,31327, HS-grad,14, Married-civ-spouse, ?, Not-in-family, White, Male,-17,4,40, United-States, >50K
90, Private,177768, 11th,5, Never-married, Handlers-cleaners, Husband, White, Male,-97,2250,42, United-States, >50K
25, Private,20910, HS-grad,9, Never-married, Prof-specialty, Not-in-family, Asian-Pac-Islander, Male,-22,2,49, United-States, <=50K
55, Private,138616, HS-grad,14, Never-married, Other-service, Not-in-family, White, Male,-66,1,40, United-States, >50K
44, Self-emp-not-inc,347610, Some-college,9, Married-civ-spouse, Machine-op-inspct, Not-in-family, Asian-Pac-Islander, Male,116,4,40, United-States, >50K
27, Self-emp-not-inc,32426, HS-grad,10, Married-civ-spouse, Protective-serv, Husband, Black, Female,2834,1,40, United-States, >50K
40, Private,15434, HS-grad,3, Never-married, Prof-specialty, Husband, White, Male,-77,3,35, Ireland, <=50K
29, Private,161872, Some-college,10, Married-civ-spouse, Tech-support, Husband, White, Female,-79,-1,40, United-States, <=50K
50, Private,246817, HS-grad,10, Married-spouse-absent, Craft-repair, Unmarried, White, Male,18,2119,40, United-States, <=50K
53, Private,194669, HS-grad,10, Never-married, ?, Husband, White, Female,25,7,40, United-States, <=50K
35, ?,183861, HS-grad,9, Divorced, Transport-moving, Not-in-family, White, Male,-6,-1,40, England, <=50K
58, Self-emp-not-inc,-995, Bachelors,9, Never-married, Exec-managerial, Husband, Black, Male,-13,0,40, United-States, >50K
40, Private,397014, Assoc-acdm,10, Separated, Sales, Husband, White, Male,56,3,41, United-States, <=50K
41, Private,185997, 1st-4th,9, Divorced, Exec-managerial, Not-in-family, White, Male,-58,-2,44, Puerto-Rico, <=50K
54, Private,48108, Assoc-acdm,10, Divorced, Machine-op-inspct, Not-in-family, White, Male,11,4,16, United-States, <=50K
46, Private,54358, Assoc-voc,5, Divorced, Adm-clerical, Husband, White, Male,6502,-2,16, United-States, <=50K
22, Private,122859, 7th-8th,14, Married-civ-spouse, Sales, Not-in-family, White, Male,-13,7,40, United-States, >50K
28, Private,458041, Some-college,7, Divorced, Handlers-cleaners, Husband, White, Male,-43,3,40, United-States, <=50K
58, Private,119582, 9th,2, Married-civ-spouse, Handlers-cleaners, Husband, White, Male,-37,4,40, United-States, <=50K
40, Private,151339, HS-grad,9, Separated, Sales, Not-in-family, White, Male,89,1,52, United-States, >50K
31, Private,378394, HS-grad,9, Married-civ-spouse, Transport-moving, Husband, White, Male,-26,2077,40, ?, <=50K
31, State-gov,49473, HS-grad,14, Married-civ-spouse, Craft-repair, Husband, White, Male,-72,6,40, United-States, <=50K
27, Private,199486, Assoc-voc,14, Married-civ-spouse, Adm-clerical, Husband, White, Male,-114,2,40, United-States, >50K
52, Private,297795, HS-grad,7, Married-civ-spouse, Exec-managerial, Wife, White, Male,86,-1,40, United-States, <=50K
35, Self-emp-not-inc,287629, 11th,11, Divorced, Exec-managerial, Not-in-family, White, Male,-58,2,35, Nicaragua, <=50K
24, Private,50915, 9th,13, Married-civ-spouse, Other-service, Husband, White, Male,53,5,43, United-States, <=50K
44, Private,195281, HS-grad,9, Never-married, Prof-specialty, Not-in-family, Other, Male,-66,0,42, United-States, <=50K
42, Private,163877, Bachelors,9, Never-married, Exec-managerial, Not-in-family, White, Female,23,0,-4, England, >50K
70, Private,395040, 10th,9, Divorced, Prof-specialty, Not-in-family, Black, Male,42,1,40, United-States, <=50K
31, Private,251271, HS-grad,5, Never-married, Adm-clerical, Not-in-family, Black, Male,-84,3,40, United-States, <=50K
60, Self-emp-not-inc,185255, HS-grad,10, Married-civ-spouse, Exec-managerial, Not-in-family, White, Male,-104,1931,44, United-States, >50K
70, Private,110939, HS-grad,9, Married-civ-spouse, Prof-specialty, Wife, Black, Male,36,1880,59, United-States, <=50K
39, Local-gov,23125, HS-grad,9, Married-civ-spouse, Craft-repair, Not-in-family, White, Male,88,5,40, Mexico, >50K
32, Private,201050, HS-grad,7, Married-civ-spouse, Farming-fishing, Husband, White, Male,36,5,82, United-States, >50K
32, Private,214850, Masters,9, Never-married, Craft-repair, Not-in-family, White, Male,-42,4,40, United-States, <=50K
62, Local-gov,327114, 9th,10, Never-married, Handlers-cleaners, Other-relative, Black, Male,13,-2,40, ?, <=50K
60, Private,314508, HS-grad,7, Married-civ-spouse, Sales, Not-in-family, White, Male,23,3,94, United-States, <=50K
65, Private,160203, HS-grad,13, Married-civ-spouse, Prof-specialty, Wife, White, Male,-82,0,40, United-States, <=50K
32, Private,141845, Some-college,5, Divorced, Prof-specialty, Wife, White, Male,-80,1,40, United-States, <=50K
24, Private,114084, HS-grad,5, Separated, Sales, Own-child, White, Male,-54,3,59, Vietnam, <=50K
29, Self-emp-not-inc,130955, HS-grad,9, Married-civ-spouse, Craft-repair, Not-in-family, White, Male,-42,1,47, United-States, <=50K
62, Local-gov,147091, HS-grad,9, Married-civ-spouse, Craft-repair, Unmarried, Black, Female,-59,2,49, United-States, >50K
24, Self-emp-inc,119811, Bachelors,7, Divorced, Craft-repair, Wife, White, Female,92,5,42, United-States, >50K
59, Private,87830, Assoc-voc,9, Married-civ-spouse, Prof-specialty, Unmarried, White, Male,36,6,40, United-States, <=50K
28, Local-gov,154570, HS-grad,14, Married-civ-spouse, Prof-specialty, Husband, White, Male,-40,1,2, United-States, <=50K
18, Private,319910, Masters,5, Separated, Craft-repair, Wife, White, Male,10,-3,40, United-States, >50K
39, ?,404072, Assoc-acdm,0, Never-married, Tech-support, Unmarried, Black, Female,-82,2,17, United-States, <=50K
25, Private,274029, 11th,14, Divorced, Adm-clerical, Husband, White, Male,22,0,52, Haiti, <=50K
32, ?,230907, Some-college,5, Married-civ-spouse, Prof-specialty, Husband, White, Male,-12,1,40, United-States, <=50K
66, Private,242936, Bachelors,12, Never-married, Adm-clerical, Wife, White, Female,8804,5,17, United-States, >50K
31, Private,105424, Assoc-voc,11, Never-married, Machine-op-inspct, Husband, Asian-Pac-Islander, Male,-20,5,48, United-States, >50K
25, Private,12312, Bachelors,13, Divorced, Craft-repair, Own-child, White, Male,-9,5,40, Mexico, >50K
35, Private,252063, Assoc-acdm,14, Divorced, Other-service, Not-in-family, White, Female,5471,-2,45, Taiwan, >50K
30, Private,194152, Some-college,13, Never-married, Prof-specialty, Other-relative, White, Female,21,2139,40, United-States, >50K
26, Local-gov,176844, HS-grad,7, Married-civ-spouse, Adm-clerical, Husband, White, Female,14117,3,47, Philippines, <=50K
61, Private,126556, HS-grad,9, Divorced, Sales, Husband, Asian-Pac-Islander, Male,-23,3,40, United-States, <=50K
59, Private,219198, Assoc-acdm,2, Never-married, Transport-moving, Husband, White, Male,-63,-2,40, Portugal, <=50K
28, Federal-gov,52125, Prof-school,9, Never-married, ?, Not-in-family, White, Male,-28,3,40, United-States, <=50K
66, Private,51935, 10th,9, Married-civ-spouse, Prof-specialty, Husband, Black, Male,89,2,40, United-States, <=50K
36, Private,175332, HS-grad,10, Never-married, Exec-managerial, Own-child, Asian-Pac-Islander, Male,-4,0,7, United-States, <=50K
44, Self-emp-not-inc,181502, Some-college,9, Never-married, Adm-clerical, Husband, White, Male,6698,4,40, United-States, >50K
42, Private,10366, Assoc-voc,6, Married-civ-spouse, Prof-specialty, Not-in-family, White, Male,-125,3,40, United-States, <=50K
18, Private,213917, Prof-school,5, Married-civ-spouse, Other-service, Not-in-family, White, Female,-46,5,31, United-States, <=50K
24, Private,286352, Some-college,11, Never-married, Craft-repair, Husband, Asian-Pac-Islander, Male,-3,4,40, United-States, >50K
35, Private,209169, 9th,16, Married-civ-spouse, Craft-repair, Other-relative, White, Male,-67,-1,50, United-States, <=50K
35, Self-emp-inc,94246, Some-college,10, Married-spouse-absent, Sales, Not-in-family, White, Male,63,3,-6, United-States, >50K
53, Private,142758, HS-grad,11, Never-married, Craft-repair, Other-relative, White, Female,29,7,40, United-States, <=50K
40, Private,239895, HS-grad,9, Never-married, Adm-clerical, Husband, White, Male,-94,-2,40, United-States, >50K
65, Private,198440, Bachelors,5, Married-civ-spouse, Prof-specialty, Not-in-family, White, Female,-56,5,-1, Canada, <=50K
29, Private,221227, 10th,9, Divorced, Protective-serv, Other-relative, White, Male,-45,7,40, United-States, <=50K
55, Private,150297, Masters,9, Married-civ-spouse, Protective-serv, Husband, White, Male,-22,-2,40, ?, <=50K
37, Private,151928, 9th,7, Married-civ-spouse, Adm-clerical, Own-child, White, Male,-53,1,48, United-States, <=50K
24, Private,21192, Assoc-voc,9, Never-married, Sales, Not-in-family, White, Male,-87,2,40, United-States, <=50K
50, Private,28547, HS-grad,12, Married-civ-spouse, Other-service, Unmarried, White, Male,37,6,40, United-States, <=50K
32, Private,92416, Some-college,7, Never-married, ?, Husband, White, Male,77,-3,44, United-States, <=50K
28, Local-gov,134606, 7th-8th,9, Separated, Handlers-cleaners, Husband, White, Male,-74,6,40, United-States, <=50K
41, Private,289614, Some-college,13, Married-civ-spouse, Craft-repair, Husband, White, Male,2,3,40, United-States, <=50K
26, Private,120411, Masters,14, Married-civ-spouse, Prof-specialty, Own-child, White, Male,-64,-6,40, ?, <=50K
25, ?,351359, HS-grad,10, Married-civ-spouse, Prof-specialty, Husband, Asian-Pac-Islander, Male,-146,2,0, United-States, <=50K
69, Private,143941, HS-grad,6, Married-civ-spouse, Machine-op-inspct, Husband, White, Male,61,-1,40, United-States, >50K
97, Private,300013, HS-grad,14, Married-civ-spouse, Adm-clerical, Husband, White, Male,-120,-3,40, United-States, >50K
36, Private,170926, 11th,9, Never-married, Protective-serv, Own-child, White, Male,9,2447,12, United-States, >50K
18, Self-emp-inc,206067, Some-college,7, Married-civ-spouse, Prof-specialty, Own-child, Asian-Pac-Islander, Male,2,4,40, United-States, <=50K
21, Private,90079, Prof-school,9, Married-civ-spouse, Craft-repair, Husband, White, Male,85,1,40, United-States, <=50K
31, Private,66638, Masters,14, Married-AF-spouse, Adm-clerical, Own-child, White, Male,-90,1,52, ?, <=50K
70, Private,148214, HS-grad,12, Married-civ-spouse, Machine-op-inspct, Wife, Black, Female,33,5,30, United-States, >50K
77, Private,14577, HS-grad,9, Never-married, Farming-fishing, Husband, Black, Male,1179,-1,40, United-States, <=50K
23, Private,184260, HS-grad,2, Divorced, ?, Own-child, White, Male,-42,1874,48, United-States, >50K
53, Private,165963, Bachelors,6, Never-married, Exec-managerial, Husband, White, Male,-43,0,49, United-States, <=50K
33, Private,62944, Some-college,11, Never-married, Exec-managerial, Not-in-family, White, Female,-100,1,50, United-States, >50K
26, Private,163481, HS-grad,7, Never-married, Farming-fishing, Husband, White, Male,30,0,40, United-States, <=50K
34, Private,202981, Bachelors,11, Never-married, Other-service, Husband, White, Female,9,3,40, United-States, <=50K
15, Private,120482, 9th,7, Married-civ-spouse, Sales, Husband, White, Male,-62,5,48, United-States, >50K
29, Private,224210, Some-college,9, Widowed, Craft-repair, Husband, White, Male,101,0,40, ?, <=50K
37, Private,193935, 11th,3, Married-civ-spouse, Craft-repair, Not-in-family, White, Male,14,3,86, Philippines, <=50K
53, ?,298464, HS-grad,9, Never-married, Exec-managerial, Husband, White, Male,-7,1,42, United-States, <=50K
30, Private,30193, HS-grad,5, Married-civ-spouse, Exec-managerial, Husband, White, Female,-72,0,50, United-States, >50K
57, Private,165883, Assoc-voc,9, Married-civ-spouse, Exec-managerial, Husband, White, Female,-50,1,40, United-States, <=50K
48, Private,40919, HS-grad,2, Never-married, Craft-repair, Husband, White, Male,6607,6,40, United-States, >50K
41, Private,506308, Some-college,14, Married-civ-spouse, Prof-specialty, Not-in-family, White, Male,2752,-5,40, United-States, <=50K
58, ?,159079, Some-college,9, Married-civ-spouse, Prof-specialty, Husband, White, Male,-21,3,27, Jamaica, >50K
38, Private,153816, HS-grad,9, Widowed, Machine-op-inspct, Husband, Asian-Pac-Islander, Male,22,2058,40, United-States, >50K
32, Private,266709, Masters,9, Married-civ-spouse, Craft-repair, Husband, Black, Female,7443,-6,40, United-States, <=50K
46, Private,142321, HS-grad,9, Married-civ-spouse, Exec-managerial, Husband, White, Female,17,-1,49, United-States, <=50K
59, Private,271035, HS-grad,9, Married-civ-spouse, Farming-fishing, Husband, White, Male,-9,2089,42, United-States, <=50K
38, Private,62577, HS-grad,14, Married-civ-spouse, Craft-repair, Husband, White, Male,5985,1962,40, Puerto-Rico, >50K
33, Private,166488, HS-grad,8, Married-civ-spouse, Priv-house-serv, Husband, White, Male,115,1422,40, United-States, >50K
53, ?,57954, Some-college,9, Married-civ-spouse, Craft-repair, Not-in-family, Asian-Pac-Islander, Male,-1,2,40, United-States, <=50K
24, State-gov,62186, Assoc-voc,9, Married-civ-spouse, Other-service, Husband, White, Male,139,6,58, United-States, <=50K
24, Self-emp-not-inc,221892, HS-grad,9, Married-civ-spouse, Craft-repair, Not-in-family, White, Male,-41,1784,47, United-States, >50K
41, Private,180374, Bachelors,4, Never-married, Tech-support, Husband, White, Female,-58,1,49, United-States, <=50K
22, Private,240624, HS-grad,7, Never-married, Transport-moving, Other-relative, White, Male,-88,-1,40, El-Salvador, <=50K
44, Private,132000, HS-grad,13, Married-civ-spouse, Farming-fishing, Husband, White, Male,7823,4,45, ?, <=50K
45, Private,41786, 12th,9, Married-civ-spouse, Prof-specialty, Own-child, Black, Male,-71,-6,30, China, <=50K
70, State-gov,50904, Doctorate,9, Divorced, Adm-clerical, Not-in-family, Asian-Pac-Islander, Male,-69,-1,41, United-States, <=50K
20, Private,77792, HS-grad,14, Married-civ-spouse, ?, Unmarried, White, Female,104,-2,40, United-States, <=50K
63, Private,109462, HS-grad,11, Married-spouse-absent, Exec-managerial, Not-in-family, White, Female,-133,1676,40, Haiti, <=50K
60, Self-emp-inc,122878, 11th,7, Divorced, Tech-support, Unmarried, Amer-Indian-Eskimo, Male,-12,3,59, United-States, >50K
39, Private,174692, Some-college,9, Married-civ-spouse, Prof-specialty, Husband, White, Female,-31,2141,41, United-States, <=50K
35, Private,136471, Prof-school,9, Never-married, Exec-managerial, Not-in-family, White, Male,-10,2233,55, United-States, <=50K
53, Private,210323, Bachelors,12, Married-civ-spouse, Handlers-cleaners, Unmarried, White, Male,-103,7,35, United-States, >50K
38, Private,218660, HS-grad,10, Divorced, Exec-managerial, Own-child, Black, Male,6376,0,62, United-States, <=50K
23, Private,205546, HS-grad,7, Married-civ-spouse, Prof-specialty, Husband, Asian-Pac-Islander, Male,-41,0,49, United-States, <=50K
20, Local-gov,155485, Some-college,13, Married-civ-spouse, Craft-repair, Husband, White, Male,20,5,40, United-States, <=50K
19, Self-emp-not-inc,102349, Masters,14, Married-civ-spouse, Sales, Husband, White, Male,-30,2,49, Laos, <=50K
46, Private,221787, 11th,9, Married-civ-spouse, ?, Husband, White, Male,-110,4,41, United-States, <=50K
74, Private,162991, HS-grad,12, Married-civ-spouse, ?, Not-in-family, White, Male,-17,-2,64, United-States, <=50K
68, Private,4028, HS-grad,10, Divorced, ?, Not-in-family, Amer-Indian-Eskimo, Male,-46,2,40, ?, >50K
74, Private,154270, HS-grad,13, Married-civ-spouse, Prof-specialty, Husband, Black, Male,-9,-1,40, United-States, <=50K
40, ?,157206, Some-college,7, Never-married, Prof-specialty, Husband, White, Male,-155,-4,41, United-States, <=50K
28, Private,151068, Masters,12, Married-civ-spouse, Farming-fishing, Husband, White, Male,11,2036,40, South, <=50K
31, Self-emp-inc,98184, Some-college,10, Married-civ-spouse, Handlers-cleaners, Not-in-family, White, Female,-72,-2,37, El-Salvador, >50K
46, Private,177934, Bachelors,12, Married-civ-spouse, Prof-specialty, Husband, Asian-Pac-Islander, Female,433,3,74, United-States, <=50K
33, Private,164455, HS-grad,1, Married-civ-spouse, Adm-clerical, Unmarried, White, Male,-41,3,29, United-States, <=50K
23, Self-emp-inc,146187, HS-grad,9, Never-married, Transport-moving, Husband, White, Male,59,-2,42, United-States, <=50K
35, Private,28633, HS-grad,6, Never-married, Other-service, Husband, Black, Male,1,6,40, United-States, >50K
26, State-gov,20234, Some-college,14, Married-spouse-absent, Protective-serv, Husband, Black, Female,42,1,40, United-States, >50K
39, Private,188138, Bachelors,9, Married-spouse-absent, Sales, Husband, White, Female,-32,-2,47, United-States, >50K
41, Local-gov,186314, Some-college,12, Married-civ-spouse, Farming-fishing, Husband, White, Female,-117,8,40, United-States, <=50K
39, Private,6381, Assoc-acdm,14, Divorced, Exec-managerial, Husband, White, Female,-18,0,40, United-States, >50K
22, Private,219398, Some-college,9, Divorced, Adm-clerical, Not-in-family, White, Male,-6,0,59, Germany, <=50K
44, Private,9361, Some-college,7, Married-civ-spouse, Exec-managerial, Not-in-family, White, Male,37,4,40, Mexico, <=50K
38, Private,57550, Some-college,10, Never-married, Exec-managerial, Husband, Black, Male,84,2,49, Guatemala, >50K
61, Private,131338, 5th-6th,9, Married-civ-spouse, Adm-clerical, Own-child, White, Male,-97,5,54, Ireland, <=50K
46, Private,184868, 7th-8th,3, Never-married, Prof-specialty, Wife, Asian-Pac-Islander, Male,-44,3,30, Iran, <=50K
33, Private,64134, 11th,9, Married-spouse-absent, Adm-clerical, Husband, White, Female,6595,2,69, United-States, >50K
42, Private,187186, HS-grad,3, Married-civ-spouse, Priv-house-serv, Husband, White, Female,1572,1713,40, United-States, >50K
66, Private,201458, Some-college,5, Never-married, Handlers-cleaners, Husband, White, Male,-142,0,34, El-Salvador, <=50K
53, Private,289322, Masters,14, Never-married, Exec-managerial, Husband, Black, Female,-107,-1,58, United-States, <=50K
34, Private,175845, Masters,9, Married-AF-spouse, Prof-specialty, Husband, Black, Male,-28,3,40, United-States, >50K
45, Private,127634, Bachelors,9, Married-civ-spouse, Other-service, Not-in-family, Black, Female,-69,2,41, Scotland, <=50K
34, Private,386447, 1st-4th,13, Married-AF-spouse, Exec-managerial, Husband, White, Male,59,3,40, Haiti, <=50K
60, Private,13992, HS-grad,14, Never-married, Craft-repair, Husband, Asian-Pac-Islander, Female,72,5,42, United-States, >50K
24, Private,3807, Bachelors,9, Never-married, Machine-op-inspct, Not-in-family, White, Male,-27,2,40, United-States, <=50K
25, Local-gov,221763, Bachelors,7, Married-civ-spouse, Transport-moving, Husband, White, Male,3074,0,40, United-States, <=50K
25, Private,30973, HS-grad,14, Never-married, ?, Not-in-family, White, Male,-133,-6,9, United-States, <=50K
58, Private,35, 10th,9, Divorced, Adm-clerical, Husband, White, Male,-40,1529,59, United-States, <=50K
21, Self-emp-not-inc,227075, Some-college,8, Separated, Prof-specialty, Own-child, White, Male,19,1999,34, Japan, <=50K
23, Private,47330, Some-college,9, Never-married, Machine-op-inspct, Husband, White, Male,9,0,48, United-States, <=50K
45, Private,95900, Assoc-acdm,1, Widowed, ?, Not-in-family, White, Male,-89,-3,48, United-States, <=50K
39, Private,147843, Bachelors,10, Married-civ-spouse, Prof-specialty, Husband, White, Male,-53,-3,42, Mexico, <=50K
79, ?,178576, HS-grad,4, Married-civ-spouse, Farming-fishing, Husband, Black, Female,-65,1,40, United-States, <=50K
15, Private,104823, 1st-4th,10, Married-civ-spouse, Craft-repair, Husband, White, Female,-6,4,40, El-Salvador, >50K
29, Private,44544, 1st-4th,2, Never-married, Machine-op-inspct, Husband, Asian-Pac-Islander, Male,7,1636,40, United-States, <=50K
31, Private,155095, HS-grad,9, Never-married, Other-service, Husband, White, Female,-81,2,40, United-States, <=50K
89, Private,29514, Assoc-voc,9, Divorced, Farming-fishing, Unmarried, White, Female,-130,-2,46, United-States, >50K
41, Self-emp-not-inc,22359, HS-grad,6, Married-civ-spouse, Adm-clerical, Not-in-family, White, Male,-101,1,33, United-States, <=50K
37, Private,208741, Doctorate,10, Never-married, Craft-repair, Husband, White, Male,-71,-4,40, Taiwan, >50K
23, Self-emp-inc,11637, HS-grad,10, Married-civ-spouse, Exec-managerial, Not-in-family, White, Female,6766,3,52, United-States, <=50K
63, Private,156819, Masters,4, Married-civ-spouse, Exec-managerial, Husband, White, Male,-63,5,40, Guatemala, <=50K
67, State-gov,94835, Assoc-acdm,17, Never-married, Craft-repair, Own-child, White, Male,41,1,40, United-States, <=50K
58, Private,177314, HS-grad,9, Never-married, Machine-op-inspct, Own-child, White, Female,-64,-1,46, ?, <=50K
24, Private,163220, Some-college,9, Widowed, Tech-support, Husband, White, Male,-96,-3,47, Haiti, <=50K
78, Self-emp-not-inc,286529, Preschool,14, Widowed, Sales, Husband, White, Male,-10,-5,77, United-States, <=50K
39, Federal-gov,126713, Masters,14, Never-married, Farming-fishing, Husband, White, Male,33,0,40, United-States, <=50K
100, Private,42574, 12th,10, Married-civ-spouse, Craft-repair, Not-in-family, White, Male,-88,4,40, United-States, >50K
20, ?,339695, HS-grad,9, Married-civ-spouse, Sales, Not-in-family, White, Male,43,1708,49, United-States, >50K
38, Federal-gov,394401, Bachelors,12, Married-civ-spouse, Craft-repair, Own-child, White, Male,-18,0,40, United-States, <=50K
56, Private,99523, Some-college,9, Never-married, Handlers-cleaners, Not-in-family, White, Male,52,1771,40, Outlying-US(Guam-USVI-etc), <=50K
47, Private,158280, 10th,13, Divorced, Adm-clerical, Not-in-family, White, Female,-30,2123,16, United-States, <=50K
91, State-gov,305088, HS-grad,14, Never-married, Handlers-cleaners, Husband, White, Male,-68,-3,40, Japan, <=50K
73, Private,63460, 7th-8th,9, Married-civ-spouse, Sales, Husband, Black, Female,-24,4,40, United-States, >50K
73, Private,225446, Some-college,10, Married-civ-spouse, Craft-repair, Wife, Black, Male,-33,-1,40, United-States, >50K
71, Private,146286, HS-grad,13, Widowed, Other-service, Husband, White, Male,26,7,43, United-States, <=50K
25, Federal-gov,34968, HS-grad,9, Never-married, ?, Husband, Black, Male,-23,1774,40, United-States, >50K
23, State-gov,136707, Some-college,8, Divorced, Farming-fishing, Own-child, White, Female,-54,0,13, Vietnam, <=50K
20, Private,368038, Some-college,9, Married-civ-spouse, Other-service, Husband, White, Male,32,6,55, ?, <=50K
44, Private,1058, Bachelors,14, Married-civ-spouse, ?, Husband, White, Male,-55,-6,55, Peru, >50K
23, Private,79194, HS-grad,13, Never-married, ?, Other-relative, White, Female,-10,0,27, United-States, <=50K
39, Private,150581, Some-college,14, Divorced, ?, Unmarried, White, Male,63,1,40, United-States, >50K
47, Private,118502, HS-grad,14, Never-married, Adm-clerical, Husband, White, Male,-4,-1,40, United-States, >50K
52, Private,149937, HS-grad,9, Married-civ-spouse, Exec-managerial, Husband, White, Female,23,3,45, United-States, <=50K
39, Private,179793, Some-college,9, Never-married, Prof-specialty, Not-in-family, Asian-Pac-Islander, Male,7131,2,40, United-States, <=50K
33, Private,24258, 9th,14, Never-married, Adm-clerical, Husband, White, Male,-63,0,49, United-States, >50K
39, Private,383959, Bachelors,11, Never-married, Craft-repair, Own-child, White, Female,2966,2,36, United-States, >50K
30, Private,360897, 1st-4th,9, Married-civ-spouse, Exec-managerial, Husband, White, Male,20,4,49, United-States, <=50K
22, State-gov,110505, Some-college,13, Never-married, Prof-specialty, Husband, Asian-Pac-Islander, Male,65,-1,59, United-States, <=50K
46, Private,36336, 5th-6th,14, Separated, ?, Own-child, Other, Male,-67,-2,44, United-States, <=50K
50, Without-pay,272248, 9th,9, Divorced, Farming-fishing, Not-in-family, White, Female,101,2089,40, Haiti, <=50K
33, Private,208294, Some-college,7, Married-civ-spouse, Craft-repair, Husband, White, Male,-75,0,48, United-States, >50K
29, Private,176148, HS-grad,9, Never-married, Exec-managerial, Not-in-family, White, Female,-10,0,40, Mexico, <=50K
18, Local-gov,283656, Bachelors,6, Divorced, Adm-clerical, Husband, White, Male,-75,1356,40, United-States, <=50K
30, Self-emp-inc,9680, Masters,14, Married-civ-spouse, Tech-support, Unmarried, Black, Female,7616,3,40, United-States, <=50K
31, Private,61199, Preschool,12, Married-civ-spouse, Prof-specialty, Not-in-family, White, Male,10,4,75, United-States, <=50K
40, Private,33169, 11th,7, Married-civ-spouse, Priv-house-serv, Husband, White, Female,59,6,40, United-States, <=50K
61, Private,114133, 9th,9, Never-married, Sales, Not-in-family, White, Male,-10,2186,40, United-States, <=50K
43, Private,181344, HS-grad,9, Married-civ-spouse, ?, Husband, White, Male,84,1,40, United-States, <=50K
78, Private,141340, HS-grad,7, Married-civ-spouse, Craft-repair, Husband, White, Male,14,6,40, United-States, >50K
59, Private,162396, 9th,9, Never-married, Prof-specialty, Husband, White, Male,-68,7,41, United-States, <=50K
23, Private,154619, Doctorate,13, Never-married, Adm-clerical, Husband, White, Male,-27,2,40, United-States, <=50K
29, Self-emp-inc,133065, 12th,3, Married-civ-spouse, ?, Not-in-family, White, Male,7,1,43, United-States, <=50K
46, Private,40359, HS-grad,6, Divorced, Other-service, Wife, White, Male,21,2,50, United-States, <=50K
35, Local-gov,21093, Bachelors,13, Married-spouse-absent, Adm-clerical, Not-in-family, White, Male,97,2,40, United-States, <=50K
40, State-gov,5837, HS-grad,14, Never-married, Prof-specialty, Not-in-family, White, Male,-140,3,40, Hungary, <=50K
58, Private,169687, 10th,13, Married-civ-spouse, Prof-specialty, Husband, White, Male,-5,2,40, United-States, <=50K
35, Private,125683, HS-grad,3, Married-civ-spouse, Farming-fishing, Not-in-family, White, Male,61,6,31, United-States, <=50K
42, Private,128370, Masters,14, Married-civ-spouse, Exec-managerial, Not-in-family, White, Male,-13,8,40, United-States, <=50K
33, Private,41110, 11th,9, Married-civ-spouse, Farming-fishing, Wife, White, Male,57,2,55, United-States, <=50K
34, Private,154149, HS-grad,14, Married-civ-spouse, Other-service, Other-relative, Asian-Pac-Islander, Male,-2,8,40, United-States, <=50K
26, Private,167775, HS-grad,14, Never-married, Adm-clerical, Own-child, White, Male,-67,6,40, United-States, <=50K
31, Private,66078, HS-grad,9, Never-married, Transport-moving, Not-in-family, Black, Male,28,2236,40, Cuba, <=50K
26, Private,144286, Bachelors,14, Married-civ-spouse, Craft-repair, Husband, White, Male,13074,-4,49, Mexico, <=50K
45, Private,285529, HS-grad,14, Married-civ-spouse, Other-service, Husband, White, Female,-72,-3,49, United-States, >50K
61, Local-gov,264118, Bachelors,10, Married-AF-spouse, Sales, Husband, Black, Female,3329,7,42, United-States, >50K
55, Private,213192, HS-grad,9, Never-married, Other-service, Not-in-family, Other, Male,-67,-1,1, United-States, <=50K
82, ?,64712, Preschool,13, Married-civ-spouse, Machine-op-inspct, Husband, White, Male,-124,1791,51, Mexico, <=50K
44, Without-pay,201407, HS-grad,9, Married-civ-spouse, Priv-house-serv, Husband, White, Male,-15,1728,61, United-States, <=50K
44, Private,411299, 11th,14, Married-civ-spouse, Other-service, Not-in-family, White, Male,43,2,40, United-States, >50K
46, Federal-gov,324063, Bachelors,13, Married-civ-spouse, Sales, Not-in-family, White, Male,-94,-3,40, United-States, <=50K
47, Private,194622, Bachelors,14, Married-civ-spouse, Other-service, Other-relative, White, Male,39,-3,40, United-States, >50K
21, Private,160375, HS-grad,7, Never-married, Tech-support, Husband, White, Male,-15,2077,40, United-States, >50K
28, Private,86264, HS-grad,9, Never-married, Craft-repair, Unmarried, White, Female,-3,4,49, United-States, <=50K
72, Private,175436, Masters,13, Divorced, Handlers-cleaners, Not-in-family, Asian-Pac-Islander, Male,19,4,54, United-States, <=50K
22, Private,152042, Some-college,9, Never-married, Craft-repair, Other-relative, Asian-Pac-Islander, Male,-35,2,40, United-States, <=50K
24, Private,29544, HS-grad,10, Never-married, Craft-repair, Not-in-family, White, Male,13515,1900,40, United-States, <=50K
29, State-gov,88869, 11th,3, Divorced, Prof-specialty, Not-in-family, White, Male,25,6,40, United-States, >50K
32, Private,52859, Masters,13, Married-civ-spouse, Farming-fishing, Own-child, White, Male,88,2,48, United-States, <=50K
26, Private,204932, HS-grad,8, Never-married, Transport-moving, Wife, White, Female,86,4,45, United-States, >50K
49, Private,139690, 11th,7, Married-civ-spouse, Exec-managerial, Not-in-family, White, Female,44,0,40, United-States, <=50K
28, Private,156690, HS-grad,15, Married-civ-spouse, Adm-clerical, Unmarried, White, Male,-34,-2,40, United-States, >50K
35, Private,171469, 9th,10, Married-civ-spouse, ?, Husband, White, Female,108,6,40, Taiwan, >50K
29, Local-gov,361463, Some-college,9, Never-married, Craft-repair, Husband, White, Male,-19,3,49, United-States, <=50K
31, Private,5525, HS-grad,4, Married-civ-spouse, Exec-managerial, Own-child, White, Female,8,2169,44, United-States, <=50K
38, Private,170201, 7th-8th,8, Married-civ-spouse, Adm-clerical, Wife, White, Male,-57,1,40, Vietnam, <=50K
55, Private,127216, Bachelors,9, Never-married, Machine-op-inspct, Husband, White, Male,79,1,19, United-States, >50K
21, ?,96701, Some-college,9, Divorced, Sales, Own-child, Black, Female,66,0,32, Nicaragua, <=50K
29, Private,203839, Assoc-acdm,14, Never-married, Sales, Husband, Black, Male,-124,0,40, United-States, >50K
18, ?,186063, Some-college,9, Married-civ-spouse, Handlers-cleaners, Own-child, White, Male,-60,5,47, United-States, <=50K
32, Private,141402, HS-grad,4, Never-married, Handlers-cleaners, Husband, White, Male,-49,4,10, United-States, <=50K
19, ?,151523, 9th,9, Widowed, Craft-repair, Own-child, White, Male,-108,0,40, United-States, <=50K
46, Private,213196, 9th,3, Widowed, Adm-clerical, Husband, White, Male,-42,-1,40, United-States, >50K
43, Private,57841, Assoc-voc,10, Married-civ-spouse, Craft-repair, Own-child, White, Male,-70,0,67, Vietnam, <=50K
42, Private,36956, Some-college,9, Married-civ-spouse, Prof-specialty, Not-in-family, White, Male,-13,5,40, United-States, <=50K
76, Private,33768, HS-grad,13, Never-married, Prof-specialty, Not-in-family, Black, Male,-58,5,47, United-States, <=50K
24, Private,52037, HS-grad,4, Never-married, Transport-moving, Husband, White, Male,-114,3,70, United-States, >50K
27, Private,131083, HS-grad,10, Married-civ-spouse, Transport-moving, Husband, Black, Male,-15,1548,40, United-States, <=50K
33, Private,98777, HS-grad,10, Divorced, Tech-support, Not-in-family, White, Male,41,1,40, United-States, <=50K
25, Private,172645, HS-grad,1, Divorced, Exec-managerial, Not-in-family, Black, Male,6041,1,40, United-States, <=50K
21, Local-gov,160379, HS-grad,9, Married-civ-spouse, Transport-moving, Wife, White, Male,40,5,50, United-States, <=50K
28, Private,233095, 5th-6th,7, Married-civ-spouse, Craft-repair, Not-in-family, White, Male,-59,3,40, United-States, <=50K
91, Private,284572, 10th,9, Never-married, Prof-specialty, Husband, White, Male,-93,1913,27, United-States, <=50K
37, Private,203176, HS-grad,10, Divorced, Prof-specialty, Husband, White, Male,77,2,21, United-States, <=50K
31, Private,60606, Some-college,10, Married-civ-spouse, Farming-fishing, Husband, White, Male,78,5,40, United-States, <=50K
27, Self-emp-inc,333629, Bachelors,14, Married-civ-spouse, Craft-repair, Own-child, White, Male,-103,1879,40, United-States, <=50K
60, Self-emp-not-inc,136099, HS-grad,7, Never-married, Prof-specialty, Own-child, Black, Male,-25,1912,40, United-States, <=50K
52, Private,97419, HS-grad,3, Never-married, Other-service, Husband, White, Male,54,2,30, United-States, <=50K
45, Never-worked,3578, HS-grad,6, Never-married, Sales, Other-relative, White, Male,-38,3,40, Mexico, <=50K
24, Federal-gov,74943, HS-grad,9, Never-married, Craft-repair, Wife, White, Male,8278,2,40, United-States, <=50K
35, Private,24098, HS-grad,15, Never-married, Handlers-cleaners, Unmarried, White, Male,-25,8,40, United-States, <=50K
25, Private,59523, Prof-school,9, Never-married, Handlers-cleaners, Husband, White, Male,-77,2,40, United-States, <=50K
53, Private,335864, HS-grad,14, Never-married, Adm-clerical, Other-relative, White, Male,-56,0,40, United-States, <=50K
72, Never-worked,432499, HS-grad,8, Never-married, Craft-repair, Husband, Black, Male,14,6,48, United-States, <=50K
40, Self-emp-not-inc,235551, HS-grad,9, Married-civ-spouse, ?, Husband, White, Male,-9,-3,40, United-States, <=50K
30, Private,179003, Some-college,7, Married-spouse-absent, Craft-repair, Husband, White, Female,82,2,48, United-States, <=50K
72, Self-emp-not-inc,86647, HS-grad,14, Never-married, Sales, Unmarried, Asian-Pac-Islander, Male,73,3,40, United-States, <=50K
51, Local-gov,326352, HS-grad,14, Married-civ-spouse, Craft-repair, Wife, White, Female,-62,4,3, United-States, >50K
46, Private,198388, Masters,9, Married-civ-spouse, Transport-moving, Husband, Asian-Pac-Islander, Male,0,-5,40, China, <=50K
31, Private,197348, Assoc-acdm,10, Never-married, Sales, Not-in-family, Black, Male,-42,6,45, United-States, <=50K
30, Private,296282, Bachelors,9, Never-married, Prof-specialty, Not-in-family, Black, Female,19,1529,40, United-States, <=50K
23, ?,222671, Some-college,14, Divorced, Sales, Own-child, White, Male,3,0,40, United-States, <=50K
27, Private,130955, HS-grad,3, Never-married, Farming-fishing, Unmarried, White, Female,-96,1,40, United-States, <=50K
54, Private,17869, HS-grad,14, Never-married, ?, Not-in-family, White, Male,-55,2,40, United-States, >50K
19, Never-worked,145259, HS-grad,4, Widowed, Exec-managerial, Not-in-family, Asian-Pac-Islander, Male,-33,-3,59, ?, <=50K
22, Private,26042, HS-grad,9, Never-married, Sales, Unmarried, White, Male,-45,3,40, United-States, <=50K
37, Private,65019, Some-college,11, Married-civ-spouse, Prof-specialty, Other-relative, White, Male,-21,2,40, Philippines, >50K
59, Private,98610, HS-grad,9, Divorced, Other-service, Not-in-family, White, Male,-72,1,40, ?, <=50K
37, Private,63617, Some-college,6, Married-civ-spouse, ?, Other-relative, White, Male,-59,-1,40, United-States, <=50K
49, State-gov,183831, HS-grad,11, Married-civ-spouse, Transport-moving, Husband, White, Female,30,0,40, ?, <=50K
48, Private,68760, HS-grad,9, Divorced, Craft-repair, Husband, White, Male,27,-2,30, United-States, <=50K
29, ?,195924, HS-grad,9, Never-married, Farming-fishing, Husband, Black, Female,-98,1565,50, United-States, >50K
48, Federal-gov,134435, Some-college,6, Never-married, Craft-repair, Unmarried, White, Male,-22,1976,40, United-States, <=50K
37, Private,28524, Bachelors,9, Divorced, Transport-moving, Not-in-family, White, Male,5,2288,23, United-States, <=50K
35, Private,156300, HS-grad,4, Never-married, Other-service, Own-child, White, Male,1,4,40, United-States, <=50K
37, Private,174241, 7th-8th,10, Married-civ-spouse, Exec-managerial, Husband, White, Male,25,5,21, Jamaica, >50K
35, Private,44512, Bachelors,14, Never-married, Prof-specialty, Husband, Black, Male,97,3,49, United-States, <=50K
21, Private,12273, HS-grad,16, Never-married, ?, Husband, White, Female,-32,-4,40, United-States, >50K
49, Private,102589, Bachelors,7, Married-civ-spouse, Exec-managerial, Husband, White, Female,93,5,40, United-States, >50K
67, Private,144945, HS-grad,10, Divorced, Adm-clerical, Wife, White, Male,125,0,40, United-States, <=50K
32, Private,127472, HS-grad,7, Divorced, Sales, Not-in-family, White, Male,5,-3,33, United-States, <=50K
50, Private,362514, Some-college,6, Married-civ-spouse, Adm-clerical, Husband, Black, Male,17,0,40, Mexico, >50K
40, Private,61925, Some-college,8, Married-civ-spouse, Exec-managerial, Husband, White, Male,-27,-5,40, Hong, <=50K
21, Private,407584, 11th,13, Married-civ-spouse, Exec-managerial, Not-in-family, Black, Female,15,1,40, United-States, <=50K
59, Private,48918, Some-college,10, Separated, Prof-specialty, Husband, White, Male,27,0,40, Yugoslavia, <=50K
67, Private,88468, Some-college,12, Widowed, Exec-managerial, Own-child, White, Male,-38,1,58, Greece, >50K
50, Private,168785, Some-college,8, Married-civ-spouse, Handlers-cleaners, Own-child, White, Female,-65,-3,31, United-States, >50K
27, Private,89136, HS-grad,9, Married-civ-spouse, Craft-repair, Husband, Asian-Pac-Islander, Male,-17,-1,50, United-States, <=50K
65, Private,271770, Some-college,7, Widowed, Craft-repair, Other-relative, White, Male,-21,-1,29, United-States, <=50K
77, Private,386511, HS-grad,9, Never-married, Exec-managerial, Own-child, Black, Male,-96,-1,40, Japan, <=50K
47, Private,41131, HS-grad,6, Married-civ-spouse, Exec-managerial, Husband, White, Male,15,0,40, United-States, <=50K
40, Private,207108, Some-college,9, Never-married, Exec-managerial, Not-in-family, White, Male,-64,-2,28, Puerto-Rico, <=50K
28, Private,220804, Preschool,12, Never-married, Craft-repair, Unmarried, White, Male,57,0,40, Jamaica, >50K
20, Private,220422, Masters,13, Never-married, Sales, Own-child, Black, Female,83,4,40, United-States, >50K
50, Private,17881, 7th-8th,12, Married-civ-spouse, ?, Husband, Black, Male,-53,6,59, Jamaica, <=50K
44, Private,28433, Bachelors,13, Married-spouse-absent, Prof-specialty, Other-relative, Asian-Pac-Islander, Male,67,2,48, United-States, <=50K
28, Local-gov,151832, Some-college,13, Married-civ-spouse, Other-service, Husband, White, Male,-13,7,40, United-States, <=50K
31, Private,201806, HS-grad,9, Married-civ-spouse, Prof-specialty, Husband, White, Male,44,1728,64, United-States, >50K
33, Private,107694, HS-grad,4, Married-civ-spouse, Tech-support, Husband, Amer-Indian-Eskimo, Male,43,-2,40, ?, >50K
39, Private,88700, Some-college,13, Married-spouse-absent, Priv-house-serv, Other-relative, White, Male,5849,1617,40, United-States, <=50K
28, Self-emp-not-inc,237549, Some-college,7, Married-civ-spouse, Transport-moving, Husband, White, Female,7,1580,30, United-States, <=50K
27, Private,177011, HS-grad,7, Married-civ-spouse, Transport-moving, Own-child, Asian-Pac-Islander, Male,8699,4,40, United-States, <=50K
37, Self-emp-inc,178056, Prof-school,1, Married-civ-spouse, Prof-specialty, Not-in-family, White, Male,53,6,16, United-States, <=50K
73, Private,141400, HS-grad,10, Married-spouse-absent, Craft-repair, Other-relative, Asian-Pac-Islander, Male,-3,7,63, United-States, <=50K
38, Private,230873, HS-grad,6, Never-married, Sales, Unmarried, White, Male,-72,2,40, United-States, <=50K
45, Private,88511, HS-grad,10, Never-married, Craft-repair, Husband, White, Male,25,2,40, Philippines, <=50K
48, Private,204809, HS-grad,11, Married-civ-spouse, Adm-clerical, Unmarried, White, Male,-32,5,40, United-States, <=50K
25, Private,171902, Bachelors,9, Divorced, Exec-managerial, Own-child, White, Female,44,1,40, United-States, <=50K
25, Private,32319, Assoc-acdm,4, Married-civ-spouse, Exec-managerial, Husband, White, Male,13907,0,40, United-States, >50K
49, Private,57967, HS-grad,12, Married-civ-spouse, Exec-managerial, Own-child, Black, Male,7477,1,44, United-States, <=50K
82, Private,220485, HS-grad,10, Divorced, Machine-op-inspct, Not-in-family, Asian-Pac-Islander, Male,36,4,21, United-States, <=50K
38, Private,19114, HS-grad,4, Divorced, Handlers-cleaners, Husband, Other, Male,-62,2,40, ?, <=50K
48, Private,145672, Bachelors,12, Never-married, Exec-managerial, Husband, White, Female,-36,3,58, United-States, <=50K
49, Private,91746, 11th,9, Married-civ-spouse, Transport-moving, Own-child, White, Male,17,4,50, United-States, <=50K
74, Private,111184, HS-grad,13, Married-civ-spouse, Transport-moving, Not-in-family, White, Male,32,0,29, United-States, <=50K
41, Private,288460, 11th,9, Divorced, Prof-specialty, Not-in-family, White, Female,-91,3,28, Mexico, <=50K
46, Self-emp-not-inc,58855, Some-college,1, Divorced, Craft-repair, Own-child, Asian-Pac-Islander, Male,68,3,40, Philippines, <=50K
40, Private,234591, HS-grad,9, Married-civ-spouse, Handlers-cleaners, Not-in-family, Black, Male,-20,1811,49, United-States, <=50K
23, Self-emp-inc,121642, Some-college,4, Separated, Farming-fishing, Not-in-family, White, Male,69,-1,40, United-States, <=50K
33, Private,155422, HS-grad,2, Divorced, Adm-clerical, Unmarried, Asian-Pac-Islander, Male,-155,-1,48, Jamaica, <=50K
113, Private,319109, HS-grad,13, Married-spouse-absent, Prof-specialty, Husband, White, Male,30,5,40, United-States, >50K
35, Private,37115, 11th,7, Never-married, Craft-repair, Husband, Black, Male,-49,3,49, United-States, <=50K
20, Private,434661, HS-grad,9, Never-married, Craft-repair, Husband, White, Male,112,4,40, United-States, >50K
22, Private,182052, HS-grad,4, Separated, Adm-clerical, Husband, White, Male,-65,-1,40, United-States, <=50K
71, Private,134936, Some-college,9, Never-married, Adm-clerical, Not-in-family, White, Male,-17,5,47, United-States, >50K
51, Private,13523, HS-grad,6, Never-married, Exec-managerial, Not-in-family, White, Male,-84,-3,40, United-States, >50K
15, Private,272281, HS-grad,9, Married-civ-spouse, Adm-clerical, Not-in-family, Black, Male,-90,4,40, United-States, <=50K
63, Private,262003, 10th,9, Never-married, Other-service, Own-child, White, Male,8174,5,40, United-States, <=50K
22, Private,326377, Bachelors,12, Married-AF-spouse, Transport-moving, Not-in-family, White, Female,6575,5,31, United-States, <=50K
53, Private,172032, 5th-6th,6, Divorced, Craft-repair, Husband, White, Male,14,7,48, Mexico, <=50K
34, Private,157240, Bachelors,9, Married-AF-spouse, ?, Husband, White, Male,6704,7,29, United-States, <=50K
38, Federal-gov,220672, Some-college,6, Married-civ-spouse, Craft-repair, Not-in-family, Black, Male,6755,-3,18, India, <=50K
23, Private,244142, 5th-6th,14, Separated, Prof-specialty, Own-child, White, Male,0,1,28, United-States, <=50K
37, Private,44877, HS-grad,10, Married-civ-spouse, Prof-specialty, Husband, White, Male,-81,0,40, United-States, >50K
53, Private,499713, HS-grad,4, Married-civ-spouse, Sales, Wife, White, Male,-68,4,40, United-States, >50K
19, Self-emp-inc,56002, HS-grad,7, Never-married, Sales, Husband, White, Female,6889,2809,31, Iran, <=50K
64, Local-gov,172483, HS-grad,8, Married-civ-spouse, Handlers-cleaners, Husband, White, Male,34,-3,40, Guatemala, <=50K
38, Private,173756, Some-college,3, Married-civ-spouse, Exec-managerial, Own-child, White, Female,-24,3,40, United-States, >50K
45, Private,263871, HS-grad,3, Married-civ-spouse, Sales, Husband, White, Female,-126,0,12, Guatemala, <=50K
38, Private,476485, HS-grad,9, Never-married, Exec-managerial, Not-in-family, White, Male,37,5,40, United-States, >50K
42, Private,114429, HS-grad,12, Married-civ-spouse, Sales, Not-in-family, White, Male,-3,2,40, United-States, >50K
19, Private,146601, 7th-8th,12, Never-married, Craft-repair, Husband, White, Female,-66,2,42, United-States, <=50K
45, Private,50577, HS-grad,14, Divorced, Adm-clerical, Husband, White, Male,-14,5,40, United-States, <=50K
23, Private,332625, 9th,10, Never-married, Craft-repair, Own-child, White, Male,-86,-1,49, United-States, >50K
34, Private,489510, HS-grad,5, Never-married, Other-service, Unmarried, Black, Male,-112,2,40, United-States, <=50K
38, Private,226631, HS-grad,1, Married-civ-spouse, ?, Husband, White, Male,8279,7,29, Philippines, <=50K
42, Private,302750, Some-college,10, Married-civ-spouse, Adm-clerical, Husband, White, Female,2,2501,41, Mexico, <=50K
31, Private,108552, HS-grad,14, Married-civ-spouse, Exec-managerial, Husband, White, Male,23,4,40, Yugoslavia, <=50K
56, ?,153801, 11th,9, Married-civ-spouse, Craft-repair, Husband, White, Female,-11,2130,44, United-States, >50K
43, Private,91505, 11th,9, Married-civ-spouse, Adm-clerical, Husband, White, Male,-92,-1,40, Canada, <=50K
39, Private,163481, HS-grad,9, Never-married, Craft-repair, Husband, White, Male,-25,-3,6, United-States, >50K
84, Private,200252, HS-grad,13, Widowed, Transport-moving, Husband, White, Male,-112,4,6, Peru, >50K
56, Private,117074, 9th,14, Widowed, Craft-repair, Other-relative, White, Male,-31,1893,40, United-States, >50K
22, ?,40634, Some-college,10, Divorced, Sales, Not-in-family, Asian-Pac-Islander, Male,-85,6,48, United-States, <=50K
13, Private,114526, HS-grad,9, Married-spouse-absent, ?, Husband, Black, Male,47,1268,40, United-States, <=50K
71, Private,49727, HS-grad,9, Never-married, Craft-repair, Husband, White, Male,7,3,40, Germany, <=50K
59, Private,237494, HS-grad,11, Divorced, ?, Not-in-family, White, Male,39,-1,42, United-States, <=50K
26, Private,222961, HS-grad,13, Divorced, Prof-specialty, Own-child, White, Male,7738,0,40, Canada, <=50K
26, Private,162581, HS-grad,7, Married-civ-spouse, Prof-specialty, Not-in-family, Black, Male,-150,-6,40, United-States, <=50K
21, Private,36167, HS-grad,10, Married-civ-spouse, Prof-specialty, Husband, White, Female,4,2197,45, United-States, <=50K
28, Private,336872, Doctorate,7, Married-civ-spouse, Sales, Not-in-family, White, Male,-87,3,49, United-States, <=50K
36, Private,34132, 5th-6th,9, Married-spouse-absent, Other-service, Husband, White, Female,-39,6,40, United-States, <=50K
51, Federal-gov,50609, HS-grad,15, Never-married, Prof-specialty, Husband, White, Male,-85,1656,40, Germany, <=50K
28, Private,375171, 7th-8th,9, Never-married, Craft-repair, Husband, White, Male,-38,3,40, United-States, <=50K
52, Private,176810, HS-grad,9, Married-civ-spouse, Adm-clerical, Wife, Asian-Pac-Islander, Male,-126,-1,40, United-States, <=50K
25, Self-emp-not-inc,14002, HS-grad,14, Never-married, Protective-serv, Not-in-family, White, Male,-167,-1,48, United-States, <=50K
53, Private,153344, HS-grad,8, Never-married, Adm-clerical, Husband, White, Female,-93,1,40, United-States, <=50K
38, Federal-gov,195061, 10th,6, Never-married, ?, Own-child, White, Female,37,2,40, Mexico, >50K
51, Private,229368, HS-grad,5, Divorced, Prof-specialty, Not-in-family, White, Male,-45,0,29, Italy, >50K
70, Private,284864, Bachelors,11, Never-married, Farming-fishing, Husband, White, Male,20,4,40, United-States, <=50K
52, Private,105980, HS-grad,9, Married-civ-spouse, Prof-specialty, Unmarried, White, Female,-114,1,40, United-States, >50K
61, Self-emp-not-inc,227123, 7th-8th,9, Never-married, Adm-clerical, Husband, White, Male,74,5,40, United-States, <=50K
46, Private,40654, 5th-6th,14, Never-married, Adm-clerical, Not-in-family, White, Male,-14,6,40, United-States, <=50K
41, Private,300008, Some-college,9, Divorced, Adm-clerical, Not-in-family, White, Male,4270,0,40, Germany, <=50K
16, Private,236481, Some-college,10, Never-married, Tech-support, Not-in-family, Asian-Pac-Islander, Female,106,3,40, United-States, <=50K
39, Private,33418, HS-grad,9, Divorced, Other-service, Not-in-family, Asian-Pac-Islander, Male,7316,4,42, United-States, <=50K
39, Private,125367, Assoc-voc,13, Married-civ-spouse, Prof-specialty, Unmarried, White, Male,34,1938,31, China, <=50K
30, Private,262969, HS-grad,13, Married-spouse-absent, Prof-specialty, Own-child, White, Male,-22,-1,40, United-States, <=50K
30, Private,50505, Bachelors,10, Married-civ-spouse, Sales, Wife, White, Male,-86,-1,47, United-States, >50K
36, Private,158334, HS-grad,9, Never-married, Machine-op-inspct, Unmarried, White, Male,-128,4,49, United-States, >50K
50, Private,151790, Bachelors,16, Married-civ-spouse, Other-service, Husband, White, Male,3393,2073,40, United-States, <=50K
31, Private,19930, HS-grad,13, Married-civ-spouse, Transport-moving, Husband, Black, Male,2,1481,40, United-States, <=50K
44, Private,9168, HS-grad,7, Never-married, Adm-clerical, Own-child, Asian-Pac-Islander, Female,40,2052,40, United-States, >50K
58, Private,323020, Assoc-voc,9, Never-married, Machine-op-inspct, Unmarried, White, Male,-48,1,40, United-States, >50K
36, Private,270532, Some-college,9, Married-civ-spouse, Prof-specialty, Husband, White, Male,33,2,40, United-States, <=50K
41, Private,147400, 7th-8th,9, Never-married, Craft-repair, Husband, White, Male,84,1996,40, United-States, <=50K
90, Private,202381, HS-grad,8, Married-civ-spouse, Sales, Husband, White, Male,-108,0,40, United-States, <=50K
34, Private,276041, Bachelors,4, Married-spouse-absent, Sales, Own-child, White, Male,-23,6,40, United-States, <=50K
66, Private,198022, HS-grad,4, Divorced, Prof-specialty, Husband, Black, Male,0,5,40, United-States, >50K
87, Private,236934, Preschool,4, Married-civ-spouse, Tech-support, Not-in-family, Black, Male,-13,2219,50, England, <=50K
78, Private,158861, HS-grad,9, Never-married, Prof-specialty, Husband, White, Female,-115,4,49, United-States, >50K
32, State-gov,126839, HS-grad,5, Married-spouse-absent, Adm-clerical, Husband, White, Male,-1,6,80, United-States, >50K
58, Private,11304, Some-college,6, Married-civ-spouse, Craft-repair, Husband, White, Male,0,0,40, ?, <=50K
26, Private,-2135, Assoc-voc,9, Married-civ-spouse, Adm-clerical, Not-in-family, White, Male,-140,4,40, United-States, <=50K
28, Private,41455, HS-grad,9, Married-civ-spouse, Sales, Own-child, White, Male,7,2,43, Haiti, >50K
61, Private,161919, Some-college,7, Divorced, Prof-specialty, Unmarried, White, Female,-66,3,40, United-States, <=50K
38, Private,18627, Assoc-voc,4, Married-civ-spouse, ?, Unmarried, White, Male,51,4,40, United-States, <=50K
51, State-gov,55289, HS-grad,14, Married-civ-spouse, Craft-repair, Unmarried, White, Male,-12,-1,31, United-States, >50K
30, Private,291163, Some-college,14, Never-married, Exec-managerial, Husband, Black, Male,-54,2,47, United-States, >50K
50, ?,-888, Some-college,9, Married-civ-spouse, Adm-clerical, Not-in-family, White, Male,-68,5,40, United-States, >50K
27, Private,88483, HS-grad,9, Never-married, Adm-clerical, Husband, White, Male,-36,1,94, Poland, <=50K
36, Private,189912, HS-grad,8, Never-married, Handlers-cleaners, Husband, Black, Male,-54,1627,40, United-States, <=50K
24, Private,15782, 5th-6th,14, Married-civ-spouse, Prof-specialty, Husband, Black, Male,7389,7,40, United-States, <=50K
72, Private,534236, 12th,7, Married-civ-spouse, ?, Husband, White, Male,4413,6,40, Outlying-US(Guam-USVI-etc), >50K
18, Private,122050, HS-grad,7, Never-married, Other-service, Husband, White, Male,89,8,40, United-States, >50K
36, Private,215569, 12th,9, Married-civ-spouse, Craft-repair, Own-child, Amer-Indian-Eskimo, Male,-76,4,40, United-States, <=50K
35, Private,13613, Bachelors,10, Never-married, Other-service, Husband, White, Male,2491,-1,41, United-States, <=50K
32, Private,18502, HS-grad,8, Never-married, Craft-repair, Not-in-family, White, Male,-129,-3,40, United-States, <=50K
23, Private,122211, 5th-6th,12, Never-married, Tech-support, Not-in-family, Other, Male,-45,6,19, United-States, <=50K
40, Private,96676, HS-grad,9, Married-civ-spouse, Handlers-cleaners, Husband, Asian-Pac-Islander, Female,-80,2,40, Philippines, <=50K
71, ?,211646, HS-grad,13, Married-civ-spouse, Exec-managerial, Husband, White, Female,17,-1,54, Italy, <=50K
35, Self-emp-not-inc,21300, Assoc-acdm,10, Never-married, Machine-op-inspct, Own-child, White, Female,51,0,40, United-States, >50K
57, Private,48607, HS-grad,9, Widowed, Transport-moving, Unmarried, Asian-Pac-Islander, Male,6235,0,40, United-States, >50K
36, Private,116831, Some-college,9, Widowed, Transport-moving, Wife, White, Male,349,5,18, United-States, >50K
30, Private,142593, HS-grad,11, Married-civ-spouse, Craft-repair, Own-child, White, Male,1555,-1,52, United-States, <=50K
48, Private,47853, 7th-8th,9, Never-married, Protective-serv, Husband, White, Female,11,0,42, United-States, <=50K
70, Private,76515, HS-grad,5, Widowed, Prof-specialty, Husband, Black, Male,-115,3,40, United-States, <=50K
79, Private,143577, HS-grad,13, Never-married, Exec-managerial, Husband, Black, Female,37,2,40, United-States, <=50K
23, Local-gov,421559, Assoc-acdm,9, Married-civ-spouse, Craft-repair, Husband, White, Male,2,4,40, United-States, <=50K
17, Private,173857, 7th-8th,14, Divorced, Prof-specialty, Husband, White, Male,-94,3,10, United-States, <=50K
72, Private,40901, HS-grad,6, Divorced, Farming-fishing, Husband, Black, Female,-105,4,40, United-States, <=50K
25, State-gov,117673, 10th,6, Married-civ-spouse, Craft-repair, Unmarried, White, Male,-66,4,40, Guatemala, <=50K
42, Private,247768, Some-college,0, Divorced, Craft-repair, Husband, White, Male,-18,6,49, United-States, >50K
65, Private,107588, HS-grad,10, Separated, Craft-repair, Not-in-family, White, Female,-27,7,56, United-States, >50K
28, Private,276456, HS-grad,9, Widowed, Prof-specialty, Other-relative, Asian-Pac-Islander, Male,-137,5,40, United-States, <=50K
24, Self-emp-inc,138395, Some-college,10, Married-civ-spouse, Prof-specialty, Not-in-family, Asian-Pac-Islander, Male,2303,-3,14, United-States, <=50K
32, Private,35016, Masters,13, Married-civ-spouse, Handlers-cleaners, Not-in-family, White, Male,-48,2,40, United-States, <=50K
46, Federal-gov,193127, HS-grad,9, Never-married, Craft-repair, Husband, White, Male,-62,5,48, United-States, <=50K
35, Private,221647, Assoc-acdm,6, Married-civ-spouse, Protective-serv, Own-child, White, Male,5794,3,40, United-States, <=50K
63, Private,-3415, HS-grad,14, Never-married, Craft-repair, Husband, Black, Male,-122,1,55, United-States, <=50K
67, Private,28291, HS-grad,5, Never-married, Priv-house-serv, Unmarried, White, Female,-64,6,29, United-States, <=50K
26, Private,134830, 10th,13, Married-civ-spouse, Transport-moving, Unmarried, Black, Male,82,1,40, United-States, <=50K
28, Private,165661, HS-grad,3, Married-civ-spouse, Adm-clerical, Husband, Black, Male,-108,-2,40, United-States, <=50K
56, State-gov,97487, HS-grad,6, Married-civ-spouse, Protective-serv, Wife, White, Male,6637,1,40, United-States, <=50K
53, Local-gov,184150, HS-grad,9, Married-civ-spouse, Exec-managerial, Husband, White, Male,44,2,44, United-States, <=50K
38, Private,180656, Some-college,5, Married-civ-spouse, Craft-repair, Not-in-family, White, Female,-53,-1,40, United-States, >50K
65, ?,177904, Some-college,9, Never-married, Other-service, Husband, White, Male,29,1706,48, United-States, <=50K
33, Private,42777, Masters,14, Married-civ-spouse, Exec-managerial, Unmarried, White, Male,-48,-4,40, United-States, <=50K
56, Private,176118, Bachelors,9, Married-civ-spouse, Adm-clerical, Wife, Black, Male,-86,3,40, United-States, <=50K
17, Private,180654, 12th,7, Separated, Exec-managerial, Husband, White, Male,14225,3,40, United-States, >50K
38, ?,191670, HS-grad,7, Never-married, Craft-repair, Wife, White, Male,-68,2154,40, Peru, <=50K
63, Private,188785, HS-grad,12, Never-married, Adm-clerical, Not-in-family, White, Male,37,2397,48, United-States, >50K
36, Private,29140, Some-college,9, Married-civ-spouse, Prof-specialty, Unmarried, Asian-Pac-Islander, Female,-31,-2,40, United-States, >50K
26, Private,134354, HS-grad,9, Never-married, Protective-serv, Other-relative, White, Male,-34,2,40, United-States, >50K
61, Self-emp-inc,312964, HS-grad,7, Married-civ-spouse, Exec-managerial, Husband, Black, Male,-5,1,40, United-States, <=50K
24, Local-gov,42898, HS-grad,9, Married-civ-spouse, Prof-specialty, Not-in-family, White, Male,-110,1545,40, United-States, <=50K
67, Self-emp-inc,335091, HS-grad,14, Widowed, Craft-repair, Other-relative, Asian-Pac-Islander, Male,49,0,40, United-States, >50K
32, Private,59044, HS-grad,6, Married-civ-spouse, Prof-specialty, Husband, Asian-Pac-Islander, Male,-35,-1,40, United-States, >50K
54, Private,14927, Preschool,9, Never-married, Adm-clerical, Not-in-family, Asian-Pac-Islander, Female,3486,7,54, France, <=50K
27, ?,53172, 12th,11, Separated, Sales, Husband, Black, Male,-56,-2,40, United-States, >50K
63, Private,218213, 7th-8th,11, Never-married, Tech-support, Husband, Black, Male,-2,-2,35, United-States, <=50K
31, Self-emp-inc,241818, HS-grad,14, Married-civ-spouse, Craft-repair, Not-in-family, Black, Male,-70,-2,40, United-States, <=50K
55, Private,179214, Some-college,14, Never-married, Tech-support, Not-in-family, White, Female,43,1752,28, United-States, <=50K
54, Private,227934, Bachelors,14, Married-spouse-absent, Craft-repair, Not-in-family, White, Male,-104,7,40, Cambodia, <=50K
79, Private,110680, Masters,7, Married-civ-spouse, Prof-specialty, Husband, White, Male,-58,1,40, United-States, <=50K
22, Private,39891, 12th,9, Divorced, Exec-managerial, Husband, White, Male,97,2874,29, United-States, <=50K
34, Private,284774, HS-grad,10, Never-married, Machine-op-inspct, Husband, White, Female,34,0,41, Haiti, <=50K
39, Self-emp-not-inc,212181, HS-grad,9, Widowed, Protective-serv, Not-in-family, White, Male,-68,5,40, United-States, >50K
33, Private,169519, HS-grad,14, Never-married, Other-service, Unmarried, White, Male,78,2,40, El-Salvador, <=50K
49, Private,174009, Bachelors,9, Never-married, Farming-fishing, Other-relative, White, Male,15,-1,29, Mexico, <=50K
33, Private,20015, 9th,14, Married-civ-spouse, Exec-managerial, Not-in-family, White, Male,-102,-4,40, United-States, >50K
49, Private,4487, 10th,14, Never-married, Sales, Husband, White, Male,-131,2,40, Cambodia, <=50K
23, Private,160299, HS-grad,11, Never-married, Exec-managerial, Husband, White, Male,123,7,48, United-States, >50K
22, Private,100755, Some-college,3, Married-civ-spouse, Craft-repair, Husband, Amer-Indian-Eskimo, Female,-69,3276,3, United-States, >50K
45, Private,18076, HS-grad,3, Married-civ-spouse, Prof-specialty, Wife, White, Male,-19,-2,40, United-States, >50K
68, ?,110944, HS-grad,9, Never-married, Transport-moving, Husband, Black, Male,-100,-1,40, United-States, <=50K
41, Private,340818, Preschool,13, Divorced, Craft-repair, Wife, White, Male,14749,6,48, Holand-Netherlands, <=50K
102, Self-emp-inc,318594, HS-grad,14, Divorced, Farming-fishing, Husband, White, Male,-77,-2,41, United-States, <=50K
52, Private,425960, Some-college,9, Married-civ-spouse, Prof-specialty, Husband, White, Female,-110,5,28, South, >50K
98, Private,26872, Bachelors,10, Married-civ-spouse, ?, Husband, White, Male,-110,5,40, United-States, <=50K
47, Private,38608, 12th,14, Never-married, Prof-specialty, Not-in-family, White, Female,-67,0,40, United-States, >50K
40, Private,180228, HS-grad,11, Never-married, Farming-fishing, Own-child, White, Female,-65,3,40, United-States, >50K
35, Private,280359, Masters,6, Married-spouse-absent, Other-service, Own-child, Asian-Pac-Islander, Female,83,8,47, United-States, <=50K
30, Private,143011, HS-grad,10, Divorced, ?, Own-child, White, Male,49,5,-1, Germany, <=50K
34, Private,268609, HS-grad,9, Married-civ-spouse, Transport-moving, Not-in-family, Asian-Pac-Islander, Male,-35,4,13, United-States, <=50K
28, Private,143460, Bachelors,3, Never-married, Craft-repair, Husband, White, Male,-2,1,40, Mexico, >50K
45, Private,227630, HS-grad,14, Married-civ-spouse, Craft-repair, Husband, Black, Male,-41,-4,30, United-States, >50K
74, Private,179242, Assoc-voc,9, Separated, Craft-repair, Husband, Asian-Pac-Islander, Male,110,1606,32, ?, <=50K
32, Private,105927, HS-grad,9, Never-married, Craft-repair, Husband, White, Male,76,5,40, United-States, <=50K
57, Self-emp-inc,166969, HS-grad,14, Married-civ-spouse, Farming-fishing, Wife, White, Female,54,0,5, United-States, <=50K
61, Private,121205, Assoc-voc,5, Married-civ-spouse, Sales, Not-in-family, White, Male,-131,2,40, United-States, <=50K
30, Private,49474, HS-grad,9, Never-married, Sales, Not-in-family, White, Female,179,-3,51, United-States, <=50K
39, Private,468052, Some-college,9, Never-married, Sales, Husband, White, Female,-86,1975,40, United-States, >50K
16, Private,162075, 1st-4th,7, Separated, Exec-managerial, Not-in-family, Black, Male,-18,1799,12, United-States, >50K
25, Local-gov,113383, Bachelors,9, Divorced, Other-service, Not-in-family, White, Male,-54,7,40, United-States, <=50K
21, Private,159902, Some-college,6, Divorced, Craft-repair, Other-relative, White, Female,-108,-1,26, Jamaica, <=50K
46, Private,239712, Bachelors,5, Divorced, Other-service, Husband, White, Female,52,5,40, United-States, <=50K
49, Private,216474, HS-grad,13, Never-married, Other-service, Not-in-family, Other, Male,-101,7,32, United-States, <=50K
85, Private,49744, HS-grad,13, Widowed, Transport-moving, Husband, White, Male,2,1,40, United-States, <=50K
23, Local-gov,236749, Bachelors,14, Married-civ-spouse, Sales, Husband, White, Male,8177,1,33, Mexico, <=50K
38, Private,166519, Masters,10, Married-civ-spouse, Adm-clerical, Unmarried, White, Male,14923,3,-2, United-States, <=50K
61, Private,210664, Prof-school,14, Separated, Sales, Husband, Black, Female,5,2117,40, United-States, <=50K
40, Private,33450, 5th-6th,10, Never-married, ?, Husband, Black, Male,6739,1615,40, United-States, <=50K
35, Private,63893, HS-grad,16, Married-civ-spouse, Exec-managerial, Wife, White, Male,3266,1,54, United-States, <=50K
89, Private,63573, Masters,9, Divorced, Craft-repair, Not-in-family, White, Male,-44,-1,43, United-States, <=50K
34, Private,189847, 5th-6th,14, Never-married, Craft-repair, Not-in-family, White, Male,-76,4,16, United-States, <=50K
48, Private,57370, Assoc-voc,12, Never-married, Other-service, Own-child, White, Male,1896,5,40, United-States, >50K
23, Private,207173, HS-grad,9, Never-married, Transport-moving, Husband, White, Male,-82,-1,44, United-States, <=50K
40, Private,1511, HS-grad,10, Married-civ-spouse, Craft-repair, Not-in-family, White, Male,45,1,41, United-States, <=50K
22, Private,154984, HS-grad,4, Never-married, ?, Husband, Black, Male,61,4,55, United-States, <=50K
101, Private,48537, Masters,9, Married-spouse-absent, Prof-specialty, Not-in-family, White, Male,14,6,48, United-States, <=50K
51, Self-emp-not-inc,167092, Some-college,10, Married-civ-spouse, Adm-clerical, Not-in-family, White, Male,1950,1,40, United-States, >50K
49, Private,111873, 9th,8, Never-married, Craft-repair, Unmarried, White, Female,-43,-3,40, United-States, <=50K
41, Federal-gov,118630, HS-grad,12, Married-civ-spouse, Transport-moving, Husband, Asian-Pac-Islander, Male,76,3,40, United-States, <=50K
17, Private,19206, HS-grad,4, Married-civ-spouse, Tech-support, Own-child, White, Male,-18,-4,40, El-Salvador, <=50K
35, Private,150011, HS-grad,9, Never-married, Craft-repair, Wife, White, Male,-98,7,49, United-States, <=50K
99, State-gov,12878, HS-grad,12, Never-married, Craft-repair, Husband, White, Male,-69,3,40, United-States, <=50K
30, Private,154320, HS-grad,7, Married-civ-spouse, ?, Husband, Asian-Pac-Islander, Female,-95,0,31, United-States, <=50K
26, Private,37487, 11th,9, Widowed, Other-service, Husband, White, Male,-78,6,40, United-States, <=50K
22, Private,180530, 7th-8th,9, Married-civ-spouse, Handlers-cleaners, Not-in-family, White, Male,-64,0,40, United-States, <=50K
64, Private,168059, Bachelors,10, Never-married, Other-service, Own-child, White, Male,55,2,50, United-States, >50K
42, Private,141382, HS-grad,16, Never-married, Craft-repair, Not-in-family, White, Female,6742,1683,40, United-States, >50K
37, Private,29346, Assoc-voc,9, Married-civ-spouse, Adm-clerical, Wife, White, Male,27,5,40, United-States, >50K
77, Private,101925, Masters,14, Married-civ-spouse, Tech-support, Not-in-family, White, Male,-16,5,40, United-States, >50K
21, State-gov,10877, Assoc-acdm,8, Married-civ-spouse, Craft-repair, Not-in-family, White, Male,-41,1,36, United-States, <=50K
20, Self-emp-not-inc,192277, HS-grad,9, Married-civ-spouse, Other-service, Other-relative, Amer-Indian-Eskimo, Male,-9,-1,40, United-States, >50K
47, Private,197358, Some-college,9, Widowed, Craft-repair, Own-child, White, Male,-97,5,40, United-States, <=50K
88, Private,213188, HS-grad,9, Married-civ-spouse, Craft-repair, Husband, White, Male,8271,2,40, United-States, >50K
46, Private,147001, 11th,4, Divorced, Sales, Husband, White, Male,-89,2328,40, United-States, <=50K
66, Private,164852, HS-grad,9, Never-married, Adm-clerical, Not-in-family, White, Female,-123,-2,40, United-States, <=50K
34, Local-gov,67589, Some-college,13, Separated, Other-service, Husband, White, Female,-16,0,42, United-States, <=50K
47, Private,239701, Some-college,3, Widowed, Prof-specialty, Not-in-family, White, Female,-65,4,42, France, <=50K
36, Private,162780, HS-grad,9, Never-married, Prof-specialty, Husband, Black, Female,34,2,47, United-States, <=50K
51, Local-gov,264860, 1st-4th,14, Widowed, Transport-moving, Other-relative, Asian-Pac-Islander, Female,-74,2,60, Cuba, <=50K
65, Private,28921, Bachelors,14, Married-civ-spouse, ?, Own-child, White, Female,7906,-2,40, United-States, <=50K
22, Local-gov,14280, Masters,9, Married-civ-spouse, ?, Husband, White, Female,6,8,40, United-States, <=50K
38, Private,390269, HS-grad,11, Married-civ-spouse, Tech-support, Unmarried, White, Male,4,6,37, El-Salvador, <=50K
59, Federal-gov,203247, HS-grad,12, Married-civ-spouse, Adm-clerical, Husband, Black, Male,-21,3,40, United-States, <=50K
47, Private,229933, HS-grad,9, Never-married, Farming-fishing, Husband, White, Male,-41,1914,40, Outlying-US(Guam-USVI-etc), <=50K
80, Private,6083, Assoc-acdm,9, Never-married, Adm-clerical, Unmarried, White, Male,-36,3,40, United-States, >50K
47, Private,16847, Some-college,7, Married-civ-spouse, Transport-moving, Not-in-family, White, Female,11,7,40, United-States, <=50K
17, Never-worked,98486, Some-college,5, Divorced, Other-service, Husband, White, Male,1153,2420,40, Mexico, <=50K
43, Private,326213, Assoc-acdm,10, Divorced, Craft-repair, Husband, Black, Male,-25,6,-4, Haiti, <=50K
19, Without-pay,195543, 11th,10, Married-civ-spouse, Protective-serv, Not-in-family, White, Male,-25,1,48, United-States, >50K
60, State-gov,397797, HS-grad,9, Never-married, Sales, Not-in-family, Black, Female,-127,-2,40, United-States, >50K
39, State-gov,28739, 5th-6th,4, Never-married, Prof-specialty, Husband, Asian-Pac-Islander, Male,17,4,40, ?, <=50K
69, Federal-gov,162110, Some-college,3, Never-married, ?, Unmarried, White, Male,-82,6,59, United-States, <=50K
23, Private,201705, Bachelors,14, Married-civ-spouse, Handlers-cleaners, Unmarried, White, Male,13398,6,40, United-States, >50K
35, Private,327247, 5th-6th,9, Divorced, Transport-moving, Husband, Black, Male,15,0,40, United-States, <=50K
27, Private,110498, HS-grad,9, Married-civ-spouse, Farming-fishing, Unmarried, White, Male,23,4,40, United-States, >50K
85, Federal-gov,121406, Masters,8, Married-civ-spouse, ?, Husband, Other, Male,93,7,33, United-States, <=50K
53, Private,48608, Some-college,8, Married-civ-spouse, Adm-clerical, Wife, White, Male,9,-4,40, United-States, <=50K
30, Private,173958, HS-grad,14, Married-civ-spouse, Sales, Own-child, Black, Male,10,1,52, United-States, >50K
31, Private,63980, HS-grad,5, Never-married, Other-service, Husband, Black, Male,-34,4,40, United-States, <=50K
36, Private,193041, HS-grad,7, Divorced, Exec-managerial, Not-in-family, White, Female,-23,1,47, United-States, >50K
31, Private,112814, HS-grad,10, Married-civ-spouse, ?, Husband, White, Male,37,-4,40, United-States, <=50K
37, Private,251116, Some-college,9, Never-married, Craft-repair, Husband, White, Male,-88,1,40, United-States, <=50K
65, Private,215370, Bachelors,10, Married-civ-spouse, Adm-clerical, Other-relative, White, Male,-81,-1,48, United-States, <=50K
57, Self-emp-inc,40385, HS-grad,9, Never-married, Craft-repair, Own-child, Black, Female,4846,1,31, United-States, <=50K
38, Private,162584, Some-college,9, Divorced, Adm-clerical, Not-in-family, Other, Male,-22,4,32, United-States, <=50K
46, Private,193596, HS-grad,9, Never-married, Craft-repair, Husband, Black, Female,34,-3,40, United-States, >50K
21, Private,128522, Assoc-voc,13, Married-civ-spouse, Exec-managerial, Husband, White, Male,8,1,37, United-States, >50K
33, ?,260378, Masters,12, Never-married, Protective-serv, Husband, White, Male,-69,2059,40, United-States, <=50K
34, Self-emp-not-inc,237497, Some-college,9, Never-married, Craft-repair, Husband, Black, Male,-87,1,32, United-States, <=50K
35, Self-emp-not-inc,26863, Assoc-acdm,9, Married-civ-spouse, Farming-fishing, Not-in-family, Amer-Indian-Eskimo, Male,-68,-1,9, United-States, <=50K
50, Private,200458, HS-grad,9, Married-civ-spouse, Adm-clerical, Own-child, White, Male,-53,-1,40, United-States, <=50K
55, Private,253537, HS-grad,13, Married-spouse-absent, Prof-specialty, Husband, White, Male,-12,3,40, United-States, <=50K
35, Self-emp-inc,176200, 9th,16, Married-civ-spouse, Prof-specialty, Husband, Amer-Indian-Eskimo, Male,40,2,40, United-States, <=50K
47, Private,232434, 5th-6th,11, Never-married, Other-service, Husband, Black, Male,69,2214,43, United-States, <=50K
31, Private,109073, Masters,3, Never-married, Craft-repair, Own-child, White, Male,-81,-1,40, Columbia, >50K
42, Private,128311, 9th,3, Never-married, Other-service, Other-relative, Black, Male,22,2158,40, Philippines, <=50K
36, Private,115505, HS-grad,9, Widowed, Adm-clerical, Wife, Asian-Pac-Islander, Male,-91,5,49, United-States, >50K
66, Private,303985, HS-grad,13, Married-civ-spouse, Protective-serv, Own-child, White, Male,-29,-1,40, United-States, >50K
32, Local-gov,1123, 7th-8th,4, Married-civ-spouse, Sales, Own-child, White, Male,28,7,9, United-States, <=50K
24, Private,253788, Masters,6, Married-civ-spouse, Prof-specialty, Not-in-family, Black, Male,-49,4,58, United-States, <=50K
24, Private,192919, Some-college,5, Never-married, ?, Husband, Amer-Indian-Eskimo, Female,-98,1477,50, United-States, >50K
40, Private,139638, 12th,10, Divorced, Craft-repair, Husband, White, Male,73,0,40, Jamaica, <=50K
51, Private,119724, Masters,9, Never-married, Prof-specialty, Husband, White, Male,-39,4,40, United-States, >50K
27, Private,106150, HS-grad,14, Married-civ-spouse, Tech-support, Husband, Asian-Pac-Islander, Male,-75,4,40, Philippines, <=50K
31, Private,142724, 11th,11, Divorced, Craft-repair, Not-in-family, White, Male,-27,4,40, United-States, <=50K
68, Private,177279, 7th-8th,12, Married-civ-spouse, Protective-serv, Not-in-family, Asian-Pac-Islander, Male,-50,2,40, United-States, <=50K
31, Private,228954, HS-grad,9, Never-married, Sales, Unmarried, White, Male,14576,2,12, United-States, <=50K
34, Private,195163, Some-college,13, Never-married, Adm-clerical, Wife, Asian-Pac-Islander, Male,-109,7,40, United-States, <=50K
37, Private,153738, HS-grad,10, Divorced, Exec-managerial, Husband, White, Male,-11,-2,40, United-States, >50K
52, Private,197096, 7th-8th,9, Never-married, Prof-specialty, Husband, White, Male,4082,-1,40, Cuba, <=50K
25, Self-emp-inc,242380, 1st-4th,14, Never-married, Exec-managerial, Husband, White, Male,127,-2,40, Nicaragua, <=50K
34, Private,47625, Assoc-voc,7, Never-married, Prof-specialty, Not-in-family, White, Male,14,-3,40, United-States, <=50K
54, Self-emp-inc,238987, HS-grad,5, Never-married, Other-service, Not-in-family, Black, Male,14,1916,47, Iran, >50K
25, Private,142065, Masters,10, Married-civ-spouse, Other-service, Unmarried, Other, Female,-87,2,40, Haiti, <=50K
34, Local-gov,148304, Assoc-acdm,2, Never-married, Craft-repair, Own-child, White, Male,19,5,40, United-States, >50K
72, State-gov,162510, Bachelors,9, Never-married, Exec-managerial, Own-child, Asian-Pac-Islander, Female,39,5,40, United-States, >50K
32, Private,143557, 11th,10, Never-married, Exec-managerial, Not-in-family, White, Male,6996,-1,40, United-States, <=50K
58, Private,132591, Some-college,14, Widowed, Craft-repair, Not-in-family, Black, Female,-50,-1,48, United-States, <=50K
37, Private,197526, HS-grad,10, Widowed, Prof-specialty, Husband, Black, Male,-67,-1,40, United-States, <=50K
29, Local-gov,320833, 10th,13, Married-civ-spouse, Prof-specialty, Not-in-family, Black, Male,-40,-2,40, United-States, <=50K
56, Private,141478, Some-college,7, Never-married, Transport-moving, Husband, Black, Male,20,0,36, United-States, <=50K
48, Local-gov,34759, HS-grad,10, Married-civ-spouse, Handlers-cleaners, Husband, Amer-Indian-Eskimo, Male,-108,2,28, United-States, <=50K
63, Private,312131, Bachelors,9, Married-civ-spouse, Craft-repair, Husband, White, Male,-48,4,40, United-States, <=50K
49, Private,83781, Some-college,8, Married-AF-spouse, Exec-managerial, Not-in-family, Black, Female,-23,3,40, Taiwan, <=50K
19, Private,79973, Some-college,9, Married-civ-spouse, Other-service, Own-child, White, Male,8,1965,42, United-States, <=50K
51, Private,106637, Bachelors,7, Never-married, ?, Own-child, Black, Female,56,7,48, United-States, <=50K
31, Private,109026, HS-grad,9, Never-married, ?, Own-child, Asian-Pac-Islander, Male,-35,-1,10, United-States, <=50K
40, Private,421032, Bachelors,9, Married-civ-spouse, Craft-repair, Own-child, White, Female,-62,4,40, United-States, >50K
22, State-gov,235164, HS-grad,12, Married-civ-spouse, Craft-repair, Husband, White, Male,-85,2,40, United-States, <=50K
42, Self-emp-inc,260239, 10th,9, Married-civ-spouse, Other-service, Husband, Amer-Indian-Eskimo, Male,20,4,40, France, <=50K
89, Private,194100, Masters,9, Married-civ-spouse, Craft-repair, Not-in-family, Black, Male,-129,7,40, United-States, <=50K
54, Private,174405, 7th-8th,10, Divorced, Adm-clerical, Not-in-family, Asian-Pac-Islander, Male,27,5,40, United-States, <=50K
29, Private,229457, Assoc-voc,9, Widowed, Craft-repair, Unmarried, Black, Male,163,7,42, Dominican-Republic, >50K
44, Private,289079, Assoc-acdm,5, Widowed, Prof-specialty, Wife, Black, Male,5,0,40, United-States, <=50K
25, Private,59917, Bachelors,10, Divorced, Sales, Husband, White, Male,74,-1,40, England, <=50K
18, Private,152269, 10th,13, Separated, Adm-clerical, Husband, White, Male,2552,2246,40, United-States, <=50K
50, Private,190632, HS-grad,13, Married-civ-spouse, Adm-clerical, Husband, White, Male,25,-5,40, Haiti, <=50K
22, Private,40038, HS-grad,13, Married-civ-spouse, Craft-repair, Husband, White, Male,-111,0,33, United-States, <=50K
36, Private,77032, Bachelors,6, Divorced, Machine-op-inspct, Husband, White, Male,1,6,10, United-States, <=50K
32, Private,19899, Masters,3, Separated, Handlers-cleaners, Not-in-family, White, Male,-561,3,48, United-States, <=50K
28, Private,189611, Assoc-voc,9, Married-civ-spouse, Machine-op-inspct, Other-relative, White, Male,80,7,40, United-States, <=50K
28, Self-emp-not-inc,57274, Assoc-voc,11, Married-civ-spouse, Craft-repair, Own-child, White, Male,-3,-6,69, United-States, <=50K
28, Private,59609, HS-grad,9, Married-civ-spouse, Sales, Not-in-family, Black, Female,-67,-1,40, United-States, <=50K
59, Local-gov,127827, 5th-6th,10, Married-civ-spouse, Transport-moving, Husband, White, Male,-84,2,33, Haiti, >50K
31, Private,97040, HS-grad,9, Married-civ-spouse, Tech-support, Own-child, Black, Female,-63,7,44, United-States, <=50K
27, Private,176403, Some-college,7, Married-civ-spouse, Exec-managerial, Husband, Asian-Pac-Islander, Female,-56,4,40, United-States, <=50K
76, Private,180883, HS-grad,3, Never-married, Transport-moving, Wife, White, Male,108,2,40, United-States, <=50K
21, Federal-gov,312789, Masters,10, Separated, Sales, Husband, Black, Male,-30,2,14, United-States, <=50K
47, Local-gov,210209, Some-college,10, Never-married, Other-service, Husband, White, Male,-71,2069,40, United-States, <=50K
30, Private,206094, Bachelors,9, Separated, ?, Husband, White, Female,-91,1780,40, United-States, <=50K
35, Private,25954, HS-grad,7, Never-married, Prof-specialty, Husband, White, Male,25,2,40, United-States, >50K
40, Self-emp-inc,146198, 7th-8th,10, Married-civ-spouse, Exec-managerial, Not-in-family, Amer-Indian-Eskimo, Male,-50,8,50, United-States, >50K
75, Private,16195, Bachelors,12, Never-married, Adm-clerical, Not-in-family, White, Male,33,5,44, United-States, <=50K
50, Local-gov,145861, HS-grad,6, Divorced, Priv-house-serv, Own-child, White, Male,56,-1,32, United-States, <=50K
37, Private,165927, Some-college,10, Married-civ-spouse, Prof-specialty, Husband, Black, Male,4,0,40, United-States, <=50K
65, Private,133730, Some-college,9, Married-civ-spouse, Craft-repair, Husband, White, Male,-18,-2,49, United-States, >50K
50, Self-emp-not-inc,124896, Some-college,10, Never-married, ?, Other-relative, White, Male,110,4,40, Mexico, >50K
41, Self-emp-not-inc,174129, Some-college,9, Never-married, Prof-specialty, Not-in-family, Asian-Pac-Islander, Male,-138,1,48, Mexico, >50K
25, Private,170004, HS-grad,13, Married-civ-spouse, Other-service, Husband, White, Female,-48,1909,40, United-States, <=50K
24, Private,132209, Some-college,2, Married-spouse-absent, Transport-moving, Unmarried, Black, Male,-80,5,40, United-States, <=50K
52, Private,155009, Some-college,9, Married-civ-spouse, ?, Not-in-family, White, Male,7,5,40, United-States, >50K
59, Private,137005, HS-grad,13, Never-married, Prof-specialty, Husband, White, Male,-88,2156,40, United-States, >50K
28, Private,150454, Some-college,14, Married-civ-spouse, Prof-specialty, Husband, White, Female,-16,-4,40, United-States, >50K
31, Self-emp-not-inc,146213, Assoc-acdm,14, Never-married, Craft-repair, Wife, Black, Male,6354,-2,50, United-States, >50K
48, Private,2686, Some-college,1, Married-civ-spouse, Sales, Husband, White, Male,-72,1933,40, India, <=50K
25, Private,15628, HS-grad,13, Never-married, Sales, Own-child, White, Female,5271,0,47, United-States, >50K
27, ?,240763, Assoc-voc,5, Married-civ-spouse, Other-service, Not-in-family, White, Male,110,6,40, United-States, <=50K
38, Private,166858, HS-grad,7, Married-civ-spouse, Craft-repair, Own-child, White, Male,-53,-3,49, United-States, >50K
50, Private,244573, Some-college,10, Widowed, Sales, Unmarried, White, Male,-97,4,40, Nicaragua, >50K
26, Private,15825, HS-grad,14, Never-married, Adm-clerical, Own-child, White, Male,-64,0,40, United-States, >50K
47, Private,302201, HS-grad,13, Married-civ-spouse, Exec-managerial, Husband, White, Female,41,0,40, United-States, <=50K
46, ?,255469, Bachelors,9, Married-civ-spouse, Sales, Husband, Black, Male,-34,2,40, Philippines, >50K
52, Private,11852, Masters,10, Married-civ-spouse, Exec-managerial, Not-in-family, White, Female,110,1988,40, Japan, <=50K
36, Private,890, 10th,16, Never-married, Adm-clerical, Own-child, White, Female,-44,-3,50, United-States, >50K
31, Private,104435, 5th-6th,10, Married-spouse-absent, Adm-clerical, Husband, Asian-Pac-Islander, Male,78,2166,40, United-States, >50K
23, Private,361075, HS-grad,4, Never-married, Farming-fishing, Own-child, White, Female,32,3,40, United-States, <=50K
50, Private,166650, Bachelors,10, Never-married, Priv-house-serv, Husband, White, Male,64,3,43, United-States, <=50K
49, Local-gov,193106, HS-grad,10, Never-married, Sales, Own-child, Black, Female,7008,1999,40, El-Salvador, >50K
