Age,Workclass,Fnlwgt,Education,Education-Num,Marital-Status,Occupation,Relationship,Race,Sex,Capital-Gain,Capital-Loss,Hours-per-week,Native-Country,Income
38, Private,363722, Bachelors,7, Married-spouse-absent, Adm-clerical, Not-in-family, Other, Male,-56,-1,30, United-States, <=50K
35, State-gov,135308, Bachelors,13, Married-civ-spouse, Adm-clerical, Unmarried, White, Female,-16,-2,44, United-States, >50K
17, ?,123985, Some-college,10, Divorced, Priv-house-serv, Not-in-family, White, Male,16,3,35, United-States, <=50K
26, Private,385413, HS-grad,9, Married-civ-spouse, Craft-repair, Husband, White, Male,-10,-3,45, United-States, <=50K
23, Private,26457, HS-grad,7, Married-civ-spouse, Machine-op-inspct, Husband, Asian-Pac-Islander, Male,-29,-1,40, United-States, <=50K
53, Self-emp-inc,248516, 10th,7, Married-civ-spouse, Machine-op-inspct, Husband, White, Male,-15,-1,40, Mexico, <=50K
54, Private,119228, HS-grad,9, Separated, Handlers-cleaners, Other-relative, White, Male,-18,-1,40, Puerto-Rico, <=50K
42, Private,118844, HS-grad,9, Married-spouse-absent, Adm-clerical, Unmarried, White, Male,29,0,40, United-States, <=50K
37, Local-gov,234712, 9th,13, Widowed, Other-service, Not-in-family, White, Female,-31,1,45, ?, <=50K
32, ?,94573, Bachelors,10, Never-married, Tech-support, Not-in-family, White, Female,-15,0,40, Ecuador, <=50K
26, Federal-gov,180608, Assoc-acdm,5, Married-civ-spouse, Sales, Wife, White, Male,-18,1,72, United-States, <=50K
45, Private,103760, HS-grad,9, Married-civ-spouse, Craft-repair, Husband, White, Male,-11,-1,40, United-States, <=50K
45, Private,312654, Assoc-acdm,9, Never-married, Adm-clerical, Unmarried, Other, Female,-7,0,60, United-States, <=50K
31, Private,182435, HS-grad,9, Married-civ-spouse, Other-service, Other-relative, Black, Female,-49,-1,40, Mexico, <=50K
54, Self-emp-inc,181205, Bachelors,16, Married-civ-spouse, Craft-repair, Wife, Black, Female,4404,-1,49, United-States, >50K
47, Private,210722, Bachelors,10, Widowed, Transport-moving, Not-in-family, White, Male,-32,-1,45, United-States, <=50K
18, ?,327065, 10th,13, Never-married, Prof-specialty, Own-child, White, Male,2575,1,21, United-States, <=50K
46, Self-emp-inc,123103, Prof-school,7, Married-civ-spouse, Tech-support, Husband, Black, Male,-20,-1,40, United-States, <=50K
40, Private,204151, HS-grad,9, Married-civ-spouse, Craft-repair, Husband, White, Male,-21,-1,40, United-States, <=50K
33, Private,159530, HS-grad,9, Married-civ-spouse, Adm-clerical, Wife, White, Female,-7,1,40, United-States, >50K
49, State-gov,129143, Some-college,10, Separated, Tech-support, Unmarried, White, Male,14,1,40, United-States, <=50K
67, Self-emp-not-inc,245909, HS-grad,9, Married-civ-spouse, Farming-fishing, Husband, White, Male,-20,0,44, United-States, <=50K
56, Private,382599, HS-grad,9, Widowed, Handlers-cleaners, Husband, White, Male,-3,-1,40, United-States, <=50K
25, Private,179135, 7th-8th,7, Married-civ-spouse, Sales, Husband, White, Male,-1,1827,40, Japan, <=50K
51, Never-worked,234581, HS-grad,9, Married-civ-spouse, Craft-repair, Husband, Asian-Pac-Islander, Male,20,0,45, Dominican-Republic, <=50K
21, Private,99573, Some-college,10, Never-married, Protective-serv, Own-child, White, Male,-45,-1,8, Puerto-Rico, <=50K
30, Private,110941, Some-college,10, Married-civ-spouse, Prof-specialty, Own-child, White, Male,-23,1,40, United-States, >50K
24, Private,336936, Bachelors,10, Separated, Other-service, Not-in-family, White, Female,-11,2,73, United-States, <=50K
43, State-gov,325651, Bachelors,13, Never-married, ?, Unmarried, Black, Female,12,0,67, United-States, <=50K
40, Local-gov,74500, Assoc-voc,14, Married-civ-spouse, Exec-managerial, Husband, White, Male,-20,-2,40, Haiti, >50K
18, Private,410706, 5th-6th,6, Never-married, Sales, Own-child, White, Male,3860,-1,13, England, <=50K
21, ?,239097, HS-grad,9, Married-civ-spouse, Tech-support, Husband, White, Male,-14,0,44, United-States, <=50K
49, Self-emp-not-inc,398307, Prof-school,4, Married-civ-spouse, Transport-moving, Husband, White, Male,-14,1,40, United-States, <=50K
49, Self-emp-not-inc,194892, HS-grad,9, Married-civ-spouse, Craft-repair, Husband, White, Male,-22,-2,59, United-States, >50K
45, Self-emp-not-inc,372568, HS-grad,9, Married-civ-spouse, Craft-repair, Husband, Asian-Pac-Islander, Male,-28,0,40, United-States, <=50K
37, Local-gov,164982, Bachelors,13, Separated, Prof-specialty, Not-in-family, White, Female,-2,0,50, United-States, >50K
23, Private,190733, HS-grad,11, Never-married, ?, Not-in-family, White, Male,-16,0,22, United-States, <=50K
45, Private,26854, HS-grad,3, Married-civ-spouse, Protective-serv, Husband, Amer-Indian-Eskimo, Male,-17,0,40, United-States, <=50K
33, Local-gov,118790, Some-college,7, Married-civ-spouse, Farming-fishing, Husband, White, Male,-22,0,75, United-States, <=50K
49, Local-gov,247007, 10th,10, Divorced, ?, Unmarried, White, Female,18,-1,40, Puerto-Rico, <=50K
45, ?,99341, Bachelors,9, Never-married, Adm-clerical, Own-child, White, Female,-16,1,40, United-States, <=50K
56, Private,253011, 9th,10, Never-married, Adm-clerical, Own-child, Black, Male,38,2,30, United-States, <=50K
25, Federal-gov,190989, Some-college,11, Never-married, Craft-repair, Other-relative, White, Female,-24,0,21, United-States, <=50K
32, Never-worked,27360, Bachelors,6, Divorced, Prof-specialty, Own-child, White, Female,-35,1,71, United-States, <=50K
47, Private,43274, Bachelors,13, Never-married, Exec-managerial, Not-in-family, White, Male,-18,0,40, United-States, <=50K
47, Local-gov,27620, Bachelors,13, Married-civ-spouse, Craft-repair, Husband, Amer-Indian-Eskimo, Male,3,1,64, United-States, >50K
40, Private,220988, HS-grad,9, Married-civ-spouse, Farming-fishing, Husband, Other, Female,-15,2187,50, United-States, <=50K
40, Private,94306, HS-grad,9, Married-civ-spouse, Machine-op-inspct, Husband, Other, Male,5,-1,66, United-States, <=50K
26, Private,43464, 11th,10, Married-civ-spouse, Handlers-cleaners, Own-child, White, Male,-25,1,16, United-States, <=50K
29, State-gov,109977, Some-college,11, Widowed, Farming-fishing, Unmarried, White, Male,-6,0,40, United-States, <=50K
16, ?,44293, Bachelors,10, Never-married, ?, Own-child, White, Male,-45,-1,27, United-States, <=50K
33, Private,217723, Some-college,10, Never-married, ?, Own-child, White, Male,-59,-1,40, Mexico, <=50K
49, Private,107943, HS-grad,6, Separated, Adm-clerical, Unmarried, White, Female,-18,1,50, United-States, <=50K
45, Private,30842, HS-grad,4, Married-civ-spouse, Craft-repair, Husband, White, Male,-3,1860,46, United-States, <=50K
22, Federal-gov,94349, Prof-school,13, Divorced, Exec-managerial, Wife, White, Female,77,0,44, United-States, >50K
21, Private,109230, Some-college,10, Never-married, ?, Own-child, White, Male,-84,-1,26, Mexico, <=50K
24, ?,221807, HS-grad,7, Never-married, Exec-managerial, Other-relative, White, Male,23,0,40, United-States, <=50K
44, Private,237191, HS-grad,9, Married-civ-spouse, Transport-moving, Husband, Black, Male,-23,1,37, United-States, <=50K
48, ?,110958, 5th-6th,6, Never-married, ?, Not-in-family, White, Female,-12,-1,8, United-States, <=50K
41, Private,34977, Bachelors,13, Divorced, Prof-specialty, Not-in-family, White, Female,-5,0,40, Dominican-Republic, <=50K
61, Private,128793, 9th,6, Never-married, Adm-clerical, Not-in-family, White, Female,-36,-1,34, Mexico, <=50K
43, Local-gov,105974, Some-college,11, Married-civ-spouse, Transport-moving, Husband, White, Male,-23,-2,67, United-States, <=50K
43, Private,201412, HS-grad,11, Separated, Adm-clerical, Unmarried, White, Female,-13,-1,40, United-States, <=50K
19, ?,323895, Some-college,10, Never-married, ?, Own-child, White, Male,-22,-1,11, United-States, <=50K
37, State-gov,204588, Bachelors,7, Divorced, ?, Unmarried, White, Female,0,0,38, United-States, <=50K
22, ?,271078, 5th-6th,10, Divorced, ?, Own-child, White, Female,-35,-2,23, United-States, <=50K
40, Private,83780, 9th,9, Widowed, Sales, Husband, White, Female,19,1,22, United-States, <=50K
51, Self-emp-not-inc,189753, HS-grad,13, Married-civ-spouse, Handlers-cleaners, Husband, Asian-Pac-Islander, Male,2,0,60, Nicaragua, <=50K
44, Private,124530, Some-college,10, Never-married, Handlers-cleaners, Not-in-family, White, Male,7,-1,31, Jamaica, <=50K
36, Private,195353, Assoc-acdm,10, Never-married, Handlers-cleaners, Not-in-family, Black, Male,-20,0,27, India, <=50K
23, ?,222835, Bachelors,13, Never-married, Prof-specialty, Not-in-family, White, Female,-6,1,22, United-States, <=50K
44, Private,192551, Prof-school,13, Married-civ-spouse, Prof-specialty, Husband, White, Male,-35,-1,45, United-States, >50K
50, Self-emp-not-inc,98856, Bachelors,14, Married-civ-spouse, Exec-managerial, Husband, White, Female,20,-1,40, United-States, >50K
46, ?,131180, 9th,10, Never-married, Prof-specialty, Other-relative, White, Male,5,0,45, China, <=50K
27, Self-emp-not-inc,328109, Some-college,10, Never-married, Transport-moving, Other-relative, White, Male,-30,0,35, United-States, <=50K
43, Federal-gov,129304, Bachelors,13, Divorced, Adm-clerical, Unmarried, White, Female,-6,-1,40, Ecuador, >50K
44, Private,235978, HS-grad,11, Married-civ-spouse, Sales, Husband, White, Male,-32,0,82, United-States, <=50K
31, Private,348257, HS-grad,7, Never-married, Adm-clerical, Not-in-family, Black, Male,-10,-1,60, United-States, <=50K
37, State-gov,124418, 5th-6th,7, Never-married, Handlers-cleaners, Not-in-family, White, Male,-44,-1,37, United-States, <=50K
20, Private,110226, 11th,7, Never-married, Other-service, Own-child, White, Male,42,-1,23, United-States, <=50K
21, Self-emp-not-inc,237393, Some-college,10, Never-married, Exec-managerial, Other-relative, Asian-Pac-Islander, Male,6,0,37, United-States, <=50K
22, Private,217623, Masters,13, Married-spouse-absent, Adm-clerical, Husband, Asian-Pac-Islander, Male,0,-1,62, United-States, <=50K
47, Private,193744, HS-grad,9, Married-civ-spouse, Craft-repair, Husband, White, Male,-6,1,40, ?, <=50K
38, Private,206286, Bachelors,9, Married-civ-spouse, Transport-moving, Husband, White, Male,28,0,60, United-States, >50K
46, State-gov,305371, HS-grad,9, Married-civ-spouse, Sales, Wife, White, Male,-3,-1,57, United-States, <=50K
20, Private,34416, 12th,7, Married-civ-spouse, Sales, Wife, White, Female,23,1,50, United-States, <=50K
43, Private,233484, HS-grad,9, Married-civ-spouse, Transport-moving, Husband, White, Male,-17,0,49, United-States, <=50K
24, ?,307881, Bachelors,13, Divorced, Adm-clerical, Not-in-family, White, Female,-39,-2,60, United-States, <=50K
17, ?,38090, Some-college,10, Never-married, ?, Own-child, White, Male,20,0,31, United-States, <=50K
21, Self-emp-not-inc,215121, HS-grad,16, Married-civ-spouse, Sales, Husband, White, Male,-7,1,45, United-States, <=50K
51, Private,126741, Bachelors,13, Widowed, Exec-managerial, Unmarried, White, Female,-39,0,40, United-States, <=50K
15, Local-gov,127967, Bachelors,7, Never-married, ?, Own-child, White, Male,-11,0,18, United-States, <=50K
54, Private,245890, HS-grad,9, Never-married, Craft-repair, Not-in-family, White, Male,-5,-1,37, United-States, <=50K
29, ?,179691, Bachelors,9, Divorced, Adm-clerical, Not-in-family, White, Female,-29,-1,40, United-States, <=50K
44, ?,39622, Some-college,10, Divorced, ?, Not-in-family, White, Male,14,0,72, United-States, <=50K
22, Private,96115, Bachelors,13, Never-married, Exec-managerial, Not-in-family, White, Male,14,2,51, United-States, <=50K
26, Private,130138, Assoc-acdm,7, Divorced, Adm-clerical, Unmarried, Black, Female,-11,-1,50, United-States, <=50K
39, Private,35682, Bachelors,13, Married-civ-spouse, Sales, Husband, White, Male,27,0,40, United-States, <=50K
19, ?,119191, Some-college,6, Never-married, ?, Own-child, White, Male,-32,1,35, United-States, <=50K
43, Private,118543, Bachelors,13, Married-civ-spouse, Exec-managerial, Wife, White, Male,6944,0,40, Vietnam, >50K
61, Private,37192, Assoc-acdm,4, Married-civ-spouse, Machine-op-inspct, Husband, Asian-Pac-Islander, Male,-3,0,45, United-States, <=50K
45, Local-gov,128821, Doctorate,13, Widowed, Adm-clerical, Not-in-family, White, Female,-28,-2,59, United-States, >50K
26, Private,110389, 5th-6th,6, Married-civ-spouse, Craft-repair, Not-in-family, White, Male,31,-2,40, United-States, <=50K
29, Private,21575, HS-grad,9, Married-civ-spouse, Farming-fishing, Husband, White, Male,-31,-1,71, United-States, <=50K
39, Private,359016, HS-grad,7, Married-civ-spouse, Machine-op-inspct, Husband, White, Male,-23,0,40, United-States, <=50K
24, ?,273358, 11th,13, Never-married, ?, Own-child, White, Male,4,-1,46, United-States, <=50K
42, State-gov,242906, Bachelors,13, Divorced, Prof-specialty, Unmarried, White, Female,-2,-1,40, United-States, <=50K
24, Private,205430, HS-grad,9, Married-civ-spouse, Machine-op-inspct, Not-in-family, White, Male,9,1,50, United-States, <=50K
23, State-gov,233807, Some-college,10, Divorced, Protective-serv, Not-in-family, White, Male,-17,-1,40, United-States, <=50K
42, Private,46160, HS-grad,9, Divorced, Exec-managerial, Wife, White, Male,19,1,50, United-States, <=50K
43, Local-gov,245536, HS-grad,10, Married-civ-spouse, Machine-op-inspct, Husband, White, Male,-1,0,38, Iran, <=50K
58, Private,429535, HS-grad,9, Married-civ-spouse, Craft-repair, Husband, Black, Male,2,-1,40, United-States, <=50K
22, ?,185443, Bachelors,7, Divorced, Other-service, Unmarried, Black, Female,-6,-1,30, United-States, <=50K
41, Private,53870, Bachelors,9, Separated, Machine-op-inspct, Unmarried, Black, Male,-10,1,40, United-States, <=50K
40, Self-emp-not-inc,33587, HS-grad,9, Married-civ-spouse, Adm-clerical, Husband, Black, Female,8,1,44, Yugoslavia, >50K
46, Private,214342, Some-college,13, Divorced, Adm-clerical, Not-in-family, White, Female,-15,-1,23, United-States, <=50K
46, Private,97470, 10th,7, Never-married, Priv-house-serv, Not-in-family, White, Male,4,0,21, United-States, <=50K
44, Private,29325, HS-grad,7, Married-spouse-absent, Other-service, Not-in-family, White, Male,-21,1,46, United-States, <=50K
23, Self-emp-not-inc,90468, Some-college,10, Married-civ-spouse, Prof-specialty, Not-in-family, White, Male,-3,-1,13, United-States, <=50K
19, Private,234480, 10th,9, Never-married, Other-service, Own-child, White, Male,-19,-1,15, United-States, <=50K
25, Self-emp-not-inc,266778, HS-grad,9, Widowed, Machine-op-inspct, Wife, White, Male,-34,0,40, Hong, <=50K
24, Private,81947, HS-grad,9, Divorced, Machine-op-inspct, Wife, White, Female,30,0,40, United-States, <=50K
26, Private,311497, Bachelors,10, Never-married, Adm-clerical, Husband, White, Male,6,0,47, China, <=50K
39, Local-gov,116488, Masters,14, Married-civ-spouse, Prof-specialty, Husband, White, Male,-20,0,45, El-Salvador, >50K
20, Private,232827, Some-college,10, Never-married, Craft-repair, Own-child, White, Male,-5,0,36, United-States, <=50K
38, Private,34834, Assoc-voc,14, Divorced, Sales, Own-child, Asian-Pac-Islander, Female,-26,1,97, United-States, <=50K
41, Federal-gov,219470, Masters,13, Married-civ-spouse, Prof-specialty, Husband, Asian-Pac-Islander, Female,7270,0,40, United-States, >50K
45, Local-gov,135497, Bachelors,14, Divorced, Prof-specialty, Not-in-family, White, Female,-30,-2,36, United-States, <=50K
46, State-gov,316816, 9th,4, Divorced, Craft-repair, Unmarried, Amer-Indian-Eskimo, Female,-43,-1,40, United-States, <=50K
25, Private,285602, 5th-6th,9, Married-civ-spouse, ?, Unmarried, White, Male,-16,-1,40, Philippines, <=50K
21, Local-gov,209927, Doctorate,13, Never-married, Adm-clerical, Not-in-family, White, Male,22,1,40, United-States, <=50K
16, ?,184229, 10th,7, Never-married, Other-service, Own-child, Amer-Indian-Eskimo, Male,-9,0,30, United-States, <=50K
54, Private,223548, HS-grad,9, Married-spouse-absent, Other-service, Husband, White, Male,-42,0,40, United-States, <=50K
40, Private,106407, HS-grad,9, Married-civ-spouse, Craft-repair, Husband, White, Male,-43,-1,40, United-States, <=50K
64, Private,200100, Bachelors,13, Divorced, Sales, Not-in-family, White, Female,-33,2,40, United-States, <=50K
41, Self-emp-not-inc,414334, 1st-4th,6, Never-married, Protective-serv, Not-in-family, White, Female,-32,0,44, United-States, >50K
24, Private,51549, Some-college,10, Never-married, Adm-clerical, Not-in-family, White, Male,-34,-3,40, Peru, <=50K
18, Private,219596, HS-grad,9, Married-civ-spouse, Sales, Husband, Black, Male,-22,1658,45, United-States, <=50K
34, Private,173334, Bachelors,9, Never-married, Exec-managerial, Not-in-family, Other, Male,1,0,40, United-States, <=50K
54, Private,224895, HS-grad,9, Married-civ-spouse, Other-service, Husband, White, Male,-23,0,40, United-States, <=50K
60, Self-emp-not-inc,270476, HS-grad,6, Never-married, Craft-repair, Husband, White, Male,-64,0,36, United-States, <=50K
50, Private,233166, HS-grad,5, Never-married, Handlers-cleaners, Own-child, White, Male,-18,1988,44, United-States, <=50K
43, Private,112107, HS-grad,9, Married-civ-spouse, Craft-repair, Husband, White, Male,40,1,40, United-States, <=50K
41, Private,119418, HS-grad,9, Married-civ-spouse, Machine-op-inspct, Husband, White, Male,-14,-1,40, United-States, <=50K
33, Self-emp-not-inc,129570, Bachelors,6, Separated, Adm-clerical, Not-in-family, White, Male,7,-1,40, United-States, <=50K
18, State-gov,45410, Bachelors,13, Divorced, Machine-op-inspct, Not-in-family, White, Female,-17,-2,46, United-States, <=50K
52, Self-emp-not-inc,279795, HS-grad,9, Married-civ-spouse, Craft-repair, Husband, White, Male,2,1,40, United-States, <=50K
39, Self-emp-inc,118619, Bachelors,13, Divorced, Prof-specialty, Not-in-family, White, Male,33,-1,44, United-States, <=50K
39, ?,270602, Bachelors,10, Divorced, Prof-specialty, Wife, White, Female,0,0,60, United-States, >50K
36, Self-emp-not-inc,198783, Prof-school,14, Married-civ-spouse, Prof-specialty, Own-child, White, Male,-12,0,40, United-States, >50K
48, Private,34490, HS-grad,14, Married-civ-spouse, Craft-repair, Husband, White, Male,-3,-1,45, United-States, >50K
24, Private,109390, Masters,4, Married-civ-spouse, Transport-moving, Wife, White, Male,14668,1,40, United-States, >50K
24, Self-emp-not-inc,73665, HS-grad,13, Married-civ-spouse, Exec-managerial, Husband, White, Male,-39,1,40, United-States, >50K
51, Private,33923, HS-grad,9, Separated, Protective-serv, Unmarried, Black, Female,-41,1,30, United-States, <=50K
34, Private,47124, HS-grad,9, Married-civ-spouse, Farming-fishing, Husband, Amer-Indian-Eskimo, Male,-35,-1,44, United-States, <=50K
20, Private,172296, Bachelors,13, Never-married, Craft-repair, Own-child, White, Male,26,0,36, United-States, <=50K
54, Self-emp-not-inc,30522, Doctorate,7, Married-civ-spouse, Machine-op-inspct, Husband, White, Female,-1,1,40, United-States, >50K
59, Federal-gov,138873, Assoc-acdm,11, Married-civ-spouse, Other-service, Wife, White, Female,-26,1,40, United-States, <=50K
18, ?,89469, Some-college,10, Never-married, Adm-clerical, Not-in-family, White, Male,-35,0,45, United-States, <=50K
39, State-gov,81151, Bachelors,13, Never-married, Handlers-cleaners, Not-in-family, White, Male,18,1,46, United-States, <=50K
45, Local-gov,316546, HS-grad,13, Married-civ-spouse, Exec-managerial, Wife, White, Male,-15,-1,40, United-States, <=50K
23, Private,185260, HS-grad,9, Married-civ-spouse, Craft-repair, Husband, White, Male,-19,-1,50, United-States, <=50K
18, ?,181525, Some-college,7, Never-married, ?, Own-child, White, Male,-34,-1,31, United-States, <=50K
41, Private,342371, Doctorate,7, Married-civ-spouse, Craft-repair, Husband, Black, Male,-12,-2,40, United-States, <=50K
26, ?,345865, Prof-school,13, Married-civ-spouse, Exec-managerial, Not-in-family, White, Male,-19,-1,12, United-States, >50K
49, Private,115539, HS-grad,9, Married-civ-spouse, Adm-clerical, Husband, White, Female,-31,1,62, United-States, >50K
50, Self-emp-inc,233143, 11th,11, Married-civ-spouse, ?, Wife, White, Female,7623,-1,40, Canada, >50K
63, Self-emp-not-inc,186983, Assoc-voc,6, Married-civ-spouse, Adm-clerical, Husband, White, Male,-47,1,40, United-States, <=50K
54, ?,202012, Bachelors,8, Never-married, ?, Not-in-family, White, Male,-33,0,50, United-States, <=50K
46, Private,459242, Bachelors,13, Divorced, Adm-clerical, Unmarried, White, Female,3,-2,36, United-States, <=50K
37, Private,116581, HS-grad,13, Divorced, Other-service, Not-in-family, Asian-Pac-Islander, Female,-16,1,45, Canada, <=50K
37, Local-gov,303824, Bachelors,10, Divorced, Exec-managerial, Unmarried, Black, Male,-1,2,40, El-Salvador, <=50K
45, Private,216611, Some-college,10, Divorced, Adm-clerical, Unmarried, White, Female,-12,1,15, United-States, <=50K
49, Local-gov,113910, 11th,4, Never-married, Machine-op-inspct, Not-in-family, Amer-Indian-Eskimo, Female,-42,0,15, United-States, <=50K
48, ?,81305, Bachelors,13, Divorced, Prof-specialty, Unmarried, Black, Female,3,-2,35, United-States, >50K
42, Private,201931, Bachelors,13, Divorced, Sales, Not-in-family, White, Male,21,2082,50, United-States, <=50K
45, Self-emp-not-inc,308183, HS-grad,9, Married-civ-spouse, Craft-repair, Husband, White, Male,19,-1,40, United-States, <=50K
24, Private,454629, 11th,13, Never-married, Prof-specialty, Own-child, White, Male,32,0,40, United-States, <=50K
41, Private,35217, 12th,7, Divorced, Transport-moving, Husband, White, Male,-26,-1,50, Canada, <=50K
42, Private,114054, HS-grad,9, Separated, Machine-op-inspct, Husband, Asian-Pac-Islander, Male,9,0,46, United-States, <=50K
42, ?,22478, Bachelors,13, Divorced, Prof-specialty, Not-in-family, White, Female,-32,2,40, Hong, <=50K
59, ?,204765, 9th,7, Never-married, ?, Own-child, White, Female,-2,1,10, United-States, <=50K
58, State-gov,119217, Bachelors,13, Never-married, Prof-specialty, Not-in-family, Other, Female,-18,1,24, United-States, <=50K
45, ?,25744, Some-college,10, Never-married, ?, Own-child, White, Male,-46,1,20, United-States, <=50K
27, Private,606771, HS-grad,4, Never-married, Protective-serv, Other-relative, White, Male,-52,1,12, Mexico, <=50K
22, Private,251175, 10th,7, Never-married, Tech-support, Own-child, White, Male,-12,1,40, United-States, <=50K
34, Private,139694, 10th,9, Divorced, Other-service, Other-relative, White, Male,-2,2,36, United-States, <=50K
35, Self-emp-inc,132506, HS-grad,16, Married-civ-spouse, Transport-moving, Husband, White, Male,-35,1,40, United-States, >50K
45, Private,244449, Masters,13, Married-civ-spouse, Prof-specialty, Wife, Black, Male,31,1,45, United-States, >50K
43, Local-gov,102069, Assoc-voc,11, Married-civ-spouse, Prof-specialty, Husband, White, Male,-24,0,50, United-States, >50K
43, Private,89929, Bachelors,13, Divorced, Exec-managerial, Wife, White, Female,0,0,51, United-States, >50K
46, Private,212195, HS-grad,9, Married-civ-spouse, Machine-op-inspct, Husband, White, Male,-28,0,40, United-States, <=50K
31, Local-gov,263092, 7th-8th,13, Divorced, Prof-specialty, Unmarried, White, Female,-4,0,36, United-States, <=50K
62, Self-emp-not-inc,140076, Masters,14, Married-civ-spouse, Prof-specialty, Husband, White, Male,-1,-2,45, United-States, >50K
45, Private,166872, 10th,4, Never-married, Adm-clerical, Not-in-family, White, Male,2,1,60, United-States, <=50K
41, Private,494482, HS-grad,9, Married-civ-spouse, Machine-op-inspct, Wife, White, Female,-10,2,40, United-States, <=50K
23, Private,103692, HS-grad,9, Never-married, Transport-moving, Husband, White, Male,-28,1,97, United-States, <=50K
55, Private,190665, 10th,7, Married-spouse-absent, Machine-op-inspct, Own-child, White, Male,-3,0,45, United-States, <=50K
18, ?,248731, HS-grad,11, Divorced, Handlers-cleaners, Not-in-family, Black, Male,20,-1,40, United-States, <=50K
64, Private,111341, HS-grad,9, Married-spouse-absent, Craft-repair, Other-relative, Other, Female,-4,0,40, United-States, <=50K
21, Private,235709, Some-college,6, Never-married, Sales, Own-child, Black, Male,-48,2,31, United-States, <=50K
40, Private,47124, Some-college,13, Separated, Machine-op-inspct, Own-child, White, Female,-1,-1,45, United-States, <=50K
49, State-gov,240513, Some-college,10, Married-civ-spouse, Tech-support, Husband, White, Male,3,1,45, United-States, <=50K
53, Private,45081, HS-grad,9, Married-civ-spouse, Farming-fishing, Husband, White, Male,-23,-2,40, United-States, <=50K
36, Local-gov,180734, Some-college,10, Married-civ-spouse, Protective-serv, Husband, White, Male,-15,-1,40, United-States, <=50K
25, State-gov,306355, HS-grad,9, Widowed, Other-service, Unmarried, White, Female,-23,2,40, United-States, <=50K
22, Private,218340, Bachelors,13, Never-married, Prof-specialty, Own-child, White, Male,-31,0,23, United-States, <=50K
60, Private,243511, HS-grad,9, Married-civ-spouse, Craft-repair, Husband, White, Male,-45,1,36, Taiwan, <=50K
42, Private,164403, HS-grad,9, Married-civ-spouse, Tech-support, Husband, White, Female,-10,1,50, United-States, <=50K
50, Local-gov,323675, Bachelors,13, Married-civ-spouse, Protective-serv, Own-child, White, Male,-21,-2,40, Iran, <=50K
26, ?,271043, HS-grad,6, Married-civ-spouse, ?, Not-in-family, White, Male,-27,-2,40, United-States, <=50K
46, Private,152327, 12th,13, Never-married, Tech-support, Not-in-family, White, Male,-11,1,45, Japan, >50K
44, Local-gov,48462, Bachelors,13, Never-married, Prof-specialty, Not-in-family, Amer-Indian-Eskimo, Female,6,-1,9, United-States, >50K
23, Private,176399, HS-grad,9, Married-civ-spouse, Farming-fishing, Husband, Asian-Pac-Islander, Male,-20,1734,56, United-States, <=50K
61, Private,184627, HS-grad,4, Married-spouse-absent, Adm-clerical, Husband, White, Male,-31,-1,44, ?, <=50K
44, Private,158645, Bachelors,14, Married-civ-spouse, Exec-managerial, Wife, White, Male,15,-1,30, United-States, >50K
61, Private,43259, Masters,9, Married-civ-spouse, Exec-managerial, Husband, White, Female,-8,1,40, United-States, >50K
42, Private,182435, Bachelors,13, Married-civ-spouse, Handlers-cleaners, Not-in-family, Amer-Indian-Eskimo, Male,2368,1,40, Mexico, <=50K
58, Private,126406, Bachelors,13, Never-married, ?, Not-in-family, White, Male,-6,-1,45, United-States, <=50K
24, Self-emp-not-inc,184583, 5th-6th,10, Never-married, Farming-fishing, Own-child, White, Male,-5,0,40, El-Salvador, <=50K
33, Local-gov,274106, Bachelors,13, Never-married, Other-service, Unmarried, White, Female,22,0,70, United-States, <=50K
23, Private,205357, 10th,6, Never-married, Handlers-cleaners, Own-child, White, Male,10,0,13, United-States, <=50K
17, Self-emp-not-inc,109096, Bachelors,13, Never-married, ?, Not-in-family, White, Female,0,0,31, United-States, >50K
22, Self-emp-not-inc,179017, Bachelors,10, Never-married, ?, Unmarried, Other, Female,-7,1,49, Germany, <=50K
35, Private,248398, 10th,7, Married-civ-spouse, Exec-managerial, Husband, White, Male,-51,0,40, Canada, <=50K
25, Private,449855, Masters,10, Never-married, Tech-support, Not-in-family, White, Male,-8,2,45, United-States, >50K
23, ?,123326, Some-college,10, Never-married, ?, Own-child, White, Male,-18,1,15, United-States, <=50K
42, Private,106115, Masters,14, Married-civ-spouse, Prof-specialty, Husband, White, Male,24,-1,55, United-States, >50K
26, Private,187100, Some-college,10, Married-civ-spouse, ?, Own-child, White, Male,-44,-1,36, Mexico, <=50K
45, Self-emp-not-inc,261471, Bachelors,11, Married-civ-spouse, Exec-managerial, Husband, White, Female,16,2,40, Ireland, <=50K
50, Private,105188, Masters,9, Married-civ-spouse, Craft-repair, Husband, Amer-Indian-Eskimo, Male,9,-2,40, United-States, <=50K
39, Self-emp-not-inc,45973, Bachelors,13, Married-civ-spouse, Farming-fishing, Husband, White, Male,7,-2,40, United-States, <=50K
44, Private,30782, Some-college,9, Married-civ-spouse, Craft-repair, Husband, White, Male,-32,1,40, United-States, <=50K
34, Private,141749, 5th-6th,10, Never-married, Exec-managerial, Unmarried, White, Male,8,-1,21, United-States, <=50K
27, Self-emp-not-inc,84933, HS-grad,9, Married-civ-spouse, Sales, Husband, Black, Male,7,1,49, United-States, <=50K
50, Private,61377, Bachelors,13, Separated, Machine-op-inspct, Unmarried, White, Female,-40,-1,36, United-States, <=50K
20, Private,280966, Some-college,10, Never-married, ?, Own-child, White, Male,-21,1,18, United-States, <=50K
77, Private,174336, Bachelors,13, Divorced, Adm-clerical, Other-relative, Black, Female,41,0,40, United-States, <=50K
44, ?,420356, Some-college,9, Never-married, Other-service, Own-child, White, Male,-36,-1,19, United-States, <=50K
24, Federal-gov,168618, HS-grad,7, Widowed, Adm-clerical, Wife, White, Female,2,1,40, United-States, <=50K
35, Private,18802, Bachelors,16, Married-civ-spouse, Prof-specialty, Wife, White, Female,35,2,72, United-States, >50K
69, Private,267380, Some-college,6, Never-married, Handlers-cleaners, Not-in-family, White, Male,-13,-1,40, United-States, <=50K
43, ?,70122, 7th-8th,6, Never-married, ?, Unmarried, Black, Female,-7,-1,22, United-States, <=50K
21, Private,154880, Bachelors,10, Divorced, Sales, Not-in-family, White, Male,-15,1,45, United-States, <=50K
42, Local-gov,237273, HS-grad,13, Married-civ-spouse, Farming-fishing, Husband, White, Male,-12,2,40, United-States, <=50K
40, Private,111619, Masters,6, Married-civ-spouse, Adm-clerical, Not-in-family, White, Female,-23,-1,49, Germany, <=50K
53, Self-emp-not-inc,230172, HS-grad,9, Married-civ-spouse, Exec-managerial, Husband, White, Male,-5,1892,40, United-States, >50K
40, Private,111516, Bachelors,13, Divorced, Tech-support, Wife, Black, Female,-53,0,45, Germany, >50K
27, Federal-gov,195482, HS-grad,10, Divorced, Other-service, Unmarried, Black, Female,6,0,46, United-States, <=50K
55, Private,206686, Assoc-voc,10, Divorced, Tech-support, Wife, White, Male,-19,0,25, India, >50K
57, Private,235758, HS-grad,10, Married-civ-spouse, Adm-clerical, Husband, White, Male,3351,-1,24, United-States, <=50K
25, Self-emp-not-inc,181605, Preschool,13, Never-married, Exec-managerial, Not-in-family, Asian-Pac-Islander, Male,-7,2,91, United-States, <=50K
48, State-gov,86812, Assoc-voc,13, Married-civ-spouse, Exec-managerial, Not-in-family, White, Female,-20,1797,45, ?, >50K
22, State-gov,324161, 11th,7, Never-married, Adm-clerical, Own-child, White, Male,-20,0,12, United-States, <=50K
18, State-gov,251691, Bachelors,7, Never-married, ?, Own-child, Black, Male,-13,1,40, United-States, <=50K
25, Private,248244, Some-college,9, Separated, Farming-fishing, Not-in-family, White, Male,48,-1,71, United-States, <=50K
49, Private,128937, HS-grad,5, Separated, Other-service, Not-in-family, Other, Female,-35,0,67, Mexico, <=50K
17, Federal-gov,120122, Some-college,10, Never-married, Adm-clerical, Own-child, White, Male,-4,-1,30, United-States, <=50K
53, Self-emp-inc,128115, HS-grad,14, Married-civ-spouse, Prof-specialty, Wife, White, Male,16,0,69, United-States, >50K
47, Private,177813, Assoc-voc,14, Married-civ-spouse, Exec-managerial, Husband, White, Male,-61,-1,64, Dominican-Republic, <=50K
39, Self-emp-not-inc,344314, Some-college,5, Married-civ-spouse, Transport-moving, Husband, White, Male,-22,2,36, China, >50K
41, ?,52284, 12th,6, Separated, ?, Not-in-family, Other, Male,-27,0,44, United-States, <=50K
42, ?,175023, Bachelors,15, Married-civ-spouse, Craft-repair, Husband, White, Male,-8,-1,58, Mexico, <=50K
24, ?,287181, Some-college,7, Never-married, Sales, Own-child, White, Male,-24,1,30, United-States, <=50K
26, Private,46301, 12th,4, Divorced, Prof-specialty, Unmarried, White, Male,19,-1,31, Philippines, <=50K
40, Private,343587, Assoc-voc,14, Never-married, Adm-clerical, Husband, White, Female,10,0,23, United-States, <=50K
19, Private,112533, HS-grad,9, Married-civ-spouse, Handlers-cleaners, Husband, White, Male,-26,0,45, United-States, <=50K
58, Private,276263, HS-grad,9, Married-civ-spouse, Machine-op-inspct, Husband, White, Male,-42,0,40, United-States, <=50K
42, Self-emp-inc,247021, Some-college,13, Married-civ-spouse, Prof-specialty, Husband, White, Male,-16,0,58, United-States, >50K
44, Private,121227, Assoc-voc,13, Married-civ-spouse, Tech-support, Not-in-family, Asian-Pac-Islander, Male,-29,-1,46, Dominican-Republic, >50K
31, Private,108548, Bachelors,13, Separated, Adm-clerical, Unmarried, White, Female,-18,-1,35, United-States, >50K
26, Private,90824, Some-college,10, Married-civ-spouse, Handlers-cleaners, Husband, White, Male,-22,-1,40, Philippines, <=50K
33, Self-emp-not-inc,285954, 1st-4th,13, Married-civ-spouse, Craft-repair, Husband, White, Male,-8,0,40, India, >50K
52, Private,236064, 10th,10, Married-civ-spouse, Sales, Husband, Asian-Pac-Islander, Male,-43,-1,40, Cuba, <=50K
59, Federal-gov,266184, 5th-6th,10, Married-civ-spouse, Prof-specialty, Husband, Asian-Pac-Islander, Male,3,-1,40, Poland, >50K
37, Private,200342, Bachelors,9, Married-civ-spouse, Prof-specialty, Not-in-family, Asian-Pac-Islander, Female,-8,0,59, United-States, <=50K
50, Private,244791, 1st-4th,9, Married-civ-spouse, Machine-op-inspct, Husband, White, Male,15,-1,40, United-States, <=50K
33, Self-emp-not-inc,247500, Some-college,4, Separated, Adm-clerical, Wife, White, Male,-39,2,40, United-States, <=50K
48, Private,344417, Some-college,10, Married-civ-spouse, Sales, Husband, White, Male,-16,-1,46, United-States, <=50K
18, Private,41467, Some-college,7, Never-married, ?, Other-relative, White, Male,-26,3,23, United-States, <=50K
51, Private,52822, HS-grad,7, Married-civ-spouse, Exec-managerial, Not-in-family, White, Male,-29,1,40, United-States, >50K
31, Private,164314, 9th,7, Divorced, Other-service, Unmarried, White, Male,-23,-1,40, United-States, <=50K
38, Self-emp-not-inc,272379, Bachelors,9, Divorced, Sales, Not-in-family, White, Male,5,1,50, France, <=50K
24, Private,242982, Assoc-voc,9, Divorced, Prof-specialty, Not-in-family, White, Female,-24,0,14, United-States, <=50K
23, Private,180201, Some-college,7, Never-married, Prof-specialty, Not-in-family, White, Female,15,2,21, United-States, <=50K
45, Private,196710, HS-grad,4, Married-civ-spouse, Other-service, Husband, Black, Male,-35,2,40, Peru, <=50K
39, Private,182701, Prof-school,14, Married-civ-spouse, Exec-managerial, Husband, White, Male,-26,0,40, United-States, <=50K
46, ?,320425, Assoc-voc,9, Divorced, Adm-clerical, Wife, Asian-Pac-Islander, Male,-33,2,36, United-States, <=50K
49, Private,387996, HS-grad,9, Married-civ-spouse, Machine-op-inspct, Husband, Black, Male,1,2,36, United-States, <=50K
26, Private,121607, Some-college,10, Married-civ-spouse, Craft-repair, Not-in-family, White, Male,-20,-2,10, United-States, <=50K
42, Federal-gov,451312, Bachelors,13, Widowed, Prof-specialty, Unmarried, White, Female,21,0,50, El-Salvador, >50K
49, Without-pay,38481, HS-grad,5, Married-civ-spouse, ?, Husband, White, Male,1,0,45, United-States, <=50K
37, Private,357337, Assoc-voc,13, Married-civ-spouse, Prof-specialty, Husband, Asian-Pac-Islander, Male,13,-1,44, United-States, >50K
25, ?,281802, 11th,13, Divorced, ?, Own-child, Black, Female,-47,-1,17, United-States, <=50K
29, Private,37418, Assoc-voc,6, Never-married, Tech-support, Not-in-family, White, Male,-31,0,37, China, <=50K
41, Private,120602, Bachelors,9, Married-spouse-absent, Prof-specialty, Other-relative, White, Female,6,1,37, United-States, <=50K
23, ?,241545, Some-college,8, Never-married, ?, Own-child, White, Male,11,0,12, United-States, <=50K
19, Private,325207, 12th,13, Divorced, Prof-specialty, Unmarried, White, Female,-21,0,12, United-States, <=50K
19, Private,222063, HS-grad,4, Married-spouse-absent, Adm-clerical, Other-relative, White, Male,-28,0,37, Mexico, <=50K
26, Private,317873, 12th,7, Never-married, ?, Own-child, White, Male,-28,-2,50, Vietnam, <=50K
65, ?,220499, Bachelors,7, Never-married, Farming-fishing, Not-in-family, White, Male,-15,-1,51, China, <=50K
40, Self-emp-inc,132396, Doctorate,5, Married-civ-spouse, Prof-specialty, Husband, White, Male,8,2,51, United-States, >50K
47, Private,236993, 10th,4, Divorced, Machine-op-inspct, Wife, White, Female,15,-2,11, Jamaica, <=50K
19, Private,205631, 11th,7, Divorced, Sales, Own-child, White, Male,-52,0,22, United-States, <=50K
34, Self-emp-not-inc,199722, HS-grad,7, Never-married, Craft-repair, Husband, White, Male,-48,1923,40, Puerto-Rico, <=50K
37, Private,122388, Bachelors,13, Married-civ-spouse, Prof-specialty, Husband, Black, Female,-35,0,40, United-States, <=50K
26, Local-gov,243149, HS-grad,9, Separated, Adm-clerical, Not-in-family, Black, Female,8,3,46, United-States, <=50K
18, Private,569388, 9th,6, Never-married, Handlers-cleaners, Own-child, White, Male,-21,-2,30, Guatemala, <=50K
42, Private,198561, HS-grad,9, Separated, Adm-clerical, Wife, White, Female,-13,-2,40, United-States, <=50K
49, Private,266023, HS-grad,15, Married-civ-spouse, Prof-specialty, Husband, White, Female,-41,0,40, United-States, >50K
59, Private,200996, HS-grad,9, Divorced, Machine-op-inspct, Unmarried, Black, Male,3,1,40, United-States, <=50K
41, Federal-gov,28003, HS-grad,9, Married-civ-spouse, Prof-specialty, Wife, Black, Male,-40,2,40, United-States, <=50K
17, State-gov,107444, HS-grad,7, Never-married, Handlers-cleaners, Own-child, Black, Male,13,1,40, United-States, <=50K
24, Private,235398, Some-college,4, Married-civ-spouse, Handlers-cleaners, Husband, White, Male,-11,0,40, United-States, <=50K
61, State-gov,122934, Some-college,13, Never-married, ?, Not-in-family, White, Male,-16,-1,12, United-States, <=50K
44, Private,242164, Prof-school,16, Married-civ-spouse, Sales, Husband, White, Female,2,1,50, United-States, >50K
18, ?,346388, 1st-4th,7, Never-married, Handlers-cleaners, Own-child, White, Female,-8,0,35, United-States, <=50K
49, Private,302349, HS-grad,9, Never-married, Adm-clerical, Not-in-family, White, Female,-48,0,40, United-States, <=50K
67, ?,348535, Some-college,9, Never-married, Other-service, Unmarried, Black, Male,13,-1,40, United-States, <=50K
58, Private,35123, HS-grad,9, Married-civ-spouse, Sales, Husband, White, Male,-38,0,59, United-States, <=50K
23, Private,200994, HS-grad,6, Never-married, Other-service, Own-child, Black, Male,16,0,31, United-States, <=50K
40, Local-gov,294453, Doctorate,5, Married-civ-spouse, Priv-house-serv, Not-in-family, White, Male,-18,1,50, United-States, <=50K
40, Federal-gov,81004, Bachelors,13, Married-civ-spouse, Prof-specialty, Wife, Asian-Pac-Islander, Female,3823,-1,60, United-States, >50K
57, Local-gov,172332, 12th,13, Divorced, Adm-clerical, Other-relative, Black, Female,-6,-3,45, India, <=50K
47, Private,193717, HS-grad,13, Divorced, Other-service, Unmarried, Black, Female,-8,-1,40, United-States, <=50K
48, Local-gov,353644, Masters,14, Married-civ-spouse, Exec-managerial, Husband, White, Male,-6,1,49, United-States, >50K
42, Private,151961, HS-grad,9, Married-civ-spouse, Farming-fishing, Husband, White, Male,-57,0,67, United-States, <=50K
51, Local-gov,30104, Bachelors,13, Married-civ-spouse, Prof-specialty, Wife, White, Female,-16,0,40, United-States, >50K
49, Local-gov,393494, Bachelors,13, Divorced, Prof-specialty, Not-in-family, White, Female,-57,-1,44, United-States, >50K
57, Self-emp-not-inc,44893, Prof-school,14, Married-civ-spouse, Exec-managerial, Husband, White, Male,-10,-1,82, Columbia, >50K
51, Self-emp-not-inc,363116, Masters,7, Married-civ-spouse, Prof-specialty, Husband, White, Male,-14,-1,40, United-States, <=50K
27, Self-emp-not-inc,178688, 11th,11, Never-married, Craft-repair, Not-in-family, White, Male,-15,-1,40, United-States, <=50K
51, Self-emp-inc,160394, Masters,16, Married-civ-spouse, Craft-repair, Husband, White, Male,14522,0,40, United-States, >50K
52, Federal-gov,32949, Masters,13, Married-civ-spouse, Craft-repair, Husband, White, Male,-32,0,44, United-States, >50K
42, Private,251776, Bachelors,13, Never-married, Exec-managerial, Wife, Black, Female,30,1,46, United-States, <=50K
42, Private,308903, 1st-4th,13, Never-married, Priv-house-serv, Unmarried, Other, Male,-11,1,40, United-States, <=50K
38, Never-worked,189238, Bachelors,13, Never-married, ?, Husband, White, Male,-30,1,62, Hong, <=50K
16, Private,255759, Some-college,13, Never-married, Other-service, Not-in-family, White, Male,-17,2,27, Greece, <=50K
20, Self-emp-not-inc,342276, 7th-8th,13, Never-married, Machine-op-inspct, Own-child, White, Male,-24,0,57, United-States, <=50K
60, Private,93210, HS-grad,9, Married-civ-spouse, Craft-repair, Husband, Asian-Pac-Islander, Male,-10,0,40, United-States, <=50K
20, ?,110396, Some-college,10, Never-married, ?, Own-child, White, Male,-50,0,31, United-States, <=50K
36, Local-gov,292273, HS-grad,13, Widowed, Adm-clerical, Unmarried, White, Female,10,0,40, United-States, <=50K
26, Self-emp-not-inc,118123, HS-grad,9, Married-spouse-absent, Handlers-cleaners, Not-in-family, Other, Male,-51,-2,29, United-States, <=50K
59, Federal-gov,123044, Some-college,10, Divorced, Exec-managerial, Not-in-family, White, Female,-73,-1,45, United-States, <=50K
51, ?,133542, Assoc-acdm,9, Married-civ-spouse, Other-service, Not-in-family, Black, Male,16,-1,34, United-States, <=50K
47, Private,131057, 7th-8th,6, Married-civ-spouse, Other-service, Husband, White, Male,-19,-1,49, United-States, >50K
24, Private,177706, HS-grad,13, Divorced, Adm-clerical, Wife, White, Female,-12,1,40, United-States, >50K
35, Self-emp-inc,201299, 12th,11, Widowed, Exec-managerial, Unmarried, White, Female,8,1,40, United-States, <=50K
23, Private,319911, Bachelors,13, Never-married, Prof-specialty, Not-in-family, White, Female,-2,-1,40, United-States, <=50K
19, Private,112590, HS-grad,16, Married-civ-spouse, Tech-support, Own-child, White, Male,-48,-1,44, Nicaragua, <=50K
39, Federal-gov,133906, HS-grad,9, Married-civ-spouse, Craft-repair, Unmarried, Black, Female,24,1,50, United-States, <=50K
49, Self-emp-inc,251147, Bachelors,13, Married-civ-spouse, Prof-specialty, Husband, White, Female,-24,-2,49, United-States, >50K
27, Private,99489, HS-grad,9, Married-civ-spouse, Craft-repair, Husband, White, Male,19,3,51, United-States, <=50K
35, Private,99397, Assoc-acdm,10, Never-married, ?, Wife, White, Male,-55,1,46, United-States, >50K
51, Private,45253, Assoc-acdm,15, Married-civ-spouse, Prof-specialty, Husband, White, Male,2,-1,51, United-States, >50K
24, Private,220559, HS-grad,9, Never-married, Handlers-cleaners, Not-in-family, White, Male,-24,-2,20, United-States, <=50K
41, Self-emp-inc,228243, Bachelors,13, Married-civ-spouse, Sales, Husband, White, Male,7,1,65, United-States, >50K
41, Self-emp-inc,273293, Some-college,7, Married-civ-spouse, Sales, Husband, White, Male,11,1,40, United-States, <=50K
22, Private,227477, HS-grad,9, Married-civ-spouse, Tech-support, Husband, White, Male,-17,1,24, Poland, <=50K
48, Private,270957, Assoc-voc,10, Divorced, Craft-repair, Not-in-family, Asian-Pac-Islander, Female,11,0,31, United-States, <=50K
45, Private,160315, 10th,3, Never-married, Prof-specialty, Not-in-family, White, Male,28,-1,59, United-States, <=50K
23, Private,267532, HS-grad,9, Divorced, Other-service, Other-relative, White, Female,-11,0,36, United-States, <=50K
25, Self-emp-not-inc,298835, 10th,9, Never-married, ?, Other-relative, Asian-Pac-Islander, Male,-11,1,45, United-States, <=50K
39, Private,176298, HS-grad,9, Married-civ-spouse, Handlers-cleaners, Husband, White, Male,1,0,45, United-States, <=50K
58, Private,200965, HS-grad,9, Separated, Adm-clerical, Unmarried, Black, Female,-9,0,45, United-States, <=50K
47, Self-emp-inc,184184, Bachelors,13, Married-civ-spouse, Exec-managerial, Husband, White, Male,8,0,44, United-States, >50K
67, Federal-gov,176815, HS-grad,9, Separated, Adm-clerical, Unmarried, Black, Female,9,-1,40, United-States, <=50K
27, Private,393180, HS-grad,9, Married-civ-spouse, Farming-fishing, Not-in-family, White, Male,19,0,31, United-States, <=50K
60, Private,225208, Some-college,10, Divorced, Other-service, Not-in-family, White, Female,4,0,14, United-States, <=50K
44, Self-emp-not-inc,227290, 12th,3, Never-married, ?, Not-in-family, White, Female,4,-1,50, Japan, <=50K
44, State-gov,109158, Bachelors,13, Separated, Machine-op-inspct, Unmarried, White, Female,25,-1,45, United-States, <=50K
47, Federal-gov,298268, Bachelors,7, Divorced, Sales, Own-child, Asian-Pac-Islander, Female,-27,-1,37, United-States, <=50K
48, Private,148903, Bachelors,10, Separated, Protective-serv, Own-child, White, Male,-54,0,47, United-States, <=50K
59, Private,388468, 5th-6th,7, Divorced, Adm-clerical, Not-in-family, White, Female,36,3,40, United-States, <=50K
39, Private,185998, Bachelors,13, Married-civ-spouse, Sales, Husband, White, Male,-26,-1,69, United-States, >50K
39, Private,243561, HS-grad,9, Married-civ-spouse, Tech-support, Husband, White, Male,-19,0,40, United-States, <=50K
20, Private,254374, 7th-8th,10, Never-married, Prof-specialty, Own-child, White, Male,-35,-1,31, United-States, <=50K
42, Self-emp-not-inc,30304, Doctorate,13, Married-civ-spouse, Prof-specialty, Wife, White, Female,-23,-1,44, United-States, >50K
20, ?,161487, HS-grad,7, Married-AF-spouse, Adm-clerical, Unmarried, White, Female,-52,0,15, United-States, <=50K
52, Local-gov,95382, Some-college,9, Married-spouse-absent, Craft-repair, Husband, White, Male,20,1,40, United-States, <=50K
43, Self-emp-not-inc,111333, Bachelors,9, Divorced, Sales, Wife, Black, Female,-12,-1,40, Portugal, <=50K
48, Private,226200, Some-college,7, Never-married, Machine-op-inspct, Not-in-family, White, Male,20,-1,40, United-States, <=50K
58, Private,245075, HS-grad,9, Married-civ-spouse, Machine-op-inspct, Husband, White, Male,-20,1,44, United-States, <=50K
41, Federal-gov,273764, Bachelors,13, Divorced, Prof-specialty, Other-relative, White, Female,-50,1,40, United-States, <=50K
37, Local-gov,50128, HS-grad,13, Married-civ-spouse, Adm-clerical, Wife, White, Female,37,1,40, United-States, >50K
35, State-gov,188402, Prof-school,9, Married-civ-spouse, Protective-serv, Not-in-family, White, Female,4,-1,40, United-States, >50K
50, Private,265037, 10th,7, Never-married, Machine-op-inspct, Not-in-family, White, Male,-4,1,23, United-States, <=50K
47, Self-emp-not-inc,124325, HS-grad,9, Married-civ-spouse, Craft-repair, Husband, Black, Male,-3,-1,50, United-States, <=50K
31, Local-gov,50498, Bachelors,13, Married-civ-spouse, Prof-specialty, Not-in-family, White, Female,-48,1,56, United-States, >50K
20, Private,279826, Some-college,10, Never-married, Handlers-cleaners, Own-child, White, Male,6,1,40, United-States, <=50K
48, Self-emp-not-inc,340900, Assoc-voc,10, Never-married, Other-service, Husband, White, Female,-13,-2,24, Scotland, <=50K
42, State-gov,228957, Some-college,10, Married-civ-spouse, Transport-moving, Other-relative, White, Male,-75,1,49, United-States, <=50K
45, Private,240697, HS-grad,9, Married-civ-spouse, Craft-repair, Husband, White, Male,12,1,40, United-States, <=50K
52, Private,112862, HS-grad,9, Divorced, Handlers-cleaners, Husband, White, Female,-5,1,40, United-States, <=50K
47, Federal-gov,182040, HS-grad,9, Married-civ-spouse, Farming-fishing, Wife, White, Male,-44,1,44, United-States, <=50K
66, Self-emp-not-inc,659890, HS-grad,9, Divorced, Adm-clerical, Unmarried, Black, Female,34,0,50, United-States, <=50K
41, Private,325481, Some-college,11, Separated, Protective-serv, Unmarried, White, Male,-5,-1,59, United-States, <=50K
21, Private,53844, Some-college,10, Never-married, ?, Own-child, White, Male,-18,0,13, United-States, <=50K
25, Private,264780, Some-college,13, Divorced, Prof-specialty, Own-child, White, Female,-7,1,40, United-States, <=50K
36, Private,243396, Bachelors,13, Married-civ-spouse, Exec-managerial, Husband, White, Male,23,-1,57, United-States, >50K
18, Private,168717, Some-college,10, Never-married, Handlers-cleaners, Own-child, White, Male,-20,-1,30, United-States, <=50K
28, Private,88536, HS-grad,5, Never-married, Handlers-cleaners, Husband, White, Male,-51,1,46, United-States, <=50K
39, Private,122967, HS-grad,11, Married-civ-spouse, Tech-support, Not-in-family, Asian-Pac-Islander, Male,-11,0,45, Scotland, <=50K
32, Self-emp-not-inc,147462, Bachelors,9, Married-civ-spouse, Craft-repair, Husband, White, Female,-6,0,40, United-States, >50K
23, Private,175909, Bachelors,8, Divorced, Prof-specialty, Not-in-family, White, Male,-11,0,18, United-States, <=50K
56, Private,506223, Some-college,13, Divorced, Prof-specialty, Not-in-family, White, Male,17,0,45, United-States, <=50K
28, Private,152474, HS-grad,9, Married-civ-spouse, Machine-op-inspct, Husband, Black, Male,-13,0,40, United-States, <=50K
35, Private,261650, Bachelors,8, Married-civ-spouse, Adm-clerical, Wife, White, Male,-44,1,40, United-States, <=50K
47, Self-emp-inc,356426, HS-grad,9, Married-civ-spouse, Craft-repair, Husband, White, Male,-22,-1,50, United-States, <=50K
43, Self-emp-not-inc,220779, Preschool,16, Married-civ-spouse, Craft-repair, Husband, White, Male,-31,-2,46, United-States, <=50K
43, Private,148607, 9th,10, Divorced, Sales, Own-child, Asian-Pac-Islander, Male,-28,-1,68, United-States, <=50K
41, Private,36089, Some-college,10, Married-civ-spouse, Sales, Not-in-family, Asian-Pac-Islander, Male,18,1,60, Canada, <=50K
63, Federal-gov,44854, Masters,14, Married-civ-spouse, Craft-repair, Husband, White, Male,6,0,70, United-States, >50K
28, Private,346035, Bachelors,10, Divorced, Sales, Own-child, White, Male,-20,-1,45, United-States, >50K
50, Private,116734, Bachelors,13, Married-civ-spouse, Prof-specialty, Husband, White, Female,-20,-1,50, United-States, >50K
42, Private,332832, HS-grad,9, Married-civ-spouse, Craft-repair, Husband, White, Male,3,0,45, United-States, <=50K
24, Private,156789, HS-grad,4, Married-spouse-absent, Other-service, Not-in-family, White, Male,-27,0,17, United-States, <=50K
48, Local-gov,129328, 5th-6th,10, Never-married, Prof-specialty, Own-child, White, Male,-12,0,24, ?, <=50K
42, State-gov,53566, Bachelors,6, Married-civ-spouse, Farming-fishing, Husband, White, Female,1,0,46, United-States, <=50K
47, Private,62006, HS-grad,7, Separated, Sales, Husband, Asian-Pac-Islander, Male,-22,-2,40, ?, <=50K
58, Local-gov,92897, 12th,9, Married-civ-spouse, Machine-op-inspct, Not-in-family, White, Female,8,1,40, United-States, <=50K
46, Private,170030, HS-grad,9, Married-civ-spouse, Craft-repair, Husband, Black, Male,-20,-1,40, United-States, <=50K
24, Private,490926, Bachelors,10, Never-married, Adm-clerical, Own-child, White, Male,-9,0,12, United-States, <=50K
61, Local-gov,397077, HS-grad,13, Divorced, Other-service, Own-child, Black, Female,-9,-1,40, United-States, <=50K
60, Federal-gov,178572, Masters,7, Married-civ-spouse, Craft-repair, Husband, White, Female,21,0,40, United-States, <=50K
17, Federal-gov,106453, 10th,11, Never-married, Craft-repair, Other-relative, White, Male,-15,0,45, Haiti, <=50K
33, Private,131742, HS-grad,9, Divorced, Adm-clerical, Husband, White, Female,-31,2,40, United-States, <=50K
43, Federal-gov,84003, HS-grad,13, Married-civ-spouse, Tech-support, Not-in-family, White, Female,1,0,67, United-States, >50K
53, Private,75486, Bachelors,13, Married-civ-spouse, Handlers-cleaners, Not-in-family, Amer-Indian-Eskimo, Female,-16,0,51, United-States, >50K
30, Private,108604, Bachelors,13, Married-civ-spouse, Adm-clerical, Not-in-family, White, Female,-52,2,50, Vietnam, >50K
49, Private,142190, Bachelors,13, Separated, Prof-specialty, Unmarried, Asian-Pac-Islander, Female,11,0,13, China, >50K
40, Local-gov,124537, Bachelors,13, Divorced, Prof-specialty, Not-in-family, White, Female,-7,-2,50, United-States, >50K
45, Federal-gov,41169, 7th-8th,10, Married-civ-spouse, Protective-serv, Wife, White, Male,-12,0,51, United-States, >50K
18, Private,35363, HS-grad,7, Never-married, Adm-clerical, Not-in-family, White, Male,-14,0,57, United-States, <=50K
49, Private,171209, HS-grad,9, Married-civ-spouse, Craft-repair, Other-relative, White, Male,3,-1,60, United-States, <=50K
51, Self-emp-inc,147029, Bachelors,13, Never-married, Prof-specialty, Not-in-family, White, Female,7,0,43, United-States, >50K
30, Self-emp-not-inc,105327, Some-college,7, Married-civ-spouse, Sales, Husband, White, Male,-78,1,45, El-Salvador, <=50K
42, Private,285142, HS-grad,4, Married-civ-spouse, Craft-repair, Husband, White, Male,7774,0,46, United-States, <=50K
25, ?,365096, Masters,7, Never-married, ?, Own-child, Other, Male,-24,0,30, Dominican-Republic, <=50K
21, Private,185857, Some-college,6, Separated, Adm-clerical, Not-in-family, White, Female,0,0,21, United-States, <=50K
23, Private,169792, Some-college,7, Never-married, ?, Own-child, Black, Male,-17,1,17, ?, <=50K
25, Private,193772, Some-college,9, Divorced, Adm-clerical, Not-in-family, White, Female,-8,0,40, United-States, <=50K
19, Private,235082, HS-grad,7, Married-civ-spouse, Adm-clerical, Own-child, White, Male,-22,-1,40, United-States, <=50K
18, Self-emp-not-inc,47835, Some-college,10, Never-married, ?, Own-child, White, Male,22,1,40, United-States, <=50K
54, Federal-gov,244452, Bachelors,14, Married-civ-spouse, Adm-clerical, Husband, White, Female,-25,1,40, United-States, >50K
42, Private,89235, Bachelors,13, Married-civ-spouse, Prof-specialty, Wife, White, Female,-19,0,50, Trinadad&Tobago, >50K
44, Self-emp-inc,39373, Doctorate,16, Married-civ-spouse, Prof-specialty, Husband, White, Male,21,-2,57, United-States, >50K
52, State-gov,122214, HS-grad,14, Married-civ-spouse, Protective-serv, Wife, White, Female,3,1,40, Italy, >50K
46, Self-emp-not-inc,301979, Doctorate,16, Married-civ-spouse, Craft-repair, Husband, White, Female,10,-1,40, United-States, >50K
45, Private,225860, HS-grad,9, Married-civ-spouse, Craft-repair, Husband, White, Male,-11,0,40, United-States, <=50K
40, Private,240515, Some-college,10, Never-married, Craft-repair, Husband, White, Male,-48,-1,5, United-States, <=50K
43, Private,378552, Some-college,10, Never-married, Armed-Forces, Not-in-family, White, Female,-35,1,31, United-States, <=50K
63, Private,229750, 1st-4th,7, Married-civ-spouse, Craft-repair, Not-in-family, White, Male,-15,-1,51, El-Salvador, >50K
47, Private,195283, HS-grad,9, Divorced, Sales, Not-in-family, Black, Male,7,0,49, Yugoslavia, <=50K
39, Self-emp-not-inc,318697, 9th,9, Never-married, ?, Not-in-family, Amer-Indian-Eskimo, Female,-13,1,45, United-States, <=50K
18, Federal-gov,103824, Bachelors,13, Divorced, Prof-specialty, Unmarried, White, Female,-42,-1,59, United-States, >50K
45, Self-emp-not-inc,131088, Prof-school,9, Married-civ-spouse, Craft-repair, Husband, White, Male,36,1,73, United-States, <=50K
46, Private,95832, HS-grad,14, Married-civ-spouse, Machine-op-inspct, Husband, White, Female,-30,0,40, United-States, <=50K
34, Private,369050, Some-college,5, Married-civ-spouse, Sales, Husband, Asian-Pac-Islander, Male,5,2,63, Nicaragua, <=50K
44, Private,206717, Assoc-voc,7, Divorced, Adm-clerical, Unmarried, White, Female,-22,1,40, United-States, <=50K
46, Self-emp-inc,263478, Preschool,14, Married-civ-spouse, Prof-specialty, Husband, White, Male,35,0,58, United-States, >50K
49, Local-gov,122119, 5th-6th,9, Never-married, Adm-clerical, Unmarried, White, Male,-13,1,38, United-States, <=50K
23, Private,166324, HS-grad,9, Divorced, Other-service, Unmarried, White, Female,14,1,40, United-States, <=50K
45, Self-emp-not-inc,187955, HS-grad,9, Divorced, Exec-managerial, Not-in-family, White, Female,-3,0,45, United-States, <=50K
47, Self-emp-not-inc,46624, HS-grad,9, Married-civ-spouse, Craft-repair, Husband, Black, Male,-34,2,40, United-States, <=50K
24, Self-emp-not-inc,219089, HS-grad,9, Divorced, Craft-repair, Husband, White, Male,-20,2,40, United-States, <=50K
23, Local-gov,195854, HS-grad,9, Married-AF-spouse, Adm-clerical, Unmarried, White, Female,20,1,40, United-States, <=50K
46, Private,102387, Doctorate,13, Married-civ-spouse, Prof-specialty, Husband, White, Female,37,0,46, United-States, >50K
21, Private,285402, HS-grad,9, Married-civ-spouse, Protective-serv, Husband, White, Male,-8,-1,40, United-States, <=50K
51, ?,350876, Some-college,10, Widowed, Adm-clerical, Not-in-family, White, Female,14,0,46, El-Salvador, <=50K
60, Private,35583, 1st-4th,12, Married-civ-spouse, Sales, Husband, White, Male,-9,-3,40, United-States, <=50K
55, Private,329536, Some-college,9, Married-civ-spouse, Sales, Husband, Other, Male,-38,-1,58, United-States, <=50K
19, Private,97698, Assoc-voc,10, Separated, Adm-clerical, Own-child, White, Female,9,-1,36, United-States, <=50K
48, Private,136330, HS-grad,7, Divorced, Adm-clerical, Own-child, White, Male,-15,0,50, South, <=50K
31, Private,41592, 7th-8th,3, Separated, Priv-house-serv, Not-in-family, White, Male,3,1,15, United-States, <=50K
36, ?,529619, Some-college,5, Divorced, ?, Unmarried, White, Male,3,0,40, United-States, <=50K
43, Private,353488, 10th,10, Never-married, Handlers-cleaners, Own-child, White, Male,-2,0,8, United-States, <=50K
41, Private,202087, HS-grad,9, Married-civ-spouse, Protective-serv, Husband, White, Male,29,-2,40, Philippines, <=50K
17, ?,43509, Some-college,10, Never-married, ?, Own-child, White, Male,-66,0,31, United-States, <=50K
48, State-gov,139405, Bachelors,13, Separated, Adm-clerical, Not-in-family, White, Female,-3,-2,45, United-States, <=50K
47, Private,95505, Assoc-acdm,10, Married-civ-spouse, Farming-fishing, Husband, Asian-Pac-Islander, Male,-41,0,65, Italy, >50K
44, Local-gov,250905, Masters,16, Married-civ-spouse, Exec-managerial, Husband, White, Female,21,0,46, United-States, >50K
43, Private,84008, HS-grad,9, Married-civ-spouse, Craft-repair, Husband, White, Male,9,0,40, United-States, <=50K
31, Without-pay,253172, HS-grad,9, Married-civ-spouse, Transport-moving, Husband, White, Male,-61,-1,49, United-States, <=50K
63, Private,163584, Some-college,13, Never-married, Machine-op-inspct, Not-in-family, White, Male,3,0,40, Haiti, <=50K
24, Private,371323, HS-grad,10, Never-married, Craft-repair, Husband, White, Male,-1,2,45, United-States, <=50K
36, Self-emp-not-inc,88510, 7th-8th,16, Married-civ-spouse, Exec-managerial, Husband, Asian-Pac-Islander, Male,-57,0,40, Columbia, <=50K
42, Local-gov,184025, Bachelors,13, Married-civ-spouse, Prof-specialty, Wife, White, Male,7404,-1,45, United-States, <=50K
27, Local-gov,123163, Bachelors,13, Divorced, Exec-managerial, Not-in-family, Amer-Indian-Eskimo, Female,-38,0,40, United-States, <=50K
32, Private,292155, HS-grad,9, Never-married, Craft-repair, Own-child, Black, Male,-28,-1,40, United-States, <=50K
50, State-gov,30170, Bachelors,10, Widowed, Adm-clerical, Unmarried, Black, Female,-19,0,40, United-States, <=50K
41, ?,60182, 10th,13, Never-married, Sales, Not-in-family, White, Female,-37,1,20, United-States, <=50K
48, Private,30202, 12th,13, Never-married, Tech-support, Not-in-family, White, Female,-15,0,44, United-States, <=50K
60, Private,39284, Bachelors,13, Married-civ-spouse, Exec-managerial, Wife, White, Female,21,1,68, United-States, >50K
62, Private,32639, Assoc-voc,10, Divorced, Exec-managerial, Husband, White, Male,-27,0,49, United-States, <=50K
45, Private,142873, Bachelors,6, Divorced, Other-service, Not-in-family, White, Female,-18,-1,30, United-States, <=50K
42, State-gov,301291, Bachelors,13, Divorced, Prof-specialty, Wife, White, Female,-21,0,82, United-States, >50K
45, ?,177630, HS-grad,9, Married-civ-spouse, Exec-managerial, Husband, Black, Male,-5,-1,45, United-States, <=50K
42, Federal-gov,285599, Assoc-acdm,13, Married-civ-spouse, Prof-specialty, Husband, Asian-Pac-Islander, Female,-24,1,50, United-States, >50K
61, ?,131158, 9th,10, Never-married, ?, Other-relative, White, Male,-54,0,64, United-States, <=50K
23, Private,288712, HS-grad,9, Married-civ-spouse, Craft-repair, Husband, White, Male,-14,0,74, United-States, <=50K
56, Private,211780, Bachelors,13, Divorced, Prof-specialty, Not-in-family, Asian-Pac-Islander, Female,-7,0,50, United-States, >50K
32, Private,312270, HS-grad,9, Married-spouse-absent, Other-service, Unmarried, Amer-Indian-Eskimo, Male,34,1,40, United-States, <=50K
17, Private,135555, HS-grad,9, Never-married, Craft-repair, Not-in-family, White, Male,2,1,36, United-States, <=50K
48, Local-gov,41572, Bachelors,13, Divorced, Exec-managerial, Not-in-family, Other, Female,-9,1,40, United-States, <=50K
19, Private,31259, Bachelors,10, Never-married, Priv-house-serv, Not-in-family, Amer-Indian-Eskimo, Male,-30,-1,40, United-States, <=50K
60, Self-emp-not-inc,36291, Bachelors,14, Married-civ-spouse, Prof-specialty, Not-in-family, White, Male,3,0,50, Italy, <=50K
55, Private,331875, HS-grad,9, Separated, Exec-managerial, Unmarried, White, Female,15,-1,36, United-States, <=50K
61, Private,563612, HS-grad,6, Married-civ-spouse, ?, Husband, White, Male,-13,0,40, United-States, <=50K
43, Private,144568, HS-grad,9, Married-civ-spouse, Adm-clerical, Husband, White, Female,2,0,50, United-States, <=50K
59, State-gov,193066, Bachelors,13, Married-civ-spouse, Prof-specialty, Husband, White, Male,16,1,40, United-States, >50K
23, Self-emp-not-inc,116900, Masters,13, Married-civ-spouse, Handlers-cleaners, Husband, White, Female,-35,0,45, United-States, <=50K
42, Never-worked,128684, Bachelors,7, Never-married, Adm-clerical, Own-child, White, Male,18,1,21, United-States, <=50K
23, Private,221219, HS-grad,4, Widowed, ?, Unmarried, Black, Male,-38,0,51, United-States, <=50K
50, Private,148387, Bachelors,13, Married-civ-spouse, Prof-specialty, Not-in-family, White, Female,-18,-1,34, United-States, <=50K
44, Self-emp-not-inc,44375, Bachelors,13, Divorced, Exec-managerial, Wife, White, Male,-20,1,40, United-States, <=50K
38, Self-emp-not-inc,41124, Some-college,7, Separated, Protective-serv, Not-in-family, White, Female,-24,1,14, United-States, <=50K
27, Private,90959, HS-grad,9, Never-married, ?, Own-child, White, Male,-31,-1,30, United-States, <=50K
49, Private,220346, HS-grad,9, Married-AF-spouse, Machine-op-inspct, Husband, White, Male,-34,0,36, United-States, <=50K
22, ?,256532, Some-college,10, Never-married, Exec-managerial, Own-child, White, Male,-58,-1,40, Vietnam, <=50K
49, Private,130627, HS-grad,9, Married-civ-spouse, Craft-repair, Husband, White, Male,-14,-1,40, United-States, <=50K
25, Private,265338, Bachelors,13, Divorced, Adm-clerical, Not-in-family, White, Female,-9,1,36, United-States, <=50K
18, Private,32740, HS-grad,9, Never-married, Other-service, Own-child, White, Male,-5,-1,40, United-States, <=50K
46, Self-emp-not-inc,111249, Masters,6, Divorced, Sales, Own-child, White, Female,3573,1920,40, United-States, <=50K
21, State-gov,311735, Assoc-acdm,10, Never-married, Other-service, Not-in-family, Black, Male,29,3,24, ?, <=50K
26, Private,267325, Some-college,11, Never-married, Farming-fishing, Own-child, Amer-Indian-Eskimo, Male,-51,0,40, United-States, <=50K
56, Private,183074, Preschool,5, Married-civ-spouse, Prof-specialty, Wife, White, Male,-13,0,61, United-States, >50K
24, Self-emp-not-inc,271550, HS-grad,7, Never-married, Sales, Not-in-family, White, Male,-21,0,40, United-States, <=50K
48, Private,264560, HS-grad,9, Married-civ-spouse, Machine-op-inspct, Husband, White, Male,-34,-1,40, United-States, <=50K
60, Private,44518, HS-grad,13, Married-civ-spouse, Machine-op-inspct, Husband, White, Male,-17,0,40, United-States, >50K
39, Private,91186, Assoc-voc,9, Married-civ-spouse, Craft-repair, Husband, White, Male,-13,0,54, United-States, <=50K
43, Private,24683, Bachelors,10, Widowed, Sales, Not-in-family, Black, Female,-20,0,40, Honduras, >50K
46, Private,269211, Doctorate,13, Married-civ-spouse, Other-service, Wife, White, Female,23,1,61, United-States, <=50K
43, State-gov,299089, Bachelors,10, Never-married, Tech-support, Wife, White, Female,-13,-2,40, Laos, <=50K
21, Private,206814, 5th-6th,10, Divorced, Prof-specialty, Not-in-family, White, Female,-31,2,40, Jamaica, <=50K
49, Private,186724, 7th-8th,13, Never-married, Prof-specialty, Not-in-family, White, Male,6,-1,50, Mexico, <=50K
28, Self-emp-inc,170513, Masters,16, Married-civ-spouse, Prof-specialty, Husband, White, Male,-53,0,51, United-States, >50K
33, ?,114430, Bachelors,10, Widowed, Exec-managerial, Not-in-family, White, Male,10,-2,45, United-States, <=50K
39, Private,481514, 5th-6th,13, Married-civ-spouse, Protective-serv, Not-in-family, Asian-Pac-Islander, Male,-21,0,40, United-States, <=50K
67, Private,419724, 1st-4th,6, Separated, Adm-clerical, Not-in-family, White, Female,-4,-1,40, United-States, >50K
27, Private,244990, Bachelors,13, Never-married, Tech-support, Not-in-family, Asian-Pac-Islander, Male,10,-1,40, Cuba, <=50K
42, Private,321362, Bachelors,13, Never-married, Prof-specialty, Own-child, White, Male,-8,0,40, United-States, <=50K
23, Private,325763, Masters,10, Married-civ-spouse, Prof-specialty, Husband, White, Male,-4,0,50, United-States, >50K
40, Private,208398, HS-grad,9, Married-civ-spouse, Machine-op-inspct, Husband, White, Male,11,0,40, United-States, >50K
44, Private,293950, Bachelors,13, Divorced, Farming-fishing, Not-in-family, Amer-Indian-Eskimo, Male,-24,1,30, Germany, <=50K
26, ?,56195, Some-college,13, Never-married, ?, Unmarried, White, Female,-23,-1,24, United-States, <=50K
36, Private,180282, Preschool,10, Married-civ-spouse, Exec-managerial, Husband, White, Male,-3,-1,40, United-States, <=50K
40, State-gov,237821, 9th,13, Never-married, Craft-repair, Husband, White, Male,-20,-1,50, United-States, <=50K
42, Self-emp-not-inc,188029, 10th,13, Married-civ-spouse, Sales, Own-child, Asian-Pac-Islander, Male,-30,0,23, United-States, <=50K
56, Local-gov,164514, 12th,6, Divorced, Other-service, Unmarried, White, Female,2,0,85, United-States, <=50K
54, Private,158593, Assoc-voc,9, Married-civ-spouse, Exec-managerial, Wife, Asian-Pac-Islander, Female,-20,2583,50, Vietnam, >50K
30, Private,115149, HS-grad,9, Married-civ-spouse, Craft-repair, Husband, Black, Male,15,2,40, United-States, <=50K
40, Self-emp-not-inc,244163, HS-grad,10, Married-civ-spouse, Craft-repair, Husband, White, Male,-26,0,40, United-States, <=50K
31, Local-gov,287667, Some-college,11, Never-married, Prof-specialty, Not-in-family, White, Female,-2,0,23, United-States, <=50K
39, Private,340559, Some-college,14, Never-married, Transport-moving, Own-child, White, Male,-18,0,50, United-States, <=50K
39, ?,109725, Bachelors,13, Divorced, Handlers-cleaners, Husband, White, Male,13759,0,32, United-States, >50K
20, Private,300993, Some-college,10, Never-married, Other-service, Own-child, Other, Male,-38,-1,45, United-States, <=50K
24, Private,237745, Some-college,10, Married-civ-spouse, Craft-repair, Own-child, White, Male,-21,0,24, United-States, <=50K
66, Private,292939, Assoc-acdm,4, Married-civ-spouse, ?, Husband, Amer-Indian-Eskimo, Male,-1,-1,40, United-States, <=50K
40, State-gov,133087, Some-college,13, Married-civ-spouse, Exec-managerial, Husband, White, Male,-7,0,46, United-States, >50K
35, Private,108385, Bachelors,7, Never-married, Prof-specialty, Own-child, White, Male,-2,0,40, United-States, <=50K
58, Private,240105, HS-grad,9, Married-civ-spouse, Craft-repair, Husband, Black, Male,-4,1,46, United-States, <=50K
35, Self-emp-not-inc,342018, Some-college,13, Married-civ-spouse, Sales, Own-child, White, Male,-34,-1,51, ?, <=50K
22, Private,232602, Bachelors,13, Divorced, Prof-specialty, Wife, White, Female,-7,0,40, United-States, >50K
27, Local-gov,327695, Some-college,5, Divorced, Machine-op-inspct, Own-child, White, Male,-28,0,36, United-States, <=50K
34, Private,262816, HS-grad,9, Married-civ-spouse, Craft-repair, Husband, White, Male,15,1,40, United-States, <=50K
47, ?,99885, Bachelors,13, Separated, Exec-managerial, Not-in-family, White, Female,0,1,40, United-States, <=50K
27, Private,371045, HS-grad,7, Married-civ-spouse, Prof-specialty, Husband, White, Male,-9,1,40, Germany, <=50K
27, Private,275807, Bachelors,13, Divorced, Prof-specialty, Not-in-family, White, Female,-15,-1,21, United-States, <=50K
42, Self-emp-not-inc,26323, Assoc-voc,9, Married-civ-spouse, Craft-repair, Not-in-family, White, Male,-1,2,59, Hungary, <=50K
27, Private,295593, HS-grad,9, Separated, Machine-op-inspct, Husband, White, Female,-35,0,40, United-States, <=50K
34, ?,311980, Bachelors,13, Separated, Adm-clerical, Own-child, Asian-Pac-Islander, Female,16,0,50, Columbia, >50K
22, Private,247312, 10th,6, Never-married, ?, Not-in-family, White, Male,-16,0,10, United-States, <=50K
58, Private,222564, HS-grad,9, Married-civ-spouse, Adm-clerical, Other-relative, White, Male,13,1,40, United-States, <=50K
20, Local-gov,117477, Some-college,10, Never-married, ?, Own-child, White, Male,-14,-1,40, United-States, <=50K
51, Private,50072, Some-college,7, Never-married, Other-service, Not-in-family, White, Male,-7,-1,44, United-States, <=50K
51, Private,44889, HS-grad,9, Divorced, Protective-serv, Husband, White, Male,-25,1,40, United-States, <=50K
24, Private,198335, Bachelors,13, Never-married, Protective-serv, Not-in-family, White, Female,15,1,65, United-States, <=50K
39, Private,41371, Bachelors,13, Never-married, Tech-support, Unmarried, Black, Female,-18,0,40, Mexico, <=50K
46, Self-emp-not-inc,268863, HS-grad,9, Married-civ-spouse, Craft-repair, Husband, White, Male,-37,0,50, United-States, <=50K
21, Private,247480, Bachelors,13, Never-married, Handlers-cleaners, Not-in-family, White, Male,-1,1,50, Scotland, <=50K
57, Self-emp-not-inc,39657, Assoc-voc,14, Married-civ-spouse, Other-service, Husband, White, Male,-32,0,50, United-States, <=50K
44, Self-emp-inc,239889, HS-grad,9, Married-civ-spouse, Handlers-cleaners, Husband, White, Male,-42,1,49, United-States, <=50K
48, Private,393436, HS-grad,9, Married-civ-spouse, Sales, Husband, White, Male,-13,0,72, United-States, <=50K
19, Self-emp-not-inc,275848, Assoc-acdm,7, Married-spouse-absent, Adm-clerical, Other-relative, White, Male,-24,0,36, United-States, <=50K
16, Private,326119, Some-college,7, Never-married, ?, Own-child, White, Male,-28,-1,40, United-States, <=50K
25, ?,373623, Some-college,13, Never-married, Adm-clerical, Other-relative, White, Female,-7,-1,35, United-States, <=50K
77, Private,38253, 5th-6th,13, Divorced, Tech-support, Husband, Black, Male,-24,1,69, France, <=50K
18, Private,317959, 11th,9, Never-married, Other-service, Own-child, White, Male,-1,0,22, United-States, <=50K
43, Local-gov,241043, Bachelors,7, Divorced, Tech-support, Not-in-family, Asian-Pac-Islander, Female,-10,-2,44, Cuba, <=50K
39, Private,35077, 12th,10, Never-married, Sales, Husband, White, Male,-47,0,46, United-States, <=50K
37, Private,81907, Assoc-voc,9, Married-civ-spouse, Transport-moving, Husband, Asian-Pac-Islander, Male,-36,-1,45, United-States, <=50K
40, Private,35169, Bachelors,7, Never-married, Sales, Husband, White, Female,-3,0,40, United-States, <=50K
22, Private,106808, Some-college,7, Widowed, Craft-repair, Not-in-family, White, Female,-24,0,40, India, <=50K
20, Private,142277, 7th-8th,9, Married-civ-spouse, Adm-clerical, Husband, White, Female,2935,0,40, United-States, <=50K
61, Private,83998, HS-grad,5, Married-civ-spouse, Adm-clerical, Husband, Asian-Pac-Islander, Male,-15,-1,40, United-States, >50K
23, ?,426497, HS-grad,10, Never-married, Other-service, Own-child, Black, Male,6,0,16, Germany, <=50K
41, Self-emp-not-inc,173185, Masters,9, Married-civ-spouse, Sales, Husband, White, Male,-16,-1,40, United-States, >50K
32, Private,263401, Bachelors,9, Divorced, Machine-op-inspct, Not-in-family, White, Female,-45,-2,20, ?, <=50K
25, Private,120066, Some-college,7, Married-civ-spouse, Tech-support, Unmarried, Other, Male,-12,-1,40, United-States, <=50K
27, Local-gov,118852, Bachelors,13, Divorced, Prof-specialty, Not-in-family, White, Female,-52,0,50, United-States, <=50K
47, Private,341621, 9th,5, Married-civ-spouse, Sales, Unmarried, White, Male,-33,1,40, United-States, <=50K
69, State-gov,44912, 10th,4, Married-civ-spouse, Craft-repair, Husband, White, Male,16,1,40, United-States, <=50K
29, Private,586047, HS-grad,9, Divorced, Priv-house-serv, Unmarried, White, Male,-53,0,40, United-States, <=50K
31, ?,111727, HS-grad,9, Never-married, ?, Not-in-family, White, Female,-59,-1,61, United-States, <=50K
42, Private,383005, Prof-school,11, Married-civ-spouse, Transport-moving, Wife, White, Male,-24,0,40, United-States, <=50K
31, Private,249400, Some-college,13, Married-civ-spouse, Handlers-cleaners, Not-in-family, White, Male,-35,1,40, United-States, <=50K
44, Self-emp-inc,189513, Assoc-voc,16, Married-civ-spouse, Prof-specialty, Husband, White, Male,-23,1,40, United-States, >50K
60, Private,138045, 5th-6th,13, Divorced, Prof-specialty, Unmarried, Black, Male,-44,-1,63, United-States, <=50K
38, State-gov,315841, Bachelors,10, Never-married, Sales, Not-in-family, White, Male,-16,0,21, United-States, <=50K
24, ?,164649, Some-college,10, Never-married, Adm-clerical, Not-in-family, White, Male,-27,-1,36, United-States, <=50K
30, ?,252770, Assoc-voc,10, Never-married, Exec-managerial, Not-in-family, White, Female,-18,0,44, United-States, <=50K
37, Federal-gov,120088, Some-college,10, Married-civ-spouse, Machine-op-inspct, Wife, White, Female,-15,0,75, United-States, <=50K
32, ?,114525, Bachelors,13, Never-married, Prof-specialty, Own-child, White, Male,16,-2,14, United-States, <=50K
41, Self-emp-not-inc,228672, Bachelors,13, Married-civ-spouse, Exec-managerial, Wife, White, Male,-12,-1,63, Poland, <=50K
49, State-gov,114282, Bachelors,13, Married-civ-spouse, Prof-specialty, Wife, White, Male,15619,0,58, United-States, >50K
37, Local-gov,121103, 9th,15, Married-civ-spouse, ?, Not-in-family, White, Female,-4,0,14, ?, <=50K
29, Private,281878, Masters,14, Never-married, Prof-specialty, Not-in-family, White, Female,29,2,57, United-States, >50K
39, Never-worked,124993, 7th-8th,15, Separated, Other-service, Not-in-family, Asian-Pac-Islander, Male,14,0,45, United-States, <=50K
26, Private,240378, Some-college,10, Never-married, Craft-repair, Own-child, White, Male,-52,-1,24, Mexico, <=50K
49, Private,164250, Masters,11, Married-civ-spouse, Exec-managerial, Husband, White, Male,7468,1,50, United-States, >50K
43, Self-emp-inc,395747, HS-grad,13, Married-civ-spouse, Prof-specialty, Wife, White, Female,26,2,47, United-States, >50K
32, Self-emp-not-inc,362183, 7th-8th,9, Married-civ-spouse, Craft-repair, Husband, White, Male,-1,0,40, United-States, >50K
50, Local-gov,149295, Bachelors,13, Divorced, Prof-specialty, Not-in-family, White, Female,20,-2,50, United-States, <=50K
59, ?,61145, 5th-6th,6, Separated, Exec-managerial, Own-child, White, Male,-5,1,40, England, <=50K
28, Private,230895, HS-grad,9, Married-civ-spouse, Farming-fishing, Husband, Black, Male,-4,1,40, Greece, <=50K
40, Local-gov,179926, Bachelors,14, Married-civ-spouse, Sales, Husband, White, Male,-45,0,44, ?, >50K
48, Local-gov,259482, HS-grad,13, Divorced, Craft-repair, Other-relative, White, Male,-13,0,58, Japan, <=50K
22, ?,360945, Some-college,10, Never-married, ?, Own-child, White, Male,-29,0,17, United-States, <=50K
44, Private,236739, HS-grad,9, Married-civ-spouse, Craft-repair, Husband, White, Male,-13,1,46, United-States, <=50K
36, ?,134003, Bachelors,13, Separated, ?, Not-in-family, White, Male,-30,-1,37, United-States, <=50K
46, ?,243363, Assoc-voc,10, Never-married, ?, Own-child, White, Male,-27,-1,12, Cuba, <=50K
42, Local-gov,52350, 7th-8th,13, Divorced, Exec-managerial, Husband, Asian-Pac-Islander, Female,-22,-1,40, United-States, <=50K
31, Private,443183, Masters,9, Married-civ-spouse, Prof-specialty, Not-in-family, White, Female,-12,0,40, Columbia, <=50K
60, Local-gov,213437, HS-grad,9, Married-civ-spouse, Machine-op-inspct, Husband, White, Male,0,0,40, United-States, <=50K
23, Self-emp-not-inc,316207, Masters,8, Never-married, Other-service, Own-child, White, Male,-50,-1,40, Hong, <=50K
23, Private,213690, HS-grad,9, Married-civ-spouse, Other-service, Husband, White, Male,-55,-1,40, United-States, <=50K
44, Self-emp-inc,194199, Bachelors,14, Married-civ-spouse, Prof-specialty, Wife, White, Male,41,0,74, United-States, >50K
49, State-gov,99683, 12th,13, Divorced, Adm-clerical, Unmarried, White, Female,-4,0,36, United-States, <=50K
43, Self-emp-inc,230912, Prof-school,16, Married-civ-spouse, Prof-specialty, Husband, White, Male,14724,0,40, United-States, >50K
23, Private,263211, HS-grad,9, Separated, Other-service, Unmarried, Black, Female,-4,0,40, Nicaragua, <=50K
29, Local-gov,177932, HS-grad,7, Divorced, Handlers-cleaners, Unmarried, Black, Female,29,0,25, South, <=50K
22, Private,202114, 11th,6, Never-married, Other-service, Own-child, White, Female,-51,-3,35, United-States, <=50K
59, Self-emp-not-inc,295582, 1st-4th,16, Married-civ-spouse, Farming-fishing, Husband, White, Male,-22,0,40, United-States, >50K
25, ?,265722, Bachelors,6, Widowed, Other-service, Unmarried, White, Male,-31,2186,31, United-States, <=50K
27, State-gov,323411, HS-grad,16, Married-civ-spouse, Prof-specialty, Husband, White, Male,-4,0,87, United-States, <=50K
58, Private,131313, HS-grad,9, Separated, Adm-clerical, Own-child, White, Male,-16,-1,40, United-States, <=50K
43, Private,196733, 11th,14, Married-civ-spouse, Prof-specialty, Husband, White, Female,18,-1,36, Portugal, <=50K
40, Local-gov,242206, Masters,11, Married-civ-spouse, Prof-specialty, Husband, White, Male,-50,0,44, Thailand, <=50K
25, Private,97506, HS-grad,9, Separated, Adm-clerical, Other-relative, White, Male,-24,-1,36, United-States, <=50K
24, Private,195409, Bachelors,13, Divorced, Machine-op-inspct, Not-in-family, Black, Female,12,-1,24, United-States, <=50K
51, Self-emp-not-inc,209667, HS-grad,9, Married-civ-spouse, Craft-repair, Husband, White, Male,-39,2,40, United-States, <=50K
26, Private,96656, Bachelors,5, Never-married, Tech-support, Unmarried, White, Female,-21,2,50, South, <=50K
36, Federal-gov,162702, HS-grad,6, Married-civ-spouse, Transport-moving, Unmarried, White, Female,12,0,40, United-States, <=50K
20, ?,126960, Some-college,7, Never-married, ?, Own-child, White, Male,-3,0,18, United-States, <=50K
64, Self-emp-not-inc,233518, HS-grad,9, Married-civ-spouse, Craft-repair, Husband, White, Male,23,-1,40, United-States, <=50K
63, Self-emp-inc,158621, Masters,13, Married-civ-spouse, Exec-managerial, Husband, Black, Male,5,0,36, United-States, >50K
44, Local-gov,145893, Masters,14, Married-civ-spouse, Prof-specialty, Husband, White, Male,7627,1,50, United-States, >50K
48, Federal-gov,40339, Bachelors,4, Divorced, ?, Not-in-family, Asian-Pac-Islander, Female,-3,-1,59, United-States, <=50K
50, Private,119943, 1st-4th,9, Married-civ-spouse, Craft-repair, Husband, White, Male,2,-2,58, ?, <=50K
25, Private,272894, HS-grad,3, Married-spouse-absent, Other-service, Other-relative, White, Male,-40,-1,12, India, <=50K
24, Private,102121, 12th,7, Never-married, Handlers-cleaners, Not-in-family, Other, Male,-25,-1,40, United-States, <=50K
18, Private,243755, 12th,13, Never-married, Handlers-cleaners, Own-child, White, Female,-29,0,40, United-States, >50K
22, Private,194807, Some-college,10, Never-married, Prof-specialty, Own-child, White, Male,-21,-1,45, United-States, <=50K
49, Federal-gov,179603, Assoc-voc,13, Married-civ-spouse, Exec-managerial, Not-in-family, White, Male,-10,1,45, United-States, <=50K
58, Private,234760, 11th,10, Married-civ-spouse, Transport-moving, Husband, White, Male,-10,1,40, United-States, <=50K
30, Private,168896, HS-grad,9, Married-spouse-absent, Sales, Husband, White, Male,11,1,40, United-States, <=50K
42, Private,339966, HS-grad,9, Married-civ-spouse, Craft-repair, Husband, White, Male,0,1,40, United-States, <=50K
46, Federal-gov,274582, HS-grad,9, Married-civ-spouse, Exec-managerial, Husband, White, Male,-57,-1,40, United-States, <=50K
57, Private,222561, Some-college,10, Married-civ-spouse, Craft-repair, Husband, Asian-Pac-Islander, Male,-27,0,46, United-States, <=50K
37, State-gov,119374, Bachelors,13, Married-civ-spouse, Prof-specialty, Not-in-family, White, Female,-33,0,74, United-States, >50K
47, Private,409452, HS-grad,9, Married-civ-spouse, Transport-moving, Husband, White, Male,-39,0,40, United-States, <=50K
68, State-gov,359558, HS-grad,9, Married-civ-spouse, Protective-serv, Husband, White, Female,-9,-1,65, United-States, <=50K
19, ?,31494, 7th-8th,13, Never-married, ?, Own-child, White, Female,-56,1,36, United-States, <=50K
42, Private,87799, Bachelors,13, Widowed, Prof-specialty, Wife, White, Female,2,-2,40, United-States, >50K
22, Federal-gov,305843, Bachelors,7, Married-civ-spouse, Protective-serv, Husband, Asian-Pac-Islander, Male,27,-1,44, United-States, >50K
37, Private,111311, Bachelors,13, Widowed, Prof-specialty, Not-in-family, White, Female,-21,1,50, United-States, <=50K
44, Never-worked,323994, HS-grad,15, Never-married, Adm-clerical, Husband, White, Male,-7,1,49, India, <=50K
22, Private,63181, HS-grad,9, Married-civ-spouse, Adm-clerical, Not-in-family, White, Male,-4,-1,40, United-States, <=50K
36, State-gov,85480, Assoc-acdm,13, Never-married, Adm-clerical, Wife, White, Female,5,0,31, United-States, >50K
25, Private,317268, HS-grad,9, Married-civ-spouse, Transport-moving, Husband, White, Male,-1,0,40, United-States, <=50K
61, Self-emp-not-inc,100053, 12th,14, Divorced, Farming-fishing, Not-in-family, White, Female,-38,0,37, United-States, <=50K
39, Private,140209, 7th-8th,9, Married-civ-spouse, Prof-specialty, Husband, White, Female,2,0,44, United-States, <=50K
40, Private,382591, HS-grad,9, Married-civ-spouse, Adm-clerical, Husband, White, Male,-19,-1,40, United-States, <=50K
48, Private,252856, HS-grad,9, Married-civ-spouse, Craft-repair, Husband, White, Male,-31,-1,40, United-States, <=50K
34, Private,240868, HS-grad,4, Married-civ-spouse, Farming-fishing, Own-child, White, Male,-21,1,40, United-States, <=50K
39, Private,50308, 9th,4, Married-civ-spouse, Machine-op-inspct, Husband, White, Female,-12,1,40, United-States, <=50K
16, ?,140902, Some-college,10, Never-married, ?, Own-child, Other, Male,-52,-1,22, Mexico, <=50K
26, State-gov,125121, Preschool,13, Divorced, Exec-managerial, Not-in-family, White, Female,-6,0,50, United-States, >50K
35, State-gov,218639, Bachelors,7, Never-married, Exec-managerial, Not-in-family, White, Female,-1,0,36, United-States, <=50K
47, Private,34470, 7th-8th,11, Married-civ-spouse, Exec-managerial, Husband, White, Female,8,1805,40, United-States, >50K
30, Private,134240, HS-grad,9, Married-civ-spouse, Machine-op-inspct, Not-in-family, White, Male,-48,-1,40, United-States, <=50K
26, ?,146733, Bachelors,13, Divorced, ?, Not-in-family, White, Male,-5,-1,40, United-States, <=50K
45, Private,181332, HS-grad,9, Married-civ-spouse, Craft-repair, Husband, White, Male,-33,-1,40, United-States, <=50K
60, Self-emp-not-inc,30078, 12th,13, Separated, Exec-managerial, Not-in-family, Amer-Indian-Eskimo, Male,-1,0,24, United-States, <=50K
47, Private,507870, Bachelors,7, Never-married, Handlers-cleaners, Unmarried, Black, Male,19,1,22, United-States, <=50K
56, Local-gov,166984, HS-grad,13, Married-civ-spouse, Craft-repair, Husband, White, Female,2556,0,40, United-States, >50K
44, Private,216085, Bachelors,13, Widowed, Other-service, Own-child, Asian-Pac-Islander, Female,-36,0,11, United-States, <=50K
15, Private,212558, 5th-6th,6, Never-married, Handlers-cleaners, Not-in-family, White, Male,-25,-3,40, United-States, <=50K
58, ?,138679, HS-grad,9, Married-civ-spouse, Craft-repair, Husband, Black, Male,12,0,40, Honduras, <=50K
29, Without-pay,304809, HS-grad,11, Married-civ-spouse, Machine-op-inspct, Husband, White, Female,-9,0,58, United-States, <=50K
23, Private,37481, Bachelors,10, Married-spouse-absent, Craft-repair, Not-in-family, Other, Male,-28,1,38, Guatemala, <=50K
62, Local-gov,120323, Bachelors,13, Widowed, ?, Own-child, Black, Female,-28,0,40, United-States, <=50K
42, ?,39796, 11th,13, Never-married, ?, Not-in-family, Asian-Pac-Islander, Male,-42,-2,40, United-States, <=50K
60, ?,457408, 11th,10, Never-married, Prof-specialty, Own-child, Black, Female,-19,1,21, United-States, <=50K
66, Private,395092, 7th-8th,7, Married-spouse-absent, Adm-clerical, Unmarried, White, Female,28,-1,40, United-States, <=50K
19, ?,115779, HS-grad,13, Never-married, Machine-op-inspct, Own-child, Amer-Indian-Eskimo, Male,-13,-1,22, United-States, <=50K
59, Private,105011, Bachelors,8, Divorced, Protective-serv, Husband, Asian-Pac-Islander, Female,-6,-2,36, United-States, <=50K
23, Private,278626, 11th,3, Married-spouse-absent, Machine-op-inspct, Other-relative, White, Male,7,1,37, India, <=50K
42, Private,99303, Some-college,10, Divorced, ?, Husband, White, Male,-17,-2,44, United-States, <=50K
24, Private,104788, Some-college,10, Married-civ-spouse, Sales, Not-in-family, White, Male,-3,0,40, United-States, <=50K
39, Private,134914, Bachelors,13, Divorced, Adm-clerical, Not-in-family, White, Female,-37,-1,30, United-States, <=50K
51, Local-gov,151478, Prof-school,14, Married-civ-spouse, Prof-specialty, Wife, White, Male,33,1,45, United-States, >50K
51, Private,524727, HS-grad,13, Never-married, Adm-clerical, Husband, Black, Female,-33,0,40, United-States, <=50K
58, Private,103200, 5th-6th,9, Never-married, Sales, Not-in-family, White, Male,-9,-1,40, United-States, <=50K
21, Self-emp-not-inc,121934, HS-grad,9, Married-civ-spouse, Craft-repair, Unmarried, Black, Male,4,-1,40, France, <=50K
39, Private,258473, Masters,10, Married-civ-spouse, Other-service, Not-in-family, White, Male,-12,1,46, United-States, <=50K
27, Private,134262, HS-grad,9, Divorced, Machine-op-inspct, Unmarried, Black, Male,-44,0,40, United-States, <=50K
23, Private,99703, 5th-6th,13, Never-married, Exec-managerial, Not-in-family, White, Male,-26,-1,40, United-States, <=50K
48, Private,222787, HS-grad,9, Married-civ-spouse, Adm-clerical, Husband, White, Female,-16,1,40, Italy, <=50K
50, State-gov,109968, Bachelors,13, Married-civ-spouse, Exec-managerial, Husband, White, Male,-44,-2,40, United-States, >50K
17, ?,259270, 11th,10, Never-married, ?, Own-child, White, Male,-50,1,31, United-States, <=50K
47, Private,257782, HS-grad,7, Married-civ-spouse, Priv-house-serv, Unmarried, White, Male,0,0,40, United-States, <=50K
21, Local-gov,258805, Bachelors,5, Never-married, Adm-clerical, Own-child, White, Female,-2,0,44, United-States, <=50K
41, Private,125413, HS-grad,14, Married-civ-spouse, Transport-moving, Husband, White, Male,-29,0,40, United-States, >50K
54, State-gov,222694, 7th-8th,13, Divorced, Exec-managerial, Unmarried, White, Female,-14,-1,40, United-States, <=50K
51, Private,34940, HS-grad,13, Divorced, Sales, Husband, Asian-Pac-Islander, Male,-13,0,40, United-States, <=50K
23, Local-gov,102722, Bachelors,13, Divorced, Adm-clerical, Not-in-family, White, Female,-21,1,40, United-States, <=50K
44, Private,193999, Bachelors,16, Married-civ-spouse, Prof-specialty, Husband, White, Male,-15,2,61, ?, >50K
22, Private,124562, Bachelors,13, Divorced, Adm-clerical, Unmarried, White, Female,-48,-2,40, United-States, <=50K
65, Local-gov,90009, Bachelors,13, Married-civ-spouse, Adm-clerical, Husband, Black, Female,25,0,44, Japan, >50K
18, Self-emp-not-inc,200592, HS-grad,7, Never-married, Craft-repair, Unmarried, Black, Female,5,0,37, United-States, <=50K
26, Private,302187, Some-college,10, Never-married, Craft-repair, Other-relative, White, Male,-8,-1,22, United-States, <=50K
26, Self-emp-inc,96557, Bachelors,14, Married-civ-spouse, Exec-managerial, Wife, White, Female,-4,-1,50, United-States, >50K
46, Private,337112, Bachelors,13, Married-civ-spouse, Machine-op-inspct, Wife, White, Female,-50,0,45, United-States, >50K
21, Private,244235, Some-college,10, Never-married, ?, Own-child, White, Male,-48,-2,24, United-States, <=50K
37, Self-emp-not-inc,74223, HS-grad,9, Separated, Adm-clerical, Unmarried, Black, Female,16,1,40, United-States, <=50K
26, Private,93595, 11th,10, Married-civ-spouse, Sales, Not-in-family, White, Male,-6,-1,40, United-States, <=50K
20, Federal-gov,118310, Some-college,10, Never-married, Handlers-cleaners, Other-relative, White, Male,-19,-1,45, United-States, <=50K
28, Private,173684, Bachelors,5, Widowed, Adm-clerical, Unmarried, White, Female,-10,-1,40, United-States, <=50K
24, Private,198717, HS-grad,9, Never-married, Handlers-cleaners, Husband, Amer-Indian-Eskimo, Male,-8,0,40, United-States, <=50K
40, Private,305168, HS-grad,11, Married-civ-spouse, Prof-specialty, Husband, White, Male,11,0,60, United-States, <=50K
37, Federal-gov,261216, Some-college,7, Never-married, Other-service, Own-child, White, Female,-18,0,38, United-States, <=50K
19, Private,108338, HS-grad,7, Never-married, Handlers-cleaners, Own-child, White, Male,-39,-2,44, United-States, <=50K
55, Private,232975, Assoc-voc,7, Never-married, Sales, Own-child, White, Male,-5,2,40, United-States, <=50K
20, ?,300065, Bachelors,5, Never-married, Handlers-cleaners, Own-child, Black, Male,-29,1,37, United-States, <=50K
51, Private,274449, HS-grad,9, Married-civ-spouse, Craft-repair, Husband, White, Male,-29,0,40, United-States, <=50K
63, Local-gov,251836, Assoc-voc,13, Divorced, Other-service, Unmarried, Black, Female,-10,0,22, Jamaica, >50K
21, Private,265553, Some-college,10, Never-married, ?, Own-child, White, Male,8,0,21, United-States, <=50K
32, Private,38497, 5th-6th,7, Divorced, Prof-specialty, Wife, White, Female,2,-1,40, United-States, <=50K
58, Private,180510, Masters,11, Married-civ-spouse, Exec-managerial, Husband, White, Female,-14,0,60, China, >50K
57, Private,195708, HS-grad,9, Married-spouse-absent, Priv-house-serv, Unmarried, White, Female,-31,1,40, United-States, <=50K
40, Private,186334, HS-grad,10, Married-civ-spouse, Transport-moving, Husband, White, Male,5,0,62, United-States, >50K
46, Private,503307, HS-grad,9, Widowed, Adm-clerical, Unmarried, White, Female,-64,0,40, United-States, <=50K
39, Self-emp-not-inc,274251, Bachelors,13, Divorced, Adm-clerical, Wife, White, Female,-8,0,36, Ecuador, <=50K
18, Private,346163, Some-college,10, Never-married, Transport-moving, Own-child, White, Male,-69,-2,25, United-States, <=50K
22, ?,343362, Bachelors,5, Divorced, Prof-specialty, Own-child, Asian-Pac-Islander, Male,-9,1,36, United-States, <=50K
20, Never-worked,230152, Bachelors,13, Divorced, Craft-repair, Husband, Black, Female,-53,0,50, Iran, >50K
23, Self-emp-not-inc,213799, Assoc-voc,10, Married-civ-spouse, Prof-specialty, Not-in-family, White, Male,9,1,45, United-States, <=50K
44, Private,249963, Some-college,9, Married-civ-spouse, Transport-moving, Husband, White, Male,-57,-1,40, United-States, <=50K
41, State-gov,252780, Masters,13, Married-civ-spouse, Prof-specialty, Wife, White, Female,6,1,72, United-States, >50K
59, Private,350071, HS-grad,11, Married-civ-spouse, Adm-clerical, Husband, Asian-Pac-Islander, Female,-6,0,40, United-States, >50K
48, Self-emp-inc,90241, Bachelors,14, Married-civ-spouse, Prof-specialty, Wife, White, Female,17,-2,44, United-States, >50K
17, Private,209479, Some-college,10, Never-married, Craft-repair, Husband, Asian-Pac-Islander, Male,-22,0,46, Portugal, <=50K
40, Local-gov,272118, Bachelors,8, Divorced, Sales, Husband, Black, Male,0,0,40, United-States, <=50K
48, ?,248304, Some-college,10, Divorced, ?, Not-in-family, White, Female,-51,0,36, United-States, <=50K
50, Without-pay,43282, 1st-4th,13, Divorced, Machine-op-inspct, Wife, White, Male,4,0,40, Puerto-Rico, >50K
23, Private,49282, Masters,7, Never-married, Sales, Not-in-family, White, Male,-17,-1,23, United-States, <=50K
23, Federal-gov,14882, Bachelors,8, Divorced, Prof-specialty, Not-in-family, Other, Female,-2,-1,40, United-States, <=50K
55, Self-emp-not-inc,92739, Some-college,10, Separated, Adm-clerical, Unmarried, White, Female,-4,1,36, United-States, >50K
37, Self-emp-not-inc,244224, HS-grad,7, Married-spouse-absent, Machine-op-inspct, Wife, White, Female,-20,0,51, United-States, <=50K
36, Private,225466, Some-college,9, Separated, Farming-fishing, Unmarried, Black, Male,-5,-1,11, Columbia, <=50K
50, Private,311623, 10th,10, Never-married, Craft-repair, Own-child, White, Male,21,0,14, United-States, <=50K
23, Private,49981, Some-college,7, Married-civ-spouse, Sales, Husband, White, Male,-7,0,40, England, <=50K
29, Private,325015, HS-grad,6, Married-civ-spouse, Craft-repair, Own-child, White, Male,6,0,40, ?, <=50K
62, Self-emp-not-inc,346823, 5th-6th,13, Married-civ-spouse, Adm-clerical, Husband, White, Female,-29,0,40, United-States, >50K
55, Federal-gov,117311, Prof-school,13, Married-civ-spouse, Craft-repair, Husband, White, Female,-39,0,40, United-States, >50K
30, Private,281312, Preschool,6, Married-civ-spouse, Other-service, Wife, Black, Male,0,1,50, United-States, <=50K
21, Local-gov,34787, Assoc-voc,13, Married-civ-spouse, Sales, Not-in-family, White, Male,-11,2,40, Haiti, <=50K
52, Federal-gov,221757, Masters,13, Married-civ-spouse, Handlers-cleaners, Husband, Asian-Pac-Islander, Male,-26,-1,50, United-States, <=50K
39, Local-gov,206163, Masters,4, Married-civ-spouse, Farming-fishing, Husband, White, Male,4,-1,40, United-States, >50K
17, ?,57280, Some-college,10, Never-married, ?, Own-child, White, Male,8,0,21, Portugal, <=50K
36, Self-emp-not-inc,124152, Assoc-acdm,13, Married-civ-spouse, Exec-managerial, Husband, White, Male,-32,1,40, United-States, <=50K
35, Private,338741, Bachelors,13, Married-civ-spouse, Prof-specialty, Not-in-family, White, Female,-14,-2,40, United-States, >50K
45, Private,233006, Bachelors,10, Divorced, Farming-fishing, Husband, White, Male,-32,-1,40, United-States, <=50K
23, Private,37473, HS-grad,9, Married-civ-spouse, Adm-clerical, Own-child, White, Male,-32,1,40, United-States, <=50K
26, Private,516405, Bachelors,7, Separated, Tech-support, Unmarried, White, Female,-30,-1,40, United-States, <=50K
47, ?,45417, HS-grad,7, Divorced, ?, Not-in-family, White, Male,7,-2,62, United-States, <=50K
49, Private,269709, HS-grad,9, Married-civ-spouse, Adm-clerical, Husband, White, Male,-42,-2,40, Nicaragua, <=50K
25, Private,403255, 10th,7, Never-married, Sales, Own-child, White, Male,-41,1,44, United-States, <=50K
60, Private,341552, HS-grad,9, Married-civ-spouse, Craft-repair, Husband, White, Male,-18,-1,50, United-States, <=50K
36, Private,179715, Some-college,14, Married-civ-spouse, Farming-fishing, Husband, Asian-Pac-Islander, Male,-12,1,50, United-States, <=50K
29, Private,98393, 1st-4th,7, Divorced, Other-service, Other-relative, White, Female,11,1,30, United-States, <=50K
49, Without-pay,245465, Bachelors,10, Divorced, ?, Husband, White, Male,7,2,49, United-States, <=50K
43, Private,302237, HS-grad,9, Married-civ-spouse, Adm-clerical, Husband, White, Male,-24,0,40, United-States, <=50K
39, State-gov,43536, Bachelors,13, Divorced, Prof-specialty, Not-in-family, Amer-Indian-Eskimo, Female,-9,0,44, Ecuador, <=50K
56, Private,301924, Bachelors,10, Married-civ-spouse, Exec-managerial, Wife, White, Male,-41,-1,45, United-States, >50K
41, Self-emp-not-inc,307833, Bachelors,7, Divorced, Exec-managerial, Wife, White, Female,-35,1842,36, Laos, <=50K
36, Private,160344, 9th,14, Married-civ-spouse, Transport-moving, Husband, White, Male,9,-1,7, United-States, >50K
32, Self-emp-not-inc,32574, Bachelors,14, Married-civ-spouse, Prof-specialty, Wife, White, Female,-19,-1,49, United-States, >50K
30, State-gov,33177, HS-grad,9, Married-civ-spouse, Farming-fishing, Husband, Black, Female,-13,0,50, United-States, <=50K
37, Private,110063, 7th-8th,7, Never-married, Craft-repair, Not-in-family, White, Male,32,0,15, United-States, <=50K
46, Self-emp-not-inc,34533, Bachelors,14, Married-civ-spouse, Tech-support, Husband, White, Male,24,1944,46, United-States, >50K
27, Private,275417, HS-grad,9, Married-spouse-absent, Other-service, Husband, White, Female,-26,0,31, United-States, <=50K
50, Self-emp-not-inc,294829, Prof-school,6, Married-civ-spouse, Craft-repair, Husband, White, Male,-43,1,44, United-States, <=50K
24, ?,266347, Assoc-acdm,4, Never-married, Protective-serv, Own-child, White, Male,-24,2,40, Germany, <=50K
23, Self-emp-not-inc,367361, 9th,7, Married-civ-spouse, Craft-repair, Husband, White, Male,-7,-1,50, United-States, <=50K
56, Self-emp-not-inc,363398, Preschool,13, Divorced, Exec-managerial, Not-in-family, Asian-Pac-Islander, Female,15304,0,40, England, <=50K
18, Private,268756, 11th,7, Never-married, Other-service, Own-child, White, Male,-18,1,14, United-States, <=50K
39, Self-emp-not-inc,137483, Bachelors,13, Married-civ-spouse, Prof-specialty, Wife, White, Female,20,-1,40, United-States, >50K
51, Local-gov,254200, Masters,6, Separated, Armed-Forces, Husband, White, Male,-24,0,50, United-States, <=50K
59, Private,419845, HS-grad,9, Married-civ-spouse, Protective-serv, Husband, White, Male,-11,0,40, United-States, <=50K
39, Private,319574, HS-grad,9, Married-civ-spouse, Transport-moving, Husband, White, Male,15,0,59, Puerto-Rico, >50K
44, State-gov,329581, Some-college,10, Divorced, Adm-clerical, Unmarried, White, Female,10,-1,35, United-States, <=50K
64, Self-emp-not-inc,100095, Assoc-voc,7, Married-AF-spouse, Adm-clerical, Unmarried, Black, Female,-17,-1,50, United-States, <=50K
42, Private,206730, 7th-8th,7, Widowed, Exec-managerial, Unmarried, White, Male,9,1,36, United-States, <=50K
74, Private,45047, Prof-school,13, Divorced, Prof-specialty, Husband, White, Female,26,0,67, United-States, >50K
22, Private,290167, Some-college,10, Married-civ-spouse, Sales, Husband, White, Male,-28,2,40, Germany, <=50K
47, Private,196316, Assoc-voc,13, Divorced, Other-service, Unmarried, White, Female,3239,-2,40, United-States, <=50K
18, ?,225330, 11th,7, Never-married, ?, Own-child, White, Male,-21,0,30, United-States, <=50K
18, ?,117098, 9th,8, Never-married, ?, Not-in-family, White, Male,-8,-2,30, United-States, <=50K
26, ?,337037, Bachelors,10, Divorced, Protective-serv, Not-in-family, White, Male,1,0,37, United-States, <=50K
55, Self-emp-not-inc,338687, HS-grad,9, Married-civ-spouse, Prof-specialty, Husband, White, Male,2062,1,46, United-States, <=50K
51, Local-gov,255372, HS-grad,9, Married-civ-spouse, Transport-moving, Husband, White, Male,-36,0,40, United-States, <=50K
60, Self-emp-inc,413785, Bachelors,4, Married-civ-spouse, Prof-specialty, Husband, White, Female,-24,0,45, United-States, >50K
32, Private,231069, Bachelors,13, Divorced, Prof-specialty, Not-in-family, Other, Male,-8,2,40, Germany, <=50K
31, Self-emp-not-inc,116333, Prof-school,9, Married-civ-spouse, Protective-serv, Husband, White, Male,7389,-1,40, United-States, >50K
45, Private,119624, 10th,13, Married-civ-spouse, Adm-clerical, Other-relative, Black, Female,-31,0,40, Thailand, <=50K
42, Private,94562, HS-grad,9, Married-civ-spouse, Sales, Husband, White, Male,23,1,58, United-States, <=50K
32, Private,239166, 12th,13, Separated, Machine-op-inspct, Not-in-family, White, Male,-8,-1,12, United-States, <=50K
31, Private,181280, HS-grad,9, Married-civ-spouse, Farming-fishing, Husband, Other, Male,5,-2,58, United-States, <=50K
43, Private,276189, Bachelors,13, Married-civ-spouse, Prof-specialty, Husband, White, Female,-14,0,44, United-States, >50K
43, Federal-gov,209400, Bachelors,13, Divorced, Adm-clerical, Not-in-family, White, Female,-29,-3,24, United-States, >50K
52, Local-gov,69600, Prof-school,13, Married-civ-spouse, Prof-specialty, Not-in-family, White, Female,8,2,44, Germany, >50K
42, Private,122599, HS-grad,9, Divorced, Adm-clerical, Unmarried, Amer-Indian-Eskimo, Female,6,-2,31, United-States, <=50K
45, Private,300531, Some-college,10, Never-married, Adm-clerical, Own-child, Black, Male,-36,1,46, United-States, <=50K
25, Private,138495, HS-grad,9, Married-spouse-absent, Adm-clerical, Husband, White, Male,48,0,50, United-States, <=50K
42, Private,250698, Masters,9, Married-civ-spouse, Farming-fishing, Husband, White, Male,-45,1,59, United-States, <=50K
36, Private,137918, Bachelors,13, Divorced, Adm-clerical, Not-in-family, White, Female,-27,0,40, United-States, <=50K
19, Private,391675, Some-college,7, Never-married, Protective-serv, Not-in-family, White, Male,-3,0,40, United-States, <=50K
21, Private,100612, Bachelors,13, Divorced, Other-service, Unmarried, Amer-Indian-Eskimo, Female,-16,1,40, United-States, <=50K
45, Private,146001, HS-grad,9, Never-married, Adm-clerical, Unmarried, Black, Female,-16,0,60, United-States, <=50K
42, Private,204175, HS-grad,5, Married-civ-spouse, Adm-clerical, Not-in-family, Asian-Pac-Islander, Male,-37,-1,40, United-States, <=50K
29, Private,116571, Some-college,10, Never-married, Handlers-cleaners, Own-child, Asian-Pac-Islander, Male,-19,-1,20, United-States, <=50K
69, Private,105086, HS-grad,16, Married-civ-spouse, Tech-support, Husband, White, Male,-4,1,64, United-States, <=50K
24, Private,194677, Masters,13, Married-civ-spouse, Prof-specialty, Not-in-family, White, Male,-1,0,45, United-States, <=50K
62, Local-gov,118083, 1st-4th,2, Married-civ-spouse, Machine-op-inspct, Husband, White, Male,4,-2,40, Philippines, <=50K
36, Private,240140, 5th-6th,14, Married-civ-spouse, Exec-managerial, Husband, White, Male,17,-2,44, United-States, <=50K
42, Self-emp-not-inc,251652, HS-grad,9, Widowed, Farming-fishing, Not-in-family, White, Female,-18,0,40, United-States, <=50K
26, Private,530542, Some-college,10, Never-married, Adm-clerical, Own-child, White, Male,-9,-1,37, United-States, <=50K
50, State-gov,193645, Masters,14, Married-civ-spouse, Exec-managerial, Husband, White, Male,-31,1,64, United-States, >50K
63, Local-gov,446070, 1st-4th,11, Married-civ-spouse, Craft-repair, Husband, White, Male,9,0,49, United-States, >50K
23, Private,195614, Bachelors,10, Never-married, Adm-clerical, Not-in-family, White, Female,-42,1,31, United-States, <=50K
51, Private,47273, Bachelors,9, Divorced, Prof-specialty, Not-in-family, Asian-Pac-Islander, Female,-60,1,50, United-States, <=50K
53, ?,111812, Some-college,5, Widowed, Other-service, Own-child, Other, Male,1,0,35, Mexico, <=50K
48, Private,376015, Some-college,10, Never-married, Prof-specialty, Own-child, White, Female,-41,-1,50, United-States, <=50K
18, ?,46597, Some-college,10, Never-married, ?, Own-child, White, Male,-35,1,18, United-States, <=50K
44, Self-emp-inc,328247, 9th,6, Married-civ-spouse, Farming-fishing, Husband, Black, Female,1,0,45, United-States, <=50K
49, Private,140656, Bachelors,9, Divorced, Adm-clerical, Unmarried, Black, Female,5,-1,12, United-States, <=50K
29, Private,92340, HS-grad,9, Married-civ-spouse, Tech-support, Husband, Black, Male,15,2,40, United-States, <=50K
49, Private,240071, HS-grad,13, Divorced, Craft-repair, Not-in-family, White, Male,-38,0,40, United-States, <=50K
23, State-gov,29547, 7th-8th,13, Divorced, Exec-managerial, Not-in-family, White, Female,10,1,40, United-States, <=50K
44, Private,244626, HS-grad,9, Never-married, Handlers-cleaners, Own-child, Black, Male,13,-1,40, United-States, <=50K
56, Private,136881, HS-grad,9, Separated, Transport-moving, Unmarried, White, Male,-34,0,40, United-States, <=50K
24, Self-emp-not-inc,215183, HS-grad,10, Married-civ-spouse, Exec-managerial, Husband, White, Male,-27,-3,57, United-States, <=50K
43, State-gov,314386, Bachelors,13, Divorced, Adm-clerical, Wife, White, Female,3,0,30, United-States, >50K
51, Self-emp-inc,287350, Doctorate,13, Married-spouse-absent, Tech-support, Not-in-family, White, Female,26,0,46, United-States, >50K
33, Private,262567, 10th,7, Never-married, ?, Own-child, White, Male,-42,0,37, United-States, <=50K
42, Never-worked,87394, Some-college,10, Married-civ-spouse, Prof-specialty, Other-relative, White, Male,-4,0,50, Trinadad&Tobago, <=50K
57, Private,229522, HS-grad,9, Married-civ-spouse, Sales, Husband, Black, Female,-20,1,40, United-States, <=50K
35, Private,183021, 12th,13, Divorced, Sales, Own-child, White, Female,-14,0,35, United-States, <=50K
42, Private,99413, Bachelors,13, Married-AF-spouse, Exec-managerial, Husband, White, Female,12,1,37, United-States, >50K
51, Private,417140, HS-grad,9, Married-civ-spouse, Craft-repair, Husband, Black, Male,-35,-2,40, United-States, <=50K
52, Private,252632, HS-grad,5, Married-civ-spouse, Other-service, Unmarried, White, Male,-39,0,40, United-States, <=50K
44, Self-emp-not-inc,321342, Assoc-acdm,5, Separated, Sales, Husband, White, Male,-10,-2,58, United-States, <=50K
40, Private,118018, Some-college,10, Married-civ-spouse, Craft-repair, Husband, White, Male,-57,-1,40, United-States, <=50K
34, Private,255271, Assoc-acdm,12, Married-civ-spouse, Prof-specialty, Husband, White, Female,14,0,50, United-States, >50K
53, Private,240140, Assoc-acdm,11, Married-civ-spouse, Transport-moving, Wife, White, Male,-16,2,97, Haiti, <=50K
71, Self-emp-not-inc,482898, HS-grad,9, Divorced, Adm-clerical, Unmarried, White, Female,-25,2,46, United-States, <=50K
21, Private,130874, Assoc-voc,13, Married-civ-spouse, Sales, Not-in-family, Asian-Pac-Islander, Male,-26,0,45, United-States, >50K
29, Local-gov,366049, HS-grad,5, Married-civ-spouse, Craft-repair, Own-child, White, Male,1,3,40, United-States, <=50K
45, Self-emp-inc,195000, HS-grad,6, Married-civ-spouse, Sales, Husband, White, Male,-25,0,40, United-States, <=50K
38, Private,162488, Bachelors,13, Divorced, Machine-op-inspct, Not-in-family, Black, Male,42,-1,40, United-States, <=50K
39, Federal-gov,44227, Bachelors,13, Divorced, Tech-support, Other-relative, White, Female,-4,0,45, United-States, >50K
23, Self-emp-not-inc,168413, Bachelors,10, Married-civ-spouse, ?, Wife, White, Male,21,1,50, United-States, <=50K
45, Private,231614, 10th,7, Never-married, Other-service, Not-in-family, White, Male,11,3,44, United-States, <=50K
44, Local-gov,187934, HS-grad,13, Married-AF-spouse, Adm-clerical, Unmarried, White, Female,11,0,20, United-States, <=50K
43, State-gov,396508, Prof-school,10, Divorced, ?, Not-in-family, White, Female,26,0,60, United-States, >50K
55, Self-emp-not-inc,114146, HS-grad,11, Married-civ-spouse, Craft-repair, Husband, White, Male,-27,1,51, ?, >50K
45, Private,208582, HS-grad,9, Married-civ-spouse, Craft-repair, Husband, White, Male,-7,0,50, United-States, <=50K
48, Self-emp-not-inc,50410, Prof-school,13, Divorced, Exec-managerial, Not-in-family, White, Female,54,-1,64, United-States, <=50K
40, Self-emp-not-inc,360610, HS-grad,7, Never-married, Sales, Husband, White, Male,-10,0,40, United-States, >50K
51, Private,41758, Bachelors,13, Divorced, Prof-specialty, Wife, White, Female,-4,0,46, United-States, >50K
30, Private,342122, 9th,5, Never-married, Sales, Not-in-family, White, Male,-3,1,30, United-States, <=50K
58, ?,94648, 10th,4, Divorced, ?, Unmarried, Other, Female,1,0,40, United-States, <=50K
46, Private,231562, Doctorate,16, Married-civ-spouse, Prof-specialty, Husband, White, Female,7,1855,57, United-States, >50K
37, Self-emp-inc,175791, Some-college,9, Married-civ-spouse, Craft-repair, Husband, White, Male,6768,2,60, United-States, >50K
23, Private,278006, Assoc-acdm,6, Never-married, Machine-op-inspct, Not-in-family, White, Male,-18,1,27, Columbia, <=50K
39, Private,233239, HS-grad,9, Married-civ-spouse, Sales, Husband, White, Female,20,1,31, Ecuador, <=50K
54, Self-emp-not-inc,365332, HS-grad,9, Divorced, ?, Not-in-family, Black, Male,-4,-1,40, Philippines, <=50K
57, Private,91649, Masters,13, Married-civ-spouse, Sales, Husband, White, Male,-33,0,59, United-States, >50K
46, Private,51513, HS-grad,14, Married-civ-spouse, Tech-support, Husband, White, Male,-10,0,70, United-States, >50K
44, Federal-gov,106333, Masters,13, Married-civ-spouse, Prof-specialty, Wife, White, Female,-40,-1,44, United-States, >50K
19, Self-emp-not-inc,303104, HS-grad,9, Married-civ-spouse, Machine-op-inspct, Husband, White, Male,-26,-2,35, United-States, <=50K
24, Private,129440, Masters,10, Married-civ-spouse, Prof-specialty, Own-child, White, Male,-6,1,40, United-States, >50K
44, State-gov,87990, Bachelors,13, Divorced, Prof-specialty, Not-in-family, White, Female,7893,2,58, ?, <=50K
19, ?,111456, Bachelors,10, Never-married, ?, Not-in-family, White, Male,-48,0,23, United-States, <=50K
42, Local-gov,26986, 9th,13, Married-civ-spouse, Exec-managerial, Husband, White, Female,21,1,49, United-States, <=50K
24, Private,273911, HS-grad,7, Never-married, Craft-repair, Own-child, White, Male,-49,-1,40, United-States, <=50K
60, State-gov,46821, Doctorate,13, Married-civ-spouse, Prof-specialty, Husband, White, Female,-26,1,67, United-States, >50K
22, ?,177752, Some-college,10, Never-married, Tech-support, Own-child, White, Male,-45,1,30, Italy, <=50K
62, Private,515806, HS-grad,9, Separated, Machine-op-inspct, Husband, White, Male,-29,-1,40, United-States, <=50K
42, Private,351057, HS-grad,9, Married-civ-spouse, Craft-repair, Husband, Black, Male,-20,-1,40, United-States, <=50K
40, Local-gov,128934, 10th,4, Never-married, Prof-specialty, Own-child, White, Male,-23,-1,23, United-States, <=50K
29, Self-emp-not-inc,251342, Bachelors,13, Married-civ-spouse, Prof-specialty, Not-in-family, White, Female,-7,-1,59, United-States, >50K
54, Private,229879, Bachelors,7, Married-civ-spouse, Priv-house-serv, Not-in-family, White, Male,-33,0,49, Ecuador, <=50K
44, Private,120150, HS-grad,9, Married-civ-spouse, Adm-clerical, Husband, White, Female,-17,0,40, United-States, <=50K
21, Self-emp-not-inc,184953, Preschool,4, Married-spouse-absent, Other-service, Husband, White, Male,-6,-1,46, Mexico, <=50K
59, Self-emp-not-inc,246662, Some-college,9, Married-civ-spouse, Craft-repair, Other-relative, White, Male,-55,0,25, United-States, <=50K
45, Local-gov,324416, HS-grad,14, Married-civ-spouse, Sales, Husband, White, Male,-7,1804,46, United-States, >50K
25, Private,120724, Some-college,10, Never-married, Sales, Not-in-family, White, Male,-24,-1,40, Germany, <=50K
45, Private,391860, Bachelors,13, Divorced, Adm-clerical, Unmarried, Black, Female,-1,1,36, United-States, <=50K
34, Private,165917, HS-grad,9, Married-civ-spouse, Exec-managerial, Husband, White, Male,-42,2,40, South, <=50K
24, Private,267401, HS-grad,7, Divorced, Prof-specialty, Not-in-family, Black, Female,-16,-1,50, United-States, <=50K
19, ?,51797, Some-college,10, Never-married, Other-service, Own-child, Black, Male,-21,-1,40, United-States, <=50K
25, Local-gov,329119, 10th,13, Never-married, Prof-specialty, Not-in-family, White, Male,-32,0,63, United-States, <=50K
22, Private,263646, HS-grad,9, Married-civ-spouse, Adm-clerical, Unmarried, Black, Male,28,1,40, United-States, <=50K
18, ?,122680, Some-college,10, Never-married, Handlers-cleaners, Own-child, White, Male,-27,-1,5, United-States, <=50K
39, Private,161664, Assoc-voc,13, Married-civ-spouse, Prof-specialty, Husband, Black, Male,-11,0,45, South, <=50K
53, Private,285460, Bachelors,13, Married-civ-spouse, Sales, Not-in-family, White, Female,19,-2,40, ?, >50K
43, Private,149033, HS-grad,9, Widowed, Other-service, Not-in-family, Other, Female,-13,-1,40, Mexico, <=50K
25, Self-emp-not-inc,120134, HS-grad,9, Married-civ-spouse, Other-service, Not-in-family, White, Male,-5,0,36, United-States, <=50K
34, Private,232463, HS-grad,9, Married-civ-spouse, Protective-serv, Wife, White, Female,-11,-1,40, United-States, <=50K
26, Private,96521, HS-grad,9, Married-spouse-absent, Prof-specialty, Other-relative, White, Male,-24,1,35, United-States, <=50K
47, Private,188541, HS-grad,9, Married-civ-spouse, Craft-repair, Husband, White, Male,-48,2,40, United-States, <=50K
25, ?,206050, Some-college,11, Never-married, ?, Own-child, White, Male,-12,0,17, Ecuador, <=50K
48, Private,85203, HS-grad,7, Never-married, Craft-repair, Own-child, Asian-Pac-Islander, Male,8,0,57, ?, <=50K
47, Without-pay,326802, HS-grad,9, Married-civ-spouse, Machine-op-inspct, Unmarried, White, Male,-38,1,40, United-States, <=50K
31, Private,175561, 10th,9, Widowed, Adm-clerical, Other-relative, White, Female,-17,-1,40, United-States, <=50K
82, Private,141602, Prof-school,13, Married-civ-spouse, Farming-fishing, Unmarried, White, Female,18,-1,40, United-States, >50K
56, State-gov,329700, Bachelors,7, Widowed, Adm-clerical, Other-relative, White, Female,22,-1,9, United-States, <=50K
67, Private,244235, Bachelors,13, Divorced, Prof-specialty, Wife, White, Female,-7,-1,30, United-States, <=50K
39, Private,256052, HS-grad,9, Married-civ-spouse, Craft-repair, Husband, White, Male,-6,2,40, United-States, <=50K
24, Private,103601, 10th,5, Never-married, Handlers-cleaners, Other-relative, Black, Male,-22,0,45, United-States, <=50K
52, Private,334997, HS-grad,9, Married-civ-spouse, Craft-repair, Husband, White, Female,-32,0,36, United-States, <=50K
30, Private,191728, Bachelors,13, Married-civ-spouse, Prof-specialty, Not-in-family, White, Male,28,-1,45, United-States, <=50K
24, Self-emp-not-inc,220692, Bachelors,9, Divorced, ?, Unmarried, Black, Female,-2,0,31, United-States, <=50K
23, Private,158710, 9th,7, Married-civ-spouse, Tech-support, Husband, White, Male,-24,0,49, Germany, <=50K
38, Self-emp-not-inc,194220, Bachelors,13, Never-married, Farming-fishing, Not-in-family, White, Female,-15,0,40, United-States, >50K
26, Self-emp-inc,167863, HS-grad,6, Married-civ-spouse, Farming-fishing, Unmarried, White, Male,-9,0,40, United-States, <=50K
25, Private,312037, 10th,4, Divorced, Adm-clerical, Unmarried, Black, Male,-36,0,40, United-States, <=50K
34, Without-pay,106307, HS-grad,6, Divorced, Adm-clerical, Unmarried, White, Female,2,-1,60, United-States, <=50K
25, Federal-gov,363646, Some-college,10, Separated, Adm-clerical, Not-in-family, White, Female,-33,-1,21, United-States, >50K
34, Private,222474, Some-college,10, Divorced, Protective-serv, Not-in-family, White, Female,-15,-1,45, United-States, <=50K
37, State-gov,40679, Some-college,7, Married-civ-spouse, Exec-managerial, Husband, White, Female,13,-1,40, United-States, <=50K
42, Private,381777, HS-grad,9, Married-civ-spouse, Other-service, Husband, Black, Male,34,0,40, United-States, <=50K
23, ?,88504, Some-college,7, Never-married, ?, Own-child, White, Female,-2,0,40, United-States, <=50K
53, Private,331544, Assoc-voc,9, Never-married, Other-service, Husband, Other, Male,-37,-2,45, Cuba, <=50K
66, Federal-gov,309670, HS-grad,4, Separated, Other-service, Own-child, White, Male,-1,-2,23, Puerto-Rico, <=50K
63, Private,48949, HS-grad,9, Married-civ-spouse, Transport-moving, Husband, White, Male,29,0,40, United-States, <=50K
23, Private,68285, Some-college,10, Divorced, Prof-specialty, Not-in-family, White, Male,9,1,13, United-States, >50K
35, Private,53095, Bachelors,13, Separated, Machine-op-inspct, Not-in-family, White, Male,9,2,37, United-States, <=50K
39, Self-emp-inc,186866, Masters,10, Married-civ-spouse, Transport-moving, Husband, White, Male,3,-1,68, United-States, >50K
44, Local-gov,18521, Bachelors,13, Divorced, Prof-specialty, Not-in-family, White, Female,13,1,45, United-States, >50K
22, ?,244645, 1st-4th,5, Never-married, Exec-managerial, Own-child, White, Male,-38,-1,72, United-States, <=50K
44, Private,162709, Masters,13, Married-civ-spouse, Transport-moving, Husband, Asian-Pac-Islander, Male,-31,-1,40, Peru, >50K
44, Private,44706, Bachelors,13, Married-civ-spouse, Exec-managerial, Husband, White, Female,18,1,49, United-States, >50K
22, ?,229199, 12th,4, Separated, Machine-op-inspct, Not-in-family, Black, Female,-22,-2,40, Portugal, <=50K
44, State-gov,209947, Some-college,10, Never-married, Exec-managerial, Not-in-family, White, Male,-10,1,40, United-States, <=50K
36, Local-gov,300437, Bachelors,7, Never-married, Exec-managerial, Unmarried, White, Female,-15,0,13, United-States, <=50K
50, Local-gov,159809, HS-grad,10, Married-civ-spouse, Adm-clerical, Husband, White, Male,18,1,58, United-States, <=50K
47, Self-emp-not-inc,315423, Bachelors,5, Separated, Other-service, Unmarried, Black, Female,-39,0,38, United-States, <=50K
51, Private,148334, Some-college,10, Never-married, Prof-specialty, Not-in-family, White, Male,14,-3,26, United-States, <=50K
32, Private,271584, Prof-school,10, Married-civ-spouse, Protective-serv, Husband, White, Male,-18,-1,50, United-States, >50K
32, Private,210823, 10th,9, Never-married, Other-service, Husband, White, Male,14,0,40, United-States, <=50K
39, ?,43723, 5th-6th,6, Married-civ-spouse, Machine-op-inspct, Own-child, White, Female,2715,0,50, United-States, <=50K
57, Self-emp-inc,510216, Some-college,10, Never-married, ?, Not-in-family, White, Male,10,-1,46, United-States, <=50K
17, ?,336423, Some-college,10, Never-married, Handlers-cleaners, Own-child, White, Male,-35,-1,11, United-States, <=50K
57, Self-emp-not-inc,140732, Bachelors,13, Divorced, ?, Unmarried, White, Male,8,-1,23, United-States, <=50K
22, State-gov,132235, 11th,8, Never-married, ?, Own-child, White, Male,-48,1,40, Mexico, <=50K
48, Self-emp-inc,160066, Prof-school,16, Married-civ-spouse, Prof-specialty, Husband, White, Male,1,-1,45, United-States, >50K
42, Private,314350, HS-grad,9, Married-civ-spouse, Craft-repair, Husband, Asian-Pac-Islander, Male,-37,1,40, United-States, <=50K
45, Self-emp-not-inc,52700, Bachelors,11, Married-civ-spouse, Farming-fishing, Wife, White, Male,14928,-2,36, United-States, >50K
30, ?,114623, HS-grad,5, Married-civ-spouse, ?, Husband, White, Male,1,-1,40, United-States, <=50K
45, ?,258774, HS-grad,10, Separated, Other-service, Unmarried, White, Female,1,1,31, United-States, <=50K
23, Private,263244, HS-grad,9, Married-civ-spouse, Adm-clerical, Own-child, Black, Male,-29,-1,40, Columbia, <=50K
46, Private,125128, HS-grad,9, Married-civ-spouse, Transport-moving, Husband, White, Male,-48,1,50, United-States, <=50K
24, Self-emp-not-inc,29396, HS-grad,16, Married-civ-spouse, Transport-moving, Husband, White, Male,37,1900,45, United-States, <=50K
18, Private,395950, Some-college,10, Never-married, ?, Own-child, White, Male,7,-1,22, United-States, <=50K
37, Self-emp-not-inc,54102, Assoc-voc,13, Married-civ-spouse, Prof-specialty, Wife, White, Female,-44,1740,72, United-States, >50K
25, Private,558990, HS-grad,9, Never-married, Adm-clerical, Not-in-family, White, Female,-19,-2,31, United-States, <=50K
38, Self-emp-not-inc,163720, HS-grad,5, Married-civ-spouse, Protective-serv, Husband, White, Male,10,0,40, United-States, >50K
35, State-gov,354659, 11th,11, Never-married, Prof-specialty, Not-in-family, White, Male,39,1,50, United-States, <=50K
39, Self-emp-inc,87912, Masters,14, Married-civ-spouse, Transport-moving, Husband, White, Male,-58,0,45, United-States, >50K
57, Private,343215, 10th,13, Married-spouse-absent, Craft-repair, Other-relative, Other, Male,-12,1,50, Cuba, <=50K
36, State-gov,242774, Bachelors,9, Married-civ-spouse, Protective-serv, Husband, Black, Male,-11,-1,50, United-States, <=50K
26, Private,243737, 7th-8th,13, Married-spouse-absent, Adm-clerical, Unmarried, White, Female,-9,0,30, United-States, <=50K
49, Private,122161, Bachelors,13, Divorced, Prof-specialty, Wife, White, Female,3,-1,40, United-States, >50K
30, Local-gov,115510, Some-college,10, Separated, Farming-fishing, Unmarried, White, Male,2,1,46, Mexico, <=50K
52, Private,363628, Masters,9, Married-civ-spouse, Exec-managerial, Husband, White, Male,-2,-1,61, United-States, >50K
46, Self-emp-not-inc,275091, Bachelors,16, Married-civ-spouse, Exec-managerial, Not-in-family, White, Male,-12,0,94, United-States, >50K
52, ?,105699, Assoc-voc,10, Married-civ-spouse, Sales, Husband, White, Female,2,0,61, United-States, <=50K
19, Private,51147, Preschool,13, Never-married, Adm-clerical, Own-child, White, Male,-49,0,44, United-States, <=50K
27, Private,268392, Masters,5, Married-spouse-absent, Handlers-cleaners, Husband, White, Male,-50,0,45, Hong, <=50K
29, Private,355703, Assoc-acdm,10, Never-married, Adm-clerical, Not-in-family, White, Female,5,-3,100, Portugal, >50K
39, Self-emp-inc,42480, Assoc-voc,14, Married-civ-spouse, Farming-fishing, Husband, White, Male,-10,1,67, United-States, >50K
48, Private,109851, Bachelors,13, Never-married, Prof-specialty, Wife, White, Male,-9,0,45, United-States, >50K
40, ?,220680, 7th-8th,4, Never-married, Prof-specialty, Not-in-family, White, Female,8,-2,50, United-States, <=50K
31, Self-emp-inc,184258, 11th,13, Never-married, ?, Own-child, White, Male,-34,-2,40, United-States, <=50K
49, Self-emp-not-inc,46179, Prof-school,13, Married-civ-spouse, Prof-specialty, Husband, White, Female,14758,1827,57, United-States, >50K
41, Private,236805, HS-grad,9, Married-civ-spouse, Transport-moving, Husband, White, Male,11,-1,44, ?, <=50K
28, Private,341785, Prof-school,9, Married-spouse-absent, Other-service, Not-in-family, White, Male,2,-1,62, United-States, <=50K
23, Private,45221, Some-college,14, Married-civ-spouse, Craft-repair, Husband, White, Male,-38,2,50, United-States, >50K
31, State-gov,183332, Some-college,10, Never-married, ?, Own-child, White, Male,-14,0,21, United-States, <=50K
36, Private,263663, Bachelors,3, Married-spouse-absent, Adm-clerical, Other-relative, White, Female,-20,-2,45, China, <=50K
64, Federal-gov,126147, Preschool,13, Divorced, Prof-specialty, Not-in-family, White, Female,-5,-1,58, United-States, >50K
47, Private,172935, HS-grad,11, Separated, Adm-clerical, Unmarried, Black, Male,-28,0,40, United-States, <=50K
62, Self-emp-not-inc,297357, Bachelors,7, Married-civ-spouse, Exec-managerial, Husband, White, Male,-66,-1,72, Nicaragua, >50K
21, ?,119131, HS-grad,7, Divorced, Other-service, Unmarried, Black, Male,-20,1,31, United-States, <=50K
41, Private,246538, Bachelors,7, Married-civ-spouse, Handlers-cleaners, Not-in-family, White, Male,-18,-2,17, Scotland, <=50K
24, Self-emp-not-inc,206452, Assoc-voc,10, Married-civ-spouse, Adm-clerical, Husband, White, Male,-7,-1,40, United-States, <=50K
41, Private,201617, Assoc-voc,13, Married-civ-spouse, Prof-specialty, Husband, White, Male,38,2,40, Japan, >50K
34, Self-emp-not-inc,261209, Some-college,10, Never-married, ?, Own-child, White, Male,-7,2,91, United-States, <=50K
46, Federal-gov,136457, HS-grad,9, Divorced, Adm-clerical, Other-relative, White, Female,22,-1,38, United-States, <=50K
23, Local-gov,429821, Masters,14, Married-civ-spouse, Tech-support, Husband, White, Male,-54,-2,50, United-States, <=50K
50, Private,328598, HS-grad,6, Never-married, Protective-serv, Husband, Asian-Pac-Islander, Male,-31,-1,67, United-States, <=50K
20, Private,81583, Some-college,10, Never-married, Adm-clerical, Own-child, Black, Male,-15,1,31, United-States, <=50K
36, Self-emp-inc,33027, Bachelors,14, Married-civ-spouse, Tech-support, Husband, White, Female,-2,-1,60, United-States, >50K
42, Without-pay,206409, Assoc-voc,13, Married-civ-spouse, Prof-specialty, Husband, White, Female,6,-1,40, United-States, >50K
38, State-gov,107623, HS-grad,13, Separated, Prof-specialty, Unmarried, White, Female,11,2,40, United-States, <=50K
18, Local-gov,301387, Some-college,13, Divorced, Adm-clerical, Other-relative, White, Female,-8,1,72, United-States, <=50K
56, Self-emp-inc,197969, Bachelors,10, Married-civ-spouse, Adm-clerical, Wife, White, Female,21,0,61, United-States, >50K
24, Private,281139, HS-grad,9, Divorced, Other-service, Unmarried, White, Female,-33,1,40, United-States, <=50K
47, Private,283970, HS-grad,9, Divorced, Craft-repair, Unmarried, Black, Female,-3,-2,40, United-States, <=50K
46, State-gov,437464, Assoc-acdm,7, Divorced, Exec-managerial, Not-in-family, Asian-Pac-Islander, Male,-17,-1,40, United-States, <=50K
64, State-gov,394750, Bachelors,13, Divorced, Machine-op-inspct, Own-child, White, Female,-2,1,31, United-States, <=50K
26, ?,273560, HS-grad,9, Married-civ-spouse, Machine-op-inspct, Husband, White, Male,-3,-1,49, United-States, <=50K
23, Private,130418, Bachelors,10, Divorced, ?, Own-child, White, Female,-26,-1,14, United-States, <=50K
22, Private,202501, Masters,4, Married-civ-spouse, Transport-moving, Husband, White, Male,-11,-1,50, United-States, >50K
42, ?,316248, 7th-8th,4, Married-civ-spouse, ?, Own-child, White, Male,-32,1,40, United-States, <=50K
44, Self-emp-not-inc,45626, 7th-8th,8, Divorced, Handlers-cleaners, Other-relative, White, Male,-17,0,40, Canada, <=50K
41, Private,170815, Some-college,10, Never-married, Sales, Own-child, White, Male,2,0,45, United-States, <=50K
24, ?,247028, 5th-6th,10, Widowed, Sales, Not-in-family, White, Female,-25,-1,11, United-States, <=50K
41, ?,309461, 10th,6, Never-married, ?, Own-child, White, Male,-15,0,22, United-States, <=50K
51, Self-emp-not-inc,106664, HS-grad,4, Divorced, Adm-clerical, Unmarried, White, Female,2,0,37, United-States, <=50K
21, Private,30518, Bachelors,13, Separated, Sales, Unmarried, White, Female,-4,1,51, United-States, <=50K
25, Private,233252, 12th,13, Never-married, Adm-clerical, Own-child, White, Male,-39,0,40, Honduras, <=50K
49, Private,296583, HS-grad,14, Married-civ-spouse, Machine-op-inspct, Husband, Black, Male,5,-1,60, United-States, >50K
42, Private,256027, Prof-school,14, Married-civ-spouse, Exec-managerial, Husband, Black, Female,-28,-1,40, United-States, >50K
47, Private,273239, Assoc-voc,9, Divorced, Other-service, Not-in-family, Black, Female,-17,0,40, United-States, <=50K
42, Private,278529, Bachelors,13, Divorced, Armed-Forces, Not-in-family, White, Male,-53,2,50, United-States, >50K
46, Private,222286, Bachelors,7, Married-civ-spouse, Prof-specialty, Husband, White, Male,27,1,40, United-States, <=50K
45, ?,51417, HS-grad,7, Divorced, Adm-clerical, Not-in-family, White, Female,-15,0,40, United-States, <=50K
22, Private,109540, HS-grad,9, Married-civ-spouse, Adm-clerical, Wife, White, Male,-52,0,40, Ecuador, <=50K
35, Self-emp-inc,350160, 10th,13, Never-married, Other-service, Other-relative, Other, Male,0,0,13, United-States, <=50K
46, Private,187908, HS-grad,9, Divorced, Exec-managerial, Husband, White, Male,-14,-1,40, United-States, <=50K
23, Private,220692, Assoc-voc,5, Never-married, Handlers-cleaners, Own-child, White, Male,-11,-1,40, United-States, <=50K
21, Private,98828, Some-college,10, Never-married, Sales, Own-child, Black, Male,-7,0,27, France, <=50K
28, Private,165856, HS-grad,10, Separated, Adm-clerical, Not-in-family, White, Male,-26,0,22, United-States, <=50K
51, Private,113122, Bachelors,13, Married-civ-spouse, Sales, Husband, White, Female,13,2,40, Outlying-US(Guam-USVI-etc), >50K
47, Local-gov,239008, Bachelors,6, Married-civ-spouse, Craft-repair, Unmarried, White, Male,15,1893,58, Mexico, <=50K
42, Private,28130, HS-grad,9, Married-civ-spouse, Craft-repair, Husband, White, Male,-106,0,49, United-States, >50K
60, Private,170622, Some-college,11, Divorced, Adm-clerical, Unmarried, Black, Female,5,-1,30, United-States, <=50K
63, Private,210045, HS-grad,9, Married-civ-spouse, Handlers-cleaners, Husband, White, Male,-7,0,40, United-States, <=50K
41, Local-gov,212893, Assoc-acdm,13, Married-civ-spouse, Prof-specialty, Wife, White, Female,7272,0,50, United-States, >50K
49, Federal-gov,273555, Bachelors,9, Separated, Adm-clerical, Wife, White, Female,-26,0,51, United-States, <=50K
44, Private,34530, Bachelors,13, Married-civ-spouse, Prof-specialty, Husband, White, Female,7313,0,44, United-States, >50K
19, Private,194067, Some-college,10, Divorced, Other-service, Unmarried, White, Female,-40,1,40, United-States, <=50K
50, Self-emp-not-inc,22110, HS-grad,9, Married-civ-spouse, Craft-repair, Husband, White, Male,-10,0,40, United-States, >50K
47, State-gov,122838, Bachelors,13, Divorced, Other-service, Not-in-family, Black, Male,20,1,40, United-States, <=50K
41, State-gov,96856, 5th-6th,6, Never-married, Machine-op-inspct, Husband, White, Male,0,0,40, United-States, <=50K
42, Private,260890, HS-grad,9, Married-civ-spouse, Exec-managerial, Husband, White, Female,-33,1,67, United-States, >50K
23, Private,288468, Masters,9, Never-married, Prof-specialty, Other-relative, White, Male,1,1,40, United-States, <=50K
39, Private,456144, Bachelors,14, Never-married, Prof-specialty, Husband, White, Male,5,1,40, Jamaica, <=50K
70, Private,372430, HS-grad,9, Separated, Craft-repair, Unmarried, Black, Male,60,-1,40, United-States, <=50K
53, Private,109909, HS-grad,9, Married-civ-spouse, Craft-repair, Husband, Black, Male,-12,1,40, United-States, <=50K
48, Private,459280, HS-grad,9, Married-civ-spouse, Craft-repair, Husband, Black, Male,-19,-1,50, ?, <=50K
46, Private,143782, HS-grad,9, Divorced, Other-service, Unmarried, White, Female,17,1,40, United-States, <=50K
25, Private,151752, Assoc-voc,13, Married-civ-spouse, Farming-fishing, Husband, White, Male,-38,-1,45, Vietnam, <=50K
23, Private,296979, Bachelors,13, Never-married, Tech-support, Not-in-family, Asian-Pac-Islander, Female,-18,0,35, United-States, <=50K
34, Local-gov,112719, Bachelors,13, Divorced, Exec-managerial, Not-in-family, White, Male,-6,-1,50, United-States, >50K
19, ?,350728, Bachelors,7, Never-married, ?, Not-in-family, White, Male,-13,-1,36, United-States, <=50K
26, Private,47246, 11th,6, Married-spouse-absent, Other-service, Unmarried, White, Male,-32,-1,10, ?, <=50K
41, State-gov,166205, Bachelors,14, Married-civ-spouse, Prof-specialty, Not-in-family, White, Female,-33,0,45, Guatemala, >50K
32, Self-emp-not-inc,113996, HS-grad,11, Never-married, Craft-repair, Husband, White, Male,-23,0,50, United-States, <=50K
55, Self-emp-not-inc,228101, Some-college,13, Never-married, Craft-repair, Not-in-family, White, Female,-32,0,59, United-States, >50K
42, Local-gov,135081, Bachelors,7, Separated, ?, Other-relative, White, Female,-1,-3,44, Mexico, <=50K
44, Self-emp-not-inc,110280, Some-college,10, Married-civ-spouse, Craft-repair, Husband, White, Male,-35,-1,40, United-States, <=50K
24, Private,125682, Bachelors,13, Never-married, Prof-specialty, Own-child, White, Female,-24,-1,30, United-States, <=50K
55, Self-emp-not-inc,111172, HS-grad,13, Married-civ-spouse, Farming-fishing, Wife, White, Female,-17,0,40, United-States, <=50K
18, Private,38827, Some-college,10, Never-married, ?, Own-child, White, Male,5,0,18, United-States, <=50K
31, Federal-gov,47521, HS-grad,9, Married-civ-spouse, Handlers-cleaners, Husband, White, Male,1,-1,49, United-States, <=50K
23, Private,310759, HS-grad,9, Married-civ-spouse, Craft-repair, Husband, White, Male,-38,-2,40, ?, <=50K
40, Private,237335, HS-grad,9, Married-civ-spouse, Craft-repair, Husband, White, Male,-13,2,40, United-States, <=50K
19, ?,316068, Some-college,10, Never-married, ?, Own-child, White, Male,-33,0,36, United-States, <=50K
48, ?,50890, Bachelors,5, Widowed, ?, Not-in-family, White, Female,-42,0,38, United-States, <=50K
19, Private,250631, 1st-4th,10, Never-married, Machine-op-inspct, Husband, Black, Male,1,0,31, United-States, <=50K
35, Private,268709, 7th-8th,9, Married-civ-spouse, Handlers-cleaners, Husband, White, Male,8,-3,31, Haiti, <=50K
50, Private,134569, HS-grad,9, Married-civ-spouse, Machine-op-inspct, Husband, White, Male,-25,-2,50, United-States, <=50K
42, Private,121516, Some-college,11, Married-civ-spouse, Handlers-cleaners, Not-in-family, White, Male,-22,-1,68, United-States, <=50K
41, Self-emp-not-inc,303895, Some-college,10, Never-married, Craft-repair, Not-in-family, White, Male,12,-2,31, United-States, <=50K
41, Private,189989, HS-grad,9, Married-civ-spouse, Farming-fishing, Husband, White, Male,-5,-2,63, United-States, >50K
45, Private,119505, Some-college,13, Divorced, Prof-specialty, Not-in-family, White, Female,-33,-1,64, United-States, >50K
47, Self-emp-not-inc,205065, Assoc-voc,9, Married-civ-spouse, Transport-moving, Husband, White, Male,-23,-1,40, United-States, <=50K
22, Private,100571, HS-grad,9, Married-civ-spouse, Craft-repair, Husband, Black, Male,-8,-2,40, Jamaica, <=50K
23, Self-emp-not-inc,217655, HS-grad,9, Married-civ-spouse, Handlers-cleaners, Husband, White, Male,-40,0,40, United-States, <=50K
64, Private,128877, Bachelors,13, Never-married, Handlers-cleaners, Not-in-family, White, Female,-51,-1,37, United-States, <=50K
18, ?,508727, Some-college,7, Separated, Sales, Own-child, White, Female,-11,1,36, United-States, <=50K
53, Private,34121, Masters,14, Married-civ-spouse, Exec-managerial, Wife, White, Female,-36,0,68, United-States, >50K
18, Self-emp-not-inc,45047, Assoc-acdm,13, Never-married, Other-service, Own-child, White, Male,-30,-1,12, Portugal, <=50K
54, Private,253659, HS-grad,9, Married-civ-spouse, Handlers-cleaners, Husband, White, Male,-32,1,40, ?, <=50K
49, State-gov,332926, Bachelors,13, Widowed, Adm-clerical, Unmarried, White, Female,-30,1,40, United-States, <=50K
43, State-gov,37133, Some-college,13, Divorced, Sales, Husband, White, Female,-9,1,45, United-States, <=50K
26, Private,235043, Bachelors,10, Never-married, Sales, Not-in-family, Asian-Pac-Islander, Male,-38,-1,8, Italy, <=50K
43, Local-gov,252968, HS-grad,5, Married-civ-spouse, Craft-repair, Husband, White, Male,-22,0,40, United-States, <=50K
45, Private,116674, HS-grad,14, Married-civ-spouse, Sales, Husband, White, Male,-6,0,51, United-States, <=50K
24, Private,367527, 12th,13, Married-civ-spouse, Prof-specialty, Unmarried, White, Female,-22,0,50, United-States, <=50K
48, Local-gov,210188, Bachelors,13, Divorced, Exec-managerial, Wife, Asian-Pac-Islander, Female,10,-1,40, United-States, >50K
21, Private,245519, Some-college,10, Never-married, Other-service, Other-relative, White, Male,-17,0,31, United-States, <=50K
20, Private,196166, HS-grad,9, Married-civ-spouse, Craft-repair, Husband, White, Male,-31,0,30, United-States, <=50K
26, Private,290328, Bachelors,13, Widowed, Other-service, Other-relative, Other, Female,3,1,26, United-States, <=50K
18, Private,288137, Some-college,14, Never-married, Craft-repair, Not-in-family, Other, Male,-26,0,20, United-States, <=50K
24, ?,359371, Masters,10, Never-married, Exec-managerial, Not-in-family, White, Male,19,0,40, United-States, <=50K
16, Local-gov,312763, 12th,7, Never-married, Adm-clerical, Not-in-family, White, Male,-21,-2,40, United-States, <=50K
29, Private,268030, HS-grad,9, Married-civ-spouse, Machine-op-inspct, Husband, White, Male,4,-1,50, United-States, <=50K
49, Private,134241, HS-grad,9, Married-civ-spouse, Farming-fishing, Husband, White, Male,38,1,57, Peru, <=50K
25, Self-emp-not-inc,208806, 7th-8th,13, Divorced, Protective-serv, Wife, White, Female,14,-1,40, United-States, <=50K
58, Private,182377, Prof-school,14, Married-civ-spouse, Prof-specialty, Husband, White, Male,22,2,46, ?, >50K
48, Private,120559, HS-grad,10, Married-civ-spouse, Other-service, Husband, White, Male,-19,1,40, Dominican-Republic, <=50K
48, Federal-gov,169618, Bachelors,13, Married-civ-spouse, Prof-specialty, Other-relative, White, Female,-5,0,45, United-States, <=50K
39, State-gov,201263, Bachelors,13, Divorced, Adm-clerical, Not-in-family, White, Female,-68,0,51, United-States, >50K
56, Private,205940, 5th-6th,13, Divorced, Prof-specialty, Not-in-family, White, Male,-38,-1,40, United-States, <=50K
30, Private,163579, Bachelors,8, Divorced, Armed-Forces, Own-child, Black, Female,-39,1,50, Canada, <=50K
46, Private,227782, Bachelors,13, Divorced, Prof-specialty, Not-in-family, White, Female,-31,-1,10, United-States, <=50K
47, Private,173549, HS-grad,9, Married-civ-spouse, Machine-op-inspct, Husband, Black, Male,31,0,40, United-States, <=50K
25, Private,275109, Assoc-voc,13, Separated, ?, Not-in-family, Other, Male,-19,0,24, India, <=50K
50, Self-emp-not-inc,240031, 5th-6th,9, Married-civ-spouse, Handlers-cleaners, Husband, White, Male,-22,-1,40, United-States, <=50K
58, State-gov,176318, Some-college,10, Married-civ-spouse, Prof-specialty, Wife, White, Female,26,0,40, United-States, >50K
26, Private,236008, HS-grad,7, Never-married, Other-service, Unmarried, White, Female,-66,-1,31, United-States, <=50K
26, Private,94659, Some-college,10, Married-civ-spouse, Transport-moving, Own-child, White, Male,-16,-1,31, United-States, <=50K
41, Private,275513, Preschool,7, Married-civ-spouse, Craft-repair, Husband, White, Male,14,-2,73, United-States, <=50K
51, Self-emp-inc,216811, HS-grad,13, Married-civ-spouse, Craft-repair, Husband, White, Male,23,0,40, United-States, <=50K
35, Private,262244, HS-grad,9, Divorced, Exec-managerial, Not-in-family, White, Female,23,0,50, United-States, <=50K
63, State-gov,123457, Bachelors,13, Divorced, Prof-specialty, Not-in-family, White, Female,3,-1,35, United-States, <=50K
39, ?,111017, Bachelors,13, Divorced, Prof-specialty, Not-in-family, White, Male,-3,-2,56, United-States, <=50K
18, Private,233743, 10th,7, Never-married, ?, Own-child, White, Male,-16,0,15, United-States, <=50K
23, Private,396347, Bachelors,7, Never-married, Other-service, Not-in-family, White, Male,-36,-2,30, United-States, <=50K
63, Self-emp-not-inc,250140, HS-grad,6, Divorced, Protective-serv, Not-in-family, White, Male,26,-1,35, United-States, <=50K
16, Self-emp-not-inc,287139, 10th,6, Never-married, Craft-repair, Own-child, White, Male,-7,0,40, United-States, <=50K
46, Private,193612, Some-college,13, Divorced, Prof-specialty, Not-in-family, White, Female,7320,0,46, United-States, >50K
26, Self-emp-not-inc,243142, Bachelors,5, Separated, ?, Not-in-family, White, Male,-56,0,27, United-States, <=50K
41, State-gov,266482, 11th,14, Married-civ-spouse, Protective-serv, Husband, White, Female,-37,1842,40, United-States, >50K
33, Private,588689, HS-grad,9, Married-civ-spouse, Transport-moving, Husband, White, Male,-41,-1,40, United-States, <=50K
50, Local-gov,121086, Bachelors,13, Divorced, Prof-specialty, Not-in-family, White, Female,-15,-2,40, United-States, >50K
19, Private,170858, Bachelors,5, Never-married, Adm-clerical, Own-child, White, Female,-8,-2,40, United-States, <=50K
32, Private,382404, 11th,9, Married-civ-spouse, Other-service, Husband, White, Male,11,-1,57, United-States, <=50K
65, Private,38371, Bachelors,13, Married-spouse-absent, Sales, Not-in-family, White, Female,-23,0,30, United-States, <=50K
19, ?,36383, Some-college,13, Divorced, Prof-specialty, Own-child, White, Female,-27,-1,21, United-States, <=50K
21, Private,329411, HS-grad,11, Married-civ-spouse, Prof-specialty, Husband, Asian-Pac-Islander, Male,20,-1,35, El-Salvador, <=50K
45, Private,45680, Masters,14, Married-civ-spouse, Prof-specialty, Husband, White, Male,-9,-1,50, United-States, >50K
57, Private,124608, 12th,7, Never-married, Exec-managerial, Not-in-family, Amer-Indian-Eskimo, Female,-20,0,36, United-States, <=50K
43, Without-pay,198684, Bachelors,13, Divorced, Prof-specialty, Not-in-family, White, Female,-35,-3,40, United-States, >50K
30, Private,250071, 10th,13, Widowed, Exec-managerial, Other-relative, White, Male,-27,0,13, United-States, <=50K
45, Private,41507, HS-grad,9, Married-civ-spouse, Farming-fishing, Husband, White, Male,14,0,26, United-States, <=50K
52, Private,169486, HS-grad,9, Married-civ-spouse, Adm-clerical, Husband, White, Female,-18,-1,40, United-States, <=50K
18, ?,290711, 7th-8th,7, Never-married, ?, Own-child, White, Male,-19,0,24, United-States, <=50K
41, Private,438642, HS-grad,9, Never-married, Machine-op-inspct, Own-child, White, Male,-33,0,40, United-States, <=50K
33, Self-emp-not-inc,108882, HS-grad,9, Divorced, Adm-clerical, Unmarried, White, Male,-2,0,45, United-States, <=50K
18, Without-pay,569057, Assoc-voc,10, Divorced, Other-service, Husband, White, Female,-15,-2,17, United-States, <=50K
32, Private,198754, Some-college,7, Divorced, Other-service, Unmarried, Asian-Pac-Islander, Male,-26,0,31, United-States, <=50K
54, Private,186812, Some-college,16, Married-civ-spouse, Sales, Husband, White, Male,15,1,59, United-States, <=50K
29, Private,123057, Bachelors,10, Never-married, Adm-clerical, Not-in-family, White, Male,5,1,13, United-States, <=50K
25, ?,241173, HS-grad,8, Separated, ?, Not-in-family, White, Male,-17,-2,35, United-States, <=50K
24, ?,126724, Some-college,10, Separated, ?, Other-relative, White, Male,2675,1,9, United-States, <=50K
28, Private,196468, Assoc-voc,14, Divorced, Craft-repair, Own-child, Asian-Pac-Islander, Female,-12,1,40, United-States, <=50K
62, Private,351896, Some-college,5, Never-married, Handlers-cleaners, Not-in-family, White, Male,-22,0,23, United-States, <=50K
37, State-gov,222579, HS-grad,10, Married-civ-spouse, Adm-clerical, Other-relative, Asian-Pac-Islander, Male,-44,0,50, United-States, <=50K
39, Private,30634, 10th,5, Divorced, Adm-clerical, Wife, White, Female,15203,1,23, United-States, <=50K
46, Self-emp-inc,210099, Bachelors,13, Divorced, Prof-specialty, Wife, Asian-Pac-Islander, Male,-31,-1,44, United-States, >50K
43, Private,438239, HS-grad,14, Married-civ-spouse, Sales, Husband, White, Male,0,-1,45, United-States, >50K
46, Private,176737, HS-grad,9, Married-spouse-absent, Tech-support, Husband, White, Male,-29,-1,40, Hong, <=50K
41, Private,110034, Masters,13, Married-civ-spouse, Exec-managerial, Husband, White, Female,19,1,44, United-States, >50K
27, Private,325301, 10th,10, Married-civ-spouse, Craft-repair, Husband, Black, Male,1899,0,40, United-States, <=50K
59, Private,238097, HS-grad,9, Married-civ-spouse, Craft-repair, Husband, Black, Male,-12,1,44, United-States, <=50K
26, Private,100999, Bachelors,13, Separated, Adm-clerical, Unmarried, White, Male,-29,0,11, United-States, <=50K
45, Private,167270, 5th-6th,13, Divorced, Adm-clerical, Unmarried, White, Female,-33,-1,44, United-States, <=50K
21, Private,269335, HS-grad,5, Never-married, Other-service, Own-child, White, Male,-60,-1,49, United-States, <=50K
44, Federal-gov,182839, Masters,14, Married-civ-spouse, Exec-managerial, Husband, White, Male,-43,1,40, United-States, >50K
47, Self-emp-inc,287582, Prof-school,14, Married-spouse-absent, Sales, Husband, White, Female,-27,-1,49, United-States, >50K
24, Private,282918, HS-grad,9, Married-civ-spouse, Machine-op-inspct, Not-in-family, White, Female,18,-1,40, United-States, <=50K
42, Self-emp-inc,194322, HS-grad,9, Married-civ-spouse, Sales, Husband, White, Female,-31,-1,40, United-States, <=50K
56, Private,185607, HS-grad,9, Married-civ-spouse, Sales, Husband, White, Male,-24,1,23, United-States, <=50K
23, Private,202021, Bachelors,13, Married-civ-spouse, Sales, Husband, Asian-Pac-Islander, Male,-33,-1,58, Guatemala, <=50K
38, Private,239237, Bachelors,14, Separated, Prof-specialty, Wife, Asian-Pac-Islander, Female,10,1,40, United-States, >50K
46, Private,220096, HS-grad,9, Married-civ-spouse, Craft-repair, Husband, White, Male,-6,1,40, Ireland, <=50K
35, ?,240451, Bachelors,13, Never-married, ?, Unmarried, White, Female,-36,-1,37, United-States, <=50K
31, Self-emp-not-inc,175350, 1st-4th,13, Widowed, Adm-clerical, Unmarried, White, Female,-5,-2,40, United-States, <=50K
48, Self-emp-inc,266514, Prof-school,6, Married-civ-spouse, Farming-fishing, Husband, White, Male,28,1,40, United-States, >50K
49, Self-emp-not-inc,39388, Bachelors,13, Never-married, Protective-serv, Wife, White, Male,14,-1,45, United-States, <=50K
30, Private,32571, Some-college,13, Married-civ-spouse, Sales, Husband, White, Male,31,1,50, Trinadad&Tobago, >50K
22, Private,196398, HS-grad,9, Divorced, ?, Other-relative, White, Male,-34,-1,11, United-States, <=50K
21, Federal-gov,245050, Bachelors,13, Married-civ-spouse, Prof-specialty, Husband, White, Female,22,-1,40, United-States, >50K
22, Private,338036, 9th,10, Never-married, Exec-managerial, Own-child, White, Male,-19,0,45, United-States, <=50K
47, Private,106431, Bachelors,9, Divorced, Prof-specialty, Wife, White, Female,-35,2,50, United-States, >50K
50, Private,249854, HS-grad,9, Married-civ-spouse, Handlers-cleaners, Husband, White, Male,-39,-1,82, United-States, <=50K
45, Self-emp-not-inc,46856, Bachelors,13, Separated, Prof-specialty, Wife, Black, Female,10,-1,40, United-States, >50K
50, Private,247182, Bachelors,13, Divorced, Handlers-cleaners, Not-in-family, White, Female,-49,0,50, United-States, >50K
20, ?,48880, Some-college,10, Never-married, ?, Own-child, White, Male,-19,0,25, United-States, <=50K
16, Private,156941, 10th,7, Never-married, ?, Own-child, White, Male,-47,-1,14, United-States, <=50K
19, Private,30236, Some-college,10, Divorced, Other-service, Unmarried, White, Female,-22,0,30, United-States, <=50K
20, ?,86104, 10th,9, Never-married, Tech-support, Own-child, White, Male,-34,0,31, United-States, <=50K
37, Self-emp-inc,271163, Assoc-voc,11, Married-civ-spouse, Other-service, Husband, White, Male,-39,0,75, Cuba, <=50K
58, State-gov,329752, HS-grad,13, Married-civ-spouse, Exec-managerial, Wife, White, Female,-8,1,50, United-States, >50K
31, Private,29011, Some-college,9, Married-civ-spouse, Transport-moving, Husband, White, Male,-30,0,45, United-States, <=50K
51, Private,123727, HS-grad,13, Widowed, Adm-clerical, Unmarried, White, Female,-6,0,45, United-States, <=50K
31, Local-gov,39352, 5th-6th,10, Never-married, Handlers-cleaners, Own-child, White, Male,31,1,24, United-States, <=50K
25, Federal-gov,235654, Bachelors,13, Widowed, Adm-clerical, Unmarried, White, Female,22,0,20, United-States, <=50K
17, State-gov,117872, Some-college,10, Married-civ-spouse, Adm-clerical, Husband, White, Male,8,1,40, Guatemala, <=50K
56, Private,175662, HS-grad,9, Married-civ-spouse, Adm-clerical, Husband, Black, Male,-31,1,40, United-States, <=50K
24, Self-emp-not-inc,127960, 7th-8th,4, Divorced, ?, Not-in-family, White, Male,12,0,22, United-States, <=50K
24, State-gov,119539, Bachelors,8, Never-married, ?, Not-in-family, White, Male,17,0,36, China, <=50K
27, Federal-gov,250505, Assoc-voc,13, Married-civ-spouse, Exec-managerial, Not-in-family, White, Male,-23,1,46, United-States, >50K
22, Private,153455, Bachelors,13, Never-married, Tech-support, Own-child, White, Male,-25,0,30, United-States, <=50K
47, Private,45333, 10th,9, Separated, Other-service, Not-in-family, White, Female,16,-2,45, Philippines, <=50K
46, Private,242569, Assoc-voc,14, Married-civ-spouse, Prof-specialty, Husband, White, Male,14418,-2,44, United-States, >50K
33, Self-emp-not-inc,197371, Some-college,10, Never-married, ?, Own-child, White, Male,-64,0,40, United-States, <=50K
41, Self-emp-not-inc,359857, HS-grad,9, Separated, Adm-clerical, Unmarried, White, Male,1,0,40, United-States, <=50K
43, Self-emp-inc,189678, HS-grad,7, Married-civ-spouse, Protective-serv, Husband, Asian-Pac-Islander, Male,-46,-1,40, United-States, <=50K
44, Private,220558, HS-grad,9, Married-civ-spouse, Craft-repair, Husband, White, Male,-46,1,50, United-States, <=50K
25, Private,321629, HS-grad,14, Married-civ-spouse, Craft-repair, Husband, White, Male,8,0,40, United-States, <=50K
61, Self-emp-inc,210731, Masters,14, Married-civ-spouse, Exec-managerial, Husband, White, Male,-42,-2,65, United-States, >50K
21, Self-emp-not-inc,310833, Some-college,10, Widowed, Other-service, Not-in-family, Other, Male,-47,-1,40, United-States, <=50K
46, Private,110403, Assoc-acdm,14, Married-civ-spouse, Craft-repair, Husband, White, Female,71,1,44, United-States, >50K
27, Private,127440, Some-college,13, Never-married, Adm-clerical, Own-child, Amer-Indian-Eskimo, Female,-16,1,40, United-States, <=50K
20, ?,103204, Some-college,10, Never-married, ?, Own-child, White, Female,-44,1,20, United-States, <=50K
43, Private,107263, Bachelors,13, Married-civ-spouse, Prof-specialty, Wife, Amer-Indian-Eskimo, Female,-39,-1,57, United-States, >50K
34, Private,320047, HS-grad,9, Married-civ-spouse, Sales, Husband, Black, Male,3,-1,40, Poland, <=50K
19, Private,105545, Some-college,10, Divorced, ?, Own-child, White, Male,-20,-1,30, United-States, <=50K
41, Private,361587, 9th,9, Married-civ-spouse, Prof-specialty, Not-in-family, Black, Male,-55,-1,49, Peru, >50K
45, Private,122846, Bachelors,13, Divorced, Adm-clerical, Unmarried, Black, Female,30,-1,40, United-States, <=50K
35, Private,101976, Some-college,7, Divorced, Other-service, Not-in-family, White, Female,-8,1,37, United-States, <=50K
46, Private,110536, Masters,9, Married-civ-spouse, Prof-specialty, Husband, White, Female,7,1,59, United-States, >50K
24, Self-emp-not-inc,332232, HS-grad,9, Married-civ-spouse, Farming-fishing, Husband, White, Male,-49,3,61, United-States, <=50K
40, Self-emp-not-inc,106062, HS-grad,9, Divorced, Farming-fishing, Husband, White, Female,9,0,58, United-States, <=50K
59, Private,128908, HS-grad,9, Married-civ-spouse, Machine-op-inspct, Husband, White, Male,-1,2,40, Nicaragua, <=50K
18, Local-gov,125940, 11th,10, Married-spouse-absent, ?, Not-in-family, White, Female,-6,-1,9, United-States, <=50K
21, Private,133743, HS-grad,9, Married-civ-spouse, Craft-repair, Husband, White, Male,-38,2,40, United-States, <=50K
70, Without-pay,179068, Prof-school,10, Married-civ-spouse, Exec-managerial, Husband, White, Male,-2,0,40, United-States, <=50K
56, Self-emp-not-inc,343134, 10th,4, Married-civ-spouse, Other-service, Other-relative, White, Male,-23,-1,49, United-States, <=50K
45, Local-gov,51490, 7th-8th,11, Separated, Tech-support, Not-in-family, White, Male,1,0,45, South, >50K
46, State-gov,86018, Bachelors,13, Married-civ-spouse, Prof-specialty, Husband, White, Male,14526,1,61, United-States, >50K
20, Private,296055, Bachelors,13, Never-married, ?, Own-child, Amer-Indian-Eskimo, Female,-27,-1,36, United-States, <=50K
49, Self-emp-not-inc,148465, HS-grad,6, Divorced, Other-service, Own-child, Black, Female,-21,0,40, Nicaragua, <=50K
53, Private,77264, HS-grad,16, Married-civ-spouse, Sales, Husband, Black, Male,-24,0,95, United-States, <=50K
60, ?,232665, Bachelors,11, Never-married, Prof-specialty, Not-in-family, White, Female,4,-1,40, Dominican-Republic, <=50K
54, Private,190362, Doctorate,9, Married-civ-spouse, Exec-managerial, Husband, White, Male,0,1,50, United-States, >50K
19, Private,38788, Some-college,5, Never-married, Handlers-cleaners, Own-child, Black, Male,-26,0,40, United-States, <=50K
50, Local-gov,221356, Bachelors,6, Married-civ-spouse, Adm-clerical, Husband, Asian-Pac-Islander, Male,-38,0,40, United-States, <=50K
48, State-gov,214497, HS-grad,9, Married-civ-spouse, Transport-moving, Husband, White, Female,-11,0,40, United-States, <=50K
38, Private,173647, Assoc-voc,9, Married-civ-spouse, Transport-moving, Husband, White, Male,1,-3,57, United-States, >50K
17, Private,94489, 11th,13, Never-married, Other-service, Own-child, White, Male,-21,1,15, United-States, <=50K
19, Private,236228, Some-college,10, Never-married, ?, Own-child, White, Male,-30,0,37, United-States, <=50K
58, Private,178413, Assoc-voc,13, Married-civ-spouse, Craft-repair, Husband, White, Male,-41,0,67, United-States, <=50K
45, Private,224105, HS-grad,9, Married-civ-spouse, Farming-fishing, Husband, White, Male,-23,0,45, United-States, <=50K
33, Private,297415, HS-grad,14, Married-civ-spouse, Craft-repair, Husband, White, Male,-14,1,40, United-States, <=50K
44, Private,326934, HS-grad,9, Married-civ-spouse, Craft-repair, Husband, White, Male,-31,0,40, United-States, <=50K
21, Private,201671, HS-grad,9, Divorced, Sales, Other-relative, White, Male,-23,-2,40, United-States, <=50K
43, Local-gov,29168, Bachelors,10, Married-civ-spouse, Prof-specialty, Not-in-family, White, Female,-23,-2,50, United-States, >50K
19, ?,259790, Some-college,10, Separated, ?, Not-in-family, White, Male,-19,1,58, United-States, <=50K
17, Private,90040, 9th,15, Never-married, Craft-repair, Own-child, White, Male,-15,0,36, United-States, <=50K
22, Private,317680, 10th,13, Never-married, Machine-op-inspct, Not-in-family, Other, Male,-3,1,35, United-States, <=50K
45, Private,114822, Bachelors,13, Divorced, Tech-support, Not-in-family, White, Female,-15,-2,44, United-States, >50K
45, Federal-gov,183307, Bachelors,13, Married-civ-spouse, Handlers-cleaners, Wife, White, Male,-20,0,40, Poland, <=50K
19, Private,117528, Assoc-voc,7, Divorced, ?, Unmarried, White, Female,-22,0,35, United-States, <=50K
57, Self-emp-not-inc,247168, HS-grad,9, Married-civ-spouse, Sales, Husband, White, Male,-31,0,40, United-States, <=50K
46, Private,136690, HS-grad,13, Married-civ-spouse, Craft-repair, Not-in-family, White, Female,13,-1,44, United-States, >50K
42, Private,492059, Some-college,13, Divorced, Adm-clerical, Not-in-family, White, Female,-13,-1,30, United-States, <=50K
33, Local-gov,113715, Assoc-acdm,11, Divorced, Sales, Other-relative, Other, Female,-20,0,40, Jamaica, <=50K
25, Private,280230, Some-college,13, Never-married, Adm-clerical, Unmarried, White, Female,-18,2,15, Philippines, <=50K
19, Private,99821, Some-college,10, Never-married, ?, Own-child, White, Male,-22,0,14, United-States, <=50K
48, Self-emp-not-inc,355133, Assoc-voc,5, Married-civ-spouse, Sales, Husband, White, Male,-56,-1,45, Vietnam, <=50K
51, Federal-gov,373271, Bachelors,14, Divorced, Prof-specialty, Not-in-family, White, Female,-13,-2,40, United-States, >50K
47, Private,229334, 5th-6th,6, Married-civ-spouse, Adm-clerical, Unmarried, White, Male,19,0,40, Taiwan, <=50K
36, Private,280380, Assoc-voc,16, Married-civ-spouse, Tech-support, Husband, White, Male,23,2,69, United-States, <=50K
53, Self-emp-inc,77352, Prof-school,14, Married-civ-spouse, Prof-specialty, Husband, White, Male,-17,-1,61, United-States, >50K
53, Local-gov,190037, Some-college,13, Divorced, Adm-clerical, Not-in-family, White, Female,-1,-1,70, United-States, <=50K
42, Self-emp-inc,106842, Masters,16, Married-civ-spouse, Prof-specialty, Husband, White, Male,18,0,60, United-States, >50K
42, Private,216522, Some-college,13, Never-married, Protective-serv, Not-in-family, White, Male,-4,0,16, United-States, <=50K
39, Private,135567, HS-grad,9, Divorced, Other-service, Unmarried, White, Female,3426,1,37, United-States, <=50K
39, Private,227159, 5th-6th,10, Never-married, Adm-clerical, Not-in-family, Asian-Pac-Islander, Female,-36,1,40, Thailand, <=50K
44, Private,256991, 11th,7, Never-married, Farming-fishing, Own-child, White, Male,-48,0,61, Iran, <=50K
32, Private,84326, HS-grad,9, Married-civ-spouse, Craft-repair, Husband, Amer-Indian-Eskimo, Male,-29,0,40, United-States, <=50K
42, Private,203186, HS-grad,9, Married-civ-spouse, Prof-specialty, Husband, White, Female,-45,2,45, United-States, >50K
28, Without-pay,259614, Some-college,10, Never-married, Craft-repair, Own-child, White, Male,-53,2049,40, United-States, <=50K
25, Private,285630, HS-grad,9, Married-civ-spouse, Craft-repair, Own-child, White, Male,-21,-1,40, United-States, <=50K
41, Private,154627, HS-grad,9, Married-civ-spouse, Adm-clerical, Wife, White, Male,-2,-1,40, United-States, >50K
63, Self-emp-inc,258632, HS-grad,14, Married-civ-spouse, Craft-repair, Husband, White, Male,-27,1,40, United-States, >50K
38, Private,30418, Prof-school,14, Married-civ-spouse, Protective-serv, Husband, White, Male,-8,0,59, United-States, >50K
36, Private,35181, Bachelors,13, Widowed, Sales, Wife, Black, Female,6,-1,50, Taiwan, >50K
44, Private,97623, 11th,6, Married-civ-spouse, Adm-clerical, Wife, Asian-Pac-Islander, Female,7,-1,40, Cambodia, <=50K
49, Self-emp-not-inc,173583, HS-grad,9, Married-civ-spouse, Protective-serv, Husband, Asian-Pac-Islander, Male,-18,1,49, United-States, <=50K
20, ?,183743, 11th,13, Never-married, ?, Own-child, White, Male,5,-1,23, United-States, <=50K
42, Without-pay,37671, Some-college,7, Married-civ-spouse, Prof-specialty, Wife, White, Male,-16,-1,50, United-States, <=50K
39, Private,39492, Bachelors,13, Divorced, Sales, Wife, White, Female,-24,2,45, Nicaragua, <=50K
26, Private,139562, Assoc-voc,13, Divorced, Prof-specialty, Wife, Asian-Pac-Islander, Female,13,2,46, United-States, >50K
35, Private,288393, HS-grad,9, Married-civ-spouse, ?, Husband, White, Male,4,0,40, United-States, <=50K
18, ?,405256, 10th,6, Never-married, Craft-repair, Own-child, Asian-Pac-Islander, Male,-36,2,14, United-States, <=50K
36, Self-emp-inc,160044, HS-grad,9, Married-civ-spouse, Craft-repair, Husband, White, Male,-8,-1,44, United-States, <=50K
33, Private,98967, 10th,9, Married-civ-spouse, Adm-clerical, Other-relative, Other, Male,18,1,40, United-States, <=50K
30, Private,245848, Some-college,7, Married-civ-spouse, ?, Husband, Asian-Pac-Islander, Male,-6,-1,59, United-States, <=50K
52, Self-emp-inc,172384, Bachelors,13, Married-civ-spouse, Prof-specialty, Wife, White, Female,-46,0,73, United-States, >50K
23, State-gov,72416, Bachelors,13, Never-married, ?, Unmarried, White, Female,-21,0,36, United-States, <=50K
21, Private,209306, 11th,9, Never-married, Craft-repair, Not-in-family, White, Male,-17,1,36, United-States, <=50K
44, Private,343082, Assoc-voc,10, Married-civ-spouse, Prof-specialty, Husband, White, Male,0,0,44, United-States, <=50K
44, Self-emp-not-inc,16238, Bachelors,13, Married-civ-spouse, Exec-managerial, Husband, White, Female,-29,2420,40, United-States, >50K
35, Private,39433, HS-grad,9, Married-civ-spouse, Transport-moving, Husband, White, Male,-36,0,51, United-States, <=50K
36, Private,238273, HS-grad,9, Never-married, Handlers-cleaners, Own-child, Black, Male,-58,1,40, United-States, <=50K
36, Private,126058, Some-college,10, Married-civ-spouse, Craft-repair, Husband, White, Male,-13,-1,49, United-States, <=50K
49, Self-emp-inc,171315, Masters,11, Married-civ-spouse, Prof-specialty, Husband, Black, Male,-1,-1,50, United-States, >50K
63, Self-emp-inc,279268, Prof-school,15, Married-civ-spouse, Prof-specialty, Husband, White, Male,-9,0,50, ?, >50K
49, Private,387315, Bachelors,13, Divorced, Adm-clerical, Not-in-family, White, Female,2613,0,30, United-States, >50K
17, Private,123925, Some-college,10, Never-married, Handlers-cleaners, Other-relative, White, Male,10,-1,25, United-States, <=50K
42, Self-emp-inc,136657, Bachelors,14, Married-civ-spouse, Adm-clerical, Husband, White, Female,-32,2,70, United-States, >50K
42, Self-emp-not-inc,148956, HS-grad,13, Married-civ-spouse, Farming-fishing, Husband, White, Male,12,1,40, Iran, >50K
23, State-gov,259920, Bachelors,13, Never-married, Adm-clerical, Not-in-family, White, Male,30,1,40, United-States, >50K
36, Local-gov,436447, Bachelors,13, Never-married, Prof-specialty, Not-in-family, White, Female,-4,0,40, Scotland, >50K
19, Self-emp-not-inc,244909, Bachelors,10, Married-civ-spouse, Exec-managerial, Husband, White, Female,-16,-2,40, United-States, >50K
39, Self-emp-inc,165602, Masters,13, Married-civ-spouse, Prof-specialty, Wife, White, Female,-5,-1,50, United-States, >50K
40, Private,346805, HS-grad,9, Never-married, Sales, Not-in-family, White, Male,6,0,45, United-States, <=50K
21, Private,115754, Some-college,7, Never-married, Protective-serv, Own-child, White, Male,-28,1,25, United-States, <=50K
45, Private,228433, Bachelors,13, Married-civ-spouse, Adm-clerical, Wife, White, Male,15,1,58, United-States, <=50K
56, Private,113804, HS-grad,9, Widowed, Machine-op-inspct, Unmarried, White, Female,-25,1,50, United-States, <=50K
36, Private,108223, Doctorate,16, Married-civ-spouse, Transport-moving, Husband, White, Female,11,1,40, United-States, >50K
37, Self-emp-not-inc,252092, Some-college,10, Never-married, Craft-repair, Husband, White, Male,-45,2,45, United-States, <=50K
49, Private,91924, Bachelors,13, Married-civ-spouse, Prof-specialty, Husband, White, Male,-18,-1,40, Cambodia, >50K
50, State-gov,368717, Bachelors,13, Divorced, Prof-specialty, Not-in-family, Other, Female,-29,0,50, United-States, <=50K
30, Local-gov,254621, Some-college,7, Married-civ-spouse, Farming-fishing, Husband, White, Male,-5,0,59, Vietnam, <=50K
44, ?,199699, 7th-8th,10, Never-married, ?, Own-child, White, Male,-46,1,30, Nicaragua, <=50K
42, Self-emp-inc,154494, Some-college,10, Separated, ?, Husband, White, Male,-13,2,30, United-States, <=50K
22, Private,99281, Bachelors,10, Never-married, Craft-repair, Not-in-family, White, Male,23,0,35, Guatemala, <=50K
25, Self-emp-not-inc,326252, Bachelors,13, Never-married, Adm-clerical, Unmarried, White, Female,-31,-1,51, United-States, <=50K
25, Private,337175, Assoc-voc,10, Divorced, Protective-serv, Own-child, Asian-Pac-Islander, Male,28,-1,40, Holand-Netherlands, >50K
26, Private,204305, 9th,13, Divorced, Other-service, Unmarried, Black, Male,36,0,45, Columbia, <=50K
49, ?,95019, HS-grad,9, Separated, ?, Unmarried, White, Female,-25,-2,50, United-States, <=50K
48, Private,192559, HS-grad,9, Separated, Adm-clerical, Unmarried, White, Male,-33,-1,40, United-States, <=50K
46, Self-emp-inc,199495, Prof-school,13, Married-civ-spouse, Prof-specialty, Wife, White, Female,-5,-1,46, United-States, >50K
46, Local-gov,118934, 9th,5, Never-married, Tech-support, Husband, White, Male,-26,-1,40, United-States, <=50K
41, Self-emp-not-inc,98571, Some-college,13, Married-civ-spouse, Priv-house-serv, Not-in-family, White, Female,-24,-2,49, United-States, >50K
41, Local-gov,81093, HS-grad,13, Married-civ-spouse, Transport-moving, Husband, Amer-Indian-Eskimo, Female,3,-1,40, United-States, <=50K
46, Federal-gov,191042, Bachelors,14, Widowed, Adm-clerical, Unmarried, White, Female,-13,1,50, United-States, <=50K
53, Private,312890, Some-college,4, Married-civ-spouse, Craft-repair, Husband, White, Male,1,0,61, Haiti, <=50K
42, Private,54422, 5th-6th,3, Never-married, Other-service, Not-in-family, Asian-Pac-Islander, Female,-17,-1,45, United-States, <=50K
56, Private,113934, Bachelors,14, Never-married, Sales, Not-in-family, Asian-Pac-Islander, Male,-51,0,40, Ireland, <=50K
21, State-gov,175402, Bachelors,6, Married-spouse-absent, Machine-op-inspct, Wife, White, Female,-15,3,40, United-States, <=50K
24, Self-emp-inc,191859, HS-grad,9, Married-civ-spouse, Craft-repair, Husband, Black, Male,-2,-1,40, United-States, >50K
46, State-gov,165297, 10th,13, Married-civ-spouse, Adm-clerical, Husband, Black, Male,-33,-1,49, ?, <=50K
53, Local-gov,237498, HS-grad,13, Married-civ-spouse, Prof-specialty, Husband, Black, Female,-3,0,50, United-States, >50K
23, Federal-gov,395284, Bachelors,7, Married-civ-spouse, Handlers-cleaners, Unmarried, White, Male,-16,-1,40, United-States, <=50K
21, Never-worked,183548, Bachelors,13, Never-married, Prof-specialty, Not-in-family, White, Female,-1,-1,14, United-States, <=50K
24, Private,236152, HS-grad,9, Married-civ-spouse, Other-service, Wife, White, Male,-19,2047,40, United-States, <=50K
46, Private,321870, HS-grad,13, Divorced, Prof-specialty, Not-in-family, White, Female,-40,0,35, United-States, <=50K
48, Private,256850, Some-college,10, Married-civ-spouse, Craft-repair, Other-relative, White, Male,-3,1,40, Mexico, <=50K
34, Private,365284, HS-grad,9, Married-civ-spouse, Craft-repair, Husband, White, Male,-41,1,40, United-States, <=50K
24, Private,107179, HS-grad,6, Never-married, Craft-repair, Own-child, Asian-Pac-Islander, Male,-14,0,36, United-States, <=50K
35, Private,196218, HS-grad,9, Married-civ-spouse, Other-service, Not-in-family, Amer-Indian-Eskimo, Female,-44,0,40, United-States, <=50K
51, Private,206321, Assoc-acdm,7, Married-civ-spouse, Handlers-cleaners, Husband, White, Male,-37,-2,44, United-States, <=50K
21, Private,169492, HS-grad,9, Separated, Other-service, Unmarried, White, Male,32,2,36, United-States, <=50K
39, Local-gov,40632, Some-college,5, Married-civ-spouse, Machine-op-inspct, Husband, White, Male,-15,2,40, United-States, <=50K
45, Private,324176, Assoc-voc,9, Divorced, Adm-clerical, Husband, Asian-Pac-Islander, Female,17,1,40, United-States, <=50K
20, Private,320252, Some-college,10, Never-married, Tech-support, Not-in-family, White, Male,-36,0,40, United-States, <=50K
20, ?,169440, 9th,7, Never-married, Other-service, Not-in-family, White, Male,20,0,40, United-States, <=50K
69, Self-emp-not-inc,281675, Some-college,10, Never-married, Sales, Not-in-family, White, Male,-20,-2,40, United-States, <=50K
20, Private,140877, Some-college,10, Never-married, Other-service, Own-child, White, Male,-47,1,62, Mexico, <=50K
27, Private,281683, HS-grad,9, Married-civ-spouse, Priv-house-serv, Not-in-family, White, Male,-1,-1,44, United-States, <=50K
33, Private,225717, HS-grad,6, Married-civ-spouse, Transport-moving, Not-in-family, Other, Male,-24,0,30, Mexico, <=50K
65, Local-gov,114375, Bachelors,10, Married-civ-spouse, Prof-specialty, Husband, White, Male,-11,-1,45, United-States, <=50K
29, Private,281036, Some-college,10, Divorced, Priv-house-serv, Not-in-family, White, Male,-35,-1,31, United-States, <=50K
43, Self-emp-not-inc,166579, Prof-school,16, Married-civ-spouse, Craft-repair, Husband, White, Male,-4,-1,69, United-States, >50K
27, ?,214754, HS-grad,13, Married-AF-spouse, ?, Unmarried, Asian-Pac-Islander, Male,28,0,40, United-States, <=50K
24, State-gov,90033, Bachelors,13, Married-civ-spouse, Prof-specialty, Not-in-family, White, Male,-15,-2,40, United-States, <=50K
18, Private,89703, Some-college,10, Never-married, ?, Other-relative, White, Male,-23,1,16, United-States, <=50K
63, Self-emp-not-inc,250457, HS-grad,9, Married-civ-spouse, Craft-repair, Husband, White, Male,-7,-1,40, Philippines, <=50K
25, Private,376743, HS-grad,9, Married-civ-spouse, Craft-repair, Husband, Black, Male,-12,0,40, United-States, <=50K
47, Private,304214, HS-grad,9, Never-married, ?, Husband, White, Male,-3,1,40, Greece, <=50K
47, Self-emp-not-inc,464333, Doctorate,5, Never-married, ?, Unmarried, White, Female,-24,-1,59, El-Salvador, <=50K
19, Private,230806, 11th,7, Never-married, Other-service, Own-child, White, Male,-14,0,40, Greece, <=50K
58, Private,196877, 12th,9, Married-civ-spouse, Adm-clerical, Husband, Black, Female,-9,-1,40, United-States, <=50K
31, ?,251631, Bachelors,13, Never-married, ?, Unmarried, White, Male,-2,-1,45, United-States, <=50K
29, ?,238953, Some-college,7, Never-married, Adm-clerical, Not-in-family, Black, Male,9,1,50, United-States, <=50K
52, Local-gov,324583, HS-grad,13, Married-civ-spouse, Farming-fishing, Husband, White, Male,-3,2,37, United-States, >50K
48, Self-emp-inc,390488, HS-grad,9, Married-civ-spouse, Craft-repair, Husband, White, Male,-5,0,40, United-States, >50K
55, Private,126014, Bachelors,13, Married-civ-spouse, Exec-managerial, Husband, Asian-Pac-Islander, Male,7254,-2,46, United-States, >50K
25, Private,355895, Bachelors,13, Divorced, Other-service, Unmarried, White, Female,32,-1,40, United-States, <=50K
80, Self-emp-not-inc,424976, HS-grad,9, Separated, Other-service, Other-relative, White, Male,-12,2,8, United-States, <=50K
59, Private,28415, Prof-school,5, Divorced, Craft-repair, Wife, Other, Male,-17,0,45, United-States, <=50K
25, Private,284371, HS-grad,15, Married-spouse-absent, Other-service, Other-relative, White, Female,-17,0,45, United-States, <=50K
49, Local-gov,37597, Bachelors,4, Separated, Craft-repair, Unmarried, Other, Female,17,-1,30, United-States, <=50K
32, Self-emp-not-inc,242916, HS-grad,13, Married-civ-spouse, Adm-clerical, Husband, White, Female,-37,0,40, United-States, <=50K
38, Self-emp-inc,30087, Bachelors,13, Widowed, Adm-clerical, Not-in-family, White, Female,11,-1,40, United-States, >50K
42, Local-gov,132547, Some-college,10, Married-civ-spouse, Prof-specialty, Husband, White, Male,-6,0,58, United-States, >50K
25, Federal-gov,186048, Bachelors,13, Never-married, Adm-clerical, Not-in-family, Black, Female,23,1,37, United-States, <=50K
45, Private,127642, Masters,13, Married-civ-spouse, Sales, Husband, White, Female,-18,0,40, United-States, >50K
28, Self-emp-not-inc,299066, Bachelors,13, Never-married, Prof-specialty, Husband, White, Female,5,0,60, United-States, >50K
39, Local-gov,97354, Assoc-acdm,7, Married-civ-spouse, Exec-managerial, Husband, Black, Female,-6,0,43, United-States, >50K
41, Private,209340, Masters,9, Married-civ-spouse, Craft-repair, Husband, White, Male,1,1,67, El-Salvador, <=50K
68, Private,287790, Assoc-voc,9, Married-civ-spouse, Machine-op-inspct, Not-in-family, White, Male,-12,2,17, Vietnam, <=50K
34, Private,43541, Doctorate,7, Married-civ-spouse, Exec-managerial, Not-in-family, White, Female,10,2,40, United-States, <=50K
37, Self-emp-not-inc,264229, 10th,10, Never-married, Adm-clerical, Own-child, Other, Male,2,0,45, United-States, <=50K
51, Private,17853, Masters,14, Married-civ-spouse, Craft-repair, Husband, White, Male,-6,1,45, United-States, >50K
56, Private,171185, Assoc-voc,14, Never-married, Sales, Husband, Asian-Pac-Islander, Male,6,-2,45, India, <=50K
28, Federal-gov,40129, 1st-4th,6, Married-civ-spouse, Exec-managerial, Wife, Other, Male,-10,0,45, United-States, >50K
24, Private,31789, HS-grad,9, Married-civ-spouse, Tech-support, Husband, White, Male,10,1,40, United-States, <=50K
46, Private,232730, HS-grad,9, Married-civ-spouse, Sales, Husband, White, Male,-7,0,40, France, <=50K
45, Local-gov,134898, Bachelors,10, Never-married, ?, Not-in-family, White, Male,2,1,11, England, <=50K
46, Local-gov,270654, Bachelors,13, Divorced, Prof-specialty, Wife, White, Female,-25,-1,45, United-States, >50K
40, Private,109128, HS-grad,9, Married-civ-spouse, Exec-managerial, Husband, Asian-Pac-Islander, Female,-26,1,40, United-States, <=50K
58, ?,259467, Bachelors,13, Divorced, Other-service, Not-in-family, White, Male,-45,-2,40, United-States, <=50K
40, ?,178866, Some-college,10, Never-married, ?, Own-child, White, Male,-25,-1,40, United-States, <=50K
60, Local-gov,40271, Bachelors,13, Divorced, Exec-managerial, Unmarried, White, Female,-2,-2,14, United-States, <=50K
23, Self-emp-not-inc,130459, 11th,4, Married-spouse-absent, Machine-op-inspct, Not-in-family, Other, Male,-26,-1,29, United-States, <=50K
19, Never-worked,99162, 11th,5, Never-married, Prof-specialty, Own-child, White, Male,18,1,40, Mexico, <=50K
26, Private,134707, HS-grad,14, Married-spouse-absent, Machine-op-inspct, Wife, White, Male,-44,1,35, United-States, <=50K
60, Private,327557, HS-grad,8, Married-civ-spouse, Protective-serv, Husband, White, Female,-41,2,40, Vietnam, <=50K
31, Private,287189, HS-grad,9, Married-civ-spouse, Farming-fishing, Not-in-family, White, Male,31,1,40, United-States, <=50K
24, ?,121638, Bachelors,13, Never-married, ?, Own-child, White, Female,-23,0,40, United-States, <=50K
41, Private,366152, HS-grad,9, Divorced, Adm-clerical, Unmarried, White, Female,-17,0,38, United-States, <=50K
47, ?,310393, HS-grad,7, Divorced, Machine-op-inspct, Not-in-family, White, Male,-3,-1,40, United-States, <=50K
36, Private,266331, 9th,13, Divorced, Exec-managerial, Not-in-family, White, Female,-27,0,45, ?, >50K
43, Private,102642, Bachelors,13, Married-civ-spouse, Prof-specialty, Wife, White, Female,2,-1,69, United-States, >50K
47, Local-gov,273927, Some-college,4, Never-married, Craft-repair, Husband, Amer-Indian-Eskimo, Male,-21,-1,45, United-States, <=50K
21, ?,322240, 10th,4, Never-married, Handlers-cleaners, Own-child, White, Male,-39,0,46, United-States, <=50K
28, Private,156857, 12th,7, Never-married, Machine-op-inspct, Husband, White, Male,-27,-3,40, United-States, <=50K
24, Private,248288, Some-college,7, Never-married, Other-service, Own-child, White, Male,-30,-1,31, United-States, <=50K
21, Private,56686, Some-college,6, Married-civ-spouse, ?, Husband, White, Male,23,-1,40, Jamaica, <=50K
24, State-gov,294575, Bachelors,14, Married-civ-spouse, Prof-specialty, Not-in-family, White, Female,-65,0,45, United-States, >50K
52, Private,233350, HS-grad,9, Married-civ-spouse, Exec-managerial, Not-in-family, White, Male,7,-1,40, United-States, <=50K
19, Private,106285, 12th,7, Divorced, Adm-clerical, Own-child, White, Female,-19,-1,21, United-States, <=50K
40, Private,196452, Some-college,9, Divorced, Adm-clerical, Not-in-family, White, Female,-22,0,40, United-States, <=50K
19, ?,247350, Some-college,10, Never-married, ?, Own-child, White, Male,-26,1,40, United-States, <=50K
23, Private,237572, HS-grad,9, Never-married, Craft-repair, Husband, White, Male,-28,-3,44, Portugal, <=50K
48, Private,99676, HS-grad,11, Married-civ-spouse, Exec-managerial, Husband, Other, Male,3,2,50, ?, <=50K
27, Private,492384, 1st-4th,13, Divorced, Exec-managerial, Unmarried, White, Female,-30,-2,37, United-States, <=50K
49, Self-emp-not-inc,107476, HS-grad,14, Married-civ-spouse, Machine-op-inspct, Husband, White, Male,-45,0,49, United-States, <=50K
45, Private,280050, Some-college,8, Never-married, Handlers-cleaners, Own-child, White, Male,-29,-1,22, United-States, <=50K
47, Private,286991, HS-grad,9, Divorced, Craft-repair, Not-in-family, Black, Female,11,1,74, United-States, <=50K
18, Private,319853, 11th,6, Never-married, ?, Own-child, White, Male,-18,1,45, United-States, <=50K
27, Private,301108, HS-grad,9, Separated, Machine-op-inspct, Not-in-family, White, Female,-44,0,40, Poland, <=50K
48, Private,203672, HS-grad,5, Widowed, Other-service, Husband, White, Male,-17,-1,51, United-States, <=50K
20, Private,213743, HS-grad,5, Divorced, Exec-managerial, Own-child, Black, Male,12,0,30, United-States, <=50K
22, ?,236347, 7th-8th,4, Divorced, Handlers-cleaners, Not-in-family, White, Male,-10,0,35, United-States, <=50K
39, Self-emp-not-inc,220504, HS-grad,9, Married-civ-spouse, Craft-repair, Husband, White, Male,-40,1930,40, United-States, <=50K
19, Private,90366, 11th,13, Never-married, ?, Own-child, White, Male,-29,2,24, United-States, <=50K
17, ?,351627, 11th,6, Never-married, ?, Not-in-family, Asian-Pac-Islander, Male,-46,1,45, United-States, <=50K
59, Self-emp-not-inc,182262, Bachelors,13, Divorced, Adm-clerical, Not-in-family, Black, Male,-19,0,36, United-States, <=50K
53, Private,226412, Assoc-acdm,9, Married-civ-spouse, Adm-clerical, Husband, White, Male,9,2,40, United-States, <=50K
37, Self-emp-not-inc,303508, HS-grad,9, Separated, Craft-repair, Husband, White, Male,-54,1,30, United-States, <=50K
25, Private,314190, 5th-6th,7, Married-spouse-absent, Adm-clerical, Other-relative, White, Male,-34,-1,40, United-States, <=50K
31, Private,232134, 12th,13, Never-married, Other-service, Own-child, Amer-Indian-Eskimo, Female,-61,-1,30, United-States, <=50K
45, Private,100287, Some-college,13, Never-married, Handlers-cleaners, Own-child, White, Male,-1,2,44, United-States, <=50K
41, Self-emp-not-inc,437535, Masters,10, Married-civ-spouse, Craft-repair, Husband, White, Male,-51,0,47, United-States, <=50K
54, Private,285588, HS-grad,9, Separated, Farming-fishing, Unmarried, Black, Male,-13,0,40, United-States, <=50K
21, Private,144069, HS-grad,9, Never-married, Farming-fishing, Wife, Black, Female,37,0,22, United-States, <=50K
36, Federal-gov,189647, Bachelors,9, Married-civ-spouse, Machine-op-inspct, Husband, White, Male,53,2,45, United-States, <=50K
24, Local-gov,88365, Bachelors,7, Divorced, Prof-specialty, Not-in-family, Asian-Pac-Islander, Male,-4,-1,50, United-States, >50K
40, Private,29964, Assoc-voc,9, Married-civ-spouse, Craft-repair, Husband, White, Female,25,2,40, United-States, >50K
41, Self-emp-inc,170019, HS-grad,13, Married-civ-spouse, Craft-repair, Husband, Amer-Indian-Eskimo, Male,-23,-1,40, United-States, >50K
47, Private,108630, Bachelors,13, Divorced, Adm-clerical, Unmarried, White, Female,5,-1,40, United-States, <=50K
54, Private,117544, Bachelors,10, Never-married, Adm-clerical, Unmarried, White, Female,-15,-1,45, United-States, <=50K
43, Private,389715, Bachelors,13, Divorced, Exec-managerial, Not-in-family, White, Male,-3,0,57, United-States, >50K
21, Self-emp-not-inc,111051, HS-grad,14, Never-married, Prof-specialty, Not-in-family, White, Male,-25,1,40, United-States, <=50K
64, State-gov,252104, Some-college,10, Widowed, Adm-clerical, Other-relative, White, Male,-18,0,40, United-States, <=50K
30, Without-pay,287704, HS-grad,9, Married-civ-spouse, Protective-serv, Husband, White, Male,-30,-2,40, United-States, <=50K
43, Private,216686, Assoc-acdm,5, Never-married, Adm-clerical, Unmarried, White, Female,10,0,45, United-States, <=50K
39, Private,130359, 12th,4, Never-married, Tech-support, Not-in-family, Asian-Pac-Islander, Male,-32,1,17, ?, <=50K
49, Private,207650, Masters,13, Married-civ-spouse, Sales, Husband, White, Male,-16,0,50, United-States, >50K
56, Private,223224, Bachelors,13, Married-AF-spouse, Adm-clerical, Husband, White, Female,-30,2,46, United-States, <=50K
34, Private,229611, HS-grad,9, Married-civ-spouse, Craft-repair, Husband, Other, Male,-10,2,40, United-States, <=50K
65, Self-emp-not-inc,156013, HS-grad,13, Married-civ-spouse, Craft-repair, Husband, Other, Male,-21,-2,11, Mexico, <=50K
26, Private,463720, 10th,7, Never-married, Handlers-cleaners, Not-in-family, White, Male,-12,-1,40, United-States, <=50K
52, Private,138434, HS-grad,9, Married-civ-spouse, Machine-op-inspct, Husband, White, Male,11,1,40, United-States, <=50K
26, Private,259090, Some-college,10, Married-civ-spouse, Protective-serv, Own-child, White, Male,-42,0,46, United-States, <=50K
52, Private,189088, HS-grad,9, Married-civ-spouse, Craft-repair, Husband, Amer-Indian-Eskimo, Male,-7,-1,19, United-States, <=50K
40, Private,161871, 1st-4th,9, Never-married, Exec-managerial, Husband, White, Male,39,-1,40, United-States, <=50K
49, Local-gov,46744, Bachelors,10, Divorced, Prof-specialty, Not-in-family, Amer-Indian-Eskimo, Female,-49,1743,36, Cuba, <=50K
47, Local-gov,42854, Prof-school,5, Married-civ-spouse, Tech-support, Not-in-family, White, Male,37,0,40, United-States, >50K
43, Private,219911, HS-grad,16, Married-civ-spouse, Craft-repair, Husband, White, Male,-15,-1,40, United-States, >50K
39, Private,188228, Bachelors,9, Never-married, Farming-fishing, Not-in-family, White, Male,13,-1,40, United-States, <=50K
41, Private,258862, Bachelors,13, Married-civ-spouse, Machine-op-inspct, Husband, White, Male,-5,1,62, El-Salvador, >50K
25, Private,359127, 1st-4th,10, Married-spouse-absent, Machine-op-inspct, Not-in-family, White, Male,3,1,13, United-States, <=50K
50, Private,255385, HS-grad,9, Married-civ-spouse, Machine-op-inspct, Husband, Black, Male,-45,-1,40, United-States, <=50K
45, Private,297399, HS-grad,9, Married-civ-spouse, Protective-serv, Own-child, White, Male,-2,2,31, United-States, <=50K
52, Private,34438, HS-grad,9, Married-civ-spouse, Craft-repair, Wife, White, Male,4,0,40, ?, <=50K
26, ?,102823, HS-grad,8, Divorced, ?, Not-in-family, Asian-Pac-Islander, Male,-11,0,21, United-States, <=50K
46, Private,383599, Bachelors,13, Widowed, Adm-clerical, Unmarried, White, Female,7,-2,40, United-States, <=50K
44, Private,321694, 9th,7, Married-civ-spouse, Sales, Husband, Asian-Pac-Islander, Male,2,0,40, United-States, <=50K
25, Private,90330, Some-college,10, Married-spouse-absent, Adm-clerical, Own-child, White, Female,-34,-1,22, United-States, <=50K
33, Private,367703, 7th-8th,4, Married-civ-spouse, Protective-serv, Not-in-family, White, Male,25,1,40, United-States, <=50K
59, Private,266632, HS-grad,9, Married-spouse-absent, Machine-op-inspct, Husband, White, Male,1525,-1,40, United-States, <=50K
24, Self-emp-not-inc,200858, HS-grad,9, Married-civ-spouse, Craft-repair, Husband, White, Male,-46,2,40, United-States, <=50K
46, Private,210997, HS-grad,10, Divorced, Other-service, Own-child, White, Male,-33,1,73, Nicaragua, <=50K
45, Private,324276, 7th-8th,11, Married-civ-spouse, Adm-clerical, Husband, White, Male,-7,0,66, United-States, <=50K
64, Self-emp-not-inc,234633, HS-grad,9, Divorced, Adm-clerical, Unmarried, White, Female,-29,-1,50, United-States, <=50K
41, Private,248298, 10th,13, Married-civ-spouse, Sales, Not-in-family, White, Female,-37,0,62, United-States, >50K
22, Private,66891, Bachelors,13, Divorced, Adm-clerical, Wife, White, Male,31,1,45, United-States, >50K
18, Local-gov,392075, Assoc-voc,11, Married-civ-spouse, Protective-serv, Wife, Asian-Pac-Islander, Male,-3,-1,40, Haiti, >50K
23, Local-gov,164124, Some-college,13, Married-civ-spouse, Exec-managerial, Not-in-family, Asian-Pac-Islander, Male,7408,-1,44, United-States, >50K
48, Private,175528, Some-college,10, Married-civ-spouse, Sales, Husband, White, Male,-22,0,40, United-States, <=50K
36, Local-gov,34645, Bachelors,13, Married-civ-spouse, Prof-specialty, Wife, White, Female,-17,2,58, United-States, >50K
36, Self-emp-not-inc,356648, Bachelors,13, Divorced, Prof-specialty, Not-in-family, White, Male,6837,-1,45, United-States, <=50K
26, ?,115377, Assoc-acdm,7, Never-married, ?, Not-in-family, Black, Female,-14,2,31, United-States, <=50K
40, Self-emp-not-inc,265513, Masters,5, Married-civ-spouse, Sales, Husband, White, Male,-54,0,65, United-States, >50K
54, Private,193751, HS-grad,9, Divorced, Other-service, Husband, Amer-Indian-Eskimo, Male,-11,0,85, United-States, <=50K
37, Private,318787, Some-college,7, Married-spouse-absent, Exec-managerial, Wife, Black, Female,-16,-1,50, United-States, <=50K
24, Private,246681, HS-grad,9, Never-married, Handlers-cleaners, Husband, White, Male,-45,0,12, United-States, <=50K
18, Local-gov,114591, Bachelors,7, Married-civ-spouse, Farming-fishing, Not-in-family, White, Male,1,0,49, United-States, <=50K
54, Private,192000, Bachelors,13, Widowed, Adm-clerical, Other-relative, White, Female,-5,0,36, United-States, <=50K
26, Private,204592, Some-college,10, Married-civ-spouse, Transport-moving, Husband, White, Male,-72,0,49, United-States, <=50K
21, Self-emp-not-inc,238640, Some-college,11, Married-civ-spouse, Machine-op-inspct, Own-child, White, Male,-49,0,40, Mexico, <=50K
23, ?,26818, Bachelors,13, Never-married, Exec-managerial, Unmarried, White, Female,-11,0,10, United-States, <=50K
24, Private,27921, HS-grad,7, Widowed, Other-service, Unmarried, Black, Male,-37,-1,40, United-States, <=50K
42, Self-emp-not-inc,268399, 11th,8, Married-civ-spouse, Other-service, Wife, Asian-Pac-Islander, Male,25,-2,44, United-States, <=50K
20, Private,326921, Bachelors,7, Married-spouse-absent, Transport-moving, Own-child, White, Male,-47,2,12, United-States, <=50K
22, State-gov,40155, Bachelors,13, Divorced, Exec-managerial, Not-in-family, Asian-Pac-Islander, Female,-40,-2,62, United-States, >50K
47, State-gov,264367, Assoc-voc,10, Married-civ-spouse, Other-service, Not-in-family, White, Female,-26,1,31, Vietnam, <=50K
18, ?,42360, HS-grad,10, Never-married, Other-service, Own-child, White, Male,-42,1,14, United-States, <=50K
47, Self-emp-inc,508400, Masters,14, Married-civ-spouse, Adm-clerical, Own-child, White, Male,-13,0,50, Mexico, >50K
25, Private,247444, HS-grad,9, Married-civ-spouse, Machine-op-inspct, Husband, White, Male,-12,-1,40, United-States, <=50K
65, ?,193252, Some-college,10, Divorced, Other-service, Own-child, White, Male,-31,-1,21, United-States, <=50K
24, Self-emp-not-inc,239777, Assoc-voc,13, Never-married, Sales, Husband, White, Male,-26,0,40, Thailand, <=50K
44, Private,171101, Bachelors,13, Married-civ-spouse, Farming-fishing, Husband, White, Female,-28,0,44, United-States, >50K
57, Private,180426, Preschool,6, Never-married, Protective-serv, Own-child, White, Male,-13,1,45, United-States, <=50K
37, Private,30234, 1st-4th,13, Never-married, Craft-repair, Own-child, White, Male,2,1,40, United-States, <=50K
25, ?,195897, Some-college,8, Never-married, Handlers-cleaners, Not-in-family, White, Male,-60,0,24, United-States, <=50K
16, State-gov,390253, Bachelors,10, Never-married, Prof-specialty, Not-in-family, Other, Male,-5,1,21, United-States, <=50K
61, Self-emp-inc,191722, Masters,10, Married-civ-spouse, Transport-moving, Wife, White, Male,16,0,40, United-States, >50K
35, ?,90440, Some-college,13, Divorced, Other-service, Not-in-family, White, Male,-13,0,50, United-States, <=50K
52, State-gov,184441, 1st-4th,9, Married-civ-spouse, Craft-repair, Husband, White, Male,0,0,40, United-States, <=50K
41, Self-emp-not-inc,392252, Some-college,10, Married-civ-spouse, Craft-repair, Husband, White, Male,-46,-1,44, United-States, >50K
53, Private,339140, HS-grad,9, Married-civ-spouse, Protective-serv, Husband, Black, Male,30,-1,40, United-States, <=50K
60, Private,84017, HS-grad,9, Married-civ-spouse, Sales, Husband, White, Male,14,0,58, United-States, >50K
62, Private,236710, HS-grad,9, Married-civ-spouse, Craft-repair, Husband, White, Male,9,1,37, United-States, <=50K
46, Private,447148, Some-college,10, Never-married, ?, Own-child, White, Male,-6,0,21, United-States, <=50K
60, Private,248810, HS-grad,9, Never-married, Handlers-cleaners, Own-child, Other, Male,-17,-1,62, United-States, <=50K
39, Private,175507, 7th-8th,10, Never-married, Other-service, Own-child, Black, Male,-23,-1,23, United-States, <=50K
57, Federal-gov,191653, 7th-8th,14, Married-civ-spouse, Prof-specialty, Husband, White, Male,-32,1769,60, United-States, <=50K
42, Private,178887, 10th,13, Married-civ-spouse, Craft-repair, Not-in-family, White, Male,-20,1,40, United-States, <=50K
49, Self-emp-not-inc,28980, Masters,16, Married-civ-spouse, Craft-repair, Husband, Asian-Pac-Islander, Male,18,-2,44, United-States, >50K
43, Local-gov,281764, 7th-8th,13, Divorced, Prof-specialty, Wife, White, Female,-26,0,67, United-States, >50K
33, Private,176994, HS-grad,9, Separated, Adm-clerical, Unmarried, Black, Female,-2,-1,40, United-States, <=50K
35, Self-emp-not-inc,305054, 10th,7, Never-married, Other-service, Other-relative, White, Male,-10,1,44, United-States, <=50K
49, Private,201799, Bachelors,13, Divorced, Prof-specialty, Wife, White, Female,-11,0,66, United-States, >50K
23, Private,207221, Bachelors,13, Divorced, Exec-managerial, Wife, White, Male,-39,1,46, Ireland, <=50K
45, Private,95023, Some-college,13, Never-married, Sales, Not-in-family, Asian-Pac-Islander, Male,-56,1,50, United-States, <=50K
49, Private,97416, 5th-6th,13, Divorced, Priv-house-serv, Not-in-family, White, Female,3,0,40, United-States, <=50K
27, Private,170718, Bachelors,5, Married-AF-spouse, Adm-clerical, Unmarried, White, Female,3,1,16, United-States, <=50K
68, Private,181978, HS-grad,9, Separated, Craft-repair, Unmarried, White, Female,-8,1,40, United-States, <=50K
53, ?,250301, HS-grad,9, Never-married, Transport-moving, Other-relative, White, Male,1,-1,44, United-States, <=50K
43, Private,124198, HS-grad,6, Married-civ-spouse, Handlers-cleaners, Other-relative, White, Male,5,0,40, Haiti, <=50K
38, Private,341675, Masters,9, Married-civ-spouse, Tech-support, Husband, White, Male,-6,-1,57, United-States, <=50K
47, Federal-gov,112540, Bachelors,5, Never-married, Prof-specialty, Unmarried, Other, Female,3,-1,40, United-States, >50K
43, State-gov,200159, Bachelors,10, Married-civ-spouse, Prof-specialty, Not-in-family, White, Male,26,1,51, United-States, <=50K
32, Private,183627, 11th,13, Divorced, Tech-support, Not-in-family, White, Male,1,1,14, Columbia, <=50K
25, Self-emp-not-inc,269158, HS-grad,16, Married-civ-spouse, Craft-repair, Husband, White, Male,7,1,71, United-States, <=50K
21, Private,39697, Bachelors,9, Never-married, Craft-repair, Own-child, Asian-Pac-Islander, Male,-34,0,23, United-States, <=50K
43, Private,92626, Bachelors,7, Divorced, Prof-specialty, Unmarried, White, Female,-40,-1,9, Taiwan, <=50K
30, Federal-gov,133631, HS-grad,13, Divorced, Adm-clerical, Unmarried, White, Female,-40,-1,77, United-States, <=50K
43, Private,353161, HS-grad,8, Married-civ-spouse, Craft-repair, Husband, Asian-Pac-Islander, Male,17,-2,50, United-States, <=50K
43, Private,88702, Bachelors,7, Never-married, Sales, Unmarried, Other, Female,7267,-2,49, United-States, <=50K
41, Private,200552, 10th,9, Married-spouse-absent, Other-service, Unmarried, White, Female,-3,-1,40, United-States, <=50K
58, Private,329447, Bachelors,11, Married-civ-spouse, Prof-specialty, Husband, White, Male,30,0,40, United-States, >50K
44, Private,287242, HS-grad,9, Divorced, Other-service, Unmarried, White, Female,6,1,40, United-States, <=50K
38, Private,127170, Bachelors,13, Never-married, Prof-specialty, Wife, White, Female,-12,-2,74, Greece, >50K
46, Local-gov,94424, HS-grad,14, Married-civ-spouse, Machine-op-inspct, Husband, White, Male,-34,-1,59, United-States, <=50K
56, Self-emp-inc,195629, Masters,5, Married-civ-spouse, Machine-op-inspct, Husband, White, Male,20,0,45, United-States, >50K
46, Private,89384, Prof-school,14, Married-civ-spouse, Prof-specialty, Husband, White, Male,14255,-1,45, United-States, >50K
46, Private,325707, Bachelors,5, Divorced, Sales, Not-in-family, White, Male,-39,0,40, Ecuador, >50K
31, Private,254765, HS-grad,9, Married-civ-spouse, Craft-repair, Husband, Asian-Pac-Islander, Male,-20,3,40, United-States, <=50K
45, Self-emp-inc,46088, Bachelors,13, Married-civ-spouse, Exec-managerial, Not-in-family, White, Female,1,0,60, United-States, >50K
49, Self-emp-not-inc,193852, Assoc-voc,8, Married-civ-spouse, Craft-repair, Husband, White, Male,-2,-1,40, United-States, <=50K
24, Without-pay,107960, Some-college,9, Married-civ-spouse, Craft-repair, Own-child, White, Male,7,0,40, United-States, <=50K
43, Private,268582, Some-college,10, Married-civ-spouse, Transport-moving, Own-child, White, Male,-16,-1,11, United-States, <=50K
22, Private,345350, 11th,10, Never-married, Handlers-cleaners, Own-child, White, Male,-20,2,40, United-States, <=50K
49, State-gov,38375, Masters,11, Married-civ-spouse, Prof-specialty, Husband, White, Female,8,0,44, United-States, >50K
42, ?,120692, Bachelors,9, Married-spouse-absent, Exec-managerial, Unmarried, Other, Female,3740,0,92, United-States, <=50K
24, Private,230156, HS-grad,7, Never-married, ?, Own-child, White, Male,18,1,13, United-States, <=50K
48, Self-emp-not-inc,267444, Prof-school,13, Married-civ-spouse, Adm-clerical, Wife, White, Female,22,2,40, United-States, <=50K
46, Local-gov,46518, Bachelors,13, Separated, Other-service, Unmarried, White, Female,13,0,37, United-States, <=50K
41, Private,136172, Bachelors,13, Divorced, Exec-managerial, Not-in-family, Other, Female,-64,1,50, Philippines, <=50K
27, Local-gov,187857, Prof-school,16, Never-married, Farming-fishing, Not-in-family, Asian-Pac-Islander, Female,-24,1,45, United-States, <=50K
42, Private,282505, Bachelors,13, Divorced, Exec-managerial, Not-in-family, White, Female,6,-1,40, United-States, <=50K
39, Self-emp-inc,325591, 7th-8th,13, Married-civ-spouse, Prof-specialty, Husband, White, Male,-21,0,45, United-States, >50K
56, ?,309451, HS-grad,13, Divorced, ?, Own-child, Amer-Indian-Eskimo, Male,-43,-1,45, United-States, <=50K
62, Local-gov,128221, Bachelors,13, Divorced, Prof-specialty, Not-in-family, White, Female,2892,0,40, United-States, <=50K
21, ?,258972, Assoc-voc,7, Divorced, ?, Other-relative, White, Female,-16,0,64, United-States, <=50K
23, Private,136219, Some-college,13, Never-married, ?, Not-in-family, White, Male,-7,1,13, United-States, <=50K
35, Private,112477, Some-college,5, Married-spouse-absent, Adm-clerical, Unmarried, White, Male,-56,0,16, United-States, <=50K
44, Private,34609, HS-grad,9, Married-civ-spouse, Craft-repair, Husband, White, Male,2,0,46, United-States, <=50K
39, State-gov,662467, Bachelors,13, Divorced, Prof-specialty, Unmarried, White, Female,-12,-2,8, United-States, >50K
49, Private,113086, Bachelors,11, Never-married, Prof-specialty, Not-in-family, White, Male,-8,0,40, Columbia, <=50K
42, Private,304088, Bachelors,9, Never-married, ?, Own-child, Black, Male,-37,0,21, United-States, <=50K
22, Private,120228, Bachelors,7, Married-civ-spouse, Exec-managerial, Not-in-family, White, Female,1,2,46, United-States, >50K
40, Private,231479, HS-grad,9, Married-civ-spouse, Exec-managerial, Husband, White, Male,-57,1,67, United-States, <=50K
22, State-gov,333665, 10th,6, Never-married, Other-service, Own-child, White, Male,-4,0,25, United-States, <=50K
55, Self-emp-not-inc,277619, HS-grad,9, Married-civ-spouse, Machine-op-inspct, Husband, White, Male,-27,0,40, United-States, <=50K
41, Private,117070, Masters,14, Married-civ-spouse, Craft-repair, Husband, White, Male,-23,-1,50, United-States, >50K
23, ?,257304, Bachelors,13, Divorced, Farming-fishing, Not-in-family, White, Female,-1,0,50, United-States, <=50K
26, Private,51608, Some-college,10, Separated, Adm-clerical, Not-in-family, White, Male,14,0,40, United-States, <=50K
28, Private,185779, Bachelors,9, Married-civ-spouse, Craft-repair, Not-in-family, Other, Male,-46,-1,46, United-States, <=50K
37, Private,28646, HS-grad,6, Married-civ-spouse, Transport-moving, Not-in-family, Amer-Indian-Eskimo, Male,-28,-1,40, United-States, <=50K
24, ?,207694, Some-college,10, Married-civ-spouse, Other-service, Wife, White, Male,20,0,50, United-States, <=50K
60, Private,234952, HS-grad,9, Married-civ-spouse, Craft-repair, Husband, White, Male,-15,0,66, United-States, >50K
22, State-gov,41255, 11th,4, Never-married, ?, Not-in-family, White, Male,-34,0,16, United-States, <=50K
22, Private,116911, Assoc-voc,10, Never-married, Exec-managerial, Not-in-family, White, Female,-1,1,40, Dominican-Republic, <=50K
44, Local-gov,95095, HS-grad,9, Married-civ-spouse, Machine-op-inspct, Husband, White, Female,12,-1,40, United-States, <=50K
43, Private,228302, Bachelors,11, Married-civ-spouse, Exec-managerial, Wife, White, Female,-64,0,60, Hong, <=50K
22, Private,37768, Bachelors,13, Divorced, Prof-specialty, Not-in-family, Amer-Indian-Eskimo, Male,40,0,49, United-States, >50K
46, Private,209920, Bachelors,13, Never-married, ?, Not-in-family, White, Female,-55,-1,6, United-States, <=50K
25, State-gov,184355, 9th,13, Never-married, Prof-specialty, Not-in-family, White, Female,-11,-1,64, United-States, <=50K
18, Private,355958, Some-college,10, Never-married, Prof-specialty, Own-child, Other, Male,-28,1,45, United-States, <=50K
45, Self-emp-not-inc,264842, 9th,4, Married-civ-spouse, Sales, Husband, White, Male,-17,0,58, United-States, <=50K
19, ?,42335, HS-grad,5, Separated, Adm-clerical, Not-in-family, Black, Female,-15,1,18, United-States, <=50K
43, Private,232030, Bachelors,7, Never-married, Handlers-cleaners, Own-child, White, Male,32,0,40, England, <=50K
25, Private,337035, HS-grad,9, Married-civ-spouse, Craft-repair, Husband, White, Male,-38,-2,40, United-States, <=50K
41, Private,349022, HS-grad,9, Married-civ-spouse, Farming-fishing, Husband, White, Male,-52,-1,40, United-States, <=50K
46, State-gov,216503, Bachelors,13, Married-civ-spouse, Transport-moving, Not-in-family, White, Male,-3,1,45, United-States, <=50K
48, Local-gov,199110, HS-grad,9, Married-civ-spouse, Priv-house-serv, Husband, White, Male,-16,1,40, United-States, <=50K
19, ?,86599, Some-college,7, Never-married, ?, Own-child, White, Male,-30,0,14, United-States, <=50K
29, ?,107493, Some-college,13, Widowed, Adm-clerical, Not-in-family, White, Female,-12,0,50, United-States, <=50K
40, Local-gov,334157, 11th,9, Married-spouse-absent, Handlers-cleaners, Wife, Amer-Indian-Eskimo, Male,-38,0,58, ?, <=50K
43, ?,44863, 11th,10, Married-civ-spouse, Adm-clerical, Husband, White, Male,-5,1,40, Philippines, <=50K
31, Private,183014, Masters,10, Married-civ-spouse, Exec-managerial, Not-in-family, Asian-Pac-Islander, Male,-32,0,40, ?, <=50K
39, Private,115550, HS-grad,9, Married-civ-spouse, Other-service, Husband, White, Male,-28,1,40, United-States, <=50K
24, Self-emp-inc,289101, HS-grad,9, Divorced, Adm-clerical, Unmarried, Black, Male,-18,0,40, United-States, <=50K
33, Private,196205, HS-grad,9, Married-civ-spouse, Craft-repair, Husband, White, Male,-51,-1,61, Puerto-Rico, <=50K
50, Private,302162, HS-grad,9, Married-civ-spouse, Priv-house-serv, Husband, Amer-Indian-Eskimo, Male,-30,0,40, United-States, <=50K
36, Federal-gov,268955, 5th-6th,9, Married-civ-spouse, Prof-specialty, Husband, White, Male,13,-1,44, Columbia, <=50K
47, Private,509293, 10th,5, Never-married, Farming-fishing, Not-in-family, White, Male,0,-1,40, United-States, <=50K
24, Local-gov,224657, Bachelors,7, Married-civ-spouse, Prof-specialty, Husband, White, Male,8,0,40, United-States, <=50K
47, Private,263334, Assoc-voc,13, Married-civ-spouse, Sales, Husband, White, Female,5,1,49, England, <=50K
64, State-gov,147142, HS-grad,6, Divorced, Adm-clerical, Unmarried, White, Female,-46,-1,45, United-States, <=50K
42, Private,115147, HS-grad,7, Divorced, Adm-clerical, Other-relative, White, Female,-9,2,43, Columbia, <=50K
50, Private,151695, Bachelors,13, Widowed, Adm-clerical, Unmarried, Black, Female,-37,0,40, United-States, >50K
45, Private,186874, Bachelors,13, Divorced, Farming-fishing, Not-in-family, White, Female,-23,0,30, United-States, <=50K
21, Private,44025, Bachelors,14, Separated, Other-service, Husband, White, Male,-30,0,50, Outlying-US(Guam-USVI-etc), <=50K
31, ?,200460, Some-college,9, Divorced, ?, Own-child, White, Female,-48,-1,70, India, <=50K
30, Private,147312, Some-college,13, Never-married, Adm-clerical, Not-in-family, Black, Female,-8,-1,36, United-States, <=50K
54, ?,281381, Some-college,10, Never-married, Exec-managerial, Own-child, White, Male,-16,1,31, United-States, <=50K
61, ?,104915, Bachelors,13, Divorced, Prof-specialty, Not-in-family, White, Female,4,1943,40, United-States, <=50K
45, Private,260315, 9th,7, Widowed, Other-service, Not-in-family, White, Male,-39,2,13, ?, <=50K
18, Private,232701, Some-college,5, Never-married, Sales, Own-child, White, Male,-44,0,68, United-States, <=50K
45, Private,334618, Some-college,7, Never-married, Exec-managerial, Own-child, Black, Male,6,-1,13, China, <=50K
46, ?,93251, HS-grad,9, Divorced, Adm-clerical, Unmarried, White, Female,-8,0,40, United-States, <=50K
46, Private,137579, Bachelors,6, Divorced, Adm-clerical, Not-in-family, Amer-Indian-Eskimo, Female,-16,0,49, United-States, <=50K
48, Private,253776, Some-college,4, Married-civ-spouse, ?, Husband, White, Male,-16,-1,50, United-States, <=50K
49, Self-emp-not-inc,44925, HS-grad,9, Married-civ-spouse, Craft-repair, Husband, White, Male,-17,0,40, United-States, <=50K
24, ?,54103, HS-grad,6, Never-married, Transport-moving, Not-in-family, White, Female,-3,1,40, El-Salvador, <=50K
44, Private,257811, 10th,10, Never-married, Adm-clerical, Not-in-family, White, Male,-14,-1,40, United-States, <=50K
52, Private,40897, 11th,4, Never-married, Sales, Own-child, White, Male,-50,-2,12, United-States, <=50K
27, Private,279441, Bachelors,10, Divorced, Tech-support, Not-in-family, White, Male,-25,1,46, United-States, <=50K
24, Self-emp-not-inc,32902, HS-grad,7, Married-civ-spouse, Sales, Husband, White, Male,-57,1894,50, United-States, <=50K
27, Private,357132, 11th,7, Never-married, Tech-support, Own-child, Black, Female,1,1,31, United-States, <=50K
31, Private,233638, HS-grad,9, Widowed, Adm-clerical, Husband, Asian-Pac-Islander, Male,-28,-2,40, India, <=50K
46, Private,277897, Masters,10, Married-civ-spouse, Craft-repair, Husband, White, Male,-21,1,51, United-States, <=50K
42, Local-gov,273906, HS-grad,9, Married-spouse-absent, Handlers-cleaners, Other-relative, White, Female,-71,1,40, Mexico, <=50K
36, Federal-gov,264910, Some-college,13, Married-civ-spouse, Craft-repair, Not-in-family, White, Female,-16,1,40, United-States, >50K
23, ?,408766, Assoc-acdm,7, Divorced, ?, Own-child, Other, Male,-9,0,31, United-States, <=50K
18, State-gov,166634, 10th,5, Separated, Protective-serv, Own-child, White, Male,-36,2,45, United-States, <=50K
50, State-gov,188309, HS-grad,9, Married-civ-spouse, Transport-moving, Husband, White, Male,-33,-1,45, United-States, <=50K
49, Private,389491, Some-college,13, Married-civ-spouse, Protective-serv, Husband, White, Male,-9,0,40, United-States, <=50K
45, Federal-gov,105651, Assoc-voc,5, Married-civ-spouse, Prof-specialty, Wife, Black, Female,3,0,75, United-States, >50K
45, Private,116564, Bachelors,13, Divorced, Adm-clerical, Unmarried, White, Female,21,-1,40, United-States, <=50K
42, Private,110572, Bachelors,5, Married-civ-spouse, Protective-serv, Husband, White, Female,-9,0,24, Hong, <=50K
39, Local-gov,214493, Prof-school,13, Married-civ-spouse, Craft-repair, Not-in-family, White, Male,-4,0,40, United-States, >50K
26, Private,307245, 10th,9, Never-married, Craft-repair, Other-relative, White, Male,18,1,40, United-States, <=50K
29, Self-emp-not-inc,333981, HS-grad,4, Separated, Machine-op-inspct, Not-in-family, White, Female,-40,-2,75, United-States, <=50K
25, Private,242071, 5th-6th,4, Never-married, Craft-repair, Own-child, White, Male,-8,-1,40, Philippines, <=50K
18, Private,415079, 10th,9, Never-married, Craft-repair, Not-in-family, Black, Male,-26,-2,39, United-States, <=50K
43, Private,121839, HS-grad,9, Married-civ-spouse, Adm-clerical, Husband, White, Female,-1,0,40, United-States, >50K
71, Private,247821, Masters,9, Married-civ-spouse, Transport-moving, Husband, White, Male,-5,0,73, United-States, >50K
54, Private,136852, HS-grad,9, Married-civ-spouse, Craft-repair, Husband, White, Male,-54,1,45, United-States, <=50K
19, Private,193493, Some-college,5, Never-married, Other-service, Not-in-family, White, Male,-22,0,30, United-States, <=50K
46, State-gov,106230, Assoc-voc,14, Married-civ-spouse, Farming-fishing, Wife, Asian-Pac-Islander, Female,-46,1,36, United-States, >50K
45, Private,181639, Masters,10, Married-civ-spouse, Machine-op-inspct, Not-in-family, White, Male,14178,1,50, United-States, <=50K
43, ?,296544, Some-college,8, Never-married, Prof-specialty, Not-in-family, White, Male,-26,2,21, United-States, <=50K
64, Self-emp-not-inc,199904, 12th,9, Divorced, Handlers-cleaners, Not-in-family, Black, Female,38,1,50, United-States, <=50K
42, State-gov,119550, HS-grad,13, Married-civ-spouse, Adm-clerical, Husband, White, Female,31,1,45, United-States, <=50K
46, Private,113195, Some-college,6, Divorced, Adm-clerical, Unmarried, White, Female,-49,2,40, United-States, <=50K
28, Private,98804, 12th,13, Never-married, Sales, Not-in-family, Amer-Indian-Eskimo, Female,-38,-1,36, United-States, <=50K
57, ?,381905, Assoc-voc,13, Married-civ-spouse, ?, Husband, Black, Female,-1,-1,35, Germany, <=50K
51, Private,31052, 1st-4th,4, Divorced, Other-service, Unmarried, Black, Female,4,0,40, United-States, <=50K
38, Local-gov,292779, Prof-school,14, Married-civ-spouse, Prof-specialty, Husband, White, Male,14684,1,40, United-States, >50K
60, ?,330406, 11th,4, Never-married, ?, Own-child, White, Male,-36,0,30, United-States, <=50K
52, Federal-gov,51631, HS-grad,9, Married-civ-spouse, Handlers-cleaners, Unmarried, Black, Male,-13,0,40, United-States, <=50K
42, Federal-gov,112692, Bachelors,9, Separated, Farming-fishing, Wife, Black, Male,-21,1,49, Mexico, <=50K
38, Private,186764, Prof-school,5, Married-civ-spouse, Craft-repair, Wife, White, Female,0,-2,45, United-States, >50K
28, Private,38384, 7th-8th,9, Married-civ-spouse, Craft-repair, Husband, White, Female,-39,0,44, United-States, <=50K
47, Private,102219, Some-college,10, Never-married, ?, Own-child, White, Male,-22,0,68, United-States, <=50K
26, Self-emp-inc,31446, Bachelors,16, Married-civ-spouse, Prof-specialty, Wife, White, Female,2,-1,50, United-States, >50K
42, Local-gov,337990, Masters,9, Married-civ-spouse, Protective-serv, Husband, White, Male,-27,-2,40, United-States, <=50K
38, Private,243869, Bachelors,13, Married-civ-spouse, Exec-managerial, Wife, Asian-Pac-Islander, Female,5,-1,40, United-States, >50K
21, Private,282335, HS-grad,9, Married-civ-spouse, Craft-repair, Own-child, White, Male,-43,-2,40, United-States, <=50K
56, State-gov,236369, HS-grad,13, Married-civ-spouse, Adm-clerical, Own-child, White, Female,-1,1,58, United-States, <=50K
43, Private,252455, HS-grad,9, Married-civ-spouse, Craft-repair, Husband, White, Male,-2,-1,40, United-States, <=50K
24, Private,151469, Some-college,10, Never-married, Handlers-cleaners, Not-in-family, White, Male,2,0,45, United-States, <=50K
24, Private,88530, 12th,5, Never-married, Other-service, Own-child, Asian-Pac-Islander, Male,-9,-1,24, Guatemala, <=50K
37, Federal-gov,220808, HS-grad,9, Never-married, Adm-clerical, Unmarried, White, Male,-36,1,30, United-States, <=50K
44, Self-emp-not-inc,292750, HS-grad,9, Married-civ-spouse, Machine-op-inspct, Husband, White, Male,-8,-1,46, United-States, <=50K
26, Self-emp-inc,157166, Doctorate,6, Married-civ-spouse, Exec-managerial, Husband, White, Male,7592,-1,56, United-States, <=50K
40, Private,121108, Masters,6, Married-civ-spouse, Tech-support, Own-child, White, Male,-14,1,40, Greece, <=50K
19, Local-gov,39671, 10th,9, Never-married, Farming-fishing, Not-in-family, White, Male,-47,2,40, United-States, <=50K
54, Self-emp-inc,85759, Assoc-acdm,9, Married-civ-spouse, Exec-managerial, Husband, White, Male,-21,1,66, United-States, >50K
65, Self-emp-not-inc,174428, HS-grad,9, Married-civ-spouse, Craft-repair, Other-relative, White, Male,1,2,40, United-States, <=50K
48, Private,160838, HS-grad,9, Married-civ-spouse, Craft-repair, Husband, White, Male,-35,-1,40, United-States, <=50K
22, Private,140998, Assoc-acdm,9, Divorced, Sales, Unmarried, White, Male,-48,1,40, United-States, <=50K
37, Private,202266, HS-grad,9, Never-married, Protective-serv, Husband, White, Male,-22,0,36, Mexico, <=50K
17, Private,216842, 9th,5, Never-married, Other-service, Other-relative, White, Male,-39,0,40, Philippines, <=50K
47, Private,236851, Some-college,10, Widowed, ?, Own-child, White, Male,12,0,36, United-States, <=50K
43, Local-gov,108150, Bachelors,13, Married-spouse-absent, Adm-clerical, Not-in-family, Asian-Pac-Islander, Female,-12,0,40, France, <=50K
44, State-gov,30454, 1st-4th,6, Never-married, Prof-specialty, Own-child, White, Male,2464,1,40, United-States, <=50K
63, Self-emp-inc,96403, Assoc-voc,11, Married-civ-spouse, Prof-specialty, Wife, White, Male,-36,1,59, United-States, >50K
52, Self-emp-inc,33433, Assoc-acdm,9, Married-civ-spouse, Craft-repair, Husband, White, Male,-14,1,45, United-States, <=50K
41, Self-emp-not-inc,422563, Masters,16, Married-civ-spouse, Machine-op-inspct, Husband, White, Male,3977,-1,57, United-States, >50K
58, State-gov,122929, Some-college,10, Married-civ-spouse, Craft-repair, Husband, White, Male,-13,-1,50, United-States, <=50K
31, Self-emp-inc,170467, Masters,16, Married-civ-spouse, ?, Husband, White, Male,18,1,68, United-States, >50K
44, Private,196940, Bachelors,13, Married-civ-spouse, Prof-specialty, Not-in-family, Asian-Pac-Islander, Female,20,0,74, United-States, >50K
51, Private,83101, Some-college,7, Married-civ-spouse, Machine-op-inspct, Own-child, White, Male,-23,-1,27, United-States, <=50K
22, Self-emp-not-inc,128482, Bachelors,13, Never-married, ?, Unmarried, White, Female,4,-3,11, United-States, <=50K
45, Private,39397, Assoc-voc,13, Never-married, Prof-specialty, Not-in-family, White, Female,-15,0,11, Outlying-US(Guam-USVI-etc), >50K
69, Private,182358, Some-college,10, Widowed, Adm-clerical, Not-in-family, White, Male,15,1,31, United-States, <=50K
44, Local-gov,360669, Bachelors,13, Divorced, Exec-managerial, Not-in-family, Amer-Indian-Eskimo, Female,-10,1,40, United-States, >50K
50, Private,44348, Bachelors,13, Divorced, Prof-specialty, Not-in-family, White, Female,-44,0,40, Columbia, <=50K
49, Federal-gov,228155, HS-grad,9, Married-civ-spouse, Adm-clerical, Husband, White, Male,-41,0,40, United-States, <=50K
40, Private,177934, HS-grad,9, Married-civ-spouse, Adm-clerical, Husband, Asian-Pac-Islander, Male,-45,0,40, United-States, >50K
27, Private,118855, Bachelors,13, Never-married, Other-service, Not-in-family, Other, Male,0,1,40, United-States, <=50K
23, Self-emp-not-inc,235927, Assoc-acdm,5, Married-civ-spouse, Craft-repair, Other-relative, White, Male,-9,-1,40, United-States, <=50K
46, Private,153983, Some-college,6, Never-married, Prof-specialty, Unmarried, White, Female,-29,-1,40, United-States, <=50K
23, Private,127951, HS-grad,9, Married-civ-spouse, Craft-repair, Husband, White, Male,-16,0,40, United-States, <=50K
46, Local-gov,252632, HS-grad,9, Married-civ-spouse, Craft-repair, Husband, White, Male,9,0,40, United-States, >50K
38, Private,284051, Some-college,10, Married-civ-spouse, Sales, Own-child, White, Female,-6,-3,40, Scotland, <=50K
23, Private,389692, Bachelors,13, Never-married, Prof-specialty, Not-in-family, White, Male,-16,-1,24, United-States, >50K
19, Private,98070, HS-grad,9, Separated, Other-service, Unmarried, Other, Male,-19,1,40, Guatemala, <=50K
43, Private,135854, 11th,6, Never-married, Sales, Not-in-family, White, Female,-15,-1,36, Puerto-Rico, <=50K
48, Local-gov,106831, Masters,13, Never-married, Exec-managerial, Not-in-family, White, Male,2785,0,67, United-States, <=50K
20, Self-emp-not-inc,267264, Bachelors,6, Married-civ-spouse, Craft-repair, Wife, White, Male,19,0,57, United-States, >50K
43, Self-emp-not-inc,92499, Bachelors,14, Married-civ-spouse, Adm-clerical, Husband, Black, Male,-11,0,46, United-States, <=50K
38, Private,184581, Bachelors,13, Married-civ-spouse, Adm-clerical, Husband, White, Female,4,1,44, El-Salvador, >50K
26, Local-gov,306843, 7th-8th,13, Never-married, Protective-serv, Own-child, White, Male,-6,0,40, Mexico, <=50K
34, Private,258947, Some-college,7, Divorced, Adm-clerical, Unmarried, White, Female,-9,1,45, Cuba, <=50K
22, ?,369020, 9th,5, Never-married, Priv-house-serv, Unmarried, White, Male,-5,-1,89, United-States, <=50K
41, Private,27955, Masters,13, Married-civ-spouse, Prof-specialty, Wife, White, Female,-11,0,45, United-States, >50K
60, Private,181351, HS-grad,5, Separated, Farming-fishing, Husband, Amer-Indian-Eskimo, Male,-42,0,40, United-States, <=50K
25, ?,303274, 5th-6th,10, Never-married, Prof-specialty, Not-in-family, White, Male,3,2,44, United-States, <=50K
47, Private,118831, Prof-school,9, Married-civ-spouse, Farming-fishing, Husband, White, Female,7,1,50, United-States, <=50K
37, Self-emp-not-inc,182747, Bachelors,7, Never-married, Craft-repair, Not-in-family, White, Male,-41,0,40, United-States, <=50K
43, Self-emp-not-inc,162247, HS-grad,9, Married-civ-spouse, Machine-op-inspct, Husband, Black, Male,-18,0,40, United-States, <=50K
64, Private,148830, 5th-6th,9, Married-civ-spouse, Craft-repair, Husband, White, Male,14,2076,75, United-States, <=50K
28, Private,155616, Bachelors,9, Separated, Other-service, Unmarried, Black, Male,2,0,45, United-States, <=50K
23, Federal-gov,67688, HS-grad,4, Never-married, Adm-clerical, Unmarried, White, Male,-23,0,44, United-States, <=50K
26, Private,211878, 10th,10, Married-spouse-absent, Exec-managerial, Own-child, White, Male,-43,0,36, United-States, <=50K
18, Private,101861, 11th,4, Separated, Other-service, Unmarried, White, Male,0,0,40, United-States, <=50K
22, Private,99339, 10th,7, Never-married, ?, Own-child, White, Male,-12,1,40, United-States, <=50K
48, Private,38889, Bachelors,13, Married-civ-spouse, Exec-managerial, Wife, White, Male,-18,-2,49, United-States, >50K
18, Private,247468, HS-grad,9, Never-married, Transport-moving, Husband, White, Male,-46,0,40, United-States, <=50K
56, Private,91263, HS-grad,9, Married-civ-spouse, Sales, Not-in-family, White, Male,2,0,40, United-States, <=50K
43, Private,109481, Bachelors,13, Divorced, Prof-specialty, Not-in-family, White, Female,-17,-1,11, United-States, >50K
37, Self-emp-not-inc,86365, HS-grad,9, Married-civ-spouse, Sales, Husband, White, Male,-29,2,44, United-States, <=50K
21, Self-emp-not-inc,197653, Bachelors,11, Never-married, Prof-specialty, Other-relative, White, Male,5,1,40, United-States, <=50K
28, Private,188246, Some-college,7, Widowed, Sales, Not-in-family, White, Male,9,-1,31, United-States, <=50K
57, Private,309387, HS-grad,9, Married-civ-spouse, Machine-op-inspct, Husband, White, Male,-9,1,40, United-States, <=50K
19, Private,112929, Some-college,10, Never-married, ?, Own-child, White, Male,8,0,21, United-States, <=50K
43, Private,210836, 5th-6th,16, Married-civ-spouse, Farming-fishing, Not-in-family, White, Female,-44,1,40, United-States, <=50K
48, State-gov,205955, 9th,13, Divorced, Adm-clerical, Unmarried, Black, Female,-11,-1,36, United-States, >50K
35, Self-emp-inc,411390, Assoc-voc,14, Married-civ-spouse, Exec-managerial, Husband, Asian-Pac-Islander, Male,-15,1800,45, United-States, >50K
58, Self-emp-inc,332053, 7th-8th,13, Married-civ-spouse, Exec-managerial, Husband, White, Male,3015,1,40, United-States, >50K
47, Local-gov,166030, Bachelors,13, Never-married, Prof-specialty, Not-in-family, Black, Female,10,0,40, United-States, <=50K
33, State-gov,243041, Bachelors,10, Never-married, Exec-managerial, Husband, White, Male,-50,1,40, Mexico, <=50K
30, Private,131820, HS-grad,7, Married-civ-spouse, Handlers-cleaners, Not-in-family, White, Male,-35,-2,40, United-States, <=50K
24, Private,188857, Some-college,7, Divorced, Adm-clerical, Own-child, White, Female,-21,1,16, United-States, <=50K
54, Private,86218, Some-college,16, Married-civ-spouse, Prof-specialty, Husband, White, Female,-3,0,40, Germany, <=50K
43, Private,241160, Bachelors,13, Never-married, Handlers-cleaners, Not-in-family, Black, Male,-46,0,40, United-States, <=50K
44, Private,233319, HS-grad,9, Married-civ-spouse, Craft-repair, Husband, White, Male,-31,1873,40, United-States, <=50K
42, Local-gov,211916, 10th,13, Divorced, Exec-managerial, Not-in-family, White, Male,-15,1,40, United-States, <=50K
22, Self-emp-not-inc,373341, 5th-6th,10, Never-married, Handlers-cleaners, Husband, White, Male,-50,1,40, United-States, <=50K
52, Private,225546, HS-grad,9, Married-spouse-absent, Farming-fishing, Unmarried, White, Male,30,0,40, United-States, <=50K
40, Private,320495, 11th,6, Married-spouse-absent, Exec-managerial, Not-in-family, White, Female,1,1,9, United-States, <=50K
53, Private,262825, Doctorate,7, Married-civ-spouse, Sales, Husband, White, Male,-2,-2,49, Philippines, <=50K
23, Private,301087, Bachelors,9, Separated, Adm-clerical, Unmarried, White, Female,-45,0,10, United-States, <=50K
46, Private,69049, 10th,13, Divorced, Other-service, Not-in-family, White, Female,2,-1,36, United-States, <=50K
55, Private,193072, Some-college,13, Never-married, Sales, Not-in-family, White, Male,-18,0,12, Hungary, <=50K
47, Private,177993, Some-college,5, Separated, Adm-clerical, Unmarried, White, Female,-23,-1,40, United-States, <=50K
45, ?,35522, Bachelors,13, Divorced, Prof-specialty, Not-in-family, White, Female,-36,2,40, United-States, <=50K
50, Federal-gov,209877, HS-grad,7, Married-civ-spouse, Transport-moving, Husband, White, Male,-35,2,43, Vietnam, <=50K
49, Private,241091, HS-grad,10, Married-civ-spouse, Sales, Husband, White, Male,-15,0,40, United-States, <=50K
22, Private,129441, Some-college,13, Married-spouse-absent, Craft-repair, Not-in-family, White, Male,-33,-1,45, United-States, >50K
27, ?,184679, HS-grad,9, Divorced, Adm-clerical, Unmarried, White, Female,-26,2,40, United-States, <=50K
45, Self-emp-not-inc,144797, Bachelors,4, Married-civ-spouse, Machine-op-inspct, Husband, White, Female,-14,-1,56, United-States, >50K
23, Private,331173, 7th-8th,10, Married-civ-spouse, Priv-house-serv, Own-child, White, Male,18,0,63, United-States, <=50K
39, Private,181296, HS-grad,9, Married-civ-spouse, Transport-moving, Husband, White, Male,48,-2,40, United-States, >50K
37, Local-gov,299142, Bachelors,13, Divorced, Prof-specialty, Not-in-family, White, Female,7,0,35, United-States, >50K
18, ?,309365, Assoc-voc,3, Never-married, ?, Own-child, White, Male,0,1,35, United-States, <=50K
67, Private,36802, 10th,4, Separated, Other-service, Other-relative, White, Male,0,0,40, United-States, <=50K
26, ?,42975, Some-college,7, Widowed, Prof-specialty, Own-child, White, Female,-13,0,26, United-States, <=50K
21, Private,177239, 12th,5, Never-married, Handlers-cleaners, Own-child, Other, Male,9,1,30, United-States, <=50K
37, Private,161220, HS-grad,13, Divorced, Craft-repair, Unmarried, Black, Male,9,-1,40, United-States, <=50K
20, Private,222081, Some-college,9, Never-married, Craft-repair, Unmarried, Black, Male,4,0,40, United-States, <=50K
44, Self-emp-not-inc,198221, HS-grad,15, Separated, Adm-clerical, Unmarried, Black, Female,-3,-1,40, United-States, <=50K
26, Private,290850, Some-college,16, Never-married, Craft-repair, Husband, Asian-Pac-Islander, Male,-17,0,9, Japan, <=50K
51, Self-emp-not-inc,163643, Assoc-acdm,10, Married-civ-spouse, Transport-moving, Wife, White, Male,0,0,40, United-States, <=50K
50, Private,362292, HS-grad,9, Married-civ-spouse, Craft-repair, Husband, White, Male,-33,-1,43, United-States, <=50K
49, Local-gov,158013, HS-grad,9, Married-civ-spouse, Craft-repair, Husband, White, Male,-7,0,40, United-States, <=50K
29, State-gov,328988, Some-college,9, Married-civ-spouse, Sales, Husband, White, Male,-1,-1,40, United-States, <=50K
61, Self-emp-not-inc,113554, HS-grad,9, Married-civ-spouse, Machine-op-inspct, Husband, White, Female,-10,3,40, United-States, <=50K
50, Self-emp-inc,193038, Assoc-acdm,13, Married-civ-spouse, Prof-specialty, Wife, White, Female,-41,-2,50, United-States, >50K
42, Federal-gov,337994, Some-college,10, Divorced, Prof-specialty, Own-child, Asian-Pac-Islander, Male,-36,-2,64, United-States, >50K
39, Self-emp-not-inc,328155, 12th,7, Married-civ-spouse, Protective-serv, Unmarried, White, Female,-62,-1,40, Mexico, <=50K
41, Never-worked,224541, Bachelors,4, Never-married, Prof-specialty, Not-in-family, White, Male,-32,0,58, India, <=50K
46, Self-emp-not-inc,193383, HS-grad,9, Married-civ-spouse, Protective-serv, Husband, Black, Female,21,0,40, Canada, <=50K
54, Local-gov,252519, Bachelors,9, Married-spouse-absent, Other-service, Not-in-family, White, Male,-47,0,44, United-States, <=50K
19, Federal-gov,268112, 7th-8th,13, Widowed, Prof-specialty, Unmarried, White, Female,3,-2,36, United-States, <=50K
41, Private,101688, HS-grad,6, Never-married, Craft-repair, Own-child, Black, Male,6,0,12, United-States, <=50K
43, Private,249152, HS-grad,9, Married-civ-spouse, Farming-fishing, Husband, White, Male,-16,1,72, United-States, <=50K
43, Self-emp-inc,109127, Bachelors,13, Married-civ-spouse, Prof-specialty, Wife, White, Female,7274,-1,44, United-States, >50K
60, Local-gov,38081, Bachelors,11, Divorced, Prof-specialty, Not-in-family, White, Female,-23,-2,71, Trinadad&Tobago, <=50K
24, Private,321172, Bachelors,13, Widowed, Adm-clerical, Not-in-family, White, Female,-41,1,50, United-States, <=50K
33, Self-emp-not-inc,226122, Assoc-voc,13, Married-civ-spouse, Transport-moving, Husband, Amer-Indian-Eskimo, Male,-15,-2,45, ?, >50K
41, Private,377908, HS-grad,9, Married-spouse-absent, Machine-op-inspct, Other-relative, White, Female,7,0,40, United-States, <=50K
25, Private,166518, Bachelors,13, Never-married, Prof-specialty, Not-in-family, White, Female,-5,-1,40, United-States, <=50K
46, Private,125560, Some-college,13, Married-civ-spouse, Transport-moving, Husband, White, Male,-30,-1,40, United-States, <=50K
43, Self-emp-not-inc,96089, Bachelors,4, Married-civ-spouse, Farming-fishing, Husband, White, Male,20,-1,57, United-States, >50K
21, Private,31098, 11th,7, Never-married, Prof-specialty, Not-in-family, Asian-Pac-Islander, Male,0,-1,58, United-States, <=50K
25, Private,259847, HS-grad,9, Widowed, Adm-clerical, Not-in-family, White, Male,25,-1,58, United-States, <=50K
23, Private,179312, HS-grad,9, Married-civ-spouse, Tech-support, Husband, White, Male,-27,2,40, United-States, >50K
23, Private,223414, Bachelors,13, Never-married, Machine-op-inspct, Own-child, White, Male,-22,2,50, United-States, <=50K
25, Self-emp-not-inc,187147, Assoc-voc,10, Never-married, Exec-managerial, Husband, White, Male,42,0,49, United-States, <=50K
44, Private,117315, 11th,13, Never-married, Sales, Unmarried, White, Female,-14,-2,30, United-States, <=50K
28, Private,167013, Assoc-acdm,9, Divorced, Machine-op-inspct, Unmarried, White, Female,-43,2,40, United-States, <=50K
23, Private,364589, Some-college,10, Never-married, Exec-managerial, Own-child, White, Male,-29,1,40, United-States, <=50K
36, Federal-gov,201680, Bachelors,11, Married-civ-spouse, Prof-specialty, Not-in-family, White, Female,-11,0,60, United-States, >50K
49, Private,37673, Bachelors,16, Married-civ-spouse, Prof-specialty, Husband, White, Male,-28,1951,45, United-States, >50K
24, Private,242927, 9th,6, Divorced, ?, Unmarried, White, Male,-74,0,30, United-States, <=50K
42, Private,519803, HS-grad,9, Married-civ-spouse, Adm-clerical, Husband, Black, Male,-5,-1,40, United-States, <=50K
41, Private,254997, Some-college,7, Never-married, Adm-clerical, Own-child, White, Male,-40,-1,40, United-States, <=50K
22, ?,229423, Some-college,10, Married-civ-spouse, ?, Husband, White, Male,-33,0,31, United-States, <=50K
49, Federal-gov,239804, Bachelors,14, Married-civ-spouse, Prof-specialty, Husband, White, Female,-25,0,62, United-States, >50K
28, Self-emp-not-inc,316768, 5th-6th,9, Married-civ-spouse, Adm-clerical, Husband, Black, Female,45,0,40, United-States, <=50K
62, State-gov,268738, Bachelors,13, Divorced, Prof-specialty, Husband, White, Female,0,-1,59, South, >50K
18, ?,241761, Some-college,7, Never-married, ?, Own-child, White, Male,-36,1,36, United-States, <=50K
52, Private,142009, HS-grad,9, Married-civ-spouse, Adm-clerical, Wife, White, Female,-45,0,50, United-States, <=50K
49, Private,188389, HS-grad,9, Separated, Machine-op-inspct, Unmarried, White, Male,-20,-2,40, United-States, <=50K
24, Private,205586, Assoc-voc,5, Married-civ-spouse, Adm-clerical, Husband, White, Male,-8,-1,40, Peru, <=50K
45, State-gov,349330, 10th,13, Widowed, Prof-specialty, Unmarried, Asian-Pac-Islander, Female,-24,0,13, United-States, <=50K
39, Private,257130, Masters,10, Married-civ-spouse, Prof-specialty, Not-in-family, White, Female,-19,-1,19, United-States, <=50K
16, ?,53051, Bachelors,14, Never-married, ?, Not-in-family, White, Male,-52,2,32, United-States, <=50K
22, Self-emp-not-inc,270147, HS-grad,9, Divorced, Farming-fishing, Husband, Other, Male,-24,1,45, United-States, <=50K
50, Federal-gov,109686, Bachelors,10, Married-civ-spouse, Prof-specialty, Husband, White, Male,-28,1,40, United-States, <=50K
50, Private,170875, HS-grad,3, Separated, Machine-op-inspct, Unmarried, Other, Male,-46,-1,40, Laos, <=50K
49, Private,195667, HS-grad,16, Married-civ-spouse, Other-service, Husband, White, Female,-14,0,40, United-States, >50K
47, Private,229428, HS-grad,4, Never-married, Handlers-cleaners, Not-in-family, White, Male,2,-2,37, United-States, <=50K
40, Private,279424, 9th,9, Married-civ-spouse, Craft-repair, Husband, White, Male,19,-1,68, Hong, <=50K
24, Without-pay,223092, HS-grad,13, Never-married, Craft-repair, Husband, White, Male,-32,0,45, United-States, >50K
61, Private,193387, HS-grad,9, Married-civ-spouse, Sales, Husband, White, Male,22,0,50, United-States, <=50K
58, Private,41846, Bachelors,14, Married-civ-spouse, Craft-repair, Husband, White, Male,2,-1,51, United-States, >50K
59, Private,102522, 5th-6th,8, Married-spouse-absent, Handlers-cleaners, Not-in-family, White, Male,-25,-1,50, Mexico, <=50K
17, ?,243258, 10th,10, Never-married, Handlers-cleaners, Own-child, White, Male,-23,-1,19, United-States, <=50K
40, Private,540115, Assoc-voc,13, Married-civ-spouse, ?, Husband, Black, Male,-6,-1,44, Peru, >50K
20, ?,221181, 7th-8th,9, Never-married, Sales, Own-child, Black, Male,-24,-1,31, United-States, <=50K
77, Federal-gov,116925, 11th,10, Divorced, Adm-clerical, Unmarried, Black, Female,22,0,30, Portugal, >50K
24, Private,229678, HS-grad,9, Married-civ-spouse, Sales, Not-in-family, White, Male,-2,1,40, United-States, <=50K
37, Private,202613, Prof-school,10, Never-married, Adm-clerical, Own-child, White, Male,-11,-1,12, United-States, <=50K
39, Private,246117, 11th,13, Separated, Prof-specialty, Wife, White, Female,2238,-2,49, United-States, <=50K
46, State-gov,99871, Assoc-voc,14, Divorced, Exec-managerial, Wife, White, Female,20,-1,37, Dominican-Republic, >50K
68, Private,174641, HS-grad,9, Married-civ-spouse, Transport-moving, Other-relative, White, Male,-4,3,40, Outlying-US(Guam-USVI-etc), <=50K
23, ?,110254, Bachelors,13, Divorced, ?, Own-child, White, Female,-16,0,19, United-States, <=50K
23, Federal-gov,338270, Masters,14, Married-civ-spouse, Exec-managerial, Husband, White, Male,13,-1,40, United-States, >50K
41, State-gov,184959, Bachelors,13, Divorced, Prof-specialty, Not-in-family, White, Female,-22,-1,40, Iran, <=50K
46, Self-emp-inc,319274, Doctorate,13, Married-civ-spouse, Exec-managerial, Husband, White, Male,1,0,49, United-States, >50K
46, State-gov,119832, Bachelors,13, Never-married, Priv-house-serv, Not-in-family, White, Female,-7,0,31, United-States, <=50K
41, Private,198382, Assoc-voc,14, Married-civ-spouse, Sales, Husband, White, Male,-12,0,40, Germany, >50K
45, State-gov,47666, Bachelors,13, Married-civ-spouse, Exec-managerial, Wife, White, Female,-14,0,59, United-States, >50K
33, Private,318538, HS-grad,9, Married-civ-spouse, Transport-moving, Husband, Black, Male,-47,0,40, South, <=50K
30, State-gov,217904, 10th,10, Married-civ-spouse, Sales, Not-in-family, Black, Female,-4,0,50, United-States, <=50K
32, Private,194345, HS-grad,15, Married-civ-spouse, Protective-serv, Husband, White, Male,4,0,49, United-States, >50K
44, Private,112604, HS-grad,4, Divorced, Handlers-cleaners, Unmarried, Black, Female,-40,1,40, United-States, <=50K
57, ?,112904, Some-college,10, Divorced, ?, Not-in-family, White, Male,-25,0,45, United-States, <=50K
60, Private,120661, HS-grad,9, Married-spouse-absent, Craft-repair, Husband, White, Male,-60,0,40, ?, <=50K
45, Local-gov,232470, Bachelors,13, Divorced, Craft-repair, Not-in-family, White, Female,-20,0,45, United-States, >50K
37, Private,103060, HS-grad,9, Married-civ-spouse, Machine-op-inspct, Husband, White, Male,1,0,40, United-States, <=50K
45, Private,74567, HS-grad,9, Divorced, Adm-clerical, Husband, White, Male,15115,1,50, Ecuador, <=50K
56, ?,193656, Some-college,10, Never-married, Other-service, Own-child, White, Male,-51,-1,30, France, <=50K
26, Self-emp-not-inc,316104, Some-college,10, Never-married, ?, Other-relative, White, Male,-32,-2,40, El-Salvador, <=50K
29, Private,189128, Masters,13, Married-civ-spouse, Prof-specialty, Not-in-family, White, Female,3234,1,50, United-States, >50K
54, Private,232183, HS-grad,9, Married-civ-spouse, Craft-repair, Husband, White, Male,-29,0,40, United-States, <=50K
23, Private,352976, Assoc-voc,13, Married-civ-spouse, Prof-specialty, Husband, Black, Female,-1,0,40, United-States, <=50K
34, Private,319066, Bachelors,6, Married-civ-spouse, Prof-specialty, Husband, White, Female,-3,0,51, Italy, >50K
62, Federal-gov,154862, Bachelors,5, Divorced, Adm-clerical, Unmarried, Black, Female,12,-1,73, United-States, <=50K
46, Private,163412, HS-grad,9, Married-civ-spouse, Sales, Husband, White, Male,-23,-1,40, United-States, <=50K
32, Private,359244, HS-grad,9, Married-civ-spouse, Machine-op-inspct, Husband, Black, Male,-28,-2,40, Cambodia, <=50K
28, Local-gov,198114, 5th-6th,7, Married-civ-spouse, Craft-repair, Husband, White, Male,-24,-2,71, Scotland, <=50K
47, Private,31363, 5th-6th,13, Never-married, Exec-managerial, Own-child, Asian-Pac-Islander, Male,-37,0,40, United-States, <=50K
43, Private,90268, Bachelors,10, Never-married, Prof-specialty, Not-in-family, White, Male,-22,1,40, United-States, <=50K
56, Federal-gov,33273, Bachelors,9, Separated, Adm-clerical, Unmarried, Amer-Indian-Eskimo, Female,-44,-1,40, United-States, <=50K
46, Private,202808, Bachelors,13, Separated, Exec-managerial, Not-in-family, White, Male,-13,1,65, United-States, >50K
24, Self-emp-not-inc,352995, HS-grad,9, Divorced, Farming-fishing, Unmarried, White, Male,-30,-1,40, Philippines, <=50K
52, Private,118598, HS-grad,9, Married-civ-spouse, Craft-repair, Husband, Black, Male,-10,1,40, United-States, <=50K
52, Private,183965, HS-grad,9, Married-civ-spouse, Craft-repair, Husband, White, Male,-24,1,40, United-States, <=50K
21, Private,330055, Some-college,10, Never-married, Exec-managerial, Other-relative, White, Male,23,0,40, United-States, <=50K
18, Local-gov,244146, Some-college,10, Never-married, Protective-serv, Own-child, White, Male,16,1,14, United-States, <=50K
15, ?,252358, Some-college,10, Never-married, ?, Own-child, White, Male,-15,0,23, United-States, <=50K
47, Private,225986, HS-grad,13, Married-civ-spouse, Other-service, Husband, Amer-Indian-Eskimo, Male,-13,0,45, United-States, >50K
17, ?,98261, Some-college,6, Never-married, ?, Own-child, White, Male,-26,1,30, United-States, <=50K
16, ?,205505, Some-college,10, Never-married, ?, Not-in-family, White, Male,-7,1,21, United-States, <=50K
53, Private,192619, 7th-8th,13, Divorced, Tech-support, Not-in-family, White, Female,-24,0,40, United-States, <=50K
52, Self-emp-inc,94321, Masters,10, Married-civ-spouse, Prof-specialty, Husband, White, Male,1,0,49, United-States, >50K
23, Private,116573, 10th,7, Married-civ-spouse, Handlers-cleaners, Husband, White, Male,-5,-1,44, United-States, >50K
30, Federal-gov,322421, 11th,9, Divorced, Adm-clerical, Unmarried, White, Female,2,0,40, United-States, <=50K
20, Local-gov,136318, Bachelors,13, Never-married, Prof-specialty, Not-in-family, Asian-Pac-Islander, Male,-40,-2,40, Haiti, <=50K
57, Private,330755, Bachelors,6, Married-civ-spouse, Sales, Wife, White, Female,22,-2,44, Ecuador, >50K
36, State-gov,123307, Bachelors,12, Divorced, Priv-house-serv, Not-in-family, White, Male,-14,0,40, United-States, >50K
42, Private,173037, Some-college,10, Never-married, Craft-repair, Not-in-family, White, Male,-22,0,31, United-States, <=50K
46, Private,350327, HS-grad,9, Married-civ-spouse, Machine-op-inspct, Husband, White, Male,-39,-1,40, Taiwan, <=50K
25, Private,256267, Bachelors,13, Divorced, Prof-specialty, Not-in-family, Black, Female,-22,0,45, Jamaica, <=50K
33, Self-emp-not-inc,234279, Masters,13, Married-civ-spouse, Prof-specialty, Husband, White, Female,-28,-1,45, United-States, >50K
59, Self-emp-not-inc,216659, HS-grad,9, Married-civ-spouse, Adm-clerical, Wife, Black, Female,5,-1,40, Haiti, <=50K
18, Private,149930, 11th,7, Never-married, Other-service, Own-child, White, Male,-13,0,12, United-States, <=50K
56, Private,173330, HS-grad,9, Widowed, Handlers-cleaners, Unmarried, White, Female,-40,1,40, United-States, <=50K
63, Private,109126, Some-college,10, Separated, Adm-clerical, Own-child, White, Female,17,0,51, United-States, >50K
61, Self-emp-not-inc,238048, Assoc-voc,13, Married-civ-spouse, Adm-clerical, Husband, White, Male,-40,-2,37, United-States, <=50K
39, Local-gov,97202, Masters,8, Married-civ-spouse, Prof-specialty, Husband, White, Female,-14,2,50, United-States, <=50K
21, Private,319494, 12th,11, Separated, Other-service, Other-relative, Other, Male,-16,-1,40, United-States, <=50K
51, Private,257328, HS-grad,9, Married-civ-spouse, Other-service, Own-child, White, Male,-22,-1,40, United-States, <=50K
29, Never-worked,228517, Doctorate,14, Married-civ-spouse, Prof-specialty, Husband, White, Female,7,2,57, United-States, >50K
42, Private,227581, 12th,5, Widowed, Farming-fishing, Not-in-family, Black, Female,-29,1,40, Taiwan, <=50K
44, Self-emp-inc,205850, 7th-8th,14, Married-civ-spouse, Farming-fishing, Husband, White, Male,23,-2,45, United-States, >50K
31, Private,100282, Some-college,10, Never-married, Adm-clerical, Not-in-family, White, Male,-19,1,40, Ecuador, <=50K
36, Private,107814, HS-grad,9, Married-civ-spouse, Craft-repair, Husband, Black, Male,-20,0,40, United-States, <=50K
20, Private,175822, HS-grad,7, Never-married, Handlers-cleaners, Not-in-family, White, Male,-9,-1,44, United-States, <=50K
40, Private,49515, Bachelors,14, Married-civ-spouse, Farming-fishing, Husband, White, Male,-36,-2,40, United-States, >50K
61, Private,313159, Prof-school,7, Married-spouse-absent, Adm-clerical, Not-in-family, White, Male,-40,-1,40, United-States, <=50K
56, ?,181166, Bachelors,7, Married-spouse-absent, Other-service, Not-in-family, Black, Female,-29,0,12, United-States, <=50K
24, Private,83238, 11th,6, Separated, Adm-clerical, Unmarried, White, Male,5,-1,40, Portugal, <=50K
19, ?,461027, Some-college,5, Never-married, Protective-serv, Own-child, White, Male,-64,0,36, United-States, <=50K
22, Private,199351, Bachelors,13, Divorced, Prof-specialty, Not-in-family, White, Female,19,-1,37, United-States, <=50K
18, ?,82858, Some-college,10, Never-married, ?, Own-child, White, Male,-50,2,50, United-States, <=50K
24, Private,76113, Some-college,7, Separated, Adm-clerical, Not-in-family, White, Male,-28,-2,49, Hungary, <=50K
37, Self-emp-not-inc,363977, Some-college,10, Married-civ-spouse, ?, Own-child, White, Male,-38,0,40, United-States, <=50K
20, ?,50793, Some-college,5, Never-married, Prof-specialty, Own-child, White, Male,-61,-1,25, United-States, <=50K
17, Private,233703, HS-grad,9, Divorced, Other-service, Not-in-family, Asian-Pac-Islander, Female,-46,-2,37, United-States, <=50K
51, Private,218178, Masters,13, Divorced, Adm-clerical, Unmarried, White, Female,9,-2,40, United-States, <=50K
59, Private,114104, HS-grad,9, Married-civ-spouse, Craft-repair, Husband, White, Male,-34,-2,40, United-States, <=50K
46, Private,198906, HS-grad,9, Married-civ-spouse, Craft-repair, Husband, White, Male,-1,1,51, United-States, <=50K
49, Private,124852, Bachelors,4, Divorced, Prof-specialty, Wife, White, Female,-2,-1,30, United-States, >50K
51, Private,30756, Masters,14, Married-civ-spouse, Craft-repair, Husband, White, Male,-40,0,74, United-States, <=50K
58, Private,46637, Bachelors,13, Married-civ-spouse, Prof-specialty, Wife, White, Female,-6,-1,56, United-States, >50K
47, Private,44623, HS-grad,9, Divorced, Adm-clerical, Other-relative, White, Female,-2,-1,30, United-States, <=50K
45, Private,353643, Assoc-voc,7, Never-married, Craft-repair, Not-in-family, Black, Male,-33,-1,46, Dominican-Republic, <=50K
41, State-gov,294255, Masters,13, Married-spouse-absent, Protective-serv, Not-in-family, White, Male,-30,1,40, Vietnam, <=50K
29, Private,236477, HS-grad,9, Never-married, Craft-repair, Unmarried, White, Male,0,1,40, Cuba, <=50K
18, Federal-gov,136888, HS-grad,10, Never-married, ?, Husband, White, Male,2755,-1,40, United-States, <=50K
34, Private,109929, Masters,14, Married-civ-spouse, Exec-managerial, Husband, White, Male,-20,1,70, United-States, >50K
46, Local-gov,110065, Doctorate,13, Married-civ-spouse, Prof-specialty, Husband, White, Male,-2,0,40, United-States, >50K
31, State-gov,320512, Some-college,10, Never-married, Sales, Not-in-family, White, Male,-22,1,45, El-Salvador, <=50K
24, ?,128333, Some-college,10, Divorced, ?, Not-in-family, White, Female,-11,1,40, United-States, <=50K
43, Self-emp-inc,153334, Bachelors,13, Divorced, Tech-support, Unmarried, White, Female,8,0,44, Ecuador, >50K
51, Self-emp-inc,19251, Masters,9, Married-civ-spouse, Farming-fishing, Husband, White, Male,-16,-1,40, United-States, >50K
67, Private,287448, 11th,10, Never-married, Farming-fishing, Own-child, White, Male,-42,0,45, United-States, <=50K
43, Private,153226, Some-college,14, Married-civ-spouse, Tech-support, Unmarried, White, Male,-16,-2,46, United-States, <=50K
21, Private,140714, 5th-6th,13, Never-married, Adm-clerical, Not-in-family, White, Male,-20,1,13, United-States, <=50K
25, Private,112595, Bachelors,7, Never-married, Exec-managerial, Unmarried, White, Female,2920,-1,24, United-States, <=50K
46, Local-gov,250086, Some-college,10, Widowed, Handlers-cleaners, Not-in-family, White, Female,22,1,45, Philippines, >50K
72, Private,131110, HS-grad,9, Married-civ-spouse, Craft-repair, Husband, White, Male,-47,-1,40, United-States, <=50K
40, Self-emp-inc,358861, Doctorate,14, Married-civ-spouse, Prof-specialty, Husband, White, Male,-20,0,46, United-States, >50K
18, Private,114814, HS-grad,11, Separated, Exec-managerial, Not-in-family, Other, Female,-29,-1,40, United-States, <=50K
41, Federal-gov,237541, Bachelors,10, Married-civ-spouse, Exec-managerial, Wife, Asian-Pac-Islander, Female,-4,0,44, England, >50K
28, Private,157288, Bachelors,13, Widowed, Tech-support, Not-in-family, Asian-Pac-Islander, Male,37,0,95, China, <=50K
41, Private,304679, 10th,6, Married-civ-spouse, Other-service, Husband, Other, Male,-7,1639,40, United-States, <=50K
45, Private,113897, Bachelors,6, Married-spouse-absent, Prof-specialty, Not-in-family, White, Female,-14,-1,58, United-States, <=50K
23, State-gov,45870, Bachelors,10, Never-married, Exec-managerial, Not-in-family, White, Male,-45,1,50, United-States, <=50K
18, Self-emp-not-inc,239173, Some-college,10, Never-married, Craft-repair, Own-child, White, Male,-42,0,45, United-States, <=50K
22, ?,374267, Bachelors,13, Divorced, Tech-support, Not-in-family, White, Male,-60,0,44, United-States, <=50K
63, Local-gov,205962, Assoc-acdm,10, Never-married, Handlers-cleaners, Not-in-family, White, Male,-21,0,35, United-States, <=50K
41, Self-emp-not-inc,155799, Bachelors,13, Divorced, Prof-specialty, Not-in-family, White, Female,-24,-3,61, Puerto-Rico, >50K
56, Private,268454, HS-grad,9, Married-civ-spouse, Other-service, Husband, White, Male,-2,1,45, Vietnam, <=50K
47, Private,88828, Bachelors,14, Married-civ-spouse, Sales, Wife, Asian-Pac-Islander, Male,34,-1,14, United-States, >50K
41, Private,127321, HS-grad,9, Married-civ-spouse, Tech-support, Husband, White, Male,-39,-1,45, United-States, <=50K
25, Never-worked,322034, Masters,4, Never-married, Exec-managerial, Not-in-family, Asian-Pac-Islander, Male,-61,-2,14, Dominican-Republic, <=50K
20, ?,428957, HS-grad,4, Never-married, ?, Own-child, White, Male,-24,1,9, United-States, <=50K
28, Federal-gov,365258, Some-college,10, Divorced, Exec-managerial, Own-child, White, Male,-28,-1,40, Mexico, <=50K
35, Self-emp-not-inc,253572, HS-grad,9, Widowed, Machine-op-inspct, Husband, White, Female,-5,1,40, United-States, <=50K
33, ?,193465, Bachelors,10, Never-married, ?, Unmarried, White, Female,-43,0,36, United-States, <=50K
49, Private,180445, HS-grad,9, Divorced, Adm-clerical, Unmarried, White, Female,-4,1,37, United-States, <=50K
19, ?,257480, Bachelors,7, Never-married, ?, Own-child, White, Male,-41,1,24, United-States, <=50K
43, Self-emp-not-inc,236291, Doctorate,5, Married-civ-spouse, Sales, Not-in-family, White, Male,-57,-1,50, United-States, >50K
41, Private,139229, HS-grad,9, Divorced, Tech-support, Not-in-family, White, Male,-8,-1,40, United-States, <=50K
18, Private,248663, 10th,5, Never-married, Handlers-cleaners, Own-child, White, Male,-21,0,23, United-States, <=50K
47, Federal-gov,198888, Bachelors,13, Divorced, Prof-specialty, Wife, White, Female,-11,-1,45, United-States, >50K
22, Private,380457, 12th,5, Never-married, Machine-op-inspct, Not-in-family, White, Male,9,0,50, United-States, <=50K
25, Private,104234, Some-college,13, Separated, Adm-clerical, Not-in-family, Black, Male,-8,1,40, Philippines, <=50K
46, Private,133484, Bachelors,7, Married-civ-spouse, Handlers-cleaners, Not-in-family, White, Male,0,1,40, United-States, <=50K
42, Private,255062, Bachelors,13, Never-married, Tech-support, Not-in-family, Amer-Indian-Eskimo, Male,-16,-1,44, United-States, <=50K
33, State-gov,40119, Bachelors,13, Married-civ-spouse, Prof-specialty, Wife, White, Female,-3,0,50, United-States, >50K
24, Self-emp-not-inc,20771, 10th,10, Married-civ-spouse, Sales, Unmarried, White, Male,12,-1,45, United-States, <=50K
40, Self-emp-not-inc,287405, Assoc-voc,13, Married-civ-spouse, Prof-specialty, Husband, White, Male,-22,1,50, United-States, >50K
63, Private,232619, Assoc-acdm,13, Divorced, Prof-specialty, Not-in-family, White, Male,-43,-3,93, United-States, <=50K
53, Federal-gov,174946, Bachelors,11, Married-civ-spouse, Prof-specialty, Wife, White, Female,-25,-1,55, Greece, >50K
41, Private,312444, Bachelors,13, Married-spouse-absent, Prof-specialty, Wife, White, Female,-6,-2,50, United-States, >50K
47, Private,183060, HS-grad,9, Married-civ-spouse, Sales, Not-in-family, White, Male,-17,0,40, United-States, <=50K
42, Private,234216, HS-grad,9, Married-civ-spouse, Craft-repair, Husband, White, Male,-11,-2,51, United-States, >50K
33, Self-emp-inc,431150, 9th,14, Married-spouse-absent, Machine-op-inspct, Not-in-family, White, Female,14459,0,40, Hong, <=50K
43, Self-emp-not-inc,98686, Bachelors,13, Divorced, Prof-specialty, Not-in-family, Asian-Pac-Islander, Male,3746,0,40, United-States, <=50K
23, Private,340970, Bachelors,13, Separated, Prof-specialty, Wife, White, Female,-3,-1,45, United-States, <=50K
51, ?,258864, Bachelors,13, Separated, Adm-clerical, Unmarried, White, Female,-20,1,37, United-States, <=50K
34, State-gov,166495, Some-college,10, Married-civ-spouse, ?, Not-in-family, White, Male,-14,0,97, Guatemala, <=50K
18, Private,332447, Doctorate,10, Never-married, Adm-clerical, Own-child, White, Male,-18,1,22, United-States, <=50K
36, Private,246474, Prof-school,16, Married-civ-spouse, Prof-specialty, Wife, White, Female,7560,-1,67, United-States, >50K
54, Private,190212, HS-grad,9, Married-civ-spouse, Machine-op-inspct, Husband, White, Male,-23,1,40, United-States, <=50K
34, Private,293411, HS-grad,13, Married-civ-spouse, Adm-clerical, Wife, Black, Female,-4,0,44, United-States, >50K
25, Private,77233, HS-grad,8, Never-married, Craft-repair, Not-in-family, White, Male,-11,-1,21, United-States, <=50K
43, Private,130555, Masters,7, Married-civ-spouse, Prof-specialty, Husband, White, Male,-2,-1,46, ?, >50K
25, Private,45080, Bachelors,4, Married-civ-spouse, Transport-moving, Husband, White, Male,43,0,45, United-States, <=50K
40, Private,347678, Masters,16, Married-civ-spouse, Craft-repair, Husband, White, Male,3,0,50, United-States, >50K
48, Private,177805, HS-grad,9, Married-civ-spouse, Transport-moving, Husband, White, Male,-30,2,40, United-States, <=50K
37, Private,320475, HS-grad,10, Never-married, Handlers-cleaners, Own-child, White, Male,-18,2,44, Mexico, <=50K
24, State-gov,118434, Some-college,13, Never-married, ?, Own-child, White, Male,-8,0,60, United-States, <=50K
51, Private,163646, Assoc-voc,9, Married-civ-spouse, Sales, Other-relative, White, Male,10,-1,65, China, <=50K
25, Private,311875, Some-college,10, Never-married, Farming-fishing, Own-child, White, Male,-32,0,21, United-States, <=50K
46, Private,233416, Bachelors,13, Married-civ-spouse, Prof-specialty, Not-in-family, White, Female,-16,0,40, United-States, >50K
48, Private,205732, HS-grad,9, Separated, Adm-clerical, Own-child, Black, Female,-26,0,40, United-States, <=50K
42, Self-emp-not-inc,365541, HS-grad,13, Married-civ-spouse, Craft-repair, Other-relative, Asian-Pac-Islander, Male,-23,0,40, United-States, <=50K
46, Private,194196, HS-grad,9, Married-civ-spouse, Craft-repair, Not-in-family, White, Male,-61,-1,40, United-States, <=50K
22, Private,289003, HS-grad,13, Never-married, Tech-support, Other-relative, White, Female,22,0,31, United-States, <=50K
56, Private,26577, Assoc-acdm,13, Married-spouse-absent, Adm-clerical, Other-relative, White, Female,-50,-1,31, United-States, <=50K
43, Self-emp-not-inc,244105, 12th,14, Married-civ-spouse, Craft-repair, Own-child, White, Male,-4,0,9, United-States, <=50K
45, Private,238187, 10th,13, Widowed, ?, Not-in-family, Amer-Indian-Eskimo, Female,-7,1,36, United-States, <=50K
25, Private,210435, HS-grad,7, Never-married, Other-service, Own-child, Black, Male,-4,1,25, United-States, <=50K
47, Self-emp-not-inc,205725, Some-college,11, Married-civ-spouse, Machine-op-inspct, Husband, White, Male,-34,0,35, United-States, <=50K
47, Without-pay,208103, Assoc-voc,10, Married-civ-spouse, Craft-repair, Husband, White, Male,-22,0,30, United-States, <=50K
24, Self-emp-not-inc,89778, Assoc-voc,11, Married-civ-spouse, Craft-repair, Husband, Asian-Pac-Islander, Male,-31,-2,59, Canada, <=50K
33, Private,221343, Doctorate,16, Married-civ-spouse, Prof-specialty, Husband, White, Male,7,1,46, United-States, >50K
23, Private,306015, HS-grad,14, Married-civ-spouse, Protective-serv, Unmarried, White, Male,13,-2,40, United-States, <=50K
37, Private,433519, HS-grad,4, Married-civ-spouse, Other-service, Husband, White, Male,-4,2,50, United-States, <=50K
54, Private,336020, HS-grad,13, Divorced, Other-service, Not-in-family, White, Female,-49,0,37, United-States, <=50K
24, Private,103590, HS-grad,9, Never-married, Handlers-cleaners, Own-child, White, Male,-5,0,21, United-States, <=50K
37, Local-gov,146282, Bachelors,13, Divorced, Protective-serv, Not-in-family, White, Female,-24,0,40, United-States, >50K
27, ?,99927, Some-college,10, Never-married, ?, Own-child, White, Male,-11,0,24, United-States, <=50K
49, Private,169429, HS-grad,14, Married-civ-spouse, Sales, Husband, White, Male,-2,1,40, United-States, >50K
29, Private,295567, 7th-8th,7, Married-civ-spouse, Machine-op-inspct, Husband, White, Male,-13,-1,40, United-States, <=50K
32, Private,256093, HS-grad,9, Married-civ-spouse, Other-service, Husband, Black, Male,-16,0,65, United-States, <=50K
57, Local-gov,216645, Assoc-acdm,5, Married-civ-spouse, Transport-moving, Not-in-family, White, Female,-14,0,40, United-States, <=50K
55, Private,241482, HS-grad,9, Divorced, Handlers-cleaners, Other-relative, Black, Male,9,0,40, Jamaica, <=50K
37, Private,172933, Some-college,14, Married-civ-spouse, Protective-serv, Husband, White, Male,-27,-1,40, United-States, <=50K
42, Private,95399, Bachelors,14, Married-civ-spouse, Craft-repair, Husband, White, Male,2723,0,45, United-States, >50K
38, Private,291506, Bachelors,12, Never-married, Exec-managerial, Wife, White, Male,-38,-2,40, United-States, <=50K
41, ?,258238, 1st-4th,11, Divorced, Protective-serv, Unmarried, Asian-Pac-Islander, Female,0,-1,50, Japan, <=50K
61, State-gov,285016, Bachelors,13, Married-civ-spouse, ?, Unmarried, White, Female,-15,2,40, United-States, >50K
56, State-gov,263517, Some-college,4, Never-married, Adm-clerical, Other-relative, White, Male,-9,0,45, United-States, <=50K
44, Self-emp-inc,249710, Prof-school,16, Married-civ-spouse, Craft-repair, Husband, White, Male,15,0,40, United-States, >50K
18, Self-emp-not-inc,254772, Assoc-acdm,15, Married-civ-spouse, Sales, Husband, White, Female,-34,0,45, United-States, >50K
40, Federal-gov,189078, HS-grad,14, Married-civ-spouse, Machine-op-inspct, Other-relative, Black, Female,-26,-1,37, United-States, <=50K
22, Self-emp-not-inc,396019, 5th-6th,9, Never-married, Handlers-cleaners, Own-child, White, Male,-27,-1,45, United-States, <=50K
47, Private,120137, HS-grad,9, Married-civ-spouse, Handlers-cleaners, Husband, White, Male,-43,1,40, United-States, <=50K
40, Local-gov,28321, HS-grad,9, Married-civ-spouse, Craft-repair, Husband, White, Male,-57,-2,63, United-States, <=50K
25, Private,267605, HS-grad,9, Divorced, Other-service, Unmarried, Asian-Pac-Islander, Female,-14,0,37, Columbia, <=50K
52, Private,127255, 9th,8, Divorced, ?, Other-relative, White, Female,6,0,40, United-States, <=50K
43, Self-emp-inc,299828, Bachelors,14, Married-civ-spouse, Prof-specialty, Husband, White, Male,15498,-1,50, United-States, >50K
18, ?,246929, Some-college,11, Never-married, ?, Own-child, White, Male,-72,1,7, United-States, <=50K
49, Private,92115, Bachelors,13, Divorced, Adm-clerical, Unmarried, White, Female,-3,-1,50, United-States, >50K
44, Private,30425, Assoc-acdm,14, Married-civ-spouse, Prof-specialty, Wife, White, Male,-25,2,44, United-States, >50K
33, Local-gov,369497, HS-grad,6, Married-civ-spouse, Handlers-cleaners, Husband, White, Male,-44,1,45, United-States, <=50K
29, State-gov,51870, 5th-6th,3, Widowed, Sales, Not-in-family, White, Female,3253,-1,40, United-States, <=50K
37, State-gov,40967, 11th,9, Separated, Adm-clerical, Not-in-family, White, Female,-19,1,101, United-States, <=50K
30, Private,140606, HS-grad,13, Never-married, Machine-op-inspct, Not-in-family, Black, Male,-25,-2,30, United-States, <=50K
17, ?,285860, Some-college,4, Never-married, ?, Own-child, White, Male,-51,1,17, United-States, <=50K
25, Private,125395, Bachelors,13, Divorced, Machine-op-inspct, Wife, White, Female,-30,1,45, United-States, <=50K
55, Private,121339, Assoc-acdm,5, Married-spouse-absent, Adm-clerical, Not-in-family, White, Male,8,-1,58, Mexico, <=50K
19, Private,247158, HS-grad,9, Married-civ-spouse, Farming-fishing, Husband, White, Male,-13,-1,11, United-States, <=50K
41, Private,354258, Masters,13, Married-civ-spouse, Exec-managerial, Husband, White, Male,-11,2,12, United-States, <=50K
35, Self-emp-inc,41211, Assoc-acdm,13, Married-civ-spouse, Exec-managerial, Not-in-family, White, Male,-29,1,45, United-States, <=50K
46, Private,32584, HS-grad,9, Married-civ-spouse, ?, Husband, White, Female,-33,0,40, United-States, <=50K
64, Without-pay,343409, HS-grad,8, Never-married, Handlers-cleaners, Husband, White, Female,-71,0,45, United-States, <=50K
64, Self-emp-not-inc,31610, HS-grad,11, Married-civ-spouse, Craft-repair, Husband, White, Male,-6,1,40, United-States, <=50K
21, Private,207245, HS-grad,5, Never-married, Prof-specialty, Own-child, White, Male,-20,0,40, England, <=50K
46, Private,328966, 11th,13, Married-civ-spouse, Other-service, Husband, Black, Male,-15,0,40, United-States, <=50K
45, Private,351337, HS-grad,9, Married-civ-spouse, Adm-clerical, Husband, Amer-Indian-Eskimo, Male,-62,0,64, United-States, <=50K
44, Self-emp-inc,339639, Doctorate,13, Married-civ-spouse, Transport-moving, Husband, White, Male,56,2,51, United-States, >50K
25, ?,37481, HS-grad,9, Separated, Adm-clerical, Unmarried, White, Male,-8,-1,40, United-States, <=50K
47, Private,115356, Bachelors,10, Married-civ-spouse, Farming-fishing, Husband, White, Male,-18,0,40, China, <=50K
46, Self-emp-inc,40326, Some-college,6, Married-civ-spouse, Transport-moving, Husband, White, Male,3,1,49, United-States, >50K
43, Private,249518, 7th-8th,14, Married-civ-spouse, Protective-serv, Not-in-family, White, Male,-43,0,45, United-States, >50K
38, Self-emp-not-inc,209217, Masters,3, Married-civ-spouse, Sales, Husband, White, Male,33,1,60, United-States, >50K
51, Private,117505, Prof-school,16, Married-civ-spouse, Sales, Wife, Black, Male,8103,0,49, United-States, >50K
58, Private,138408, HS-grad,9, Never-married, Sales, Husband, Black, Male,6,0,30, ?, <=50K
41, State-gov,32474, Some-college,10, Never-married, Adm-clerical, Other-relative, White, Male,-13,1,45, United-States, <=50K
47, Private,133785, Bachelors,9, Divorced, Other-service, Unmarried, White, Female,-26,1,31, United-States, <=50K
51, Private,243525, HS-grad,7, Married-civ-spouse, Craft-repair, Husband, Black, Male,-14,0,40, United-States, <=50K
28, Private,113535, HS-grad,9, Married-civ-spouse, Other-service, Not-in-family, Black, Male,-13,0,40, United-States, <=50K
45, Private,190915, Masters,9, Divorced, Craft-repair, Husband, White, Female,48,1,50, United-States, <=50K
46, Local-gov,242258, 12th,9, Married-civ-spouse, Machine-op-inspct, Husband, White, Male,-15,-1,45, United-States, <=50K
39, Private,301614, Masters,14, Married-civ-spouse, Exec-managerial, Husband, White, Male,-43,0,40, United-States, >50K
25, ?,113450, Some-college,8, Never-married, Farming-fishing, Not-in-family, White, Female,-10,0,10, United-States, <=50K
23, Private,389323, 10th,10, Never-married, Other-service, Own-child, White, Male,-22,0,45, United-States, <=50K
56, State-gov,180804, Bachelors,13, Divorced, Prof-specialty, Not-in-family, White, Female,6,0,44, United-States, <=50K
38, ?,131549, HS-grad,9, Married-civ-spouse, ?, Not-in-family, White, Male,-5,-2,50, United-States, <=50K
49, Private,294748, Assoc-voc,9, Married-civ-spouse, Other-service, Husband, White, Male,24,-2,40, United-States, <=50K
48, Without-pay,105856, Assoc-voc,16, Married-civ-spouse, Sales, Wife, White, Male,53,0,50, United-States, <=50K
41, Private,111808, Bachelors,5, Married-civ-spouse, Sales, Husband, Black, Male,8,1,40, United-States, <=50K
32, Local-gov,44587, Prof-school,13, Divorced, Exec-managerial, Husband, White, Female,-14,0,50, Iran, <=50K
25, Private,224233, Bachelors,13, Divorced, Adm-clerical, Not-in-family, White, Female,-20,1,40, United-States, <=50K
44, Self-emp-inc,277922, Bachelors,13, Married-civ-spouse, Prof-specialty, Wife, White, Female,38,-1,72, United-States, >50K
22, ?,348228, Some-college,7, Never-married, Adm-clerical, Not-in-family, Asian-Pac-Islander, Male,-37,1,31, Mexico, <=50K
45, Private,89126, Bachelors,13, Married-spouse-absent, Adm-clerical, Not-in-family, Other, Female,-34,0,40, United-States, <=50K
18, State-gov,203134, 10th,13, Never-married, Craft-repair, Own-child, White, Male,-4,1,64, Iran, <=50K
47, Local-gov,150213, Masters,14, Married-civ-spouse, Sales, Husband, White, Male,9,-1,50, United-States, >50K
23, Federal-gov,76493, Some-college,10, Never-married, Adm-clerical, Own-child, Black, Male,-21,-1,45, United-States, <=50K
41, Federal-gov,123627, Masters,16, Married-civ-spouse, Exec-managerial, Husband, White, Male,-16,0,89, United-States, >50K
17, ?,283590, Bachelors,7, Divorced, ?, Unmarried, White, Male,-35,-2,22, United-States, <=50K
37, Private,100864, Bachelors,9, Divorced, Other-service, Unmarried, Other, Female,-1,1,15, Peru, <=50K
36, Federal-gov,257693, Bachelors,4, Divorced, Exec-managerial, Husband, White, Male,19,0,50, United-States, >50K
47, Private,268235, HS-grad,9, Married-civ-spouse, Craft-repair, Husband, White, Male,-34,1,40, United-States, <=50K
44, Private,241586, Some-college,10, Divorced, Prof-specialty, Unmarried, White, Female,-33,0,35, United-States, <=50K
41, Federal-gov,109007, Masters,13, Married-civ-spouse, Prof-specialty, Wife, White, Male,-10,1765,49, United-States, >50K
46, Self-emp-not-inc,102701, Prof-school,5, Married-civ-spouse, Farming-fishing, Husband, White, Male,-53,0,49, United-States, >50K
49, Private,109197, Some-college,9, Never-married, Machine-op-inspct, Other-relative, White, Male,-38,2,31, Vietnam, <=50K
24, Private,170210, Some-college,13, Never-married, Handlers-cleaners, Unmarried, White, Female,-12,1,36, United-States, <=50K
48, Federal-gov,188366, HS-grad,16, Married-civ-spouse, Tech-support, Other-relative, White, Male,-27,-1,40, Philippines, <=50K
39, Private,230428, HS-grad,7, Married-civ-spouse, Handlers-cleaners, Husband, White, Male,-14,2063,31, United-States, <=50K
33, Private,330366, Assoc-acdm,13, Separated, Adm-clerical, Unmarried, Black, Male,-6,0,40, Mexico, <=50K
63, Private,25299, 7th-8th,9, Married-civ-spouse, Farming-fishing, Husband, White, Male,-3,0,49, Yugoslavia, <=50K
48, State-gov,49054, Assoc-voc,13, Separated, Adm-clerical, Not-in-family, White, Female,16,-1,31, United-States, >50K
44, ?,348707, 9th,10, Divorced, Adm-clerical, Not-in-family, White, Male,-2,-2,23, United-States, <=50K
52, Self-emp-inc,435116, HS-grad,9, Married-civ-spouse, ?, Husband, White, Male,-37,0,44, United-States, <=50K
44, Federal-gov,38351, Some-college,13, Never-married, Sales, Husband, White, Male,3570,0,49, United-States, <=50K
27, Private,77008, HS-grad,5, Married-civ-spouse, Farming-fishing, Other-relative, Asian-Pac-Islander, Male,-12,0,40, United-States, <=50K
45, Private,328223, 5th-6th,13, Married-civ-spouse, Prof-specialty, Wife, White, Female,37,0,40, United-States, <=50K
23, Self-emp-not-inc,379023, 11th,13, Divorced, Prof-specialty, Not-in-family, White, Female,-30,0,21, United-States, <=50K
43, Local-gov,110041, HS-grad,16, Married-civ-spouse, Farming-fishing, Husband, White, Male,7,0,40, United-States, >50K
62, Private,243827, HS-grad,9, Married-civ-spouse, Craft-repair, Husband, White, Male,-13,0,50, United-States, <=50K
48, Local-gov,117186, Bachelors,11, Divorced, Prof-specialty, Unmarried, Asian-Pac-Islander, Female,-20,-1,22, ?, <=50K
45, Private,53427, HS-grad,9, Married-civ-spouse, Adm-clerical, Husband, White, Male,-2,0,40, United-States, <=50K
21, Private,215401, HS-grad,7, Never-married, Handlers-cleaners, Husband, White, Male,-57,-1,40, ?, <=50K
30, Private,283340, HS-grad,7, Never-married, Other-service, Not-in-family, White, Male,-19,1,40, France, <=50K
38, Local-gov,291678, Some-college,10, Divorced, Adm-clerical, Own-child, White, Male,10,-1,50, United-States, >50K
51, Private,236041, HS-grad,9, Married-spouse-absent, Other-service, Other-relative, White, Male,-49,-1,40, United-States, <=50K
45, Private,93695, 9th,4, Never-married, Farming-fishing, Husband, White, Male,-25,0,40, Honduras, <=50K
26, Private,116617, HS-grad,9, Divorced, Other-service, Not-in-family, White, Male,-12,2,40, United-States, <=50K
38, Private,237971, HS-grad,7, Divorced, Adm-clerical, Not-in-family, White, Female,37,0,36, United-States, <=50K
50, Federal-gov,112811, 11th,13, Separated, Adm-clerical, Unmarried, Other, Female,-15,-1,30, United-States, <=50K
45, Private,360413, Prof-school,14, Married-civ-spouse, Craft-repair, Husband, White, Male,-6,1,58, Japan, <=50K
40, Local-gov,204679, Bachelors,13, Married-spouse-absent, Prof-specialty, Not-in-family, Asian-Pac-Islander, Female,2,-1,50, Mexico, >50K
45, Private,237399, HS-grad,9, Married-civ-spouse, Exec-managerial, Husband, White, Male,-15,1803,40, United-States, >50K
42, Federal-gov,235436, Masters,13, Married-civ-spouse, Craft-repair, Husband, White, Male,28,0,49, United-States, >50K
42, ?,104834, 7th-8th,9, Widowed, Adm-clerical, Unmarried, Black, Female,2753,0,40, United-States, >50K
52, Federal-gov,130805, 10th,9, Married-civ-spouse, Prof-specialty, Not-in-family, White, Male,-20,3,37, United-States, <=50K
46, Private,282660, 9th,13, Married-AF-spouse, Adm-clerical, Not-in-family, White, Female,-17,-2,36, United-States, <=50K
22, Private,161433, Assoc-acdm,13, Married-civ-spouse, Tech-support, Other-relative, White, Male,-11,-1,48, Guatemala, <=50K
58, Private,163587, 11th,10, Never-married, Craft-repair, Not-in-family, Black, Male,-33,2,31, United-States, <=50K
33, Private,35592, HS-grad,9, Married-civ-spouse, Other-service, Other-relative, White, Female,16,1,40, United-States, <=50K
28, Self-emp-not-inc,197489, HS-grad,9, Married-civ-spouse, Tech-support, Husband, White, Male,5,0,44, United-States, <=50K
52, Private,213962, HS-grad,8, Married-civ-spouse, Farming-fishing, Husband, White, Male,-29,0,40, Dominican-Republic, <=50K
54, Private,182822, 5th-6th,15, Married-civ-spouse, ?, Husband, Black, Male,1,0,40, United-States, >50K
21, ?,81262, Bachelors,10, Widowed, ?, Other-relative, White, Female,-31,1,10, United-States, <=50K
45, Self-emp-not-inc,217381, Bachelors,13, Married-civ-spouse, Sales, Husband, White, Male,9,1755,56, United-States, >50K
38, Private,131977, HS-grad,15, Married-civ-spouse, Craft-repair, Husband, White, Female,-23,1,50, United-States, >50K
25, State-gov,90185, HS-grad,9, Married-civ-spouse, Tech-support, Husband, White, Male,-4,0,37, United-States, <=50K
50, Private,336492, Bachelors,13, Divorced, Prof-specialty, Not-in-family, White, Female,-56,-1,45, United-States, >50K
30, State-gov,129285, 7th-8th,10, Never-married, Exec-managerial, Other-relative, White, Male,-31,-3,40, Laos, <=50K
25, Private,326543, Some-college,10, Married-spouse-absent, Craft-repair, Not-in-family, Other, Male,-21,-2,10, Mexico, <=50K
25, ?,34197, Assoc-voc,8, Never-married, ?, Own-child, Black, Male,-28,-1,23, United-States, <=50K
22, Private,108249, Bachelors,5, Separated, Priv-house-serv, Not-in-family, White, Male,-27,1,17, United-States, <=50K
45, Self-emp-not-inc,33673, Some-college,10, Divorced, Exec-managerial, Own-child, White, Male,-1,1,22, England, <=50K
24, Private,77306, Assoc-voc,5, Divorced, Handlers-cleaners, Own-child, Black, Male,21,0,40, United-States, <=50K
36, Private,85369, Some-college,14, Married-civ-spouse, Prof-specialty, Wife, White, Female,7,0,40, United-States, >50K
57, Private,256782, Masters,13, Never-married, Sales, Husband, White, Male,-37,0,40, Thailand, >50K
72, Private,125443, 1st-4th,9, Married-civ-spouse, Tech-support, Husband, White, Male,-42,1,40, Hong, <=50K
20, ?,175321, Some-college,10, Never-married, ?, Own-child, White, Male,-17,1,40, United-States, <=50K
40, State-gov,182019, Masters,7, Married-civ-spouse, Protective-serv, Not-in-family, White, Male,-31,2,40, United-States, <=50K
22, Private,278591, Bachelors,13, Married-civ-spouse, Protective-serv, Husband, Black, Male,3,-2,55, United-States, <=50K
45, Federal-gov,98381, Bachelors,10, Married-civ-spouse, Protective-serv, Not-in-family, White, Female,-1,0,40, El-Salvador, >50K
44, Private,122831, HS-grad,9, Divorced, Other-service, Other-relative, White, Female,-12,1,40, United-States, <=50K
42, Private,297954, Assoc-voc,11, Married-civ-spouse, Other-service, Husband, White, Male,-29,0,40, Germany, <=50K
30, Private,44561, 5th-6th,5, Never-married, Prof-specialty, Wife, Asian-Pac-Islander, Female,17,0,40, Jamaica, >50K
29, Private,72119, HS-grad,9, Married-civ-spouse, Protective-serv, Husband, White, Male,-21,0,14, Hong, <=50K
43, Private,359290, HS-grad,9, Married-civ-spouse, Handlers-cleaners, Husband, White, Male,-60,-1,45, United-States, <=50K
41, State-gov,275002, HS-grad,5, Never-married, Other-service, Not-in-family, Black, Female,-12,-2,15, United-States, <=50K
41, Self-emp-not-inc,100393, 5th-6th,13, Married-civ-spouse, Craft-repair, Husband, Black, Male,-33,-2,40, Poland, <=50K
23, Private,248174, HS-grad,9, Married-civ-spouse, Adm-clerical, Husband, Black, Male,-42,1,40, United-States, <=50K
24, Private,380492, 11th,14, Never-married, Sales, Not-in-family, White, Male,11,0,16, United-States, <=50K
37, ?,321741, Some-college,10, Divorced, ?, Own-child, White, Male,31,0,37, United-States, <=50K
30, Private,108870, Bachelors,6, Separated, Machine-op-inspct, Not-in-family, Amer-Indian-Eskimo, Female,-16,-2,50, El-Salvador, <=50K
19, Private,329043, Bachelors,10, Married-civ-spouse, Exec-managerial, Husband, White, Male,-12,2,46, United-States, <=50K
51, Private,343928, HS-grad,7, Divorced, Craft-repair, Not-in-family, White, Male,-1,1,35, United-States, <=50K
16, ?,106715, Some-college,7, Never-married, ?, Own-child, White, Male,-29,1,36, United-States, <=50K
32, Private,244548, Some-college,10, Never-married, Sales, Own-child, White, Male,-49,3,26, United-States, <=50K
47, State-gov,116709, Bachelors,13, Married-civ-spouse, Transport-moving, Husband, White, Male,-4,0,51, United-States, >50K
69, Private,242419, Bachelors,6, Separated, Adm-clerical, Not-in-family, White, Female,5,0,40, United-States, <=50K
49, Self-emp-not-inc,183117, Doctorate,14, Married-civ-spouse, Prof-specialty, Husband, White, Male,5,2,72, United-States, >50K
61, Private,174730, Bachelors,13, Divorced, Adm-clerical, Not-in-family, Asian-Pac-Islander, Female,6,-2,40, Cambodia, <=50K
26, Private,37704, 11th,11, Never-married, Sales, Other-relative, White, Male,-14,1,31, United-States, <=50K
35, ?,382809, Some-college,13, Never-married, Tech-support, Not-in-family, White, Female,-23,-3,44, Dominican-Republic, <=50K
26, ?,115473, 5th-6th,7, Never-married, Priv-house-serv, Not-in-family, White, Male,-23,0,46, United-States, <=50K
42, Without-pay,253824, Bachelors,13, Married-civ-spouse, Exec-managerial, Husband, White, Female,-32,-1,59, United-States, >50K
43, Private,83798, Bachelors,5, Married-civ-spouse, Exec-managerial, Not-in-family, White, Male,-9,1,50, United-States, <=50K
27, State-gov,118536, Some-college,10, Never-married, Protective-serv, Own-child, White, Male,-8,0,40, United-States, <=50K
42, Private,259399, Bachelors,14, Married-civ-spouse, Exec-managerial, Husband, Asian-Pac-Islander, Female,-25,-2,55, United-States, >50K
42, State-gov,183745, Bachelors,13, Never-married, Exec-managerial, Not-in-family, White, Male,4,0,57, United-States, >50K
35, State-gov,203201, Some-college,10, Married-civ-spouse, Prof-specialty, Not-in-family, White, Male,-15,1,45, United-States, <=50K
21, State-gov,310643, HS-grad,9, Married-civ-spouse, Craft-repair, Husband, White, Male,8,-1,49, United-States, <=50K
48, Private,135296, Bachelors,13, Divorced, Farming-fishing, Not-in-family, White, Female,-61,-2,9, United-States, <=50K
52, Private,122995, HS-grad,9, Married-civ-spouse, Transport-moving, Wife, White, Male,-18,-1,40, United-States, <=50K
19, ?,180845, Some-college,10, Never-married, ?, Own-child, White, Male,-36,3,22, United-States, <=50K
41, ?,231877, HS-grad,7, Never-married, ?, Own-child, White, Male,-20,1,50, United-States, <=50K
58, ?,213855, 12th,5, Never-married, Transport-moving, Own-child, White, Male,2599,1,37, United-States, <=50K
57, State-gov,114596, HS-grad,8, Married-civ-spouse, Protective-serv, Husband, White, Male,-6,-2,73, United-States, <=50K
60, Private,299213, Prof-school,13, Married-civ-spouse, Adm-clerical, Husband, White, Male,-11,-1,50, United-States, >50K
31, State-gov,116677, Masters,13, Divorced, Priv-house-serv, Not-in-family, White, Female,-21,0,45, United-States, >50K
20, Private,196533, Some-college,7, Never-married, Craft-repair, Husband, White, Male,-18,0,40, United-States, <=50K
30, State-gov,244958, 11th,7, Divorced, Sales, Wife, Black, Female,-24,-1,45, United-States, <=50K
40, Private,177355, HS-grad,6, Divorced, Adm-clerical, Unmarried, White, Female,-5,0,40, United-States, <=50K
51, Private,134028, Bachelors,13, Married-civ-spouse, Prof-specialty, Wife, White, Female,3083,-3,44, ?, >50K
60, Local-gov,233486, HS-grad,9, Married-civ-spouse, Machine-op-inspct, Husband, Black, Male,-56,1,40, United-States, <=50K
43, State-gov,153637, Bachelors,11, Never-married, Exec-managerial, Not-in-family, White, Female,-23,0,45, United-States, <=50K
24, State-gov,247163, HS-grad,9, Married-civ-spouse, Handlers-cleaners, Husband, White, Male,-30,0,50, United-States, <=50K
30, Private,228784, HS-grad,9, Married-civ-spouse, Protective-serv, Husband, Black, Male,13,1,40, United-States, <=50K
44, Self-emp-inc,31192, Masters,5, Married-civ-spouse, Prof-specialty, Husband, White, Male,-39,0,45, United-States, >50K
19, Self-emp-not-inc,260735, Some-college,10, Never-married, Adm-clerical, Own-child, White, Male,-15,-3,12, United-States, <=50K
19, Private,264762, 5th-6th,9, Married-civ-spouse, Handlers-cleaners, Husband, White, Male,-7,1,22, United-States, <=50K
35, Private,33033, 1st-4th,9, Married-civ-spouse, Sales, Other-relative, White, Male,-28,0,56, Guatemala, <=50K
23, Private,252248, 7th-8th,9, Married-civ-spouse, Transport-moving, Husband, White, Male,-12,-1,40, United-States, <=50K
64, Self-emp-not-inc,224786, HS-grad,9, Married-civ-spouse, Farming-fishing, Husband, White, Female,-27,0,45, United-States, <=50K
44, Private,184371, Doctorate,11, Married-civ-spouse, Farming-fishing, Husband, White, Female,-28,-1,50, United-States, >50K
58, State-gov,193267, Assoc-voc,9, Married-civ-spouse, Farming-fishing, Own-child, White, Male,12,1,15, Germany, <=50K
56, Private,163787, Some-college,10, Never-married, Adm-clerical, Not-in-family, White, Female,-12,0,30, United-States, <=50K
64, Private,197566, HS-grad,9, Married-civ-spouse, Machine-op-inspct, Husband, White, Male,-47,2,40, South, <=50K
24, ?,275568, Some-college,10, Never-married, Handlers-cleaners, Own-child, White, Male,-38,0,24, United-States, <=50K
40, ?,283931, Some-college,10, Never-married, Transport-moving, Own-child, White, Male,-39,0,44, United-States, <=50K
21, Private,192769, HS-grad,9, Married-civ-spouse, Adm-clerical, Husband, White, Male,-18,2,40, United-States, <=50K
43, Local-gov,106392, Preschool,15, Married-civ-spouse, Sales, Wife, White, Female,-3,1,50, United-States, >50K
41, Private,179090, HS-grad,5, Married-civ-spouse, Sales, Husband, White, Male,-21,1,45, United-States, >50K
26, Federal-gov,244549, 1st-4th,10, Divorced, Adm-clerical, Unmarried, Asian-Pac-Islander, Female,19,0,51, United-States, >50K
47, Private,33113, 10th,7, Divorced, Other-service, Not-in-family, Asian-Pac-Islander, Male,-12,0,73, United-States, <=50K
27, Self-emp-not-inc,322575, Some-college,9, Married-civ-spouse, Craft-repair, Husband, White, Male,-29,0,49, United-States, <=50K
59, Private,190987, Bachelors,13, Divorced, Other-service, Unmarried, White, Female,12,-1,40, United-States, <=50K
24, Federal-gov,109318, Some-college,10, Never-married, ?, Not-in-family, White, Male,-39,-1,24, United-States, <=50K
48, Private,46160, Assoc-voc,7, Divorced, Adm-clerical, Other-relative, White, Female,12,-1,30, ?, <=50K
37, Private,165487, Bachelors,11, Never-married, ?, Wife, White, Male,-17,-1,40, Honduras, <=50K
47, Self-emp-not-inc,253647, Assoc-acdm,13, Divorced, Adm-clerical, Unmarried, White, Female,10,-1,40, United-States, <=50K
27, ?,108049, Assoc-voc,13, Divorced, Exec-managerial, Husband, White, Female,1,-1,44, Germany, >50K
45, Self-emp-not-inc,541382, HS-grad,9, Married-civ-spouse, Farming-fishing, Husband, Black, Male,-21,-1,40, France, <=50K
39, Private,167744, Bachelors,9, Married-civ-spouse, Prof-specialty, Husband, Asian-Pac-Islander, Male,-11,0,40, United-States, <=50K
27, Local-gov,99434, 7th-8th,9, Never-married, Prof-specialty, Unmarried, Black, Male,-31,-1,44, United-States, <=50K
34, Private,271239, Some-college,10, Never-married, Other-service, Own-child, White, Male,-13,0,22, United-States, <=50K
38, Private,179791, 12th,9, Married-civ-spouse, Farming-fishing, Unmarried, White, Female,-40,-2,40, United-States, <=50K
28, Federal-gov,96301, Bachelors,13, Divorced, Other-service, Unmarried, Black, Female,30,-2,40, United-States, <=50K
66, Private,114063, 1st-4th,13, Divorced, Exec-managerial, Not-in-family, White, Female,-36,-1,45, United-States, <=50K
52, Private,76515, Assoc-acdm,10, Widowed, Adm-clerical, Unmarried, White, Female,39,0,12, United-States, <=50K
38, Private,104835, Masters,10, Married-civ-spouse, Adm-clerical, Husband, White, Male,-59,-1,50, United-States, >50K
43, Private,112458, HS-grad,14, Married-civ-spouse, Craft-repair, Husband, White, Male,-34,0,51, United-States, <=50K
44, Private,36599, 10th,10, Never-married, Machine-op-inspct, Own-child, White, Male,-42,1,50, United-States, <=50K
48, Private,198865, Bachelors,14, Never-married, Adm-clerical, Own-child, White, Male,-55,1,12, Trinadad&Tobago, <=50K
44, Private,232399, 7th-8th,14, Divorced, Prof-specialty, Not-in-family, White, Female,5,0,55, United-States, >50K
36, Self-emp-not-inc,207809, Assoc-acdm,9, Never-married, Exec-managerial, Other-relative, Amer-Indian-Eskimo, Female,1,-1,40, United-States, <=50K
26, Private,162087, HS-grad,9, Married-civ-spouse, Craft-repair, Husband, White, Male,-6,1,40, United-States, <=50K
25, Federal-gov,43420, Some-college,7, Never-married, ?, Not-in-family, White, Male,-22,-3,40, ?, <=50K
40, Private,242744, HS-grad,6, Never-married, Exec-managerial, Unmarried, Black, Male,11,0,40, United-States, <=50K
35, Private,266753, Some-college,7, Never-married, Protective-serv, Other-relative, White, Male,-24,1,45, United-States, <=50K
47, Federal-gov,497919, Some-college,6, Divorced, Farming-fishing, Not-in-family, White, Male,-37,1,40, United-States, <=50K
19, ?,47262, Some-college,10, Never-married, ?, Own-child, White, Male,-55,-3,30, United-States, <=50K
30, Private,211760, HS-grad,9, Married-civ-spouse, Exec-managerial, Husband, White, Male,-36,1,40, United-States, <=50K
50, Private,266519, Some-college,7, Married-civ-spouse, Craft-repair, Husband, White, Male,-31,0,40, United-States, <=50K
23, Federal-gov,507262, Some-college,13, Never-married, Other-service, Other-relative, White, Male,-22,2,45, Canada, <=50K
63, Private,120623, HS-grad,9, Divorced, Other-service, Unmarried, White, Female,-41,-1,31, United-States, <=50K
47, Private,74213, Bachelors,13, Divorced, Prof-specialty, Unmarried, White, Female,-10,-1,40, United-States, >50K
17, Self-emp-not-inc,339954, Some-college,10, Never-married, Other-service, Not-in-family, Other, Male,0,1,25, Mexico, <=50K
45, Self-emp-not-inc,38991, Masters,14, Married-civ-spouse, Prof-specialty, Husband, White, Male,1822,0,58, United-States, >50K
55, Local-gov,292539, Masters,13, Married-civ-spouse, Handlers-cleaners, Husband, White, Female,-30,-2,40, United-States, >50K
21, Private,32183, 9th,11, Never-married, Farming-fishing, Unmarried, White, Male,7,0,61, United-States, <=50K
48, Self-emp-not-inc,334790, Bachelors,13, Never-married, ?, Not-in-family, White, Male,-2,3,45, France, <=50K
28, Self-emp-not-inc,119702, 11th,13, Married-civ-spouse, Exec-managerial, Husband, Asian-Pac-Islander, Male,20,-1,90, United-States, >50K
26, State-gov,38261, HS-grad,9, Married-civ-spouse, Farming-fishing, Not-in-family, White, Male,8,-1,40, United-States, <=50K
22, Self-emp-not-inc,162345, Bachelors,14, Never-married, Exec-managerial, Not-in-family, White, Male,-18,1,44, United-States, <=50K
19, Private,157676, Assoc-voc,10, Never-married, Exec-managerial, Not-in-family, White, Female,-7,0,24, United-States, <=50K
41, Private,288910, HS-grad,9, Married-spouse-absent, Other-service, Husband, White, Male,0,-2,35, United-States, <=50K
46, Federal-gov,320794, Assoc-voc,14, Married-civ-spouse, Prof-specialty, Husband, White, Male,-33,0,69, Japan, <=50K
23, State-gov,78810, Bachelors,13, Never-married, Adm-clerical, Not-in-family, White, Female,-21,-2,40, Puerto-Rico, >50K
21, Private,361707, 9th,9, Never-married, ?, Husband, Black, Male,-17,0,45, United-States, <=50K
25, ?,113113, Some-college,10, Never-married, ?, Own-child, White, Male,-48,1,12, United-States, <=50K
45, Private,237842, HS-grad,10, Married-civ-spouse, Farming-fishing, Husband, White, Male,-21,-1,49, United-States, <=50K
33, Private,155620, HS-grad,9, Married-civ-spouse, Sales, Husband, Black, Male,-10,1,40, United-States, <=50K
36, Self-emp-not-inc,98160, Masters,13, Married-civ-spouse, Adm-clerical, Unmarried, Other, Female,-47,1,50, United-States, >50K
43, Private,255729, HS-grad,9, Married-civ-spouse, Tech-support, Husband, White, Male,-15,1,40, United-States, <=50K
41, Private,54322, Bachelors,13, Divorced, Adm-clerical, Unmarried, White, Female,-58,-2,36, United-States, <=50K
33, Private,110636, Assoc-voc,11, Never-married, Prof-specialty, Own-child, White, Male,-29,0,45, United-States, <=50K
24, Private,558949, Bachelors,14, Married-civ-spouse, Tech-support, Husband, White, Male,-40,-2,45, Puerto-Rico, <=50K
22, Self-emp-not-inc,52493, Bachelors,10, Married-civ-spouse, Sales, Husband, Asian-Pac-Islander, Female,8,-3,57, United-States, <=50K
37, Private,28864, Doctorate,13, Married-civ-spouse, Prof-specialty, Husband, White, Male,7583,-1,40, United-States, >50K
26, Private,340291, HS-grad,9, Separated, Adm-clerical, Wife, White, Male,1,0,36, India, <=50K
33, Local-gov,37068, Masters,13, Married-civ-spouse, Exec-managerial, Husband, Amer-Indian-Eskimo, Female,14796,0,59, United-States, >50K
40, Private,77205, HS-grad,11, Married-civ-spouse, Adm-clerical, Husband, White, Female,-34,-1,40, Dominican-Republic, >50K
22, Self-emp-not-inc,96475, 9th,4, Married-civ-spouse, ?, Unmarried, Black, Male,11,-1,64, Canada, <=50K
44, Private,348142, HS-grad,9, Married-civ-spouse, Craft-repair, Not-in-family, White, Male,26,0,45, United-States, <=50K
45, Private,48866, Bachelors,9, Married-civ-spouse, Handlers-cleaners, Husband, White, Female,-46,1,40, United-States, <=50K
39, Self-emp-inc,115926, HS-grad,14, Married-civ-spouse, Exec-managerial, Husband, White, Female,-4,0,50, United-States, >50K
16, ?,344755, Some-college,10, Never-married, ?, Own-child, White, Male,-25,1,26, United-States, <=50K
45, Local-gov,42859, Masters,13, Married-civ-spouse, Exec-managerial, Husband, White, Male,-24,-1,45, United-States, >50K
23, ?,73281, HS-grad,10, Separated, ?, Unmarried, White, Female,-25,0,17, United-States, <=50K
29, State-gov,267705, Bachelors,13, Divorced, Adm-clerical, Unmarried, White, Female,-17,-2,30, United-States, >50K
40, Local-gov,90788, Bachelors,13, Divorced, Adm-clerical, Wife, White, Female,-3,0,56, United-States, <=50K
45, Private,185310, Bachelors,13, Married-spouse-absent, Farming-fishing, Unmarried, White, Male,-2,1,40, Vietnam, <=50K
25, Private,102289, Some-college,10, Never-married, Prof-specialty, Not-in-family, White, Female,-22,-2,31, United-States, <=50K
37, State-gov,308845, Bachelors,13, Widowed, Prof-specialty, Wife, White, Female,13,0,51, United-States, >50K
31, Self-emp-not-inc,303187, Doctorate,16, Married-civ-spouse, Craft-repair, Husband, White, Male,3178,1,40, United-States, <=50K
61, Private,43823, Masters,10, Married-civ-spouse, Adm-clerical, Not-in-family, White, Male,12,0,50, United-States, <=50K
23, Federal-gov,118163, HS-grad,9, Married-civ-spouse, Other-service, Husband, White, Male,20,-1,40, United-States, <=50K
25, Private,290860, 7th-8th,7, Separated, Handlers-cleaners, Not-in-family, White, Female,12,-2,50, United-States, <=50K
46, Private,107457, HS-grad,9, Married-spouse-absent, Other-service, Unmarried, White, Male,-65,1,40, United-States, <=50K
54, Private,228689, HS-grad,14, Married-civ-spouse, Exec-managerial, Husband, White, Female,-16,0,36, ?, >50K
53, Self-emp-not-inc,206536, HS-grad,9, Married-spouse-absent, Machine-op-inspct, Unmarried, Black, Male,-17,-1,31, United-States, <=50K
66, Private,49933, Bachelors,13, Divorced, Adm-clerical, Not-in-family, Asian-Pac-Islander, Female,6,-2,50, United-States, <=50K
37, Private,200204, HS-grad,9, Never-married, Machine-op-inspct, Husband, Amer-Indian-Eskimo, Male,17,0,40, United-States, <=50K
52, Local-gov,157365, Bachelors,13, Married-civ-spouse, Prof-specialty, Husband, Asian-Pac-Islander, Male,3,2,40, United-States, <=50K
28, Private,120429, 5th-6th,6, Married-civ-spouse, Farming-fishing, Unmarried, White, Male,-22,-1,66, Canada, <=50K
47, Private,220570, HS-grad,9, Married-civ-spouse, Transport-moving, Husband, White, Male,-17,1,40, Portugal, <=50K
22, Private,39982, Prof-school,5, Never-married, Prof-specialty, Own-child, White, Male,10,0,23, United-States, <=50K
38, Self-emp-not-inc,115183, HS-grad,10, Never-married, ?, Own-child, White, Male,5,2,40, United-States, <=50K
35, Private,38886, Bachelors,16, Married-civ-spouse, Exec-managerial, Husband, Asian-Pac-Islander, Male,-7,-1,40, United-States, >50K
19, Private,111325, Bachelors,7, Never-married, Prof-specialty, Unmarried, White, Male,-12,1,45, United-States, <=50K
19, Private,392011, Some-college,7, Never-married, ?, Own-child, White, Male,-18,-1,50, United-States, <=50K
20, ?,317506, 10th,10, Never-married, ?, Not-in-family, White, Male,-18,1,25, United-States, <=50K
21, Local-gov,317195, Bachelors,4, Never-married, Protective-serv, Other-relative, White, Male,-42,-1,36, Columbia, <=50K
37, Self-emp-not-inc,83318, Masters,14, Married-civ-spouse, Machine-op-inspct, Husband, White, Male,-41,1,45, United-States, <=50K
46, Private,229647, Some-college,8, Divorced, Other-service, Husband, Black, Male,-10,-1,30, United-States, <=50K
37, Private,233182, HS-grad,7, Separated, Handlers-cleaners, Unmarried, Black, Male,43,-1,51, Portugal, <=50K
26, Private,38823, Some-college,13, Widowed, Sales, Own-child, White, Male,1,-1,46, United-States, <=50K
24, ?,40511, HS-grad,7, Never-married, Other-service, Not-in-family, White, Male,-41,0,14, United-States, <=50K
23, ?,253036, HS-grad,9, Never-married, ?, Husband, White, Male,22,0,40, United-States, <=50K
33, State-gov,68284, Bachelors,13, Separated, Sales, Not-in-family, White, Female,-9,-1,45, Italy, <=50K
42, Self-emp-not-inc,164198, HS-grad,14, Married-civ-spouse, Transport-moving, Husband, White, Male,-34,-1,46, United-States, >50K
45, Federal-gov,240028, Some-college,10, Never-married, ?, Own-child, White, Male,-31,0,40, United-States, <=50K
35, ?,27154, Some-college,10, Never-married, Exec-managerial, Own-child, White, Male,3,-1,13, United-States, <=50K
22, Private,359154, HS-grad,9, Separated, Other-service, Husband, White, Male,-29,0,30, United-States, <=50K
56, Self-emp-not-inc,245088, Some-college,5, Married-civ-spouse, Protective-serv, Wife, White, Female,-29,1,40, United-States, <=50K
53, ?,41966, HS-grad,9, Separated, Machine-op-inspct, Unmarried, Amer-Indian-Eskimo, Female,-48,-1,45, United-States, <=50K
22, Private,149119, 10th,9, Widowed, Other-service, Not-in-family, White, Female,-69,-1,74, United-States, <=50K
24, Self-emp-not-inc,131372, Bachelors,13, Never-married, Prof-specialty, Not-in-family, White, Female,11,-1,58, United-States, >50K
42, Private,215179, Some-college,9, Married-civ-spouse, Craft-repair, Husband, White, Male,-12,2047,40, United-States, <=50K
29, Private,131301, Bachelors,10, Never-married, Adm-clerical, Not-in-family, White, Female,-15,-2,14, United-States, <=50K
21, Private,249092, HS-grad,9, Separated, Craft-repair, Unmarried, White, Male,36,1,46, United-States, <=50K
54, Self-emp-not-inc,257396, Prof-school,13, Never-married, Exec-managerial, Not-in-family, White, Male,4,1,45, United-States, >50K
35, Private,214064, 12th,7, Divorced, Prof-specialty, Own-child, White, Female,-21,0,50, United-States, <=50K
49, Private,322797, Doctorate,13, Divorced, Exec-managerial, Wife, White, Female,-38,-1,49, United-States, <=50K
50, Private,114328, 5th-6th,4, Never-married, Transport-moving, Husband, White, Male,-20,-1,40, United-States, <=50K
47, Private,311706, HS-grad,9, Married-civ-spouse, Craft-repair, Husband, White, Male,14390,0,59, El-Salvador, >50K
39, Private,34721, Masters,4, Married-civ-spouse, Sales, Husband, White, Male,-34,2070,50, United-States, <=50K
35, Private,353366, 7th-8th,13, Never-married, Craft-repair, Not-in-family, White, Male,4,3,69, Holand-Netherlands, <=50K
33, State-gov,231394, HS-grad,9, Married-civ-spouse, Machine-op-inspct, Husband, Black, Male,-17,-1,35, Mexico, >50K
29, Self-emp-not-inc,387966, HS-grad,9, Separated, Adm-clerical, Other-relative, White, Male,-13,-1,40, United-States, <=50K
33, Federal-gov,90973, Some-college,9, Never-married, Machine-op-inspct, Other-relative, White, Male,11,0,9, United-States, <=50K
20, Private,112698, Some-college,10, Never-married, ?, Unmarried, White, Female,-26,-1,60, United-States, <=50K
41, Private,343473, Bachelors,7, Separated, Handlers-cleaners, Husband, White, Male,-29,-1,40, Trinadad&Tobago, <=50K
17, ?,347780, Bachelors,4, Never-married, Exec-managerial, Other-relative, White, Male,-34,1,25, Haiti, <=50K
19, Private,162375, HS-grad,9, Divorced, Tech-support, Other-relative, White, Female,-26,3,44, Philippines, <=50K
33, Private,89570, Bachelors,13, Married-civ-spouse, Exec-managerial, Wife, Amer-Indian-Eskimo, Male,-4,-1,40, China, >50K
19, Self-emp-not-inc,260441, HS-grad,9, Married-civ-spouse, Machine-op-inspct, Husband, Black, Male,-23,0,22, United-States, <=50K
31, Private,133673, 7th-8th,13, Divorced, Adm-clerical, Own-child, White, Female,-14,1,31, United-States, <=50K
50, Private,123070, Masters,7, Married-civ-spouse, Other-service, Not-in-family, White, Female,-11,1,36, United-States, <=50K
17, ?,291267, Bachelors,11, Never-married, ?, Own-child, White, Male,-59,-1,16, United-States, <=50K
43, Self-emp-inc,191924, Some-college,6, Divorced, Sales, Wife, White, Male,-23,1,45, United-States, <=50K
42, Private,208079, HS-grad,9, Married-civ-spouse, Farming-fishing, Husband, White, Male,-7,0,40, United-States, <=50K
44, Private,215836, 10th,13, Married-civ-spouse, Sales, Husband, White, Male,-5,1,40, United-States, <=50K
44, Private,236058, Bachelors,13, Divorced, Farming-fishing, Not-in-family, White, Female,-10,0,40, United-States, >50K
19, ?,80759, Some-college,7, Widowed, ?, Not-in-family, White, Male,-21,0,30, United-States, <=50K
31, State-gov,191461, Bachelors,6, Never-married, Other-service, Unmarried, Black, Male,1,-2,7, United-States, <=50K
20, ?,255743, Some-college,10, Divorced, ?, Not-in-family, White, Male,9,1,20, United-States, <=50K
19, Self-emp-not-inc,119314, Some-college,10, Never-married, Transport-moving, Husband, White, Male,-18,0,10, United-States, <=50K
23, Local-gov,77799, HS-grad,9, Married-civ-spouse, Exec-managerial, Not-in-family, White, Female,-21,-1,40, United-States, >50K
18, Private,247687, 11th,10, Never-married, Other-service, Own-child, White, Male,-62,-2,40, United-States, <=50K
57, Local-gov,211639, Bachelors,13, Divorced, Adm-clerical, Not-in-family, White, Female,-17,-2,13, United-States, >50K
40, Self-emp-not-inc,215117, HS-grad,9, Married-civ-spouse, Craft-repair, Husband, Asian-Pac-Islander, Male,12,0,40, United-States, <=50K
22, Private,356203, Some-college,10, Never-married, Sales, Own-child, Asian-Pac-Islander, Male,-36,2,37, United-States, <=50K
52, Private,185715, HS-grad,9, Separated, Adm-clerical, Unmarried, White, Female,8,1,40, United-States, <=50K
23, Local-gov,261152, HS-grad,6, Never-married, Tech-support, Other-relative, White, Female,28,-2,40, United-States, <=50K
40, Local-gov,215276, HS-grad,9, Separated, Farming-fishing, Unmarried, Black, Female,-26,-1,44, Jamaica, <=50K
57, State-gov,101970, Assoc-acdm,13, Divorced, Prof-specialty, Wife, White, Female,-49,1,51, Vietnam, <=50K
39, Self-emp-not-inc,163421, Assoc-acdm,13, Married-civ-spouse, Sales, Husband, Asian-Pac-Islander, Male,40,0,40, United-States, <=50K
49, ?,288618, 5th-6th,13, Divorced, ?, Not-in-family, White, Female,24,0,35, United-States, <=50K
25, Private,119363, HS-grad,9, Married-spouse-absent, Craft-repair, Own-child, White, Male,-11,-1,40, United-States, <=50K
40, Private,285166, HS-grad,13, Divorced, Prof-specialty, Not-in-family, White, Female,-26,-1,40, Puerto-Rico, <=50K
54, Private,90663, HS-grad,9, Never-married, ?, Other-relative, White, Male,18,0,40, United-States, <=50K
20, ?,244763, Some-college,10, Never-married, ?, Own-child, Black, Male,-38,-1,31, United-States, <=50K
43, State-gov,182040, HS-grad,7, Never-married, Adm-clerical, Not-in-family, Black, Male,-41,-2,40, United-States, <=50K
50, Private,217445, 5th-6th,14, Never-married, Handlers-cleaners, Own-child, Black, Male,0,0,9, Mexico, <=50K
55, Local-gov,224755, HS-grad,9, Married-civ-spouse, Machine-op-inspct, Husband, White, Male,-17,-1,40, United-States, <=50K
24, ?,90053, Bachelors,10, Divorced, Other-service, Own-child, White, Male,31,-1,35, Yugoslavia, <=50K
46, Self-emp-not-inc,254254, HS-grad,9, Married-civ-spouse, Farming-fishing, Husband, Black, Male,-17,1858,59, United-States, <=50K
46, Self-emp-inc,138084, Prof-school,13, Never-married, Sales, Wife, White, Male,35,1939,64, United-States, >50K
47, Private,194582, 10th,9, Married-spouse-absent, Adm-clerical, Other-relative, White, Female,-4,-2,30, France, <=50K
42, Private,43802, Masters,9, Divorced, Transport-moving, Other-relative, White, Male,37,1,22, United-States, <=50K
26, Private,185951, Some-college,13, Divorced, Prof-specialty, Not-in-family, White, Female,7,2,40, United-States, <=50K
25, Local-gov,115484, Bachelors,7, Separated, ?, Unmarried, White, Female,-42,1,32, United-States, <=50K
24, Self-emp-not-inc,162788, Bachelors,7, Never-married, Farming-fishing, Not-in-family, White, Male,-18,-2,40, Hungary, <=50K
27, Private,202030, Bachelors,13, Widowed, Adm-clerical, Not-in-family, White, Female,-27,-1,40, United-States, <=50K
34, Private,225235, Bachelors,13, Never-married, Adm-clerical, Unmarried, White, Male,1,0,95, Iran, <=50K
41, Private,19531, Bachelors,13, Married-civ-spouse, Farming-fishing, Wife, White, Female,-12,0,64, Iran, <=50K
40, Private,94210, 10th,11, Married-civ-spouse, Sales, Wife, White, Female,19,-2,45, United-States, >50K
28, Private,223114, Some-college,4, Widowed, ?, Other-relative, White, Female,10,-1,37, United-States, <=50K
50, Private,344927, HS-grad,9, Married-civ-spouse, Adm-clerical, Husband, White, Male,-7,0,40, Ecuador, <=50K
48, Self-emp-not-inc,38383, HS-grad,9, Married-civ-spouse, Craft-repair, Husband, White, Male,-32,0,45, United-States, <=50K
26, State-gov,504070, Bachelors,13, Never-married, Adm-clerical, Not-in-family, White, Female,-30,-1,40, United-States, <=50K
39, State-gov,109507, Bachelors,15, Married-civ-spouse, Prof-specialty, Husband, White, Female,-19,-1,37, United-States, >50K
47, Private,138192, 10th,13, Divorced, Adm-clerical, Not-in-family, White, Female,-55,0,36, United-States, <=50K
34, Private,127880, Bachelors,10, Never-married, Handlers-cleaners, Other-relative, White, Male,-56,-1,40, United-States, <=50K
51, Self-emp-not-inc,179798, HS-grad,9, Divorced, Machine-op-inspct, Husband, Other, Male,-39,1,35, United-States, <=50K
48, Local-gov,411239, Masters,13, Married-civ-spouse, Machine-op-inspct, Husband, White, Male,-23,0,50, United-States, >50K
30, Private,185949, Some-college,10, Never-married, ?, Not-in-family, White, Male,-16,-1,40, United-States, <=50K
23, Self-emp-not-inc,324133, HS-grad,9, Married-civ-spouse, Protective-serv, Husband, White, Male,-2,2,40, Puerto-Rico, <=50K
52, Self-emp-inc,179253, Doctorate,16, Married-civ-spouse, Farming-fishing, Husband, White, Female,-50,0,59, United-States, >50K
51, Private,197583, Prof-school,9, Married-civ-spouse, Adm-clerical, Husband, White, Female,1,0,64, United-States, <=50K
49, Self-emp-not-inc,278487, HS-grad,16, Married-civ-spouse, Farming-fishing, Husband, White, Male,-5,-1,40, United-States, >50K
52, Private,374914, HS-grad,9, Married-civ-spouse, Handlers-cleaners, Husband, Black, Male,-14,-1,40, United-States, <=50K
37, ?,332686, 11th,5, Divorced, Adm-clerical, Own-child, White, Male,-10,0,12, United-States, <=50K
22, Private,249447, HS-grad,9, Separated, Handlers-cleaners, Husband, Black, Male,-28,0,40, United-States, <=50K
30, Private,484623, Assoc-voc,13, Divorced, Prof-specialty, Not-in-family, White, Female,-34,-2,31, United-States, <=50K
25, Self-emp-not-inc,233768, 1st-4th,5, Never-married, Priv-house-serv, Own-child, White, Male,-20,1,35, United-States, <=50K
48, Local-gov,198569, Bachelors,13, Divorced, Prof-specialty, Wife, Asian-Pac-Islander, Male,-10,-2,50, United-States, >50K
17, Private,267226, 10th,9, Never-married, Exec-managerial, Own-child, White, Male,-23,1,24, United-States, <=50K
25, State-gov,216855, Bachelors,13, Never-married, Sales, Unmarried, White, Female,-36,-1,23, United-States, <=50K
40, Self-emp-inc,199550, Bachelors,13, Married-civ-spouse, Prof-specialty, Not-in-family, White, Male,-26,0,59, United-States, >50K
44, Private,402788, 10th,13, Divorced, Adm-clerical, Not-in-family, Amer-Indian-Eskimo, Female,15,-2,35, United-States, <=50K
19, Private,339773, 10th,5, Never-married, Other-service, Own-child, White, Male,-16,-1,30, United-States, <=50K
19, Private,278470, Some-college,10, Never-married, Prof-specialty, Own-child, White, Male,-12,1,24, United-States, <=50K
48, Private,41221, 11th,13, Widowed, Adm-clerical, Own-child, White, Female,-10,-1,21, United-States, <=50K
44, Private,235580, HS-grad,7, Never-married, Prof-specialty, Other-relative, Other, Male,-40,0,30, South, <=50K
25, Self-emp-not-inc,324871, Assoc-acdm,13, Separated, Prof-specialty, Unmarried, White, Female,-38,0,58, United-States, <=50K
25, Private,333732, Some-college,10, Divorced, Farming-fishing, Not-in-family, White, Male,-21,1,50, United-States, <=50K
44, Self-emp-not-inc,291231, Some-college,7, Divorced, Craft-repair, Own-child, White, Male,-23,-1,37, United-States, >50K
38, State-gov,327442, Bachelors,13, Divorced, ?, Not-in-family, White, Male,-18,0,30, United-States, <=50K
22, Private,36153, HS-grad,5, Married-civ-spouse, Protective-serv, Husband, Black, Female,28,-1,40, Nicaragua, <=50K
18, Private,181673, Bachelors,7, Never-married, Sales, Not-in-family, White, Male,-6,-1,24, United-States, <=50K
52, Private,132426, Assoc-voc,13, Never-married, Other-service, Not-in-family, Black, Male,-58,0,31, Thailand, <=50K
50, ?,261426, Some-college,10, Divorced, Protective-serv, Not-in-family, White, Male,3,0,40, United-States, <=50K
22, Local-gov,353185, Bachelors,13, Separated, Prof-specialty, Wife, White, Female,-8,-1,40, United-States, >50K
19, ?,121647, Some-college,7, Never-married, ?, Not-in-family, Other, Female,3,1,31, United-States, <=50K
36, Local-gov,114723, Assoc-voc,10, Never-married, Exec-managerial, Not-in-family, White, Male,-9,1,30, United-States, <=50K
47, Private,102940, Some-college,14, Married-civ-spouse, Farming-fishing, Husband, White, Male,11,0,46, United-States, >50K
46, Private,238678, Assoc-acdm,9, Married-civ-spouse, Adm-clerical, Wife, White, Female,-54,1,40, United-States, <=50K
20, Local-gov,264840, Bachelors,13, Never-married, Prof-specialty, Own-child, White, Male,7,1,46, United-States, <=50K
49, Private,189299, Assoc-voc,13, Divorced, Craft-repair, Not-in-family, Asian-Pac-Islander, Female,-6,-1,44, ?, <=50K
39, Self-emp-inc,249205, Masters,14, Married-civ-spouse, Prof-specialty, Husband, White, Male,6903,-1,40, United-States, <=50K
25, Federal-gov,31616, Bachelors,13, Divorced, Prof-specialty, Not-in-family, White, Female,-23,0,44, United-States, <=50K
46, Local-gov,120947, HS-grad,9, Separated, Adm-clerical, Not-in-family, White, Female,-16,-1,31, United-States, <=50K
44, Private,213978, 10th,13, Divorced, Tech-support, Other-relative, White, Male,-20,-1,45, India, <=50K
21, Self-emp-not-inc,181174, 10th,14, Divorced, Prof-specialty, Not-in-family, Asian-Pac-Islander, Female,0,1,40, Canada, >50K
24, Private,392984, 10th,6, Never-married, Farming-fishing, Not-in-family, White, Male,-37,-2,14, United-States, <=50K
23, Local-gov,307759, 7th-8th,13, Divorced, Exec-managerial, Not-in-family, Asian-Pac-Islander, Male,2414,0,36, United-States, <=50K
23, Private,256704, HS-grad,9, Married-civ-spouse, Other-service, Husband, White, Male,-6,2,40, Outlying-US(Guam-USVI-etc), <=50K
35, Local-gov,102259, HS-grad,6, Married-civ-spouse, Exec-managerial, Wife, White, Male,-38,-1,51, Hong, <=50K
45, Never-worked,228088, Some-college,5, Married-civ-spouse, Transport-moving, Not-in-family, White, Male,-31,0,45, United-States, <=50K
36, Local-gov,114790, Prof-school,15, Married-civ-spouse, Farming-fishing, Wife, White, Female,-5,-1,50, United-States, >50K
48, Local-gov,115201, 9th,13, Separated, Adm-clerical, Not-in-family, White, Female,-49,2,31, United-States, <=50K
24, Private,214897, Assoc-acdm,12, Never-married, ?, Own-child, White, Male,-42,2,23, United-States, <=50K
41, Private,131317, HS-grad,9, Married-civ-spouse, Protective-serv, Own-child, White, Male,-29,1,40, United-States, <=50K
43, Private,48216, Assoc-voc,11, Divorced, Farming-fishing, Unmarried, White, Female,-46,-1,40, United-States, <=50K
50, Without-pay,298741, Assoc-voc,13, Married-civ-spouse, Exec-managerial, Not-in-family, White, Female,-12,0,37, United-States, <=50K
70, Private,232241, Assoc-voc,5, Married-civ-spouse, Transport-moving, Wife, White, Female,-36,-1,50, United-States, >50K
39, Private,30292, HS-grad,9, Married-civ-spouse, Exec-managerial, Husband, White, Male,-64,1,40, United-States, <=50K
27, Private,221668, Some-college,13, Married-civ-spouse, Adm-clerical, Own-child, Amer-Indian-Eskimo, Male,-11,-1,45, United-States, <=50K
25, ?,32229, Some-college,7, Never-married, Tech-support, Own-child, Black, Male,-8,1,35, United-States, <=50K
22, State-gov,269265, 9th,6, Never-married, Other-service, Not-in-family, White, Male,-24,0,36, United-States, <=50K
24, Local-gov,187613, Bachelors,14, Married-civ-spouse, Other-service, Husband, White, Male,39,1,73, United-States, <=50K
49, ?,133109, 9th,9, Never-married, ?, Unmarried, White, Male,3,-2,23, United-States, <=50K
22, Private,100504, Some-college,10, Never-married, ?, Not-in-family, White, Male,-13,-2,34, United-States, <=50K
26, Private,106744, HS-grad,9, Married-civ-spouse, Transport-moving, Husband, White, Male,-15,0,40, United-States, <=50K
39, Private,168300, HS-grad,7, Never-married, Craft-repair, Own-child, White, Male,-13,-1,50, United-States, <=50K
43, Private,209214, Some-college,10, Married-civ-spouse, Adm-clerical, Husband, White, Female,4,-1,40, United-States, <=50K
47, Self-emp-inc,316133, Doctorate,14, Married-civ-spouse, Craft-repair, Wife, White, Female,-8,0,45, United-States, >50K
63, Never-worked,307271, 11th,9, Married-civ-spouse, Adm-clerical, Husband, Black, Female,-25,-1,50, United-States, >50K
41, Self-emp-inc,71666, Prof-school,14, Married-civ-spouse, Prof-specialty, Husband, White, Male,9,-2,50, United-States, >50K
62, Private,47194, HS-grad,9, Married-civ-spouse, Transport-moving, Husband, White, Male,22,1,40, Greece, <=50K
24, Private,258882, Bachelors,4, Married-civ-spouse, Prof-specialty, Own-child, White, Male,3,0,51, United-States, <=50K
59, ?,96896, Prof-school,14, Never-married, ?, Not-in-family, White, Male,8,-1,45, United-States, <=50K
23, Private,138885, HS-grad,10, Never-married, Handlers-cleaners, Own-child, White, Male,-32,-2,23, United-States, <=50K
20, Private,110599, Bachelors,10, Divorced, Exec-managerial, Not-in-family, White, Male,14,-2,35, United-States, <=50K
61, Self-emp-not-inc,236968, 9th,13, Never-married, Exec-managerial, Husband, Other, Male,13,0,44, United-States, <=50K
27, Private,410271, Some-college,10, Married-civ-spouse, Prof-specialty, Husband, White, Male,14099,-2,40, United-States, <=50K
41, Self-emp-inc,192030, Bachelors,14, Married-civ-spouse, Prof-specialty, Wife, White, Male,-12,-2,70, United-States, >50K
52, Private,186131, HS-grad,9, Separated, Craft-repair, Wife, White, Female,2730,-2,40, Mexico, <=50K
46, Private,239735, Assoc-voc,9, Married-civ-spouse, Exec-managerial, Husband, White, Female,-30,1,50, United-States, >50K
18, Private,243249, 10th,4, Never-married, Other-service, Own-child, White, Male,10,1,40, United-States, <=50K
22, Private,38625, 11th,7, Never-married, Prof-specialty, Not-in-family, White, Male,-16,0,45, United-States, <=50K
37, State-gov,36680, Bachelors,13, Married-civ-spouse, Exec-managerial, Unmarried, White, Male,-16,0,59, Dominican-Republic, <=50K
52, Private,325469, Bachelors,10, Widowed, ?, Not-in-family, White, Female,-5,0,40, United-States, <=50K
37, Private,246909, Prof-school,9, Married-civ-spouse, Handlers-cleaners, Husband, White, Male,-21,1,40, United-States, <=50K
42, Private,56894, HS-grad,9, Divorced, Machine-op-inspct, Husband, Black, Male,-59,0,45, Poland, <=50K
20, Private,123596, HS-grad,9, Divorced, Other-service, Other-relative, White, Female,-54,0,40, United-States, <=50K
41, Private,272982, HS-grad,9, Married-spouse-absent, Adm-clerical, Wife, White, Female,-46,2,40, United-States, <=50K
54, Never-worked,328871, HS-grad,13, Married-civ-spouse, Prof-specialty, Husband, White, Male,-25,1,46, Outlying-US(Guam-USVI-etc), >50K
48, Private,124813, Bachelors,14, Married-civ-spouse, Exec-managerial, Husband, White, Male,-14,0,16, United-States, <=50K
23, Private,211678, Bachelors,13, Never-married, Prof-specialty, Not-in-family, White, Male,-19,0,40, United-States, <=50K
38, Local-gov,367673, Some-college,13, Divorced, Adm-clerical, Not-in-family, Black, Female,-32,0,35, Vietnam, <=50K
23, Private,252978, HS-grad,9, Married-civ-spouse, Craft-repair, Husband, White, Male,-5,1,40, United-States, <=50K
38, Private,27216, 7th-8th,8, Married-civ-spouse, Machine-op-inspct, Husband, White, Male,-24,2,40, Mexico, <=50K
21, Private,95865, HS-grad,9, Married-civ-spouse, Transport-moving, Husband, Amer-Indian-Eskimo, Male,-19,0,18, Mexico, <=50K
40, Local-gov,201713, Bachelors,13, Married-civ-spouse, Prof-specialty, Wife, Asian-Pac-Islander, Female,-3,-1,40, United-States, >50K
53, Private,372896, HS-grad,9, Married-civ-spouse, Craft-repair, Husband, White, Male,-6,0,40, United-States, <=50K
50, Federal-gov,150199, Bachelors,13, Married-civ-spouse, Farming-fishing, Husband, White, Male,-39,-1,40, Trinadad&Tobago, >50K
27, Private,325131, HS-grad,9, Never-married, Handlers-cleaners, Not-in-family, Black, Male,-24,0,40, United-States, <=50K
47, Self-emp-inc,106099, Masters,14, Married-civ-spouse, Prof-specialty, Wife, White, Male,-31,1,40, United-States, >50K
62, Local-gov,356152, Assoc-acdm,4, Married-AF-spouse, Adm-clerical, Unmarried, White, Female,-27,0,40, Philippines, <=50K
29, State-gov,203058, Some-college,10, Widowed, Adm-clerical, Own-child, White, Male,0,0,37, United-States, <=50K
47, Self-emp-not-inc,273627, Bachelors,13, Married-civ-spouse, Farming-fishing, Wife, White, Female,36,0,67, Iran, >50K
46, ?,359553, Assoc-voc,7, Never-married, Craft-repair, Not-in-family, White, Female,-28,1759,36, United-States, <=50K
24, Private,140051, Bachelors,13, Divorced, Sales, Not-in-family, Black, Female,-8,-1,36, Haiti, <=50K
18, ?,44467, 11th,10, Never-married, ?, Own-child, White, Male,-21,0,23, United-States, <=50K
48, ?,91204, Assoc-voc,13, Divorced, Adm-clerical, Not-in-family, White, Female,-12,2,22, United-States, <=50K
23, Private,319214, Bachelors,7, Never-married, Handlers-cleaners, Own-child, White, Male,-13,-1,40, United-States, <=50K
48, Federal-gov,42436, Bachelors,13, Divorced, Adm-clerical, Unmarried, White, Female,6,1,45, United-States, >50K
46, Self-emp-not-inc,109374, Some-college,4, Married-civ-spouse, Sales, Husband, White, Male,8,1,40, Guatemala, <=50K
41, Self-emp-inc,191903, Bachelors,10, Married-civ-spouse, Prof-specialty, Husband, White, Male,12,-1,45, United-States, >50K
39, State-gov,344115, Bachelors,13, Never-married, Prof-specialty, Unmarried, White, Female,-18,1,13, Mexico, <=50K
50, Federal-gov,347994, HS-grad,5, Married-spouse-absent, Other-service, Unmarried, White, Male,-30,1,50, United-States, <=50K
58, Private,251372, HS-grad,9, Divorced, Craft-repair, Other-relative, White, Male,-17,1,40, United-States, <=50K
53, State-gov,214935, 5th-6th,5, Married-civ-spouse, Sales, Husband, White, Male,9,0,43, United-States, <=50K
43, Self-emp-not-inc,480160, Assoc-acdm,10, Married-civ-spouse, Adm-clerical, Own-child, White, Male,7,-1,31, United-States, <=50K
35, Local-gov,38383, Prof-school,9, Married-civ-spouse, Exec-managerial, Husband, White, Male,15154,0,89, United-States, >50K
59, State-gov,192132, Some-college,7, Never-married, ?, Own-child, Asian-Pac-Islander, Male,-42,1,45, United-States, <=50K
28, Private,221245, Assoc-voc,13, Married-civ-spouse, Exec-managerial, Husband, White, Male,30,1,36, ?, >50K
34, Private,62248, Bachelors,13, Never-married, Exec-managerial, Not-in-family, Other, Female,6,0,44, Mexico, <=50K
65, Private,128628, HS-grad,9, Widowed, Craft-repair, Not-in-family, White, Female,-9,-2,40, Dominican-Republic, <=50K
34, Private,342148, 7th-8th,10, Married-civ-spouse, Handlers-cleaners, Husband, White, Male,1,-1,50, United-States, <=50K
49, Private,128983, Bachelors,13, Divorced, Prof-specialty, Not-in-family, Black, Female,-30,0,59, Thailand, <=50K
39, Self-emp-inc,32501, HS-grad,4, Married-civ-spouse, Sales, Husband, Black, Male,-31,1,45, United-States, <=50K
45, Private,154461, Bachelors,10, Divorced, Prof-specialty, Not-in-family, White, Female,-39,-1,44, United-States, >50K
23, ?,279244, Bachelors,13, Never-married, ?, Own-child, White, Male,-62,0,31, United-States, <=50K
46, ?,170953, 10th,13, Married-civ-spouse, Prof-specialty, Wife, Asian-Pac-Islander, Male,-64,-1,40, Canada, >50K
43, Private,48194, 1st-4th,6, Married-civ-spouse, Adm-clerical, Not-in-family, Other, Female,24,-2,40, Jamaica, <=50K
22, Private,331228, Bachelors,10, Never-married, Tech-support, Own-child, White, Male,-2,-2,19, Italy, <=50K
20, Private,100049, 11th,9, Never-married, Other-service, Unmarried, Amer-Indian-Eskimo, Male,-23,-1,6, United-States, <=50K
37, Private,210602, HS-grad,9, Married-civ-spouse, Machine-op-inspct, Husband, White, Female,-14,1,40, United-States, <=50K
23, Private,112149, Bachelors,7, Married-spouse-absent, Machine-op-inspct, Not-in-family, White, Male,-32,2,40, United-States, <=50K
18, ?,306870, 11th,10, Never-married, ?, Own-child, White, Male,-17,1,14, United-States, <=50K
46, Private,184099, Assoc-voc,9, Married-spouse-absent, Other-service, Other-relative, White, Female,-11,-1,25, South, <=50K
39, Private,100297, 11th,9, Married-civ-spouse, Tech-support, Own-child, Asian-Pac-Islander, Male,-11,-1,22, Cambodia, <=50K
20, Self-emp-inc,101356, HS-grad,13, Married-civ-spouse, Exec-managerial, Not-in-family, White, Male,4,1,55, England, <=50K
53, Federal-gov,33881, Some-college,10, Never-married, ?, Own-child, White, Female,-33,2,51, United-States, <=50K
31, Private,217255, HS-grad,9, Married-civ-spouse, Exec-managerial, Husband, White, Female,-34,3,44, United-States, <=50K
26, Private,139701, Some-college,13, Never-married, ?, Husband, White, Male,0,-1,44, United-States, <=50K
53, Federal-gov,33383, Bachelors,10, Never-married, ?, Own-child, Black, Female,-1,1,31, United-States, <=50K
59, Private,182576, HS-grad,14, Married-civ-spouse, Craft-repair, Wife, White, Male,-29,0,59, United-States, <=50K
44, Private,409899, Bachelors,13, Married-civ-spouse, Adm-clerical, Wife, White, Female,16,-2,82, United-States, >50K
17, Self-emp-not-inc,167245, 10th,15, Married-civ-spouse, Craft-repair, Husband, White, Male,2,-1,40, United-States, >50K
22, Private,141627, HS-grad,9, Separated, Craft-repair, Husband, Black, Male,-18,1,40, United-States, <=50K
28, Self-emp-inc,107204, Assoc-voc,13, Married-civ-spouse, Prof-specialty, Wife, White, Male,10,-1,50, Taiwan, <=50K
47, Private,41887, Bachelors,14, Never-married, Prof-specialty, Not-in-family, White, Female,-12,1,37, China, <=50K
45, Private,260332, HS-grad,9, Never-married, Other-service, Own-child, White, Male,-3,-1,22, United-States, <=50K
24, Private,109096, 10th,10, Never-married, Tech-support, Own-child, Amer-Indian-Eskimo, Male,4,-1,35, United-States, <=50K
17, Private,148775, HS-grad,7, Never-married, Handlers-cleaners, Own-child, Black, Male,-50,0,23, Mexico, <=50K
31, Private,241268, HS-grad,9, Married-civ-spouse, Adm-clerical, Other-relative, White, Male,-10,1,40, United-States, <=50K
38, Self-emp-not-inc,237744, Bachelors,13, Divorced, Prof-specialty, Not-in-family, White, Female,-16,2,69, United-States, >50K
26, Local-gov,301726, Bachelors,13, Married-AF-spouse, Adm-clerical, Unmarried, White, Female,0,0,35, United-States, <=50K
48, Private,217935, HS-grad,5, Separated, Protective-serv, Husband, White, Female,4,1,40, Jamaica, <=50K
31, Self-emp-not-inc,102570, HS-grad,9, Divorced, Adm-clerical, Unmarried, White, Male,11,2,40, United-States, <=50K
39, Private,188328, 12th,6, Married-civ-spouse, Machine-op-inspct, Unmarried, White, Male,-25,-1,58, United-States, <=50K
53, Local-gov,190155, Bachelors,14, Married-civ-spouse, Prof-specialty, Husband, White, Male,14981,1,67, United-States, >50K
63, State-gov,117984, Prof-school,7, Never-married, Adm-clerical, Other-relative, White, Male,-17,1,37, United-States, <=50K
50, ?,28715, 5th-6th,5, Married-spouse-absent, Adm-clerical, Not-in-family, White, Male,-21,-1,45, Poland, <=50K
40, Private,126501, Bachelors,13, Married-civ-spouse, Prof-specialty, Husband, Asian-Pac-Islander, Female,6861,-2,40, United-States, <=50K
47, Private,212906, HS-grad,9, Married-civ-spouse, Transport-moving, Husband, White, Male,-26,-1,45, South, <=50K
42, Private,258271, Bachelors,10, Never-married, Other-service, Not-in-family, Amer-Indian-Eskimo, Female,11,-1,30, United-States, <=50K
29, Self-emp-not-inc,25442, Bachelors,13, Divorced, Sales, Unmarried, Black, Female,8,-1,36, United-States, <=50K
22, Private,204790, HS-grad,10, Never-married, Other-service, Own-child, Black, Male,-19,0,40, United-States, <=50K
55, Local-gov,196119, Masters,14, Married-civ-spouse, Sales, Husband, White, Male,-22,-1,50, United-States, >50K
16, Private,270553, 10th,10, Never-married, ?, Own-child, White, Male,-23,-1,66, United-States, <=50K
22, Private,275971, Some-college,10, Married-civ-spouse, Sales, Own-child, White, Male,-39,0,40, United-States, <=50K
43, Private,120422, 12th,13, Never-married, Tech-support, Not-in-family, Black, Male,-24,0,49, United-States, <=50K
49, Private,44577, 5th-6th,13, Divorced, Adm-clerical, Not-in-family, White, Female,-62,0,40, United-States, <=50K
51, Self-emp-not-inc,35380, Assoc-voc,9, Married-civ-spouse, Exec-managerial, Husband, White, Male,-28,-1,44, United-States, >50K
27, Private,185785, Some-college,10, Never-married, Tech-support, Not-in-family, White, Male,-22,0,26, United-States, <=50K
17, ?,309045, Some-college,7, Never-married, ?, Own-child, White, Male,-9,0,22, United-States, <=50K
35, Private,236132, HS-grad,9, Married-civ-spouse, Craft-repair, Husband, White, Male,-33,0,40, United-States, <=50K
35, Private,356267, Bachelors,14, Married-civ-spouse, Tech-support, Husband, White, Male,-38,1,63, United-States, <=50K
40, Private,321690, Bachelors,13, Married-civ-spouse, Exec-managerial, Husband, Asian-Pac-Islander, Male,1,0,58, England, >50K
39, Local-gov,137203, Assoc-voc,7, Widowed, Exec-managerial, Wife, Asian-Pac-Islander, Female,-3,-1,40, United-States, <=50K
26, Private,414888, HS-grad,9, Married-civ-spouse, Craft-repair, Husband, White, Male,3,-2,40, United-States, <=50K
41, Private,100128, Some-college,13, Married-civ-spouse, Adm-clerical, Wife, White, Female,-10,-2,47, United-States, >50K
53, Private,264392, Masters,5, Married-civ-spouse, Sales, Husband, White, Male,-52,-1,49, ?, <=50K
36, Private,190627, HS-grad,9, Married-civ-spouse, Machine-op-inspct, Husband, White, Male,-14,1,40, United-States, <=50K
41, Local-gov,77975, Bachelors,16, Married-civ-spouse, Sales, Husband, White, Male,-4,-1,50, United-States, >50K
20, ?,271716, 10th,7, Separated, ?, Not-in-family, White, Male,-42,-1,20, United-States, <=50K
36, Federal-gov,387988, Some-college,16, Married-civ-spouse, ?, Own-child, White, Male,-55,2,40, Mexico, <=50K
29, State-gov,353906, Bachelors,6, Married-civ-spouse, Exec-managerial, Not-in-family, White, Male,-12,0,50, ?, >50K
58, Self-emp-not-inc,83799, HS-grad,9, Married-civ-spouse, Craft-repair, Husband, White, Male,4,1,40, United-States, <=50K
21, Local-gov,283086, Bachelors,13, Divorced, Adm-clerical, Other-relative, White, Male,-20,0,40, United-States, <=50K
40, Self-emp-not-inc,100544, HS-grad,9, Married-civ-spouse, Exec-managerial, Husband, White, Female,5,0,40, ?, <=50K
20, Private,236507, HS-grad,7, Widowed, Craft-repair, Husband, Amer-Indian-Eskimo, Male,23,-1,40, Honduras, <=50K
23, Private,228649, Bachelors,4, Married-civ-spouse, Other-service, Other-relative, White, Male,-22,0,40, Honduras, <=50K
18, Private,167596, HS-grad,9, Never-married, Craft-repair, Unmarried, Black, Male,-7,0,25, Mexico, <=50K
42, Private,332195, Masters,13, Married-civ-spouse, Exec-managerial, Wife, White, Female,-20,0,40, United-States, >50K
17, Private,256295, HS-grad,7, Never-married, Other-service, Not-in-family, White, Female,-1,-2,36, United-States, <=50K
25, Private,269063, HS-grad,7, Divorced, Other-service, Own-child, White, Female,-1,0,22, United-States, <=50K
41, State-gov,279816, Some-college,10, Never-married, Handlers-cleaners, Unmarried, White, Female,-10,1,45, United-States, <=50K
54, Private,332853, 9th,10, Married-civ-spouse, Handlers-cleaners, Husband, White, Male,-62,0,40, Japan, <=50K
45, Private,190625, HS-grad,7, Divorced, Machine-op-inspct, Unmarried, White, Female,2,-1,36, United-States, <=50K
49, Self-emp-not-inc,83413, HS-grad,7, Married-civ-spouse, Machine-op-inspct, Wife, White, Female,-25,-1,49, United-States, <=50K
50, Without-pay,204279, Masters,13, Married-civ-spouse, Prof-specialty, Own-child, White, Male,-85,-3,46, United-States, <=50K
18, Private,124753, 10th,6, Never-married, Other-service, Own-child, White, Male,-18,0,23, Mexico, <=50K
48, Private,210063, Bachelors,13, Divorced, Prof-specialty, Not-in-family, White, Female,-34,1,23, United-States, <=50K
24, Private,41110, Some-college,13, Separated, Adm-clerical, Unmarried, White, Female,-5,0,31, United-States, <=50K
46, Private,290388, 5th-6th,6, Married-civ-spouse, Exec-managerial, Husband, White, Male,-12,2,40, United-States, <=50K
18, Private,351735, Some-college,13, Never-married, ?, Own-child, White, Male,-24,2,24, United-States, <=50K
54, Self-emp-not-inc,211175, Bachelors,13, Separated, Farming-fishing, Husband, White, Male,6,1,58, United-States, <=50K
43, Private,111160, Bachelors,7, Separated, Prof-specialty, Not-in-family, White, Female,2553,-1,34, Italy, <=50K
25, Private,136107, HS-grad,9, Married-civ-spouse, Handlers-cleaners, Husband, White, Male,-24,0,68, United-States, >50K
17, Private,123147, 10th,10, Never-married, Other-service, Own-child, White, Male,-48,1,25, United-States, <=50K
34, Private,236885, HS-grad,9, Married-civ-spouse, ?, Own-child, White, Male,14,0,40, China, <=50K
38, ?,101220, Bachelors,7, Never-married, ?, Other-relative, White, Female,-57,1,12, United-States, <=50K
56, Private,42121, HS-grad,9, Married-civ-spouse, Farming-fishing, Husband, White, Male,-26,0,40, United-States, <=50K
45, Private,185820, 12th,7, Never-married, Handlers-cleaners, Husband, Black, Male,-35,-2,45, Vietnam, <=50K
19, ?,105310, Some-college,10, Never-married, ?, Own-child, White, Male,-37,0,38, United-States, <=50K
42, Private,89880, Some-college,10, Widowed, Adm-clerical, Unmarried, White, Female,16,0,26, United-States, <=50K
20, Private,27683, Bachelors,5, Separated, Other-service, Not-in-family, Black, Female,-49,0,40, Mexico, <=50K
26, Private,345407, HS-grad,9, Married-spouse-absent, Handlers-cleaners, Husband, White, Male,9,0,40, United-States, <=50K
19, Private,44203, Bachelors,13, Married-spouse-absent, Prof-specialty, Not-in-family, White, Female,-10,-1,44, United-States, >50K
43, Self-emp-inc,88147, Bachelors,13, Married-civ-spouse, Farming-fishing, Not-in-family, White, Female,38,-1,44, United-States, >50K
24, Private,248751, HS-grad,9, Never-married, Machine-op-inspct, Unmarried, Black, Male,-12,1,40, United-States, <=50K
59, Private,95772, Bachelors,13, Never-married, Prof-specialty, Not-in-family, White, Female,-11,-1,50, United-States, >50K
42, Self-emp-inc,334711, Bachelors,14, Married-civ-spouse, Prof-specialty, Wife, White, Female,-13,-1,56, United-States, >50K
56, Private,264450, HS-grad,9, Married-civ-spouse, Craft-repair, Husband, White, Male,-62,-1,40, United-States, <=50K
41, Private,239712, Bachelors,13, Divorced, Prof-specialty, Own-child, White, Female,26,1,68, United-States, <=50K
18, Private,103395, Doctorate,9, Married-civ-spouse, Prof-specialty, Wife, Asian-Pac-Islander, Female,-43,0,45, United-States, >50K
51, Private,181196, 1st-4th,9, Widowed, Exec-managerial, Other-relative, White, Female,-5,-2,40, Scotland, <=50K
54, Self-emp-inc,232901, HS-grad,9, Married-civ-spouse, Farming-fishing, Husband, White, Male,0,1,40, United-States, >50K
54, Self-emp-inc,278943, 11th,13, Married-civ-spouse, Sales, Not-in-family, White, Male,26,1,36, United-States, <=50K
24, Private,262737, 1st-4th,10, Never-married, Priv-house-serv, Not-in-family, White, Male,25,-1,45, United-States, <=50K
18, Private,271896, Masters,13, Never-married, Exec-managerial, Not-in-family, White, Male,-48,2,36, Japan, >50K
45, Private,352698, 5th-6th,6, Married-civ-spouse, Machine-op-inspct, Husband, White, Male,-34,-1,40, United-States, <=50K
40, Local-gov,229058, HS-grad,9, Married-civ-spouse, Tech-support, Husband, White, Male,3,0,9, United-States, <=50K
21, ?,355667, Bachelors,13, Never-married, Sales, Not-in-family, White, Female,-15,1,11, United-States, <=50K
64, ?,249561, Some-college,10, Never-married, Transport-moving, Not-in-family, White, Male,-3,0,9, United-States, <=50K
41, Private,45635, 7th-8th,9, Married-civ-spouse, Farming-fishing, Unmarried, White, Female,-1,-1,40, Taiwan, <=50K
43, Private,127441, Bachelors,13, Widowed, Exec-managerial, Not-in-family, White, Female,10,1,43, United-States, <=50K
18, ?,314111, 11th,10, Never-married, ?, Own-child, White, Male,-25,0,21, United-States, <=50K
38, Self-emp-not-inc,224267, Bachelors,14, Married-civ-spouse, Farming-fishing, Not-in-family, White, Male,-12,-1,58, Iran, <=50K
45, Self-emp-not-inc,26927, HS-grad,9, Married-AF-spouse, Adm-clerical, Unmarried, White, Female,-22,-1,40, United-States, <=50K
41, Private,99300, 12th,13, Separated, Machine-op-inspct, Unmarried, Black, Female,-26,-3,50, United-States, >50K
48, ?,289229, 9th,7, Never-married, Adm-clerical, Unmarried, Black, Male,-15,-1,40, United-States, <=50K
50, Private,180073, 7th-8th,14, Separated, Prof-specialty, Not-in-family, White, Male,-7,0,40, ?, <=50K
51, Private,95212, Masters,16, Married-civ-spouse, Craft-repair, Husband, White, Male,-25,2041,46, United-States, >50K
47, Private,331565, Some-college,10, Divorced, Prof-specialty, Not-in-family, White, Male,23,1,31, United-States, <=50K
31, Private,214329, Bachelors,13, Divorced, ?, Unmarried, White, Male,-25,-1,17, England, <=50K
19, Self-emp-not-inc,46355, Some-college,10, Never-married, ?, Own-child, White, Male,-19,2,25, United-States, <=50K
24, Private,257962, Some-college,11, Divorced, ?, Not-in-family, White, Female,-30,0,40, United-States, <=50K
20, Private,233484, HS-grad,9, Married-civ-spouse, Sales, Husband, White, Male,-26,0,40, United-States, <=50K
60, Private,42278, Bachelors,13, Divorced, Adm-clerical, Unmarried, Asian-Pac-Islander, Female,28,0,35, Canada, <=50K
19, ?,95419, Bachelors,10, Never-married, ?, Wife, White, Male,-5,0,22, Canada, >50K
27, ?,341591, Bachelors,13, Married-spouse-absent, Other-service, Not-in-family, White, Male,-8,-1,31, United-States, <=50K
19, ?,286957, 11th,10, Never-married, Other-service, Own-child, Black, Female,-43,0,25, United-States, <=50K
51, Private,23809, Bachelors,13, Separated, Adm-clerical, Wife, White, Female,0,2,58, United-States, >50K
43, State-gov,384691, 7th-8th,16, Married-civ-spouse, Exec-managerial, Husband, White, Male,-35,-1,40, United-States, >50K
26, Without-pay,279303, Assoc-voc,9, Married-civ-spouse, Prof-specialty, Not-in-family, White, Female,22,-1,40, Puerto-Rico, >50K
42, Private,311435, HS-grad,9, Married-civ-spouse, Craft-repair, Husband, White, Male,-56,-1,44, United-States, <=50K
43, Private,246492, HS-grad,9, Married-civ-spouse, Craft-repair, Husband, White, Male,-18,1,56, United-States, <=50K
54, Local-gov,24784, Some-college,10, Married-civ-spouse, Machine-op-inspct, Husband, Asian-Pac-Islander, Male,13,0,40, United-States, <=50K
60, Private,141528, 10th,10, Married-spouse-absent, Handlers-cleaners, Own-child, White, Male,-59,-1,45, Mexico, <=50K
47, Private,245127, Bachelors,13, Divorced, Adm-clerical, Wife, White, Female,-16,0,40, Taiwan, >50K
21, ?,346032, Some-college,4, Never-married, Craft-repair, Own-child, White, Male,-15,0,25, United-States, <=50K
73, Private,208272, HS-grad,9, Married-civ-spouse, Craft-repair, Unmarried, White, Female,-11,0,40, United-States, <=50K
43, Private,265462, HS-grad,9, Married-civ-spouse, Craft-repair, Husband, White, Female,-40,-2,40, United-States, >50K
25, ?,80255, Bachelors,7, Divorced, ?, Own-child, White, Male,-10,-1,44, United-States, <=50K
54, Private,180835, Bachelors,11, Separated, Adm-clerical, Unmarried, Black, Male,-24,-1,40, India, <=50K
47, Private,337803, HS-grad,9, Married-civ-spouse, Handlers-cleaners, Husband, Black, Male,-57,-2,45, Laos, <=50K
41, State-gov,84878, Some-college,16, Married-civ-spouse, Protective-serv, Husband, White, Male,18,-1,50, United-States, >50K
23, Private,106314, 7th-8th,7, Never-married, Handlers-cleaners, Not-in-family, White, Male,-27,1,101, ?, <=50K
62, Self-emp-not-inc,25805, Bachelors,10, Married-civ-spouse, Prof-specialty, Husband, White, Male,0,0,36, United-States, >50K
25, ?,465717, 9th,13, Divorced, Other-service, Not-in-family, White, Female,-59,0,31, United-States, <=50K
22, ?,121302, HS-grad,11, Never-married, Handlers-cleaners, Not-in-family, White, Female,-11,-1,40, United-States, <=50K
31, Private,236503, HS-grad,9, Married-civ-spouse, Craft-repair, Husband, White, Male,5,1,49, United-States, <=50K
28, Private,197509, 11th,9, Married-civ-spouse, Other-service, Other-relative, White, Male,-20,2,46, Mexico, <=50K
44, Private,213909, Bachelors,13, Divorced, Farming-fishing, Husband, White, Female,-25,0,50, United-States, >50K
55, Federal-gov,176533, HS-grad,13, Widowed, Machine-op-inspct, Husband, White, Male,-37,2,40, United-States, <=50K
35, Local-gov,96994, Bachelors,13, Divorced, Adm-clerical, Not-in-family, White, Female,-21,-2,40, Puerto-Rico, <=50K
45, Private,229687, Bachelors,13, Married-civ-spouse, Exec-managerial, Husband, Amer-Indian-Eskimo, Female,3046,0,40, United-States, >50K
46, Private,342372, Bachelors,9, Married-spouse-absent, Machine-op-inspct, Husband, White, Male,13,-1,50, United-States, <=50K
25, State-gov,182613, HS-grad,14, Divorced, Transport-moving, Wife, White, Male,-11,0,40, United-States, <=50K
40, Private,50731, HS-grad,13, Married-civ-spouse, Exec-managerial, Husband, White, Male,-32,0,40, United-States, <=50K
31, State-gov,36986, Some-college,7, Divorced, Prof-specialty, Not-in-family, White, Female,-37,0,40, United-States, >50K
43, Self-emp-inc,37909, HS-grad,9, Married-civ-spouse, Protective-serv, Husband, White, Male,6,-1,40, United-States, >50K
21, Private,264381, Some-college,10, Never-married, Sales, Own-child, White, Male,-92,-2,26, United-States, <=50K
53, Private,30447, HS-grad,9, Divorced, Other-service, Other-relative, White, Male,-39,2,36, United-States, <=50K
37, Federal-gov,214240, Masters,14, Married-civ-spouse, Farming-fishing, Husband, White, Male,4,0,76, United-States, <=50K
53, Self-emp-not-inc,254367, HS-grad,9, Married-civ-spouse, Craft-repair, Husband, White, Male,-52,2,40, United-States, <=50K
20, ?,405580, Some-college,10, Never-married, ?, Own-child, White, Male,-37,-1,31, United-States, <=50K
36, Private,94096, HS-grad,9, Married-civ-spouse, Transport-moving, Husband, White, Male,-77,0,37, United-States, <=50K
60, Private,91004, Bachelors,13, Married-civ-spouse, Prof-specialty, Wife, White, Female,-3,1,86, United-States, >50K
44, Private,352704, HS-grad,9, Divorced, Machine-op-inspct, Husband, White, Male,17,0,51, United-States, <=50K
56, Private,197301, Bachelors,16, Married-civ-spouse, Prof-specialty, Husband, White, Male,-18,0,61, United-States, >50K
58, Private,248763, 10th,10, Never-married, Other-service, Not-in-family, Other, Male,-35,0,30, United-States, <=50K
43, State-gov,88796, Some-college,10, Never-married, ?, Husband, White, Male,2967,0,58, Nicaragua, <=50K
41, Local-gov,40915, HS-grad,9, Married-civ-spouse, Craft-repair, Husband, White, Male,6,0,40, United-States, <=50K
23, Private,266900, Some-college,5, Divorced, Adm-clerical, Unmarried, White, Female,-43,0,46, United-States, >50K
38, Self-emp-inc,129420, Bachelors,15, Married-civ-spouse, Prof-specialty, Wife, White, Female,3,1782,68, United-States, >50K
44, Without-pay,390732, Assoc-voc,6, Never-married, Craft-repair, Wife, White, Male,-24,-2,40, Germany, <=50K
32, Private,126367, HS-grad,9, Widowed, Adm-clerical, Unmarried, White, Female,-54,1,40, United-States, <=50K
45, Federal-gov,195020, Assoc-voc,14, Married-civ-spouse, Exec-managerial, Husband, White, Female,-41,0,56, United-States, >50K
65, Local-gov,119729, Prof-school,13, Married-civ-spouse, Sales, Not-in-family, White, Female,27,2,40, United-States, >50K
22, Private,244979, 10th,9, Never-married, Adm-clerical, Own-child, White, Male,-49,1,40, United-States, <=50K
43, State-gov,48732, 11th,7, Never-married, ?, Own-child, Black, Female,-14,0,40, United-States, <=50K
50, State-gov,312100, Bachelors,13, Married-civ-spouse, Prof-specialty, Not-in-family, Amer-Indian-Eskimo, Female,-25,0,60, United-States, <=50K
27, Private,115220, Preschool,13, Never-married, Prof-specialty, Own-child, White, Male,-13,-1,71, United-States, <=50K
47, Private,208861, Bachelors,14, Married-civ-spouse, Prof-specialty, Wife, White, Female,-11,0,49, United-States, >50K
65, Private,279964, HS-grad,9, Married-civ-spouse, Machine-op-inspct, Husband, White, Male,21,0,40, United-States, <=50K
22, Private,161410, Bachelors,13, Married-civ-spouse, Tech-support, Husband, White, Male,-17,0,46, Greece, <=50K
54, Private,179089, 10th,9, Married-civ-spouse, Transport-moving, Husband, White, Male,45,1,40, United-States, <=50K
41, Private,297398, Masters,11, Married-civ-spouse, Sales, Husband, White, Male,-33,-1,50, United-States, <=50K
55, Private,182082, Masters,14, Married-civ-spouse, Prof-specialty, Husband, White, Male,-23,0,63, United-States, >50K
43, ?,98547, Bachelors,13, Divorced, ?, Not-in-family, Black, Female,-4,0,31, United-States, <=50K
18, Private,108513, Some-college,13, Never-married, Priv-house-serv, Not-in-family, White, Male,10,1,45, United-States, <=50K
27, Private,128797, HS-grad,9, Married-civ-spouse, Other-service, Husband, Asian-Pac-Islander, Male,0,0,40, France, <=50K
48, Local-gov,335710, HS-grad,13, Married-civ-spouse, Prof-specialty, Wife, White, Female,-29,-1,40, India, >50K
22, Private,291761, 11th,9, Separated, Farming-fishing, Husband, Asian-Pac-Islander, Male,0,0,66, Iran, <=50K
42, Private,200845, HS-grad,9, Married-civ-spouse, Craft-repair, Husband, White, Male,-11,0,58, United-States, <=50K
57, Private,44104, HS-grad,9, Married-civ-spouse, Craft-repair, Husband, White, Male,-11,0,40, United-States, >50K
25, Private,138089, HS-grad,10, Never-married, Machine-op-inspct, Other-relative, Other, Male,-51,-1,40, Mexico, <=50K
49, Private,105571, Some-college,10, Married-civ-spouse, Craft-repair, Husband, White, Male,-32,0,46, United-States, >50K
44, Local-gov,199293, Bachelors,13, Divorced, Prof-specialty, Wife, White, Female,-34,-1,44, United-States, >50K
45, Private,174904, 11th,10, Never-married, Handlers-cleaners, Not-in-family, White, Male,-25,1,40, United-States, <=50K
43, Private,107260, Some-college,10, Never-married, Adm-clerical, Not-in-family, White, Male,-2,0,36, United-States, <=50K
64, Self-emp-not-inc,280236, 9th,9, Married-spouse-absent, Other-service, Own-child, White, Male,3,0,30, United-States, <=50K
46, Private,108371, HS-grad,9, Married-civ-spouse, Craft-repair, Husband, Black, Male,-15,-1,40, United-States, <=50K
30, Private,273196, Some-college,10, Never-married, Other-service, Other-relative, White, Male,-8,0,11, United-States, <=50K
49, Private,120395, HS-grad,5, Married-civ-spouse, Craft-repair, Husband, White, Male,-49,1,45, United-States, <=50K
32, Private,34318, HS-grad,13, Divorced, Craft-repair, Not-in-family, Amer-Indian-Eskimo, Male,-8,-1,44, United-States, >50K
31, Private,180925, HS-grad,14, Married-civ-spouse, Exec-managerial, Husband, White, Male,-22,1958,40, El-Salvador, <=50K
38, Federal-gov,119080, Prof-school,5, Married-civ-spouse, Exec-managerial, Wife, White, Male,-16,1884,50, United-States, >50K
26, Private,463285, HS-grad,7, Married-spouse-absent, Handlers-cleaners, Other-relative, White, Female,-40,0,25, Columbia, <=50K
50, Self-emp-not-inc,181226, Bachelors,13, Married-civ-spouse, Prof-specialty, Husband, White, Female,19,1,49, United-States, >50K
26, Self-emp-not-inc,278818, Some-college,7, Married-civ-spouse, Craft-repair, Husband, White, Male,-18,-1,43, Yugoslavia, <=50K
51, Private,235686, Bachelors,10, Never-married, Handlers-cleaners, Unmarried, White, Female,11,2,67, United-States, <=50K
44, Private,164373, Masters,14, Married-civ-spouse, Exec-managerial, Not-in-family, White, Male,-28,2,46, Poland, >50K
51, Private,40838, HS-grad,9, Never-married, Other-service, Unmarried, White, Female,-21,1,36, United-States, <=50K
21, Private,355150, 10th,13, Never-married, Prof-specialty, Other-relative, White, Male,-49,-1,45, Mexico, <=50K
39, Private,110095, Masters,14, Married-civ-spouse, Exec-managerial, Husband, White, Male,-22,0,58, Dominican-Republic, >50K
42, Private,301634, Bachelors,13, Separated, Adm-clerical, Unmarried, White, Male,-8,1,46, Puerto-Rico, <=50K
37, Private,365512, HS-grad,9, Married-civ-spouse, Adm-clerical, Unmarried, Black, Female,11,0,40, Yugoslavia, <=50K
57, Private,98539, HS-grad,9, Married-civ-spouse, Adm-clerical, Husband, Asian-Pac-Islander, Male,-20,1,40, United-States, <=50K
18, Private,118669, 10th,9, Never-married, Other-service, Own-child, Black, Male,-33,0,25, United-States, <=50K
25, ?,101671, 9th,10, Married-civ-spouse, ?, Not-in-family, White, Male,29,-1,40, United-States, <=50K
21, Private,170624, HS-grad,13, Never-married, Exec-managerial, Not-in-family, White, Male,-16,1,58, El-Salvador, <=50K
25, Private,104624, Some-college,14, Married-civ-spouse, Transport-moving, Husband, Asian-Pac-Islander, Male,-29,0,40, Taiwan, <=50K
27, Private,257664, HS-grad,9, Married-civ-spouse, Farming-fishing, Husband, Black, Male,16,0,40, China, <=50K
56, Private,314647, HS-grad,9, Married-civ-spouse, Adm-clerical, Husband, White, Male,-25,-1,50, United-States, <=50K
37, Private,309388, HS-grad,9, Married-civ-spouse, Craft-repair, Other-relative, Other, Male,-16,1,59, United-States, <=50K
29, Private,104660, Bachelors,13, Separated, Adm-clerical, Unmarried, Black, Female,-17,1,40, United-States, <=50K
52, Private,197773, HS-grad,9, Married-civ-spouse, Craft-repair, Husband, Black, Male,-28,1,58, United-States, <=50K
48, ?,132130, Assoc-acdm,13, Never-married, ?, Not-in-family, White, Female,-74,1,45, United-States, <=50K
48, Self-emp-not-inc,170203, Bachelors,9, Married-civ-spouse, Adm-clerical, Own-child, White, Male,-4,-1,50, United-States, <=50K
48, State-gov,167045, Bachelors,13, Separated, Prof-specialty, Not-in-family, White, Female,14596,1,36, United-States, >50K
39, Private,311263, HS-grad,9, Divorced, Adm-clerical, Unmarried, White, Female,-24,1,40, United-States, <=50K
23, Local-gov,249833, 11th,10, Divorced, ?, Unmarried, Asian-Pac-Islander, Male,-13,-1,23, United-States, <=50K
45, Private,366507, 10th,12, Divorced, Machine-op-inspct, Unmarried, White, Female,1,-1,30, United-States, <=50K
46, Private,331513, Some-college,10, Never-married, ?, Own-child, White, Male,-30,1,45, United-States, <=50K
17, Private,272630, HS-grad,9, Never-married, Other-service, Own-child, Black, Male,14,-1,40, United-States, <=50K
59, State-gov,457573, 1st-4th,13, Divorced, Exec-managerial, Wife, White, Female,-1,0,50, United-States, <=50K
48, Private,40202, HS-grad,9, Married-civ-spouse, Farming-fishing, Husband, White, Male,-28,-1,43, United-States, <=50K
23, Private,478727, HS-grad,3, Married-civ-spouse, Sales, Not-in-family, Black, Male,-54,0,36, United-States, <=50K
29, State-gov,117999, Assoc-acdm,13, Divorced, Prof-specialty, Not-in-family, White, Female,-5,1,40, Taiwan, >50K
27, Private,318421, 7th-8th,11, Never-married, Adm-clerical, Unmarried, White, Female,-2,0,40, United-States, <=50K
23, Private,44449, Bachelors,13, Separated, Prof-specialty, Not-in-family, White, Female,-27,1,15, United-States, <=50K
42, Private,299700, Some-college,10, Divorced, Sales, Not-in-family, White, Male,-27,-1,40, United-States, <=50K
24, Private,149811, 11th,9, Separated, Adm-clerical, Unmarried, White, Female,8,1,40, United-States, <=50K
22, Private,146682, HS-grad,9, Married-civ-spouse, Machine-op-inspct, Not-in-family, Other, Male,41,-1,40, United-States, <=50K
52, Private,83636, Bachelors,5, Married-civ-spouse, Craft-repair, Husband, White, Male,-3,-1,45, United-States, >50K
38, Self-emp-not-inc,144656, HS-grad,9, Married-civ-spouse, Adm-clerical, Husband, White, Male,-13,0,38, United-States, <=50K
21, ?,179586, Some-college,10, Never-married, Transport-moving, Not-in-family, White, Male,-61,2,70, Canada, <=50K
51, Private,106607, Masters,14, Married-civ-spouse, Machine-op-inspct, Husband, White, Male,-38,1,40, United-States, <=50K
46, Self-emp-inc,156820, Some-college,10, Married-civ-spouse, Sales, Not-in-family, White, Male,-20,0,35, United-States, <=50K
41, Private,182582, Bachelors,9, Married-civ-spouse, Prof-specialty, Husband, Black, Male,-25,1,74, Ecuador, >50K
47, Private,199882, HS-grad,9, Married-civ-spouse, Craft-repair, Husband, White, Male,4,1,40, United-States, <=50K
44, Private,291664, Masters,14, Married-civ-spouse, Sales, Husband, White, Male,-55,-1,40, United-States, >50K
20, Private,252296, HS-grad,7, Never-married, Craft-repair, Husband, White, Male,32,1,30, United-States, <=50K
31, Private,223276, HS-grad,9, Married-spouse-absent, Machine-op-inspct, Husband, White, Male,-16,1,40, United-States, <=50K
40, Local-gov,100423, 9th,10, Never-married, Exec-managerial, Own-child, White, Male,-49,1,40, Guatemala, <=50K
42, Private,370282, Bachelors,13, Divorced, Exec-managerial, Husband, White, Female,-3,2,50, United-States, >50K
49, Self-emp-not-inc,102326, 5th-6th,10, Never-married, Transport-moving, Not-in-family, White, Male,-14,0,23, United-States, <=50K
52, Private,34813, HS-grad,9, Married-spouse-absent, Other-service, Own-child, White, Male,-32,-1,40, United-States, <=50K
47, Local-gov,169546, Bachelors,15, Married-civ-spouse, Adm-clerical, Not-in-family, Black, Male,-19,0,31, Peru, <=50K
57, Private,387024, Bachelors,9, Divorced, Prof-specialty, Not-in-family, White, Male,-23,0,37, United-States, <=50K
27, Private,110696, Bachelors,5, Divorced, Craft-repair, Unmarried, White, Male,-13,0,69, Japan, <=50K
46, Private,100860, HS-grad,9, Separated, Farming-fishing, Other-relative, White, Male,12,0,46, France, <=50K
47, Private,226290, Assoc-voc,13, Married-civ-spouse, Machine-op-inspct, Wife, White, Female,-12,1,40, United-States, <=50K
23, Local-gov,326441, 12th,7, Never-married, Handlers-cleaners, Own-child, White, Male,17,0,31, United-States, <=50K
32, ?,314807, 11th,8, Never-married, Other-service, Own-child, White, Female,-25,1,16, United-States, <=50K
46, Federal-gov,92663, Some-college,10, Married-civ-spouse, Craft-repair, Husband, White, Male,1,1,56, United-States, <=50K
46, Private,289967, Prof-school,12, Divorced, Farming-fishing, Husband, White, Male,14,-1,49, United-States, <=50K
47, Private,272658, HS-grad,9, Married-civ-spouse, Craft-repair, Husband, White, Male,-29,0,40, United-States, <=50K
37, Private,115459, Bachelors,13, Divorced, Sales, Not-in-family, Black, Female,2,1,40, United-States, <=50K
24, Local-gov,118071, Bachelors,13, Never-married, Adm-clerical, Not-in-family, White, Female,-19,-1,36, United-States, <=50K
59, Self-emp-not-inc,37153, Bachelors,6, Never-married, ?, Husband, White, Male,-20,-1,57, United-States, <=50K
41, Self-emp-inc,259565, Bachelors,11, Divorced, Sales, Husband, Asian-Pac-Islander, Male,-9,-2,45, Dominican-Republic, <=50K
19, Private,311954, Some-college,10, Married-AF-spouse, Adm-clerical, Own-child, White, Male,-53,1,38, United-States, <=50K
43, Private,194886, HS-grad,9, Married-civ-spouse, Sales, Husband, White, Male,-40,0,40, United-States, >50K
45, Private,284569, Some-college,10, Never-married, Protective-serv, Own-child, White, Male,-68,1,51, United-States, <=50K
26, Private,120582, 10th,4, Never-married, Priv-house-serv, Own-child, White, Male,11,-1,45, United-States, <=50K
38, Self-emp-not-inc,15809, HS-grad,9, Married-civ-spouse, Farming-fishing, Husband, White, Male,-41,0,60, United-States, >50K
38, State-gov,112879, Bachelors,7, Widowed, ?, Unmarried, White, Male,-13,-1,40, United-States, <=50K
58, ?,342582, Assoc-acdm,10, Married-civ-spouse, Craft-repair, Husband, White, Male,-23,2,45, United-States, <=50K
50, Private,129538, Masters,9, Married-civ-spouse, Farming-fishing, Husband, White, Male,-28,-1,50, United-States, <=50K
61, Private,40817, Masters,9, Married-civ-spouse, Farming-fishing, Husband, White, Male,-15,1,40, United-States, >50K
45, Self-emp-inc,48041, Prof-school,9, Married-civ-spouse, Craft-repair, Husband, White, Male,14,-1,75, United-States, >50K
25, Private,132149, Bachelors,7, Never-married, Prof-specialty, Not-in-family, White, Female,17,-2,40, United-States, <=50K
29, Private,217616, Bachelors,13, Divorced, Tech-support, Not-in-family, Black, Male,-42,-2,50, Italy, <=50K
19, Private,225459, Some-college,7, Never-married, Handlers-cleaners, Other-relative, White, Male,-25,-1,49, England, <=50K
63, Private,217301, HS-grad,9, Married-civ-spouse, Craft-repair, Husband, White, Male,-14,0,64, United-States, >50K
43, Self-emp-not-inc,269797, Assoc-acdm,13, Divorced, Prof-specialty, Unmarried, Black, Female,-20,0,15, United-States, <=50K
29, Private,195883, HS-grad,14, Never-married, Adm-clerical, Own-child, White, Female,-37,2,23, United-States, <=50K
24, Private,263376, Bachelors,11, Married-civ-spouse, Prof-specialty, Husband, White, Male,30,0,45, United-States, <=50K
24, Self-emp-not-inc,50715, 1st-4th,9, Married-civ-spouse, Craft-repair, Husband, White, Male,28,-1,50, United-States, <=50K
23, Private,287039, HS-grad,10, Divorced, Adm-clerical, Other-relative, White, Male,9,1,31, United-States, <=50K
20, ?,297783, 10th,4, Never-married, Craft-repair, Not-in-family, White, Male,-12,0,31, United-States, <=50K
40, Private,130588, 9th,10, Never-married, Adm-clerical, Not-in-family, White, Female,12,-1,36, United-States, <=50K
43, Self-emp-not-inc,177386, 10th,11, Married-civ-spouse, Craft-repair, Husband, White, Male,-7,1,44, United-States, >50K
53, ?,330831, HS-grad,9, Divorced, Adm-clerical, Unmarried, White, Female,-18,1,38, United-States, <=50K
47, State-gov,232548, Bachelors,10, Married-AF-spouse, Exec-managerial, Unmarried, Asian-Pac-Islander, Female,5,0,36, United-States, <=50K
46, State-gov,100638, HS-grad,5, Married-civ-spouse, Craft-repair, Husband, White, Male,-10,0,50, United-States, <=50K
43, ?,334874, 11th,7, Never-married, ?, Own-child, White, Male,-18,1,30, United-States, <=50K
42, State-gov,234016, Bachelors,13, Divorced, ?, Not-in-family, White, Male,-39,-1,71, Scotland, <=50K
71, Private,249809, Bachelors,13, Widowed, Adm-clerical, Unmarried, Other, Female,-64,-1,44, United-States, <=50K
22, Private,349118, Some-college,5, Never-married, Farming-fishing, Own-child, White, Male,-57,-1,9, United-States, <=50K
20, Self-emp-not-inc,314231, 9th,11, Divorced, ?, Not-in-family, White, Female,-21,0,31, United-States, <=50K
23, Private,35902, 7th-8th,13, Married-civ-spouse, Transport-moving, Husband, White, Male,-33,1948,56, United-States, >50K
49, Private,236744, Bachelors,7, Married-civ-spouse, ?, Wife, White, Male,15,2,37, United-States, >50K
53, Private,123125, Bachelors,9, Married-civ-spouse, Prof-specialty, Own-child, White, Female,4,2,30, United-States, <=50K
56, Local-gov,217186, Assoc-voc,11, Never-married, Other-service, Own-child, Black, Male,3,-1,37, Ireland, <=50K
53, Private,157371, Doctorate,6, Married-civ-spouse, Craft-repair, Husband, White, Male,-20,-1,40, United-States, <=50K
46, Private,111969, Some-college,14, Married-civ-spouse, Sales, Husband, White, Male,-23,-1,45, England, <=50K
54, Self-emp-not-inc,254901, 9th,13, Separated, Machine-op-inspct, Unmarried, Black, Female,-7,1,40, United-States, <=50K
19, Private,111963, Bachelors,13, Never-married, Other-service, Own-child, White, Male,-41,1,37, United-States, <=50K
58, Local-gov,190634, Prof-school,11, Widowed, Prof-specialty, Other-relative, White, Female,19,-1,58, United-States, >50K
25, State-gov,193374, Some-college,10, Divorced, Priv-house-serv, Own-child, White, Female,-24,1,25, United-States, <=50K
32, Self-emp-inc,159289, Assoc-voc,14, Married-civ-spouse, Farming-fishing, Husband, White, Male,7444,1,50, Trinadad&Tobago, >50K
20, Self-emp-not-inc,199986, Some-college,10, Separated, Exec-managerial, Not-in-family, White, Male,-15,1,44, Taiwan, >50K
21, ?,33487, Some-college,10, Never-married, ?, Own-child, Black, Male,-29,0,47, United-States, <=50K
62, Private,109368, Bachelors,10, Divorced, Prof-specialty, Own-child, Asian-Pac-Islander, Female,-37,0,31, United-States, <=50K
32, Local-gov,36926, Bachelors,13, Divorced, Prof-specialty, Not-in-family, White, Female,-13,-3,36, England, <=50K
45, Private,216862, Bachelors,10, Never-married, Sales, Not-in-family, White, Female,-3,1,50, United-States, <=50K
25, State-gov,201046, Some-college,13, Never-married, Transport-moving, Unmarried, White, Female,-21,0,9, United-States, <=50K
42, Self-emp-not-inc,103260, Doctorate,10, Married-civ-spouse, Craft-repair, Husband, Black, Female,-21,1,37, United-States, <=50K
26, Private,318055, HS-grad,9, Married-spouse-absent, Handlers-cleaners, Husband, White, Male,46,1,38, Ecuador, <=50K
46, State-gov,134713, Bachelors,11, Divorced, Adm-clerical, Unmarried, White, Female,9,0,40, United-States, <=50K
46, Local-gov,181461, Bachelors,13, Divorced, Adm-clerical, Unmarried, White, Female,-34,-1,36, United-States, <=50K
18, ?,316028, Some-college,10, Never-married, ?, Own-child, White, Male,-60,1,21, United-States, <=50K
45, Private,198444, Masters,7, Married-civ-spouse, Craft-repair, Husband, White, Male,9,-1,40, United-States, <=50K
58, ?,170932, HS-grad,9, Married-civ-spouse, Adm-clerical, Husband, White, Female,-27,0,40, United-States, <=50K
40, Private,65326, Doctorate,11, Married-civ-spouse, Protective-serv, Husband, White, Male,20,1,30, Mexico, <=50K
51, Private,221742, HS-grad,7, Never-married, Machine-op-inspct, Not-in-family, White, Female,-9,-1,30, United-States, <=50K
39, Self-emp-inc,93393, Bachelors,9, Married-civ-spouse, Transport-moving, Not-in-family, White, Male,-31,1,73, United-States, <=50K
25, Private,230698, Some-college,10, Never-married, Adm-clerical, Other-relative, White, Male,12,0,31, United-States, <=50K
48, Private,271264, Bachelors,13, Divorced, Other-service, Own-child, White, Male,13,1,45, United-States, <=50K
60, Private,99327, Bachelors,13, Married-civ-spouse, ?, Not-in-family, White, Male,-7,0,40, El-Salvador, <=50K
22, Self-emp-not-inc,95785, Bachelors,13, Never-married, Prof-specialty, Own-child, White, Male,-35,0,37, United-States, <=50K
51, Private,206618, 10th,6, Married-civ-spouse, Machine-op-inspct, Husband, White, Male,-19,-1,43, United-States, <=50K
41, Private,99109, HS-grad,9, Married-civ-spouse, Farming-fishing, Husband, White, Male,8,0,70, Portugal, <=50K
23, Private,239112, HS-grad,7, Never-married, Sales, Other-relative, White, Female,-32,0,67, China, <=50K
43, Private,345005, HS-grad,9, Never-married, Protective-serv, Unmarried, Black, Female,1,-1,40, United-States, <=50K
18, Private,488963, HS-grad,6, Never-married, Tech-support, Not-in-family, White, Male,18,-2,40, United-States, <=50K
43, Private,70368, HS-grad,9, Married-civ-spouse, Transport-moving, Husband, White, Male,3,2,71, United-States, <=50K
39, Private,172226, Doctorate,13, Married-civ-spouse, Prof-specialty, Wife, White, Female,-42,1,40, United-States, >50K
47, Private,266508, HS-grad,9, Married-civ-spouse, Transport-moving, Husband, Amer-Indian-Eskimo, Male,-40,1,40, India, <=50K
69, Self-emp-not-inc,162806, HS-grad,9, Married-civ-spouse, Machine-op-inspct, Husband, White, Male,-24,0,40, United-States, <=50K
28, Private,133880, HS-grad,9, Divorced, ?, Unmarried, White, Male,-13,0,40, United-States, <=50K
35, Private,493775, HS-grad,9, Divorced, Adm-clerical, Not-in-family, White, Female,-4,2,35, United-States, <=50K
26, Private,234410, HS-grad,9, Never-married, Farming-fishing, Not-in-family, White, Male,28,-2,30, United-States, <=50K
43, Private,190445, Bachelors,13, Married-civ-spouse, Craft-repair, Husband, White, Female,20,-1,58, United-States, >50K
44, Self-emp-not-inc,228576, HS-grad,14, Married-civ-spouse, Tech-support, Husband, White, Male,-29,1,44, India, <=50K
57, Self-emp-not-inc,114228, Some-college,9, Married-civ-spouse, Adm-clerical, Wife, White, Female,29,2,91, United-States, <=50K
50, Never-worked,145898, HS-grad,9, Married-civ-spouse, Prof-specialty, Husband, White, Male,-21,0,43, Canada, <=50K
43, ?,100196, 12th,13, Divorced, Exec-managerial, Not-in-family, White, Female,-24,-2,9, China, <=50K
26, Self-emp-not-inc,222285, HS-grad,9, Married-civ-spouse, Handlers-cleaners, Husband, Asian-Pac-Islander, Male,-1,0,40, United-States, <=50K
19, Private,258465, Some-college,10, Never-married, Other-service, Own-child, White, Male,-2,0,60, United-States, <=50K
66, Self-emp-not-inc,179293, Bachelors,9, Married-civ-spouse, Craft-repair, Husband, White, Male,25,1,40, Ireland, <=50K
61, Private,134645, Bachelors,7, Divorced, Farming-fishing, Not-in-family, White, Male,-22,0,45, United-States, <=50K
50, Self-emp-inc,373432, Masters,16, Married-civ-spouse, Craft-repair, Wife, Black, Female,-6,-1,61, United-States, >50K
25, Federal-gov,130366, Bachelors,13, Never-married, Exec-managerial, Wife, White, Male,-53,1,40, United-States, >50K
41, Local-gov,471300, Bachelors,13, Married-civ-spouse, Prof-specialty, Husband, White, Male,-27,0,44, India, <=50K
24, Private,81662, 10th,10, Married-civ-spouse, Sales, Husband, Asian-Pac-Islander, Male,-34,0,44, United-States, <=50K
24, Private,322822, HS-grad,9, Married-civ-spouse, Craft-repair, Husband, Asian-Pac-Islander, Female,-3,-1,40, United-States, <=50K
47, Self-emp-inc,42595, Bachelors,13, Married-civ-spouse, Prof-specialty, Husband, White, Female,1,1,50, United-States, >50K
45, State-gov,119429, 5th-6th,14, Divorced, Prof-specialty, Not-in-family, White, Female,-64,1,40, United-States, <=50K
51, Private,117552, HS-grad,9, Separated, Sales, Not-in-family, White, Female,-5,0,40, United-States, <=50K
57, Private,241416, HS-grad,7, Divorced, Farming-fishing, Husband, Asian-Pac-Islander, Female,-27,-1,45, India, <=50K
47, Private,110015, HS-grad,9, Never-married, Handlers-cleaners, Own-child, Black, Male,-37,-1,40, United-States, <=50K
48, Self-emp-not-inc,232852, HS-grad,9, Married-civ-spouse, Machine-op-inspct, Husband, White, Male,-17,1,40, United-States, <=50K
39, Private,158988, Assoc-acdm,9, Married-civ-spouse, Other-service, Not-in-family, White, Male,-2,0,40, Germany, >50K
38, ?,290515, 5th-6th,7, Never-married, ?, Own-child, White, Female,-45,0,20, United-States, <=50K
37, Private,212799, Assoc-voc,14, Married-civ-spouse, Craft-repair, Husband, White, Male,-1,-1,40, Taiwan, <=50K
67, Federal-gov,243695, Bachelors,10, Widowed, Machine-op-inspct, Husband, White, Female,-26,-1,40, United-States, <=50K
64, ?,126354, HS-grad,9, Divorced, Craft-repair, Not-in-family, White, Female,-33,1,45, United-States, <=50K
45, Private,120378, Bachelors,13, Divorced, Adm-clerical, Unmarried, Black, Female,-21,0,50, United-States, <=50K
17, ?,105303, Masters,14, Separated, Sales, Own-child, Black, Male,-66,0,13, United-States, <=50K
46, Self-emp-not-inc,159977, Some-college,10, Divorced, Adm-clerical, Not-in-family, White, Male,37,-1,40, United-States, <=50K
52, Private,267667, HS-grad,9, Married-civ-spouse, Machine-op-inspct, Husband, White, Male,38,-2,40, United-States, <=50K
38, Self-emp-not-inc,49792, 9th,10, Never-married, Exec-managerial, Other-relative, White, Male,-6,-1,40, Haiti, <=50K
51, Private,120259, Some-college,4, Never-married, Prof-specialty, Own-child, White, Male,-10,1,50, United-States, <=50K
67, Private,52328, HS-grad,9, Separated, Adm-clerical, Husband, White, Female,-26,-1,40, United-States, <=50K
45, Private,32806, Assoc-voc,10, Married-civ-spouse, Craft-repair, Own-child, Amer-Indian-Eskimo, Male,7,-1,73, Scotland, >50K
29, Private,195102, Bachelors,13, Divorced, Adm-clerical, Wife, White, Female,-62,2,43, United-States, >50K
44, Self-emp-inc,38134, Bachelors,13, Married-civ-spouse, Prof-specialty, Wife, White, Female,7,-1,50, United-States, >50K
27, State-gov,291289, 7th-8th,16, Married-civ-spouse, Protective-serv, Not-in-family, White, Male,2,0,60, China, <=50K
50, Local-gov,132947, Assoc-acdm,13, Married-civ-spouse, Prof-specialty, Husband, White, Female,-21,0,44, United-States, >50K
51, Private,391155, HS-grad,9, Married-civ-spouse, Craft-repair, Husband, Black, Male,0,-2,40, United-States, <=50K
28, Federal-gov,96274, Some-college,10, Separated, Adm-clerical, Not-in-family, White, Male,13,0,30, United-States, <=50K
26, Self-emp-inc,183205, Bachelors,14, Divorced, Protective-serv, Not-in-family, White, Male,9,1,40, ?, <=50K
54, State-gov,31549, 10th,13, Married-civ-spouse, Exec-managerial, Wife, White, Female,-41,2,46, United-States, >50K
37, Private,299344, Bachelors,13, Separated, Adm-clerical, Unmarried, Black, Female,-1,0,40, United-States, >50K
61, Self-emp-not-inc,312653, Prof-school,13, Married-civ-spouse, Prof-specialty, Wife, White, Female,27,0,37, United-States, >50K
51, Local-gov,135673, Bachelors,13, Divorced, ?, Unmarried, White, Female,2588,1,74, Germany, <=50K
23, Private,267888, Some-college,10, Never-married, Adm-clerical, Own-child, Black, Male,4,1,25, United-States, <=50K
44, Private,159023, Some-college,10, Widowed, Adm-clerical, Own-child, White, Female,-18,-1,30, United-States, <=50K
67, Private,97292, HS-grad,9, Married-civ-spouse, Transport-moving, Husband, White, Male,7,3,40, United-States, <=50K
36, Private,216377, Bachelors,14, Married-civ-spouse, Tech-support, Not-in-family, White, Male,-20,-1,49, United-States, >50K
35, Private,144675, Bachelors,10, Separated, Prof-specialty, Other-relative, White, Female,21,-1,47, Haiti, <=50K
64, ?,118683, Some-college,10, Never-married, ?, Own-child, White, Male,-34,2,29, United-States, <=50K
25, Private,125954, Bachelors,5, Married-spouse-absent, Machine-op-inspct, Unmarried, White, Male,-21,0,40, Nicaragua, <=50K
54, Local-gov,177404, Bachelors,10, Married-civ-spouse, Tech-support, Not-in-family, White, Female,-45,-1,46, Poland, <=50K
36, Self-emp-inc,224922, Bachelors,13, Married-civ-spouse, Exec-managerial, Husband, White, Female,15000,0,44, United-States, >50K
34, Private,112538, HS-grad,14, Separated, Machine-op-inspct, Husband, White, Male,-6,1,50, United-States, <=50K
69, Self-emp-not-inc,118856, 7th-8th,9, Married-civ-spouse, Prof-specialty, Husband, White, Male,47,0,40, United-States, >50K
26, Private,30157, Some-college,10, Never-married, Machine-op-inspct, Husband, White, Male,2,0,49, India, <=50K
23, Private,332797, HS-grad,9, Married-spouse-absent, Other-service, Not-in-family, White, Female,-46,0,21, United-States, <=50K
61, Private,171116, Masters,9, Married-civ-spouse, Farming-fishing, Husband, White, Female,-8,0,50, United-States, <=50K
41, Private,80050, Some-college,10, Married-civ-spouse, Sales, Not-in-family, Asian-Pac-Islander, Male,-36,1,40, United-States, <=50K
19, Private,99861, 10th,6, Never-married, Adm-clerical, Own-child, White, Male,-20,-1,37, United-States, <=50K
39, Self-emp-inc,72217, Bachelors,11, Married-civ-spouse, Tech-support, Husband, White, Male,2,1,50, United-States, >50K
43, Private,98751, HS-grad,10, Married-civ-spouse, Protective-serv, Not-in-family, White, Male,-28,0,40, Vietnam, <=50K
27, Self-emp-not-inc,97340, Bachelors,13, Never-married, Prof-specialty, Not-in-family, White, Male,6,-1,46, ?, >50K
37, Self-emp-not-inc,187694, HS-grad,9, Married-civ-spouse, ?, Husband, Black, Male,6,-1,51, United-States, <=50K
34, Private,315894, 9th,13, Divorced, Exec-managerial, Not-in-family, Black, Female,31,2,40, United-States, <=50K
18, Private,275341, Some-college,13, Never-married, Prof-specialty, Not-in-family, Other, Male,-41,0,30, United-States, <=50K
24, Private,384552, 7th-8th,14, Married-civ-spouse, Protective-serv, Husband, White, Male,-22,0,40, United-States, <=50K
45, Federal-gov,238946, Bachelors,13, Widowed, Adm-clerical, Not-in-family, White, Female,37,-2,37, United-States, <=50K
28, Local-gov,95736, 11th,13, Married-civ-spouse, Prof-specialty, Not-in-family, Asian-Pac-Islander, Male,14,-2,44, United-States, <=50K
20, ?,350463, Some-college,10, Never-married, ?, Own-child, White, Male,-43,0,27, United-States, <=50K
61, Federal-gov,152181, Masters,14, Married-civ-spouse, Priv-house-serv, Husband, White, Female,-18,-1,59, United-States, >50K
18, ?,260162, Some-college,10, Never-married, ?, Own-child, White, Male,-40,0,25, United-States, <=50K
46, Private,253705, 11th,13, Never-married, Craft-repair, Not-in-family, White, Male,16,-1,40, United-States, <=50K
54, Private,305986, 12th,10, Married-civ-spouse, Craft-repair, Husband, White, Male,-33,0,45, United-States, >50K
62, Federal-gov,184299, Bachelors,10, Never-married, Farming-fishing, Not-in-family, Asian-Pac-Islander, Male,-64,-2,45, Italy, <=50K
49, Self-emp-inc,87266, Doctorate,13, Married-civ-spouse, Exec-managerial, Wife, White, Male,-24,1,71, United-States, >50K
36, Self-emp-not-inc,258871, Bachelors,7, Married-civ-spouse, Craft-repair, Husband, Asian-Pac-Islander, Male,38,2,56, El-Salvador, >50K
44, Private,164333, Masters,14, Married-civ-spouse, Farming-fishing, Husband, White, Male,7791,0,60, United-States, >50K
48, Private,212570, HS-grad,9, Married-AF-spouse, Other-service, Unmarried, Black, Female,-2,1,40, United-States, <=50K
47, State-gov,107210, Some-college,13, Separated, Exec-managerial, Not-in-family, White, Male,3240,-1,15, United-States, <=50K
38, Private,311780, Prof-school,5, Never-married, Handlers-cleaners, Husband, White, Male,-28,-1,45, United-States, >50K
23, Private,124330, HS-grad,9, Married-civ-spouse, Craft-repair, Husband, White, Male,-13,-2,40, United-States, <=50K
25, Private,310103, 12th,7, Divorced, Machine-op-inspct, Own-child, Black, Male,-31,0,18, United-States, <=50K
20, Self-emp-not-inc,45339, 11th,13, Never-married, Other-service, Own-child, White, Female,-19,0,40, United-States, <=50K
56, ?,173426, 11th,11, Married-civ-spouse, Sales, Not-in-family, White, Female,4,1,49, China, <=50K
47, Self-emp-not-inc,92665, Bachelors,13, Married-civ-spouse, Exec-managerial, Wife, Asian-Pac-Islander, Male,-9,0,50, Peru, <=50K
23, Self-emp-not-inc,121511, HS-grad,9, Married-civ-spouse, Craft-repair, Husband, White, Male,-27,-1,40, United-States, <=50K
27, Private,348647, Bachelors,9, Widowed, Prof-specialty, Not-in-family, White, Female,14,-1,49, United-States, <=50K
56, Self-emp-not-inc,240041, Doctorate,16, Married-civ-spouse, Prof-specialty, Husband, White, Female,6,1,67, Mexico, >50K
26, Private,342061, HS-grad,11, Separated, Craft-repair, Unmarried, Black, Male,-7,1,40, United-States, <=50K
22, Private,216971, 5th-6th,13, Never-married, Prof-specialty, Own-child, White, Male,7,1,12, United-States, <=50K
42, Never-worked,260591, Some-college,13, Married-civ-spouse, Prof-specialty, Husband, White, Male,14220,-1,44, Japan, <=50K
48, Private,244961, Bachelors,13, Married-civ-spouse, Prof-specialty, Husband, White, Female,-32,-2,40, United-States, <=50K
24, Private,179386, HS-grad,9, Married-civ-spouse, Farming-fishing, Husband, White, Male,-43,0,40, United-States, <=50K
40, Private,113554, Some-college,8, Married-civ-spouse, Prof-specialty, Husband, White, Male,-43,0,40, Canada, >50K
35, Local-gov,201777, 7th-8th,4, Married-civ-spouse, Protective-serv, Not-in-family, White, Male,20,-1,59, United-States, >50K
19, State-gov,116651, 11th,6, Never-married, Transport-moving, Own-child, White, Male,-26,-1,46, Puerto-Rico, <=50K
43, Private,38896, 9th,7, Never-married, ?, Not-in-family, White, Male,-39,0,76, United-States, <=50K
63, Private,182318, Assoc-voc,5, Married-civ-spouse, Farming-fishing, Not-in-family, White, Male,18,0,44, United-States, >50K
18, ?,36335, Bachelors,6, Never-married, ?, Own-child, White, Male,-46,0,26, United-States, <=50K
47, Private,322548, 11th,13, Married-civ-spouse, Adm-clerical, Husband, White, Male,19,-2,69, United-States, <=50K
42, ?,124076, 11th,13, Married-spouse-absent, Adm-clerical, Husband, White, Male,-5,-2,57, United-States, >50K
45, State-gov,231596, Masters,13, Married-civ-spouse, Exec-managerial, Wife, White, Female,-3,1,50, United-States, >50K
41, Federal-gov,348625, Bachelors,13, Never-married, Prof-specialty, Unmarried, White, Female,-33,-1,40, United-States, >50K
33, Private,391589, Prof-school,14, Married-civ-spouse, Exec-managerial, Husband, White, Male,-17,1,45, Canada, <=50K
45, State-gov,242949, Bachelors,13, Never-married, Prof-specialty, Not-in-family, Asian-Pac-Islander, Male,17,0,44, United-States, >50K
45, Private,238726, Doctorate,14, Married-civ-spouse, Prof-specialty, Husband, White, Male,-12,0,60, United-States, >50K
35, State-gov,124654, Bachelors,13, Never-married, Handlers-cleaners, Husband, White, Female,-36,2,60, United-States, <=50K
37, Self-emp-not-inc,130045, 10th,13, Married-civ-spouse, Protective-serv, Husband, Black, Male,-13,-1,40, United-States, <=50K
69, Private,233720, HS-grad,10, Married-civ-spouse, Transport-moving, Husband, White, Male,-15,1,50, Trinadad&Tobago, <=50K
55, Private,269622, Bachelors,13, Divorced, ?, Unmarried, Black, Female,16,-1,57, United-States, <=50K
22, Private,204244, HS-grad,9, Married-civ-spouse, Machine-op-inspct, Own-child, White, Male,-27,-1,40, United-States, <=50K
19, Private,203387, 5th-6th,14, Married-civ-spouse, Transport-moving, Husband, White, Male,-11,-3,44, United-States, <=50K
60, State-gov,109213, Assoc-voc,9, Never-married, Transport-moving, Other-relative, White, Male,-1,0,40, United-States, <=50K
20, Local-gov,102181, HS-grad,5, Married-civ-spouse, Machine-op-inspct, Own-child, White, Male,8,-1,22, United-States, <=50K
70, Private,126452, HS-grad,9, Married-civ-spouse, Other-service, Other-relative, White, Female,-22,0,40, United-States, <=50K
43, Self-emp-not-inc,103802, Bachelors,13, Divorced, Adm-clerical, Not-in-family, White, Female,10,0,44, United-States, <=50K
23, Private,303489, HS-grad,9, Married-civ-spouse, Exec-managerial, Not-in-family, White, Male,9,-1,40, United-States, <=50K
43, Private,121977, HS-grad,9, Never-married, Craft-repair, Unmarried, Amer-Indian-Eskimo, Male,-50,-1,72, United-States, <=50K
29, Private,189405, Bachelors,10, Widowed, Adm-clerical, Unmarried, White, Female,-18,-2,50, United-States, <=50K
43, Self-emp-not-inc,233150, 12th,16, Never-married, Exec-managerial, Husband, White, Male,-41,-1,8, United-States, >50K
19, Private,410111, 10th,10, Never-married, Adm-clerical, Not-in-family, White, Male,32,0,45, United-States, <=50K
45, Local-gov,187901, Bachelors,14, Married-civ-spouse, Exec-managerial, Other-relative, White, Male,-23,-1,60, United-States, >50K
18, Private,310528, 11th,9, Never-married, Handlers-cleaners, Husband, Black, Male,-37,-2,40, Mexico, <=50K
31, Self-emp-not-inc,235012, HS-grad,11, Never-married, Adm-clerical, Not-in-family, White, Male,-20,1804,31, United-States, <=50K
43, Self-emp-inc,275986, HS-grad,9, Married-civ-spouse, Farming-fishing, Husband, White, Male,-6,1,45, United-States, >50K
52, Self-emp-not-inc,189606, HS-grad,6, Married-civ-spouse, Prof-specialty, Wife, White, Female,-28,1,72, El-Salvador, <=50K
56, ?,329283, Bachelors,10, Divorced, Adm-clerical, Not-in-family, White, Female,-49,-2,50, United-States, <=50K
59, Private,117127, HS-grad,9, Married-civ-spouse, Craft-repair, Husband, White, Male,-18,1,46, United-States, <=50K
31, Private,36460, 7th-8th,7, Never-married, Sales, Not-in-family, White, Male,-35,-1,45, United-States, <=50K
38, Self-emp-not-inc,265672, Assoc-voc,9, Married-civ-spouse, Craft-repair, Husband, White, Male,-27,0,40, United-States, <=50K
70, Self-emp-not-inc,420051, 5th-6th,13, Divorced, Handlers-cleaners, Other-relative, White, Female,-29,1,35, United-States, >50K
49, Private,125633, Bachelors,10, Divorced, Exec-managerial, Not-in-family, White, Female,-12,0,50, United-States, <=50K
33, Local-gov,110403, 7th-8th,14, Widowed, Exec-managerial, Not-in-family, White, Male,-5,0,40, Columbia, <=50K
45, Local-gov,94723, Bachelors,13, Married-civ-spouse, Prof-specialty, Unmarried, White, Female,-26,0,49, Vietnam, <=50K
25, Private,129538, 10th,9, Married-civ-spouse, Craft-repair, Husband, White, Male,24,-1,40, United-States, <=50K
56, Self-emp-inc,31027, HS-grad,9, Married-civ-spouse, Farming-fishing, Husband, White, Male,-40,1,34, United-States, <=50K
23, State-gov,36398, 11th,4, Married-civ-spouse, Farming-fishing, Own-child, Amer-Indian-Eskimo, Male,-11,1,31, United-States, <=50K
48, Local-gov,158138, Doctorate,4, Married-civ-spouse, Prof-specialty, Husband, White, Male,23,0,40, United-States, >50K
49, Federal-gov,401418, Masters,13, Divorced, ?, Wife, White, Female,-23,-2,40, United-States, >50K
45, Private,242513, Bachelors,13, Married-civ-spouse, Exec-managerial, Wife, White, Female,-10,-2,43, Yugoslavia, >50K
42, Local-gov,40440, Assoc-voc,11, Divorced, Prof-specialty, Not-in-family, White, Female,-23,1,40, United-States, <=50K
43, Private,203051, Prof-school,15, Separated, Protective-serv, Husband, White, Male,-12,-1,40, Japan, <=50K
51, Private,98266, HS-grad,11, Married-civ-spouse, Adm-clerical, Wife, White, Female,14,0,45, United-States, <=50K
46, Private,104619, Masters,13, Married-civ-spouse, Prof-specialty, Not-in-family, Asian-Pac-Islander, Female,-18,-1,57, Japan, >50K
61, Private,218338, Some-college,7, Married-civ-spouse, Transport-moving, Husband, White, Male,-15,0,40, United-States, <=50K
49, Private,98096, Assoc-acdm,7, Divorced, Exec-managerial, Not-in-family, Other, Female,-7,2,36, United-States, <=50K
33, Local-gov,33428, HS-grad,7, Widowed, Craft-repair, Not-in-family, White, Male,20,0,45, United-States, <=50K
41, Private,207794, Assoc-acdm,9, Married-civ-spouse, Sales, Husband, White, Male,-30,1,62, United-States, <=50K
38, Private,177853, 7th-8th,13, Married-civ-spouse, Machine-op-inspct, Husband, White, Female,-16,-2,40, Dominican-Republic, <=50K
67, Self-emp-not-inc,23402, 11th,11, Never-married, Sales, Own-child, White, Male,-27,2,40, United-States, <=50K
25, Private,167484, HS-grad,10, Married-civ-spouse, Transport-moving, Husband, White, Male,-55,0,60, United-States, <=50K
43, State-gov,231566, Bachelors,13, Divorced, Protective-serv, Not-in-family, White, Male,-12,-1,40, United-States, <=50K
36, Private,259578, 5th-6th,13, Married-civ-spouse, Adm-clerical, Husband, White, Male,15,0,40, Poland, <=50K
25, Private,208114, HS-grad,4, Never-married, Sales, Own-child, White, Male,6,1,50, United-States, <=50K
43, Private,96644, Bachelors,13, Divorced, Adm-clerical, Not-in-family, Black, Female,17,-1,45, United-States, <=50K
53, Private,42029, Assoc-acdm,9, Married-civ-spouse, Exec-managerial, Husband, White, Male,-47,0,40, United-States, <=50K
43, Self-emp-inc,366734, Masters,13, Married-civ-spouse, Prof-specialty, Wife, White, Male,-21,-3,58, United-States, >50K
23, Private,78614, Some-college,10, Never-married, Sales, Own-child, Asian-Pac-Islander, Male,7,-1,23, United-States, <=50K
46, Private,99329, HS-grad,9, Married-civ-spouse, Handlers-cleaners, Not-in-family, Black, Female,-14,-1,59, United-States, <=50K
16, ?,39737, Some-college,10, Never-married, Other-service, Not-in-family, White, Male,-48,0,21, Mexico, <=50K
44, Self-emp-inc,100210, HS-grad,13, Married-civ-spouse, Adm-clerical, Husband, White, Female,30,-1,40, United-States, >50K
43, Local-gov,309295, 5th-6th,13, Never-married, Craft-repair, Not-in-family, White, Male,18,1,46, United-States, <=50K
46, Private,234803, 10th,13, Separated, Adm-clerical, Unmarried, White, Female,13,0,36, India, <=50K
43, ?,491583, Bachelors,9, Separated, Adm-clerical, Not-in-family, Asian-Pac-Islander, Female,-12,-1,9, United-States, <=50K
44, Self-emp-not-inc,332210, HS-grad,9, Married-civ-spouse, Craft-repair, Husband, White, Male,-38,1,49, United-States, <=50K
68, Federal-gov,146973, Bachelors,7, Never-married, Sales, Own-child, Asian-Pac-Islander, Male,-9,-2,60, United-States, <=50K
40, Private,235070, HS-grad,9, Married-civ-spouse, Transport-moving, Husband, White, Male,-17,-1,50, United-States, >50K
17, Private,141644, Some-college,4, Never-married, Adm-clerical, Not-in-family, White, Male,-2,1,14, United-States, <=50K
38, Private,237078, Some-college,10, Married-civ-spouse, Transport-moving, Husband, White, Male,-25,0,40, India, <=50K
22, Local-gov,103835, 12th,13, Never-married, Adm-clerical, Not-in-family, White, Male,1,-1,36, United-States, <=50K
59, Private,166208, HS-grad,9, Married-civ-spouse, Craft-repair, Husband, White, Male,-29,0,20, Taiwan, <=50K
19, ?,236693, Some-college,7, Never-married, ?, Own-child, White, Male,-35,0,13, United-States, <=50K
33, Private,355299, HS-grad,9, Married-spouse-absent, Other-service, Other-relative, Other, Male,19,0,44, United-States, <=50K
46, Self-emp-not-inc,218956, HS-grad,6, Divorced, Craft-repair, Not-in-family, White, Male,-63,0,45, United-States, <=50K
47, Self-emp-inc,305778, Doctorate,16, Married-civ-spouse, Craft-repair, Wife, White, Female,-7,0,44, United-States, >50K
43, Private,272953, 7th-8th,9, Separated, Adm-clerical, Not-in-family, White, Male,-23,0,40, United-States, <=50K
21, Private,206862, Some-college,10, Never-married, Sales, Own-child, White, Male,-37,1,21, United-States, <=50K
42, Never-worked,308115, Bachelors,6, Never-married, Sales, Unmarried, White, Female,-21,-1,40, Mexico, <=50K
47, Local-gov,36765, HS-grad,16, Married-civ-spouse, Prof-specialty, Wife, White, Male,4,1,50, United-States, >50K
42, Self-emp-inc,197576, Prof-school,16, Married-civ-spouse, Prof-specialty, Husband, White, Male,-11,-1,50, United-States, >50K
77, State-gov,41827, Prof-school,15, Married-civ-spouse, Craft-repair, Husband, Black, Male,-15,0,40, United-States, >50K
49, Private,162051, Bachelors,5, Married-civ-spouse, Transport-moving, Husband, Asian-Pac-Islander, Male,-2,1,40, United-States, <=50K
28, Local-gov,120994, Some-college,10, Married-AF-spouse, Adm-clerical, Unmarried, White, Female,-30,-1,36, United-States, <=50K
44, ?,290292, 5th-6th,4, Never-married, Other-service, Not-in-family, White, Female,8,0,30, Canada, <=50K
42, Private,222332, 1st-4th,13, Divorced, Prof-specialty, Not-in-family, White, Female,-39,-1,50, United-States, >50K
22, Local-gov,340923, Some-college,7, Separated, Prof-specialty, Own-child, White, Male,9,0,37, Outlying-US(Guam-USVI-etc), <=50K
70, Self-emp-not-inc,106682, HS-grad,9, Married-spouse-absent, Farming-fishing, Husband, White, Male,-32,-1,45, United-States, <=50K
25, Private,317521, Some-college,10, Never-married, ?, Own-child, White, Male,-20,0,45, United-States, <=50K
19, Private,256894, HS-grad,9, Married-spouse-absent, Other-service, Not-in-family, White, Male,-31,1,40, United-States, <=50K
46, Federal-gov,368998, Some-college,10, Married-civ-spouse, Handlers-cleaners, Husband, White, Male,-4,0,50, United-States, >50K
55, Self-emp-not-inc,86728, Some-college,7, Married-civ-spouse, Sales, Own-child, White, Male,-42,1,40, Iran, <=50K
42, Private,130065, Bachelors,13, Separated, Handlers-cleaners, Not-in-family, White, Female,7,-3,45, United-States, <=50K
33, ?,103878, HS-grad,5, Never-married, Handlers-cleaners, Other-relative, White, Male,-30,-1,36, Mexico, <=50K
38, Private,241381, Bachelors,13, Divorced, Adm-clerical, Unmarried, White, Female,-22,-2,60, United-States, <=50K
45, Private,357535, 11th,11, Separated, Exec-managerial, Not-in-family, White, Male,2,0,45, United-States, <=50K
24, Private,21105, Bachelors,7, Never-married, Handlers-cleaners, Own-child, White, Male,-25,0,20, United-States, <=50K
46, Private,161218, Bachelors,10, Separated, Machine-op-inspct, Unmarried, White, Female,14,0,71, United-States, <=50K
21, Self-emp-not-inc,129883, HS-grad,13, Never-married, Adm-clerical, Unmarried, White, Female,-21,-1,31, United-States, <=50K
39, Private,107711, 1st-4th,16, Married-civ-spouse, Craft-repair, Husband, White, Male,-6,0,45, United-States, >50K
38, Self-emp-not-inc,204050, Masters,13, Married-civ-spouse, Prof-specialty, Husband, White, Female,-30,-1,62, United-States, >50K
35, Self-emp-not-inc,239459, Some-college,10, Married-civ-spouse, Farming-fishing, Husband, White, Male,-6,1,70, United-States, <=50K
45, Federal-gov,146797, Doctorate,4, Married-civ-spouse, Craft-repair, Husband, White, Male,-6,0,40, United-States, <=50K
28, Private,253903, Assoc-acdm,3, Divorced, Machine-op-inspct, Unmarried, Black, Female,16,1,16, United-States, <=50K
21, Private,253250, Bachelors,9, Never-married, Machine-op-inspct, Not-in-family, White, Male,-33,0,40, United-States, <=50K
26, Federal-gov,364184, Masters,7, Married-civ-spouse, Transport-moving, Husband, White, Male,16,0,62, United-States, <=50K
44, Self-emp-not-inc,171735, HS-grad,9, Divorced, Other-service, Not-in-family, Black, Male,0,-1,40, United-States, <=50K
53, Private,189132, Some-college,10, Married-civ-spouse, Transport-moving, Husband, White, Male,-49,0,40, United-States, <=50K
46, Local-gov,23894, 7th-8th,7, Married-civ-spouse, Adm-clerical, Husband, White, Male,-7,-2,40, Germany, <=50K
54, Self-emp-not-inc,316912, HS-grad,9, Married-civ-spouse, Farming-fishing, Husband, White, Male,-22,-2,50, United-States, <=50K
46, Private,303490, 12th,13, Married-AF-spouse, Prof-specialty, Unmarried, White, Female,-35,1855,40, United-States, >50K
22, State-gov,254693, Some-college,4, Married-spouse-absent, Adm-clerical, Other-relative, White, Female,-29,1,50, United-States, <=50K
29, Private,118352, HS-grad,9, Married-civ-spouse, Craft-repair, Husband, White, Male,-24,1,40, United-States, <=50K
26, Private,143903, HS-grad,9, Married-spouse-absent, Other-service, Other-relative, White, Male,-7,-1,30, United-States, <=50K
28, Private,112959, Bachelors,13, Married-civ-spouse, Prof-specialty, Not-in-family, White, Male,-11,1,40, United-States, >50K
25, Private,180176, Masters,14, Married-civ-spouse, Prof-specialty, Husband, White, Male,-21,-1,50, United-States, >50K
43, Self-emp-inc,226390, HS-grad,16, Married-civ-spouse, Tech-support, Husband, White, Male,17,-1,60, United-States, >50K
56, ?,121584, Assoc-acdm,12, Never-married, Sales, Other-relative, White, Male,-32,-1,44, United-States, <=50K
22, Self-emp-not-inc,248790, Some-college,10, Married-civ-spouse, Craft-repair, Husband, White, Male,-39,-1,60, United-States, <=50K
26, Self-emp-inc,38904, Prof-school,14, Married-civ-spouse, Exec-managerial, Husband, Black, Female,-5,1,36, United-States, >50K
48, Private,40398, Bachelors,16, Married-civ-spouse, Adm-clerical, Husband, White, Male,-19,-2,40, United-States, >50K
42, Self-emp-not-inc,98028, HS-grad,9, Married-civ-spouse, Transport-moving, Husband, Black, Male,-34,-1,50, United-States, <=50K
35, Private,351729, Bachelors,16, Married-civ-spouse, Tech-support, Husband, White, Male,10,0,37, United-States, <=50K
41, Private,280272, Some-college,6, Never-married, Craft-repair, Husband, White, Male,-25,0,45, United-States, <=50K
19, Private,372172, Some-college,10, Divorced, Farming-fishing, Not-in-family, Black, Male,-4,2,44, United-States, <=50K
23, Private,463959, HS-grad,9, Married-civ-spouse, Craft-repair, Unmarried, White, Male,-72,-1,40, United-States, <=50K
25, Private,242454, Assoc-acdm,5, Married-spouse-absent, Adm-clerical, Unmarried, White, Female,-33,0,40, United-States, <=50K
23, Private,535330, Assoc-voc,16, Married-civ-spouse, Sales, Husband, White, Male,1,0,40, Puerto-Rico, <=50K
43, Private,430996, Bachelors,13, Married-civ-spouse, Prof-specialty, Not-in-family, White, Female,26,0,45, Puerto-Rico, >50K
17, Private,360534, 12th,13, Never-married, Protective-serv, Not-in-family, White, Female,-21,-1,49, United-States, <=50K
22, Private,205443, Bachelors,9, Married-civ-spouse, Sales, Husband, Black, Male,1,-1,40, Cuba, <=50K
24, Private,42284, 7th-8th,9, Never-married, Craft-repair, Own-child, White, Male,-26,0,40, United-States, <=50K
44, Private,175665, 11th,10, Never-married, Adm-clerical, Own-child, White, Female,-24,0,30, United-States, <=50K
53, ?,108903, 11th,13, Divorced, Tech-support, Own-child, White, Female,-33,-1,50, United-States, <=50K
33, Local-gov,248670, Bachelors,11, Divorced, Tech-support, Unmarried, Asian-Pac-Islander, Male,24,0,50, Taiwan, <=50K
44, Private,167277, Masters,10, Married-civ-spouse, Exec-managerial, Not-in-family, Asian-Pac-Islander, Male,-10,0,45, Ecuador, <=50K
23, Private,317924, HS-grad,9, Married-civ-spouse, Sales, Not-in-family, White, Male,-49,-1,40, United-States, <=50K
44, Private,119411, Bachelors,10, Divorced, Exec-managerial, Not-in-family, White, Female,-31,0,37, United-States, <=50K
44, Private,92733, Bachelors,11, Married-civ-spouse, Prof-specialty, Wife, White, Female,38,0,40, United-States, >50K
49, Local-gov,96018, Assoc-acdm,13, Widowed, Sales, Other-relative, White, Female,-30,-1,35, United-States, <=50K
40, State-gov,103135, Bachelors,10, Widowed, Sales, Own-child, White, Female,-24,1,62, United-States, >50K
33, Self-emp-not-inc,374871, 7th-8th,10, Married-civ-spouse, Exec-managerial, Not-in-family, White, Male,-64,-1,68, Dominican-Republic, <=50K
53, Private,275142, HS-grad,9, Married-civ-spouse, Craft-repair, Husband, White, Male,-66,-1,40, United-States, <=50K
24, Private,177907, Bachelors,13, Divorced, ?, Not-in-family, White, Female,-20,0,45, United-States, <=50K
35, Federal-gov,50664, Bachelors,13, Divorced, Adm-clerical, Wife, White, Male,-16,1887,45, United-States, >50K
37, Self-emp-not-inc,96016, HS-grad,7, Married-civ-spouse, Craft-repair, Own-child, White, Male,-13,0,40, United-States, <=50K
58, Private,56494, 1st-4th,8, Married-civ-spouse, Craft-repair, Husband, White, Male,-27,-1,40, United-States, <=50K
39, Private,95808, Bachelors,8, Married-civ-spouse, Exec-managerial, Husband, White, Male,-32,1,51, United-States, >50K
36, Private,29063, Assoc-voc,10, Married-civ-spouse, Craft-repair, Not-in-family, Amer-Indian-Eskimo, Male,-6,0,50, United-States, <=50K
23, Self-emp-not-inc,227914, HS-grad,9, Married-civ-spouse, Farming-fishing, Husband, White, Male,-7,0,50, United-States, <=50K
49, Self-emp-not-inc,151969, HS-grad,9, Married-civ-spouse, Transport-moving, Husband, White, Male,-10,1,49, United-States, <=50K
51, Local-gov,229752, 5th-6th,13, Separated, Machine-op-inspct, Not-in-family, White, Female,10,1,40, United-States, <=50K
38, State-gov,41387, Some-college,14, Married-civ-spouse, Prof-specialty, Husband, Black, Female,24,1,40, United-States, <=50K
38, Private,185346, HS-grad,11, Widowed, Adm-clerical, Husband, White, Male,18,0,93, United-States, <=50K
35, Private,297787, Assoc-acdm,7, Widowed, ?, Unmarried, Other, Female,-38,1,40, Mexico, <=50K
39, Private,108490, Bachelors,13, Never-married, Exec-managerial, Own-child, Asian-Pac-Islander, Male,-9,0,45, United-States, >50K
43, Private,107903, Bachelors,14, Married-civ-spouse, Tech-support, Wife, Black, Male,-6,1839,51, Cambodia, >50K
30, ?,276115, 5th-6th,10, Never-married, Prof-specialty, Not-in-family, White, Male,-13,-2,40, United-States, <=50K
35, Private,34968, 5th-6th,13, Married-civ-spouse, Machine-op-inspct, Husband, White, Male,-43,2,61, Dominican-Republic, <=50K
21, ?,152009, Bachelors,13, Never-married, ?, Own-child, White, Male,-27,0,17, United-States, <=50K
49, Self-emp-inc,109333, Assoc-voc,15, Married-civ-spouse, Farming-fishing, Husband, White, Male,7,0,66, Philippines, >50K
22, State-gov,175063, HS-grad,11, Married-civ-spouse, Transport-moving, Wife, White, Female,-8,1,40, United-States, >50K
32, Without-pay,155890, Some-college,9, Married-civ-spouse, Exec-managerial, Husband, White, Female,5,0,70, United-States, >50K
44, Self-emp-not-inc,41877, Assoc-voc,7, Widowed, Sales, Other-relative, White, Male,-24,-1,45, United-States, <=50K
41, State-gov,119856, Bachelors,10, Married-civ-spouse, Farming-fishing, Not-in-family, White, Male,-35,0,61, United-States, <=50K
44, Private,118620, Bachelors,13, Never-married, Prof-specialty, Not-in-family, White, Female,10,-2,23, United-States, <=50K
40, State-gov,104169, 10th,14, Never-married, ?, Own-child, Other, Male,-38,-1,40, United-States, <=50K
23, Local-gov,345381, Some-college,7, Divorced, Other-service, Unmarried, White, Female,-1,0,16, United-States, <=50K
40, Self-emp-inc,41124, Bachelors,13, Married-civ-spouse, Exec-managerial, Wife, White, Female,3475,-1,40, United-States, <=50K
52, Self-emp-not-inc,200036, Bachelors,7, Married-spouse-absent, Machine-op-inspct, Not-in-family, White, Female,14,1,44, United-States, <=50K
47, Self-emp-inc,39238, Doctorate,14, Married-civ-spouse, Adm-clerical, Wife, White, Male,6,-1,40, United-States, >50K
49, State-gov,202513, 12th,10, Never-married, Priv-house-serv, Not-in-family, White, Male,41,0,45, United-States, <=50K
25, Private,245286, HS-grad,9, Married-civ-spouse, Craft-repair, Husband, White, Male,-13,1819,49, United-States, <=50K
41, Private,144031, Masters,14, Married-civ-spouse, Protective-serv, Husband, White, Male,3,2,40, United-States, <=50K
55, Private,275018, Some-college,9, Never-married, Prof-specialty, Husband, White, Male,0,0,45, United-States, <=50K
50, Self-emp-not-inc,260233, HS-grad,14, Married-civ-spouse, Sales, Husband, Black, Male,-37,1740,45, United-States, <=50K
39, Local-gov,206252, HS-grad,9, Married-civ-spouse, Craft-repair, Husband, White, Male,-15,1,40, United-States, <=50K
27, Private,137397, HS-grad,9, Never-married, Protective-serv, Not-in-family, Black, Female,32,0,40, United-States, <=50K
23, ?,302528, HS-grad,9, Married-civ-spouse, Other-service, Husband, White, Male,-38,0,21, United-States, <=50K
44, Private,201072, HS-grad,9, Married-civ-spouse, Exec-managerial, Husband, Asian-Pac-Islander, Female,-27,0,45, United-States, <=50K
36, Private,247220, Assoc-voc,6, Separated, Adm-clerical, Not-in-family, White, Male,12,0,36, United-States, <=50K
25, Private,223826, Masters,9, Married-civ-spouse, Farming-fishing, Husband, White, Male,10,0,50, United-States, <=50K
38, ?,109213, 11th,3, Separated, Adm-clerical, Own-child, Asian-Pac-Islander, Female,9,0,45, United-States, <=50K
41, Private,231475, Masters,14, Married-civ-spouse, Protective-serv, Husband, White, Male,19,-2,40, United-States, <=50K
35, Private,282642, HS-grad,10, Married-civ-spouse, Protective-serv, Husband, White, Male,-16,-1,40, Portugal, <=50K
49, Private,99994, HS-grad,9, Married-civ-spouse, Machine-op-inspct, Husband, White, Male,-40,-1,40, United-States, <=50K
40, Self-emp-inc,100254, Masters,5, Married-civ-spouse, Prof-specialty, Wife, White, Female,26,1872,74, United-States, >50K
43, Never-worked,25153, Assoc-acdm,9, Married-civ-spouse, Craft-repair, Not-in-family, White, Male,-18,0,66, United-States, <=50K
44, State-gov,124040, Bachelors,13, Married-civ-spouse, Sales, Not-in-family, White, Male,22,2,40, Peru, >50K
51, ?,269724, HS-grad,9, Never-married, Other-service, Not-in-family, White, Male,-44,-1,36, United-States, <=50K
44, Private,37109, HS-grad,9, Married-civ-spouse, Machine-op-inspct, Husband, White, Male,-4,-1,40, United-States, <=50K
41, ?,261163, HS-grad,9, Divorced, ?, Unmarried, White, Male,-53,-4,44, United-States, <=50K
18, ?,209190, 10th,4, Never-married, ?, Own-child, White, Male,-63,1,44, United-States, <=50K
33, Local-gov,380111, 9th,13, Married-civ-spouse, Prof-specialty, Husband, White, Male,6,1,50, United-States, <=50K
27, Private,216196, HS-grad,9, Married-civ-spouse, Machine-op-inspct, Unmarried, Other, Male,-22,0,40, United-States, <=50K
43, Local-gov,245299, Bachelors,13, Married-civ-spouse, Prof-specialty, Not-in-family, White, Female,4,0,35, United-States, >50K
38, Local-gov,176036, Masters,13, Married-civ-spouse, Prof-specialty, Husband, White, Male,0,-1,45, United-States, >50K
45, Local-gov,124845, Masters,14, Married-civ-spouse, Craft-repair, Husband, White, Male,-37,-1,49, United-States, >50K
50, Private,171030, Bachelors,13, Divorced, ?, Unmarried, Asian-Pac-Islander, Female,-15,0,13, United-States, <=50K
18, ?,97701, 10th,10, Never-married, ?, Own-child, White, Male,9,1,50, United-States, <=50K
21, Private,48681, 9th,7, Widowed, Other-service, Own-child, White, Male,14,1,40, South, <=50K
39, Private,206533, Bachelors,13, Widowed, Tech-support, Not-in-family, Asian-Pac-Islander, Male,-37,0,37, United-States, <=50K
20, Self-emp-not-inc,117562, HS-grad,9, Married-civ-spouse, Transport-moving, Husband, White, Male,-40,0,40, United-States, <=50K
55, Self-emp-not-inc,43832, Bachelors,13, Married-civ-spouse, Prof-specialty, Wife, White, Male,-19,0,40, United-States, <=50K
47, Self-emp-inc,172310, HS-grad,14, Married-civ-spouse, Craft-repair, Husband, White, Female,8,1,59, United-States, >50K
52, Local-gov,258317, Bachelors,13, Never-married, Prof-specialty, Not-in-family, Asian-Pac-Islander, Female,5,1,62, Puerto-Rico, <=50K
54, State-gov,107006, Assoc-voc,13, Widowed, Other-service, Wife, Other, Female,-25,2,36, United-States, <=50K
39, Private,176809, Bachelors,9, Separated, Handlers-cleaners, Not-in-family, Black, Female,24,0,44, United-States, <=50K
65, Local-gov,181033, Bachelors,14, Married-civ-spouse, Handlers-cleaners, Wife, White, Female,-60,-1,44, Puerto-Rico, <=50K
40, Private,180717, Some-college,5, Married-civ-spouse, Craft-repair, Husband, White, Male,-20,1,40, Vietnam, <=50K
48, Private,331096, HS-grad,4, Married-spouse-absent, Adm-clerical, Other-relative, White, Female,-1,3,57, United-States, <=50K
63, Federal-gov,254194, Bachelors,13, Divorced, Machine-op-inspct, Unmarried, Black, Female,-10,-1,40, United-States, <=50K
25, State-gov,27298, 10th,5, Married-civ-spouse, Adm-clerical, Husband, Asian-Pac-Islander, Male,22,0,40, Puerto-Rico, >50K
22, Private,344991, Assoc-acdm,4, Married-civ-spouse, Sales, Wife, Asian-Pac-Islander, Male,1,0,45, United-States, <=50K
46, Private,102225, HS-grad,6, Never-married, Craft-repair, Own-child, White, Male,17,-1,36, United-States, <=50K
34, ?,249419, 9th,13, Never-married, Sales, Other-relative, Other, Male,-38,-1,40, Canada, <=50K
36, State-gov,121021, 9th,13, Divorced, Prof-specialty, Unmarried, White, Female,-20,0,10, United-States, >50K
45, Private,101358, HS-grad,9, Married-civ-spouse, Sales, Husband, Asian-Pac-Islander, Male,-36,0,74, Cuba, <=50K
38, Self-emp-not-inc,52607, Bachelors,13, Married-civ-spouse, Protective-serv, Not-in-family, White, Male,5,0,40, Guatemala, <=50K
27, State-gov,129855, Bachelors,13, Never-married, ?, Not-in-family, White, Female,1630,0,44, United-States, <=50K
21, Private,377142, HS-grad,7, Never-married, ?, Not-in-family, White, Male,-17,1,36, United-States, <=50K
20, Private,541318, 5th-6th,11, Never-married, Protective-serv, Not-in-family, White, Male,11,-2,30, United-States, <=50K
46, Local-gov,279041, Bachelors,13, Widowed, Adm-clerical, Not-in-family, White, Female,-1,-2,40, United-States, >50K
57, ?,48258, Bachelors,14, Divorced, Transport-moving, Wife, Black, Female,-18,0,58, United-States, <=50K
67, Private,103783, HS-grad,7, Married-civ-spouse, Exec-managerial, Husband, White, Female,8,0,56, United-States, >50K
47, State-gov,110752, Bachelors,13, Separated, Prof-specialty, Not-in-family, White, Female,-14,-1,40, United-States, >50K
22, ?,64692, Some-college,5, Never-married, ?, Own-child, White, Male,-4,0,34, United-States, <=50K
41, Self-emp-not-inc,124313, 7th-8th,9, Married-civ-spouse, Adm-clerical, Husband, White, Male,-17,-1,49, United-States, <=50K
36, Private,358985, Bachelors,13, Divorced, Adm-clerical, Not-in-family, White, Female,3,-2,40, United-States, <=50K
17, Private,114891, 1st-4th,4, Never-married, Handlers-cleaners, Own-child, Black, Male,-10,-1,24, United-States, <=50K
48, Private,50789, Prof-school,13, Widowed, Other-service, Husband, White, Female,-19,0,37, United-States, <=50K
26, Private,236031, 5th-6th,9, Married-civ-spouse, Farming-fishing, Husband, White, Male,-42,-2,40, United-States, <=50K
64, Local-gov,160919, Bachelors,13, Separated, Sales, Unmarried, Black, Female,-8,-1,59, United-States, <=50K
48, Self-emp-not-inc,224664, HS-grad,9, Married-civ-spouse, Protective-serv, Husband, Black, Male,1,1,40, United-States, <=50K
61, Private,198003, Some-college,3, Separated, Protective-serv, Own-child, White, Male,12,1,40, Portugal, <=50K
38, Private,259971, Masters,14, Married-civ-spouse, Exec-managerial, Husband, White, Male,-12,0,40, ?, >50K
59, Never-worked,258170, Bachelors,13, Never-married, ?, Other-relative, White, Male,-22,0,46, United-States, >50K
21, Self-emp-not-inc,109521, 5th-6th,10, Divorced, Handlers-cleaners, Not-in-family, White, Male,20,0,25, United-States, <=50K
57, Private,97307, 11th,13, Separated, Adm-clerical, Unmarried, White, Female,14,1,40, United-States, <=50K
41, ?,246666, Some-college,10, Never-married, Exec-managerial, Own-child, White, Male,-20,1,24, United-States, <=50K
31, Federal-gov,259939, Masters,8, Never-married, Handlers-cleaners, Not-in-family, White, Male,-5,-1,40, United-States, <=50K
61, Private,449003, HS-grad,9, Widowed, Adm-clerical, Unmarried, White, Female,9,1,40, United-States, <=50K
18, ?,212085, Some-college,10, Never-married, ?, Own-child, White, Male,-18,2,13, United-States, <=50K
44, Private,261808, 10th,10, Never-married, Other-service, Own-child, Other, Male,-22,-1,22, United-States, <=50K
49, Self-emp-not-inc,411329, HS-grad,11, Married-civ-spouse, Adm-clerical, Husband, White, Male,18,-3,44, Germany, <=50K
46, Self-emp-not-inc,434545, Assoc-voc,4, Married-civ-spouse, Machine-op-inspct, Husband, White, Male,12,-2,40, United-States, <=50K
24, Private,532990, Bachelors,13, Divorced, Adm-clerical, Not-in-family, White, Female,-32,0,49, United-States, >50K
45, State-gov,84695, Bachelors,13, Married-civ-spouse, Exec-managerial, Wife, White, Male,-62,2263,61, United-States, >50K
46, Private,286069, HS-grad,9, Married-civ-spouse, Craft-repair, Husband, Black, Male,22,1,40, United-States, <=50K
46, Self-emp-not-inc,63141, 10th,10, Never-married, Exec-managerial, Husband, Asian-Pac-Islander, Male,-47,1,40, United-States, <=50K
19, Private,234369, 9th,7, Never-married, Other-service, Unmarried, White, Female,12,2,23, United-States, <=50K
17, ?,69361, Some-college,10, Never-married, ?, Own-child, White, Male,-41,1,25, United-States, <=50K
24, Private,115797, Some-college,10, Never-married, Other-service, Own-child, White, Female,-18,0,37, United-States, <=50K
51, ?,37659, Bachelors,13, Divorced, Adm-clerical, Unmarried, Black, Female,-1,0,36, United-States, <=50K
47, Federal-gov,310911, Bachelors,13, Divorced, Prof-specialty, Not-in-family, White, Female,-21,0,63, Ecuador, >50K
17, ?,38112, 11th,5, Never-married, ?, Own-child, White, Male,-19,1,50, United-States, <=50K
23, Private,324290, 5th-6th,13, Never-married, Other-service, Own-child, White, Male,-25,1,46, United-States, <=50K
24, Private,336877, Some-college,13, Never-married, Handlers-cleaners, Not-in-family, White, Male,-25,-1,62, United-States, <=50K
46, Private,119696, 11th,13, Never-married, Adm-clerical, Unmarried, Black, Female,-12,1,21, United-States, <=50K
49, Private,196966, Masters,14, Married-civ-spouse, Exec-managerial, Husband, Asian-Pac-Islander, Male,-26,-2,40, United-States, <=50K
47, Private,240703, Bachelors,13, Never-married, Other-service, Own-child, White, Male,-34,-1,45, United-States, <=50K
42, Self-emp-not-inc,169893, Doctorate,14, Married-civ-spouse, Craft-repair, Husband, White, Male,3606,0,46, United-States, >50K
38, Self-emp-inc,97305, Bachelors,16, Married-civ-spouse, Prof-specialty, Husband, White, Female,21,1,50, United-States, >50K
21, Private,497656, HS-grad,9, Never-married, Other-service, Not-in-family, Black, Male,-10,-1,40, United-States, <=50K
44, Private,44472, Doctorate,5, Married-civ-spouse, Machine-op-inspct, Husband, White, Male,-4,0,40, Mexico, >50K
48, Private,122138, Masters,14, Married-civ-spouse, Craft-repair, Husband, White, Male,36,-1,40, United-States, >50K
68, State-gov,213980, Some-college,10, Divorced, Exec-managerial, Not-in-family, White, Female,-9,0,11, United-States, <=50K
31, Private,316926, HS-grad,9, Married-civ-spouse, Craft-repair, Husband, White, Male,-38,1,40, United-States, <=50K
43, ?,252874, 1st-4th,7, Never-married, Other-service, Other-relative, Black, Male,-13,-1,24, United-States, <=50K
26, Private,249257, HS-grad,9, Married-civ-spouse, Priv-house-serv, Husband, White, Male,11,2081,40, United-States, <=50K
34, Local-gov,138640, Bachelors,13, Married-civ-spouse, Prof-specialty, Wife, White, Female,4,0,59, United-States, >50K
31, Private,374031, HS-grad,9, Divorced, Other-service, Unmarried, White, Female,-20,2,40, United-States, <=50K
26, Private,100521, Bachelors,5, Never-married, Sales, Husband, White, Male,-37,-1,45, United-States, <=50K
46, Private,116653, HS-grad,9, Divorced, Other-service, Not-in-family, White, Female,-26,1,50, United-States, <=50K
41, Private,121909, HS-grad,4, Never-married, Handlers-cleaners, Own-child, White, Male,-37,0,31, United-States, <=50K
38, Private,110441, Bachelors,13, Divorced, Prof-specialty, Not-in-family, Asian-Pac-Islander, Female,15,0,44, United-States, >50K
43, Private,335477, 12th,7, Never-married, Handlers-cleaners, Own-child, White, Female,6,0,40, United-States, <=50K
39, Private,229674, 9th,4, Widowed, Adm-clerical, Unmarried, White, Female,9,0,45, United-States, <=50K
25, Self-emp-not-inc,107429, HS-grad,9, Married-civ-spouse, Craft-repair, Husband, White, Female,-9,1,40, United-States, <=50K
22, Local-gov,296434, Some-college,10, Never-married, Adm-clerical, Own-child, Black, Male,-15,0,20, United-States, <=50K
63, State-gov,167969, Bachelors,10, Never-married, ?, Own-child, White, Male,5,0,50, United-States, <=50K
48, State-gov,205651, Bachelors,13, Widowed, Priv-house-serv, Not-in-family, White, Male,-2,2,51, United-States, <=50K
25, Private,298346, Some-college,10, Never-married, ?, Own-child, White, Male,-28,0,44, United-States, <=50K
17, ?,116953, 10th,13, Never-married, Adm-clerical, Own-child, White, Female,7,0,30, United-States, <=50K
18, ?,273978, HS-grad,9, Never-married, ?, Own-child, White, Male,-24,3,49, United-States, <=50K
61, State-gov,111016, 10th,7, Never-married, ?, Own-child, White, Male,10,1,30, United-States, <=50K
60, Private,31261, HS-grad,9, Married-civ-spouse, Tech-support, Husband, White, Male,22,-1,49, United-States, <=50K
44, Local-gov,93287, Bachelors,13, Married-civ-spouse, Prof-specialty, Not-in-family, Black, Female,-10,-1,40, United-States, <=50K
37, Self-emp-inc,36559, Masters,16, Married-civ-spouse, Prof-specialty, Husband, White, Male,4,2,60, United-States, >50K
37, Private,135470, 11th,6, Married-civ-spouse, Adm-clerical, Wife, White, Female,-9,0,50, United-States, <=50K
25, Self-emp-not-inc,144594, Bachelors,13, Divorced, Exec-managerial, Wife, White, Female,1,-3,31, Philippines, <=50K
22, Private,150630, Assoc-acdm,14, Married-civ-spouse, Craft-repair, Husband, White, Male,7880,-2,62, United-States, >50K
26, ?,80033, Bachelors,7, Never-married, ?, Not-in-family, White, Male,-50,0,18, United-States, <=50K
37, Federal-gov,256069, 7th-8th,16, Married-civ-spouse, Handlers-cleaners, Husband, Asian-Pac-Islander, Male,-16,1,71, United-States, >50K
24, Private,252095, Some-college,10, Never-married, ?, Not-in-family, White, Male,-18,-1,44, Trinadad&Tobago, <=50K
18, ?,117089, 11th,10, Never-married, Sales, Own-child, White, Male,-22,-2,63, United-States, <=50K
39, Federal-gov,223595, Bachelors,9, Married-civ-spouse, Transport-moving, Husband, White, Male,-5,-1,58, Hong, >50K
30, Private,104184, Doctorate,9, Never-married, Transport-moving, Other-relative, White, Male,-36,1,30, United-States, <=50K
27, State-gov,111181, 10th,11, Widowed, Sales, Not-in-family, White, Female,15,1,40, United-States, <=50K
44, Federal-gov,197074, Some-college,10, Never-married, Farming-fishing, Own-child, White, Male,-1,-1,35, United-States, <=50K
64, Private,267334, Some-college,11, Divorced, Exec-managerial, Not-in-family, White, Female,-10,1,50, ?, <=50K
47, State-gov,255863, HS-grad,13, Divorced, Prof-specialty, Not-in-family, White, Female,33,-1,45, United-States, >50K
44, Private,408895, Some-college,10, Married-civ-spouse, Farming-fishing, Husband, White, Male,-57,-1,40, United-States, <=50K
39, Self-emp-not-inc,463387, HS-grad,9, Married-civ-spouse, Craft-repair, Husband, White, Female,13,0,40, United-States, <=50K
18, ?,317772, Bachelors,10, Never-married, Other-service, Not-in-family, White, Male,-37,-1,30, United-States, <=50K
26, Private,94765, HS-grad,13, Divorced, Other-service, Unmarried, White, Female,-30,-1,12, United-States, <=50K
30, State-gov,31619, Some-college,10, Married-civ-spouse, Farming-fishing, Not-in-family, White, Female,7,0,67, United-States, >50K
27, Private,244921, HS-grad,9, Married-civ-spouse, Machine-op-inspct, Husband, White, Male,-21,2,40, United-States, <=50K
17, ?,340495, Bachelors,10, Never-married, ?, Own-child, White, Male,0,1,23, United-States, <=50K
36, Private,282288, HS-grad,9, Divorced, Exec-managerial, Unmarried, White, Female,-13,-1,40, United-States, <=50K
45, Private,54594, Bachelors,14, Married-civ-spouse, Exec-managerial, Not-in-family, White, Female,-2,0,74, United-States, >50K
36, Federal-gov,126545, Prof-school,13, Married-civ-spouse, Prof-specialty, Wife, White, Male,13,0,46, United-States, >50K
58, Private,269326, HS-grad,9, Never-married, Craft-repair, Unmarried, Black, Male,-23,-1,40, United-States, <=50K
19, Self-emp-not-inc,286940, HS-grad,10, Never-married, Sales, Not-in-family, Asian-Pac-Islander, Male,3,-1,40, Haiti, <=50K
21, Private,218784, HS-grad,4, Never-married, Other-service, Not-in-family, White, Male,-40,1,40, United-States, <=50K
42, Private,378410, HS-grad,9, Never-married, Adm-clerical, Unmarried, White, Female,28,0,40, United-States, <=50K
46, Private,46458, HS-grad,9, Divorced, Farming-fishing, Own-child, White, Female,-14,-1,40, United-States, <=50K
60, Private,27906, Assoc-voc,3, Divorced, Sales, Not-in-family, White, Female,25,0,40, England, <=50K
25, Private,114282, Masters,10, Married-civ-spouse, Prof-specialty, Wife, White, Female,-24,0,40, United-States, >50K
23, Private,76221, HS-grad,9, Married-civ-spouse, Prof-specialty, Husband, Asian-Pac-Islander, Male,-35,1,40, United-States, <=50K
24, ?,239541, HS-grad,9, Separated, Transport-moving, Unmarried, White, Male,14,0,40, United-States, <=50K
19, Private,274945, Some-college,4, Never-married, Other-service, Own-child, White, Male,1,0,40, Mexico, <=50K
31, Private,41636, Assoc-voc,9, Divorced, Sales, Husband, White, Male,-18,0,60, United-States, <=50K
50, Private,341218, HS-grad,9, Married-civ-spouse, Craft-repair, Husband, Black, Male,-44,0,40, United-States, <=50K
44, Private,90988, 7th-8th,6, Separated, Adm-clerical, Unmarried, White, Female,15,1,37, United-States, <=50K
42, Private,204249, Some-college,9, Never-married, Craft-repair, Own-child, White, Male,-12,1,40, Mexico, <=50K
42, ?,93299, Assoc-voc,9, Married-AF-spouse, Other-service, Unmarried, Asian-Pac-Islander, Male,-40,0,30, United-States, <=50K
56, Private,102807, Bachelors,10, Divorced, Adm-clerical, Not-in-family, White, Female,-16,-1,35, United-States, <=50K
58, Without-pay,247867, HS-grad,9, Married-civ-spouse, Machine-op-inspct, Wife, Asian-Pac-Islander, Male,-11,-1,44, Portugal, <=50K
58, Private,115544, Assoc-acdm,13, Never-married, Sales, Husband, Asian-Pac-Islander, Male,2,1,46, United-States, <=50K
25, Self-emp-not-inc,37078, 10th,10, Never-married, Sales, Own-child, White, Male,-13,1,40, United-States, <=50K
46, Private,122718, Some-college,9, Divorced, Adm-clerical, Other-relative, Black, Female,23,0,37, United-States, <=50K
25, State-gov,150637, Masters,7, Married-civ-spouse, Other-service, Husband, White, Male,21,0,70, Poland, <=50K
38, Private,132428, Assoc-acdm,13, Never-married, Craft-repair, Not-in-family, Other, Female,-6,0,29, United-States, <=50K
43, Private,289027, Bachelors,13, Divorced, Prof-specialty, Unmarried, White, Female,-7,-1,31, United-States, >50K
37, Private,216198, 9th,5, Never-married, Other-service, Other-relative, White, Female,-70,1,40, Italy, <=50K
24, Self-emp-not-inc,347482, HS-grad,9, Married-civ-spouse, Craft-repair, Husband, White, Male,-39,-2,44, United-States, <=50K
67, Local-gov,171109, Bachelors,13, Married-civ-spouse, Prof-specialty, Wife, White, Male,-6,-1,32, United-States, <=50K
29, ?,109094, Some-college,13, Never-married, Prof-specialty, Not-in-family, White, Male,15,-1,50, United-States, <=50K
49, Private,218562, 11th,10, Divorced, Prof-specialty, Own-child, Black, Female,-44,0,68, United-States, <=50K
36, Self-emp-not-inc,228206, Some-college,14, Married-civ-spouse, Craft-repair, Husband, White, Male,-17,-1,46, United-States, >50K
55, Private,160956, Bachelors,10, Widowed, Prof-specialty, Unmarried, Other, Female,37,-1,24, United-States, <=50K
26, ?,389276, Some-college,10, Never-married, ?, Own-child, White, Male,-38,1,12, United-States, <=50K
49, Private,147743, Bachelors,13, Never-married, Adm-clerical, Wife, White, Female,7,0,50, United-States, <=50K
45, Private,239006, Some-college,13, Married-civ-spouse, Craft-repair, Wife, White, Female,-16,0,45, United-States, >50K
30, ?,206749, Bachelors,9, Married-civ-spouse, ?, Own-child, White, Male,-40,0,62, United-States, <=50K
38, State-gov,90919, Some-college,9, Divorced, Transport-moving, Husband, White, Male,-10,0,40, United-States, <=50K
39, Never-worked,51533, HS-grad,13, Divorced, ?, Unmarried, White, Male,-37,0,30, Hungary, <=50K
28, Private,258722, HS-grad,9, Married-civ-spouse, Craft-repair, Husband, White, Male,-38,-2,45, United-States, <=50K
35, Self-emp-inc,91832, Bachelors,13, Married-civ-spouse, Prof-specialty, Wife, Black, Male,45,0,45, United-States, >50K
25, State-gov,152912, HS-grad,10, Divorced, Adm-clerical, Own-child, White, Female,-27,1,40, Peru, <=50K
18, Private,185592, Some-college,10, Never-married, Other-service, Own-child, White, Male,-17,-2,40, United-States, <=50K
37, State-gov,189811, Bachelors,13, Never-married, Exec-managerial, Not-in-family, White, Male,11,0,37, China, >50K
37, Private,157620, Bachelors,13, Married-civ-spouse, Transport-moving, Wife, White, Male,-16,0,50, United-States, <=50K
23, ?,125303, Some-college,10, Never-married, ?, Own-child, White, Male,-28,0,40, United-States, <=50K
32, ?,92843, Bachelors,5, Divorced, Adm-clerical, Not-in-family, White, Female,-19,0,40, United-States, <=50K
39, ?,31758, Assoc-voc,10, Never-married, Tech-support, Own-child, White, Male,-2,0,24, United-States, <=50K
50, Private,377722, HS-grad,9, Widowed, Other-service, Husband, Other, Female,1,0,64, ?, <=50K
47, ?,179638, HS-grad,9, Divorced, ?, Own-child, White, Male,-37,-2,50, United-States, <=50K
46, Private,265518, 1st-4th,7, Never-married, Handlers-cleaners, Husband, White, Male,-74,-3,59, United-States, <=50K
19, Private,277059, HS-grad,10, Never-married, Sales, Own-child, White, Male,0,-1,40, United-States, <=50K
45, Private,195147, HS-grad,7, Married-civ-spouse, Craft-repair, Husband, White, Male,-21,0,40, United-States, >50K
41, Private,148365, Assoc-acdm,13, Married-civ-spouse, Prof-specialty, Wife, White, Female,-9,1,40, United-States, >50K
48, Private,139784, HS-grad,9, Married-civ-spouse, Other-service, Unmarried, White, Female,-14,0,36, United-States, <=50K
20, Private,111280, HS-grad,9, Married-spouse-absent, Adm-clerical, Not-in-family, White, Female,10,1,40, United-States, <=50K
17, ?,196155, 11th,9, Never-married, ?, Own-child, White, Male,-32,0,30, United-States, <=50K
37, Private,261160, Bachelors,13, Divorced, Exec-managerial, Husband, White, Female,-16,1,40, United-States, <=50K
23, Self-emp-not-inc,236941, Some-college,10, Married-AF-spouse, Prof-specialty, Unmarried, White, Female,-31,2,40, United-States, <=50K
25, Self-emp-not-inc,44910, Some-college,10, Never-married, Craft-repair, Husband, White, Male,-11,1,40, United-States, <=50K
59, Private,254733, 11th,4, Separated, Handlers-cleaners, Not-in-family, White, Male,9,1,31, Trinadad&Tobago, <=50K
19, ?,385240, Assoc-voc,9, Separated, Other-service, Other-relative, White, Male,6,-1,40, United-States, <=50K
45, Local-gov,25905, HS-grad,9, Married-civ-spouse, Craft-repair, Husband, Black, Male,4,1,64, United-States, <=50K
49, Local-gov,26409, Bachelors,7, Never-married, Exec-managerial, Not-in-family, White, Female,-17,0,40, United-States, <=50K
22, Private,116999, Some-college,4, Never-married, Sales, Not-in-family, White, Male,-2,0,63, United-States, <=50K
20, Private,229611, Masters,7, Never-married, Farming-fishing, Not-in-family, White, Female,-13,0,40, United-States, <=50K
32, Local-gov,174070, HS-grad,7, Married-civ-spouse, Prof-specialty, Husband, White, Male,1,2,40, United-States, <=50K
21, ?,105426, Some-college,10, Never-married, ?, Own-child, White, Male,-13,-1,40, United-States, <=50K
25, ?,85378, Some-college,10, Never-married, ?, Own-child, White, Female,-22,0,14, United-States, <=50K
23, ?,226787, Doctorate,13, Widowed, Prof-specialty, Unmarried, White, Female,-13,0,40, United-States, <=50K
60, ?,250701, HS-grad,7, Divorced, Sales, Unmarried, White, Male,-1,-1,50, United-States, <=50K
47, Private,36411, Some-college,5, Married-civ-spouse, Craft-repair, Husband, White, Male,-55,-2,76, United-States, <=50K
52, Local-gov,125556, Bachelors,13, Never-married, Sales, Not-in-family, Other, Male,-12,1,10, United-States, <=50K
47, Private,200392, HS-grad,9, Married-civ-spouse, Other-service, Wife, White, Male,-4,1,50, United-States, <=50K
53, Self-emp-not-inc,178651, HS-grad,9, Married-civ-spouse, Craft-repair, Husband, White, Male,-47,0,45, United-States, <=50K
26, Private,20208, HS-grad,7, Never-married, Handlers-cleaners, Own-child, White, Male,-11,2,8, El-Salvador, <=50K
47, Self-emp-inc,73757, Some-college,10, Never-married, Craft-repair, Husband, White, Male,-12,0,50, United-States, <=50K
44, Private,286725, 9th,13, Divorced, Adm-clerical, Not-in-family, White, Female,0,1,40, United-States, <=50K
36, Private,207702, Masters,14, Married-civ-spouse, Farming-fishing, Husband, White, Male,-51,0,65, United-States, >50K
39, Federal-gov,404746, Bachelors,13, Married-civ-spouse, Prof-specialty, Not-in-family, White, Female,7413,-1,44, United-States, >50K
42, Self-emp-inc,88346, Some-college,10, Married-civ-spouse, Prof-specialty, Own-child, White, Male,-67,0,62, United-States, >50K
41, Local-gov,191021, Masters,16, Married-civ-spouse, Exec-managerial, Husband, White, Male,-3,0,56, United-States, >50K
60, Private,204111, HS-grad,9, Married-civ-spouse, Exec-managerial, Husband, White, Male,22,1,40, United-States, >50K
48, Private,41230, HS-grad,10, Married-civ-spouse, Craft-repair, Husband, Black, Male,3,1,40, United-States, <=50K
45, Private,31879, 12th,9, Separated, Sales, Husband, White, Female,8,1,40, United-States, <=50K
64, ?,260613, 5th-6th,7, Divorced, Adm-clerical, Own-child, White, Male,-48,0,40, United-States, <=50K
39, Private,166544, HS-grad,9, Divorced, Other-service, Other-relative, Black, Male,-44,0,40, Mexico, <=50K
41, Private,109168, 11th,10, Never-married, Prof-specialty, Not-in-family, White, Female,-48,0,40, Ireland, <=50K
60, Private,204449, Prof-school,16, Married-civ-spouse, Prof-specialty, Husband, White, Male,8,1,60, United-States, >50K
22, Private,34443, 11th,14, Never-married, Transport-moving, Husband, Asian-Pac-Islander, Male,-44,0,31, Guatemala, <=50K
45, Local-gov,122229, Bachelors,10, Married-civ-spouse, Prof-specialty, Husband, White, Male,-23,-1,58, ?, >50K
41, Private,115664, HS-grad,9, Married-civ-spouse, Craft-repair, Husband, White, Male,-34,1,58, United-States, <=50K
41, Private,148079, Some-college,9, Widowed, ?, Unmarried, Black, Female,-45,0,40, United-States, <=50K
25, Private,171311, 7th-8th,7, Never-married, Other-service, Unmarried, White, Female,-35,1,37, United-States, <=50K
37, Private,41154, Bachelors,13, Never-married, Adm-clerical, Not-in-family, White, Female,-16,-1,19, United-States, <=50K
46, Private,213089, Bachelors,13, Divorced, Prof-specialty, Other-relative, White, Female,-7,-1,40, United-States, <=50K
29, Self-emp-not-inc,127105, Bachelors,13, Divorced, Prof-specialty, Not-in-family, White, Female,-14,-1,13, United-States, <=50K
56, Local-gov,109622, HS-grad,9, Never-married, Machine-op-inspct, Not-in-family, Black, Male,-20,-2,40, United-States, <=50K
48, Private,84337, HS-grad,9, Married-civ-spouse, Farming-fishing, Husband, Black, Male,-12,1,40, Taiwan, <=50K
50, Federal-gov,37169, HS-grad,9, Married-civ-spouse, Adm-clerical, Unmarried, Amer-Indian-Eskimo, Male,-30,1,40, United-States, <=50K
46, Self-emp-inc,206933, Bachelors,14, Never-married, Prof-specialty, Wife, White, Male,-28,0,50, United-States, >50K
38, Private,36354, Assoc-voc,9, Married-civ-spouse, Sales, Husband, White, Male,-25,-2,72, United-States, <=50K
46, Private,305425, Bachelors,10, Separated, ?, Other-relative, Black, Male,-35,0,40, United-States, <=50K
17, Private,263095, Bachelors,7, Never-married, Handlers-cleaners, Own-child, White, Male,-8,1,16, United-States, <=50K
23, Private,199117, Some-college,9, Married-civ-spouse, Handlers-cleaners, Husband, White, Male,4,1,45, United-States, <=50K
27, Private,282189, 9th,7, Married-civ-spouse, Machine-op-inspct, Husband, Other, Male,-9,-1,40, United-States, <=50K
46, Private,133959, Assoc-voc,13, Divorced, Adm-clerical, Not-in-family, White, Female,7,2,51, United-States, <=50K
45, Self-emp-not-inc,23811, 11th,13, Never-married, Sales, Own-child, Black, Male,-7,2,36, United-States, <=50K
54, Local-gov,106806, Assoc-voc,14, Married-civ-spouse, Prof-specialty, Husband, White, Male,-23,0,61, United-States, >50K
43, Federal-gov,264034, Bachelors,16, Married-civ-spouse, Craft-repair, Husband, Asian-Pac-Islander, Male,7,0,50, United-States, >50K
43, Self-emp-not-inc,40426, Masters,14, Married-civ-spouse, Prof-specialty, Wife, White, Female,-19,0,40, United-States, >50K
47, Private,144803, 5th-6th,7, Never-married, Exec-managerial, Other-relative, White, Male,-2,-1,40, United-States, >50K
40, Private,237357, Masters,9, Married-civ-spouse, Prof-specialty, Husband, White, Male,-16,-3,40, United-States, >50K
21, Private,177560, Some-college,10, Widowed, Sales, Not-in-family, White, Male,25,1,36, Portugal, <=50K
60, Private,183453, HS-grad,9, Married-civ-spouse, Adm-clerical, Wife, White, Male,20,2,50, Iran, <=50K
21, Private,262286, Some-college,10, Never-married, Other-service, Other-relative, White, Male,2847,0,45, Haiti, <=50K
40, Private,323782, Masters,14, Married-civ-spouse, Sales, Husband, White, Female,-13,2,58, United-States, >50K
46, ?,161355, HS-grad,11, Married-civ-spouse, Protective-serv, Husband, White, Male,-13,1,45, United-States, <=50K
53, ?,494817, HS-grad,9, Never-married, Other-service, Own-child, White, Male,-30,-1,30, United-States, <=50K
34, ?,230480, 12th,13, Divorced, Sales, Unmarried, Asian-Pac-Islander, Female,17,1,13, United-States, <=50K
24, Private,221324, HS-grad,7, Never-married, Handlers-cleaners, Not-in-family, Black, Male,-38,0,20, United-States, <=50K
51, Local-gov,350326, Bachelors,13, Married-civ-spouse, Exec-managerial, Husband, White, Male,3,1,40, United-States, >50K
36, Self-emp-inc,92710, Prof-school,14, Married-civ-spouse, Craft-repair, Husband, White, Male,-17,0,40, United-States, <=50K
37, Private,129980, Assoc-acdm,12, Married-civ-spouse, Prof-specialty, Husband, White, Male,15,1,45, United-States, >50K
30, Private,295429, HS-grad,9, Never-married, Sales, Own-child, White, Female,-22,1,40, United-States, <=50K
49, Private,246656, HS-grad,9, Married-civ-spouse, Craft-repair, Husband, White, Male,-33,0,40, United-States, <=50K
48, Local-gov,108000, Bachelors,9, Married-civ-spouse, Tech-support, Husband, Black, Female,-16,-1,40, United-States, <=50K
27, Private,116047, Some-college,10, Never-married, Farming-fishing, Not-in-family, White, Male,-42,-2,44, Italy, <=50K
39, Private,110119, HS-grad,7, Married-civ-spouse, Transport-moving, Own-child, Black, Male,27,0,40, United-States, <=50K
57, Private,213622, HS-grad,9, Married-civ-spouse, Craft-repair, Husband, White, Male,-16,2,40, United-States, <=50K
34, Federal-gov,145593, Bachelors,7, Married-civ-spouse, Handlers-cleaners, Wife, White, Female,30,0,50, Greece, <=50K
38, Self-emp-inc,144463, Bachelors,13, Married-civ-spouse, Prof-specialty, Wife, White, Male,14590,0,44, United-States, >50K
73, Private,253160, HS-grad,13, Divorced, Other-service, Not-in-family, White, Male,1,-1,40, United-States, <=50K
20, Without-pay,49832, 9th,6, Never-married, ?, Not-in-family, Black, Male,2,0,22, United-States, <=50K
31, Self-emp-not-inc,206621, 10th,11, Married-civ-spouse, Craft-repair, Other-relative, White, Male,31,1,60, United-States, <=50K
58, Self-emp-not-inc,22707, HS-grad,9, Married-civ-spouse, Craft-repair, Husband, White, Male,-57,0,40, United-States, <=50K
37, Private,115527, 11th,10, Never-married, ?, Own-child, White, Male,-22,0,24, United-States, <=50K
19, Private,133792, HS-grad,9, Never-married, Tech-support, Own-child, White, Male,-15,0,14, United-States, <=50K
18, ?,278807, Some-college,7, Never-married, ?, Own-child, White, Male,-46,0,35, United-States, <=50K
41, Private,57368, HS-grad,14, Divorced, Exec-managerial, Wife, White, Female,0,-1,44, United-States, <=50K
18, Private,42473, Some-college,10, Never-married, ?, Own-child, White, Female,-21,0,98, United-States, <=50K
34, State-gov,289971, 12th,13, Separated, Machine-op-inspct, Wife, White, Female,6,3,40, China, <=50K
37, ?,251150, Doctorate,10, Divorced, Farming-fishing, Own-child, White, Male,-5,1,21, United-States, >50K
65, Private,486051, Masters,9, Married-civ-spouse, Machine-op-inspct, Husband, White, Male,-32,0,58, United-States, <=50K
48, Self-emp-not-inc,151149, Some-college,13, Married-civ-spouse, Craft-repair, Husband, White, Male,-49,0,44, United-States, <=50K
29, Private,343926, HS-grad,7, Married-civ-spouse, Handlers-cleaners, Husband, White, Male,-15,2,67, Japan, <=50K
23, Private,255852, Bachelors,13, Never-married, Prof-specialty, Own-child, White, Male,-33,-1,17, United-States, <=50K
50, Self-emp-inc,249758, Bachelors,14, Married-civ-spouse, Sales, Husband, White, Female,-35,-1,45, United-States, >50K
22, Private,49561, Some-college,7, Never-married, ?, Unmarried, White, Male,15,-1,31, United-States, <=50K
42, Private,261128, Bachelors,13, Divorced, Tech-support, Not-in-family, White, Male,2,1,40, Columbia, >50K
38, Private,137264, Bachelors,13, Divorced, Exec-managerial, Not-in-family, White, Female,-13,-1,40, United-States, >50K
65, Local-gov,133050, Bachelors,13, Never-married, Exec-managerial, Unmarried, White, Male,-21,0,50, Hungary, >50K
64, Self-emp-inc,329980, Masters,14, Married-civ-spouse, Exec-managerial, Husband, White, Male,4,0,49, United-States, >50K
20, Private,338893, 10th,7, Never-married, ?, Not-in-family, White, Male,-1,0,22, United-States, <=50K
49, Private,255353, HS-grad,9, Never-married, Other-service, Not-in-family, White, Female,-26,-1,40, Cambodia, <=50K
62, Self-emp-not-inc,432425, Bachelors,6, Never-married, Transport-moving, Own-child, White, Male,-68,2,27, United-States, <=50K
40, Private,255748, Some-college,10, Married-civ-spouse, Prof-specialty, Husband, Black, Male,-42,0,40, Thailand, <=50K
35, Private,49377, Bachelors,13, Divorced, Prof-specialty, Not-in-family, White, Male,19,0,12, United-States, <=50K
52, Local-gov,232890, Bachelors,13, Divorced, Adm-clerical, Unmarried, White, Female,-1,0,40, United-States, <=50K
41, Private,100517, HS-grad,13, Married-civ-spouse, Sales, Husband, Asian-Pac-Islander, Male,-35,-2,44, United-States, <=50K
50, Local-gov,494088, Bachelors,9, Never-married, Prof-specialty, Wife, White, Female,2,0,50, United-States, <=50K
53, Self-emp-not-inc,315828, HS-grad,9, Married-civ-spouse, Craft-repair, Husband, White, Male,-49,2,46, United-States, <=50K
40, State-gov,400302, Some-college,10, Never-married, ?, Own-child, White, Male,0,2,45, United-States, <=50K
46, State-gov,181536, Some-college,6, Separated, Other-service, Own-child, White, Female,-18,0,11, United-States, <=50K
19, ?,181840, Some-college,10, Never-married, ?, Own-child, White, Male,-52,-1,37, United-States, <=50K
39, Self-emp-not-inc,244165, 5th-6th,13, Divorced, ?, Not-in-family, White, Male,-36,1,50, United-States, <=50K
30, Private,91455, HS-grad,7, Married-civ-spouse, Farming-fishing, Husband, Amer-Indian-Eskimo, Male,-51,0,40, United-States, <=50K
18, ?,246560, Bachelors,10, Never-married, Adm-clerical, Other-relative, White, Female,-32,1,24, United-States, <=50K
49, Private,218351, HS-grad,9, Separated, Machine-op-inspct, Unmarried, Black, Female,-21,1,31, United-States, <=50K
20, Self-emp-not-inc,256305, 9th,6, Married-civ-spouse, Sales, Husband, White, Male,-5,1,40, United-States, <=50K
58, Private,100360, HS-grad,9, Married-civ-spouse, Craft-repair, Husband, White, Male,-41,-1,43, United-States, <=50K
41, Private,335452, HS-grad,9, Divorced, Adm-clerical, Unmarried, Black, Female,15,-1,50, Portugal, <=50K
42, Private,106644, 7th-8th,13, Divorced, Farming-fishing, Not-in-family, White, Female,-28,0,45, Cuba, >50K
22, Private,173694, Some-college,10, Married-civ-spouse, Craft-repair, Own-child, White, Male,-10,0,45, United-States, <=50K
44, Local-gov,111018, Bachelors,13, Married-civ-spouse, Prof-specialty, Husband, White, Male,-14,-1,70, United-States, >50K
63, Private,293996, HS-grad,9, Married-civ-spouse, Craft-repair, Husband, White, Male,-23,0,40, United-States, <=50K
34, Private,111137, 12th,6, Divorced, Priv-house-serv, Unmarried, White, Male,8,1,35, United-States, <=50K
46, Private,160165, Bachelors,13, Never-married, Exec-managerial, Not-in-family, Black, Female,5,0,59, United-States, <=50K
40, Federal-gov,131107, HS-grad,14, Married-civ-spouse, Prof-specialty, Husband, White, Male,14945,0,68, United-States, >50K
34, Private,478111, HS-grad,14, Divorced, Protective-serv, Husband, Black, Male,9,2,40, United-States, <=50K
48, Private,237089, Prof-school,9, Married-civ-spouse, Craft-repair, Husband, White, Male,-13,2,40, Philippines, <=50K
22, Private,125838, Bachelors,8, Never-married, Prof-specialty, Not-in-family, White, Female,-41,0,40, United-States, <=50K
30, Self-emp-not-inc,116663, HS-grad,9, Married-civ-spouse, Adm-clerical, Unmarried, Black, Female,38,0,40, Nicaragua, <=50K
26, ?,90535, Some-college,7, Never-married, ?, Not-in-family, White, Male,-39,0,19, United-States, <=50K
29, Private,128228, Some-college,10, Never-married, Other-service, Other-relative, White, Male,-14,1,40, United-States, <=50K
39, Private,197560, Some-college,10, Never-married, Sales, Other-relative, Asian-Pac-Islander, Female,-44,-1,40, United-States, <=50K
36, Self-emp-inc,306831, Bachelors,13, Never-married, Prof-specialty, Not-in-family, White, Male,-28,-1,37, United-States, >50K
44, Private,133112, Assoc-acdm,9, Never-married, Machine-op-inspct, Unmarried, Amer-Indian-Eskimo, Female,-40,1,40, United-States, <=50K
18, Private,247523, 12th,10, Separated, Sales, Not-in-family, Other, Female,-35,-2,30, United-States, <=50K
35, Private,29237, HS-grad,9, Divorced, Adm-clerical, Unmarried, Black, Male,-4,-2,40, United-States, <=50K
21, ?,300568, HS-grad,4, Married-civ-spouse, ?, Own-child, White, Male,-23,2,49, United-States, <=50K
35, Self-emp-inc,27544, Doctorate,9, Married-civ-spouse, Craft-repair, Husband, White, Male,-9,-1,66, United-States, >50K
41, Private,122649, HS-grad,9, Married-civ-spouse, Craft-repair, Husband, White, Female,4,1,67, United-States, >50K
41, Self-emp-inc,110327, Bachelors,13, Widowed, Prof-specialty, Wife, White, Female,-6,1,77, United-States, >50K
41, Private,112427, HS-grad,9, Married-civ-spouse, Handlers-cleaners, Not-in-family, White, Male,-39,1,46, El-Salvador, <=50K
64, Private,114673, 5th-6th,16, Married-civ-spouse, Craft-repair, Husband, Asian-Pac-Islander, Male,-40,0,45, United-States, >50K
50, Self-emp-not-inc,209511, Bachelors,7, Divorced, Tech-support, Not-in-family, White, Male,-24,0,65, Columbia, <=50K
20, Private,235796, HS-grad,13, Never-married, ?, Own-child, White, Male,1,0,59, United-States, <=50K
25, Private,253239, Assoc-voc,4, Never-married, Other-service, Not-in-family, White, Male,-23,1,40, United-States, <=50K
48, Self-emp-not-inc,300746, Assoc-voc,5, Never-married, Sales, Husband, White, Male,-15,0,31, United-States, <=50K
22, State-gov,125600, Some-college,10, Never-married, Prof-specialty, Not-in-family, White, Male,-21,0,14, United-States, <=50K
40, State-gov,163319, HS-grad,9, Married-civ-spouse, Exec-managerial, Not-in-family, Other, Male,12,0,40, United-States, <=50K
46, Private,272264, Assoc-voc,13, Married-spouse-absent, Machine-op-inspct, Not-in-family, White, Male,-29,-1,40, United-States, <=50K
24, State-gov,161390, 12th,13, Divorced, Prof-specialty, Not-in-family, White, Female,-14,0,40, United-States, <=50K
38, Private,209127, HS-grad,5, Never-married, Other-service, Not-in-family, White, Male,-1,0,30, United-States, <=50K
30, Private,119868, HS-grad,9, Married-civ-spouse, Exec-managerial, Husband, White, Male,-36,-1,40, United-States, <=50K
60, Private,246220, HS-grad,9, Married-civ-spouse, Adm-clerical, Husband, White, Female,8,2,40, United-States, <=50K
23, Private,96438, 9th,6, Never-married, Tech-support, Not-in-family, White, Male,-20,0,40, United-States, <=50K
45, Private,338931, HS-grad,10, Never-married, Other-service, Own-child, White, Male,-40,0,17, United-States, <=50K
58, Self-emp-not-inc,216743, HS-grad,9, Married-civ-spouse, Machine-op-inspct, Husband, White, Male,4,0,40, United-States, <=50K
29, Self-emp-not-inc,132482, HS-grad,5, Married-spouse-absent, Adm-clerical, Unmarried, White, Female,18,-1,36, United-States, <=50K
52, Self-emp-inc,79045, HS-grad,9, Married-civ-spouse, Farming-fishing, Husband, White, Male,-19,1,49, United-States, >50K
56, Private,252316, HS-grad,9, Married-civ-spouse, Farming-fishing, Not-in-family, White, Male,28,0,40, Honduras, <=50K
42, Private,326003, Bachelors,13, Married-spouse-absent, Sales, Other-relative, White, Male,-7,0,13, United-States, <=50K
38, Private,166208, HS-grad,9, Married-civ-spouse, Craft-repair, Husband, Black, Male,-2,3,40, United-States, <=50K
20, ?,101996, Assoc-voc,5, Divorced, Sales, Not-in-family, White, Male,-7,-1,40, United-States, <=50K
33, Self-emp-not-inc,237794, HS-grad,9, Married-civ-spouse, Transport-moving, Husband, White, Male,-1,0,40, United-States, <=50K
16, Self-emp-not-inc,325176, Some-college,10, Never-married, ?, Other-relative, Other, Male,-20,-1,31, United-States, <=50K
54, Self-emp-not-inc,110639, Bachelors,10, Married-civ-spouse, Sales, Husband, White, Male,-8,0,40, United-States, <=50K
54, State-gov,153401, Assoc-voc,15, Married-civ-spouse, Prof-specialty, Husband, Asian-Pac-Islander, Female,3,-1,50, United-States, >50K
30, Private,191627, HS-grad,9, Separated, Adm-clerical, Other-relative, Black, Female,-11,-1,37, ?, <=50K
25, Self-emp-not-inc,276383, Masters,9, Married-civ-spouse, Craft-repair, Husband, White, Male,-11,2,57, United-States, >50K
25, Private,247992, Bachelors,8, Never-married, Tech-support, Not-in-family, White, Male,-29,-1,9, United-States, <=50K
41, Self-emp-inc,19327, Masters,14, Married-civ-spouse, Prof-specialty, Husband, White, Male,-1,2,50, United-States, >50K
47, Federal-gov,285725, HS-grad,9, Married-civ-spouse, Exec-managerial, Husband, White, Male,-25,1,50, United-States, >50K
18, Local-gov,196770, Bachelors,13, Never-married, Prof-specialty, Not-in-family, White, Male,-32,0,22, United-States, <=50K
38, Self-emp-not-inc,97821, Some-college,11, Married-civ-spouse, Farming-fishing, Husband, White, Male,16,-1,40, Canada, <=50K
67, Private,311873, Bachelors,13, Married-civ-spouse, Prof-specialty, Not-in-family, Black, Male,-23,-1,35, Columbia, >50K
46, Private,188313, Assoc-voc,7, Divorced, Sales, Not-in-family, White, Male,-17,0,11, United-States, <=50K
20, ?,121963, Some-college,5, Never-married, Other-service, Not-in-family, White, Male,1,0,25, United-States, <=50K
43, Self-emp-not-inc,292403, 5th-6th,3, Never-married, Exec-managerial, Unmarried, White, Male,-54,0,19, Columbia, <=50K
33, Private,259599, HS-grad,9, Married-civ-spouse, Machine-op-inspct, Husband, Amer-Indian-Eskimo, Male,-30,-1,71, United-States, <=50K
39, ?,335866, 9th,7, Never-married, Sales, Own-child, White, Male,-6,0,40, United-States, <=50K
25, Private,28707, HS-grad,9, Never-married, Craft-repair, Own-child, White, Male,10,0,22, United-States, <=50K
20, Private,295341, HS-grad,7, Never-married, Other-service, Unmarried, White, Female,-6,0,35, United-States, <=50K
48, Private,342171, Bachelors,13, Divorced, Adm-clerical, Not-in-family, White, Female,11,0,11, United-States, <=50K
23, Private,36980, 11th,9, Divorced, Craft-repair, Unmarried, White, Female,-12,-2,45, United-States, <=50K
43, Private,172703, 9th,10, Never-married, Sales, Own-child, White, Male,-12,1,36, Guatemala, <=50K
41, ?,229664, HS-grad,9, Married-civ-spouse, Craft-repair, Husband, Black, Male,-13,-1,68, United-States, <=50K
37, Local-gov,206316, Bachelors,13, Married-civ-spouse, Adm-clerical, Unmarried, Amer-Indian-Eskimo, Female,22,-1,43, United-States, >50K
84, Private,189794, HS-grad,14, Married-civ-spouse, Sales, Husband, White, Female,-24,2,59, United-States, <=50K
49, Private,242366, Doctorate,9, Married-civ-spouse, Transport-moving, Husband, White, Male,2,1,66, United-States, <=50K
52, State-gov,116286, Bachelors,16, Married-civ-spouse, Prof-specialty, Wife, White, Female,6,1,60, United-States, >50K
32, Private,192489, Masters,14, Married-civ-spouse, Machine-op-inspct, Husband, White, Male,-19,1,40, ?, >50K
42, Private,112416, HS-grad,9, Married-spouse-absent, Craft-repair, Not-in-family, White, Male,-32,0,37, United-States, <=50K
39, Private,86365, Prof-school,13, Married-civ-spouse, Transport-moving, Husband, White, Male,14,-1,45, United-States, <=50K
40, Private,244038, Bachelors,13, Never-married, Prof-specialty, Not-in-family, Black, Male,-37,0,20, United-States, <=50K
27, Federal-gov,197602, HS-grad,9, Separated, Other-service, Unmarried, White, Male,27,0,11, Philippines, <=50K
36, ?,215535, Bachelors,10, Widowed, Adm-clerical, Unmarried, White, Female,-22,-1,40, United-States, <=50K
20, Private,119978, Some-college,10, Divorced, Transport-moving, Unmarried, White, Male,2,-1,40, United-States, <=50K
42, Local-gov,27246, Bachelors,9, Divorced, Prof-specialty, Not-in-family, White, Male,-5,0,40, United-States, <=50K
25, Private,183606, 1st-4th,9, Married-civ-spouse, Farming-fishing, Husband, White, Male,12,0,40, Hong, <=50K
19, ?,35022, 11th,7, Never-married, ?, Own-child, White, Male,-33,1,50, United-States, <=50K
21, Private,281517, Some-college,10, Never-married, Other-service, Not-in-family, White, Male,-16,-1,31, United-States, <=50K
49, ?,101033, Bachelors,13, Divorced, Exec-managerial, Not-in-family, White, Female,-36,-1,36, United-States, <=50K
35, Private,187177, HS-grad,9, Married-civ-spouse, Craft-repair, Wife, White, Female,35,1,40, United-States, <=50K
46, Private,212739, Bachelors,13, Married-civ-spouse, Prof-specialty, Husband, White, Male,11,1,45, Mexico, <=50K
18, State-gov,119516, Bachelors,10, Never-married, ?, Own-child, White, Male,-49,1,23, United-States, <=50K
31, Self-emp-inc,322323, HS-grad,9, Married-civ-spouse, Adm-clerical, Husband, White, Male,-33,-1,45, United-States, <=50K
32, Private,242388, HS-grad,9, Married-civ-spouse, Handlers-cleaners, Husband, White, Male,-30,-1,40, Mexico, <=50K
47, Self-emp-inc,183561, Masters,16, Married-civ-spouse, Prof-specialty, Husband, White, Male,6771,1,50, United-States, >50K
19, Private,245288, 1st-4th,7, Married-spouse-absent, Sales, Other-relative, White, Female,-37,0,40, United-States, <=50K
37, Private,244464, HS-grad,10, Married-civ-spouse, Sales, Husband, White, Male,-15,1,40, Mexico, <=50K
28, Private,91089, Some-college,10, Never-married, Other-service, Own-child, White, Female,-32,0,51, United-States, <=50K
44, Local-gov,38917, Bachelors,13, Married-AF-spouse, ?, Not-in-family, White, Female,13,-1,40, United-States, <=50K
21, Private,183546, Bachelors,10, Divorced, Protective-serv, Husband, White, Male,-20,0,40, Holand-Netherlands, <=50K
42, State-gov,266613, Bachelors,13, Divorced, Protective-serv, Not-in-family, White, Female,-20,0,37, United-States, >50K
42, Private,173508, Bachelors,14, Married-civ-spouse, Prof-specialty, Husband, White, Male,4017,-2,58, United-States, >50K
55, ?,43991, 12th,14, Separated, Adm-clerical, Unmarried, White, Female,-19,0,40, United-States, <=50K
22, Private,341920, Bachelors,7, Never-married, ?, Own-child, White, Female,-30,0,31, United-States, <=50K
55, ?,262824, HS-grad,9, Married-spouse-absent, ?, Not-in-family, Black, Female,-36,-1,45, United-States, <=50K
23, Private,250933, 5th-6th,14, Married-civ-spouse, Exec-managerial, Husband, White, Male,17,-2,45, Ireland, <=50K
44, Private,197617, Bachelors,13, Married-spouse-absent, Handlers-cleaners, Not-in-family, White, Female,-30,1,40, United-States, <=50K
43, Private,282158, HS-grad,9, Divorced, Machine-op-inspct, Not-in-family, Black, Male,-14,-1,40, United-States, <=50K
26, Private,215475, HS-grad,9, Married-civ-spouse, Craft-repair, Own-child, Black, Male,3,-1,14, United-States, <=50K
46, Self-emp-not-inc,220048, HS-grad,9, Married-civ-spouse, Craft-repair, Husband, Black, Male,-8,0,40, United-States, <=50K
25, Private,211030, HS-grad,9, Married-civ-spouse, Other-service, Unmarried, White, Male,-14,0,40, United-States, <=50K
24, Private,90263, 7th-8th,10, Widowed, Prof-specialty, Not-in-family, White, Female,-15,0,30, United-States, <=50K
25, State-gov,313924, Bachelors,7, Divorced, Adm-clerical, Unmarried, Black, Female,-20,1,36, United-States, <=50K
43, State-gov,225543, 10th,13, Divorced, Prof-specialty, Not-in-family, White, Male,-21,0,50, United-States, >50K
50, Private,220065, HS-grad,9, Married-civ-spouse, Prof-specialty, Husband, White, Male,-29,1,40, United-States, <=50K
47, Private,253809, Assoc-acdm,5, Never-married, Other-service, Husband, White, Male,-15,2,40, United-States, <=50K
55, Private,235077, Bachelors,13, Widowed, Other-service, Unmarried, White, Female,-29,-1,72, Iran, <=50K
53, Self-emp-inc,231161, Prof-school,9, Married-civ-spouse, Protective-serv, Husband, White, Male,13,1,40, United-States, <=50K
49, Self-emp-inc,122893, Doctorate,5, Married-civ-spouse, Prof-specialty, Husband, Asian-Pac-Islander, Female,12,1,37, United-States, >50K
44, Private,33446, 9th,10, Married-civ-spouse, Sales, Other-relative, White, Male,20,1,40, United-States, <=50K
18, ?,222472, Some-college,7, Never-married, ?, Own-child, White, Male,-28,-2,19, United-States, <=50K
49, State-gov,38560, Bachelors,13, Divorced, Exec-managerial, Wife, White, Male,-54,2,50, United-States, >50K
25, ?,239715, HS-grad,7, Never-married, Other-service, Own-child, Black, Male,-48,0,99, United-States, <=50K
27, Self-emp-not-inc,204676, 1st-4th,14, Never-married, Tech-support, Other-relative, Black, Male,25,-1,22, United-States, <=50K
55, Federal-gov,154856, Some-college,13, Married-civ-spouse, Adm-clerical, Wife, White, Female,18,2,49, Philippines, <=50K
25, Self-emp-inc,97647, Bachelors,5, Married-civ-spouse, Exec-managerial, Other-relative, White, Male,2,1,40, United-States, <=50K
22, Private,374008, HS-grad,9, Married-civ-spouse, Tech-support, Husband, White, Male,-14,0,71, Ecuador, <=50K
23, Private,442760, Bachelors,13, Divorced, Adm-clerical, Not-in-family, White, Female,-20,-1,58, Peru, <=50K
24, Self-emp-not-inc,42633, Bachelors,11, Divorced, ?, Own-child, Other, Male,-41,0,44, United-States, <=50K
24, Private,52955, Some-college,10, Never-married, Adm-clerical, Not-in-family, Black, Male,-31,-3,31, United-States, <=50K
42, Self-emp-not-inc,128616, 7th-8th,11, Widowed, Prof-specialty, Unmarried, White, Female,-36,-1,45, United-States, <=50K
19, Self-emp-not-inc,361002, HS-grad,7, Never-married, ?, Other-relative, Asian-Pac-Islander, Male,-4,-1,40, Germany, <=50K
62, Private,100507, Assoc-voc,13, Separated, ?, Unmarried, Other, Female,-8,0,36, United-States, <=50K
30, Private,143215, Bachelors,14, Married-civ-spouse, Prof-specialty, Husband, White, Male,-15,-1,50, Japan, >50K
44, Private,259918, HS-grad,9, Divorced, Prof-specialty, Unmarried, White, Female,12,-1,40, United-States, <=50K
41, Self-emp-inc,88181, Masters,16, Married-civ-spouse, Exec-managerial, Husband, White, Female,24,0,56, United-States, >50K
49, Local-gov,346863, Bachelors,13, Divorced, Prof-specialty, Not-in-family, Black, Female,-23,0,40, United-States, <=50K
38, Private,97547, Bachelors,11, Married-civ-spouse, Prof-specialty, Husband, Asian-Pac-Islander, Male,-14,0,36, United-States, <=50K
46, Self-emp-not-inc,120679, 1st-4th,13, Never-married, ?, Other-relative, White, Male,2,-1,45, United-States, >50K
42, State-gov,241926, Some-college,10, Never-married, ?, Not-in-family, White, Male,-3,0,25, United-States, <=50K
44, State-gov,236907, 7th-8th,4, Never-married, Prof-specialty, Husband, White, Male,-5,1,21, United-States, <=50K
48, Private,79944, Some-college,10, Divorced, ?, Own-child, White, Male,-29,1,10, United-States, <=50K
47, ?,226440, Bachelors,13, Never-married, Sales, Not-in-family, White, Male,-35,0,13, United-States, <=50K
50, Private,206961, HS-grad,9, Married-civ-spouse, Craft-repair, Husband, White, Male,11,1,78, United-States, <=50K
23, State-gov,216066, 9th,4, Never-married, ?, Not-in-family, White, Male,11,2,88, United-States, <=50K
25, Private,36047, HS-grad,9, Married-civ-spouse, Craft-repair, Husband, Black, Female,-7,0,40, Mexico, <=50K
25, ?,117207, Bachelors,13, Divorced, Adm-clerical, Not-in-family, White, Female,-8,-1,40, United-States, <=50K
46, ?,54694, Assoc-voc,7, Never-married, Craft-repair, Not-in-family, Black, Male,-15,1,40, United-States, <=50K
43, Private,248423, Assoc-voc,4, Married-civ-spouse, Sales, Husband, White, Male,1,0,46, Honduras, <=50K
26, Private,41032, HS-grad,14, Married-civ-spouse, Craft-repair, Husband, White, Male,-5,1,69, United-States, >50K
19, ?,283778, 11th,10, Never-married, Exec-managerial, Own-child, White, Male,-64,-1,24, United-States, <=50K
45, Self-emp-inc,112073, Assoc-voc,13, Married-civ-spouse, Prof-specialty, Wife, White, Male,19,2038,55, United-States, >50K
20, Private,347332, Bachelors,13, Divorced, ?, Not-in-family, Black, Male,-21,-2,45, United-States, <=50K
48, Private,64432, Assoc-voc,6, Never-married, ?, Unmarried, White, Female,33,0,21, United-States, <=50K
28, Private,117553, HS-grad,9, Married-spouse-absent, Other-service, Not-in-family, White, Female,-33,0,40, United-States, <=50K
23, Private,161831, Some-college,9, Married-civ-spouse, Transport-moving, Husband, White, Male,-29,1,40, Cuba, <=50K
52, Private,201871, HS-grad,9, Divorced, Farming-fishing, Unmarried, Asian-Pac-Islander, Female,-19,0,58, United-States, <=50K
18, ?,294273, Some-college,10, Never-married, ?, Own-child, White, Male,-21,-2,31, United-States, <=50K
25, ?,43906, Some-college,10, Never-married, Handlers-cleaners, Own-child, White, Male,6,1,40, United-States, <=50K
45, Local-gov,353572, 9th,13, Never-married, ?, Own-child, White, Female,-43,-2,35, Puerto-Rico, <=50K
18, Private,278007, Some-college,10, Never-married, Other-service, Own-child, Other, Male,-35,0,17, United-States, <=50K
60, Private,320960, HS-grad,9, Separated, Craft-repair, Husband, Asian-Pac-Islander, Male,2,0,69, United-States, <=50K
31, Private,261478, HS-grad,9, Married-civ-spouse, Craft-repair, Husband, White, Male,-20,0,72, United-States, <=50K
60, Without-pay,169058, Assoc-voc,4, Never-married, ?, Husband, White, Male,-33,-1,40, United-States, <=50K
30, Federal-gov,193776, Masters,9, Separated, Adm-clerical, Wife, White, Male,-9,1,40, United-States, <=50K
19, Private,233262, HS-grad,7, Never-married, Handlers-cleaners, Own-child, Black, Male,16,0,35, United-States, <=50K
42, State-gov,123277, Bachelors,9, Divorced, Adm-clerical, Unmarried, White, Female,2189,0,46, United-States, <=50K
78, Self-emp-inc,143765, Assoc-acdm,9, Divorced, Armed-Forces, Other-relative, White, Male,-27,1,22, Mexico, <=50K
65, Local-gov,32448, Some-college,13, Married-AF-spouse, Handlers-cleaners, Not-in-family, White, Female,-1,-1,73, ?, <=50K
52, ?,208436, Bachelors,11, Widowed, Exec-managerial, Not-in-family, White, Female,1,-1,90, United-States, <=50K
67, State-gov,133863, Bachelors,11, Divorced, Exec-managerial, Other-relative, Amer-Indian-Eskimo, Female,27,0,31, China, <=50K
19, Private,264055, Some-college,7, Never-married, Prof-specialty, Own-child, White, Male,-13,-1,22, Italy, <=50K
17, Private,119165, Some-college,10, Never-married, Protective-serv, Own-child, White, Male,-30,0,22, United-States, <=50K
39, Private,48974, Preschool,13, Married-civ-spouse, Exec-managerial, Husband, White, Male,31,0,70, United-States, >50K
45, Self-emp-inc,183723, 11th,9, Married-civ-spouse, Adm-clerical, Husband, White, Male,-56,-2,11, United-States, <=50K
22, State-gov,105471, 5th-6th,7, Never-married, Handlers-cleaners, Not-in-family, Other, Male,-36,0,55, United-States, <=50K
51, Self-emp-not-inc,415531, HS-grad,5, Married-civ-spouse, Craft-repair, Husband, White, Male,0,1,40, United-States, <=50K
44, Private,39972, Bachelors,13, Never-married, Handlers-cleaners, Not-in-family, Black, Male,6,2,40, United-States, <=50K
47, Federal-gov,193801, Masters,16, Married-civ-spouse, Sales, Husband, White, Male,15,0,50, South, <=50K
61, ?,185602, Some-college,13, Widowed, Other-service, Own-child, White, Male,-18,1856,14, United-States, <=50K
18, State-gov,246657, Bachelors,13, Divorced, Machine-op-inspct, Wife, White, Female,-6,-1,50, Puerto-Rico, <=50K
46, Self-emp-inc,385167, Bachelors,13, Married-civ-spouse, Farming-fishing, Husband, White, Male,15147,0,70, United-States, >50K
59, Private,239858, HS-grad,10, Never-married, ?, Other-relative, Black, Male,9,0,36, United-States, <=50K
37, Private,229168, HS-grad,9, Married-civ-spouse, Transport-moving, Husband, White, Male,10,2,46, United-States, >50K
35, State-gov,320947, Bachelors,14, Divorced, Adm-clerical, Wife, White, Female,-8,2,40, United-States, >50K
54, Private,333973, Bachelors,13, Married-civ-spouse, Prof-specialty, Wife, Asian-Pac-Islander, Male,-1,0,50, Cambodia, >50K
42, Private,291859, Bachelors,13, Separated, Tech-support, Not-in-family, Black, Female,-66,-1,58, Mexico, >50K
43, State-gov,35094, Assoc-voc,10, Married-civ-spouse, Adm-clerical, Husband, White, Male,-42,-1,45, United-States, <=50K
23, State-gov,184324, HS-grad,4, Separated, Adm-clerical, Not-in-family, White, Male,8,0,40, United-States, <=50K
17, ?,48630, Some-college,10, Married-spouse-absent, ?, Own-child, White, Male,-33,3,12, United-States, <=50K
50, Self-emp-not-inc,253693, Doctorate,13, Married-civ-spouse, Craft-repair, Husband, White, Male,-23,-2,50, United-States, <=50K
25, Federal-gov,93837, Bachelors,13, Divorced, Prof-specialty, Not-in-family, White, Male,1,-3,13, United-States, <=50K
39, Self-emp-not-inc,111988, HS-grad,9, Married-civ-spouse, Machine-op-inspct, Wife, White, Male,-26,1,40, United-States, <=50K
36, Private,128840, 12th,13, Divorced, Exec-managerial, Not-in-family, White, Female,0,1,45, Jamaica, <=50K
26, Private,259428, HS-grad,9, Married-civ-spouse, Craft-repair, Husband, White, Male,-27,0,77, United-States, <=50K
43, Private,189206, Some-college,10, Married-civ-spouse, Adm-clerical, Husband, White, Male,-22,-1,40, South, <=50K
41, Private,91740, Some-college,10, Married-civ-spouse, ?, Husband, White, Male,10,1,25, United-States, <=50K
26, Private,252169, 10th,13, Separated, Adm-clerical, Other-relative, White, Male,2,0,40, Greece, <=50K
55, Local-gov,256198, HS-grad,14, Married-civ-spouse, Craft-repair, Husband, White, Male,-12,0,49, United-States, >50K
20, Local-gov,287298, HS-grad,9, Divorced, Other-service, Not-in-family, Other, Male,0,0,37, United-States, <=50K
24, Private,292057, Bachelors,13, Widowed, Other-service, Unmarried, White, Female,-29,2,14, United-States, <=50K
32, Private,261589, 12th,13, Married-civ-spouse, Machine-op-inspct, Husband, White, Male,-34,-3,40, United-States, <=50K
56, Private,50190, HS-grad,9, Separated, Other-service, Own-child, White, Female,-34,-2,40, United-States, <=50K
56, Local-gov,215768, HS-grad,10, Married-civ-spouse, Prof-specialty, Own-child, White, Male,35,0,49, United-States, <=50K
47, Private,49473, Bachelors,13, Married-civ-spouse, Exec-managerial, Not-in-family, White, Male,-3,0,31, Cambodia, <=50K
44, ?,120879, Bachelors,9, Separated, ?, Unmarried, Black, Female,-54,-1,40, United-States, <=50K
24, Private,183249, Some-college,10, Never-married, Prof-specialty, Own-child, White, Male,6,0,40, Holand-Netherlands, <=50K
39, Self-emp-not-inc,39654, Prof-school,4, Married-civ-spouse, Sales, Husband, White, Female,12,0,61, United-States, >50K
24, Private,382001, HS-grad,9, Married-civ-spouse, Adm-clerical, Husband, White, Male,-31,0,51, India, <=50K
34, Private,502795, Some-college,7, Married-spouse-absent, Other-service, Husband, White, Male,-5,1,44, United-States, <=50K
45, Self-emp-not-inc,249527, HS-grad,9, Married-civ-spouse, Craft-repair, Husband, White, Male,-29,0,40, United-States, <=50K
56, Self-emp-not-inc,248806, Prof-school,3, Never-married, Prof-specialty, Wife, White, Male,6,2,50, United-States, >50K
41, Local-gov,188248, Some-college,4, Divorced, Adm-clerical, Not-in-family, White, Female,10,-1,45, Taiwan, >50K
40, Local-gov,177287, Masters,14, Married-civ-spouse, Exec-managerial, Husband, White, Female,-2,-1,45, United-States, >50K
60, Private,346122, 9th,4, Married-civ-spouse, Sales, Husband, White, Male,-32,0,40, Mexico, <=50K
25, Private,26071, Bachelors,10, Married-spouse-absent, Protective-serv, Not-in-family, White, Male,-19,0,40, United-States, <=50K
50, Private,30448, Masters,14, Married-civ-spouse, Prof-specialty, Husband, White, Male,9,1,59, United-States, >50K
22, Private,247316, Assoc-voc,7, Married-civ-spouse, Exec-managerial, Husband, White, Male,-21,2,40, United-States, <=50K
47, ?,182403, 12th,13, Married-civ-spouse, Farming-fishing, Not-in-family, Amer-Indian-Eskimo, Male,-7,2453,40, United-States, <=50K
26, Private,309234, Some-college,7, Married-AF-spouse, Other-service, Husband, White, Male,-27,0,36, United-States, <=50K
43, Private,110966, HS-grad,7, Divorced, Sales, Unmarried, White, Female,-35,2,31, United-States, <=50K
48, Private,256037, HS-grad,9, Married-civ-spouse, Machine-op-inspct, Husband, White, Male,-5,1656,57, United-States, >50K
28, Federal-gov,108462, HS-grad,4, Never-married, Craft-repair, Unmarried, White, Male,-37,0,40, United-States, <=50K
46, Private,80752, Bachelors,16, Married-civ-spouse, Adm-clerical, Wife, White, Female,-28,-1,45, United-States, >50K
29, Private,110347, HS-grad,9, Divorced, Machine-op-inspct, Unmarried, Amer-Indian-Eskimo, Male,-27,0,40, United-States, <=50K
44, Self-emp-inc,48428, HS-grad,14, Married-civ-spouse, Craft-repair, Husband, White, Male,-14,-1,58, United-States, >50K
34, ?,120118, Bachelors,13, Divorced, ?, Not-in-family, White, Male,-39,-1,30, United-States, <=50K
37, Private,276665, Some-college,13, Married-civ-spouse, Prof-specialty, Not-in-family, White, Male,-19,-1,40, United-States, <=50K
45, Private,91556, HS-grad,9, Married-civ-spouse, Machine-op-inspct, Husband, White, Male,-22,1,40, United-States, <=50K
18, Private,109843, HS-grad,9, Never-married, Machine-op-inspct, Not-in-family, White, Male,-54,-1,45, United-States, <=50K
43, Private,187852, HS-grad,14, Married-civ-spouse, Transport-moving, Husband, White, Male,-72,0,73, United-States, <=50K
24, Private,182096, HS-grad,9, Married-civ-spouse, Craft-repair, Husband, Black, Male,-43,-2,40, United-States, <=50K
20, Private,105770, Assoc-acdm,7, Never-married, ?, Own-child, White, Female,-8,-1,11, United-States, <=50K
33, Private,347362, HS-grad,9, Never-married, Handlers-cleaners, Other-relative, White, Male,-52,0,44, United-States, <=50K
41, Private,43139, HS-grad,9, Married-civ-spouse, Exec-managerial, Husband, White, Male,-19,-2,40, United-States, <=50K
49, Private,34807, Bachelors,13, Divorced, Prof-specialty, Wife, White, Male,27,-1,40, Japan, >50K
40, Private,364146, 7th-8th,5, Never-married, Handlers-cleaners, Own-child, White, Male,-28,0,10, United-States, <=50K
48, Private,41979, Masters,13, Divorced, Prof-specialty, Not-in-family, White, Female,-21,0,44, United-States, >50K
52, Private,252109, 9th,7, Divorced, Sales, Not-in-family, White, Male,-18,0,40, United-States, <=50K
42, Self-emp-not-inc,181745, 12th,9, Never-married, Protective-serv, Not-in-family, Black, Male,6,1,40, United-States, <=50K
66, Self-emp-not-inc,277529, Doctorate,4, Separated, Machine-op-inspct, Wife, White, Female,-41,-2,40, United-States, <=50K
65, Private,127224, 1st-4th,13, Divorced, Adm-clerical, Wife, White, Female,-9,-1,12, United-States, <=50K
64, Private,163294, Masters,4, Married-civ-spouse, Craft-repair, Not-in-family, Amer-Indian-Eskimo, Male,13,0,40, United-States, <=50K
44, Private,161019, Bachelors,10, Divorced, Adm-clerical, Not-in-family, Other, Female,-21,-1,40, United-States, <=50K
34, Private,44143, Bachelors,13, Married-civ-spouse, Prof-specialty, Not-in-family, Asian-Pac-Islander, Male,-39,0,40, United-States, >50K
39, Self-emp-not-inc,326022, HS-grad,9, Never-married, Craft-repair, Husband, Other, Male,-26,-1,40, United-States, <=50K
32, State-gov,195755, HS-grad,9, Married-civ-spouse, Handlers-cleaners, Wife, White, Male,1,-1,40, United-States, >50K
37, Local-gov,281939, HS-grad,9, Married-civ-spouse, Sales, Husband, White, Male,-28,0,45, United-States, <=50K
48, Private,51700, Bachelors,13, Divorced, Adm-clerical, Unmarried, Black, Female,-21,2,59, Outlying-US(Guam-USVI-etc), >50K
40, ?,330388, 11th,13, Widowed, Sales, Unmarried, Black, Male,15,2140,46, United-States, <=50K
46, Private,42245, Bachelors,7, Never-married, Exec-managerial, Own-child, White, Male,-33,1919,50, ?, <=50K
24, Local-gov,37554, 12th,9, Widowed, Machine-op-inspct, Not-in-family, Other, Male,-20,0,35, United-States, <=50K
26, State-gov,200535, Some-college,13, Never-married, Adm-clerical, Wife, Asian-Pac-Islander, Female,-36,0,40, United-States, <=50K
25, Private,120888, HS-grad,9, Married-civ-spouse, Craft-repair, Husband, White, Male,17,2,46, Philippines, <=50K
22, Private,245835, HS-grad,9, Divorced, Other-service, Unmarried, White, Female,-21,1,31, United-States, <=50K
35, Federal-gov,148503, Some-college,10, Married-civ-spouse, Sales, Husband, White, Male,-16,2,78, United-States, <=50K
50, Federal-gov,271245, Bachelors,7, Divorced, ?, Not-in-family, White, Female,7,-1,40, United-States, >50K
46, Self-emp-inc,87623, Prof-school,13, Married-civ-spouse, Adm-clerical, Husband, White, Female,7824,-2,50, United-States, >50K
41, Private,117242, Some-college,10, Divorced, Adm-clerical, Not-in-family, White, Male,-41,2,31, United-States, <=50K
24, Self-emp-inc,33664, Assoc-voc,9, Married-civ-spouse, Adm-clerical, Wife, White, Female,-18,0,50, United-States, <=50K
25, Private,266112, Assoc-acdm,9, Married-civ-spouse, Handlers-cleaners, Husband, White, Male,-11,1723,45, United-States, <=50K
53, Private,146448, Some-college,9, Separated, Adm-clerical, Unmarried, White, Female,-15,1,40, United-States, <=50K
19, Private,271405, HS-grad,9, Separated, Handlers-cleaners, Other-relative, Black, Male,-11,0,13, United-States, <=50K
51, Self-emp-not-inc,164973, 9th,6, Married-civ-spouse, Sales, Not-in-family, White, Male,-7,0,46, United-States, >50K
62, Private,532128, HS-grad,9, Married-civ-spouse, Transport-moving, Wife, White, Male,-17,1,40, United-States, <=50K
22, State-gov,235762, HS-grad,7, Never-married, Sales, Own-child, White, Male,-12,1,40, United-States, <=50K
42, Local-gov,105553, Bachelors,13, Married-civ-spouse, Prof-specialty, Wife, Asian-Pac-Islander, Male,-7,-1,50, United-States, >50K
40, Private,255349, HS-grad,9, Married-civ-spouse, Craft-repair, Husband, White, Male,-25,0,40, United-States, <=50K
28, Self-emp-not-inc,96458, HS-grad,10, Divorced, Machine-op-inspct, Not-in-family, White, Female,-40,0,40, United-States, <=50K
44, Private,247751, HS-grad,9, Married-civ-spouse, Machine-op-inspct, Husband, Amer-Indian-Eskimo, Male,-23,-2,40, United-States, <=50K
18, Federal-gov,94586, Bachelors,10, Never-married, Machine-op-inspct, Own-child, White, Male,-22,0,24, United-States, <=50K
23, Private,95789, HS-grad,7, Never-married, Other-service, Own-child, White, Male,-17,-1,36, United-States, <=50K
40, Self-emp-inc,173815, Masters,10, Married-civ-spouse, Protective-serv, Husband, White, Male,-32,0,79, United-States, >50K
27, Private,217022, Bachelors,13, Divorced, Prof-specialty, Not-in-family, White, Female,-53,-1,30, Ecuador, <=50K
26, Private,401073, Bachelors,14, Separated, Farming-fishing, Not-in-family, Amer-Indian-Eskimo, Male,-23,0,40, United-States, <=50K
51, Private,158469, Assoc-acdm,3, Married-civ-spouse, Machine-op-inspct, Husband, White, Male,-22,1,44, United-States, <=50K
42, Private,44931, 12th,13, Divorced, ?, Not-in-family, Black, Female,-23,-2,40, United-States, <=50K
33, Private,267389, Some-college,14, Married-civ-spouse, Craft-repair, Husband, White, Male,-24,-2,63, United-States, <=50K
49, Private,110146, Some-college,10, Divorced, Adm-clerical, Wife, White, Female,22,0,35, United-States, >50K
43, Private,185965, HS-grad,9, Married-civ-spouse, Transport-moving, Husband, White, Male,-47,1,40, United-States, <=50K
26, Private,428822, HS-grad,4, Married-civ-spouse, Sales, Husband, White, Male,-12,-1,60, Hong, <=50K
33, Private,256469, Bachelors,4, Divorced, ?, Not-in-family, White, Male,-16,0,25, United-States, <=50K
39, Private,322846, HS-grad,9, Married-civ-spouse, Craft-repair, Husband, White, Male,-7,-2,40, United-States, <=50K
63, Self-emp-not-inc,153265, 5th-6th,4, Married-civ-spouse, Machine-op-inspct, Husband, White, Male,-12,0,44, United-States, >50K
75, Self-emp-not-inc,307961, HS-grad,10, Never-married, Craft-repair, Other-relative, White, Male,2368,0,40, United-States, <=50K
35, Self-emp-not-inc,146612, Bachelors,10, Married-AF-spouse, Tech-support, Unmarried, Asian-Pac-Islander, Female,-37,2,40, United-States, <=50K
48, Local-gov,113747, Assoc-voc,4, Never-married, Exec-managerial, Unmarried, White, Female,-46,-1,35, Dominican-Republic, <=50K
24, Private,373089, HS-grad,9, Never-married, Other-service, Own-child, White, Male,-28,0,40, United-States, <=50K
47, Local-gov,40721, Bachelors,14, Married-civ-spouse, Prof-specialty, Husband, White, Male,9,-1,45, United-States, >50K
47, Private,34635, Bachelors,8, Never-married, Exec-managerial, Not-in-family, White, Male,-25,0,35, United-States, <=50K
39, Federal-gov,176243, Bachelors,11, Divorced, Exec-managerial, Husband, White, Female,-8,-2,40, Japan, >50K
21, Self-emp-not-inc,87416, Bachelors,11, Married-civ-spouse, Prof-specialty, Unmarried, White, Male,23,1,66, Germany, <=50K
53, Private,227893, Assoc-voc,9, Married-civ-spouse, Adm-clerical, Husband, White, Female,27,-1,35, United-States, <=50K
24, Private,251696, HS-grad,9, Married-spouse-absent, Machine-op-inspct, Unmarried, White, Male,-9,0,40, United-States, <=50K
38, Never-worked,161405, HS-grad,13, Never-married, Exec-managerial, Husband, Asian-Pac-Islander, Male,-14,-1,30, United-States, >50K
43, ?,440565, Some-college,13, Never-married, Prof-specialty, Not-in-family, White, Male,-3,-1,37, Cuba, <=50K
45, Self-emp-not-inc,275009, Bachelors,13, Married-spouse-absent, ?, Own-child, White, Male,-61,-1,17, United-States, <=50K
19, ?,406708, 11th,7, Never-married, ?, Own-child, White, Male,-28,0,17, United-States, <=50K
40, Private,170612, HS-grad,11, Married-civ-spouse, Exec-managerial, Husband, White, Male,-30,1,40, Mexico, <=50K
39, Private,226153, HS-grad,13, Separated, Adm-clerical, Unmarried, Asian-Pac-Islander, Male,-18,2,50, United-States, <=50K
47, Private,225269, HS-grad,9, Married-civ-spouse, Craft-repair, Husband, White, Male,-24,1,58, United-States, <=50K
24, Private,105435, 11th,10, Married-civ-spouse, Sales, Not-in-family, White, Male,1,0,40, United-States, <=50K
26, Private,121754, HS-grad,7, Never-married, Adm-clerical, Other-relative, White, Male,-14,-2,40, Haiti, <=50K
45, Federal-gov,270972, Bachelors,16, Married-civ-spouse, Prof-specialty, Wife, White, Female,-28,-1,40, United-States, >50K
39, Self-emp-not-inc,280277, 11th,7, Separated, Farming-fishing, Not-in-family, Amer-Indian-Eskimo, Male,-49,0,40, United-States, <=50K
44, Private,337994, HS-grad,9, Married-civ-spouse, Machine-op-inspct, Husband, Black, Male,3436,-2,43, Yugoslavia, <=50K
40, Private,353595, Some-college,10, Never-married, Sales, Own-child, White, Male,9,0,40, United-States, <=50K
50, Self-emp-not-inc,248393, Prof-school,14, Married-civ-spouse, Craft-repair, Husband, White, Male,-23,-1,44, United-States, >50K
39, Private,218459, Bachelors,13, Married-civ-spouse, Machine-op-inspct, Own-child, White, Male,4,1,46, United-States, <=50K
32, Private,352413, Assoc-voc,10, Divorced, ?, Not-in-family, Black, Female,2869,0,99, United-States, <=50K
20, Private,36313, 7th-8th,10, Never-married, Other-service, Own-child, White, Male,-24,-1,11, United-States, <=50K
23, Self-emp-not-inc,40822, 10th,11, Never-married, Prof-specialty, Not-in-family, White, Male,-54,1,40, United-States, <=50K
46, Local-gov,107051, 7th-8th,11, Divorced, Adm-clerical, Not-in-family, Asian-Pac-Islander, Female,9,0,40, United-States, <=50K
42, Private,35338, Bachelors,9, Divorced, Adm-clerical, Wife, Black, Female,-21,0,10, United-States, <=50K
43, Self-emp-inc,102317, Bachelors,13, Married-civ-spouse, Prof-specialty, Wife, White, Female,9,1,51, United-States, >50K
53, Private,121618, Assoc-acdm,14, Married-civ-spouse, Farming-fishing, Husband, White, Male,7035,0,40, United-States, >50K
18, ?,127221, Some-college,10, Never-married, Prof-specialty, Own-child, White, Male,-19,0,23, United-States, <=50K
46, Private,121636, Some-college,13, Separated, Adm-clerical, Unmarried, White, Female,-43,1,45, United-States, <=50K
48, Private,122365, HS-grad,4, Married-civ-spouse, Adm-clerical, Not-in-family, Black, Male,7,1,40, Columbia, <=50K
60, Federal-gov,279388, Bachelors,11, Divorced, Prof-specialty, Not-in-family, Asian-Pac-Islander, Female,-27,-2,50, United-States, >50K
43, Private,97259, Masters,14, Married-civ-spouse, Prof-specialty, Husband, White, Male,-14,0,70, United-States, >50K
27, Private,103171, HS-grad,9, Married-civ-spouse, Other-service, Not-in-family, Other, Female,3,0,49, United-States, <=50K
17, ?,228079, Some-college,10, Never-married, ?, Own-child, White, Male,-36,2,37, United-States, <=50K
42, Federal-gov,329387, Masters,4, Married-civ-spouse, Sales, Husband, White, Male,-29,0,49, United-States, <=50K
51, Private,236213, 10th,6, Never-married, Exec-managerial, Not-in-family, Asian-Pac-Islander, Male,-1,0,50, England, <=50K
25, Private,86367, Assoc-acdm,5, Separated, Adm-clerical, Unmarried, Black, Male,-36,3,40, United-States, <=50K
42, Self-emp-not-inc,117788, HS-grad,10, Never-married, ?, Own-child, White, Male,-4,-1,60, Guatemala, <=50K
40, Private,50941, Bachelors,11, Married-civ-spouse, Handlers-cleaners, Own-child, White, Male,-32,0,30, Philippines, <=50K
51, Private,328116, HS-grad,9, Married-civ-spouse, Other-service, Unmarried, Black, Female,-29,0,50, United-States, <=50K
39, Self-emp-not-inc,82139, Bachelors,7, Married-civ-spouse, Exec-managerial, Husband, White, Male,-59,1,59, United-States, >50K
47, Self-emp-inc,31068, Bachelors,14, Married-civ-spouse, Prof-specialty, Husband, White, Male,-4,1976,50, United-States, >50K
46, Federal-gov,338854, Bachelors,13, Separated, Prof-specialty, Husband, White, Female,-13,0,67, United-States, >50K
48, Private,194453, HS-grad,9, Married-civ-spouse, Exec-managerial, Husband, White, Male,-15,2,40, United-States, <=50K
33, Private,189792, HS-grad,9, Married-civ-spouse, Protective-serv, Husband, Black, Male,20,-1,40, United-States, <=50K
37, Private,347485, Bachelors,4, Married-civ-spouse, Tech-support, Husband, Black, Male,-30,-1,50, Mexico, <=50K
41, Private,421021, Bachelors,13, Never-married, Farming-fishing, Own-child, White, Male,-8,0,36, United-States, <=50K
23, Private,428029, Bachelors,14, Married-civ-spouse, Prof-specialty, Wife, White, Female,-27,0,50, United-States, >50K
41, Self-emp-not-inc,303362, 12th,7, Never-married, Exec-managerial, Not-in-family, Asian-Pac-Islander, Male,7,-1,30, United-States, <=50K
27, Private,97751, Bachelors,13, Divorced, Tech-support, Not-in-family, White, Male,-14,0,44, United-States, >50K
41, Private,130354, HS-grad,9, Married-civ-spouse, Adm-clerical, Husband, White, Male,-35,-1,50, United-States, <=50K
66, Private,162685, HS-grad,9, Married-civ-spouse, Farming-fishing, Husband, Amer-Indian-Eskimo, Male,-19,0,40, United-States, <=50K
43, Private,201479, Bachelors,13, Divorced, Prof-specialty, Unmarried, White, Female,-20,-2,65, United-States, <=50K
44, Private,185783, HS-grad,9, Married-civ-spouse, Craft-repair, Husband, Black, Male,35,-1,40, United-States, <=50K
44, Private,113860, HS-grad,9, Married-civ-spouse, Prof-specialty, Husband, White, Male,8,-1,40, United-States, >50K
28, Private,239719, HS-grad,9, Divorced, Other-service, Not-in-family, White, Male,30,0,13, United-States, <=50K
61, Self-emp-not-inc,385376, 5th-6th,9, Divorced, Craft-repair, Husband, White, Male,-5,0,31, Jamaica, <=50K
25, Private,108761, Bachelors,14, Separated, Farming-fishing, Wife, Other, Male,3434,0,31, United-States, <=50K
40, State-gov,358311, Masters,14, Married-civ-spouse, Sales, Husband, White, Male,-21,-1,40, United-States, <=50K
44, Private,186966, HS-grad,9, Married-civ-spouse, Machine-op-inspct, Husband, White, Female,-16,-1,46, United-States, <=50K
53, Without-pay,231956, Prof-school,13, Separated, Exec-managerial, Husband, White, Male,-11,0,45, United-States, <=50K
67, Private,130855, Bachelors,13, Never-married, Craft-repair, Not-in-family, White, Male,-29,0,50, United-States, <=50K
29, Private,40029, Bachelors,11, Never-married, Machine-op-inspct, Wife, White, Male,-22,0,50, United-States, <=50K
59, State-gov,243536, HS-grad,7, Widowed, Other-service, Unmarried, White, Female,23,0,31, United-States, <=50K
20, ?,204287, 12th,5, Never-married, Prof-specialty, Own-child, Asian-Pac-Islander, Male,-16,-2,30, United-States, <=50K
45, Private,262485, HS-grad,9, Married-civ-spouse, Craft-repair, Husband, White, Male,-19,1,93, United-States, <=50K
22, Private,298237, HS-grad,7, Never-married, Craft-repair, Own-child, White, Male,-43,-1,40, United-States, <=50K
34, State-gov,310735, HS-grad,9, Never-married, Machine-op-inspct, Own-child, White, Male,20,0,40, United-States, <=50K
21, ?,132202, Some-college,10, Never-married, Other-service, Own-child, White, Male,-4,-2,31, United-States, <=50K
25, ?,268606, Some-college,10, Divorced, Handlers-cleaners, Own-child, White, Male,-21,-1,40, United-States, <=50K
23, Private,264576, Bachelors,13, Never-married, Prof-specialty, Other-relative, White, Male,2,1,44, United-States, <=50K
52, Local-gov,132420, Some-college,13, Separated, ?, Unmarried, White, Female,-13,0,37, United-States, <=50K
19, ?,38220, 1st-4th,15, Never-married, Sales, Husband, Asian-Pac-Islander, Male,-39,1,50, United-States, <=50K
42, Private,416115, HS-grad,9, Widowed, Machine-op-inspct, Other-relative, White, Female,7,1,35, United-States, <=50K
58, Private,371863, HS-grad,10, Separated, Adm-clerical, Own-child, White, Male,-29,0,14, United-States, <=50K
36, Private,308606, 10th,14, Married-civ-spouse, Transport-moving, Not-in-family, White, Male,-2,0,40, Iran, >50K
40, Private,184425, Prof-school,10, Married-civ-spouse, Transport-moving, Husband, White, Male,-40,1,45, United-States, <=50K
24, Private,570579, HS-grad,9, Married-civ-spouse, Machine-op-inspct, Husband, Black, Male,-15,0,40, Nicaragua, <=50K
41, ?,91128, HS-grad,6, Separated, Handlers-cleaners, Unmarried, White, Female,-4,0,40, United-States, <=50K
24, Private,181068, Some-college,13, Married-spouse-absent, Prof-specialty, Own-child, White, Male,-5,2,44, United-States, <=50K
51, Private,282038, 9th,13, Divorced, Armed-Forces, Not-in-family, White, Female,-32,0,40, United-States, <=50K
40, Private,154394, Bachelors,14, Married-civ-spouse, Prof-specialty, Wife, White, Female,-26,-1,45, United-States, >50K
21, Private,255599, 7th-8th,6, Never-married, Adm-clerical, Unmarried, Black, Female,-12,-1,40, United-States, <=50K
39, Private,47957, HS-grad,9, Separated, Adm-clerical, Not-in-family, White, Male,-12,1,40, South, <=50K
45, Private,261484, HS-grad,9, Married-civ-spouse, Transport-moving, Husband, White, Male,-46,0,50, United-States, <=50K
24, Private,232550, Some-college,10, Separated, Adm-clerical, Husband, White, Male,-2,-2,40, Portugal, <=50K
49, Private,157470, 9th,10, Divorced, Adm-clerical, Not-in-family, White, Female,-39,0,30, United-States, <=50K
72, Private,133392, Masters,11, Married-civ-spouse, Adm-clerical, Husband, White, Female,-14,-1,50, United-States, <=50K
33, Private,401324, Bachelors,9, Separated, Exec-managerial, Unmarried, Amer-Indian-Eskimo, Female,-16,3,40, Outlying-US(Guam-USVI-etc), <=50K
45, Private,29976, HS-grad,13, Married-civ-spouse, Craft-repair, Wife, White, Male,-11,1,40, United-States, >50K
59, Local-gov,134364, Bachelors,13, Separated, Prof-specialty, Wife, White, Female,-14,-2,45, Cambodia, <=50K
48, Private,248359, HS-grad,9, Married-civ-spouse, Adm-clerical, Not-in-family, Amer-Indian-Eskimo, Male,30,-1,30, United-States, >50K
25, Local-gov,123700, Bachelors,13, Divorced, Adm-clerical, Unmarried, White, Female,-9,1,44, United-States, <=50K
23, ?,130914, 10th,13, Never-married, ?, Own-child, White, Female,-51,-1,40, United-States, <=50K
48, Local-gov,170343, Masters,14, Married-civ-spouse, Prof-specialty, Husband, White, Male,-23,-1,50, United-States, >50K
33, Private,367079, 7th-8th,10, Divorced, Exec-managerial, Husband, White, Male,15,0,51, United-States, >50K
25, Never-worked,495381, Bachelors,13, Never-married, Adm-clerical, Unmarried, Asian-Pac-Islander, Male,-24,2,85, United-States, <=50K
20, Private,293704, HS-grad,10, Widowed, Adm-clerical, Not-in-family, White, Female,-27,-1,14, United-States, <=50K
17, ?,104919, Bachelors,13, Never-married, ?, Not-in-family, Amer-Indian-Eskimo, Male,-19,-1,92, United-States, <=50K
46, Private,136571, Doctorate,13, Divorced, Prof-specialty, Wife, White, Female,-25,-1,40, United-States, <=50K
51, Private,371428, Masters,16, Married-civ-spouse, Prof-specialty, Husband, White, Male,-34,2,73, United-States, >50K
55, Private,130222, HS-grad,9, Married-civ-spouse, Craft-repair, Husband, White, Male,3,0,40, United-States, <=50K
43, Self-emp-inc,248255, Masters,16, Married-civ-spouse, Prof-specialty, Wife, White, Male,30,0,70, United-States, >50K
22, Self-emp-not-inc,245623, Bachelors,13, Divorced, Exec-managerial, Not-in-family, White, Female,-28,0,45, United-States, <=50K
47, Private,320602, Assoc-voc,13, Married-civ-spouse, Adm-clerical, Husband, Black, Female,11,2,58, Japan, <=50K
41, Private,35607, Bachelors,14, Married-civ-spouse, Transport-moving, Husband, White, Male,-28,1,68, United-States, >50K
47, Private,131378, HS-grad,9, Married-civ-spouse, Adm-clerical, Unmarried, Black, Female,-43,-3,59, Ecuador, <=50K
43, Private,173120, HS-grad,9, Married-civ-spouse, Craft-repair, Husband, Asian-Pac-Islander, Male,-23,-3,50, United-States, <=50K
23, Self-emp-not-inc,260932, 1st-4th,4, Married-civ-spouse, ?, Husband, White, Male,14036,-1,65, United-States, <=50K
59, Self-emp-inc,44581, Prof-school,10, Married-civ-spouse, Sales, Husband, White, Male,-16,-1,59, United-States, >50K
30, Private,356564, HS-grad,6, Never-married, Adm-clerical, Not-in-family, Amer-Indian-Eskimo, Female,-49,0,40, United-States, <=50K
46, Private,216347, HS-grad,10, Never-married, Adm-clerical, Wife, White, Male,-12,0,45, Puerto-Rico, >50K
42, Private,44617, Bachelors,4, Married-civ-spouse, Exec-managerial, Wife, Asian-Pac-Islander, Male,2,-2,45, United-States, <=50K
18, State-gov,302020, Some-college,10, Never-married, Prof-specialty, Not-in-family, Black, Male,-14,0,8, United-States, <=50K
40, Private,206312, HS-grad,9, Married-civ-spouse, Craft-repair, Husband, Black, Male,-11,0,40, Italy, <=50K
41, Self-emp-not-inc,100269, 12th,13, Never-married, Prof-specialty, Other-relative, Other, Male,-20,0,44, United-States, <=50K
51, State-gov,173866, HS-grad,9, Married-civ-spouse, Transport-moving, Husband, White, Female,-21,-1,40, United-States, <=50K
25, Local-gov,181846, 7th-8th,9, Married-civ-spouse, Craft-repair, Husband, White, Male,-31,1,40, United-States, <=50K
38, Private,460583, HS-grad,5, Never-married, Handlers-cleaners, Own-child, White, Male,-13,0,40, Haiti, <=50K
21, ?,190968, Some-college,10, Never-married, ?, Own-child, White, Male,-27,0,22, United-States, <=50K
21, State-gov,238335, Assoc-acdm,13, Never-married, Exec-managerial, Own-child, White, Male,27,0,40, Iran, >50K
18, ?,329840, Some-college,11, Never-married, ?, Own-child, White, Male,-37,0,23, United-States, <=50K
17, ?,339267, 10th,8, Never-married, ?, Own-child, White, Male,-10,0,20, United-States, <=50K
46, Local-gov,176620, HS-grad,9, Married-civ-spouse, Machine-op-inspct, Not-in-family, Amer-Indian-Eskimo, Male,-39,1,40, United-States, <=50K
24, Self-emp-not-inc,173630, Assoc-voc,6, Divorced, Sales, Wife, Asian-Pac-Islander, Female,-1,1,40, United-States, <=50K
69, Local-gov,282248, Some-college,10, Married-civ-spouse, Other-service, Husband, White, Male,-7,1,40, United-States, <=50K
49, Private,166219, HS-grad,10, Married-civ-spouse, Sales, Husband, White, Male,-24,1,40, United-States, <=50K
44, ?,376439, Bachelors,13, Married-civ-spouse, Armed-Forces, Not-in-family, White, Male,-34,0,68, Poland, <=50K
21, Private,179838, 11th,7, Never-married, ?, Own-child, White, Male,-55,0,69, United-States, <=50K
52, Private,100596, 9th,16, Married-civ-spouse, Tech-support, Husband, White, Male,-34,-1,40, United-States, <=50K
42, Self-emp-inc,133251, Bachelors,13, Married-civ-spouse, Exec-managerial, Wife, White, Male,-1,0,40, Haiti, >50K
24, Local-gov,99883, Bachelors,13, Divorced, Adm-clerical, Unmarried, Amer-Indian-Eskimo, Female,-24,1810,66, United-States, <=50K
46, State-gov,237517, Bachelors,14, Divorced, Adm-clerical, Husband, Amer-Indian-Eskimo, Male,-4,1,40, United-States, <=50K
50, Private,36638, Doctorate,14, Married-civ-spouse, Prof-specialty, Husband, White, Male,3975,-1,69, United-States, >50K
51, Private,64436, 11th,9, Married-AF-spouse, Adm-clerical, Unmarried, White, Female,0,1,30, United-States, <=50K
45, Private,96544, 12th,13, Widowed, Other-service, Not-in-family, Other, Male,-72,-1,44, United-States, <=50K
38, Self-emp-not-inc,86958, Bachelors,13, Married-civ-spouse, Prof-specialty, Wife, White, Female,37,2,57, United-States, >50K
19, ?,325460, Some-college,6, Never-married, ?, Own-child, White, Male,-33,1,22, United-States, <=50K
49, State-gov,45366, Some-college,10, Never-married, Farming-fishing, Not-in-family, White, Male,-26,0,63, United-States, >50K
47, Private,184102, Bachelors,10, Divorced, Adm-clerical, Other-relative, White, Male,-23,0,40, United-States, <=50K
49, Private,118643, Bachelors,13, Married-civ-spouse, Prof-specialty, Wife, White, Female,-66,-3,50, United-States, >50K
26, Local-gov,256470, Preschool,9, Married-AF-spouse, Adm-clerical, Unmarried, Asian-Pac-Islander, Female,-53,0,50, United-States, <=50K
39, Private,77696, Masters,14, Married-civ-spouse, Exec-managerial, Husband, White, Male,30,0,68, United-States, >50K
45, Private,38347, Bachelors,9, Divorced, Other-service, Unmarried, White, Female,4,-3,40, United-States, <=50K
52, Private,219023, Preschool,10, Never-married, Sales, Own-child, White, Male,0,-1,30, El-Salvador, <=50K
57, Private,175556, HS-grad,9, Married-civ-spouse, Craft-repair, Husband, White, Female,-34,1,40, United-States, <=50K
23, Private,123554, Some-college,10, Married-civ-spouse, Adm-clerical, Wife, White, Male,-41,0,60, United-States, <=50K
38, Private,209253, 5th-6th,14, Married-civ-spouse, Tech-support, Not-in-family, White, Male,-18,0,46, Trinadad&Tobago, <=50K
56, Private,51801, HS-grad,9, Married-civ-spouse, Craft-repair, Other-relative, White, Male,-37,-1,40, United-States, <=50K
44, Private,102461, Bachelors,13, Married-civ-spouse, Prof-specialty, Wife, White, Female,3,-2,45, United-States, >50K
45, Private,115701, Bachelors,10, Never-married, Priv-house-serv, Other-relative, Other, Male,-6,2491,50, United-States, <=50K
45, Private,326330, Bachelors,13, Never-married, Handlers-cleaners, Not-in-family, White, Female,15,0,36, United-States, <=50K
51, Private,182648, HS-grad,9, Married-civ-spouse, Craft-repair, Husband, White, Male,-61,-1,40, United-States, <=50K
37, Private,104589, Bachelors,13, Divorced, Sales, Unmarried, White, Female,-12,1,44, United-States, <=50K
57, ?,309006, HS-grad,7, Never-married, Craft-repair, Not-in-family, White, Male,-25,0,49, United-States, <=50K
45, Private,389320, 1st-4th,9, Married-civ-spouse, Transport-moving, Husband, White, Male,-22,0,66, Philippines, <=50K
26, Private,245639, HS-grad,13, Divorced, Adm-clerical, Unmarried, White, Female,19,0,37, United-States, >50K
54, ?,306029, Some-college,10, Never-married, Protective-serv, Own-child, Asian-Pac-Islander, Male,19,0,37, United-States, <=50K
20, State-gov,115641, Some-college,13, Divorced, Adm-clerical, Not-in-family, White, Female,-43,1,37, United-States, <=50K
53, State-gov,292954, 1st-4th,6, Married-civ-spouse, Craft-repair, Husband, White, Male,-5,-2,40, United-States, <=50K
57, Federal-gov,218624, Masters,16, Married-civ-spouse, ?, Husband, White, Male,-52,0,40, United-States, >50K
44, Self-emp-inc,294638, Doctorate,14, Married-civ-spouse, Craft-repair, Husband, White, Male,-14,-1,40, United-States, >50K
50, Self-emp-not-inc,100622, 12th,16, Married-civ-spouse, Sales, Own-child, White, Male,-31,1,40, United-States, >50K
35, Federal-gov,369200, Some-college,7, Widowed, Adm-clerical, Other-relative, White, Male,-26,0,40, Poland, <=50K
57, ?,409744, Bachelors,13, Married-civ-spouse, Sales, Wife, White, Female,19,-1,30, Italy, >50K
54, Private,127416, Bachelors,13, Divorced, Tech-support, Husband, White, Male,-4,0,44, United-States, >50K
39, Private,253088, Bachelors,13, Divorced, Transport-moving, Not-in-family, White, Male,-24,0,68, Haiti, <=50K
27, Federal-gov,156199, Assoc-voc,9, Married-civ-spouse, Craft-repair, Husband, White, Male,-21,-1,40, Honduras, <=50K
50, Private,179289, Doctorate,14, Married-civ-spouse, Handlers-cleaners, Husband, White, Male,35,0,58, United-States, >50K
19, ?,411543, HS-grad,7, Never-married, ?, Own-child, White, Female,-51,0,40, United-States, <=50K
44, Private,241926, HS-grad,15, Married-civ-spouse, Sales, Husband, White, Female,3,0,50, United-States, >50K
21, ?,261439, 10th,10, Never-married, ?, Own-child, Asian-Pac-Islander, Male,-32,1,30, United-States, <=50K
25, ?,87827, Some-college,10, Never-married, ?, Own-child, White, Male,-15,1,13, United-States, <=50K
29, Federal-gov,58006, Bachelors,13, Never-married, Prof-specialty, Not-in-family, White, Male,-10,3,40, England, <=50K
48, Local-gov,135848, Bachelors,13, Separated, Sales, Husband, Black, Male,-29,0,44, England, <=50K
46, Private,39062, HS-grad,15, Married-civ-spouse, Craft-repair, Husband, White, Male,-10,0,40, United-States, <=50K
43, Private,47771, 11th,13, Married-civ-spouse, Handlers-cleaners, Husband, Asian-Pac-Islander, Male,2,-1,40, England, <=50K
45, Local-gov,406796, Bachelors,9, Married-civ-spouse, Other-service, Husband, Amer-Indian-Eskimo, Female,-35,0,45, United-States, <=50K
57, State-gov,291638, Some-college,10, Never-married, ?, Own-child, White, Female,-3,-1,36, United-States, <=50K
61, Private,109059, HS-grad,14, Married-civ-spouse, Adm-clerical, Wife, White, Female,-19,1,58, United-States, >50K
41, State-gov,276801, Bachelors,7, Widowed, Adm-clerical, Not-in-family, Asian-Pac-Islander, Male,-19,-1,12, Dominican-Republic, <=50K
26, Private,388998, 11th,14, Never-married, Craft-repair, Not-in-family, White, Male,-7,1,45, United-States, <=50K
60, State-gov,235556, 1st-4th,14, Married-civ-spouse, Machine-op-inspct, Husband, White, Female,-8,0,45, United-States, >50K
44, Private,87265, Preschool,15, Never-married, Sales, Not-in-family, Amer-Indian-Eskimo, Male,-34,0,44, United-States, <=50K
41, ?,336561, Bachelors,13, Never-married, ?, Unmarried, Black, Male,8,1,24, United-States, <=50K
44, Self-emp-inc,37654, Bachelors,13, Married-civ-spouse, Prof-specialty, Husband, White, Male,-8,-1,45, United-States, >50K
24, Federal-gov,51166, Bachelors,13, Never-married, Exec-managerial, Not-in-family, White, Male,-42,2,50, United-States, <=50K
34, Federal-gov,200855, Some-college,7, Separated, Protective-serv, Unmarried, White, Female,-19,-1,40, United-States, <=50K
41, Private,259806, Bachelors,14, Never-married, Exec-managerial, Not-in-family, Asian-Pac-Islander, Male,-6,1,50, Guatemala, >50K
22, ?,199551, Bachelors,7, Never-married, Sales, Own-child, White, Female,15,-1,58, United-States, <=50K
52, Private,296887, Masters,14, Married-civ-spouse, Protective-serv, Husband, White, Male,6,0,40, United-States, >50K
51, Self-emp-not-inc,354818, HS-grad,16, Married-civ-spouse, Craft-repair, Husband, White, Male,4,2,50, United-States, <=50K
49, Self-emp-not-inc,305468, Bachelors,14, Never-married, Craft-repair, Not-in-family, White, Male,-13,-1,21, United-States, <=50K
53, Private,134509, Bachelors,13, Separated, Prof-specialty, Not-in-family, Black, Female,8,-1,36, ?, <=50K
44, Local-gov,90057, Bachelors,13, Divorced, Adm-clerical, Unmarried, Black, Female,17,0,40, United-States, <=50K
32, Self-emp-not-inc,253495, HS-grad,11, Divorced, Handlers-cleaners, Unmarried, Black, Female,36,1,59, Puerto-Rico, <=50K
56, Private,324273, 12th,10, Never-married, Sales, Own-child, White, Male,-43,2,50, United-States, <=50K
34, Private,125520, HS-grad,9, Married-civ-spouse, Handlers-cleaners, Husband, White, Male,-4,0,36, Germany, <=50K
25, ?,266866, 5th-6th,3, Never-married, Sales, Not-in-family, White, Male,12,-1,44, Trinadad&Tobago, <=50K
57, Self-emp-not-inc,161811, Masters,7, Married-civ-spouse, Sales, Husband, White, Male,-19,-1,40, France, <=50K
47, Private,315694, Masters,14, Married-civ-spouse, Craft-repair, Husband, White, Male,-22,0,58, United-States, >50K
24, ?,309223, 11th,7, Never-married, Craft-repair, Own-child, White, Male,-26,0,40, United-States, <=50K
23, ?,275513, 11th,13, Never-married, Sales, Not-in-family, White, Male,-8,0,22, United-States, <=50K
45, Private,187718, Bachelors,13, Divorced, Prof-specialty, Not-in-family, White, Female,-46,-1,11, United-States, >50K
36, Private,211136, HS-grad,9, Married-civ-spouse, Machine-op-inspct, Husband, White, Male,-46,2,40, United-States, <=50K
36, Self-emp-inc,312174, Prof-school,14, Married-civ-spouse, Prof-specialty, Husband, White, Female,-3,2,40, United-States, >50K
42, Without-pay,112487, HS-grad,9, Married-civ-spouse, Machine-op-inspct, Not-in-family, White, Male,-47,-2,50, United-States, <=50K
19, Private,252817, HS-grad,7, Never-married, Craft-repair, Other-relative, White, Male,-67,-1,40, Scotland, <=50K
26, Private,299211, Bachelors,13, Married-AF-spouse, Adm-clerical, Other-relative, White, Female,2,-1,40, United-States, <=50K
20, ?,123490, Assoc-voc,7, Never-married, ?, Not-in-family, White, Male,-31,0,44, United-States, <=50K
17, Private,112956, 5th-6th,7, Never-married, ?, Own-child, White, Male,-43,1,40, United-States, <=50K
50, Private,342625, 10th,10, Never-married, ?, Unmarried, White, Male,-3,1,58, England, <=50K
66, Local-gov,158386, Some-college,10, Never-married, Craft-repair, Other-relative, White, Male,-32,-1,11, Mexico, <=50K
53, Self-emp-not-inc,261497, Masters,7, Married-civ-spouse, Prof-specialty, Husband, White, Male,-28,-2,46, United-States, <=50K
43, Private,36706, HS-grad,9, Married-civ-spouse, Craft-repair, Husband, White, Male,-29,1,72, United-States, <=50K
48, ?,197469, Assoc-acdm,11, Never-married, ?, Unmarried, White, Female,-54,0,16, United-States, <=50K
50, Self-emp-inc,183592, HS-grad,4, Married-civ-spouse, Transport-moving, Husband, White, Male,-5,0,40, United-States, <=50K
23, Private,288694, Bachelors,13, Never-married, Adm-clerical, Not-in-family, Other, Female,-44,-1,10, United-States, <=50K
24, Private,121238, HS-grad,9, Married-spouse-absent, Other-service, Own-child, White, Male,2,0,31, United-States, <=50K
40, Federal-gov,44864, Bachelors,13, Married-civ-spouse, Exec-managerial, Not-in-family, White, Male,-39,0,37, United-States, >50K
44, Private,167048, HS-grad,14, Married-civ-spouse, Transport-moving, Husband, White, Male,-15,0,45, United-States, <=50K
49, Local-gov,103003, Bachelors,13, Divorced, Prof-specialty, Not-in-family, White, Female,-50,0,45, United-States, >50K
43, Private,51675, HS-grad,13, Divorced, Prof-specialty, Unmarried, White, Female,-13,0,40, United-States, <=50K
39, Private,35863, HS-grad,10, Married-spouse-absent, Sales, Not-in-family, White, Male,-73,1,49, United-States, <=50K
24, Private,54068, Some-college,10, Never-married, Tech-support, Unmarried, White, Female,-10,0,31, United-States, <=50K
66, Private,160955, Bachelors,13, Divorced, Adm-clerical, Unmarried, White, Female,1,0,40, United-States, <=50K
26, Self-emp-not-inc,29147, HS-grad,9, Married-civ-spouse, Adm-clerical, Husband, White, Male,5,-1,44, ?, <=50K
32, Private,111447, Some-college,10, Never-married, Handlers-cleaners, Own-child, Asian-Pac-Islander, Male,-52,-2,20, United-States, <=50K
39, Private,237515, Bachelors,14, Married-civ-spouse, Craft-repair, Husband, White, Female,19,1,45, United-States, >50K
27, Private,494412, Some-college,6, Never-married, Transport-moving, Own-child, Asian-Pac-Islander, Male,-5,-2,45, United-States, <=50K
43, Private,80451, HS-grad,9, Married-civ-spouse, Machine-op-inspct, Husband, Black, Male,-17,0,40, United-States, <=50K
36, Self-emp-inc,97461, 11th,16, Married-civ-spouse, Tech-support, Husband, White, Male,13,0,46, United-States, >50K
66, Private,184475, HS-grad,9, Never-married, Handlers-cleaners, Husband, Black, Male,4,-2,40, United-States, <=50K
17, State-gov,250609, Bachelors,13, Never-married, Priv-house-serv, Not-in-family, White, Male,-32,-2,46, United-States, <=50K
47, Private,142334, HS-grad,9, Widowed, Armed-Forces, Unmarried, White, Male,-21,1,40, Portugal, <=50K
38, Self-emp-not-inc,295940, Some-college,5, Married-civ-spouse, Exec-managerial, Husband, White, Male,-14,0,45, United-States, >50K
47, Private,359017, Assoc-acdm,6, Never-married, Sales, Husband, White, Male,-33,-1,40, Philippines, <=50K
44, Self-emp-inc,191165, Masters,16, Married-civ-spouse, Exec-managerial, Husband, White, Female,4,-1,50, United-States, >50K
42, Self-emp-inc,45691, Assoc-voc,9, Married-civ-spouse, Protective-serv, Husband, Asian-Pac-Islander, Female,0,-1,40, United-States, >50K
45, Local-gov,296816, HS-grad,9, Never-married, Tech-support, Husband, White, Male,-33,1,40, United-States, <=50K
61, Private,223172, HS-grad,9, Married-civ-spouse, Craft-repair, Husband, White, Male,-24,1,37, United-States, <=50K
49, Private,138319, 10th,9, Never-married, Handlers-cleaners, Not-in-family, Black, Male,-43,-3,31, ?, <=50K
26, Self-emp-not-inc,344151, Some-college,10, Married-civ-spouse, Craft-repair, Husband, White, Male,-10,-1,45, United-States, <=50K
29, Private,273580, 5th-6th,9, Divorced, Adm-clerical, Husband, White, Female,-7,2,40, United-States, <=50K
25, Self-emp-not-inc,111067, HS-grad,9, Married-spouse-absent, Machine-op-inspct, Not-in-family, White, Male,-19,-2,35, United-States, <=50K
24, Private,93939, Bachelors,13, Never-married, Sales, Unmarried, Other, Male,6,0,40, United-States, <=50K
48, Private,170550, HS-grad,10, Married-civ-spouse, Transport-moving, Husband, White, Male,-44,-1,40, United-States, <=50K
23, Self-emp-inc,191434, Bachelors,13, Divorced, Prof-specialty, Not-in-family, White, Male,-7,2,31, United-States, <=50K
39, Federal-gov,305298, Bachelors,13, Married-spouse-absent, Prof-specialty, Not-in-family, Other, Male,-29,0,23, United-States, >50K
22, Private,322150, HS-grad,9, Married-civ-spouse, Sales, Husband, Black, Male,8,-1,40, United-States, <=50K
25, Private,115642, Bachelors,14, Married-civ-spouse, Tech-support, Husband, White, Male,-10,-1,40, United-States, <=50K
69, Self-emp-not-inc,137868, HS-grad,11, Married-civ-spouse, Craft-repair, Husband, White, Male,-3,-1,40, United-States, <=50K
29, Private,187319, Bachelors,13, Widowed, Adm-clerical, Not-in-family, Black, Female,-7,-3,44, United-States, <=50K
49, Self-emp-inc,416382, Prof-school,16, Married-civ-spouse, Exec-managerial, Wife, White, Female,11,1,69, United-States, >50K
27, Private,69573, Assoc-acdm,13, Married-civ-spouse, Adm-clerical, Not-in-family, Amer-Indian-Eskimo, Female,-11,0,40, United-States, <=50K
50, Self-emp-not-inc,273730, HS-grad,9, Divorced, Adm-clerical, Husband, White, Male,0,-1,56, United-States, <=50K
46, Private,143206, HS-grad,9, Married-civ-spouse, Other-service, Husband, White, Male,2349,2,50, United-States, <=50K
47, Federal-gov,32567, Bachelors,13, Married-civ-spouse, Prof-specialty, Husband, White, Male,-8,1,50, United-States, <=50K
21, Private,94395, Some-college,7, Never-married, Other-service, Own-child, White, Male,-42,1,40, United-States, <=50K
45, State-gov,235403, HS-grad,13, Divorced, Farming-fishing, Wife, Black, Female,19,0,44, Cuba, >50K
18, ?,287955, Some-college,10, Never-married, ?, Own-child, White, Female,2,0,31, United-States, <=50K
18, Private,39626, 11th,10, Never-married, Craft-repair, Own-child, White, Male,29,-1,46, United-States, <=50K
28, Private,317576, Some-college,7, Married-civ-spouse, Farming-fishing, Husband, White, Female,-32,-1,40, Portugal, <=50K
27, Self-emp-not-inc,351826, Some-college,10, Never-married, Priv-house-serv, Own-child, White, Male,-31,0,22, France, <=50K
21, ?,253105, Some-college,10, Never-married, ?, Own-child, White, Male,-32,1,25, United-States, <=50K
44, Private,138441, HS-grad,9, Married-civ-spouse, Machine-op-inspct, Husband, White, Male,1,0,40, Mexico, >50K
57, Self-emp-not-inc,76880, Some-college,6, Married-civ-spouse, Craft-repair, Husband, White, Male,-7,0,46, United-States, <=50K
22, Self-emp-not-inc,107004, Bachelors,5, Married-civ-spouse, Protective-serv, Husband, Asian-Pac-Islander, Male,26,0,40, United-States, <=50K
23, Private,187118, Bachelors,13, Divorced, Other-service, Own-child, White, Male,-8,0,50, United-States, <=50K
46, Local-gov,152473, Assoc-voc,10, Divorced, Exec-managerial, Not-in-family, White, Male,-22,0,40, United-States, >50K
17, Private,117697, Bachelors,9, Married-spouse-absent, Handlers-cleaners, Unmarried, White, Male,-32,-2,45, United-States, <=50K
38, Private,243397, Bachelors,6, Married-civ-spouse, Sales, Husband, Asian-Pac-Islander, Male,-2,-1,40, Philippines, <=50K
54, Private,166134, Bachelors,13, Divorced, Adm-clerical, Wife, Asian-Pac-Islander, Female,34,0,44, Taiwan, <=50K
27, Private,238950, HS-grad,9, Married-civ-spouse, Transport-moving, Husband, White, Male,-66,0,40, United-States, <=50K
46, ?,187079, HS-grad,9, Married-civ-spouse, Farming-fishing, Other-relative, White, Female,-35,1,40, United-States, <=50K
21, Self-emp-not-inc,338489, 11th,3, Never-married, Sales, Other-relative, White, Male,-29,2090,40, United-States, <=50K
30, Private,442166, 11th,9, Married-civ-spouse, Machine-op-inspct, Other-relative, Other, Male,-30,-1,40, United-States, <=50K
19, ?,360832, Some-college,10, Never-married, ?, Not-in-family, White, Male,-18,-1,50, United-States, <=50K
37, Private,37538, Assoc-voc,3, Married-civ-spouse, Adm-clerical, Husband, White, Female,2,0,40, Japan, <=50K
41, Private,374698, HS-grad,7, Married-civ-spouse, Handlers-cleaners, Husband, White, Male,-15,-1,44, United-States, <=50K
45, Local-gov,41744, Bachelors,10, Married-civ-spouse, Prof-specialty, Not-in-family, White, Male,9,-1,61, United-States, >50K
58, State-gov,306049, 9th,13, Married-civ-spouse, Protective-serv, Wife, White, Male,-20,-1,40, United-States, >50K
25, Private,302995, 11th,10, Never-married, Prof-specialty, Not-in-family, White, Male,28,0,50, Cuba, <=50K
40, Local-gov,103751, Bachelors,13, Never-married, Farming-fishing, Own-child, Amer-Indian-Eskimo, Male,-16,0,44, United-States, <=50K
24, Private,236050, Some-college,10, Divorced, ?, Own-child, White, Female,-21,-1,22, United-States, <=50K
46, Private,189908, HS-grad,9, Married-civ-spouse, Craft-repair, Husband, White, Male,7,-1,95, United-States, <=50K
46, State-gov,156863, Preschool,10, Divorced, Exec-managerial, Not-in-family, White, Male,-23,1,36, United-States, >50K
21, Private,183923, Some-college,10, Never-married, Machine-op-inspct, Husband, White, Male,-10,1,40, United-States, <=50K
60, Private,299246, HS-grad,9, Never-married, Exec-managerial, Not-in-family, White, Male,-17,-1,35, United-States, <=50K
52, Self-emp-inc,88414, Assoc-voc,13, Married-civ-spouse, Prof-specialty, Wife, Black, Female,-49,-1,50, United-States, >50K
47, Private,115668, HS-grad,9, Married-civ-spouse, Prof-specialty, Husband, White, Male,3,2,58, United-States, >50K
53, Self-emp-not-inc,117871, Bachelors,13, Divorced, Prof-specialty, Unmarried, Black, Female,-20,0,29, United-States, <=50K
39, Private,178901, Assoc-voc,6, Never-married, ?, Own-child, White, Male,-69,0,59, United-States, <=50K
55, Private,342127, HS-grad,9, Married-civ-spouse, Craft-repair, Husband, White, Male,27,0,35, Columbia, <=50K
58, Self-emp-not-inc,365112, Some-college,13, Never-married, Farming-fishing, Own-child, White, Male,-45,-1,40, United-States, <=50K
46, Self-emp-inc,65822, Assoc-voc,11, Married-civ-spouse, Prof-specialty, Husband, Amer-Indian-Eskimo, Female,-12,1,40, France, >50K
37, Self-emp-not-inc,211702, Bachelors,10, Never-married, Protective-serv, Other-relative, White, Female,-21,-1,50, Mexico, <=50K
55, Private,120575, HS-grad,11, Divorced, Priv-house-serv, Husband, White, Female,-24,1,49, United-States, >50K
42, Private,164640, 9th,13, Divorced, Handlers-cleaners, Unmarried, White, Female,-9,0,36, United-States, <=50K
48, Self-emp-inc,36313, Bachelors,13, Married-civ-spouse, Prof-specialty, Wife, White, Female,11,0,40, United-States, >50K
23, Private,272741, HS-grad,6, Separated, ?, Unmarried, White, Female,1,0,40, United-States, <=50K
29, Private,242837, Prof-school,3, Widowed, Exec-managerial, Own-child, White, Male,30,0,40, Jamaica, <=50K
43, Self-emp-inc,172134, Masters,16, Married-civ-spouse, Handlers-cleaners, Husband, White, Male,23,-1,50, United-States, >50K
36, Self-emp-not-inc,124688, Bachelors,13, Divorced, Exec-managerial, Wife, White, Female,1,1,50, United-States, <=50K
29, Private,322518, HS-grad,9, Married-civ-spouse, Transport-moving, Husband, Other, Male,-7,-1,40, United-States, <=50K
43, Private,183808, 5th-6th,13, Never-married, Prof-specialty, Own-child, White, Female,6,0,35, United-States, <=50K
18, ?,41020, Some-college,6, Never-married, ?, Own-child, White, Male,-34,1,22, United-States, <=50K
41, Local-gov,286683, 11th,10, Married-civ-spouse, Prof-specialty, Husband, White, Male,-11,1,45, United-States, <=50K
41, Private,37932, HS-grad,9, Married-civ-spouse, Craft-repair, Husband, Asian-Pac-Islander, Male,53,0,50, Poland, <=50K
48, Private,102197, Bachelors,13, Never-married, Craft-repair, Not-in-family, White, Male,37,0,45, El-Salvador, <=50K
48, Private,413384, Bachelors,13, Never-married, Protective-serv, Not-in-family, White, Female,-31,-1,45, United-States, >50K
32, ?,39870, Some-college,10, Never-married, ?, Not-in-family, White, Male,-23,0,44, United-States, <=50K
39, Private,94095, HS-grad,9, Married-civ-spouse, Farming-fishing, Husband, White, Male,-24,-1,50, United-States, >50K
20, Private,180981, 10th,5, Never-married, Craft-repair, Own-child, Asian-Pac-Islander, Male,-35,-1,30, Ecuador, <=50K
47, Private,143733, HS-grad,9, Married-civ-spouse, Farming-fishing, Husband, White, Male,-39,-1,11, Italy, <=50K
42, Self-emp-not-inc,299657, Bachelors,13, Separated, Machine-op-inspct, Unmarried, White, Female,16,-1,46, Mexico, <=50K
17, Private,92063, 7th-8th,11, Never-married, ?, Not-in-family, White, Female,23,2,30, United-States, <=50K
50, Private,203870, HS-grad,9, Separated, Craft-repair, Other-relative, White, Female,56,1907,36, United-States, <=50K
18, ?,220781, Some-college,7, Never-married, Prof-specialty, Own-child, White, Male,7,1,40, United-States, <=50K
25, Private,193015, HS-grad,9, Never-married, Sales, Not-in-family, White, Female,-18,1,40, United-States, <=50K
24, Private,112704, Some-college,7, Married-spouse-absent, Prof-specialty, Not-in-family, White, Female,-32,1,57, United-States, <=50K
24, Federal-gov,288772, Some-college,13, Never-married, Prof-specialty, Not-in-family, White, Female,5,-2,23, United-States, <=50K
24, Private,46703, HS-grad,9, Widowed, Other-service, Unmarried, White, Female,-31,2,40, United-States, <=50K
19, ?,234917, Bachelors,10, Never-married, ?, Not-in-family, White, Male,-12,0,57, United-States, <=50K
23, Private,96785, HS-grad,9, Married-civ-spouse, Adm-clerical, Husband, White, Female,1,0,40, Canada, <=50K
54, Self-emp-not-inc,16993, Masters,13, Married-civ-spouse, Exec-managerial, Wife, Asian-Pac-Islander, Female,-36,2,40, Taiwan, >50K
50, Local-gov,167753, Masters,13, Divorced, Machine-op-inspct, Not-in-family, White, Male,-3,-1,40, Puerto-Rico, <=50K
50, Local-gov,133143, Bachelors,13, Widowed, Prof-specialty, Not-in-family, White, Male,-26,0,45, ?, <=50K
44, Local-gov,352457, HS-grad,9, Married-civ-spouse, Exec-managerial, Husband, White, Male,22,0,40, ?, <=50K
17, Private,425378, HS-grad,13, Married-spouse-absent, Handlers-cleaners, Not-in-family, White, Male,11,1,36, United-States, <=50K
26, Private,254270, 10th,7, Separated, ?, Not-in-family, White, Male,-17,0,30, United-States, <=50K
47, Private,83611, Assoc-voc,15, Married-civ-spouse, Farming-fishing, Husband, White, Male,-12,1,44, United-States, >50K
45, Local-gov,82986, Bachelors,13, Never-married, Prof-specialty, Not-in-family, White, Male,-8,3,16, ?, <=50K
63, Private,99389, Assoc-voc,14, Married-civ-spouse, Machine-op-inspct, Unmarried, White, Female,-31,1,30, United-States, >50K
31, Private,244067, HS-grad,6, Married-civ-spouse, Exec-managerial, Husband, Black, Male,9,-1,62, Taiwan, <=50K
31, Private,198124, Some-college,10, Married-civ-spouse, Protective-serv, Not-in-family, White, Male,-15,1,46, England, <=50K
47, Self-emp-not-inc,122511, Some-college,13, Married-civ-spouse, Craft-repair, Not-in-family, White, Male,6,1,97, United-States, <=50K
65, Self-emp-not-inc,101860, Doctorate,9, Married-civ-spouse, Prof-specialty, Husband, White, Female,7252,0,60, United-States, >50K
26, Private,274522, Assoc-voc,9, Married-civ-spouse, Tech-support, Husband, White, Male,-19,1,40, Scotland, <=50K
23, Private,47584, HS-grad,9, Never-married, Craft-repair, Other-relative, White, Male,-6,0,24, United-States, <=50K
51, Self-emp-not-inc,101923, Bachelors,14, Married-civ-spouse, Protective-serv, Husband, White, Female,17,1796,44, United-States, >50K
42, Local-gov,117097, Masters,14, Married-civ-spouse, Sales, Husband, White, Male,-32,-1,58, Dominican-Republic, >50K
38, ?,320908, Some-college,10, Never-married, Transport-moving, Own-child, White, Male,-42,1,50, United-States, <=50K
51, Private,169530, HS-grad,6, Married-civ-spouse, Tech-support, Husband, White, Male,-39,1812,50, United-States, <=50K
51, Self-emp-inc,231083, Assoc-acdm,13, Married-civ-spouse, Prof-specialty, Husband, White, Male,-19,2,61, United-States, >50K
40, Self-emp-not-inc,234431, 1st-4th,10, Never-married, Priv-house-serv, Not-in-family, White, Female,4,1,30, United-States, <=50K
30, Self-emp-not-inc,355784, HS-grad,9, Married-spouse-absent, Adm-clerical, Not-in-family, Black, Male,5,0,35, United-States, <=50K
20, Private,405825, Some-college,5, Separated, Adm-clerical, Own-child, White, Male,-12,0,40, Puerto-Rico, <=50K
46, Federal-gov,181493, Some-college,14, Married-civ-spouse, Farming-fishing, Husband, White, Male,-49,1825,49, United-States, >50K
19, Private,68645, Some-college,4, Never-married, Other-service, Own-child, White, Male,4,0,44, United-States, <=50K
30, Private,148515, 11th,13, Married-civ-spouse, Other-service, Own-child, White, Female,-9,-1,23, United-States, <=50K
61, ?,111474, 10th,7, Never-married, Other-service, Own-child, White, Male,-8,-1,13, United-States, <=50K
19, Private,42336, Assoc-voc,10, Never-married, ?, Own-child, White, Female,4,1,40, United-States, <=50K
50, Private,104284, Bachelors,13, Married-civ-spouse, Craft-repair, Husband, Asian-Pac-Islander, Female,13,-2,40, United-States, >50K
38, Private,194718, 7th-8th,10, Married-civ-spouse, Sales, Husband, White, Male,23,0,50, Trinadad&Tobago, <=50K
28, Private,231062, 12th,9, Divorced, Craft-repair, Husband, Amer-Indian-Eskimo, Male,-8,0,71, United-States, <=50K
46, Self-emp-not-inc,231479, HS-grad,9, Married-civ-spouse, Prof-specialty, Husband, White, Male,15,0,50, United-States, <=50K
18, Private,49511, Masters,13, Never-married, Exec-managerial, Not-in-family, White, Male,-33,1,23, United-States, <=50K
49, Local-gov,76318, Bachelors,13, Divorced, Prof-specialty, Husband, Amer-Indian-Eskimo, Female,-29,-2,40, United-States, >50K
50, Private,89036, Assoc-voc,13, Married-civ-spouse, Prof-specialty, Wife, Asian-Pac-Islander, Female,13,0,50, United-States, >50K
32, Private,310420, Bachelors,13, Divorced, Prof-specialty, Not-in-family, White, Female,-39,-2,45, United-States, >50K
25, Private,213394, Some-college,10, Never-married, Other-service, Other-relative, White, Male,22,1,40, United-States, <=50K
38, Self-emp-not-inc,246271, 9th,10, Married-civ-spouse, Prof-specialty, Not-in-family, Asian-Pac-Islander, Male,-45,0,45, United-States, <=50K
42, Self-emp-not-inc,42002, Some-college,14, Married-civ-spouse, Prof-specialty, Husband, White, Male,-8,0,40, United-States, >50K
46, Federal-gov,338046, Assoc-acdm,13, Divorced, Prof-specialty, Unmarried, White, Female,-8,0,40, United-States, <=50K
27, Private,43288, 10th,9, Married-civ-spouse, Machine-op-inspct, Wife, White, Male,25,2,40, United-States, <=50K
23, Private,343422, HS-grad,9, Separated, Craft-repair, Not-in-family, Black, Male,-15,1,40, United-States, <=50K
49, ?,45645, Some-college,10, Divorced, Craft-repair, Unmarried, White, Male,-22,-1,37, United-States, <=50K
62, Self-emp-not-inc,348777, Bachelors,10, Married-civ-spouse, Transport-moving, Unmarried, White, Male,-14,-1,50, United-States, <=50K
24, Private,113675, HS-grad,9, Never-married, Sales, Not-in-family, White, Male,-34,-2,40, United-States, <=50K
21, ?,176853, 10th,13, Never-married, Machine-op-inspct, Own-child, White, Male,-43,0,36, United-States, <=50K
52, State-gov,221538, 12th,6, Never-married, Other-service, Own-child, White, Male,-35,0,40, United-States, <=50K
23, Federal-gov,237676, Assoc-voc,9, Married-civ-spouse, Other-service, Other-relative, White, Male,-16,1,40, United-States, <=50K
47, Private,229144, HS-grad,9, Married-civ-spouse, Craft-repair, Husband, White, Male,-42,-1,44, United-States, <=50K
36, Private,189737, Bachelors,13, Divorced, Adm-clerical, Wife, White, Female,-18,-2,40, United-States, >50K
22, Private,91790, 10th,7, Divorced, ?, Not-in-family, White, Female,-46,1,44, United-States, <=50K
37, Local-gov,135661, Doctorate,14, Married-civ-spouse, Prof-specialty, Wife, White, Female,20,-1,44, United-States, >50K
25, Self-emp-not-inc,269426, 5th-6th,9, Married-spouse-absent, Exec-managerial, Not-in-family, White, Male,10,-1,40, United-States, <=50K
25, ?,122289, Some-college,10, Never-married, Prof-specialty, Own-child, White, Female,-39,0,10, United-States, <=50K
38, Private,283842, 7th-8th,6, Married-civ-spouse, Transport-moving, Husband, White, Male,-60,-2,31, Scotland, <=50K
22, Private,250119, 5th-6th,6, Never-married, Prof-specialty, Not-in-family, White, Male,20,0,50, United-States, <=50K
28, Self-emp-not-inc,292640, HS-grad,9, Separated, Handlers-cleaners, Husband, Black, Male,9,-2,40, United-States, <=50K
56, Private,244178, HS-grad,7, Married-civ-spouse, Exec-managerial, Husband, White, Female,-5,1,34, United-States, <=50K
46, State-gov,161449, Bachelors,10, Married-civ-spouse, Prof-specialty, Not-in-family, Asian-Pac-Islander, Male,-3,1,40, United-States, >50K
50, Private,95538, Bachelors,13, Divorced, Adm-clerical, Not-in-family, Amer-Indian-Eskimo, Female,-23,0,25, United-States, <=50K
26, State-gov,44630, Bachelors,11, Married-civ-spouse, Prof-specialty, Husband, White, Female,45,0,40, United-States, >50K
47, Private,116615, Bachelors,10, Separated, Adm-clerical, Unmarried, Black, Female,-24,0,14, United-States, <=50K
42, Private,230982, Bachelors,13, Married-civ-spouse, Tech-support, Unmarried, White, Male,-17,0,36, United-States, <=50K
66, Private,258231, HS-grad,9, Separated, Adm-clerical, Unmarried, Black, Male,23,0,40, United-States, <=50K
50, State-gov,259960, Bachelors,13, Married-civ-spouse, Sales, Not-in-family, White, Female,-26,0,50, United-States, <=50K
39, Self-emp-not-inc,25988, 12th,14, Married-civ-spouse, Craft-repair, Husband, White, Male,-81,2,61, United-States, <=50K
37, Local-gov,236819, Bachelors,7, Married-civ-spouse, Prof-specialty, Other-relative, White, Female,21,1,45, United-States, <=50K
77, Private,330499, HS-grad,9, Divorced, Protective-serv, Husband, Black, Female,18,-1,40, United-States, <=50K
21, Private,85873, 10th,10, Divorced, ?, Unmarried, White, Female,14928,1,40, United-States, <=50K
20, Private,216659, HS-grad,9, Married-civ-spouse, Sales, Husband, White, Male,13,-2,50, United-States, <=50K
22, Private,166096, HS-grad,9, Married-civ-spouse, Adm-clerical, Wife, White, Male,26,2,40, United-States, <=50K
44, Private,272802, Bachelors,5, Married-civ-spouse, Machine-op-inspct, Not-in-family, White, Male,-8,1,50, United-States, >50K
34, Private,267613, 5th-6th,9, Married-civ-spouse, Farming-fishing, Husband, White, Male,-20,0,40, El-Salvador, <=50K
18, Private,250142, 10th,10, Never-married, Other-service, Husband, Black, Male,-6,1,40, Mexico, <=50K
20, Local-gov,451126, Some-college,10, Married-civ-spouse, Craft-repair, Unmarried, White, Male,43,-2,62, United-States, <=50K
39, Private,94491, Doctorate,14, Married-civ-spouse, Protective-serv, Husband, White, Male,-29,1827,40, United-States, >50K
27, Private,177902, Some-college,10, Separated, Adm-clerical, Unmarried, White, Female,-14,1,45, United-States, <=50K
54, Private,262775, HS-grad,9, Never-married, Adm-clerical, Not-in-family, Other, Male,-46,-2,45, Mexico, <=50K
52, ?,182328, 11th,3, Married-civ-spouse, Adm-clerical, Not-in-family, Black, Male,1,-1,40, United-States, <=50K
44, Private,182825, Bachelors,13, Never-married, Adm-clerical, Not-in-family, Other, Female,-19,0,23, United-States, >50K
49, Private,229487, Prof-school,14, Married-civ-spouse, Craft-repair, Husband, White, Male,-54,-1,49, United-States, <=50K
24, Private,176418, 11th,7, Never-married, ?, Own-child, White, Male,-33,0,40, United-States, <=50K
18, State-gov,373154, Some-college,10, Never-married, Craft-repair, Other-relative, Black, Male,-34,-1,31, Mexico, <=50K
38, Federal-gov,85440, Bachelors,13, Never-married, Protective-serv, Not-in-family, White, Male,14,1,45, Japan, <=50K
46, Self-emp-inc,146364, Bachelors,14, Married-civ-spouse, Exec-managerial, Husband, White, Female,32,0,45, United-States, >50K
26, Private,142590, Bachelors,13, Divorced, Tech-support, Not-in-family, White, Female,-15,0,21, United-States, <=50K
44, Self-emp-not-inc,154566, Masters,13, Married-spouse-absent, Sales, Husband, White, Female,-15,0,40, United-States, <=50K
44, Local-gov,130757, Bachelors,11, Separated, Machine-op-inspct, Not-in-family, White, Male,18,1,13, United-States, <=50K
47, Local-gov,331515, Bachelors,13, Married-civ-spouse, Adm-clerical, Unmarried, White, Female,-29,-1,46, United-States, <=50K
33, Self-emp-not-inc,93811, HS-grad,9, Married-civ-spouse, Craft-repair, Husband, White, Male,11,1,40, Greece, <=50K
42, Self-emp-inc,120340, Assoc-voc,6, Married-civ-spouse, Transport-moving, Husband, White, Male,-5,1,50, United-States, >50K
23, Local-gov,280273, 5th-6th,13, Never-married, Prof-specialty, Not-in-family, White, Male,-6,0,15, United-States, <=50K
32, Private,406045, Some-college,7, Married-civ-spouse, Protective-serv, Not-in-family, White, Female,19,0,40, United-States, <=50K
51, Federal-gov,206116, Masters,13, Never-married, Prof-specialty, Not-in-family, White, Female,-18,0,50, United-States, <=50K
48, Federal-gov,343254, Bachelors,10, Never-married, Sales, Husband, White, Male,7,-1,51, United-States, <=50K
58, Private,341794, Assoc-acdm,13, Married-civ-spouse, Sales, Wife, White, Female,-12,-1,60, United-States, >50K
50, Private,202006, HS-grad,9, Married-civ-spouse, Craft-repair, Husband, Black, Male,-55,-1,45, United-States, <=50K
47, Self-emp-not-inc,179007, HS-grad,9, Married-civ-spouse, Prof-specialty, Husband, White, Male,-42,0,40, United-States, <=50K
43, Local-gov,103863, Masters,16, Married-civ-spouse, Prof-specialty, Husband, White, Female,-43,-1,63, United-States, >50K
24, Private,276805, Some-college,9, Married-civ-spouse, Craft-repair, Husband, White, Female,-7,1,40, United-States, <=50K
54, Private,95562, Some-college,10, Divorced, Prof-specialty, Not-in-family, White, Male,4,-2,31, United-States, <=50K
20, Self-emp-not-inc,340922, 5th-6th,10, Never-married, Handlers-cleaners, Own-child, White, Male,12,0,30, United-States, <=50K
41, Never-worked,269404, Some-college,7, Married-civ-spouse, Prof-specialty, Wife, Asian-Pac-Islander, Male,-17,1,36, United-States, >50K
50, Self-emp-inc,277494, Bachelors,13, Married-civ-spouse, Prof-specialty, Not-in-family, White, Female,35,-1,44, Taiwan, <=50K
22, Private,254030, Some-college,9, Never-married, Other-service, Other-relative, White, Male,18,-1,37, United-States, <=50K
24, Private,153863, HS-grad,9, Married-civ-spouse, Craft-repair, Husband, Asian-Pac-Islander, Male,-4,0,40, India, <=50K
47, Local-gov,566009, HS-grad,4, Married-spouse-absent, Handlers-cleaners, Unmarried, White, Female,-3,-2,30, United-States, <=50K
40, Self-emp-inc,101162, Masters,14, Married-civ-spouse, Prof-specialty, Husband, White, Female,25,-1,61, United-States, >50K
58, Self-emp-not-inc,116661, 9th,13, Divorced, Adm-clerical, Other-relative, Amer-Indian-Eskimo, Female,22,1,91, United-States, <=50K
37, Self-emp-not-inc,345149, Doctorate,9, Married-civ-spouse, Farming-fishing, Husband, White, Male,22,0,49, United-States, <=50K
26, Private,188523, 9th,10, Never-married, Adm-clerical, Other-relative, White, Male,8,0,37, Mexico, <=50K
39, Private,411895, Assoc-acdm,7, Never-married, Sales, Other-relative, White, Female,-33,0,45, United-States, <=50K
52, Private,626517, HS-grad,9, Married-civ-spouse, Sales, Husband, Black, Male,-51,-2,40, United-States, <=50K
58, State-gov,49162, Bachelors,13, Married-civ-spouse, Prof-specialty, Husband, Black, Female,2,1,40, United-States, >50K
42, Federal-gov,187367, 10th,6, Married-civ-spouse, Prof-specialty, Husband, White, Male,-11,1,45, United-States, <=50K
19, ?,248676, Some-college,13, Never-married, ?, Unmarried, Black, Female,-37,-1,24, United-States, <=50K
54, Private,392963, 11th,11, Never-married, Prof-specialty, Not-in-family, White, Male,-16,0,57, United-States, <=50K
27, Self-emp-not-inc,269872, Bachelors,13, Married-civ-spouse, Handlers-cleaners, Not-in-family, Black, Female,-14,-1,50, United-States, <=50K
28, State-gov,107841, Bachelors,10, Widowed, Farming-fishing, Other-relative, White, Male,9,0,58, United-States, <=50K
39, Private,42626, HS-grad,10, Divorced, Other-service, Not-in-family, White, Male,3023,0,45, United-States, >50K
30, ?,179122, Bachelors,7, Never-married, Sales, Own-child, Black, Male,15,1,36, United-States, <=50K
26, Private,203332, Bachelors,10, Never-married, Exec-managerial, Not-in-family, White, Male,13,-2,36, United-States, <=50K
22, Private,170435, 12th,13, Never-married, Priv-house-serv, Not-in-family, Other, Male,-11,1,50, United-States, <=50K
50, Federal-gov,134329, HS-grad,13, Divorced, Exec-managerial, Wife, White, Female,-32,-1,40, United-States, >50K
29, Never-worked,189816, Some-college,13, Never-married, Sales, Not-in-family, White, Male,-33,-1,65, United-States, <=50K
37, Self-emp-not-inc,201397, Bachelors,13, Married-civ-spouse, Prof-specialty, Husband, White, Male,-29,0,46, Poland, >50K
74, Self-emp-not-inc,96586, HS-grad,9, Married-civ-spouse, Farming-fishing, Husband, White, Male,-19,0,40, United-States, <=50K
33, Self-emp-not-inc,126734, 5th-6th,9, Married-civ-spouse, Handlers-cleaners, Husband, White, Male,-23,0,40, United-States, <=50K
47, ?,149726, Some-college,13, Never-married, ?, Own-child, White, Male,-6,-1,37, United-States, <=50K
48, Private,270021, HS-grad,9, Married-civ-spouse, Craft-repair, Husband, White, Male,-38,0,40, United-States, <=50K
25, Private,234631, HS-grad,9, Separated, Tech-support, Own-child, White, Male,-6,-1,40, United-States, <=50K
42, Private,355864, Doctorate,14, Married-civ-spouse, Exec-managerial, Husband, Asian-Pac-Islander, Male,4,-2,67, United-States, >50K
61, Private,261025, HS-grad,9, Married-civ-spouse, Adm-clerical, Husband, White, Male,11,0,40, China, <=50K
62, Federal-gov,248490, HS-grad,13, Married-civ-spouse, Handlers-cleaners, Not-in-family, White, Female,-28,-1,40, United-States, >50K
44, Local-gov,325738, Bachelors,13, Separated, Prof-specialty, Husband, Other, Female,-15,1,40, United-States, <=50K
21, Private,236502, 5th-6th,4, Never-married, Prof-specialty, Not-in-family, White, Male,1,0,40, Cambodia, <=50K
46, Local-gov,88073, Bachelors,13, Married-civ-spouse, Prof-specialty, Husband, Amer-Indian-Eskimo, Male,-15,-1,46, United-States, <=50K
24, ?,281094, Some-college,10, Never-married, ?, Own-child, White, Male,-57,1,22, United-States, <=50K
25, Private,100294, 10th,14, Widowed, Other-service, Own-child, White, Male,6,-1,40, United-States, <=50K
32, Self-emp-not-inc,211825, Masters,2, Married-civ-spouse, Protective-serv, Husband, White, Male,20,1,44, United-States, <=50K
45, Private,119361, Doctorate,14, Married-civ-spouse, Prof-specialty, Husband, Asian-Pac-Islander, Male,32,-1,45, United-States, >50K
34, ?,185306, Assoc-acdm,5, Never-married, Tech-support, Not-in-family, Black, Male,-2,1,11, Germany, <=50K
25, Private,205029, 12th,9, Divorced, Other-service, Unmarried, White, Female,-28,1929,46, United-States, <=50K
24, Private,254217, HS-grad,11, Married-civ-spouse, Exec-managerial, Husband, Amer-Indian-Eskimo, Male,-41,0,40, United-States, <=50K
66, Private,125269, HS-grad,9, Married-civ-spouse, Craft-repair, Husband, White, Male,9,2,45, United-States, <=50K
40, State-gov,326821, Bachelors,13, Married-civ-spouse, Prof-specialty, Husband, White, Male,14687,-1,77, United-States, >50K
47, Private,199429, Bachelors,7, Never-married, Tech-support, Not-in-family, White, Male,3,0,45, United-States, <=50K
50, State-gov,169782, Some-college,10, Divorced, Adm-clerical, Unmarried, White, Male,-4,0,50, United-States, <=50K
57, Private,262312, 9th,9, Divorced, Other-service, Not-in-family, White, Female,3,2,50, United-States, <=50K
29, Private,153476, Some-college,5, Never-married, Exec-managerial, Not-in-family, White, Male,-11,0,15, United-States, <=50K
44, Private,94624, Bachelors,13, Never-married, Other-service, Unmarried, White, Female,-44,-3,57, Mexico, <=50K
54, Private,250946, HS-grad,9, Married-spouse-absent, Other-service, Not-in-family, White, Female,3,1,45, United-States, <=50K
19, ?,311569, Some-college,6, Never-married, ?, Own-child, Other, Male,-4,1,40, United-States, <=50K
48, Local-gov,89117, Bachelors,14, Divorced, Prof-specialty, Wife, White, Female,3,-1,45, United-States, >50K
44, ?,262539, Assoc-acdm,14, Never-married, Prof-specialty, Husband, Asian-Pac-Islander, Female,21,-1,40, United-States, >50K
46, ?,134189, 11th,10, Never-married, Adm-clerical, Not-in-family, White, Male,-1,-1,31, United-States, <=50K
42, Private,111280, HS-grad,9, Married-civ-spouse, Craft-repair, Husband, White, Male,-39,0,40, United-States, <=50K
70, Private,185269, Assoc-voc,6, Separated, Tech-support, Other-relative, White, Male,48,1,40, China, <=50K
39, Private,233968, HS-grad,7, Married-spouse-absent, Protective-serv, Other-relative, White, Male,-12,0,40, China, <=50K
43, Private,197763, Bachelors,13, Separated, Adm-clerical, Unmarried, Other, Female,15,-2,11, United-States, <=50K
38, Private,229348, 12th,7, Never-married, Sales, Own-child, White, Male,-56,-1,40, United-States, <=50K
48, Local-gov,138901, HS-grad,5, Married-civ-spouse, Farming-fishing, Husband, White, Male,-9,0,45, United-States, >50K
43, Private,256916, Bachelors,13, Divorced, Adm-clerical, Unmarried, White, Female,-44,0,36, United-States, >50K
43, State-gov,90431, Bachelors,13, Divorced, Prof-specialty, Not-in-family, White, Female,-4,1777,40, United-States, >50K
39, Private,128490, Masters,9, Married-civ-spouse, Sales, Husband, White, Male,-21,0,60, United-States, <=50K
33, Private,248936, HS-grad,9, Married-civ-spouse, Other-service, Wife, White, Female,33,0,37, United-States, >50K
35, Local-gov,236825, Bachelors,13, Divorced, Exec-managerial, Unmarried, Black, Female,8,0,40, United-States, <=50K
52, Private,256544, 5th-6th,13, Married-civ-spouse, Exec-managerial, Not-in-family, White, Male,2770,0,22, United-States, <=50K
27, Self-emp-not-inc,83431, Bachelors,13, Married-civ-spouse, Sales, Husband, White, Female,-30,-1,50, United-States, >50K
20, Self-emp-not-inc,106130, Some-college,7, Never-married, ?, Own-child, White, Male,-18,3,45, United-States, <=50K
46, ?,278460, 12th,13, Separated, Machine-op-inspct, Unmarried, White, Male,2,-1,66, United-States, <=50K
25, Private,474240, 11th,10, Married-spouse-absent, ?, Not-in-family, White, Female,-29,0,37, United-States, <=50K
34, Self-emp-not-inc,125609, Prof-school,9, Never-married, Sales, Own-child, White, Male,-22,-1,40, United-States, <=50K
44, Private,275214, HS-grad,9, Married-civ-spouse, Sales, Husband, White, Female,19,2,40, United-States, >50K
40, Self-emp-not-inc,225446, HS-grad,9, Married-civ-spouse, Craft-repair, Husband, White, Male,-16,-1,40, United-States, <=50K
22, Private,367770, 9th,10, Never-married, Adm-clerical, Own-child, White, Male,27,0,40, United-States, <=50K
26, State-gov,355446, Some-college,6, Separated, Other-service, Own-child, White, Male,-7,0,45, United-States, <=50K
22, Federal-gov,85393, Assoc-voc,10, Married-civ-spouse, Protective-serv, Husband, White, Male,-22,1,44, United-States, <=50K
41, Self-emp-not-inc,226618, Masters,9, Married-civ-spouse, Handlers-cleaners, Wife, White, Female,5,2,70, United-States, >50K
41, Private,396874, Assoc-voc,4, Married-civ-spouse, Sales, Wife, White, Female,40,0,40, Portugal, >50K
65, Private,295264, HS-grad,13, Separated, Other-service, Unmarried, Asian-Pac-Islander, Male,-17,0,30, United-States, <=50K
24, Self-emp-inc,95148, Prof-school,14, Married-civ-spouse, Machine-op-inspct, Husband, White, Male,-15,0,57, ?, >50K
41, Self-emp-inc,109980, Bachelors,14, Married-civ-spouse, Exec-managerial, Husband, White, Male,-8,2352,45, United-States, >50K
43, Private,102569, HS-grad,9, Married-civ-spouse, Exec-managerial, Husband, White, Male,23,0,63, United-States, <=50K
32, Private,198752, Bachelors,13, Divorced, Prof-specialty, Not-in-family, White, Female,-15,-2,35, United-States, >50K
27, Private,314656, HS-grad,9, Married-civ-spouse, Craft-repair, Unmarried, White, Male,-56,0,60, United-States, <=50K
43, Private,55624, HS-grad,9, Married-civ-spouse, Prof-specialty, Wife, White, Male,7451,1,45, United-States, >50K
37, Self-emp-not-inc,271843, Bachelors,13, Married-civ-spouse, Sales, Husband, White, Male,-29,0,40, United-States, <=50K
41, Private,190167, HS-grad,9, Married-civ-spouse, Machine-op-inspct, Husband, White, Male,17,1,40, United-States, <=50K
54, Private,83262, 12th,9, Married-spouse-absent, Craft-repair, Husband, White, Male,-45,0,44, Peru, <=50K
17, Private,271984, HS-grad,8, Divorced, ?, Not-in-family, White, Male,29,-1,50, United-States, <=50K
65, Private,207680, HS-grad,13, Widowed, Adm-clerical, Not-in-family, White, Female,-8,1,40, United-States, <=50K
37, State-gov,97764, Some-college,10, Married-civ-spouse, Craft-repair, Wife, White, Male,-21,0,31, United-States, >50K
38, Private,261534, 10th,6, Divorced, Craft-repair, Own-child, White, Female,-4,-1,40, Puerto-Rico, <=50K
30, Private,82991, 10th,10, Never-married, Priv-house-serv, Not-in-family, White, Male,15,2,13, United-States, <=50K
20, Private,313572, Bachelors,14, Married-civ-spouse, Adm-clerical, Not-in-family, White, Male,-4,1,40, Yugoslavia, >50K
22, Private,33580, 10th,4, Married-civ-spouse, Craft-repair, Husband, White, Male,-22,2,50, United-States, <=50K
43, Private,221983, HS-grad,9, Married-civ-spouse, Craft-repair, Husband, White, Male,-19,-2,40, United-States, <=50K
43, Federal-gov,97526, 9th,7, Separated, ?, Not-in-family, White, Female,-39,0,36, United-States, <=50K
19, Private,107621, Some-college,10, Never-married, Adm-clerical, Own-child, White, Male,-15,1,40, United-States, <=50K
33, ?,129330, HS-grad,7, Married-civ-spouse, Transport-moving, Husband, White, Male,-34,0,50, United-States, <=50K
47, Local-gov,465754, 5th-6th,13, Divorced, Exec-managerial, Not-in-family, White, Female,-56,1,13, United-States, <=50K
47, Local-gov,226705, Bachelors,13, Separated, Prof-specialty, Not-in-family, White, Female,-22,-1,45, United-States, <=50K
51, Self-emp-not-inc,356716, HS-grad,9, Married-civ-spouse, Farming-fishing, Husband, White, Female,-26,1,44, Dominican-Republic, <=50K
41, Private,229961, Bachelors,13, Divorced, Handlers-cleaners, Wife, White, Male,-4,0,50, South, >50K
58, Private,95179, Assoc-voc,13, Married-civ-spouse, Prof-specialty, Wife, White, Female,-78,-2,44, Dominican-Republic, <=50K
39, Federal-gov,241758, Bachelors,13, Never-married, Handlers-cleaners, Unmarried, White, Male,-13,1,73, United-States, <=50K
26, Private,199510, HS-grad,7, Married-civ-spouse, Adm-clerical, Unmarried, Black, Female,-10,-1,37, United-States, <=50K
48, Federal-gov,200455, Bachelors,13, Divorced, Exec-managerial, Wife, White, Female,-36,-2,45, United-States, >50K
54, Private,335639, Some-college,10, Never-married, Machine-op-inspct, Own-child, White, Male,-14,0,40, United-States, <=50K
21, ?,47702, 10th,6, Never-married, ?, Own-child, White, Male,-32,2,26, United-States, <=50K
37, Private,95022, HS-grad,9, Married-civ-spouse, Sales, Husband, White, Male,-41,0,40, United-States, <=50K
57, Private,188364, Assoc-voc,10, Married-civ-spouse, Sales, Husband, White, Male,-9,-1,40, United-States, >50K
55, ?,286515, Assoc-acdm,10, Divorced, ?, Not-in-family, White, Female,-24,2,30, United-States, <=50K
44, ?,462112, Assoc-acdm,14, Divorced, Sales, Wife, White, Male,-56,0,40, United-States, >50K
39, Private,134214, HS-grad,7, Married-civ-spouse, Prof-specialty, Husband, Black, Female,-13,-2,40, China, <=50K
51, Local-gov,380231, Masters,13, Married-civ-spouse, Craft-repair, Husband, White, Male,-1,1,40, ?, >50K
50, Self-emp-not-inc,355814, HS-grad,4, Married-civ-spouse, Tech-support, Wife, Black, Male,-27,-1,50, United-States, >50K
42, Private,133758, Bachelors,14, Married-civ-spouse, Exec-managerial, Wife, White, Female,-19,1,60, United-States, >50K
57, Self-emp-inc,395695, Bachelors,13, Married-civ-spouse, Prof-specialty, Husband, White, Female,-7,2,46, United-States, >50K
42, Private,238894, Some-college,10, Married-civ-spouse, Craft-repair, Husband, White, Male,-32,0,45, United-States, >50K
52, Never-worked,114258, 5th-6th,6, Divorced, Adm-clerical, Not-in-family, White, Female,2904,0,8, Trinadad&Tobago, <=50K
53, Private,203833, HS-grad,9, Divorced, Prof-specialty, Not-in-family, White, Female,-23,0,40, United-States, <=50K
46, Private,84696, Some-college,7, Married-civ-spouse, Sales, Husband, Asian-Pac-Islander, Male,-9,0,40, United-States, <=50K
43, Local-gov,101444, 10th,14, Divorced, Prof-specialty, Not-in-family, Asian-Pac-Islander, Female,4,-1,40, United-States, <=50K
24, ?,137241, 11th,9, Never-married, ?, Not-in-family, White, Male,-3,0,11, United-States, <=50K
42, Local-gov,21373, Bachelors,13, Divorced, Prof-specialty, Wife, Black, Female,20,-1,51, Hungary, >50K
51, Private,282378, 12th,7, Divorced, Other-service, Not-in-family, White, Female,2,0,59, United-States, <=50K
19, ?,229469, Assoc-voc,7, Never-married, ?, Own-child, White, Male,-4,1,17, United-States, <=50K
43, Private,198689, Assoc-acdm,11, Married-civ-spouse, Prof-specialty, Husband, White, Male,-10,0,50, United-States, >50K
26, Private,33489, 9th,9, Married-civ-spouse, Machine-op-inspct, Wife, White, Female,41,2,70, United-States, <=50K
25, Private,341810, 5th-6th,10, Married-AF-spouse, Adm-clerical, Unmarried, White, Female,23,0,31, United-States, <=50K
25, Private,95296, Some-college,9, Never-married, Handlers-cleaners, Own-child, White, Male,-17,-1,40, United-States, <=50K
23, Self-emp-not-inc,153001, Masters,13, Married-civ-spouse, Prof-specialty, Husband, White, Male,1,2,46, United-States, >50K
25, Private,109381, HS-grad,9, Married-civ-spouse, Handlers-cleaners, Husband, Black, Male,28,-2,46, Honduras, <=50K
26, Private,139429, HS-grad,9, Divorced, Adm-clerical, Not-in-family, White, Male,-29,1,45, United-States, <=50K
29, Private,263367, HS-grad,9, Married-civ-spouse, Craft-repair, Husband, White, Male,-27,2,40, United-States, <=50K
42, ?,130211, Bachelors,7, Divorced, Tech-support, Not-in-family, White, Female,3,-1,50, Ecuador, <=50K
24, Private,263124, HS-grad,9, Divorced, Other-service, Not-in-family, White, Female,-10,0,15, United-States, <=50K
41, Private,206657, HS-grad,9, Never-married, Other-service, Own-child, White, Male,-10,0,40, United-States, <=50K
23, State-gov,223577, HS-grad,9, Married-civ-spouse, Exec-managerial, Husband, White, Female,-36,1,40, United-States, <=50K
19, Private,246326, 10th,7, Never-married, Machine-op-inspct, Not-in-family, Other, Male,-24,1,23, United-States, <=50K
43, Self-emp-inc,221012, Doctorate,10, Married-civ-spouse, Farming-fishing, Husband, White, Male,6,-2,40, United-States, >50K
24, Private,105640, Bachelors,7, Divorced, Exec-managerial, Other-relative, Other, Male,-13,1,58, India, <=50K
19, ?,323783, Bachelors,7, Never-married, ?, Own-child, White, Male,-34,1,9, United-States, <=50K
25, Private,274132, Bachelors,7, Never-married, Other-service, Not-in-family, Black, Male,25,1,40, Japan, <=50K
44, Local-gov,157625, HS-grad,7, Married-civ-spouse, Adm-clerical, Husband, Asian-Pac-Islander, Female,8,0,36, France, >50K
28, Private,112117, Bachelors,8, Divorced, Tech-support, Husband, Amer-Indian-Eskimo, Female,-21,0,40, Greece, <=50K
55, State-gov,209780, 5th-6th,5, Divorced, ?, Not-in-family, White, Male,-41,0,46, United-States, <=50K
55, Private,49523, Doctorate,16, Married-civ-spouse, Sales, Husband, White, Male,-19,0,65, United-States, >50K
37, Self-emp-inc,26919, Assoc-acdm,12, Married-civ-spouse, Exec-managerial, Wife, White, Male,11,0,68, United-States, >50K
25, State-gov,142946, Bachelors,13, Divorced, Adm-clerical, Not-in-family, White, Male,4,-1,40, United-States, <=50K
57, Private,157914, 5th-6th,13, Married-civ-spouse, Craft-repair, Husband, White, Male,-7,-3,50, ?, <=50K
48, Private,164250, Masters,13, Married-civ-spouse, Transport-moving, Husband, Black, Female,-16,-1,46, Canada, <=50K
71, Private,279073, Bachelors,13, Never-married, Prof-specialty, Not-in-family, White, Female,-15,-1,43, United-States, <=50K
59, Private,228220, HS-grad,9, Married-civ-spouse, Other-service, Husband, Other, Male,-1,0,40, Mexico, <=50K
49, Private,104235, HS-grad,10, Married-civ-spouse, Machine-op-inspct, Wife, White, Male,-8,1,40, ?, <=50K
34, Self-emp-inc,114102, Some-college,13, Married-civ-spouse, Sales, Husband, White, Male,-28,0,87, United-States, >50K
34, ?,114082, Some-college,7, Divorced, Other-service, Not-in-family, White, Female,-29,1,40, Dominican-Republic, <=50K
30, Self-emp-inc,291779, Some-college,6, Married-civ-spouse, Handlers-cleaners, Husband, White, Male,-14,0,50, United-States, <=50K
28, Private,232349, 7th-8th,7, Divorced, Handlers-cleaners, Unmarried, White, Female,-40,1,46, United-States, <=50K
26, Private,101778, Some-college,10, Never-married, Adm-clerical, Husband, White, Male,-17,0,40, United-States, <=50K
69, Private,119593, Some-college,10, Separated, ?, Own-child, White, Male,4,1,40, United-States, <=50K
48, Private,168862, Bachelors,10, Divorced, Prof-specialty, Husband, White, Female,14,-2,13, United-States, <=50K
42, ?,386059, Some-college,10, Divorced, Prof-specialty, Not-in-family, White, Male,10,2,16, Mexico, <=50K
55, Private,109882, Some-college,4, Married-civ-spouse, Sales, Husband, White, Male,0,-1,56, Mexico, <=50K
53, Local-gov,344154, Bachelors,10, Divorced, Adm-clerical, Unmarried, White, Female,-33,0,23, United-States, <=50K
30, Private,127677, HS-grad,13, Separated, Exec-managerial, Own-child, White, Female,24,0,31, Philippines, <=50K
23, Self-emp-not-inc,341626, Assoc-voc,14, Married-civ-spouse, Farming-fishing, Husband, White, Male,-24,0,60, United-States, >50K
29, Private,107967, 5th-6th,9, Divorced, Handlers-cleaners, Own-child, White, Male,-39,1,12, United-States, <=50K
26, Without-pay,195704, Bachelors,13, Divorced, Craft-repair, Unmarried, White, Male,-41,1,67, United-States, <=50K
18, ?,129882, 11th,8, Never-married, ?, Own-child, White, Male,2,0,50, United-States, <=50K
29, Private,252536, 10th,13, Separated, Other-service, Not-in-family, White, Male,-55,-1,37, United-States, <=50K
45, Private,240648, HS-grad,6, Married-civ-spouse, Exec-managerial, Husband, White, Male,-8,1,44, United-States, <=50K
52, Self-emp-inc,62275, HS-grad,9, Married-civ-spouse, Farming-fishing, Husband, White, Male,-54,0,40, United-States, <=50K
56, Private,50279, HS-grad,9, Separated, Craft-repair, Unmarried, Black, Male,-10,1,40, United-States, <=50K
21, Federal-gov,220395, Bachelors,10, Married-AF-spouse, Exec-managerial, Not-in-family, Asian-Pac-Islander, Female,-2,1,36, United-States, <=50K
22, Private,428239, Some-college,10, Never-married, Other-service, Own-child, White, Male,-27,-1,40, United-States, <=50K
22, Private,233511, 10th,7, Married-spouse-absent, Handlers-cleaners, Not-in-family, White, Male,-61,0,24, United-States, <=50K
43, Private,215540, Bachelors,13, Divorced, Prof-specialty, Not-in-family, Asian-Pac-Islander, Female,16,-1,55, ?, <=50K
26, Private,123116, 10th,6, Never-married, Tech-support, Other-relative, White, Male,0,2,30, United-States, <=50K
53, Private,227076, HS-grad,9, Married-civ-spouse, Craft-repair, Husband, White, Male,-21,0,40, United-States, <=50K
47, Self-emp-not-inc,32801, Some-college,5, Married-civ-spouse, Craft-repair, Husband, White, Male,-34,1900,37, United-States, <=50K
25, Private,322460, HS-grad,13, Married-civ-spouse, Prof-specialty, Husband, White, Male,-16,1,50, United-States, <=50K
46, ?,252908, HS-grad,9, Married-civ-spouse, Transport-moving, Husband, White, Female,-34,1,40, United-States, >50K
34, Private,191938, HS-grad,9, Married-civ-spouse, Craft-repair, Husband, White, Male,-8,0,66, United-States, <=50K
31, Private,324035, HS-grad,7, Divorced, Protective-serv, Not-in-family, White, Male,9,-1,40, United-States, <=50K
21, Self-emp-not-inc,432963, HS-grad,9, Married-civ-spouse, ?, Husband, White, Male,-16,1,40, United-States, <=50K
58, Self-emp-not-inc,229292, HS-grad,9, Married-civ-spouse, Craft-repair, Husband, White, Male,-15,2,45, United-States, <=50K
48, Without-pay,329087, HS-grad,10, Married-civ-spouse, Prof-specialty, Not-in-family, White, Male,-14,0,14, United-States, <=50K
47, Private,137105, Bachelors,5, Never-married, Adm-clerical, Not-in-family, White, Female,-38,-1,36, United-States, <=50K
45, Private,31726, Bachelors,13, Separated, Adm-clerical, Not-in-family, White, Female,-1,-1,40, United-States, <=50K
32, Self-emp-inc,109617, 9th,9, Married-civ-spouse, Transport-moving, Husband, White, Male,-34,0,49, United-States, >50K
64, ?,196323, 10th,9, Never-married, Machine-op-inspct, Other-relative, White, Male,7,1,40, United-States, <=50K
44, Private,202642, HS-grad,13, Divorced, Machine-op-inspct, Unmarried, Black, Female,38,1,64, United-States, <=50K
24, Private,265469, HS-grad,9, Never-married, Adm-clerical, Unmarried, Black, Male,-32,1,37, United-States, <=50K
22, Private,286472, Some-college,4, Never-married, Other-service, Own-child, White, Male,-40,1,40, Portugal, <=50K
54, Self-emp-not-inc,111201, Bachelors,10, Married-civ-spouse, Craft-repair, Wife, Amer-Indian-Eskimo, Male,-39,-1,40, United-States, <=50K
44, Self-emp-not-inc,51276, Prof-school,6, Married-civ-spouse, Adm-clerical, Wife, White, Male,-3,0,70, United-States, >50K
46, Private,204882, HS-grad,9, Married-civ-spouse, Craft-repair, Husband, Amer-Indian-Eskimo, Male,-10,1854,45, United-States, <=50K
43, Private,101537, Bachelors,13, Separated, Exec-managerial, Not-in-family, White, Male,-7,2,45, Canada, <=50K
21, Private,312170, HS-grad,9, Separated, Adm-clerical, Unmarried, Other, Male,3,1,40, United-States, <=50K
25, Private,182451, HS-grad,9, Married-civ-spouse, Machine-op-inspct, Husband, White, Male,-27,3,40, United-States, <=50K
27, Private,177880, Bachelors,13, Widowed, Exec-managerial, Not-in-family, White, Female,24,-1,36, United-States, >50K
45, Federal-gov,120637, HS-grad,9, Married-civ-spouse, Machine-op-inspct, Wife, White, Female,2,0,40, United-States, <=50K
18, ?,167673, Bachelors,7, Never-married, Handlers-cleaners, Not-in-family, White, Male,-7,0,22, United-States, <=50K
22, Private,438380, HS-grad,9, Married-civ-spouse, Craft-repair, Husband, White, Male,-13,0,40, United-States, <=50K
35, Self-emp-inc,215708, Prof-school,10, Married-civ-spouse, Craft-repair, Husband, White, Male,-41,1,67, United-States, <=50K
41, Private,110576, Bachelors,13, Divorced, Prof-specialty, Not-in-family, White, Female,-29,1,51, Honduras, <=50K
64, Private,37302, 1st-4th,13, Widowed, Sales, Husband, White, Male,-21,0,40, ?, <=50K
22, Private,278501, HS-grad,4, Never-married, Other-service, Unmarried, Other, Female,3,0,35, United-States, <=50K
38, Self-emp-inc,32596, HS-grad,16, Married-civ-spouse, Craft-repair, Husband, White, Male,-6,1960,57, United-States, >50K
41, Self-emp-inc,105325, Some-college,13, Married-civ-spouse, Prof-specialty, Wife, White, Female,-4,1,45, United-States, >50K
44, ?,39322, Bachelors,11, Divorced, Exec-managerial, Not-in-family, White, Male,7,0,24, United-States, <=50K
30, Private,118892, Bachelors,7, Divorced, Adm-clerical, Unmarried, Black, Female,-1,-1,40, United-States, <=50K
77, Local-gov,172920, Some-college,13, Separated, Adm-clerical, Husband, White, Female,-24,-2,59, Philippines, <=50K
51, Self-emp-inc,33509, HS-grad,16, Married-civ-spouse, Adm-clerical, Husband, White, Male,7801,-2,40, United-States, >50K
27, Private,383292, Bachelors,9, Married-spouse-absent, Craft-repair, Not-in-family, White, Male,0,0,40, Mexico, <=50K
44, Federal-gov,96319, HS-grad,7, Never-married, Machine-op-inspct, Own-child, White, Male,-6,1,30, United-States, <=50K
44, Self-emp-not-inc,241706, HS-grad,9, Married-spouse-absent, Protective-serv, Unmarried, Black, Female,28,1,40, United-States, <=50K
51, Local-gov,261673, Bachelors,13, Divorced, Adm-clerical, Wife, White, Female,16,1,40, United-States, >50K
44, Federal-gov,73312, Bachelors,13, Married-civ-spouse, Exec-managerial, Husband, White, Female,-4,0,49, United-States, >50K
41, Self-emp-inc,26220, Assoc-voc,13, Married-civ-spouse, Exec-managerial, Wife, Black, Female,36,-2,40, United-States, >50K
38, Federal-gov,248692, Bachelors,13, Married-civ-spouse, Prof-specialty, Wife, Asian-Pac-Islander, Male,-13,0,40, United-States, >50K
25, ?,396142, Some-college,10, Never-married, ?, Own-child, White, Male,-5,-1,50, United-States, <=50K
50, Private,365607, HS-grad,9, Never-married, Adm-clerical, Not-in-family, White, Female,19,0,40, United-States, <=50K
28, Self-emp-not-inc,124663, Doctorate,11, Married-civ-spouse, Sales, Husband, Black, Male,6,1,58, United-States, >50K
40, Self-emp-inc,166026, Bachelors,13, Married-civ-spouse, Prof-specialty, Wife, White, Male,-27,-1,44, United-States, >50K
34, Local-gov,212096, HS-grad,11, Married-civ-spouse, Prof-specialty, Husband, White, Male,-18,1,50, United-States, <=50K
53, Private,124264, 10th,9, Widowed, Adm-clerical, Husband, White, Male,-36,-3,40, Poland, <=50K
26, Federal-gov,121290, Masters,7, Married-civ-spouse, Tech-support, Not-in-family, White, Male,-3,2,24, United-States, <=50K
17, ?,392696, Some-college,6, Never-married, ?, Own-child, White, Male,8,1,40, United-States, <=50K
41, Local-gov,39559, Bachelors,13, Never-married, Prof-specialty, Not-in-family, White, Male,-14,0,30, United-States, <=50K
27, Private,337601, Bachelors,13, Never-married, Exec-managerial, Unmarried, White, Male,32,0,64, United-States, >50K
40, State-gov,196380, Bachelors,9, Married-civ-spouse, Adm-clerical, Husband, White, Female,-34,-1,36, United-States, <=50K
26, Self-emp-not-inc,304907, HS-grad,9, Married-civ-spouse, Craft-repair, Husband, White, Male,-42,-1,40, United-States, <=50K
42, Private,126918, HS-grad,9, Married-civ-spouse, Craft-repair, Husband, White, Male,-31,0,40, United-States, <=50K
37, Self-emp-not-inc,99872, 12th,14, Married-civ-spouse, Prof-specialty, Husband, White, Male,-17,1,57, United-States, >50K
55, Self-emp-not-inc,191588, HS-grad,9, Married-civ-spouse, Craft-repair, Husband, White, Male,-38,0,40, United-States, <=50K
22, Private,122309, Bachelors,13, Never-married, Other-service, Not-in-family, Other, Female,-25,1,46, United-States, <=50K
53, Private,38351, Bachelors,13, Separated, Priv-house-serv, Not-in-family, Asian-Pac-Islander, Male,13,-1,40, United-States, >50K
42, State-gov,179173, Bachelors,5, Never-married, Sales, Not-in-family, Black, Male,-59,2,45, United-States, <=50K
42, ?,159140, HS-grad,16, Never-married, ?, Unmarried, White, Female,-37,-2,8, United-States, <=50K
29, ?,39119, Some-college,8, Married-spouse-absent, ?, Own-child, White, Male,19,0,71, United-States, <=50K
42, Self-emp-not-inc,306697, Some-college,10, Divorced, Protective-serv, Own-child, White, Male,11,0,11, United-States, <=50K
51, Private,217824, HS-grad,9, Married-civ-spouse, Craft-repair, Husband, White, Female,-9,1,40, United-States, >50K
17, Private,111231, Some-college,10, Never-married, Other-service, Own-child, Asian-Pac-Islander, Female,-20,0,14, United-States, <=50K
24, Private,359131, Assoc-acdm,10, Never-married, Tech-support, Not-in-family, White, Male,-32,2,46, United-States, <=50K
22, ?,291984, Some-college,13, Divorced, Exec-managerial, Not-in-family, White, Female,29,-2,35, United-States, <=50K
45, Self-emp-not-inc,93310, HS-grad,9, Married-civ-spouse, Craft-repair, Husband, Black, Male,-32,1834,40, Philippines, <=50K
44, Never-worked,352933, Bachelors,9, Married-civ-spouse, Farming-fishing, Wife, White, Male,14368,1,35, Puerto-Rico, <=50K
41, Self-emp-not-inc,143730, HS-grad,9, Divorced, Craft-repair, Unmarried, Black, Male,-18,0,40, United-States, <=50K
55, Private,277090, Bachelors,13, Never-married, Adm-clerical, Wife, White, Female,14852,-1,19, Germany, >50K
32, Self-emp-inc,40061, Masters,13, Married-civ-spouse, Prof-specialty, Husband, White, Male,7,0,55, United-States, >50K
59, Private,242768, HS-grad,9, Widowed, Craft-repair, Other-relative, Other, Male,8,-2,40, United-States, <=50K
22, Private,348714, Some-college,13, Never-married, ?, Other-relative, Other, Male,9,-1,35, United-States, <=50K
56, Private,65870, HS-grad,5, Married-civ-spouse, Craft-repair, Husband, White, Male,-60,0,40, United-States, <=50K
24, Private,432389, HS-grad,9, Married-civ-spouse, Handlers-cleaners, Husband, White, Male,20,1,57, United-States, <=50K
46, Self-emp-not-inc,294450, Masters,15, Married-civ-spouse, Craft-repair, Husband, White, Female,-41,-1,58, United-States, >50K
50, State-gov,27537, Some-college,13, Married-civ-spouse, Adm-clerical, Own-child, White, Male,-25,0,50, United-States, <=50K
50, Private,323021, Some-college,13, Separated, Prof-specialty, Unmarried, White, Female,-46,-1,46, India, <=50K
32, Private,100610, Assoc-voc,13, Divorced, Craft-repair, Wife, Asian-Pac-Islander, Male,-50,-1,40, Japan, <=50K
22, ?,223208, HS-grad,7, Never-married, ?, Own-child, White, Male,25,0,30, United-States, <=50K
24, ?,262508, HS-grad,9, Divorced, Machine-op-inspct, Not-in-family, White, Male,-29,0,40, United-States, <=50K
18, Private,175415, HS-grad,6, Never-married, Machine-op-inspct, Own-child, White, Male,3,0,35, United-States, <=50K
21, Self-emp-not-inc,175863, Masters,14, Married-civ-spouse, Transport-moving, Husband, Asian-Pac-Islander, Male,-37,-1,50, United-States, >50K
21, Private,263450, 9th,5, Never-married, Other-service, Own-child, White, Male,3,0,40, United-States, <=50K
20, Private,317117, HS-grad,7, Divorced, Sales, Husband, Asian-Pac-Islander, Male,-12,0,40, Canada, <=50K
18, Private,271254, Some-college,7, Never-married, Other-service, Own-child, White, Male,-58,-1,46, United-States, <=50K
25, Federal-gov,121085, Bachelors,10, Married-civ-spouse, Machine-op-inspct, Husband, White, Male,-23,3,67, United-States, <=50K
24, Private,64039, HS-grad,9, Married-civ-spouse, Craft-repair, Husband, White, Male,-14,1,46, United-States, <=50K
69, Private,234392, HS-grad,9, Married-civ-spouse, Craft-repair, Husband, White, Male,-18,1,50, United-States, <=50K
32, Private,49557, Bachelors,9, Never-married, Handlers-cleaners, Wife, White, Male,-20,-1,64, Mexico, <=50K
25, Private,228036, Some-college,7, Married-spouse-absent, Sales, Own-child, White, Male,-52,-1,40, United-States, <=50K
54, State-gov,237475, Masters,6, Married-civ-spouse, Sales, Husband, White, Male,26,0,61, United-States, >50K
45, Private,97612, Bachelors,9, Divorced, Adm-clerical, Unmarried, Asian-Pac-Islander, Female,-3,-1,40, United-States, <=50K
43, Private,365900, HS-grad,6, Never-married, Transport-moving, Own-child, White, Male,-68,-1,40, United-States, <=50K
45, Self-emp-not-inc,392900, 7th-8th,7, Never-married, Handlers-cleaners, Not-in-family, White, Female,-19,-1,40, United-States, >50K
52, Private,29292, 10th,7, Never-married, Handlers-cleaners, Other-relative, White, Male,-12,1,67, Jamaica, <=50K
47, Private,126306, Some-college,5, Married-civ-spouse, Machine-op-inspct, Husband, White, Male,2619,-1,40, United-States, <=50K
28, Private,191893, Masters,9, Married-civ-spouse, Protective-serv, Husband, White, Male,-29,0,40, United-States, <=50K
56, Federal-gov,166894, Bachelors,7, Never-married, Adm-clerical, Not-in-family, Asian-Pac-Islander, Male,12,1,31, Ecuador, <=50K
17, Local-gov,370123, Bachelors,13, Never-married, Prof-specialty, Not-in-family, White, Male,33,0,40, United-States, <=50K
24, Private,316451, HS-grad,9, Married-civ-spouse, Other-service, Husband, Black, Male,-5,0,59, United-States, <=50K
31, Private,212182, HS-grad,9, Divorced, Handlers-cleaners, Not-in-family, White, Male,-45,-1,40, United-States, <=50K
43, Self-emp-not-inc,261967, HS-grad,9, Married-civ-spouse, Craft-repair, Husband, White, Male,-44,2,40, United-States, <=50K
43, Private,246013, Bachelors,13, Married-civ-spouse, ?, Husband, Black, Male,-35,0,46, Taiwan, >50K
66, State-gov,34057, HS-grad,9, Married-civ-spouse, Farming-fishing, Husband, White, Male,18,0,40, United-States, <=50K
45, Federal-gov,164843, Bachelors,13, Divorced, Prof-specialty, Not-in-family, White, Male,-69,-1,35, Poland, <=50K
30, Private,111809, Assoc-acdm,10, Married-civ-spouse, Sales, Husband, Black, Male,-40,1,40, United-States, <=50K
24, Private,259367, 7th-8th,9, Married-civ-spouse, Craft-repair, Husband, White, Male,-22,-2,40, Germany, <=50K
46, Private,46136, Some-college,13, Divorced, Farming-fishing, Not-in-family, White, Female,-11,-2,36, United-States, <=50K
26, Private,173699, HS-grad,9, Divorced, Machine-op-inspct, Not-in-family, White, Female,-21,0,40, United-States, <=50K
26, ?,258381, Bachelors,13, Divorced, Protective-serv, Not-in-family, Asian-Pac-Islander, Female,-54,0,35, United-States, <=50K
21, Private,378520, HS-grad,9, Divorced, Farming-fishing, Unmarried, Black, Male,3,-1,40, United-States, <=50K
43, Private,173821, Bachelors,13, Married-civ-spouse, Prof-specialty, Wife, White, Female,7850,-1,59, United-States, >50K
23, Private,205315, 12th,9, Married-civ-spouse, Other-service, Wife, White, Female,7,-1,45, United-States, >50K
27, Self-emp-not-inc,118683, Some-college,13, Never-married, Craft-repair, Other-relative, White, Male,8,-2,45, United-States, <=50K
36, Private,290646, Bachelors,13, Separated, Adm-clerical, Unmarried, White, Female,3,1,40, United-States, <=50K
20, Private,113420, Bachelors,13, Never-married, ?, Not-in-family, White, Male,-82,-2,30, United-States, <=50K
45, ?,311424, Some-college,10, Never-married, ?, Own-child, White, Male,-54,2,40, United-States, <=50K
20, State-gov,480926, 7th-8th,11, Never-married, Adm-clerical, Not-in-family, White, Female,-15,1,40, United-States, <=50K
25, Private,233273, HS-grad,7, Never-married, Tech-support, Husband, White, Male,12,-1,40, United-States, <=50K
34, Private,33820, 5th-6th,6, Married-civ-spouse, Sales, Not-in-family, White, Male,-36,-1,45, United-States, >50K
46, Private,112392, Bachelors,14, Married-civ-spouse, Protective-serv, Unmarried, White, Female,-27,-1,50, Canada, <=50K
47, Self-emp-not-inc,145595, Bachelors,13, Never-married, Prof-specialty, Wife, White, Male,36,1,40, United-States, >50K
24, Private,310894, 11th,5, Separated, Prof-specialty, Not-in-family, White, Female,-27,-1,59, United-States, >50K
23, Local-gov,284814, Some-college,10, Divorced, Prof-specialty, Other-relative, White, Male,-6,-1,36, El-Salvador, <=50K
70, Private,112443, Assoc-voc,10, Married-civ-spouse, Armed-Forces, Husband, White, Male,-14,-1,40, United-States, >50K
46, ?,225263, Bachelors,13, Never-married, ?, Unmarried, Other, Male,-33,0,35, United-States, <=50K
22, Private,53922, HS-grad,9, Married-spouse-absent, Machine-op-inspct, Unmarried, White, Female,-39,-1,40, United-States, <=50K
25, Private,160387, Bachelors,9, Never-married, Other-service, Not-in-family, White, Male,-12,0,21, United-States, <=50K
15, Private,204358, HS-grad,7, Never-married, Handlers-cleaners, Own-child, White, Male,-30,0,40, United-States, <=50K
19, ?,254405, Some-college,10, Never-married, ?, Own-child, White, Male,-48,1,31, United-States, <=50K
20, Private,38295, Some-college,9, Never-married, Protective-serv, Other-relative, Black, Male,-38,2,38, United-States, <=50K
47, Self-emp-inc,272786, HS-grad,9, Married-civ-spouse, Craft-repair, Husband, Black, Male,11,0,45, United-States, <=50K
30, Private,102799, 10th,13, Married-civ-spouse, Other-service, Husband, White, Male,-35,-1,44, United-States, <=50K
60, Local-gov,112826, Bachelors,13, Never-married, Protective-serv, Not-in-family, White, Male,19,0,40, United-States, <=50K
37, Self-emp-not-inc,47602, Bachelors,14, Married-civ-spouse, Prof-specialty, Wife, Asian-Pac-Islander, Female,-10,0,49, United-States, >50K
48, Private,179956, 10th,11, Married-civ-spouse, Sales, Husband, White, Male,-30,1,12, United-States, <=50K
19, Private,102072, 12th,9, Never-married, Tech-support, Own-child, White, Male,-7,1,40, United-States, <=50K
20, Federal-gov,131464, 10th,4, Never-married, Other-service, Own-child, White, Female,3,1,21, United-States, <=50K
23, Self-emp-not-inc,322211, Bachelors,13, Married-civ-spouse, Craft-repair, Not-in-family, Other, Male,18,0,50, United-States, <=50K
21, Self-emp-not-inc,39458, Some-college,7, Married-civ-spouse, Adm-clerical, Other-relative, White, Male,21,1,40, United-States, <=50K
21, Private,211787, Assoc-voc,10, Never-married, Other-service, Own-child, Asian-Pac-Islander, Male,-19,1937,20, Mexico, <=50K
48, Private,247455, Assoc-voc,7, Married-civ-spouse, Craft-repair, Husband, White, Male,-22,1,40, United-States, >50K
33, State-gov,142995, Assoc-voc,13, Divorced, Prof-specialty, Wife, Asian-Pac-Islander, Female,-37,-1,40, United-States, <=50K
47, Self-emp-not-inc,239859, Bachelors,13, Divorced, Adm-clerical, Not-in-family, White, Female,-19,1,40, United-States, >50K
46, Private,469274, Bachelors,13, Married-civ-spouse, Craft-repair, Husband, White, Female,-36,2,46, United-States, <=50K
19, Private,496253, 11th,10, Never-married, Other-service, Own-child, White, Male,-53,1,30, United-States, <=50K
23, Private,185715, HS-grad,9, Married-civ-spouse, Handlers-cleaners, Husband, White, Male,39,0,57, England, <=50K
44, Local-gov,192728, HS-grad,9, Married-civ-spouse, Craft-repair, Husband, White, Male,-13,0,40, United-States, <=50K
46, Private,256959, Some-college,14, Married-civ-spouse, Craft-repair, Husband, White, Male,-27,-1,40, United-States, >50K
40, ?,123209, Bachelors,4, Never-married, ?, Not-in-family, White, Male,-28,-1,20, United-States, <=50K
50, Private,170857, 9th,7, Never-married, Adm-clerical, Own-child, Black, Male,-5,1,36, France, <=50K
63, Private,124218, Bachelors,13, Married-civ-spouse, Tech-support, Husband, White, Male,-30,-1,57, Poland, >50K
47, Private,312801, 9th,7, Divorced, Other-service, Not-in-family, White, Male,-5,-1,44, United-States, <=50K
23, ?,225795, Some-college,10, Never-married, ?, Own-child, White, Male,-4,1,100, Outlying-US(Guam-USVI-etc), <=50K
17, Private,336789, Some-college,11, Never-married, Tech-support, Not-in-family, White, Male,-16,1,40, Outlying-US(Guam-USVI-etc), <=50K
44, Private,34506, HS-grad,7, Divorced, Farming-fishing, Husband, Black, Male,-1,0,40, United-States, <=50K
62, Private,85031, Bachelors,4, Separated, Adm-clerical, Not-in-family, White, Female,-23,0,45, United-States, <=50K
46, Self-emp-inc,36537, Some-college,10, Married-civ-spouse, Sales, Own-child, Asian-Pac-Islander, Male,13,0,40, United-States, <=50K
28, ?,181267, HS-grad,9, Divorced, Adm-clerical, Husband, White, Male,-28,0,23, United-States, <=50K
26, Private,226146, 9th,7, Never-married, Sales, Husband, Asian-Pac-Islander, Male,-4,-1,18, United-States, <=50K
40, Private,94202, Bachelors,13, Married-civ-spouse, Sales, Husband, White, Male,-37,-1,50, United-States, <=50K
57, Private,383494, Some-college,4, Separated, ?, Not-in-family, White, Male,-1,-2,45, United-States, <=50K
45, Private,431763, Assoc-acdm,9, Married-civ-spouse, Armed-Forces, Husband, White, Female,-7,-1,40, Canada, >50K
53, Private,271915, 12th,13, Married-civ-spouse, Exec-managerial, Wife, White, Female,-7,-1,40, United-States, <=50K
27, Private,119210, HS-grad,10, Widowed, Machine-op-inspct, Not-in-family, White, Female,-42,2,40, ?, >50K
55, Self-emp-not-inc,177222, Bachelors,16, Married-civ-spouse, Adm-clerical, Husband, White, Male,-44,1,40, United-States, <=50K
34, Private,217766, Assoc-voc,9, Never-married, Prof-specialty, Other-relative, White, Female,-34,-1,40, Italy, <=50K
46, Private,313230, HS-grad,9, Married-civ-spouse, Sales, Husband, Black, Male,-29,-1,50, United-States, <=50K
59, Self-emp-inc,259522, Prof-school,13, Married-civ-spouse, Prof-specialty, Wife, White, Female,-19,0,46, United-States, >50K
58, Private,204664, HS-grad,9, Married-civ-spouse, Tech-support, Husband, White, Male,-37,0,40, United-States, <=50K
39, Private,46601, Some-college,14, Married-civ-spouse, Other-service, Wife, White, Male,-47,1,46, United-States, <=50K
20, ?,215524, Some-college,7, Never-married, ?, Own-child, Black, Female,-32,0,12, United-States, <=50K
22, Private,46071, Bachelors,10, Never-married, Sales, Not-in-family, White, Female,10,2,30, United-States, <=50K
22, Private,135804, 9th,7, Divorced, Adm-clerical, Own-child, White, Female,-28,1,16, ?, <=50K
19, ?,128745, Prof-school,10, Never-married, ?, Own-child, White, Male,-1,0,45, United-States, <=50K
30, Private,256473, HS-grad,9, Married-civ-spouse, Adm-clerical, Not-in-family, White, Male,-6,-3,40, Haiti, <=50K
23, Private,171720, HS-grad,9, Married-civ-spouse, Craft-repair, Husband, White, Male,-7,0,40, United-States, <=50K
32, Private,103474, Some-college,7, Married-civ-spouse, Tech-support, Husband, White, Male,-49,1,40, South, <=50K
40, State-gov,139080, 10th,13, Divorced, Exec-managerial, Not-in-family, White, Male,-24,1,56, United-States, <=50K
27, State-gov,173421, 11th,10, Never-married, Priv-house-serv, Own-child, White, Male,-34,1,37, United-States, <=50K
44, Self-emp-not-inc,247648, 5th-6th,10, Married-civ-spouse, Exec-managerial, Wife, Black, Male,-4,-1,45, Guatemala, <=50K
46, Private,123130, HS-grad,9, Married-civ-spouse, Prof-specialty, Wife, White, Female,-15,-1,55, United-States, >50K
19, Self-emp-not-inc,317464, Bachelors,7, Divorced, ?, Own-child, White, Male,-26,0,45, United-States, <=50K
48, Private,130821, HS-grad,9, Separated, Adm-clerical, Unmarried, Amer-Indian-Eskimo, Female,-18,-1,40, United-States, <=50K
34, ?,295759, Assoc-voc,13, Widowed, Other-service, Unmarried, White, Male,-5,0,91, United-States, <=50K
53, Private,353472, HS-grad,4, Divorced, Adm-clerical, Unmarried, White, Female,-7,1,38, United-States, <=50K
48, Private,104032, HS-grad,9, Married-civ-spouse, Exec-managerial, Husband, White, Female,-53,0,40, United-States, <=50K
27, Private,246298, Some-college,10, Never-married, Adm-clerical, Own-child, White, Male,-13,-3,30, United-States, <=50K
50, State-gov,134629, Some-college,14, Married-civ-spouse, Adm-clerical, Wife, White, Male,-48,-1,49, United-States, >50K
52, Private,283247, HS-grad,9, Married-spouse-absent, Protective-serv, Other-relative, Other, Male,-44,-3,40, United-States, <=50K
44, Self-emp-not-inc,272881, HS-grad,9, Married-spouse-absent, Other-service, Own-child, White, Male,-36,1,40, United-States, <=50K
48, Self-emp-not-inc,345592, HS-grad,9, Married-civ-spouse, Craft-repair, Husband, White, Male,-36,0,40, United-States, <=50K
40, Self-emp-not-inc,196108, Some-college,9, Married-civ-spouse, Transport-moving, Husband, White, Male,-22,0,70, United-States, <=50K
52, Private,295303, HS-grad,9, Separated, Adm-clerical, Husband, White, Male,-17,1,40, United-States, <=50K
17, ?,341133, 9th,6, Never-married, ?, Own-child, White, Male,-12,-1,36, United-States, <=50K
68, Private,31929, Some-college,11, Never-married, Exec-managerial, Not-in-family, White, Male,-30,0,36, Puerto-Rico, <=50K
22, ?,147402, Assoc-acdm,11, Separated, ?, Wife, White, Female,-43,-2,44, United-States, <=50K
27, ?,101132, 9th,10, Divorced, ?, Own-child, White, Male,-38,1,31, United-States, <=50K
33, Private,305681, Some-college,10, Married-civ-spouse, Craft-repair, Husband, White, Male,2,0,21, United-States, <=50K
56, Self-emp-not-inc,235763, HS-grad,16, Married-civ-spouse, Farming-fishing, Husband, White, Male,-12,1,40, United-States, >50K
37, Self-emp-inc,268236, Bachelors,6, Divorced, Prof-specialty, Not-in-family, Asian-Pac-Islander, Female,13,0,40, United-States, <=50K
28, Private,369345, HS-grad,9, Married-civ-spouse, Craft-repair, Husband, White, Male,-13,0,40, ?, <=50K
45, Private,109180, HS-grad,7, Married-civ-spouse, Transport-moving, Other-relative, Black, Male,-77,1,40, ?, <=50K
48, Private,181835, 12th,11, Married-civ-spouse, Protective-serv, Wife, Asian-Pac-Islander, Female,9,0,60, United-States, >50K
24, State-gov,177849, Assoc-acdm,14, Married-civ-spouse, Prof-specialty, Husband, White, Male,-17,0,40, United-States, >50K
47, Local-gov,175673, Doctorate,14, Married-civ-spouse, Prof-specialty, Husband, White, Female,15019,-1,50, United-States, >50K
23, Private,356588, Bachelors,13, Never-married, Machine-op-inspct, Not-in-family, Asian-Pac-Islander, Female,-11,-1,44, Holand-Netherlands, <=50K
36, Private,180271, Bachelors,13, Married-civ-spouse, Prof-specialty, Wife, White, Female,5,1,51, United-States, <=50K
22, Self-emp-not-inc,292636, Bachelors,10, Married-civ-spouse, Tech-support, Not-in-family, White, Male,-25,0,69, United-States, <=50K
46, Private,281558, Bachelors,13, Divorced, Prof-specialty, Wife, White, Male,-37,0,40, United-States, >50K
19, ?,35703, 9th,4, Never-married, Adm-clerical, Other-relative, White, Male,12,-1,30, ?, <=50K
23, State-gov,187235, Assoc-voc,7, Married-civ-spouse, Prof-specialty, Husband, White, Male,10,2,46, United-States, >50K
25, Private,334480, 7th-8th,10, Divorced, Tech-support, Own-child, White, Male,7,-1,40, United-States, <=50K
54, Private,276292, HS-grad,9, Married-civ-spouse, Machine-op-inspct, Husband, White, Male,6,0,40, Columbia, <=50K
23, Private,128340, Bachelors,13, Never-married, Adm-clerical, Unmarried, Black, Female,-29,0,36, United-States, <=50K
44, State-gov,81148, Assoc-voc,9, Married-civ-spouse, Machine-op-inspct, Husband, White, Male,23,0,40, United-States, <=50K
32, Private,104846, HS-grad,9, Married-civ-spouse, Exec-managerial, Husband, Black, Male,13,0,40, United-States, <=50K
27, Private,218636, Some-college,7, Married-civ-spouse, Sales, Husband, White, Male,-29,0,50, United-States, <=50K
48, Private,202925, Bachelors,13, Divorced, Adm-clerical, Unmarried, Black, Female,21,0,60, ?, >50K
58, Private,29759, 10th,10, Never-married, Sales, Not-in-family, White, Female,-14,-2,69, United-States, <=50K
47, Self-emp-not-inc,94309, Bachelors,7, Never-married, Machine-op-inspct, Other-relative, White, Male,-27,-1,44, United-States, <=50K
60, Local-gov,78915, Bachelors,13, Divorced, Prof-specialty, Not-in-family, White, Female,25,3,36, United-States, >50K
51, Self-emp-inc,54056, Bachelors,16, Married-civ-spouse, Machine-op-inspct, Husband, White, Male,-6,-1,50, United-States, >50K
55, Private,312445, 7th-8th,14, Married-civ-spouse, Exec-managerial, Husband, White, Female,10,1,49, United-States, <=50K
40, State-gov,27804, Masters,13, Married-civ-spouse, Prof-specialty, Husband, White, Female,-48,1,61, United-States, >50K
49, Private,349466, HS-grad,7, Married-civ-spouse, Craft-repair, Unmarried, White, Male,23,1,50, Nicaragua, <=50K
59, State-gov,126994, Bachelors,13, Divorced, Adm-clerical, Unmarried, White, Female,2,-1,40, United-States, <=50K
40, Local-gov,268570, Bachelors,13, Married-civ-spouse, Prof-specialty, Not-in-family, White, Male,-39,-1,40, United-States, >50K
38, Private,197648, Some-college,9, Married-civ-spouse, Transport-moving, Not-in-family, White, Male,-30,0,40, United-States, <=50K
26, Private,40592, HS-grad,5, Married-civ-spouse, Craft-repair, Husband, Black, Male,-44,-1,40, Nicaragua, <=50K
61, Private,139447, Bachelors,10, Divorced, Prof-specialty, Not-in-family, Black, Male,-24,0,40, United-States, <=50K
23, Private,361168, HS-grad,13, Never-married, Handlers-cleaners, Not-in-family, White, Female,4,1,50, United-States, <=50K
60, Private,442588, Doctorate,10, Never-married, Sales, Not-in-family, White, Female,-33,1,45, United-States, >50K
34, Private,128785, 7th-8th,12, Married-civ-spouse, Tech-support, Wife, White, Male,1,-1,50, Mexico, >50K
21, Local-gov,161108, Bachelors,13, Never-married, Adm-clerical, Not-in-family, White, Male,-28,-1,40, United-States, <=50K
52, Self-emp-not-inc,488962, Prof-school,12, Married-spouse-absent, Exec-managerial, Not-in-family, White, Female,24,0,45, United-States, >50K
39, Private,37613, 5th-6th,13, Married-civ-spouse, Priv-house-serv, Own-child, White, Male,-22,0,51, United-States, <=50K
26, Private,191814, Assoc-acdm,13, Divorced, Prof-specialty, Not-in-family, Asian-Pac-Islander, Female,-17,-1,40, Jamaica, <=50K
39, Self-emp-inc,123452, Doctorate,11, Married-civ-spouse, ?, Husband, White, Female,10,-2,50, United-States, >50K
23, Private,235650, HS-grad,9, Never-married, Craft-repair, Husband, White, Male,7,0,30, United-States, <=50K
43, ?,134598, Bachelors,13, Divorced, Priv-house-serv, Not-in-family, White, Female,-9,-2,51, United-States, <=50K
15, Private,407354, Some-college,10, Never-married, Prof-specialty, Own-child, White, Male,-44,0,40, United-States, <=50K
58, Self-emp-not-inc,58640, HS-grad,9, Married-civ-spouse, Adm-clerical, Not-in-family, Asian-Pac-Islander, Male,-31,0,40, United-States, <=50K
49, Private,208322, HS-grad,9, Married-civ-spouse, Transport-moving, Husband, White, Male,1587,-1,40, United-States, <=50K
42, Private,207002, HS-grad,14, Married-civ-spouse, Craft-repair, Husband, White, Male,-17,1,40, United-States, <=50K
39, Private,40087, Some-college,9, Married-civ-spouse, Craft-repair, Husband, White, Male,-7,0,40, United-States, <=50K
49, Federal-gov,100499, Bachelors,13, Married-civ-spouse, Prof-specialty, Wife, Asian-Pac-Islander, Female,-6,1,40, United-States, >50K
50, Private,315613, 12th,5, Divorced, Adm-clerical, Wife, White, Female,-20,0,40, France, <=50K
49, Federal-gov,199594, Bachelors,13, Married-AF-spouse, Adm-clerical, Not-in-family, White, Female,14,-1,40, United-States, >50K
20, ?,228064, 1st-4th,7, Never-married, ?, Own-child, White, Female,-34,1,21, United-States, <=50K
33, ?,32077, 11th,5, Married-civ-spouse, Farming-fishing, Not-in-family, White, Male,17,1,45, United-States, <=50K
22, State-gov,183662, Masters,10, Never-married, Machine-op-inspct, Own-child, White, Male,4,0,92, Jamaica, <=50K
27, Private,36098, 10th,9, Married-civ-spouse, Adm-clerical, Husband, Black, Male,2,-1,45, United-States, <=50K
25, Private,140170, 7th-8th,7, Never-married, Handlers-cleaners, Own-child, White, Male,-48,0,19, United-States, <=50K
26, Local-gov,84136, Some-college,15, Married-civ-spouse, Exec-managerial, Husband, White, Male,-16,1,40, United-States, <=50K
36, Private,446176, Assoc-voc,13, Separated, Prof-specialty, Not-in-family, White, Male,-29,-1,44, Haiti, <=50K
51, Local-gov,82264, Some-college,13, Separated, Adm-clerical, Not-in-family, Asian-Pac-Islander, Female,-28,0,40, United-States, >50K
46, Private,314933, HS-grad,16, Married-civ-spouse, Craft-repair, Husband, White, Male,1,2,40, United-States, >50K
51, Private,110419, 1st-4th,10, Married-civ-spouse, Craft-repair, Husband, White, Male,-26,-2,56, United-States, <=50K
38, Private,26473, HS-grad,7, Never-married, Handlers-cleaners, Not-in-family, White, Male,-7,1,45, United-States, <=50K
49, Self-emp-not-inc,57012, Bachelors,13, Divorced, Craft-repair, Not-in-family, White, Female,-43,-1,40, United-States, >50K
28, Private,456811, HS-grad,9, Never-married, Craft-repair, Other-relative, White, Male,-28,1,35, Mexico, <=50K
35, Private,77017, HS-grad,7, Married-civ-spouse, Sales, Husband, White, Male,-4,1,40, United-States, <=50K
39, Local-gov,115128, Bachelors,14, Married-civ-spouse, Farming-fishing, Wife, White, Female,-16,2211,73, Honduras, >50K
28, Private,276638, 1st-4th,10, Never-married, Priv-house-serv, Unmarried, White, Male,0,-1,40, United-States, <=50K
42, Federal-gov,127529, Assoc-acdm,12, Divorced, Exec-managerial, Not-in-family, White, Female,-51,-1,44, United-States, >50K
26, Private,171418, 9th,10, Divorced, Tech-support, Not-in-family, Asian-Pac-Islander, Female,-18,0,36, United-States, <=50K
21, ?,118188, Some-college,10, Never-married, Transport-moving, Own-child, Black, Male,-35,0,24, United-States, <=50K
20, Private,36950, 10th,10, Never-married, Craft-repair, Own-child, Black, Male,-40,2,18, United-States, <=50K
23, Private,314700, Some-college,10, Never-married, Machine-op-inspct, Own-child, White, Male,-2,2,13, United-States, <=50K
27, Private,233137, Bachelors,7, Divorced, Transport-moving, Not-in-family, White, Female,-24,1,44, United-States, >50K
42, Local-gov,466625, Some-college,13, Married-spouse-absent, Sales, Not-in-family, White, Female,-74,0,46, Dominican-Republic, <=50K
49, Self-emp-not-inc,136874, Bachelors,14, Divorced, Tech-support, Not-in-family, White, Male,10,0,50, United-States, <=50K
49, Self-emp-not-inc,355437, HS-grad,9, Married-civ-spouse, Machine-op-inspct, Husband, White, Male,2,-1,40, United-States, <=50K
48, Local-gov,121823, HS-grad,13, Widowed, Adm-clerical, Unmarried, White, Female,-29,-1,18, United-States, <=50K
61, ?,332698, Some-college,7, Never-married, Prof-specialty, Unmarried, Black, Female,37,-2,64, United-States, <=50K
43, Private,115530, Some-college,7, Divorced, Adm-clerical, Not-in-family, White, Male,-6,-1,35, United-States, <=50K
46, Private,271570, 7th-8th,13, Divorced, Transport-moving, Husband, White, Female,-31,1,66, United-States, <=50K
58, Self-emp-not-inc,386108, 5th-6th,13, Married-civ-spouse, Handlers-cleaners, Husband, White, Male,-17,-1,40, United-States, <=50K
62, Private,274974, Prof-school,13, Never-married, Handlers-cleaners, Own-child, White, Female,-5,-1,45, United-States, <=50K
22, Self-emp-not-inc,238287, 10th,7, Never-married, Sales, Other-relative, White, Male,15,0,50, United-States, <=50K
63, Private,202320, HS-grad,9, Married-civ-spouse, Adm-clerical, Unmarried, Black, Male,8,1,45, United-States, >50K
36, Self-emp-inc,45599, Doctorate,9, Married-civ-spouse, Farming-fishing, Husband, White, Male,12,-1,68, United-States, >50K
39, Private,258748, Masters,10, Divorced, Exec-managerial, Not-in-family, White, Male,4,-1,40, Taiwan, <=50K
43, Private,443343, Bachelors,10, Married-civ-spouse, ?, Own-child, White, Male,2,0,37, India, <=50K
43, Private,350873, HS-grad,9, Divorced, Craft-repair, Unmarried, White, Male,-7,-1,45, United-States, <=50K
25, Federal-gov,190835, 10th,5, Never-married, Transport-moving, Not-in-family, Other, Male,-40,-1,21, Mexico, <=50K
47, Self-emp-inc,42184, Masters,15, Married-civ-spouse, Craft-repair, Husband, Asian-Pac-Islander, Female,7579,-1,73, United-States, >50K
25, Self-emp-not-inc,87694, Some-college,7, Married-spouse-absent, Machine-op-inspct, Other-relative, White, Male,9,0,40, United-States, <=50K
46, Local-gov,30910, Bachelors,13, Married-civ-spouse, Prof-specialty, Not-in-family, Black, Female,-7,1,56, Philippines, <=50K
47, Local-gov,34255, Masters,16, Married-civ-spouse, Craft-repair, Husband, White, Male,-2,1,40, United-States, >50K
54, Private,414702, Some-college,7, Married-civ-spouse, Craft-repair, Husband, White, Male,-8,0,59, United-States, <=50K
42, Private,307830, Assoc-voc,4, Never-married, Farming-fishing, Own-child, White, Male,-35,-1,40, United-States, <=50K
50, Private,127194, Masters,16, Married-civ-spouse, Prof-specialty, Husband, White, Female,-4,-2,56, United-States, >50K
29, Local-gov,180112, Masters,13, Widowed, Other-service, Not-in-family, Black, Female,-43,-1,40, Vietnam, <=50K
44, Local-gov,120482, Doctorate,13, Married-civ-spouse, Craft-repair, Husband, White, Female,-15,1,40, Thailand, >50K
80, Private,527510, HS-grad,9, Separated, Adm-clerical, Unmarried, Black, Female,-26,1,40, United-States, <=50K
37, Self-emp-not-inc,99537, Bachelors,5, Married-spouse-absent, Sales, Not-in-family, White, Male,-29,0,50, United-States, <=50K
43, State-gov,502225, 12th,13, Never-married, Sales, Own-child, White, Male,-10,-1,21, United-States, <=50K
19, ?,308147, Bachelors,13, Never-married, ?, Not-in-family, White, Male,-62,-1,36, United-States, <=50K
17, Private,250381, HS-grad,4, Never-married, Handlers-cleaners, Not-in-family, White, Male,-15,0,46, United-States, <=50K
34, Private,325277, HS-grad,9, Married-civ-spouse, Machine-op-inspct, Husband, White, Male,-51,0,40, United-States, <=50K
41, Private,177118, Assoc-voc,16, Married-civ-spouse, Sales, Husband, White, Male,-50,1,59, United-States, <=50K
41, Self-emp-not-inc,140740, Bachelors,16, Never-married, Sales, Not-in-family, Asian-Pac-Islander, Male,-22,-1,50, United-States, >50K
60, Private,141766, Masters,14, Married-civ-spouse, Craft-repair, Husband, White, Female,41,2,40, United-States, >50K
49, Self-emp-not-inc,30496, Bachelors,13, Married-civ-spouse, Prof-specialty, Husband, White, Male,-1,-1,40, United-States, >50K
44, Self-emp-inc,248547, Prof-school,7, Married-civ-spouse, Prof-specialty, Husband, White, Male,-32,0,60, United-States, >50K
69, Federal-gov,171845, HS-grad,9, Married-civ-spouse, Tech-support, Husband, White, Male,-4,0,49, United-States, <=50K
18, Private,240185, Some-college,10, Divorced, Sales, Own-child, White, Female,-30,0,70, United-States, <=50K
27, Private,239857, Bachelors,7, Married-spouse-absent, Adm-clerical, Unmarried, Amer-Indian-Eskimo, Female,-5,-2,61, United-States, <=50K
50, Federal-gov,220682, Bachelors,11, Married-civ-spouse, Farming-fishing, Wife, Amer-Indian-Eskimo, Female,-55,-1,40, Mexico, <=50K
17, Private,98688, 12th,14, Married-civ-spouse, Sales, Husband, Asian-Pac-Islander, Male,-3,0,72, United-States, >50K
46, Federal-gov,134509, Bachelors,13, Divorced, Adm-clerical, Wife, White, Female,-40,-1,40, United-States, >50K
46, State-gov,141915, Bachelors,13, Divorced, Farming-fishing, Other-relative, White, Female,-9,-2,36, United-States, <=50K
38, Private,139716, Bachelors,14, Never-married, Prof-specialty, Not-in-family, Other, Male,-70,0,46, United-States, >50K
45, Private,132824, 11th,13, Never-married, Other-service, Own-child, White, Male,4412,0,7, United-States, <=50K
18, Self-emp-not-inc,98451, 10th,10, Never-married, ?, Own-child, White, Male,-50,0,40, Mexico, <=50K
23, Self-emp-not-inc,398397, Bachelors,7, Married-civ-spouse, Handlers-cleaners, Not-in-family, White, Female,1658,-1,22, France, <=50K
39, Never-worked,201625, Some-college,6, Never-married, Prof-specialty, Husband, Asian-Pac-Islander, Male,5,-2,58, United-States, >50K
66, State-gov,217878, Some-college,9, Divorced, Machine-op-inspct, Not-in-family, Black, Male,-24,1,40, United-States, <=50K
51, Private,45951, Assoc-voc,9, Married-civ-spouse, Other-service, Husband, Asian-Pac-Islander, Female,-31,-1,44, Jamaica, <=50K
19, Private,253196, HS-grad,9, Separated, Tech-support, Unmarried, White, Female,-11,1,50, United-States, <=50K
65, Private,130664, Bachelors,10, Married-civ-spouse, Exec-managerial, Husband, Asian-Pac-Islander, Female,-20,1,44, United-States, >50K
18, Private,119259, Assoc-voc,9, Divorced, Adm-clerical, Unmarried, White, Female,-6,1,40, United-States, <=50K
43, Private,303257, 10th,11, Married-spouse-absent, Adm-clerical, Wife, Black, Female,-8,-1,40, United-States, <=50K
31, Private,182401, 12th,8, Never-married, ?, Own-child, White, Male,-48,1,20, United-States, <=50K
49, Private,198736, 9th,3, Widowed, Other-service, Unmarried, White, Female,-19,0,13, United-States, <=50K
23, Private,288101, Some-college,10, Never-married, Sales, Not-in-family, White, Female,62,2,35, United-States, <=50K
21, Private,46150, 9th,5, Never-married, Adm-clerical, Not-in-family, Amer-Indian-Eskimo, Male,1,1,35, Peru, <=50K
56, Self-emp-inc,628098, Some-college,10, Never-married, Prof-specialty, Not-in-family, White, Male,-1,-1,45, United-States, <=50K
33, Private,114135, Masters,10, Married-spouse-absent, ?, Own-child, White, Male,-20,-2,10, United-States, <=50K
17, ?,138802, 9th,13, Never-married, ?, Own-child, Asian-Pac-Islander, Female,-24,0,25, United-States, <=50K
43, Local-gov,180789, HS-grad,9, Married-civ-spouse, Craft-repair, Husband, White, Male,26,1,40, United-States, <=50K
24, Self-emp-not-inc,297911, 12th,14, Married-civ-spouse, Transport-moving, Husband, White, Male,-55,-1,35, United-States, <=50K
56, Private,199467, HS-grad,9, Married-civ-spouse, Craft-repair, Husband, White, Male,40,-1,30, Nicaragua, <=50K
49, Private,126090, HS-grad,9, Married-civ-spouse, Machine-op-inspct, Husband, White, Male,-16,0,40, United-States, <=50K
40, Self-emp-inc,177634, Masters,6, Married-civ-spouse, Prof-specialty, Husband, White, Male,-23,0,57, United-States, <=50K
20, Private,43778, Bachelors,13, Married-civ-spouse, Prof-specialty, Wife, Asian-Pac-Islander, Male,-45,-2,40, Cuba, >50K
43, Self-emp-inc,125682, Prof-school,13, Married-civ-spouse, Prof-specialty, Husband, White, Male,-11,-2,50, United-States, >50K
41, Private,337269, Assoc-voc,13, Married-civ-spouse, Prof-specialty, Husband, Asian-Pac-Islander, Male,-16,-2,50, South, >50K
51, Private,73012, Bachelors,10, Divorced, Prof-specialty, Not-in-family, White, Female,5,1,67, England, <=50K
36, Private,75052, Some-college,9, Never-married, Handlers-cleaners, Own-child, White, Male,-18,-1,49, United-States, <=50K
41, Self-emp-inc,115463, Masters,14, Married-civ-spouse, Prof-specialty, Husband, White, Male,-20,-1,50, United-States, >50K
44, Self-emp-inc,158751, Masters,13, Married-civ-spouse, Craft-repair, Husband, White, Male,-6,0,50, United-States, >50K
43, Self-emp-not-inc,300294, 5th-6th,6, Married-spouse-absent, Machine-op-inspct, Not-in-family, White, Male,-4,1,44, United-States, <=50K
21, ?,223046, Some-college,10, Never-married, ?, Own-child, White, Male,-21,-1,20, United-States, <=50K
43, Self-emp-inc,41435, Prof-school,14, Married-civ-spouse, Craft-repair, Husband, Black, Male,14236,0,40, United-States, >50K
16, Self-emp-not-inc,83532, Bachelors,13, Never-married, Machine-op-inspct, Not-in-family, White, Male,-4,1,14, South, <=50K
50, Self-emp-not-inc,242072, 10th,13, Never-married, Exec-managerial, Not-in-family, Asian-Pac-Islander, Male,-30,-1,40, Puerto-Rico, <=50K
51, Self-emp-not-inc,246983, HS-grad,7, Married-civ-spouse, Farming-fishing, Unmarried, White, Male,-10,-1,50, United-States, <=50K
44, Local-gov,330970, Bachelors,13, Divorced, Adm-clerical, Unmarried, White, Female,3,1,23, United-States, <=50K
43, Private,128092, Some-college,13, Never-married, Prof-specialty, Own-child, White, Female,-19,1,11, ?, <=50K
42, Private,276478, HS-grad,9, Widowed, Machine-op-inspct, Husband, White, Male,-13,-1,60, United-States, <=50K
19, Private,169562, Some-college,13, Never-married, Handlers-cleaners, Not-in-family, White, Male,-21,0,61, United-States, <=50K
25, Private,490866, HS-grad,6, Never-married, Protective-serv, Husband, Other, Male,-1,-2,45, United-States, <=50K
48, Private,272643, Bachelors,11, Married-civ-spouse, Farming-fishing, Wife, White, Female,16,0,40, United-States, >50K
43, Private,102478, Bachelors,13, Married-civ-spouse, Prof-specialty, Wife, White, Female,-22,0,40, United-States, >50K
26, Self-emp-not-inc,100840, Bachelors,13, Separated, Exec-managerial, Not-in-family, White, Female,32,0,76, United-States, >50K
24, Self-emp-not-inc,276447, 11th,11, Divorced, Adm-clerical, Unmarried, White, Female,18,0,59, United-States, <=50K
32, ?,191347, Some-college,10, Never-married, Sales, Other-relative, White, Male,9,0,44, United-States, <=50K
31, ?,228320, 11th,9, Divorced, Adm-clerical, Unmarried, White, Female,-26,0,58, United-States, <=50K
48, Private,239053, Bachelors,10, Widowed, Sales, Not-in-family, Asian-Pac-Islander, Male,-18,1,40, United-States, >50K
41, Private,200798, Bachelors,13, Divorced, Prof-specialty, Unmarried, White, Female,-33,-2,40, United-States, >50K
30, Self-emp-not-inc,397153, 11th,13, Married-spouse-absent, Other-service, Not-in-family, White, Male,8,0,40, United-States, <=50K
63, Local-gov,216660, 1st-4th,13, Divorced, Exec-managerial, Not-in-family, White, Male,-16,-1,31, United-States, <=50K
24, Private,244258, Bachelors,9, Never-married, Other-service, Unmarried, White, Male,-28,-1,22, United-States, <=50K
29, Private,105649, HS-grad,9, Married-civ-spouse, Farming-fishing, Husband, White, Male,-24,1,40, United-States, <=50K
51, ?,35255, 12th,4, Separated, Adm-clerical, Unmarried, White, Male,-22,-1,45, United-States, <=50K
53, Without-pay,329149, HS-grad,4, Married-civ-spouse, Farming-fishing, Husband, White, Male,-37,-2,72, United-States, <=50K
49, Private,324158, Bachelors,9, Married-civ-spouse, Protective-serv, Husband, White, Female,10,-2,70, Hungary, >50K
22, Private,123414, 11th,3, Never-married, Handlers-cleaners, Not-in-family, White, Male,-1,0,14, United-States, <=50K
26, Private,260622, HS-grad,13, Married-civ-spouse, Craft-repair, Husband, White, Male,-3,0,40, United-States, >50K
29, Private,174650, 5th-6th,13, Never-married, Other-service, Not-in-family, Black, Male,-55,-2,40, Poland, <=50K
59, Self-emp-not-inc,116858, HS-grad,9, Married-civ-spouse, Craft-repair, Husband, White, Male,-10,1,13, United-States, <=50K
45, ?,187858, 11th,10, Never-married, Prof-specialty, Not-in-family, White, Male,0,-1,66, Taiwan, <=50K
55, Federal-gov,173582, Bachelors,14, Married-civ-spouse, Exec-managerial, Husband, White, Male,10,-1,43, United-States, >50K
35, Private,114868, Some-college,10, Married-civ-spouse, Craft-repair, Husband, White, Male,-10,-1,44, United-States, <=50K
39, Private,177165, 9th,13, Never-married, Tech-support, Own-child, White, Female,-2,-2,49, United-States, <=50K
24, Private,149702, HS-grad,13, Divorced, Other-service, Not-in-family, Black, Male,-29,0,31, United-States, <=50K
45, Private,285221, HS-grad,9, Married-civ-spouse, Farming-fishing, Husband, White, Female,3,2,40, Cambodia, <=50K
23, Private,243491, Assoc-voc,13, Married-civ-spouse, Prof-specialty, Husband, White, Female,5,0,40, Japan, >50K
27, Private,337803, HS-grad,9, Divorced, Craft-repair, Own-child, Black, Male,-9,-1,40, United-States, <=50K
26, Private,44579, 10th,7, Never-married, Other-service, Not-in-family, Black, Female,-22,0,30, United-States, <=50K
35, Private,210500, HS-grad,9, Married-civ-spouse, Farming-fishing, Husband, Amer-Indian-Eskimo, Male,-5,0,40, United-States, <=50K
24, Private,245909, HS-grad,9, Widowed, Adm-clerical, Not-in-family, White, Female,-32,0,31, United-States, <=50K
52, Private,113331, HS-grad,9, Married-civ-spouse, Craft-repair, Husband, White, Male,-11,-1,40, United-States, <=50K
31, Private,168522, 10th,5, Never-married, Other-service, Not-in-family, White, Male,-2,-1,22, ?, <=50K
25, Private,186247, Bachelors,9, Separated, Tech-support, Not-in-family, White, Female,9,1,45, United-States, <=50K
45, Private,110172, Bachelors,13, Divorced, Adm-clerical, Not-in-family, White, Female,-39,1,35, United-States, <=50K
31, Private,163558, Bachelors,13, Divorced, Prof-specialty, Not-in-family, Black, Female,-32,1,44, United-States, <=50K
42, Federal-gov,163406, HS-grad,9, Married-civ-spouse, Craft-repair, Husband, Black, Male,-19,1,40, Greece, <=50K
43, Private,319431, Some-college,11, Widowed, ?, Unmarried, White, Male,-38,0,50, Portugal, <=50K
53, Private,194933, Masters,7, Married-civ-spouse, Sales, Husband, White, Male,-3,-2,43, United-States, <=50K
36, Self-emp-inc,121828, HS-grad,9, Married-civ-spouse, Priv-house-serv, Husband, White, Female,0,0,50, United-States, >50K
52, Self-emp-not-inc,249542, HS-grad,5, Widowed, Other-service, Not-in-family, White, Female,4,0,45, United-States, <=50K
54, Private,279350, Assoc-voc,14, Married-civ-spouse, Exec-managerial, Husband, White, Male,-11,-2,40, Philippines, <=50K
33, Self-emp-not-inc,189181, Bachelors,13, Married-civ-spouse, Handlers-cleaners, Not-in-family, Black, Male,-2,0,86, United-States, <=50K
42, Local-gov,45728, 11th,13, Married-civ-spouse, Exec-managerial, Husband, White, Male,-4,-1,40, United-States, <=50K
53, Private,120290, HS-grad,9, Married-civ-spouse, Craft-repair, Husband, White, Male,-23,-1,40, United-States, <=50K
52, Private,227851, Some-college,10, Never-married, Craft-repair, Own-child, Black, Male,-11,1,40, United-States, <=50K
43, Self-emp-inc,300773, Bachelors,13, Married-civ-spouse, Prof-specialty, Wife, White, Male,-9,0,60, United-States, >50K
48, Private,120595, Bachelors,13, Divorced, Exec-managerial, Unmarried, White, Female,5,1,40, United-States, >50K
25, ?,288554, 7th-8th,10, Never-married, Sales, Not-in-family, White, Male,-26,0,50, United-States, <=50K
22, Self-emp-not-inc,91223, Bachelors,13, Divorced, Handlers-cleaners, Unmarried, White, Female,-3,0,40, United-States, <=50K
37, Private,196325, Some-college,9, Married-spouse-absent, Machine-op-inspct, Own-child, White, Male,10,0,23, Philippines, <=50K
51, Self-emp-inc,114089, 10th,9, Married-civ-spouse, Adm-clerical, Not-in-family, White, Male,-2,-1,59, United-States, <=50K
20, ?,230280, Some-college,5, Never-married, ?, Not-in-family, White, Male,-25,0,22, United-States, <=50K
58, Private,245203, HS-grad,9, Married-civ-spouse, Machine-op-inspct, Husband, White, Male,-37,1,40, United-States, <=50K
24, ?,184140, Bachelors,13, Never-married, Prof-specialty, Own-child, White, Male,-2,-2,16, United-States, <=50K
54, Private,202970, Some-college,10, Divorced, Sales, Unmarried, White, Female,-10,0,45, United-States, <=50K
39, Private,145522, Bachelors,9, Divorced, Handlers-cleaners, Not-in-family, Black, Male,-44,0,40, United-States, <=50K
38, Federal-gov,281998, Bachelors,13, Married-civ-spouse, Protective-serv, Wife, White, Female,-20,0,40, United-States, >50K
36, Local-gov,139135, Masters,14, Married-civ-spouse, Prof-specialty, Husband, White, Male,-23,0,50, United-States, >50K
25, Private,31232, Assoc-acdm,4, Separated, Priv-house-serv, Unmarried, White, Female,-2,0,45, United-States, <=50K
24, Private,182147, HS-grad,9, Never-married, Other-service, Own-child, Black, Male,1,0,40, United-States, <=50K
48, Private,325367, HS-grad,9, Separated, Protective-serv, Husband, White, Male,-10,1,40, United-States, <=50K
24, Private,240976, HS-grad,9, Widowed, Adm-clerical, Husband, White, Female,6,0,35, United-States, <=50K
49, State-gov,330877, Assoc-voc,13, Married-civ-spouse, Prof-specialty, Husband, White, Female,-26,-2,40, United-States, >50K
37, Private,92257, 9th,6, Divorced, ?, Unmarried, Black, Female,-21,1,45, United-States, <=50K
29, Self-emp-not-inc,434104, Bachelors,13, Widowed, ?, Unmarried, Other, Female,-3,0,50, United-States, <=50K
57, Private,470676, HS-grad,9, Married-spouse-absent, Machine-op-inspct, Own-child, White, Male,-5,-1,49, Trinadad&Tobago, <=50K
46, Private,57857, Bachelors,13, Divorced, Adm-clerical, Not-in-family, White, Female,-24,0,40, Mexico, <=50K
18, ?,491629, 10th,7, Never-married, ?, Own-child, Black, Male,29,1,40, United-States, <=50K
40, State-gov,115512, Bachelors,13, Married-civ-spouse, Prof-specialty, Not-in-family, Other, Female,-53,0,50, United-States, <=50K
47, Private,71200, Bachelors,11, Divorced, Prof-specialty, Unmarried, Asian-Pac-Islander, Female,14445,0,57, South, <=50K
46, Self-emp-inc,200395, Bachelors,13, Married-civ-spouse, Prof-specialty, Wife, White, Male,15,-2,58, United-States, >50K
41, Private,327877, HS-grad,9, Married-civ-spouse, Handlers-cleaners, Not-in-family, Amer-Indian-Eskimo, Male,12,2,51, United-States, <=50K
39, Private,438995, HS-grad,9, Married-civ-spouse, Adm-clerical, Unmarried, White, Female,2,1,40, United-States, <=50K
76, Self-emp-not-inc,300003, Some-college,10, Married-civ-spouse, Adm-clerical, Husband, White, Female,-23,2,67, United-States, <=50K
61, State-gov,143235, Assoc-acdm,9, Widowed, Adm-clerical, Unmarried, White, Female,-56,2,40, United-States, <=50K
53, Private,354573, HS-grad,9, Married-civ-spouse, Prof-specialty, Husband, Asian-Pac-Islander, Male,4,-1,40, Cuba, <=50K
38, Never-worked,177667, HS-grad,13, Never-married, Armed-Forces, Own-child, White, Male,-6,1,40, Mexico, <=50K
44, Private,40251, HS-grad,9, Widowed, Adm-clerical, Wife, Amer-Indian-Eskimo, Female,-17,0,40, United-States, <=50K
25, Self-emp-not-inc,183242, 7th-8th,13, Separated, Exec-managerial, Own-child, White, Male,2,1,50, United-States, <=50K
59, Federal-gov,410722, 11th,10, Never-married, Transport-moving, Wife, White, Female,-36,-2,24, United-States, <=50K
19, ?,351141, Some-college,10, Never-married, ?, Own-child, White, Male,-56,0,30, United-States, <=50K
41, Self-emp-not-inc,134751, 9th,13, Never-married, Farming-fishing, Not-in-family, White, Male,-4,0,17, United-States, <=50K
41, Private,264846, Bachelors,14, Married-civ-spouse, Adm-clerical, Not-in-family, White, Male,17,0,49, Japan, <=50K
53, Private,204585, Bachelors,14, Divorced, Adm-clerical, Unmarried, White, Female,-40,-1,45, United-States, <=50K
38, Private,329407, 9th,7, Divorced, Machine-op-inspct, Unmarried, White, Female,-28,2,40, United-States, <=50K
18, ?,188645, HS-grad,10, Never-married, ?, Unmarried, White, Male,-30,0,40, United-States, <=50K
65, Self-emp-inc,368168, Doctorate,13, Married-civ-spouse, Exec-managerial, Wife, White, Female,-5,0,40, United-States, >50K
46, State-gov,141617, Bachelors,13, Divorced, Other-service, Other-relative, White, Female,-45,-1,51, United-States, <=50K
43, Local-gov,153561, Bachelors,9, Married-civ-spouse, Farming-fishing, Not-in-family, White, Male,-20,0,49, United-States, <=50K
25, ?,359237, Some-college,7, Separated, Prof-specialty, Not-in-family, Other, Female,-11,0,40, Vietnam, <=50K
40, Private,110784, Assoc-voc,16, Married-civ-spouse, Prof-specialty, Husband, White, Female,20,-1,40, United-States, >50K
22, ?,215879, 5th-6th,11, Never-married, Prof-specialty, Own-child, White, Female,-62,-1,45, United-States, <=50K
21, Local-gov,250555, Masters,13, Married-civ-spouse, Tech-support, Not-in-family, White, Female,-24,0,44, United-States, <=50K
43, Private,23589, 11th,13, Married-civ-spouse, Adm-clerical, Not-in-family, White, Male,-18,0,40, United-States, <=50K
59, Self-emp-inc,102879, HS-grad,9, Married-civ-spouse, Transport-moving, Husband, White, Male,-47,0,45, United-States, <=50K
26, Private,176346, Assoc-voc,13, Married-civ-spouse, Exec-managerial, Not-in-family, White, Female,44,0,50, Taiwan, <=50K
16, Private,213392, Bachelors,11, Never-married, Handlers-cleaners, Own-child, White, Male,-29,-1,50, United-States, <=50K
50, State-gov,97619, Bachelors,13, Divorced, Exec-managerial, Not-in-family, Amer-Indian-Eskimo, Female,-30,0,40, United-States, <=50K
37, Private,342485, HS-grad,9, Married-civ-spouse, Adm-clerical, Husband, Black, Male,-2,1,40, United-States, <=50K
49, ?,122098, 12th,7, Never-married, Handlers-cleaners, Own-child, White, Male,-16,0,31, United-States, <=50K
23, Private,160523, HS-grad,9, Married-civ-spouse, Craft-repair, Husband, White, Male,1,2,40, United-States, <=50K
23, State-gov,283054, Bachelors,10, Separated, Other-service, Not-in-family, White, Female,-3,2,46, United-States, <=50K
19, ?,260662, Some-college,10, Never-married, ?, Not-in-family, White, Male,-39,3,45, United-States, <=50K
63, Federal-gov,186311, Masters,13, Married-civ-spouse, Protective-serv, Wife, White, Male,-34,1,50, United-States, >50K
22, State-gov,129888, Bachelors,13, Never-married, Prof-specialty, Other-relative, White, Male,-17,-2,30, United-States, <=50K
44, Private,267127, HS-grad,9, Married-civ-spouse, Machine-op-inspct, Husband, White, Male,3,3,40, China, <=50K
22, State-gov,168894, Bachelors,13, Never-married, ?, Other-relative, White, Female,-18,0,15, United-States, <=50K
21, Private,331848, Assoc-acdm,7, Never-married, Handlers-cleaners, Own-child, White, Female,-23,-1,40, United-States, <=50K
33, Private,55630, 12th,11, Married-civ-spouse, Priv-house-serv, Not-in-family, White, Male,-57,0,50, United-States, <=50K
50, Local-gov,186169, 11th,13, Married-civ-spouse, Machine-op-inspct, Not-in-family, Asian-Pac-Islander, Male,-21,0,44, United-States, <=50K
56, Private,204425, HS-grad,9, Married-civ-spouse, Transport-moving, Husband, White, Male,-69,2,40, United-States, <=50K
37, Private,38101, HS-grad,7, Never-married, Craft-repair, Own-child, White, Male,-41,1,40, United-States, <=50K
20, ?,353180, Some-college,10, Never-married, ?, Own-child, Black, Male,-15,3,26, United-States, <=50K
42, Private,88263, 12th,7, Divorced, Machine-op-inspct, Not-in-family, White, Male,-34,-1,40, Philippines, <=50K
30, Private,136480, HS-grad,13, Divorced, Other-service, Unmarried, White, Female,-41,1,45, United-States, <=50K
43, Private,37476, HS-grad,9, Married-civ-spouse, Machine-op-inspct, Husband, White, Female,-18,1,66, United-States, >50K
38, Private,410116, HS-grad,9, Never-married, Other-service, Unmarried, White, Male,-32,-3,40, United-States, <=50K
51, Private,311915, 7th-8th,13, Never-married, Exec-managerial, Not-in-family, White, Male,4,0,35, United-States, <=50K
21, Private,251036, HS-grad,9, Never-married, Other-service, Not-in-family, White, Male,7,0,23, United-States, <=50K
19, Private,307608, 11th,7, Never-married, ?, Own-child, White, Male,-35,0,21, United-States, <=50K
41, Federal-gov,199897, Bachelors,13, Married-civ-spouse, Prof-specialty, Wife, White, Female,-25,0,73, United-States, >50K
54, Private,35846, Some-college,13, Never-married, Exec-managerial, Not-in-family, Black, Male,-19,-1,58, Jamaica, <=50K
35, Private,279492, 7th-8th,6, Separated, Other-service, Own-child, White, Male,-7,0,40, United-States, <=50K
22, Federal-gov,72990, Assoc-voc,10, Married-civ-spouse, Craft-repair, Husband, Black, Male,-36,0,40, Ireland, <=50K
39, Private,150911, HS-grad,9, Married-civ-spouse, Craft-repair, Husband, Asian-Pac-Islander, Male,-61,-1,40, United-States, <=50K
25, Federal-gov,195947, Some-college,10, Never-married, Adm-clerical, Own-child, White, Male,-30,0,15, United-States, <=50K
57, Private,70019, HS-grad,9, Married-civ-spouse, Craft-repair, Unmarried, White, Female,-17,-2,57, Philippines, <=50K
24, Private,297757, HS-grad,9, Married-civ-spouse, Protective-serv, Husband, White, Male,-8,2,40, United-States, <=50K
38, Private,96235, Bachelors,16, Married-civ-spouse, Exec-managerial, Husband, White, Female,19,0,50, United-States, >50K
24, Private,33592, Some-college,5, Never-married, Transport-moving, Husband, Asian-Pac-Islander, Male,-6,-1,44, United-States, <=50K
49, Private,277560, HS-grad,9, Married-civ-spouse, Adm-clerical, Husband, White, Male,-45,0,61, United-States, <=50K
58, Self-emp-not-inc,262430, Bachelors,10, Never-married, Handlers-cleaners, Other-relative, Other, Male,-27,0,21, United-States, <=50K
25, Private,104768, Masters,14, Married-civ-spouse, Exec-managerial, Husband, White, Male,-30,1,40, United-States, >50K
41, Private,194325, HS-grad,9, Married-civ-spouse, Craft-repair, Husband, White, Male,-36,-1,40, United-States, <=50K
47, Private,157938, Bachelors,13, Married-civ-spouse, Prof-specialty, Not-in-family, White, Female,26,-1,49, United-States, >50K
46, State-gov,371533, Some-college,10, Divorced, Adm-clerical, Not-in-family, White, Female,-11,-1,12, India, <=50K
21, Federal-gov,264897, Some-college,10, Married-civ-spouse, Prof-specialty, Own-child, White, Male,-2,-2,45, United-States, >50K
21, ?,30519, 11th,13, Widowed, Sales, Unmarried, White, Female,15,-2,46, United-States, <=50K
36, Local-gov,231017, Masters,14, Married-civ-spouse, Prof-specialty, Husband, White, Male,-17,-1,50, United-States, >50K
19, State-gov,126812, Some-college,10, Never-married, Prof-specialty, Not-in-family, Other, Male,-28,0,15, United-States, <=50K
22, Private,244754, Bachelors,4, Separated, Other-service, Not-in-family, Black, Female,-26,1,40, United-States, <=50K
47, Local-gov,283970, HS-grad,7, Married-civ-spouse, Prof-specialty, Husband, Asian-Pac-Islander, Male,-33,0,40, United-States, >50K
24, Private,241603, 11th,7, Widowed, Exec-managerial, Own-child, White, Female,-11,2,36, United-States, <=50K
18, Private,391310, HS-grad,7, Never-married, ?, Own-child, White, Male,-19,1,44, United-States, <=50K
24, Private,82211, HS-grad,5, Married-civ-spouse, Farming-fishing, Unmarried, White, Female,-33,0,67, United-States, >50K
48, Private,77687, HS-grad,9, Married-civ-spouse, Craft-repair, Husband, White, Male,7,0,40, India, <=50K
45, Federal-gov,247782, 12th,13, Separated, Prof-specialty, Other-relative, White, Male,-2,1,27, United-States, >50K
22, ?,263104, Some-college,7, Never-married, Prof-specialty, Not-in-family, White, Female,-15,1,25, United-States, <=50K
40, Federal-gov,218442, HS-grad,9, Married-civ-spouse, Transport-moving, Husband, White, Male,-14,1899,66, United-States, >50K
71, Private,26576, Some-college,10, Divorced, Adm-clerical, Unmarried, White, Female,3,1,40, United-States, <=50K
46, Private,244303, HS-grad,9, Married-civ-spouse, Adm-clerical, Husband, Black, Male,26,1,40, United-States, <=50K
41, Private,16795, HS-grad,9, Married-civ-spouse, Transport-moving, Husband, White, Male,-33,0,40, Mexico, <=50K
36, Private,128943, 7th-8th,13, Divorced, Exec-managerial, Not-in-family, White, Male,20,-1,40, Haiti, >50K
21, Local-gov,137336, Bachelors,13, Married-spouse-absent, Other-service, Other-relative, White, Male,-42,-1,13, El-Salvador, <=50K
26, Federal-gov,86766, Bachelors,13, Divorced, Adm-clerical, Unmarried, White, Female,-4,-1,13, United-States, <=50K
40, Private,40872, Bachelors,13, Divorced, Prof-specialty, Wife, White, Female,-27,1855,40, United-States, >50K
28, State-gov,342070, Bachelors,13, Separated, Exec-managerial, Not-in-family, White, Female,-22,1,38, United-States, <=50K
34, Private,86809, HS-grad,14, Married-civ-spouse, Transport-moving, Husband, White, Male,-9,-2,67, United-States, >50K
37, Self-emp-inc,24520, Masters,10, Married-civ-spouse, Exec-managerial, Husband, White, Male,-13,1,59, Canada, <=50K
31, Private,125669, HS-grad,9, Married-civ-spouse, Craft-repair, Husband, White, Male,-37,-1,40, United-States, <=50K
45, Private,254408, Assoc-voc,3, Never-married, Priv-house-serv, Own-child, White, Male,-14,1,40, United-States, <=50K
24, Self-emp-not-inc,60119, 5th-6th,9, Married-AF-spouse, Protective-serv, Husband, White, Male,-19,-1,45, United-States, <=50K
26, Private,278244, Bachelors,13, Married-civ-spouse, Prof-specialty, Wife, White, Female,11,-1,45, United-States, >50K
23, Private,130945, 10th,10, Never-married, Other-service, Not-in-family, Asian-Pac-Islander, Male,-42,-1,40, United-States, <=50K
50, Self-emp-not-inc,107296, HS-grad,9, Married-civ-spouse, Handlers-cleaners, Husband, White, Male,-62,0,50, United-States, <=50K
30, Private,202370, HS-grad,10, Never-married, Adm-clerical, Wife, White, Male,4,1,40, Columbia, <=50K
22, Private,406787, HS-grad,9, Married-civ-spouse, Sales, Husband, White, Male,4,1,40, United-States, <=50K
56, ?,121801, HS-grad,8, Never-married, Transport-moving, Husband, White, Male,-36,-1,40, United-States, <=50K
19, Private,257930, HS-grad,9, Married-civ-spouse, Craft-repair, Husband, Black, Male,-23,-2,70, Canada, <=50K
49, Private,248238, 10th,7, Never-married, Other-service, Other-relative, White, Male,-15,-1,14, Honduras, <=50K
64, Local-gov,301340, Bachelors,13, Divorced, Prof-specialty, Not-in-family, White, Female,9,-2,36, United-States, >50K
42, Private,186323, Some-college,16, Married-civ-spouse, Craft-repair, Husband, White, Male,-14,0,40, United-States, <=50K
56, ?,115545, HS-grad,7, Married-civ-spouse, ?, Husband, White, Male,-32,1,68, United-States, <=50K
33, Self-emp-not-inc,170684, HS-grad,9, Married-civ-spouse, Sales, Husband, White, Male,4,2,46, United-States, >50K
27, Private,129390, HS-grad,9, Married-civ-spouse, Sales, Not-in-family, White, Male,28,0,49, England, <=50K
44, ?,234528, Some-college,10, Never-married, Handlers-cleaners, Own-child, White, Male,-59,-2,23, United-States, <=50K
38, Federal-gov,119728, Masters,13, Married-civ-spouse, Prof-specialty, Husband, White, Male,7338,0,46, United-States, >50K
38, Private,253300, Some-college,5, Never-married, ?, Own-child, White, Male,-13,-1,45, Mexico, <=50K
23, Private,193212, Some-college,10, Never-married, Craft-repair, Husband, White, Male,-39,-1,46, United-States, <=50K
37, ?,179053, 11th,9, Divorced, Exec-managerial, Not-in-family, White, Female,2783,-1,40, United-States, <=50K
17, Private,259420, Some-college,7, Never-married, ?, Own-child, White, Male,3,1,40, United-States, <=50K
19, Private,466377, Bachelors,13, Never-married, Other-service, Own-child, White, Male,-31,-1,44, United-States, <=50K
56, Local-gov,106426, Assoc-voc,10, Married-spouse-absent, ?, Own-child, White, Female,6,-1,15, United-States, <=50K
41, Private,248375, Some-college,13, Married-civ-spouse, Sales, Not-in-family, Asian-Pac-Islander, Male,7,0,45, United-States, <=50K
54, Self-emp-not-inc,187777, Assoc-voc,9, Married-civ-spouse, Transport-moving, Husband, White, Female,-37,1,58, United-States, >50K
81, Private,335999, HS-grad,9, Divorced, Adm-clerical, Unmarried, Black, Female,7,0,40, United-States, <=50K
68, Private,274098, HS-grad,10, Married-civ-spouse, Other-service, Unmarried, White, Female,-40,-1,40, United-States, <=50K
19, Private,256092, Some-college,10, Divorced, Protective-serv, Own-child, White, Male,-34,0,24, United-States, <=50K
26, Private,83901, HS-grad,9, Married-civ-spouse, Farming-fishing, Husband, Asian-Pac-Islander, Male,-25,0,40, United-States, <=50K
47, Private,172941, Some-college,13, Divorced, Prof-specialty, Not-in-family, White, Male,17,1,40, United-States, <=50K
18, Private,78750, 11th,13, Never-married, Handlers-cleaners, Not-in-family, White, Male,44,1,11, United-States, <=50K
49, Private,362868, HS-grad,9, Married-civ-spouse, Adm-clerical, Husband, White, Female,-17,-1,72, United-States, <=50K
52, Private,38179, Some-college,14, Married-civ-spouse, Craft-repair, Husband, Black, Male,-27,-2,40, United-States, >50K
57, State-gov,182245, Some-college,10, Separated, Sales, Not-in-family, White, Male,15,1,44, United-States, <=50K
62, Private,320165, Masters,10, Married-civ-spouse, Machine-op-inspct, Husband, White, Male,-28,-1,44, United-States, >50K
19, Local-gov,335376, Some-college,10, Divorced, Prof-specialty, Not-in-family, White, Male,-25,0,50, United-States, <=50K
40, Local-gov,90743, Assoc-acdm,8, Married-civ-spouse, Exec-managerial, Not-in-family, White, Female,8,2108,85, United-States, <=50K
38, Local-gov,340023, Masters,14, Married-civ-spouse, Farming-fishing, Wife, White, Male,-27,2,72, ?, >50K
17, Private,373240, 11th,6, Never-married, Craft-repair, Own-child, White, Male,-13,-1,37, United-States, <=50K
42, Self-emp-not-inc,392792, HS-grad,9, Married-civ-spouse, Transport-moving, Husband, White, Male,-37,-1,72, United-States, <=50K
30, Private,111594, Assoc-acdm,13, Separated, Other-service, Unmarried, White, Female,-6,1,40, Taiwan, <=50K
55, Private,140499, Bachelors,13, Never-married, Prof-specialty, Not-in-family, Black, Female,-8,2,44, Outlying-US(Guam-USVI-etc), <=50K
36, Self-emp-not-inc,164139, Bachelors,13, Married-civ-spouse, Protective-serv, Unmarried, White, Female,-37,-1,56, United-States, >50K
46, Private,128464, HS-grad,9, Divorced, Prof-specialty, Unmarried, White, Female,-8,-1,40, United-States, <=50K
20, Private,120942, HS-grad,9, Married-civ-spouse, Farming-fishing, Husband, Asian-Pac-Islander, Male,-11,1,36, Japan, <=50K
49, Private,110824, Some-college,7, Never-married, Adm-clerical, Not-in-family, Other, Female,-33,0,45, United-States, <=50K
49, Private,192020, Masters,14, Married-civ-spouse, Prof-specialty, Husband, White, Male,10,0,62, United-States, >50K
25, Private,324607, Bachelors,13, Divorced, Farming-fishing, Other-relative, Amer-Indian-Eskimo, Male,-18,-1,59, Jamaica, <=50K
18, Local-gov,232253, Some-college,10, Never-married, Sales, Not-in-family, White, Male,-55,0,36, United-States, <=50K
35, Private,328051, Assoc-acdm,4, Married-spouse-absent, Other-service, Other-relative, White, Female,-17,1,12, United-States, <=50K
19, Self-emp-not-inc,198404, 11th,7, Never-married, Exec-managerial, Own-child, White, Male,10,2,36, United-States, <=50K
22, Private,45202, HS-grad,9, Never-married, Craft-repair, Other-relative, Black, Male,9,0,37, United-States, <=50K
40, Private,266505, Some-college,10, Married-civ-spouse, Sales, Husband, White, Female,-12,-1,90, United-States, <=50K
37, ?,282284, Bachelors,13, Never-married, ?, Not-in-family, White, Male,-1,-2,35, United-States, <=50K
19, ?,269984, HS-grad,9, Never-married, ?, Own-child, White, Male,-3,1,31, United-States, <=50K
49, Self-emp-not-inc,28464, Prof-school,14, Married-civ-spouse, Craft-repair, Husband, White, Male,12,0,45, United-States, >50K
22, Private,334454, 12th,9, Divorced, Other-service, Not-in-family, Other, Female,-55,0,50, United-States, <=50K
20, Local-gov,91658, Masters,7, Never-married, Sales, Not-in-family, Asian-Pac-Islander, Male,-39,-2,45, United-States, <=50K
27, Private,94918, Some-college,4, Separated, Machine-op-inspct, Husband, White, Male,-53,-1,40, India, <=50K
23, Private,135475, Prof-school,11, Married-civ-spouse, Craft-repair, Husband, White, Male,3376,0,37, Puerto-Rico, <=50K
47, Self-emp-inc,28591, HS-grad,10, Married-civ-spouse, Craft-repair, Husband, White, Male,-3,0,61, United-States, <=50K
57, Private,228193, Assoc-voc,9, Married-civ-spouse, Craft-repair, Husband, Black, Male,6,-1,40, China, <=50K
48, Self-emp-not-inc,250975, HS-grad,7, Never-married, Sales, Not-in-family, White, Male,-69,0,16, United-States, <=50K
62, Private,39902, Bachelors,4, Married-spouse-absent, Other-service, Other-relative, White, Male,0,0,36, United-States, <=50K
54, ?,109992, Bachelors,7, Never-married, Handlers-cleaners, Not-in-family, White, Female,-42,0,40, United-States, <=50K
38, Self-emp-not-inc,35254, HS-grad,9, Married-civ-spouse, Craft-repair, Husband, White, Female,19,0,58, United-States, <=50K
46, Private,97983, 5th-6th,10, Never-married, Craft-repair, Own-child, White, Male,-21,1,40, United-States, <=50K
20, Private,368262, HS-grad,13, Separated, ?, Not-in-family, White, Male,-5,0,30, United-States, <=50K
23, State-gov,297350, 7th-8th,11, Married-civ-spouse, Tech-support, Husband, White, Female,6975,0,16, United-States, >50K
20, Private,302062, HS-grad,11, Divorced, Craft-repair, Not-in-family, White, Female,-33,1,36, United-States, <=50K
48, Self-emp-not-inc,221080, 10th,9, Married-civ-spouse, Adm-clerical, Husband, White, Male,-21,1,40, Italy, <=50K
24, Self-emp-not-inc,288069, Masters,10, Married-civ-spouse, Craft-repair, Husband, White, Male,-33,-1,55, United-States, <=50K
23, Local-gov,331857, 12th,5, Widowed, ?, Own-child, White, Female,0,0,37, United-States, <=50K
63, Private,180504, HS-grad,10, Divorced, Sales, Other-relative, Black, Male,14,-1,40, United-States, <=50K
40, Private,281297, Bachelors,13, Never-married, Exec-managerial, Not-in-family, White, Female,-33,-3,68, Dominican-Republic, <=50K
26, Private,264867, Some-college,10, Never-married, Craft-repair, Own-child, White, Female,28,1,31, United-States, <=50K
61, Federal-gov,108789, Bachelors,13, Widowed, Prof-specialty, Unmarried, White, Female,-15,-2,44, United-States, >50K
65, Private,128885, HS-grad,9, Divorced, Other-service, Unmarried, Black, Male,-5,1,40, United-States, <=50K
42, Private,246234, Some-college,10, Never-married, ?, Not-in-family, White, Male,-10,0,20, United-States, <=50K
63, State-gov,309917, HS-grad,4, Married-civ-spouse, Adm-clerical, Unmarried, White, Male,2,0,40, United-States, <=50K
18, Local-gov,97862, Masters,9, Never-married, Priv-house-serv, Not-in-family, White, Male,3,-1,40, United-States, <=50K
44, Federal-gov,265456, Bachelors,13, Married-civ-spouse, Prof-specialty, Wife, White, Male,-19,1,40, United-States, >50K
38, Private,39128, 5th-6th,14, Widowed, Craft-repair, Unmarried, White, Female,23,1,50, United-States, <=50K
49, ?,42355, 12th,3, Divorced, Adm-clerical, Unmarried, White, Female,-3,0,40, United-States, <=50K
18, Federal-gov,111255, Bachelors,13, Divorced, Adm-clerical, Not-in-family, Black, Female,19,0,51, United-States, <=50K
36, Private,249990, HS-grad,9, Married-civ-spouse, Sales, Not-in-family, White, Female,3230,2,61, United-States, <=50K
21, ?,124321, Bachelors,13, Never-married, ?, Not-in-family, White, Male,-49,0,22, United-States, <=50K
19, ?,102707, Assoc-voc,13, Never-married, Tech-support, Wife, Black, Male,-4,1,57, United-States, <=50K
43, State-gov,36976, 1st-4th,13, Never-married, Exec-managerial, Wife, White, Male,30,0,45, United-States, <=50K
50, Private,258131, 5th-6th,9, Married-civ-spouse, Exec-managerial, Husband, White, Male,-57,0,58, United-States, <=50K
23, ?,102049, 9th,13, Divorced, ?, Not-in-family, White, Female,-39,-1,36, United-States, <=50K
44, Private,29293, Some-college,10, Married-civ-spouse, Sales, Not-in-family, White, Male,-14,1,46, United-States, <=50K
45, Private,269214, HS-grad,13, Married-civ-spouse, Craft-repair, Husband, White, Female,-6,1,45, El-Salvador, >50K
25, ?,187545, HS-grad,5, Divorced, ?, Not-in-family, White, Male,-45,-1,36, Dominican-Republic, <=50K
43, Self-emp-inc,142662, Bachelors,13, Divorced, Exec-managerial, Not-in-family, White, Female,-1,1,40, United-States, >50K
56, Private,321599, Some-college,6, Never-married, Farming-fishing, Husband, White, Male,-21,1,50, United-States, <=50K
52, Private,245364, HS-grad,9, Married-civ-spouse, Machine-op-inspct, Husband, Black, Male,-41,-1,40, Scotland, <=50K
40, Federal-gov,463283, HS-grad,10, Married-civ-spouse, Machine-op-inspct, Husband, White, Male,-43,1,40, United-States, <=50K
27, Private,309340, Prof-school,13, Never-married, Other-service, Own-child, Amer-Indian-Eskimo, Female,-20,-2,30, United-States, <=50K
23, Private,209681, HS-grad,9, Married-civ-spouse, Craft-repair, Husband, White, Male,-4,0,50, United-States, >50K
64, Private,132027, 11th,4, Never-married, Transport-moving, Own-child, White, Male,-48,0,50, Canada, <=50K
38, Private,313232, Masters,9, Married-civ-spouse, Craft-repair, Husband, Black, Male,18,0,61, United-States, <=50K
18, Private,271566, 11th,7, Married-civ-spouse, Farming-fishing, Husband, White, Male,-4,0,40, United-States, <=50K
50, Federal-gov,247620, HS-grad,9, Married-civ-spouse, Transport-moving, Husband, White, Male,-14,2,40, United-States, >50K
46, Private,124444, HS-grad,9, Divorced, Other-service, Unmarried, White, Female,-5,1,16, United-States, <=50K
43, State-gov,35859, Bachelors,7, Divorced, Adm-clerical, Unmarried, White, Female,9,0,11, United-States, <=50K
43, ?,267174, Some-college,6, Married-civ-spouse, ?, Other-relative, White, Male,16,2,23, United-States, <=50K
54, Private,191558, Bachelors,13, Never-married, Sales, Not-in-family, White, Female,-34,-1,44, United-States, <=50K
48, Private,259127, HS-grad,9, Married-civ-spouse, Farming-fishing, Husband, White, Male,-40,-2,49, United-States, <=50K
64, State-gov,41371, HS-grad,9, Widowed, Exec-managerial, Husband, White, Female,-11,0,45, United-States, <=50K
23, Private,289533, Bachelors,8, Never-married, Sales, Own-child, White, Male,-38,1,35, United-States, <=50K
40, Private,178312, HS-grad,11, Married-civ-spouse, Transport-moving, Husband, White, Male,-18,1,59, Guatemala, <=50K
23, Self-emp-not-inc,526825, 11th,7, Married-spouse-absent, Machine-op-inspct, Wife, White, Female,1,0,31, United-States, <=50K
45, Private,257376, HS-grad,9, Married-civ-spouse, Exec-managerial, Husband, White, Male,-26,0,59, United-States, <=50K
25, ?,118822, Bachelors,13, Divorced, ?, Not-in-family, White, Female,-58,-3,84, United-States, >50K
42, Private,135021, HS-grad,9, Divorced, Other-service, Unmarried, White, Female,-14,0,40, United-States, <=50K
21, Private,120091, 9th,9, Married-civ-spouse, Exec-managerial, Husband, Asian-Pac-Islander, Male,-6,-1,22, Poland, <=50K
29, Private,284531, 9th,7, Widowed, Other-service, Not-in-family, White, Female,-1,1,37, United-States, <=50K
22, Private,114370, Bachelors,13, Separated, Exec-managerial, Unmarried, White, Female,-12,-1,50, Mexico, >50K
18, Private,230711, HS-grad,9, Married-civ-spouse, Craft-repair, Unmarried, Amer-Indian-Eskimo, Male,16,-1,40, Honduras, <=50K
52, Self-emp-not-inc,239643, HS-grad,9, Married-civ-spouse, Craft-repair, Husband, Asian-Pac-Islander, Male,22,1,60, Japan, <=50K
43, Self-emp-not-inc,116563, HS-grad,9, Married-civ-spouse, Sales, Husband, Black, Male,-46,1,59, United-States, <=50K
30, Self-emp-not-inc,318318, 1st-4th,9, Divorced, Machine-op-inspct, Husband, White, Female,-20,0,40, United-States, >50K
50, Private,87557, HS-grad,7, Divorced, Adm-clerical, Unmarried, White, Female,-27,1,45, United-States, <=50K
36, Private,496491, Bachelors,13, Never-married, Craft-repair, Other-relative, White, Male,14767,1846,44, United-States, <=50K
48, Private,136346, Bachelors,9, Divorced, Exec-managerial, Not-in-family, White, Female,-9,0,40, ?, >50K
43, Private,255501, 5th-6th,10, Married-civ-spouse, Farming-fishing, Husband, White, Female,-20,-1,44, Puerto-Rico, <=50K
34, State-gov,281727, Some-college,10, Never-married, ?, Own-child, White, Male,-33,0,38, Iran, <=50K
47, Private,256603, HS-grad,9, Married-civ-spouse, Farming-fishing, Husband, White, Male,-33,0,50, United-States, <=50K
31, Private,53632, Doctorate,9, Married-civ-spouse, Tech-support, Husband, White, Female,-22,-2,40, Cuba, <=50K
48, Self-emp-inc,125950, Doctorate,13, Divorced, Prof-specialty, Not-in-family, White, Female,-9,0,54, United-States, >50K
36, Self-emp-not-inc,235944, HS-grad,9, Married-civ-spouse, Craft-repair, Husband, White, Male,-39,2,40, United-States, <=50K
44, Private,108978, 12th,14, Divorced, Tech-support, Not-in-family, White, Female,-5,-1,36, United-States, >50K
45, Self-emp-not-inc,335076, Prof-school,9, Married-civ-spouse, Craft-repair, Husband, White, Male,-6,1,59, United-States, <=50K
47, State-gov,23953, Bachelors,13, Widowed, Priv-house-serv, Unmarried, White, Female,12,-1,46, United-States, >50K
34, Federal-gov,151321, Assoc-acdm,13, Separated, Adm-clerical, Unmarried, White, Female,36,0,40, United-States, <=50K
46, Self-emp-inc,100899, Prof-school,11, Divorced, Prof-specialty, Not-in-family, White, Male,10,0,50, United-States, >50K
54, Private,434307, Masters,4, Married-civ-spouse, Craft-repair, Husband, White, Male,-33,-1,40, United-States, <=50K
47, Self-emp-not-inc,403034, HS-grad,9, Married-civ-spouse, Machine-op-inspct, Husband, White, Male,1,0,57, United-States, <=50K
45, Private,172469, Masters,4, Married-civ-spouse, Transport-moving, Husband, White, Male,-53,0,45, Mexico, <=50K
32, Private,151560, Bachelors,13, Never-married, Other-service, Not-in-family, Other, Female,-22,1,40, United-States, <=50K
74, Private,137872, Some-college,9, Widowed, Machine-op-inspct, Not-in-family, White, Female,-29,-1,46, United-States, <=50K
