0,1,2,3,4,5
3.0,3.0,1.3664987083172806,1.2969664348701526,1.9155282040063484,1.011973214552327
1.8482066319547716,1.7420258736412493,0.9175685098683685,0.0,2.0,0.7295395386438871
1.5873922664961042,3.0,2.6398185026292302,1.7221051245651515,1.8041758082327077,1.2176554364549124
0.0,3.0,0.0,1.516490260327703,2.0,2.0
2.1761216710946942,3.0,1.900546540577453,2.0,1.6162813322894978,2.0
1.960297732284659,3.0,1.799307185658115,1.8003622515553626,1.1649037443371537,2.0
2.702792628457234,0.7937264514604586,2.0867611899273504,1.645213919112347,2.0,1.963846025081902
1.2040296723820016,1.8385672946965077,0.0,0.0,1.542060563862178,1.1470073271595576
1.4790171957111495,3.0,2.3512261587540824,1.8326469462905075,2.0,1.8133606526682071
3.0,2.8825482669691787,1.837116093164898,1.0447256595873038,0.0,1.9204399809778683
0.0,0.892909498697173,3.0,2.0,1.8108864472993527,2.0
2.3623258619718746,2.366036869096497,3.0,1.752025711750369,2.0,2.0
2.065229989498916,1.5533866294403504,1.261083406157771,2.0,1.8244655761391655,1.9647332762301315
2.730057537676673,1.7481820701906265,2.503092949772282,0.0,1.078093871494059,2.0
1.4335142822225055,0.0,3.0,1.191079248982437,1.2145189857526824,1.86549763260216
0.0,1.9647085247583365,2.7257707742467554,2.0,1.22781756862412,2.0
0.0,3.0,3.0,0.0,0.0,2.0
0.0,3.0,3.0,2.0,1.014834512063022,1.8811720070254854
0.0,3.0,2.111138735959181,1.8675683426304417,1.955852993010569,0.6047949594687669
2.012428178703729,2.622330267666069,3.0,0.0,1.7752634862104242,1.728058518460408
1.349941715725949,2.3253512298312,3.0,2.0,2.0,0.34110156068134334
1.9737875997777201,1.27786124196616,1.8202251429896634,0.0,1.09544825126409,1.9028257413629355
1.5128720651006486,3.0,2.0276843916375564,1.1314255381996476,0.8201148401270153,2.0
2.5522451801622004,2.5623234148692315,0.0,2.0,1.219558643068073,1.9107232046660951
1.199517380227389,1.106959893146305,0.0,1.864596978777205,2.0,0.9201883835148745
3.0,2.65556085543713,1.4599519952617328,2.0,0.9822394781612388,0.0
3.0,1.1049141104572064,3.0,2.0,2.0,2.0
1.8512400685112858,2.5630132327514588,3.0,1.4481203469956423,0.0,1.884407643521743
2.968204538261047,1.4522673390409622,3.0,1.889033132516932,1.6885809892723165,2.0
3.0,2.140517998975866,2.5230856361193714,1.2564231527797751,2.0,2.0
3.0,3.0,1.0651650207506436,1.9329185143291197,1.658749660775373,2.0
1.6783786911950571,2.7058519427800585,3.0,2.0,1.6146081351426107,1.9562692766597662
2.425644554591475,1.4084139718540536,2.050757000687141,1.4981238605572575,1.94897960937517,2.0
2.310812499856044,3.0,3.0,0.0,0.0,2.0
2.4577673345611615,2.023585048971872,1.9664367613633864,0.0,0.0,2.0
2.386297602832491,1.0044058961139974,1.1824103311914724,1.970456458835971,1.5485290045497764,0.8499997604606078
0.0,2.136486139074892,1.5911146040922208,1.7393715571091541,1.782377576668279,1.1732034240386713
2.197253680657837,2.6667160748114376,3.0,1.6234295424185592,0.644958743638679,1.9213695525354209
3.0,1.4877911351577628,2.231671373174834,1.6512959260814535,2.0,2.0
2.5535522159776876,2.6315985920254428,2.0637400062872664,1.3209355405043717,2.0,2.0
3.0,3.0,1.6799156122540488,2.0,2.0,1.6984872135319797
3.0,3.0,3.0,2.0,0.0,0.0
2.8223292675370835,1.7221189440034634,1.9664997602633514,1.9625682541941387,1.1444638943881122,2.0
3.0,3.0,1.0139798497780828,0.8397398407865169,2.0,2.0
2.309475835982411,3.0,2.327840466388416,1.236091613863145,1.7216474902398993,2.0
2.349832592472415,2.8554429040812743,2.4452903729827216,2.0,1.7258785878799392,2.0
3.0,2.332457839533267,3.0,1.4751619963229619,1.7493351975971283,1.0718570992057532
2.6573346500314887,2.079336098949563,3.0,0.0,1.846050295960897,2.0
3.0,0.5060258062510431,0.0,0.0,1.5557336126429684,2.0
1.5027424075917581,1.4843076882957364,1.3281418500209377,2.0,1.725405330596388,1.896194024304336
1.1123933399436985,3.0,1.5470111301627874,0.0,1.7606704046712063,0.0
2.299652538871432,1.6466444939676437,3.0,1.4700348314491753,1.4246677624396216,2.0
1.8765806594421341,1.9875193594733953,2.457029077331654,1.9641186377036872,0.8973345301209928,0.0
3.0,1.7018910904799158,2.3003527475792604,1.420875344910867,1.8241518728231427,1.498135108031173
2.6704950195750965,3.0,0.0,0.0,0.8317617505669659,2.0
2.126406852388462,1.9490773791057285,0.0,0.43224370426964265,2.0,2.0
1.2834997944613442,2.8136276643652014,2.007210266160931,2.0,2.0,1.7038151261546233
0.0,0.9583331718251789,3.0,0.6110819707131134,0.0,1.3260509501267979
3.0,3.0,0.0,2.0,1.5854395298649757,2.0
2.2069025741682267,0.9858449657072116,2.8754943320761863,2.0,0.0,1.6923185420572184
0.0,1.2376772531117632,0.28202373628747535,2.0,1.4258261157677246,1.1601631292561585
0.6632929873903566,0.0,3.0,1.3201045668320741,1.6522798836977906,1.3233644218514418
3.0,2.990914622643545,1.7244391084476078,2.0,1.023197072606775,1.977353049030579
1.5089577679485415,1.8894704851454303,2.1227782119079825,2.0,2.0,1.252605622261097
2.7903706155428436,1.1361424736161838,0.0,0.0,2.0,2.0
2.7446339606025276,2.4862876633974995,1.904403137676602,1.852360048929035,1.078894712388825,2.0
2.7162633086442645,3.0,2.6357994481210243,0.0,1.5444362311965363,2.0
2.662713955660033,2.1170399194377296,3.0,0.0,1.1554724253369506,1.9970200332036905
2.1304683503596378,0.0,3.0,1.6063889195548546,1.7629182040998104,2.0
3.0,1.59898471239726,2.028395278424741,0.0,0.6170858707617521,2.0
3.0,2.0960936701313826,1.5702169312720569,0.0,1.974700488866097,1.3334008518506257
3.0,1.9871404582640637,2.48115913361813,0.0,0.0,2.0
3.0,1.9003562418994495,0.0,1.0081221894181625,1.7455426903891462,0.0
2.695967432571449,2.8664286182474386,3.0,1.6741401453180127,2.0,2.0
3.0,3.0,2.8162974261047076,2.0,1.747685810504478,2.0
1.6088771717565582,0.21577268763299692,0.8293256204817147,2.0,2.0,1.8863356918271506
2.164463368155117,0.0,2.412597468800892,1.0845297619419632,0.0,1.4379825905375683
1.5393581789884891,1.648947973100342,1.526648926521581,2.0,0.0,2.0
1.7325838666977458,1.279700019050543,0.0,2.0,1.0214676195421726,1.375136650060757
1.3367950123233165,1.838082539207923,3.0,0.0,0.0,1.9683167600059126
2.1520901791638347,1.303764513610845,2.847122077314059,0.0,2.0,1.9266880577454772
0.0,2.1663610482534232,3.0,0.0,1.4558992479081874,2.0
2.436639483511628,1.9058727793085173,3.0,2.0,1.7637085585243084,0.0
1.4703379897170927,2.1763095627624582,1.6552632759502783,2.0,2.0,1.0301678969205812
1.9498286529102187,1.8825070739088647,2.3528360607760663,1.245871278435317,2.0,1.4919655501036049
1.6918277664706973,1.5130476364627643,0.0,1.3657668766946094,1.180244945013504,1.3528622638777141
2.087839617814061,3.0,2.0123050687196185,0.0,2.0,1.9370673518114483
0.0,3.0,2.6928089323256064,1.8399362636376628,0.0,1.090647958233391
3.0,3.0,2.411781000938358,0.0,1.854744112811072,1.508481821761585
3.0,1.0013724427783364,1.9355815062578445,0.0,1.9195896746554282,2.0
3.0,3.0,1.76131652312304,2.0,1.5601203097967904,2.0
3.0,0.0,3.0,0.0,2.0,2.0
1.8803602056143855,2.1381714183133638,2.473187790324602,1.5113314038359547,2.0,2.0
1.9988756028694694,1.9103737419090783,0.0,0.0,2.0,2.0
1.8342088986628857,2.3812544013413115,2.6539976332291695,1.9640477461504713,1.1023486506115798,1.841054740303165
3.0,2.563008977744452,2.9542259072079675,1.9343370978095935,2.0,2.0
2.1638927226328644,0.0,0.877694257582382,1.5828188106211907,1.592082635046498,2.0
2.870712456116239,1.819925216010794,0.0,0.9660128899140603,1.06685248900214,1.789724010803627
2.752761763287506,3.0,2.052512033809679,1.766369302028124,0.0,2.0
0.0,1.8179403105623666,2.011859662265905,1.809628013380875,2.0,2.0
2.107288949365347,1.1636624034624952,2.9773369830030614,2.0,0.7390732838577247,1.9898701146162039
1.970194409941349,3.0,1.9221661519562776,2.0,1.777257603142525,1.4025999908192965
0.8214072630086804,3.0,3.0,0.0,1.696318947162475,1.0402664561019186
1.8641522399601667,0.0,3.0,0.8810216716000783,0.6814368578202494,2.0
2.3865588789910483,2.2924946918231996,3.0,0.0,1.0452221999399613,1.6966660274530954
1.8753788161835174,0.0,1.9959812272840822,1.9231460872002626,2.0,0.0
1.9933813764984876,3.0,2.3388274715529795,2.0,0.9479682215299661,1.9443562340431524
2.1815352562337087,0.0,0.2422620298018528,2.0,1.796887076656743,0.9958844937849346
1.782400712802071,2.355865558781189,3.0,1.481895878740875,2.0,1.2638923445203694
2.521588675433746,3.0,3.0,2.0,2.0,1.9950945364446708
1.2820443351503676,1.6054324049427462,3.0,1.9587323636247187,1.8515746260628667,1.7952572645094724
3.0,1.4764424872644826,3.0,0.0,1.7959464078793501,0.0
2.9926723758315075,2.926830180762081,0.0,0.0,0.9982455431408087,1.1694746345791558
0.0,3.0,3.0,0.7433094519053141,1.727275383397873,2.0
3.0,3.0,2.879189772219324,1.8155355699424822,0.8453979353967042,1.8709070509162324
1.3898762529492095,1.1823887968275357,1.750452616461983,1.9656342199404344,2.0,0.18102910061233124
1.2640866163413105,3.0,1.9304359251124759,2.0,2.0,2.0
3.0,3.0,1.9994782098115178,1.4415394878007293,1.2029909022262801,2.0
0.8015076211044149,1.9376149090908645,2.3573529449388606,1.445733768194751,1.2763782361112774,1.167924443578941
3.0,3.0,2.5502324002095835,2.0,1.5335980839180856,1.3697865577247323
2.0591782661389253,2.421412139143095,3.0,2.0,1.9085615136648184,1.3170186132640582
3.0,1.7031715816198136,2.1042770436354603,2.0,1.4746866854033485,1.808461446395188
1.7013887134734393,2.4099214879639703,0.8541838225023202,1.6302827927269758,2.0,1.5330364642294774
2.5681468034483785,3.0,0.0,2.0,2.0,1.6791037036996506
2.839395895497884,3.0,0.0,0.0,1.831144095073923,1.1030487983992399
0.0,1.0227272647126264,3.0,2.0,1.5682464519669814,1.4476832313169399
1.4346662570328692,2.030014586340692,1.9394112877052145,1.6996968763708646,1.5622954887063671,1.096958179764511
2.6766619097141753,1.8536176914328186,2.858018542028544,1.2745248582055342,2.0,2.0
0.0,2.0376066835935758,3.0,1.6943738314761883,2.0,2.0
3.0,2.2686067083178085,3.0,1.1640613409482552,1.9751622360733978,2.0
0.0,2.819801077316357,2.0169561928894044,2.0,1.7362715471312682,2.0
3.0,1.7538655764071618,0.0,1.8547589986257647,0.0,2.0
1.4325106676674888,1.5284781659123572,1.996202899585932,1.9550958618711616,1.9911426188569483,1.1793572178244622
2.7900761065006776,2.5884042217716,1.710185942641704,1.6629868791933662,1.9227749025851097,1.904101525918788
1.8509074240988048,1.7642674881878067,0.0,0.6650898698903412,0.98410588371796,1.7156253098373173
2.4534972315009136,2.8624266445258426,3.0,2.0,0.9946378480491717,1.490038968129121
1.2319407679724148,1.9379654276274116,2.0810278987806377,2.0,1.8759290045516996,2.0
2.9645128186457916,2.0588848878190245,3.0,0.0,1.164921693088495,2.0
2.3863071200058283,0.0,0.0,2.0,2.0,1.9697054137814582
0.0,2.585182485058329,3.0,0.0,1.2400429555553394,2.0
3.0,1.087863416935395,1.7692675018180404,1.6443257769165387,2.0,0.8805527923353006
3.0,1.875832721729485,3.0,1.1901216613317587,1.042765923338075,1.0640905100790146
1.0044282500110622,2.740262554335701,1.9769714239948664,1.4751284631920216,2.0,1.1161873358755796
1.2995717198016916,1.196690530681972,2.459754769921006,1.0300663906537035,2.0,2.0
2.1552071608709324,2.5916055916680825,3.0,1.8568092910607175,2.0,1.0936886532852923
2.7890675777381393,0.0,2.191498716151904,2.0,2.0,1.9889838101752766
0.0,2.0169502494436387,2.813008610331896,1.8999419826520432,2.0,2.0
3.0,1.8138361978914133,2.2668339659044934,1.3554953535731413,2.0,1.7941708771364584
0.4597928193718466,1.944640495496877,2.108386173825063,1.687353972708788,1.898904111836642,1.4694759934541102
0.0,1.468244603844275,3.0,1.9931634953766064,1.1826353596680195,1.9810772954899927
1.5576906969000188,1.8710409233801781,3.0,1.2084329770990074,0.0,1.7412986229194483
1.8131257682934108,2.0675927936882688,0.0,2.0,1.5240297697366199,0.9239798826657135
2.1288877823317156,0.0,1.0066113082687311,1.0381742977465982,2.0,1.5907969960684858
3.0,0.0,1.6904671154420703,2.0,2.0,1.9472330677147585
2.6922313094745203,3.0,2.1266019985469264,0.0,2.0,2.0
1.4564545874218562,3.0,0.5536920653962063,1.9830121226280841,0.9076341115784262,0.8965720255521807
1.976678578740618,1.1647335465172959,3.0,1.5904761961496092,0.0,2.0
3.0,1.194843763639834,3.0,1.817805892052124,1.881326203492057,1.4946543534761934
0.0,1.9599815940001073,2.0663794765779215,2.0,1.415549842845612,2.0
0.9496566573552682,2.0557369652864894,3.0,2.0,0.0,0.0
2.3285507636465765,2.472990272936988,3.0,1.7872880819997536,1.9275192210356624,1.0782876605878282
1.8236792139992084,0.0,2.6721742231402175,0.5440755217429958,1.9427348974031302,0.0
2.0843879847376034,3.0,2.5197571863060535,2.0,0.8960662773747715,1.5012107942970236
3.0,0.9242441882688318,1.407515247601174,1.8671666503567366,1.826170753605167,1.7319149268486969
3.0,2.075394870148247,2.1635564644178076,2.0,1.1284197365242425,1.9105592970969099
3.0,2.1592810124449424,2.2107174456402974,1.9670736354732719,1.2795464761870927,1.4086695191191874
1.9884110210611803,1.8048267381354155,2.1652759117416824,2.0,0.0,1.9195550162693062
0.5665484957823272,1.1923577706075026,1.854111788659936,1.3993534703772104,1.691862348048078,1.0535003735984372
1.965330824335106,0.0,2.44855999859698,1.6622908573819615,1.9795985756815704,0.197695814256436
0.0,3.0,2.4840768066471495,1.5525671470735356,1.1297814319902477,2.0
1.0570012188488522,2.1622508545413757,0.0,0.0,2.0,1.0534660650945553
0.0,1.7660910881988654,2.3197876894805716,0.0,0.0,2.0
3.0,3.0,1.6971986567608564,1.9776607892762443,2.0,1.0614910366203294
2.1581689587837993,1.6983087779281765,0.0,1.1048819444416342,2.0,1.6909953859970024
2.4685485911371257,2.215046458715479,1.9648601842489581,0.0,2.0,2.0
3.0,3.0,1.2745758075217535,2.0,0.8736764092372022,1.9758272530972012
3.0,1.9942704382699425,2.728832466567387,2.0,1.6406127119891436,2.0
2.735308346105372,2.6399320405027527,1.9205410866657868,2.0,1.9577238241960684,2.0
1.648349260013488,2.754676758844214,2.2685195004578653,1.0718644655580236,1.563958489161322,1.7605475832758708
2.7170009955588843,3.0,1.972407897531921,0.7718857684094036,1.6427023256671784,1.808802836409341
1.205453799831388,2.4712887479581624,1.1591114110582135,2.0,1.224938421702213,1.9151686110696287
2.9610917839791213,3.0,2.8784681336879485,1.6868203752063762,1.9337415443942183,1.2619525045035385
1.0277289667065888,2.599591458789752,2.7770542601928083,0.0,0.0,2.0
3.0,1.5737426092432982,2.6295726761995373,1.0286576503538738,1.7877165610117074,2.0
3.0,1.8062317490154631,3.0,0.0,2.0,1.9230604177599004
1.9004204519318681,3.0,1.452068146352068,0.8018065145505002,1.706466553208959,2.0
1.624549263126883,2.621810073512437,1.0740896509336137,0.8185441895646688,1.0902329441016267,0.0
3.0,3.0,2.2624418636008716,0.0,1.0295412533180568,2.0
1.682469721272293,0.18557146396176616,3.0,2.0,1.6632665399665325,2.0
0.0,2.083283496173591,3.0,1.9613838019546974,1.6865898829118273,2.0
1.437121640611327,2.0546929732848125,2.0705573475303853,1.3981457879173835,0.9095668401506408,2.0
2.2250269819616397,1.827573537056855,2.477761310083754,0.0,1.8918948200871686,1.8661730728634065
3.0,1.340886506006819,1.1360082001120255,2.0,2.0,0.1534387309000007
1.6610707542851484,3.0,3.0,1.2355424947179634,0.0,2.0
2.0009797834128875,2.158460509286512,2.486171551453387,1.4283596547137032,1.5277427002430728,1.9231486912086426
2.545555283523116,2.0638232296748393,2.899533939326083,0.9500696059277934,1.0308431740112263,2.0
2.7617279916462634,2.668565975012353,1.5029665664550003,2.0,1.6861307225359736,1.9695355189395376
0.9123196540996034,0.0,0.0,0.0,1.0722188939128103,2.0
2.0399984419364174,1.1542175235191403,3.0,1.8919991004749308,1.9706575616793893,1.9771343984757177
0.0,2.3703852675018657,1.8642358855085723,1.3258098952610038,1.8381777061506868,1.491495752830358
2.090774531716392,2.100098858845735,2.0047123632894146,0.0,2.0,2.0
1.7854978909529293,2.109518801645344,3.0,1.9918903278323965,2.0,1.4378443927219586
0.6576934453945953,3.0,1.5920177579129995,0.0,2.0,2.0
0.9063168557992644,0.0,3.0,0.0,1.9043618238346904,1.9574158588400024
0.5401929560152366,0.0,1.897461914872164,1.01530854831803,1.9970912260365958,1.0180550840801217
1.0517853244685886,2.7862202713303166,3.0,1.9947812198626202,2.0,1.1622156584400103
2.989160931678376,2.629073258232803,3.0,1.6835240259884472,2.0,2.0
2.88074414439562,3.0,1.5927886799188817,2.0,1.1402475680100141,0.0
1.8587849265895444,3.0,3.0,0.0,0.0,1.998162844186877
2.860928846651041,1.8929907489380127,2.595673330852062,1.1628794625039127,1.8113770348281195,2.0
2.156501384333289,2.062493795112023,1.4726163142471338,1.9761159006713938,1.392537271553812,2.0
0.0,3.0,1.6134908444026264,2.0,1.7579830015959477,1.8243497816446457
2.294761628891646,3.0,2.937307857272678,2.0,1.554083902877125,1.183506668020668
3.0,1.9968066912647624,1.037685969910748,2.0,0.8879950518682491,2.0
1.9462942790609756,3.0,2.789295130920606,2.0,1.8519834623723366,1.0284826388418993
2.943695118823869,0.12355548160901014,3.0,1.5204276127296223,0.9599256752764723,1.9953952162555706
0.6221868028515183,2.2323710960805734,2.71870661951079,2.0,0.0,2.0
3.0,3.0,2.0555296451284613,1.5348016412701606,1.9797488991465728,0.6191249427454932
2.231268472891064,1.42064160948097,2.062829729064626,2.0,1.9272529049772678,2.0
1.9757390079214103,2.3289793176940754,1.0078552183257505,0.027633799178098273,0.6877368451311624,0.9721673183082556
1.1410090043986267,2.5589008431867106,2.3148407543739875,1.2148392116127047,1.0035710730424114,1.2047511311292416
2.429950405529162,1.1508718784822842,2.2380747560587215,0.0,1.1631906001390877,1.0972639599015142
0.0,3.0,1.8800675804295075,0.6073914024405689,1.8308566982229824,2.0
2.80738134586382,3.0,1.5177671376971995,1.8282701633323688,2.0,2.0
1.99835157091751,2.155531150305685,0.0,1.6907932438786535,1.0110997328498155,0.16838335344640354
2.822381532147768,2.6506528140498995,1.7845398056270592,2.0,1.1102448407504646,0.0
3.0,0.0,1.5579922796681036,1.00716263941497,2.0,2.0
0.0,2.1322711629219118,3.0,2.0,1.5835039299703673,2.0
1.3709416217597385,1.6034882614205146,1.804436591431767,2.0,1.8607027525547974,2.0
2.5522243521483277,0.7705206895549322,3.0,1.5599924329382393,1.7699910527020146,2.0
2.256296543206366,0.0,1.4045698532243176,2.0,1.0486676655373814,2.0
3.0,1.5901508617061386,2.9626449161195128,1.9237714713716683,2.0,1.811848389852265
3.0,2.0207639504814376,1.0959265325275802,1.4406724765711045,1.5244889106000086,2.0
2.8924939103022047,1.9538192100264493,2.409877617781076,0.9963179280090123,1.0419997297683392,2.0
3.0,2.1840136558567855,1.29899426517027,1.824381966153717,2.0,0.0
1.386324307233739,0.8634253419076979,0.7839946296070549,1.452983614417782,1.9589136229157136,1.997165883200351
2.1061610251473746,3.0,1.6726645497198926,2.0,1.9027371722006008,1.3388068563657303
0.0,2.000901086448146,1.100530659611061,1.7939123523485017,2.0,1.0746528271677123
0.0,0.9872687597806447,1.4550367706035388,0.0,1.4633412975013207,2.0
1.9499456308090521,3.0,2.130771332199253,0.0,1.8550328701629124,1.3962577948240087
0.0,3.0,1.5424433375849138,1.193134502953574,1.7716639384671407,2.0
3.0,1.3567215731957134,2.299571972038069,1.147696326673033,2.0,1.5765158849492602
1.8501491844031155,2.428001829066597,1.6631396582430498,1.5062870577474654,2.0,2.0
2.2609857651563137,3.0,2.0456056144205346,0.9016333788674338,1.574101332218009,1.9811498720336558
0.0,0.0,1.4754897001787204,1.9376153829092775,0.9405091947976436,1.917818816326416
2.0594648667761284,2.148292026969943,1.3496965382743789,2.0,1.1343123374942892,1.9444434876929781
1.6837433469501812,0.626714123530579,3.0,2.0,0.9896930327519966,1.026186560060164
2.2503178602136042,3.0,1.8248475406104652,2.0,1.9822605468486443,0.0
0.8136126216750624,2.730843108241848,2.2950270786443934,2.0,1.6550016929048899,1.8203956193706192
3.0,3.0,1.8528441293156241,2.0,0.0,1.9414036072023173
2.4867056216784933,3.0,2.1264375185304534,0.0,1.050815149225996,1.1146911545242508
1.3038139184889046,2.1591977787266803,1.9181276053397172,1.85209314504797,1.6396188523799236,0.0
1.4161469682524896,2.2164006742303344,2.0955713118190338,0.0,1.8141605524650877,2.0
3.0,1.328235175724053,0.0,2.0,1.7252067265607804,1.806025947034109
3.0,2.1864380097913334,2.2644579856334976,0.0,0.0,2.0
1.9594919653820637,2.7594170264741087,2.320135255783456,2.0,2.0,1.7027363700511797
1.2553395348836895,2.3752719252495296,3.0,0.15768972349832222,1.6343323997284038,2.0
2.3776751215025755,1.8309261593860013,1.311907304814952,1.9604100152293356,1.8528959758911725,2.0
3.0,1.5215303402837523,2.1824359673682685,2.0,2.0,2.0
3.0,3.0,2.0247409367578597,2.0,1.998477833846128,1.6486375749688498
2.0325753230389796,2.0927841375205225,1.5743720944047164,1.4662846994456529,1.956388723386575,2.0
1.784151380876172,2.1339593177088383,2.535964444969199,1.8796825193407423,1.5252091579701554,1.0183597488714624
0.0,2.418837697480228,2.0362118468081016,2.0,1.2413756912168292,1.6447301852605973
3.0,3.0,3.0,1.8714093991449552,2.0,1.4941597082362619
2.5939701785290707,3.0,0.0,1.8156282101548968,1.997884241104109,1.5760873551674996
2.0062988520787597,3.0,2.0447362009576526,0.0,0.3273926550818764,0.0
2.3501841160343586,2.1872494071244253,0.0,1.0350380510013137,1.759901972981781,1.1617197045330294
3.0,2.878164830701596,3.0,2.0,0.3989145684701364,2.0
0.3487890102593651,3.0,2.0381027338071482,2.0,0.0,0.0
2.9486047399415707,3.0,2.2694319077740994,1.0188084114966847,1.7419634604808745,0.30997414948248947
3.0,2.8716141354739686,3.0,1.3238147937396698,1.883420870516944,0.8608258918955944
3.0,0.0,3.0,1.2171478413030803,1.0904981699084075,1.8003047162518135
1.0726771419557914,2.8370351587578226,1.4522222839686512,2.0,1.503901691295694,2.0
1.6712279414510045,1.9917346295403997,3.0,0.0,1.5825713163423176,2.0
2.646054583218714,2.2914853697110016,3.0,1.1738792300399439,2.0,1.3016581718756344
1.5738507984013401,3.0,3.0,1.7966632375669846,2.0,2.0
1.1848962316491458,1.5224228933197839,0.0,1.584988133805096,0.0,1.6141232768866445
3.0,0.506010161861934,1.8022691538973141,0.0,0.532027649109233,2.0
3.0,3.0,0.0,0.0,2.0,2.0
2.2022050715866417,0.0,1.8658502959674483,2.0,1.7325685075808863,1.9459531635142042
1.9544942761915856,1.9969337604154398,1.1988842891087865,1.241648132377051,1.4612529588211698,1.194738000231125
3.0,1.8297192462922574,3.0,2.0,1.9981260990158165,1.9068079114245464
3.0,2.0039919686781777,2.0289491001004176,1.9962891514016243,1.7011133180373634,2.0
2.0254966911122088,1.7995455633399307,2.584733022433558,2.0,2.0,1.2466080937135808
0.0,3.0,0.0,2.0,1.277050335610598,1.9843402090065307
3.0,1.7090505102674058,2.6739946626720204,0.0,1.5617750974983267,2.0
0.0,1.3120089306431078,1.4583377223392686,1.3189747037278479,2.0,1.385419577168151
1.692080019117843,2.478098879488515,3.0,0.0,2.0,0.0
3.0,2.3231174892596163,3.0,1.8491040811174095,1.7238321850667582,1.4890518884850743
2.901487353440506,2.215492849361831,0.9572698133721828,0.0,0.0,2.0
0.8795510165403434,0.9819653989297042,1.9152109231360102,2.0,2.0,1.6520923485568535
2.7199248260971247,0.9450500194888489,0.9767160718730995,1.3937245370778835,2.0,1.4551347383251996
1.7302693219804302,3.0,2.840020941123741,2.0,1.9084717499369588,2.0
1.9025919409640086,2.2705712870087784,3.0,0.0,2.0,2.0
0.0,2.346744253339677,3.0,0.0,0.960832204139858,2.0
2.141802902476339,3.0,2.0028201442248563,0.37052068234581503,2.0,2.0
2.9225776811070006,2.366740498137387,0.0,1.816629143664347,1.5173896133976363,1.065897911379536
3.0,3.0,1.0907065906561886,0.0,0.0,2.0
3.0,3.0,1.5745074562515047,1.0035113155565931,1.2558287926719207,2.0
2.831560855768343,3.0,2.7105960010858516,0.9813160444859136,0.9556021432717373,2.0
3.0,1.8681354026256998,3.0,0.0,1.3098039905302392,2.0
2.474241304354535,1.9638762415248028,0.0,1.2227345808543983,2.0,1.697111201894199
1.5849717512222399,2.182069190024612,1.8742711874468898,1.0412182536836665,1.8378251269801646,0.0
2.2732737167073056,1.7064987864265593,3.0,1.2546226189291638,2.0,1.002133027679884
2.847123979031523,2.257567455692905,1.3989113020738064,2.0,1.19046727131732,1.5339886467974964
2.053159519439808,0.9587525266034062,2.7709721205866042,0.0,1.1658803051601505,1.9993677899043585
3.0,1.9405601608710767,1.9793966400559118,1.9915185997111813,1.5167488907675188,2.0
0.7379695894158701,2.819805558349627,3.0,2.0,2.0,1.0926943828959836
3.0,2.1399179249288256,3.0,1.5488973328343865,1.834625575714145,1.2773370968521782
1.9429343998863675,2.8619234340534394,3.0,1.0210739113604095,2.0,1.7949244686414376
2.1851423549198845,0.0,0.32549765069783837,1.9960841596220786,2.0,1.0413728214559685
0.061138979910402964,1.7049620567157426,1.2221706516544855,1.0497744446673911,2.0,1.147123782220277
2.201399063641825,3.0,0.0,2.0,1.6011587392828361,1.4862288015049683
1.9492546130562998,1.5627110087008416,3.0,1.1337470890375392,1.9966842784512076,1.1861195097525128
2.820016857700197,2.0980583968288946,2.174281665447786,1.1623982272965394,1.7009193236944846,1.9633365604499444
2.1686335091077016,2.2022815888722476,0.8311366060280962,0.0,0.0,0.8968586200959955
2.7193955936620022,2.806944269920812,0.25526472483591744,1.9511774810278752,0.7313334927807694,0.9855063815726695
2.1325409856090425,2.3539702297574534,1.3371674572674292,0.0,2.0,1.7423373959712107
2.4798323574734398,1.3963391092980337,2.067354714659632,1.9277994231194795,2.0,1.5126875538551607
2.0162152779637763,3.0,0.0,2.0,1.8390101534888061,0.0
2.2247256236353894,1.8122696351822498,2.7425680912519175,0.0,2.0,2.0
3.0,1.7109688262541787,0.0,1.9632158250434257,1.8748744712650445,1.595314300966781
3.0,1.0161274327467837,3.0,2.0,2.0,1.263832320152298
2.552418507228755,1.8370604410949563,0.0,2.0,2.0,1.6784285599048228
2.0524999760648144,2.7344007032820064,2.335486513706037,0.0,0.0,2.0
2.7209014893906187,0.8302211395942493,3.0,0.008304425386764458,1.301471873494152,1.0067596109180346
3.0,3.0,2.987137941783684,1.9217913101343407,2.0,1.2954734256562845
1.9480174622823259,1.794800708867197,2.6464814752878913,1.8963190067375915,1.4716530812147375,2.0
3.0,2.6874550346352244,1.9241226369143405,1.5076313057722002,2.0,1.5230520230437021
3.0,0.0,0.8967014823894526,1.5934985134127189,0.9554843506591575,0.0
0.551586540933939,2.009610547450397,1.3630815215743168,1.6524354131574697,2.0,1.224666510141166
0.0,0.0,1.5138855065220576,1.883218233166603,2.0,1.8683420822511625
3.0,3.0,0.0,0.0,2.0,2.0
0.0,2.706040734315932,1.087024572302854,2.0,2.0,2.0
2.014220586448643,3.0,1.8096174485510301,2.0,2.0,2.0
2.2381978326372622,1.8763720169538516,2.220776397518003,1.1435968043576228,1.282321024176827,1.8720880369281387
3.0,2.1924068137516706,2.094338355466635,1.114070498685087,0.7909005339675172,1.7214768741625885
0.0,2.5101858105290242,0.9389000368570521,0.9158630251120977,1.9169787477618843,1.6571365393409554
1.649847255050527,2.2172619387220593,2.8868975577015874,1.305572526308227,1.2629698960966596,2.0
0.046553098955635544,2.3464407647573933,1.9236778135028674,2.0,1.1362921043016005,2.0
1.9483095863928714,2.351341962429848,2.3127305480085525,2.0,1.9525644780995917,0.0
2.352361298941993,2.6334623660907774,1.8089898357718863,0.0,1.5071332982545012,0.0
2.8576526963031625,2.0341358681950226,2.8329690225310857,1.6900027203098167,1.9118189970172343,2.0
2.201377237485523,2.0259608032184633,2.3851836959842827,1.9089576788992755,0.0,1.360587590280907
1.9828858851982682,2.4965842888278464,3.0,0.787618745862696,1.2641590103606422,2.0
1.4559282703686294,1.8016253875270793,2.8606086455014625,0.0,1.8655569460244887,2.0
3.0,3.0,1.2582807467056816,0.9201439665009107,0.0,1.2050715719819611
3.0,2.1945819500820343,1.994539491787813,0.4096656582252497,2.0,2.0
2.0337015633009417,2.284460811161349,1.1380174302376576,0.0,1.7412518437198283,1.9987400520166956
1.8662651717691048,2.975563312910193,3.0,0.9452904186297941,1.4848924067116438,2.0
3.0,1.1758442382046854,3.0,1.7244867845889211,1.623888700979956,2.0
1.7917725349294984,1.547679794236954,0.0,1.9815186663236282,1.9618012681956576,2.0
2.1792835679594793,1.2123880785592451,2.873636268046476,1.011537853049416,1.6965086111323378,2.0
2.03216712842731,3.0,2.313227317202372,2.0,2.0,1.6687280282572299
0.0,3.0,2.878296772484384,1.4236489599574222,0.0,0.0
1.9419427828638234,3.0,1.9016219197463347,2.0,1.754173308667185,2.0
0.7545301310177832,3.0,3.0,1.550470896552949,2.0,0.8640777532483197
2.334322071358193,3.0,2.305797464804306,1.264817802002887,1.0132761505793837,0.0
3.0,3.0,2.3585623369316755,0.0,2.0,2.0
2.0792969268601356,3.0,0.0,1.2332256505849948,0.9936785613648144,2.0
0.0,3.0,3.0,1.6848412455536115,1.0488023444149366,2.0
0.0,2.017988171309739,2.2428821378274506,1.7381353182158692,2.0,1.0814547859645296
2.275299276568064,1.6060643914416333,2.045581686273583,2.0,2.0,2.0
3.0,1.4661077210657898,2.5472889817899778,2.0,2.0,0.0
2.3542407959489142,3.0,2.0604693724026952,1.6654070564995487,0.9246458460925613,2.0
3.0,3.0,1.2466615135833892,0.0,2.0,2.0
2.9591407277459383,0.0,2.9789417707161956,1.52741161003973,1.2102140410424553,1.2045324211230863
2.9343720402765414,3.0,1.3932826153543578,0.9720485264728214,1.2987004892855616,1.4274007339055153
2.4607884896525354,0.0,1.9920200110680606,1.3403622144583736,2.0,1.9352830905188652
1.6056136834119488,1.006889548735481,2.059042300591255,1.2619187189555117,1.0946520888675486,1.4585773667526079
2.5868861520110165,1.3875477848530753,2.1992315564459894,0.0,2.0,2.0
2.048891819893347,1.82039003973096,2.2468951321129786,2.0,1.6595522464747696,0.6602213103719841
1.8970270131153228,1.385230283264501,1.2389347485227187,2.0,1.0622761019635099,2.0
2.6739003672054555,2.045226038567542,3.0,0.0,1.5806860880715723,2.0
2.164204684795756,2.1339094926978164,1.4622760522270961,2.0,0.0,2.0
2.669535379883163,2.2328659657510777,1.3383226064195375,2.0,0.0,0.6857497116992424
1.786070475081162,3.0,1.6221911850305235,2.0,2.0,1.0673124103229952
2.3836919610954013,1.4161045550427607,2.1384013832467366,1.853626679480241,1.2230889330149357,2.0
0.502274664111021,2.527556352631236,2.018887359708785,1.4085325576187442,1.8257098173069337,1.2073689072596188
2.9248102096300768,1.7285967641883109,3.0,2.0,2.0,1.9141017566520886
2.412382200655922,1.983228289090989,2.897776159846887,1.8950479194320926,2.0,2.0
0.7491783608378746,3.0,2.628997975466084,0.0,2.0,1.5437961455928093
2.890722350413989,2.4257903797295746,2.688765165246773,1.1861042933535995,1.9207842376277968,1.2613515744519979
2.905360908489399,0.01219486238330348,1.4148499811759936,0.0,1.8254611809486745,2.0
2.959483076449258,3.0,1.7129624489352784,2.0,1.6666417454098132,2.0
2.0122447419287552,0.6985634075075662,1.9891834982916894,1.886320383637822,2.0,2.0
2.687637087019258,1.9554651111795212,1.389422116872809,2.0,2.0,1.7483292188527533
1.3732831180500995,0.7339462562894497,1.5851888957612723,2.0,1.9069860190055459,2.0
0.9714134369407074,0.8233596414635036,2.6795694075265803,1.9031108668663053,2.0,2.0
1.1575002071808194,1.377963914855975,1.5579801461050324,0.0,2.0,2.0
3.0,1.9175914358544894,1.791713006188422,1.1520171479526442,1.63188112539923,1.3380781155438901
2.8517108698977176,3.0,2.8978502112846227,2.0,2.0,1.5023694556177163
0.0,0.0,2.068396528619718,1.871661446929335,1.920993980515975,1.5826277139109883
3.0,3.0,3.0,2.0,1.1871228544130121,1.7648387734805366
2.6236398882493672,0.8067301222061078,1.4030693774754575,1.5787304408713778,1.7115922927828717,1.925690789550404
2.743972577475906,2.139503014981596,0.0,2.0,2.0,1.459294163321414
1.5336974135617145,1.5749683513530648,3.0,1.923815501279147,0.0,2.0
1.004620882997998,3.0,2.9393485275268025,0.0,2.0,1.3621680400441067
2.1204078001520856,2.62862266784454,1.4967225514249844,0.0,2.0,1.8605317785421924
0.19401188794444085,2.9081984385064485,2.5564261783777744,2.0,1.156428784754564,1.0202965782153122
2.509257612519948,3.0,0.7916864873239887,1.215046768638999,1.4037913052681348,1.7193179773601992
1.6878107135998661,1.674271936808342,1.8897963307272647,1.240763958650241,1.8047712880789455,1.294299120494786
2.3485126074642686,0.8819623066218413,2.9723350510978426,2.0,1.3511873533331533,2.0
0.9950289206881058,3.0,2.8540633567584277,2.0,1.7441750781317897,0.7072244253190534
1.0677422545526527,2.679600713503043,1.380260016426574,0.0,2.0,2.0
1.9270589553825193,1.5838476333960143,2.4566718488970656,1.341274183860524,1.8656781283323514,1.4637981885730285
3.0,1.635663192689622,2.5902598959214336,1.9872359350116358,1.3524805012662129,1.7006927898834654
1.9021546383231716,3.0,1.7837269904200228,1.7359779460612252,2.0,0.0
2.6649913601468516,2.004768379232038,2.1179654785913296,1.689730937117229,0.683330728316802,1.3398197527134563
1.285285787950951,1.5269328173749757,0.0,0.0,1.7462762084627723,0.5773251392111809
3.0,2.872202610767688,0.0,1.2223724729475312,0.0,1.8287829056264258
1.6469174551915415,2.0978531973463155,3.0,1.0935348822505238,1.3834766697361562,1.7723503060691144
0.8131398456859152,1.7148019361122622,1.5723287429722699,0.9335624401046881,1.587909410077522,1.3430451126923142
1.9140710717241138,2.0053927918376733,3.0,2.0,1.9924651794952886,1.138226956071054
1.9322857713737187,1.5433413938032898,2.4304152586427654,1.5480599080143445,2.0,1.5528155318578896
3.0,1.2350627660151865,1.6812367215559383,1.8719602957242039,0.9963762473251897,0.9604863447007467
1.817344654617138,2.3332131179900473,2.4478804247684924,2.0,1.9282700879426797,1.5792885865860964
3.0,2.0087752497977664,1.2677946172977952,1.1692826541486878,1.804024941011353,2.0
2.3221214894369293,1.6905130831090378,2.685034187597482,1.6214910126171507,1.6821328699005211,2.0
3.0,2.62481333631556,0.0,2.0,0.4382390362805946,2.0
0.0,3.0,1.664327955089089,0.0,2.0,1.9276416712335998
1.4106566439085715,1.0117062296930521,3.0,0.0,2.0,1.899676331865267
1.9238344592283976,1.9481114592197368,1.3556673031651791,2.0,2.0,1.714987785610107
2.8453739331695918,2.2442595537802212,2.3426957144001137,0.0,2.0,1.658170758733582
2.1174090704752273,2.5683586427576146,2.5400755011031193,1.161683383361973,2.0,1.139946080572799
3.0,3.0,3.0,1.951750468919898,1.888517377832976,2.0
1.706066750223132,2.024167848271159,2.0614750905884227,1.8163664953162795,1.840517828892473,0.3137971821030211
0.0,1.361358013897285,2.0020591180580682,1.614162001015071,1.8751402212171677,2.0
3.0,2.6426006129710884,2.8024818015288178,1.6614474577180183,2.0,1.1680291616490766
0.0,0.0,2.4878466206082046,2.0,1.063896952922095,2.0
3.0,0.9865080707924466,2.165079715896953,2.0,2.0,1.06865724254014
2.0005289306465888,2.7554091039234536,2.283321748188668,1.8952772161954519,2.0,1.8046545622284378
2.1217930224962105,1.2975115212302715,2.3319875689796614,1.2493527528632162,2.0,1.9397450726222543
1.9928762901247832,3.0,1.920102469694876,0.0,0.9522975593930344,2.0
0.0,2.486226461842613,1.5336681924188513,0.0,2.0,0.0
2.050642574185858,1.5211342000690486,3.0,0.0,2.0,0.0
3.0,1.4103897970163881,1.9038628854420594,0.0,0.0,2.0
1.6703776938086525,3.0,2.931861603948966,0.0,0.6716480557967416,2.0
0.0,3.0,0.0,2.0,1.3173920889327597,2.0
0.7024010069950684,3.0,2.4181958168168807,2.0,2.0,1.2965528688838732
1.4606416525294283,3.0,1.4426525563868497,1.8735641944615269,2.0,2.0
1.8165060681200897,3.0,0.0,0.0,1.076222498588052,2.0
3.0,2.8743895913588204,2.9071729158935318,1.5263884863116333,1.895939324578529,2.0
3.0,0.0,1.7469252047503736,1.0871043396953537,1.8668194596835443,1.0084624207298116
1.7846076388934842,3.0,1.8803784769779273,0.0,1.421134102883605,2.0
2.130668821363505,2.6786457071036547,3.0,0.0,2.0,1.862373472150753
2.5650678980564128,2.147573551651868,2.2222239655861324,0.5183785121521793,2.0,1.9117963096219113
1.6412768137647502,2.2315580027541597,3.0,2.0,1.134637845406193,1.0609541266643492
2.60561120635404,2.033243055368063,3.0,1.9911035154990393,1.1648992371199798,1.5316857336602543
2.0331701343461703,1.8715144886410704,1.1311738244079226,0.0,1.888512032586224,2.0
2.4718799684530692,1.7880081929080822,1.3543531347771067,0.0,0.16540798813358593,0.9066632618683639
1.7190324947227842,0.9811285975620312,0.0,2.0,1.5373698824254438,2.0
2.98928765920737,1.209705356584299,1.676023967783947,2.0,1.082815503435986,1.537754687100228
0.0,0.0,2.0935838931228075,2.0,2.0,2.0
3.0,3.0,2.3851573718885324,2.0,2.0,0.0
0.0,2.609117987694875,2.863524376119572,1.4283815579369807,0.9795494739115781,1.8715689255534085
3.0,1.9938903875285405,2.36785977164082,2.0,0.0,2.0
3.0,3.0,1.5250388436994247,1.7233608346114049,1.5273545061940657,2.0
3.0,1.4863742998393297,0.7332140780265683,1.5587803421508857,1.6426648374113202,1.0021152096724435
3.0,2.1123816159740385,1.9258868765558146,0.0,2.0,2.0
1.9886075459197552,2.7257510878366076,0.0,1.843385026636742,2.0,2.0
2.5075182498993476,1.1752699701183016,2.2953909815753546,0.837825116581112,1.703959412059704,2.0
0.0,2.505418389000301,2.640405591513137,2.0,2.0,2.0
2.1144602777312222,2.546376828859828,2.556942789798015,1.2589095142462592,1.8191530664922864,1.32393497171038
3.0,3.0,1.7740118576581838,2.0,1.1789586728671064,2.0
0.0,2.29934719981656,0.9270769855373661,1.6796211633988993,2.0,2.0
2.4133445367952713,1.176211579189434,2.1695038742861588,1.1480797486236667,2.0,1.6208837768240318
3.0,2.2657436567773885,2.1278994211953624,0.0,1.5429465180401105,1.8371592397847865
1.1549820504308168,1.8903874294446796,1.9282729189927075,1.2477064813825298,2.0,1.8220650211840677
2.1218316020805266,1.919270864568159,2.4847682927253265,0.0,1.5993041721033296,0.0
1.7415746619332264,3.0,2.9120222159652003,0.0,2.0,1.389826432787551
3.0,1.8925446487339044,1.795392212075464,1.6264819416813485,0.5679965175259521,1.7921005283827793
2.2413865763281904,2.25021753467776,0.05029289547952167,1.4311013737755633,1.6832530227929148,1.9472218533305086
0.0,2.2245190456831305,3.0,0.0,1.3142094285820076,2.0
1.869811079619547,3.0,2.563489937098571,1.772415087627011,0.915402141837239,2.0
1.9180431304500356,1.5136601064188862,1.2537880010566664,0.0,1.837103917467794,1.9223378639717943
2.1494469996725956,2.5428851555235257,1.9386954805964685,2.0,1.9927408158270707,0.8752195497056976
2.1615169427555774,2.586639175360897,3.0,0.0,1.1092790248113698,2.0
3.0,1.9786591007833287,2.6744066398371102,2.0,2.0,0.0
3.0,3.0,3.0,2.0,1.310132913807044,1.9115018116614597
3.0,2.250495886372026,3.0,1.0164177752483383,1.1329579796163438,1.4889911292713416
1.6266290459030337,1.9747823603173855,1.91438186177752,2.0,1.6454000690921002,2.0
2.1965685870674947,3.0,2.4463491905255803,0.04556529304799184,2.0,2.0
0.05216747746523785,1.9651474969775646,1.8794492960038607,1.021618492049978,1.0765794029145308,2.0
1.2154935809870777,1.5218332206885061,1.7274428576000667,1.8642034630009965,1.1407101889787452,0.0
2.5879513686081346,0.0,2.7545619927112517,2.0,1.4849908892302983,1.4507028083787212
3.0,2.543786596075255,2.328522256708097,1.9682817565637596,2.0,1.3062823356819724
2.9029485337150223,1.1889548520907052,2.7490303604206536,1.8376588085666477,1.0258879619099863,0.0
2.1001358744900736,1.1595274075875097,2.1676332599810912,2.0,1.7123498500864907,2.0
1.7396707260912134,2.117595819559853,0.29838800871639737,0.818245317623978,0.0,2.0
3.0,2.449333865395908,0.0,0.0,1.9658002813771431,2.0
0.0,3.0,0.0,0.0,2.0,2.0
2.005315554094089,2.260635778609598,1.309893802142973,1.2392171376884176,0.0,2.0
2.759640215168379,1.9365431838077563,0.0,2.0,1.4740829538452478,1.8796577589860926
1.5906302027495267,0.0,1.8598549262561708,0.0,2.0,1.0540970120719428
0.6175460388834211,1.9119030489854492,1.8452494918364026,1.4375157371811662,0.0,1.834511273283614
0.9148526078951821,2.144708682645311,3.0,1.8292859220815334,1.2096312688859152,1.5938541781505604
1.2978004312870344,0.0,1.4484151387295234,1.6838158575851412,2.0,1.5128014386263289
2.0418711749143523,1.1187788475075429,2.865238938830435,2.0,2.0,1.981081395198772
2.1414407284633703,1.6381827261076651,1.387929937676885,2.0,1.7521548297196792,1.4760670255440167
3.0,3.0,2.033041766877444,0.19694750375904313,2.0,2.0
2.7438782066344682,1.7598989543167447,2.1908564578666168,2.0,1.2486238484064516,1.2090431835708755
2.238165134557583,2.763349595350571,2.788614663598618,0.0,1.4156057853081316,2.0
1.0233488301662588,0.0,0.6697220954402148,2.0,1.7085016911017634,0.20062395691709245
2.938321469638732,0.9135633806875074,1.6175498030368558,1.2080713872099067,2.0,0.9706978959648694
2.065902623933438,1.3374650835362887,1.942739457818493,0.0,1.9777183064943062,1.0911933982429534
1.1176592877632108,2.6069063504614927,0.0,1.2297850610625831,1.6477092379266223,1.0191583185972086
1.7859800453315702,1.431140016538108,0.0,1.6779912639085106,2.0,2.0
2.0596211879207575,0.6119835146894521,1.2583804833625318,0.0,0.6506919158237531,1.061781870484094
2.250059561860392,0.0,0.0,1.0818136465197625,1.7002005488633136,2.0
2.30702618579032,1.8732642220520679,1.3108089680178021,1.9044309368313703,1.7215874439513055,2.0
1.382106506245563,3.0,2.8067351517826156,0.0,1.0597576473397692,1.9399543934284753
1.4214384133882962,1.5715538327488559,1.970921146200295,0.3735344729429426,1.713002119475394,1.01231825498135
0.0,3.0,2.3550495914460035,1.324660873828169,1.7363280016173548,1.7917132303846697
1.4301722921336868,3.0,2.4918959685676145,0.0,1.5869315707115366,1.5448421978882125
2.43871650339576,0.07618236560162384,1.7367549973246608,1.8812251767559967,1.3390565861834505,1.0199046936631684
2.5349515441431243,2.764303610855901,3.0,2.0,1.0344893906169015,0.9600175817982114
2.0100840455626514,2.2071039377091517,1.2940140694907978,2.0,1.7117324488218375,1.5538876116186966
2.875169197814117,3.0,1.9610483314622797,0.9822698134051476,1.3175304329218547,1.8854324956660649
2.0917989154338965,3.0,1.844653181086311,1.817562882176594,1.4562274079388937,1.8195391907601213
3.0,0.0,3.0,1.4560370754788892,2.0,2.0
3.0,0.9969416664093841,3.0,0.0,2.0,0.7961953851817276
0.0,3.0,3.0,0.1467751485069002,2.0,2.0
3.0,2.3155388344584225,2.508501041561296,1.4712389656750269,1.8135090246810641,1.9640273571008549
1.7375948201164633,0.0,3.0,0.1207661276439298,1.6716254262447463,2.0
2.8521375731885446,1.8714195980170711,3.0,2.0,2.0,1.8929800866726791
1.429313524995497,3.0,1.0282345846199186,1.8046962132319637,1.988755747899024,1.6415508703633148
1.7184856084267923,2.0598517055310244,2.7039241677910315,1.9525514429089286,2.0,2.0
1.9992308896177153,0.3297775856827851,2.261249558733757,1.0822106420966728,0.0,1.8519099661252059
1.575922084909766,3.0,0.01516151511745709,2.0,0.9156844422312314,1.911690302325372
3.0,3.0,1.864982549956931,0.0,2.0,2.0
0.0,3.0,1.890361216861939,2.0,1.996666828640893,1.5952267205381987
1.8693014156374155,0.9894248252868516,0.0,0.8345557675402682,2.0,2.0
1.0090665056970012,2.1251779136298423,0.20863084325151188,0.6791747118068454,1.9424845310326853,1.7364620104322075
2.250928996718942,2.765041497841737,2.6755508053226285,2.0,1.7547625648693876,2.0
2.758873391030513,2.1589641962394657,1.9980526231690803,1.84467642185894,1.651889344734456,1.5740902014441938
0.0,3.0,2.8135420186336915,0.0,2.0,2.0
1.9603657311791782,1.1940892197076702,3.0,0.0,1.6244038153461275,1.4847898462818796
0.0,1.8646703071853188,2.6331190098185404,0.9894454244594211,1.6040657260207265,1.637604731596353
1.90440344737323,1.8907867993720116,0.8637671782543566,0.0,2.0,1.7957139665193629
0.0,0.0,0.0,1.530702797199833,1.0165263657889063,1.4173045905223096
2.5247229166526206,3.0,3.0,2.0,1.9031444445435466,0.0
1.669384723576092,2.104724703087003,3.0,0.0,1.5928845520324173,1.4121610418221202
0.0,2.5144775609472205,3.0,1.6452481151025522,1.276567963497382,1.1299194523908038
0.0,1.8467043181336051,2.0371387197587145,2.0,2.0,1.889551091655824
2.029724724816555,3.0,3.0,1.8569849835771572,1.919691027970516,2.0
2.0011494220019053,3.0,2.282008202665997,0.6225516498784875,2.0,0.9693738595535132
0.0,0.0,1.3284940870396846,1.909930853128304,0.0,1.2563814759202436
1.767920020411864,2.2448785097748596,1.1343623982750086,0.0,1.3539850637537718,1.8689696524423023
0.0,2.3150392028226365,1.3200298305775358,1.2856132476129085,1.0935091467965825,2.0
1.9570715286410372,3.0,2.2553908942469683,1.8338287284182724,1.633125820334439,0.0
1.5248991971647707,2.152258232180202,1.9623029499840914,0.0,1.930213330118975,1.715640861117925
0.0,0.0,2.339700175029124,2.0,1.2414166355006524,2.0
0.0,2.1239390728745087,2.7916435599291307,1.2432395951545023,1.8219830158261663,1.2785212068816536
2.6242412922127114,0.0,1.8202164459890295,2.0,2.0,2.0
1.0762333143928935,0.0,2.6447802966071934,1.0017605576291726,2.0,2.0
0.35135501712471856,1.1331385435088805,1.6056403239724009,1.7458949797596914,1.5309735488026033,1.4629931183700904
0.0,1.6188160851526463,2.7846146763985304,1.2514724007873836,0.5588744678398678,0.0
3.0,0.0,3.0,1.7468967779785363,2.0,1.9536812533317827
2.9752572252117595,2.5750322101453613,2.4553268624729325,1.6657030476969013,1.9027529557516327,2.0
0.0,3.0,1.8516331979803204,0.0,0.0,2.0
1.6782811787882053,2.1541760323384636,0.0,2.0,0.0,1.4796942378101656
1.8130038303590699,0.0,1.859949569998948,2.0,2.0,2.0
0.0,3.0,1.6922785186830807,1.4601687980360354,0.8075895772234216,2.0
0.27873882650536075,1.996558749365979,1.7562840948715097,0.0,1.1602269037410569,2.0
2.113636283408641,2.4861759248675765,3.0,0.0,2.0,2.0
2.9211962081527516,3.0,2.9214870022091053,1.938257706038549,2.0,2.0
3.0,0.9594716947580756,3.0,1.9871698139305223,1.3511070571800843,1.5509370432084828
3.0,1.9731539372070064,2.496150616459823,1.9059319111756374,2.0,1.2647345003963744
3.0,1.5777621518479708,3.0,2.0,1.7797130298404717,1.9517001541915446
3.0,2.4984479554118106,2.9941091187505067,1.8656413135901748,1.1217432428385097,0.9044522139732764
2.227427655340674,1.728472410590522,3.0,1.8786873448445505,1.343972309510689,1.990664986016307
0.07124511398221949,3.0,2.8100163425703673,1.8757597411376985,1.478522950768244,0.9563946027426856
2.120903017674675,3.0,1.7837497473772652,1.7763106729872824,1.8451734851421722,2.0
0.0,1.5647800488918437,3.0,0.0,1.7897589187149991,2.0
0.9979194447753181,2.6436642363762837,1.8385627006539351,1.7387040501638475,1.9396039440497799,0.0
1.9520829404665256,2.757955694416695,1.7532197591690375,2.0,1.0914789458086844,2.0
2.367668985640281,3.0,2.6629335933526215,2.0,1.5636045991487622,1.6317317575744061
1.9426143861921992,1.6929836647112024,1.4234129912210314,0.0,1.8913782513384492,1.866289801780044
2.53922633318877,2.170572770123865,1.8989872986312641,1.06674486339265,1.4736009004556994,1.3136936269152437
3.0,1.0054852064035373,2.3397677498124363,1.9893417961973219,2.0,0.9986280125272491
0.0,0.7898829037362763,2.4381884514394123,2.0,1.6625880625241325,2.0
2.8264515694566246,2.663875877895607,0.922255960334333,0.0,2.0,1.97813750717306
3.0,1.921185319006008,2.512145299305425,2.0,2.0,1.8880987788645633
2.1008300659001486,1.2538222905721497,2.407292420982139,2.0,1.3493443609956077,2.0
2.4858768593035294,1.9290829247570898,1.5866761817356614,1.679259426463216,1.0636253398999496,0.4795306014646026
2.4852550366354365,1.3234963844791972,2.8561420853012924,1.1508656138557538,2.0,2.0
3.0,1.4190484499607234,3.0,0.0,2.0,1.5913292016222136
2.4196043975541515,3.0,0.0,1.9973451352436742,1.76041375838222,1.945182059851583
2.0467632315592366,1.9578519774521124,2.6489471752774607,2.0,1.9193587249668345,2.0
1.579983945179806,2.2486096576333403,1.5220774131592223,2.0,2.0,2.0
3.0,2.143729071454813,2.2753067000164657,1.0703714828615274,1.7293227032524685,0.0
1.4586174121772202,1.7962417356261249,3.0,2.0,1.6003646949103516,1.9707027176878402
1.8949079946638483,2.8963133742991944,2.396635792219331,1.9976541784575332,2.0,0.8421744076736624
2.1565607235438757,1.4328796215064712,0.0,2.0,2.0,1.7385438723676065
0.0,2.6992810649371903,2.4084066301708846,1.807635484583737,1.1579862178864653,1.2668488128204334
2.8287161005010155,2.419976741909525,3.0,1.9483081871583408,2.0,2.0
3.0,3.0,2.648635606801642,2.0,2.0,1.4715888488186857
1.3152032084867462,1.6034575427637694,2.8741256820982035,2.0,0.0,0.0
2.5247146815522616,3.0,2.9899820695445896,2.0,1.886238463115689,2.0
2.7253266931062208,2.6570542621664424,1.7519594616964982,1.3753922736162583,1.9495482688161347,1.5205315753360953
1.3776597740365446,3.0,2.9596732144044267,0.9515452468160126,1.2138215240576347,2.0
0.0,2.6529402680468035,2.7974848502192122,1.2609042723124075,2.0,1.734596803682979
1.8791757865288203,0.0,1.999111292940287,0.0,1.7581427722393523,0.0
2.474430296528267,2.6938774141666437,1.7693948539114799,0.9555835568653729,1.9790295367585995,1.3675849973953806
0.0,2.0022975553616322,3.0,1.622952379650638,2.0,1.7864036245689028
2.3954512680687348,1.7124736976689678,3.0,0.9359801587818104,2.0,2.0
1.7752003315728682,2.091354643121661,1.9259405904444697,1.018349935373278,1.8731464642216067,1.2146674340344608
0.0,2.0771788435830625,2.031817242078468,1.7034975759776567,1.2449353289636143,1.2912382649266936
2.239734814087931,1.351094626081635,3.0,0.0,2.0,2.0
2.0651602185927493,2.1854060179125607,0.0,2.0,1.4038651381734506,2.0
1.9066620491044644,1.897582115636289,0.8689954632698911,1.2219219737089215,0.0,2.0
2.6709172542354835,2.5077972996760307,2.6531677120054624,1.3210386207118947,1.2822522712619335,2.0
2.0062439297100725,3.0,3.0,2.0,2.0,1.9804820641349903
3.0,0.0,1.9695278073849716,2.0,1.5428677971318971,1.8406854233412608
0.7853101113690604,2.8678701243487628,1.6739925548388666,2.0,1.132738531433531,0.9999342402106053
2.0259464697714256,2.3968078953851815,0.0,0.24911851808517715,2.0,1.822151105228056
1.296109267112901,2.9753051874923444,2.1465924256938687,0.0,1.0652272546770805,2.0
3.0,1.8408863006281762,3.0,1.0387908269490345,1.9328867043632967,1.421531616441191
3.0,0.0,2.507569617825906,1.8509799376070788,1.4993078367699104,1.1302496913243856
2.054782187739025,2.713446315805884,2.6181816710269024,1.3275115469832708,2.0,1.6847498898219877
1.3853532858641384,2.8417205605336884,2.584973811993592,1.023499703426198,1.3516041351867294,2.0
3.0,3.0,1.4838571224242265,2.0,1.0538536642454148,2.0
3.0,2.062554604458765,0.9666432738797734,1.070424110700717,1.6987381097023255,1.907328177782115
1.918959487862118,3.0,2.0629004280432532,2.0,0.9710724798821031,2.0
0.0,3.0,1.805544217833628,2.0,1.9587239418309133,2.0
2.991152975568034,1.02137909132764,1.6050638648488589,1.286918095265116,2.0,1.6226008186087473
2.1583496936958007,2.5213886346728103,0.9973379557607499,0.0,0.9779706537572392,1.6802009635074606
2.685423373634681,2.199241242698777,2.4023289387971842,1.2544396052474784,1.596001847074482,1.587177134373392
2.347437632969544,2.8757887723638778,3.0,2.0,1.6242994997343518,2.0
3.0,0.0,2.959474342425287,1.9522952880397275,1.6175018026184471,0.9346048614900788
1.2808501002221397,2.3350414071318006,2.928119975581506,2.0,0.2466104456009437,0.0
1.5535314466658552,2.84487036216546,1.7834119814984433,0.0,0.9409759693305302,1.8995496049596656
1.7032681581833886,0.910497690028669,2.156379509170744,1.5724584449591075,2.0,2.0
0.0,1.9091927311959063,3.0,1.1555098677821298,2.0,1.45583381235469
1.1806617828532309,2.028835474603317,1.7591972243853196,0.0,1.2499113348216662,1.8287830758957255
3.0,2.4970556293981394,2.915120329368173,0.6939238377492432,2.0,2.0
1.128999267326367,1.191489265555991,1.9540190161009103,2.0,1.181745780894117,2.0
2.1338690806145233,3.0,1.6075448146715559,0.0,2.0,1.8925325527162133
0.0,2.265469760261851,2.501342348386945,0.0,1.1858513937386064,1.9181312517603653
2.177908639158908,1.9457360394826477,0.8465012572564898,2.0,0.0,0.934603588466678
0.029691324545989467,2.252020114591883,2.041854225638209,1.1747356134271696,0.0,1.7624678741631346
1.1327634192606628,2.454899299142399,1.6047492927033244,1.9353343065092734,1.2484660828050278,1.8579160182328347
1.9643395982925045,1.90551608712299,0.0,1.1359211206544073,1.6157182195971105,2.0
0.6803527302656011,2.388355256825973,0.0,0.7901610898526041,1.044851006747488,1.6449522694327796
2.102070073866084,3.0,2.118543808775534,2.0,2.0,2.0
1.9783951123403816,2.1994929226636977,2.2256851803988247,1.1280894252795877,1.881663460915754,1.6922892600135215
1.3655121322856887,2.7672220942782646,0.0,2.0,1.7920600934467015,1.9150544805290335
1.4954986795241936,2.8335024600992353,1.118779544575186,1.6705453302866902,2.0,1.774631701541597
1.761267341421088,1.6907660481329045,1.6979339285313875,1.0948014040496235,1.4541289961271808,2.0
2.0383028499174434,3.0,2.1799579200118027,1.6537671054882,2.0,0.0
1.6580536616291335,2.9834431846303153,3.0,1.6150309010582036,2.0,1.1179902861290778
3.0,2.9757101257203087,0.0,0.0,0.0,2.0
2.082755563477734,1.8848399106830642,1.2152783489297805,2.0,2.0,2.0
1.6356390533797527,1.390387030476643,3.0,1.9576774469877303,1.9322803876461485,1.8596132440410302
2.052982918845221,3.0,2.035355311636891,0.0,0.9907815451544112,2.0
3.0,1.6529841788914743,0.9889463978413984,1.9929627120832536,1.0057995445518877,0.0
2.2303471169683187,2.0779055213899937,3.0,1.970903941175327,2.0,1.3295489164180097
1.8419969632245452,1.9621639785231455,2.188208631437234,2.0,1.4131656219402775,1.67652787627802
0.0,3.0,3.0,0.7279290941649428,2.0,1.9177518849932707
1.8415457936134936,1.217368836780624,2.040580124419217,0.0,2.0,2.0
1.9681543555964318,2.8544222204516676,2.3899078476095648,1.2071571872986084,0.0,0.0
2.486132766468709,2.0649253857151924,1.8526139121433192,1.3611968406438462,1.1202499321158843,2.0
2.790431858571718,2.3983774705323078,2.634328881413379,1.6549106021606974,0.0,1.9806948744803579
2.0775490861730006,2.5967992427841526,2.5352615172133333,0.0,1.8466885800446038,2.0
0.0,1.9942427823722089,1.987294600292351,2.0,2.0,1.8268274650866674
0.0,2.3384772540072385,2.263688383438385,1.5034754509845212,1.8951815979891722,2.0
3.0,0.0,2.1074565375498837,0.9983292820698224,2.0,2.0
1.4821634938904793,3.0,2.492590354727113,1.7847557777745395,2.0,1.5543033709921357
2.861895149440853,1.8753722599369735,2.082180801917507,0.0,1.8677056642410501,2.0
0.9410476067459675,0.0,3.0,1.7117927469637597,2.0,1.9397988522434884
0.0,0.0,0.0,0.0,2.0,2.0
0.0,2.494225139410813,1.9476531242855595,1.444531134521508,1.2195090110693807,2.0
2.31318022340098,2.1835860127983335,1.7727666720972228,1.156223362528042,1.8314150767928314,1.9407323466908064
0.0,2.1814298196801096,2.4164931224708073,0.0,1.0461229408950334,2.0
1.8609158516679305,0.0,2.7062044476771647,1.3817146111969714,2.0,2.0
3.0,2.245649473718529,2.4804599355899017,0.11418224146029066,2.0,2.0
0.0,2.430640197063505,2.235823715198665,1.1889390271934934,0.0,2.0
0.0,1.8769758882106162,0.0,2.0,1.0960812099209005,0.8477827784916794
0.0,1.681095577351942,2.790091264814332,1.9367235438819432,1.0507394318131873,1.047664894624255
1.5243788029227037,1.654289363636111,2.6066776753888403,1.527915426312719,0.0,0.0
0.0,1.9507330428861902,1.1542367623616383,1.5312563573403246,2.0,1.0606803991956906
1.248956196255009,2.3812180728731325,0.7957606616379227,1.3303920101185378,2.0,0.0
2.0090101263409914,0.08325122740548432,2.1581374047039255,2.0,2.0,2.0
2.5754699009684643,1.7190427997518472,2.3985299700564107,1.6251506296397893,1.3185790035117537,1.913006109164515
1.9358470612247802,1.6041333493852687,0.0,0.0,1.732397232360824,1.5692323100014463
2.035958151080835,1.7621624665789377,1.4147720197327314,1.3184026678230703,1.9611862839380279,2.0
1.505055043268391,0.4642549821629623,1.8812365419400958,1.9616154258038572,1.7284075469707065,1.780494065019802
2.1338963031737004,0.0,3.0,1.3893871386627448,2.0,0.08893917770902726
3.0,2.4066941106017037,1.6314263807721838,2.0,1.3220629273778761,1.4847552167938427
1.64518862464371,2.0809533493190453,1.0068484957103556,2.0,1.4865709420328583,2.0
0.0,1.8521385893709603,2.1158199457473,1.9151912942206333,1.8734040695809302,1.3891303227855756
1.6216719211726673,0.0,3.0,0.0,2.0,1.8935229568800376
2.447860320114504,2.7413713285840253,2.769917287843333,1.0003818414744958,2.0,1.5381172743981721
3.0,2.261336680206631,1.9396042620318308,1.7958639675666284,1.8262169408538407,1.0025643730380693
3.0,3.0,2.6181731080742723,2.0,1.3332264781940872,1.6749798219938246
2.876928005136823,1.255474220324532,1.977289216153984,0.0,1.175442444847784,2.0
2.2925148370124075,2.3185505159682527,2.2150904222341588,1.1241085152443908,1.3772184910933207,2.0
1.6505375540104623,2.3176901207071605,2.696160054029786,1.857961955411953,1.1561494222723232,1.0257564997372655
3.0,2.6138573303134915,2.689897051869881,1.8954361832426108,0.0,2.0
3.0,3.0,0.0,2.0,1.8052070706785481,1.4894827774855037
2.3889139235778662,1.2875059058676144,2.1974155008810894,1.8194961690828388,2.0,2.0
2.691114858195804,2.918874076329937,2.040966210684312,2.0,1.0315092956027734,0.09054700730753407
2.179782965570229,1.7235221812653392,2.88695625831272,2.0,1.076699123199827,2.0
2.0273465644536444,2.833749258818917,1.3633586188950377,1.6537651178061994,2.0,2.0
1.950401001060039,2.018358893709543,1.4922760272375513,2.0,1.45998319407839,2.0
1.7451823335583687,0.0,0.0,0.9094582843564774,2.0,1.9597017778704302
3.0,2.107097952344496,2.3700311560046003,1.9655566115233238,1.932782562755774,0.0
1.909814735977012,0.0,2.445710527244838,0.8323815283205762,1.9034128899656344,1.549041428343226
3.0,0.0,0.0,0.0,0.37055669603563024,1.8657678021490232
2.291972479433992,2.4312353824361597,3.0,2.0,1.7510986443043475,1.7198591812956883
3.0,1.5861852764398328,2.1340911093840265,0.0,0.0,2.0
1.6228990525974314,2.1884685211457247,2.065311988539689,2.0,1.6227260200789422,1.7247588861902208
2.7576791677889507,1.9874024450978476,2.1377036934382527,1.5916796295456241,0.9084705243045967,0.0
1.8410963138389984,1.565034115692623,1.5450965259874698,0.0,1.8215604124939904,2.0
0.0,3.0,2.803113052708842,2.0,0.4299927270334075,0.19671574708373085
2.514828018675075,1.7849474536585128,0.0,2.0,1.8571191688393665,1.1769557463108333
1.9970815935822386,3.0,2.902901803292657,0.0,2.0,0.0
2.601952713428674,2.16447842165919,0.9926690294724946,2.0,2.0,1.7367246582240154
0.0,3.0,2.655360416346269,1.5059956743770935,1.9711957051326254,1.6612549124962452
2.0212255605317977,0.8570064004494903,3.0,1.9554229519069057,0.0,1.8597328027906306
1.718411290739704,1.8576893584087713,1.405452656219985,1.5560432974753118,1.276959753744951,2.0
0.0,1.3118067041169639,2.4602536900301475,1.8905254775634055,1.9699115288306035,2.0
0.0,3.0,0.0,1.4477765857586187,0.0,1.9894466093478627
1.2588560943981273,2.344414045952452,2.27542454878691,0.4939431925468526,2.0,2.0
3.0,0.9399828030170776,1.866525991739867,0.9761576534295852,1.7908722546273035,1.8774582715331884
3.0,1.5190915325332526,1.7773704484233752,1.6629635809529322,1.5270502340043401,1.3597029966473813
0.0,2.223007237683385,2.545002927603081,0.0,1.9553561103501718,1.1264643596486774
3.0,1.985469328969238,1.6296731077885656,1.985517682276909,1.4789699761980448,2.0
1.8556031775725053,2.7215201724244977,1.693494024816045,2.0,1.8466999172810352,0.0
1.8483328245358548,2.3164533798383764,2.133470751922012,2.0,1.7257620453301912,1.0121372544628553
3.0,2.9469464826783476,2.3281230051894015,1.2909404197980576,1.7448692245621045,2.0
2.2191967520034304,3.0,0.0,1.9070104015525793,2.0,2.0
3.0,1.527276944437331,2.3662209812878303,1.5397102520821926,1.9598130633106792,1.1306401153187053
1.0193294124530519,2.5609400048043707,2.7480639830489824,1.6830599832180022,2.0,1.4805583426328348
0.0,0.0,2.3500607739930968,2.0,1.1022487805794197,2.0
2.949883044755933,1.6645216391058726,2.463571998357439,1.7550207690715935,2.0,1.4577707619566087
2.1044307888485507,0.9789127530022785,3.0,1.9042705585755617,0.039815532871938286,2.0
0.0,3.0,2.6145974928689615,0.0,2.0,0.0
1.84943294040242,2.1297784676945626,3.0,0.0,1.705056032367585,2.0
2.3535423377841957,1.3262167628363384,2.105654559778899,2.0,1.2459253005153845,1.881702476822364
3.0,0.0,2.637411741324836,0.948314857076798,1.61023081826833,0.0
1.7496600020960227,1.624965978330159,2.420812506345879,0.0,2.0,2.0
3.0,1.0813909870126506,1.5201596640227755,0.39152296014979926,1.6812537863302377,2.0
1.783110016237187,0.0,3.0,2.0,0.8923209576438499,1.848648095942985
0.0,1.156848520386405,1.392019985435173,0.0,1.533241081747648,2.0
2.2721016009682145,0.004441916647565611,3.0,0.7666219938783655,1.5664628997627537,1.079073131331099
0.0,1.6720876241318021,3.0,2.0,1.591624770357119,2.0
1.6374322713209255,3.0,3.0,1.461110772159428,2.0,2.0
3.0,3.0,0.0,2.0,2.0,1.0302197607277317
1.8753379262034926,2.399175985024565,2.385577807675276,1.6955088023744316,1.5172420410576044,1.8555626710447077
3.0,3.0,0.614335616422282,1.3222364401949969,1.1193866924293474,0.0
2.7405452872260603,2.033437427797967,2.849179131714258,0.0,1.9187767732646546,1.9315864092821957
3.0,0.0,3.0,2.0,1.6837249938652734,1.0640980366458856
2.833917060601335,1.7715025201149976,2.216704884346653,2.0,2.0,2.0
0.0,0.0,3.0,2.0,2.0,1.5627458704512698
1.0232677452652332,3.0,1.7977807519776623,1.9074536353373386,0.0,0.701668763131511
0.0,2.9474187164091474,1.6584955609770604,2.0,2.0,2.0
3.0,3.0,2.097855440339509,1.3479074220691172,2.0,1.6966659706828127
1.2734166379383127,0.0,3.0,2.0,0.9650145038432911,1.5744595774874401
1.8940189196495223,0.0,1.9186491877662115,2.0,1.6916022611215933,2.0
1.5302289718967885,1.940365649473577,1.7542165601285056,2.0,1.8219325410350244,2.0
3.0,0.0,2.3949875091972177,1.626247246714416,2.0,2.0
3.0,3.0,1.6948456845920858,0.07813659153575825,2.0,2.0
1.7959443328200673,2.2386093920897725,0.0,1.2728341314353062,0.47009135648474787,1.2140995569897948
0.0,2.1347777047076657,1.6437785257429902,1.844668926487581,2.0,2.0
2.5406718362846994,3.0,2.542475649764388,0.9605048564932411,1.8923644369582238,2.0
1.9971988144623163,1.9971886428012255,1.8118685194739068,1.8134745985177196,0.0,0.0
2.0842115693986445,0.9713404303830863,2.8803003862985905,1.2897459105251723,1.2743648769994131,0.847906553164778
3.0,3.0,0.7254967689205837,2.0,2.0,2.0
2.1060954265809526,2.7563511328274757,2.89742793392083,2.0,1.7241282803216085,1.8730867183799695
2.41976974149156,2.4019645535481304,2.608992849730151,2.0,0.9597339661638596,1.2090030462125643
0.0,2.2348351611146207,2.2348984931704896,1.976945581560619,1.10259022854589,2.0
3.0,1.6979606574917263,2.1905111200244303,1.8623213154781144,2.0,1.932923184212703
3.0,2.538624190731068,2.1760836132113424,1.9422560280863843,1.3071395438154676,1.4683088366328823
2.225400549761459,1.9151770574575653,2.7274260339073844,1.3388289450165254,1.6895198328316776,2.0
1.7038436118434057,3.0,1.6530726170165115,0.0,2.0,2.0
2.0555331097243235,2.199654838081261,3.0,1.1685870803194853,1.0244357737861063,0.0
2.2789312295646464,2.5815072799105008,2.7750192549425527,2.0,1.6025663439262798,2.0
0.0,2.2967442777433797,3.0,1.7792321010693648,1.942514608085256,1.9954310364991226
0.0,1.9623702066175945,2.1818193212284718,0.8115271673815121,1.0101540733151335,0.9248072085499849
0.0,2.859435584057526,0.0,1.9250024471975227,1.1490841289616651,1.819449972500569
0.0,3.0,2.5662250532067863,2.0,0.06387003652030843,2.0
0.0,1.5367113876206853,2.083968658905772,1.990110859719418,1.2115013503445375,1.7840759583444994
3.0,0.0,1.9576644439046056,1.9963488400156073,1.8045175437823433,2.0
2.3240997982904017,1.3213254671716312,3.0,1.5351771271296664,2.0,2.0
2.3942409878217483,2.1905057062349393,2.6449347115862087,0.0,2.0,1.9579192789869397
1.4031447814762246,1.8988309064797504,1.995400381884181,2.0,2.0,1.437651368635637
3.0,3.0,0.3127888797483218,2.0,1.8470548664097657,2.0
0.0,0.0,0.0,1.7927317841055346,2.0,2.0
2.5048694539097616,1.554744351565422,2.039751157873619,1.1285128590366795,1.2706364343383758,2.0
3.0,3.0,2.0367205759152323,1.9154747228990363,2.0,1.2539442633027336
1.7603927396126413,2.0433797899561754,1.8474621118266965,1.553548052413411,1.9925834492397443,1.2763010722819141
2.437722856867228,3.0,0.0,1.8451191396217628,1.9268697468009144,2.0
2.001256125607562,2.3371103619504803,0.0,2.0,1.2108902329934803,1.9497934196745579
2.8320515636670844,3.0,0.0,0.0,2.0,2.0
1.5970049637575616,0.9570687955123586,3.0,2.0,1.9569606413142469,0.939180534904726
3.0,3.0,2.787344493234372,2.0,1.4081635783653144,2.0
0.0,1.6350030848090762,2.0951183276671195,1.2498005269189547,1.4344112563191032,1.8023705084158768
2.167491225784904,1.1457317607735384,1.388404164429376,1.9944188217729324,1.747727233396243,1.6601403558969903
2.0029775121826385,2.061315758812082,0.8539278960659199,1.1046530117911535,2.0,2.0
0.9798164030226186,3.0,0.0,1.2908967524584714,0.9729591035471133,1.6006260371137517
1.104143894074963,2.1294568892291164,2.6115655791291257,2.0,1.0858177304153855,1.0098028313875698
2.642264022434949,2.669858894710832,3.0,2.0,1.9877651426054022,1.769905492496803
2.3463086836296485,2.1638881601000914,2.3935915406638126,1.4492205095283408,1.9203368331073392,2.0
2.7364777617128557,3.0,2.4041016458763815,1.7703262150222547,2.0,1.8199469858174715
3.0,1.7307859685164693,3.0,2.0,1.5141348964485881,2.0
3.0,3.0,1.4544912720810932,1.8942221931703274,1.8673972669468095,0.2613557404625334
1.8237622032786305,0.0,2.133672452278079,1.6566735989235495,2.0,2.0
2.60278627854951,3.0,3.0,2.0,1.5253929498003351,2.0
1.2610987793846884,3.0,1.4057783019562806,1.9267905821833202,0.0,2.0
2.222458401647915,2.7175253007960873,1.8959926931007025,1.0004185781117672,2.0,0.0
0.0,2.0851486784398925,2.7817202817327766,1.1947544623946187,1.9579345545939948,0.8698418062199526
1.916163094604762,2.6957672017519427,1.5772392255373628,2.0,1.1340237841086578,2.0
1.9784168502822077,1.7401652092872544,2.2722310219947977,2.0,1.3913555500701618,0.0
1.4605261986891669,1.0508254079838149,3.0,2.0,1.4851555217279553,1.8680034691214291
3.0,1.9478568423467273,1.7071625968855357,1.5874555127454903,1.628177286710788,1.0615647005495206
3.0,2.5562232897862023,3.0,0.0,0.8178315030221546,1.8751555799574828
0.0,2.2943926163722903,2.0917722914086445,2.0,2.0,2.0
2.690307272306915,2.3717565778210505,3.0,1.288285196678184,2.0,2.0
3.0,3.0,2.4745675981899753,0.9165615402186289,1.2121449480695454,1.2209561051083886
0.0,3.0,1.8767519523775034,0.20703964224378346,2.0,1.6090477202719518
0.0,3.0,1.693408120823708,0.0,2.0,2.0
3.0,3.0,2.9913059144953245,1.4854067055243503,1.9443292409626545,1.0130180761548961
1.9454714803204762,2.227058586018129,3.0,1.2572210814541611,1.8988687254078505,2.0
0.4622392488338101,2.811048732516513,2.54241916689546,0.0,1.8636587774674573,2.0
2.2792021489107843,2.6918952203924498,2.035192121454658,1.0000519082860555,0.8084142730551592,0.9329147001778438
2.069650922881951,2.161925633211804,1.6683187181254142,0.0,2.0,1.1367749904175746
1.3269424352794215,1.117019749114328,3.0,2.0,1.4982035237574223,1.0716269864335448
2.845789736176313,3.0,1.1538550279574458,0.0,1.3943264251853102,2.0
3.0,2.017194753959185,1.7061235017273426,2.0,2.0,2.0
3.0,3.0,2.22656956068158,1.965709494928262,1.6301496554250017,1.2461209690347133
3.0,2.7603861641719973,3.0,1.9578906938320544,1.5797480451271713,0.0
2.0904235322935367,2.0875091558425503,2.2619745657443935,2.0,1.808971176725308,2.0
3.0,2.035639709894557,2.352392849937102,1.6118503570910212,2.0,1.1501203819955301
1.283388556365095,3.0,1.604400585777968,0.447340671791122,2.0,2.0
2.194853266935807,3.0,1.6472003196807379,2.0,2.0,1.8728573207702524
0.7746588784294832,2.108779959378249,2.0249512501782694,1.0499271723290675,1.8785937277953613,0.0
1.550246457383793,2.2353606478859844,2.1504301533807255,1.8894300384881078,0.6455001236794742,1.905237181848397
2.660947143361148,1.7324667209260487,2.1105155919615113,0.0,2.0,1.733794534870261
3.0,3.0,1.864991792427448,2.0,2.0,1.4490223002350555
3.0,1.7742110337295904,2.5374350881795498,2.0,0.669045146895231,0.992670955585203
3.0,3.0,2.1027307314774113,2.0,0.0,1.137484104473744
3.0,2.8928985798530102,1.995080801737859,1.6643562779183496,1.8535602561899447,1.6492653203487777
1.368486938655,1.4532937645966444,1.3519068631528888,0.0,2.0,1.937567035358025
3.0,0.26719037422333997,1.6320629189349922,2.0,1.6187140980808818,1.8079067609768062
2.2675504702984006,0.0,0.0,0.0,1.7438339650328638,1.508810470590976
2.6996561625041378,3.0,2.137172749216026,0.0,2.0,1.9699674226338773
2.9499917740128687,2.15640580910337,2.2140896100451837,2.0,2.0,1.9103909763780376
3.0,3.0,3.0,2.0,2.0,2.0
0.0,0.0,0.49587023582435064,2.0,2.0,1.0628379959921008
0.8794209727197224,2.0911839418754714,0.0,0.0,1.8221471572266057,2.0
2.9873539546067165,1.898431227780574,3.0,0.0,1.9244420016550112,1.7921293784071874
2.3049952290188953,1.235034243552774,1.8600379737640973,0.0,1.0797549826893342,1.4190351327243762
0.0,3.0,1.4366563264133139,1.0131191364364613,1.6217085229255823,0.0
1.8713738445510157,3.0,1.8720276549956414,1.86435331815848,0.17308566724862817,2.0
2.11609016518141,1.8473321195694936,2.0684826892718147,2.0,1.0516874856441754,2.0
0.0,0.0364663033363494,2.245204934346057,1.5596641389349548,2.0,2.0
2.3128896968787527,2.8854321325896843,2.7112465397425685,0.0,0.9244388796115406,2.0
0.7835992671550306,2.0261392515642087,2.081941446056814,2.0,0.9909220333690048,2.0
0.0,3.0,2.3317402326497305,0.0,0.0,1.1309464682516521
2.4873462096248,1.981773748905808,2.221704915513919,1.2835401867685485,1.9830744832117886,2.0
2.0875541566267772,1.903616006538965,2.876762868743381,2.0,1.3208450419009652,2.0
2.7657218420190404,1.5840727607863667,0.9380211274250453,2.0,2.0,1.9272883269729173
0.0,3.0,2.0896430726344333,2.0,1.2312191668518007,1.8592803788984091
0.0,3.0,1.298077678443815,0.0,2.0,2.0
2.3268393282148425,1.8281385537867276,0.0,1.7874000560171743,1.9326008890012432,2.0
2.8397227916049634,1.207363076594405,3.0,2.0,1.6867346218423647,1.71431783454762
2.269497955563297,2.7110727406271926,2.1412727569616825,2.0,1.0271404305762852,2.0
2.355422960150826,1.8554350282768384,1.8930104737331088,1.8762508614413902,1.2271049490373054,1.9847227431432275
1.2109419542911155,1.9918896940884268,3.0,1.9464664314005413,1.9322019503798646,2.0
2.0148051514333747,0.0,0.8759226409969539,1.9091877651310982,1.4097444404433856,1.9111339220028123
2.8651668209989705,2.597310696811337,1.9132598143682815,1.9126158718364437,1.7680205502519897,2.0
3.0,0.0,1.6306383086407772,2.0,0.0,2.0
0.0,1.4058707098879006,3.0,0.29159988770264966,1.7240322539324984,1.8712847473463645
3.0,2.0866683693389687,0.0,0.9112097909112808,1.2844407723017222,2.0
2.3583669309721675,2.42440458570262,2.5396262822268847,1.2966236597352587,2.0,1.3648560481166634
1.5343320481622367,3.0,2.2580236801062172,2.0,1.5685990627489843,2.0
2.6001828625938366,2.737659855059863,0.9028099467897178,1.9247691263127988,0.0,2.0
2.7774005706569955,2.170641712567905,2.322634133466495,2.0,1.892817481526523,1.4344471578380822
1.2922887998829915,3.0,1.294164436357207,1.53183665271857,0.0,1.575567412335119
2.1011290396056483,2.961614054322851,2.4782109631434297,1.8065670832650111,2.0,2.0
2.1164144499469253,2.3159182679531307,0.0,1.5179428821946392,2.0,2.0
1.8409329750822998,0.0,3.0,0.5077611896636447,1.1085170965446562,1.309545250613539
2.0743016921852786,3.0,0.7707838895751082,1.9303357129095193,2.0,2.0
3.0,3.0,2.3501940701916944,1.5437017454352944,0.9915045073343198,2.0
1.7230406269841045,3.0,2.4704338212278487,1.6935834412996407,2.0,1.0215359393811096
1.0239463537234461,1.2756022307762493,2.8350982644766405,0.976625969738485,0.0,0.9292141863553095
2.993574732311793,1.9238411025969033,2.956694268027632,2.0,2.0,1.2440503545592887
2.3655495633234107,2.7833351348718103,3.0,0.0,1.7115041353149545,2.0
2.6288089471640044,1.859739615871245,3.0,1.3294104225297922,2.0,2.0
1.6822189949154553,0.9553933345231465,3.0,1.3192494329753115,1.0313830531390875,1.9974035208296008
3.0,2.053369231419744,1.9292664597182765,1.2108974833714037,1.4961922379115271,2.0
3.0,2.279906539790572,0.0,2.0,1.5955431160545692,2.0
3.0,1.8082698832518302,1.9615361052234257,2.0,1.7537869687192058,2.0
2.387107457735693,3.0,1.3605680262913669,2.0,2.0,2.0
1.818913817518177,1.2682924680263974,1.7514146668373805,1.9638001580559146,1.428794023143129,1.011557662379882
0.0,1.0139850680663884,1.0082735222036538,1.7961580925553613,0.0,2.0
0.9347765681515363,1.8773043300756316,1.7661600129581707,0.9392594265273604,1.6574719012193389,1.9254301912936729
2.436576526860012,2.019283679745606,2.9093097801303562,2.0,2.0,2.0
1.24666680019601,2.1343510590304446,1.6198232798593402,1.2405213323803608,1.3547898974501087,1.70852073517945
1.134022060693956,2.9407336086758367,3.0,1.5888689915796657,0.9409201934572248,1.6479714603637832
2.704954499055315,0.0,1.8226787638459168,1.4460647675647587,0.94930086810228,2.0
2.013555711847326,1.2052641892295424,2.859718947324852,1.3736318963884304,1.9310355011251743,2.0
2.1780998645507506,1.2769939468370466,0.45266657801924787,2.0,0.0,2.0
2.521181372157069,1.8126896446543486,0.0,1.38794088124268,1.2259645647214106,2.0
1.7585434723375661,2.309419085572811,1.733300984033752,1.9676894369838807,2.0,2.0
2.407496847646778,2.426455427709323,2.9211663386060893,2.0,1.7012342257063289,2.0
1.6824755190288512,1.7758270783072003,1.183480462010802,1.6375709693386238,1.919685126256235,1.3574601657994108
1.8890646743592119,1.8513915694139231,2.7994564146265772,1.2359011844219132,2.0,0.032561112980823426
2.1576332642359124,1.5133758586829515,1.5360550527180625,1.765514904364176,1.9576938358251024,1.6924446029688984
1.8688095078538776,1.4993347537246529,3.0,2.0,1.6637288806293187,1.5929376735939098
3.0,1.889298217369992,1.639167313454769,1.2259807376702878,2.0,2.0
2.2000470548954154,2.603054585683278,0.9262612499083225,0.0,0.9433551259936477,1.2992913362227405
1.5750582174597296,2.0239766114184734,2.2183033853020433,1.9083632147308385,1.6950428190463414,0.9689893977260574
3.0,1.183240621188305,2.9595213683685406,2.0,1.5628432599738322,2.0
1.80648257423295,1.176894490597844,2.5313248519924954,2.0,1.712812481306353,0.6780907997913823
3.0,1.6353001857521619,1.0186139433200736,1.8247884069592915,1.909633446740362,0.07896284323620639
3.0,2.415859610794223,2.2181515872063833,1.3607737976895047,0.0,1.9025164077319348
2.9868501472982922,1.1235483455014519,2.1891018900653196,2.0,0.0,1.8678730735554498
1.5716215994880163,1.8890482208051762,2.6769017141860916,1.0313914331274143,2.0,1.2960661550279535
3.0,1.338942993692703,2.3338236371864824,2.0,1.5405265884386223,1.6608812292740829
0.0,1.7056032464505806,2.987372673258426,2.0,0.8607037894445847,1.694790245517408
2.498643330706412,1.0615421091254085,2.5221933114071375,2.0,0.9433250003539231,2.0
3.0,2.2201306873807822,1.2121877839137885,1.0283316201607884,1.147990841776352,2.0
2.8774977616754414,0.0,2.8355806767284815,0.0,1.9328454538225568,1.152407189248144
1.3558430283461647,1.5308585007543347,2.3508421123933076,2.0,0.0,1.4505041048992384
3.0,2.9800252372603793,1.7652776615579189,1.6387268729395545,1.2977466679298413,1.2850339127601036
1.9832717298208382,1.2253350105734695,3.0,1.3442853675738191,1.8584986945271746,1.5455449600706215
3.0,1.7248019382416222,2.291658204380298,2.0,1.7527281361037361,1.7481970693730193
2.506641061261588,3.0,2.0548891512592538,0.0,0.9734096689683157,1.0495450966059714
1.8191652427149352,0.9309739344065938,2.5660832413847086,1.8141422216260223,1.7869155018678646,1.8762891913019473
3.0,2.026102781255018,2.4859292539051068,2.0,1.6323513967043923,1.3934745324938895
2.3819479587247336,1.8790572660823837,2.1211119972021657,2.0,0.938424458948287,1.7118691454434372
3.0,2.045363189813549,0.0,0.9360232060758372,2.0,1.6190215773252998
3.0,1.8890503310961235,1.2310168318323829,2.0,0.0,2.0
0.17296734974928984,2.8615127846026525,1.7183075347137877,1.0437772942903165,1.1779594479228115,2.0
2.197218771779602,2.7882232975559678,3.0,1.0084479429505069,1.9012238169089026,1.4387546579763313
1.3345334462818952,3.0,1.8786052431034463,1.9947171451446237,2.0,2.0
1.0925145743170321,1.1651807686438438,1.7261152073847394,2.0,1.6527298968101771,2.0
2.2307750684911656,2.607775698974366,1.890069333864025,1.9319932552937935,0.0,1.5446074651139101
3.0,2.27384003188688,1.7112761796799367,1.3196236531923495,2.0,2.0
0.0,0.005672696260124088,2.0079608773269384,2.0,1.1810979242146118,1.2918181541420544
3.0,2.138802841460602,2.075676026482586,2.0,1.9790674611550514,1.809304696106958
0.0,0.8107704447697042,0.0,0.0,2.0,2.0
1.9333809794836818,3.0,0.0,0.0,2.0,2.0
1.4639732368249858,2.0423413493344813,2.946705626772348,1.3644379853339768,2.0,2.0
2.9158741027402697,2.8981329716132356,2.5162178963317863,1.0595724098993227,1.5404241222631576,1.990127249005591
0.9618920356259949,1.9152155648966176,2.3892083951481404,2.0,1.9423412467857175,1.8602544000399013
2.307071254291111,2.727503466104016,2.0283432210837753,2.0,2.0,2.0
1.8154533272962172,1.975667575259804,2.3850898160166003,1.7264471582312404,2.0,0.6635448032462069
3.0,2.5804927608619996,0.0,0.0,1.2413431068236842,2.0
3.0,3.0,1.6601031582888621,0.0,2.0,2.0
1.3466796279360536,3.0,2.38353685097717,0.36464689398461236,1.8646260570280149,1.0447415848950363
2.886393277929554,1.6198045277665802,1.882628190754811,2.0,2.0,1.7502538312834894
2.7669944017852184,1.594378563282012,2.1596860101471473,1.5417074544977418,1.7870864747650859,0.6910477291847086
3.0,0.0,0.0,1.2191901648098924,1.4026994293609574,1.9598419428828042
1.0874282436575335,1.5989981592535687,2.612666151534164,2.0,2.0,2.0
0.0,3.0,2.6475885808060053,2.0,2.0,2.0
2.346396573859265,1.9330860903391056,2.9762516218817443,0.0,1.2467785677219647,1.7301848371530517
2.361816303482696,0.9909603305008378,2.1547328531929795,1.2824783922228773,1.666333000993645,1.4373553818682538
0.0,0.0,0.0,2.0,2.0,0.24225412422734982
1.4315603815689932,2.8799813570972086,2.553848083694498,1.0342719452995681,2.0,1.0489705657285344
0.9538557577261679,1.8988641072419836,1.3929355980236333,2.0,1.552790444638164,0.0
1.2710040359860828,3.0,3.0,1.126056253699487,0.0,1.191696367118043
1.4788262622845554,2.140917845981373,3.0,0.0,1.7702675231038258,0.0
2.2262698464122073,1.7354132799242108,1.8165483300476097,1.9251898401480692,1.0285965744415293,1.3959984528402467
3.0,1.6851363609561172,2.0221242055638613,1.951384358425108,1.1057963401944773,1.2854496209545232
0.15217745196641233,1.1680100224422025,0.0,1.6781525325061815,1.237908885215119,1.1481046006637174
1.9997776267950125,3.0,1.9642060609830856,1.7209192951554106,1.0324442388352373,0.5702340668152257
0.7972014302773912,2.356993639111124,3.0,1.5922589096647444,1.2515041813841918,1.597644199221405
2.208120614756554,1.7904600601079077,2.534852558979093,0.6866096253882268,1.8943270167115656,2.0
2.0379575885481076,2.502838396874078,3.0,2.0,1.8852895361785216,1.2890633808645307
2.4331146030818753,3.0,1.705024240107213,1.7227981561352266,1.93135847252467,2.0
2.3698670040919625,2.138340527942675,1.5551653311832814,0.0,0.0,2.0
1.1161516116325636,2.3276731886445816,1.9934213391405788,2.0,1.059740988983243,2.0
1.531816155280573,3.0,0.24986732546405244,1.7324757993498578,0.0,1.9936490167788792
3.0,3.0,2.2529313225354377,0.0,2.0,1.9472251172189088
0.0,0.0,3.0,1.6164863704863386,2.0,0.0
1.9732108146143044,0.30162093079159136,1.1678500746799025,1.8065881316380095,1.614760696274753,1.297995345484348
3.0,2.9591916520027826,2.3701353010327715,1.37040390345721,0.2362555292010624,1.152759773554417
1.600145947513963,2.6642770167422882,0.0,2.0,1.7139415917471654,0.0
2.7991324291484445,2.1579182160231953,1.9011760623451206,2.0,1.8867152120610018,2.0
2.0446309621433514,1.4629883878340921,3.0,2.0,1.432173530974638,2.0
0.0,3.0,1.404094129156928,0.0,2.0,2.0
1.2727335921781968,2.6494252888848098,3.0,0.0,2.0,2.0
2.510476862952469,3.0,0.0,1.8962555054392563,1.8230910980866546,2.0
0.0,1.7919153301192963,3.0,2.0,1.2932954788683895,2.0
0.0,3.0,3.0,0.0,1.8732787784402858,1.996999103120316
1.7880088683420916,3.0,0.0,2.0,0.0,2.0
3.0,1.4669101324413596,1.219072301356431,2.0,1.1514139825727938,2.0
2.1921133514742897,1.39551566472798,1.8714648776181717,1.8502255528978466,2.0,1.6460001656104088
2.7308937738236017,2.2661412411265274,0.0,1.8846415376914518,2.0,2.0
3.0,1.1858166722415464,3.0,2.0,2.0,1.6164681207183933
3.0,2.005968286023468,2.4503531351078918,0.0,0.9540363287726111,2.0
0.0,1.2064352114375314,1.7361696162377953,1.7625485788001045,2.0,1.9889950769794449
1.273150858811955,3.0,1.0612161007016527,2.0,1.253074989097991,1.998573784857284
3.0,1.8290393340179232,2.1416553450015523,1.1958286184770655,1.4673959401642724,0.0
0.9995563330488103,3.0,0.0,0.0,1.6187588257631687,2.0
0.0,3.0,1.833205552844325,1.7835674600085123,1.7241421936236003,1.9760752054828854
0.0,1.064522446527528,1.4998124596276472,1.9066384802628105,2.0,1.435084170903713
2.5012882016502425,3.0,1.06354181022565,1.2471351132609774,2.0,2.0
3.0,3.0,3.0,1.987617652967169,0.3342392406695057,2.0
1.5849420205108773,0.15322038077640246,2.83915890603275,1.3596222810528706,2.0,2.0
1.9797199279887205,1.9337723969652882,1.8913787334571708,2.0,1.1421224384074673,2.0
2.4526730276043063,1.9541543613645374,2.1502200470929993,0.0,0.0,1.9294219743401535
0.0,3.0,2.89497622287672,2.0,1.3724995369243649,1.9987204850487008
2.076331788483837,3.0,1.5385945965777141,1.1133897413152178,1.6290195252264528,0.716917428965673
2.8123964118465796,0.0,2.268817027567543,1.515602734483223,1.9083001750175512,0.0
1.6173666694718587,1.989576560575114,3.0,2.0,2.0,1.032575137968375
2.1525936778721664,2.8392959508650786,3.0,0.0,1.5547084479942006,0.0
2.0294956722997504,1.7398573148167302,1.8773018575814615,0.0,1.0953236772805592,1.0295874761539887
3.0,3.0,3.0,1.0475213404036106,2.0,1.004496277651493
2.107965722491224,2.888009295057332,0.39818606430887143,0.0,2.0,2.0
3.0,2.3242363938121207,2.401637263466563,1.6656052953647822,2.0,1.9499444525806744
1.5128250627933753,3.0,2.35770275450362,1.9426831150110648,2.0,2.0
1.7939501352256937,3.0,1.8239823316936257,1.0018459737051573,0.835526555664426,1.7929901424455854
2.638476990976848,3.0,3.0,0.0,2.0,2.0
2.0450973716256184,1.7673294417757255,2.0183706077991785,1.5754028103542153,1.302396929830796,1.9890426264865488
0.7614088770519689,3.0,0.7973138307644341,1.9816090204118586,2.0,2.0
2.2130105012293435,0.534932292204031,2.053193089457491,2.0,2.0,2.0
2.6407639202937943,2.888184664711687,2.3581626374417493,0.0,1.7831186213603023,2.0
3.0,2.3030663587846427,2.3388277261456722,1.863523998126877,1.77787540349766,1.0756123887981859
2.5226669717282753,2.5666179124444617,3.0,1.941814292203588,1.6408200455935957,1.9325365496332698
0.0,3.0,3.0,1.9305838126573165,2.0,1.1082138725428567
2.064678311197915,1.8602869417198271,1.9318403245921092,0.0,0.9934660574273799,2.0
1.911217161099669,2.0585468990519864,1.355862324126152,1.0781757534750074,1.458594564940599,1.0610691944050477
3.0,2.4253908236393404,1.9620266945904372,0.5642782971834924,2.0,2.0
3.0,1.624905549988997,1.9068168934938152,1.9725196942734669,2.0,2.0
2.1199617001844353,0.9505551748302238,2.1120130097157093,1.9589305498306462,1.3267170899649483,2.0
1.9859753288775064,2.11455172169886,1.9644738602741014,1.1324875722882333,2.0,0.5853305368473591
0.0,2.303491281886062,1.7874478398036364,0.0,0.0,2.0
2.361819695523546,2.4874170987606052,1.410516242133202,0.8813023572804444,1.9435823012990143,1.2617287730795266
1.6416186574024898,2.728421578867599,3.0,0.0,0.945015628122265,1.6645326233618292
2.419528089333515,2.6183036590875446,1.9475556665565343,0.0,2.0,1.9390254443768564
0.4113185072172094,1.9644289630253309,2.644452363864285,2.0,1.7811666694255655,2.0
3.0,3.0,0.9821043755327145,1.9793442212952725,1.5276499194504916,0.8339983880962796
1.613461486739239,2.294734955383216,2.8798316987553703,1.660501731387368,2.0,1.2602205248669722
0.0,2.1672789982417884,3.0,2.0,2.0,2.0
1.2943402136688795,1.870589892608123,2.394030540797388,0.0,1.228487539919697,2.0
0.15006295841962972,3.0,3.0,0.0,1.099883676263377,1.8313960522321482
0.6195847169871752,1.8840436455699259,2.8763311248482357,1.6363192782646436,2.0,2.0
1.4550587808126147,1.868439757419634,1.4787610013175805,2.0,1.2612460261704104,0.0
2.1333306574750313,1.9429705823016343,2.538047053565971,0.0,1.987855656763939,1.0338419005512365
3.0,1.6271978136541296,2.387976675380109,2.0,1.7775059160617905,2.0
2.0773369119826444,2.0890412387606965,2.8610590424392037,0.6850987096276091,1.7082948655226722,2.0
1.849579636227391,1.884867656825919,2.738919165828695,1.9404871185027956,2.0,1.5280478105594524
2.5843356767342285,1.462614675880584,2.5777069451797914,0.8397719201105938,2.0,1.5948243178922852
0.0,3.0,2.1949454540702424,1.9765111033402494,2.0,0.8263233788045585
3.0,3.0,2.3553314940752856,0.0,2.0,1.9778502132617382
3.0,1.972163798747827,2.203267918668202,0.0,0.8494208683073171,0.0
1.751621339086734,1.9884645417837106,1.902737578454366,1.5905319562027107,1.261519787061989,1.6194109084669122
3.0,1.0780243175345805,2.2991599726065015,1.1487395510490686,1.043924225780524,0.0
2.1732368041973644,1.127738689514484,1.9238986958989917,1.0995486423971266,1.7018847553567875,1.9348325827118242
0.5462807742267163,3.0,0.44892019000649314,1.7828669450753725,1.5412565632928634,2.0
1.0008293739361838,0.36622274566468604,2.6410232074450817,1.9103022064127173,1.25580995924161,1.5861632835782722
3.0,0.0,1.6466418476101095,0.0,1.1968023856330396,2.0
3.0,2.1458734175213547,0.0,0.0,2.0,0.0
1.23591965998882,0.0,1.413608510871427,1.9337907989846146,1.8911217406853917,2.0
3.0,1.5349991726702552,2.9667454780717417,2.0,2.0,2.0
2.2487567972950533,0.0,2.5910865704306265,0.7649988432487781,2.0,0.0
2.282994817034192,3.0,2.293888996766755,0.9587639512844576,1.7901387153848942,1.4443513363220424
3.0,2.4913272654070426,0.0,0.13429299766080993,1.5633396538810547,1.3648959291733418
3.0,1.4846588267600829,2.2528229729137252,1.215359358225516,2.0,0.0
1.5371209195583693,2.126271138024599,2.2582612594574214,1.1251504698185046,2.0,1.93661847837907
2.157091186056172,0.1856629943536926,3.0,0.0,2.0,2.0
2.7893429383971546,2.142665779575944,1.296359390114164,1.5773046606366439,1.991881504246952,2.0
0.9393028812375707,3.0,3.0,0.0,1.9052279299366144,0.0
2.117184209708968,1.2442992308151621,3.0,1.1729057641035847,0.7216512784786051,2.0
0.0,2.862311557074341,3.0,0.5774076206855749,1.4159854094424347,2.0
2.027097758401969,2.4006165575912397,0.8513186607559589,1.1482788945071374,1.4335024949673765,1.0818462671842524
1.8776568471052766,2.399451343029454,2.339688864785094,0.0,1.9044357016512603,2.0
3.0,3.0,1.5098520216131368,1.624281904172158,0.9778162988348635,1.7531176962222497
2.266961370834432,1.4079507743270805,2.182482439735703,1.9027803747973926,1.7185759861336007,2.0
1.9671931250782806,2.6178973951381894,3.0,1.232164862400074,1.4267886757159356,1.9974877009033947
1.0466400372291913,1.6854722006931475,1.9158115959291078,2.0,2.0,2.0
2.6900105405266124,2.6800490299756228,2.0318105438342973,1.451691148316834,1.6109150984880987,1.9187619971713523
2.0817181912336933,2.532573922478119,1.7086897828570127,1.0522590274210784,1.7334177457330826,1.144207444910343
3.0,1.1880673828747308,1.706625938362465,0.0,0.4481258152778187,2.0
1.493197094479001,2.0445381041481046,1.2452490403574008,1.329824475931899,1.9619221467130177,2.0
2.567983119249495,1.3590776681006158,3.0,2.0,1.9916485219579176,2.0
2.3324089259233403,1.777465218799953,1.488406348586262,0.0,0.9415670236239081,2.0
3.0,2.5652387682763798,0.0,0.0,2.0,2.0
2.7883574472500365,2.203972493938927,2.743052161374693,2.0,1.9028367876546803,1.8745504854858388
2.374465649653497,1.7719338217724605,1.7471668270512277,1.1228110211591353,1.0618527327438834,1.8656003280762428
1.6487991343284067,2.815174071898448,2.6753878021401962,2.0,1.692978457359096,1.9440857258236264
2.365996241794235,1.1601122570875373,3.0,2.0,1.4304171297815043,2.0
2.5630287807951264,2.1277472055680784,2.2166990884218976,1.9959753522212518,1.5636342168367836,1.9636902973347308
0.0,3.0,3.0,0.0,1.7615632016637295,1.9900171952974934
2.198855554718692,1.9249708338227776,2.1065175653201327,1.6982808338580637,2.0,0.9255040622088617
2.2351196957560524,1.9883002514030559,1.814117019727929,0.0,1.1604832602641526,1.9315987912182702
1.2507679936566012,0.0,1.813300160566752,0.0,1.8925099279525204,2.0
2.7030431448479995,3.0,2.4959059364198377,1.5531982843996124,1.4245962264172778,2.0
2.953466559027727,0.0,3.0,1.3375027767328476,0.0,1.8302913136874488
1.5624447741878342,2.691447473036218,1.4495771587681519,0.0,0.0,2.0
3.0,3.0,3.0,1.927395507037998,1.043622474539251,2.0
0.8364739644033524,3.0,2.0720276795963906,0.0,2.0,2.0
0.6183079674830381,1.9916547395733584,2.671252509641397,1.7766452123761334,2.0,1.7720689551294044
2.3387303474146806,2.0883220740794655,3.0,2.0,1.97863943568747,2.0
0.0,1.516249943914234,1.8685162236925486,2.0,1.3094746612579653,2.0
1.9742034927337928,3.0,1.1874640895358175,1.8343163790582093,1.3448980319176496,0.8109611565569876
2.4146594293851638,1.9165936697760495,2.6656454555372866,1.1969184825673773,2.0,1.11084295765622
2.2306318979068247,1.953429752734833,1.8955448948566154,2.0,2.0,2.0
0.7373742248402044,3.0,2.8378417696848253,2.0,1.6887955642996533,2.0
3.0,1.272805722101659,1.9191146520080853,2.0,2.0,1.4784323678042455
2.198836265732511,0.0,2.80899118347457,1.7558563415297654,2.0,2.0
2.110473328173437,2.1179681172898164,1.291123341364258,2.0,0.7691809844588343,2.0
0.0,2.0204358247310346,1.9929596535013476,0.97584244618688,2.0,1.3661958459564754
2.1329876719333933,3.0,2.0591832552893385,0.0,1.9572122692496268,1.8950772789049612
2.307072469548389,3.0,1.6119448965708587,0.0,1.489594841182484,2.0
1.0585928999123402,1.059886779957865,2.976106612651643,1.5070652589261608,2.0,0.0
1.9526715771281222,2.5723417250565213,3.0,0.9876308768405954,1.4958406082177629,0.0
1.7326384195456208,2.307789923246934,0.0,1.9358957234411776,2.0,1.8088820791702571
0.3460983903449935,1.7983871900909976,1.7180832085546907,1.6467802215807263,0.0,1.9804622359384196
3.0,1.9807898289102694,3.0,2.0,1.3989050679574355,2.0
2.9875309233922045,0.0,2.6365330793462456,1.9404210309840342,2.0,1.992764958810629
2.6031733166592295,3.0,2.7969384458116595,0.0,1.975777717674284,2.0
1.6145908895757584,1.101084136790788,3.0,0.0,0.9584566344753112,1.865521747854581
2.9691266728274983,1.4345171592881871,3.0,1.4367986520767144,1.245385727165802,0.4860175308549416
2.235892323885546,3.0,0.0,2.0,1.69165752489819,0.0
3.0,2.804401206760688,2.0814743826985223,1.3318804671657065,2.0,1.0605630672709931
1.9640376939014417,0.7710644319416013,1.430962989032284,1.79792005279009,1.8452799249742329,1.7675193475856896
2.7816541564739614,3.0,3.0,1.3218309778696542,2.0,2.0
2.0246320368118966,2.1438777675036262,1.0509603266523886,1.7109786498503257,2.0,1.0044496606236524
0.0,2.29755177652035,3.0,1.2818196397047013,2.0,1.9343022762064308
1.9998175847312023,3.0,1.9998743502175973,1.8480910647999371,2.0,2.0
1.4671893712969375,1.1146973438884311,1.9006116981032544,1.0077375301396272,2.0,0.0
1.8351469417758925,3.0,0.0,1.9131854908928387,1.9585596104849174,2.0
3.0,3.0,2.802237103654008,0.0,0.0,2.0
0.0,1.9482641056940493,1.984713910713921,0.9650060029531923,2.0,1.8709399902644526
1.1640993915613398,3.0,2.5016478944291736,0.18885113399087072,1.7742734069787098,2.0
1.8628606718153824,2.821479732569333,1.9976955512958388,1.7455610156446038,0.9202343246654072,2.0
2.9889277514569286,1.6058073752124022,3.0,2.0,1.0758733689730478,1.1507779774918536
3.0,2.358164880204636,2.6216963636692148,0.0,2.0,2.0
3.0,2.479328535150052,2.958910339913518,1.0087691955690208,1.8335534489527303,2.0
2.7215494270028993,3.0,0.0,2.0,1.9259231595759476,1.9904916081415125
3.0,1.1698771355914932,1.9358905962470165,1.4044247429009697,1.8923235347499814,2.0
0.4543887427247373,2.19618291612402,2.270630123698497,1.7506275817489783,1.9900723058600653,2.0
0.0,0.0,1.9609691193715733,1.9908943206113974,1.165537923673183,2.0
3.0,2.903592535384741,3.0,1.6632613102178737,0.42690973762406736,2.0
2.219053368200043,2.1918662258900876,3.0,1.6246542161376958,1.7469516949948953,1.856930150124514
3.0,1.1240555637411909,2.006102935272463,1.8982366449245807,1.776766562302134,2.0
2.4715373527872666,0.0,2.101871767207194,1.703337674298721,0.8373478080678536,2.0
2.3587094599893392,2.3554429700251243,3.0,1.2232855420391815,1.0329987869156054,2.0
3.0,2.3880839102794007,0.3396478651071709,0.0,2.0,2.0
2.1832649131586566,1.5723841947708608,1.8299417064589327,0.7448663818095148,2.0,2.0
1.6890885345841877,3.0,1.5726867493650374,0.1285238033700935,2.0,2.0
1.287033558826042,3.0,0.0,0.9117845424339766,1.644795943206772,2.0
2.816147945607035,2.392448065838653,3.0,0.0,1.6103586320628946,1.7236156549841557
2.1931443193098574,2.3332473482320193,2.2211875744542504,2.0,1.3886357959087592,2.0
1.0897253000118583,1.7723100028057475,1.6550032597963118,1.7008202521156737,2.0,1.6329212124751145
2.2400270205057415,1.9058934335649744,0.0,1.743660093332458,1.8333094064765385,1.0365212114500995
3.0,1.9996390549923149,3.0,2.0,1.977242082170936,1.6879152893828762
3.0,3.0,2.519972971002047,0.6655958519380569,1.6875385881723024,1.8093283495101313
1.724403201355603,2.483951767182427,0.0,2.0,1.8196296787024941,1.5135613087729278
1.99824368283117,2.0291618614216365,2.018354866933643,2.0,2.0,0.9604873313604715
3.0,3.0,3.0,1.8352407350420803,0.36794589756410845,1.9948369543917936
1.6184163927844344,1.0691896994760814,2.378009355991592,1.1293872622102676,2.0,1.58796199649822
0.9970874910902623,2.192627718134139,2.805152305442479,2.0,2.0,2.0
2.3795111905516606,3.0,1.5249677395883183,0.0,1.0797599941141032,0.0
0.0,3.0,2.7254139239059607,0.0,2.0,2.0
0.0,2.2250727696616304,1.1466502957938567,2.0,0.47442817431533524,1.5519107618495265
1.8828308850057418,0.0,2.2186067502333544,0.0,2.0,2.0
3.0,2.045672473479715,1.7889316279281022,1.9303893091028046,0.959147522454474,1.5535339433929258
1.3225039173410933,2.0426122069701047,0.7810463636778403,2.0,2.0,1.8860168806417694
2.0995989157733543,3.0,1.5735028351509022,0.0,0.0,1.5478754557975969
1.1323203372538635,2.1423223397727678,2.617961389616005,2.0,1.956845221064886,1.9139808551538335
1.9672104964990407,0.0,2.9959441584655666,2.0,0.7215196718470864,1.9291954978997525
3.0,0.9462837952092226,2.1536976331343247,1.3609218706330688,1.359996192883207,1.9739261465146527
1.4502676766660938,0.0,1.9969267734370095,2.0,2.0,0.0
0.0,3.0,2.0777075544353716,1.850956929457122,1.9856743231458216,2.0
2.967807115628893,2.826360923766785,1.3008381501573443,1.0685481815205817,2.0,1.1700200419044435
2.9530884687929904,1.9182259107489383,0.0,1.5952840752396633,1.0516454299553302,1.9122229041310739
3.0,2.1869152137965417,2.9365250696036416,0.8622521663366405,0.9011626863609967,1.7919604698846157
3.0,1.4680359239444294,0.0,1.1064511440195146,1.6659053954409218,0.2789973076138421
2.5353488369444133,2.798711073614283,1.9581448987385695,1.6047243909155013,1.2340446193286865,0.0
2.005378366221483,2.4046056208900874,2.176675068467226,2.0,1.2449309697766862,1.5259707905217201
3.0,1.7718580702027489,3.0,0.0,2.0,2.0
1.8415332606970949,2.6903133213920194,1.48620618976448,1.7177260478917962,2.0,0.9992208609308566
1.0132259680023987,3.0,3.0,0.0,1.7688696117534466,1.9115596135570065
2.074899358428566,1.4902541169972676,2.0278926553774856,2.0,0.0,2.0
0.943534923995799,2.262799165545266,2.3762853377250757,0.0,1.283807318909482,1.339269473834979
0.0,3.0,2.2366589471771023,0.0,0.9755049471187178,1.9510477679127907
3.0,2.4218940304935477,3.0,0.9896652613290877,0.6418524615555181,2.0
0.0,1.7271446312223258,3.0,0.0,2.0,2.0
3.0,0.0,1.8161400126010947,2.0,2.0,2.0
2.7511537149853926,3.0,3.0,1.8798377978630896,1.1697190833848974,0.3296857313735878
3.0,1.7619180596032293,1.3224836154286599,2.0,0.7884127899630531,2.0
2.397277722416566,2.0668197783535636,1.983439568577351,0.0,1.459969274185124,1.4164736178542618
2.703310194257317,3.0,0.5000180796180382,0.0,1.927467678202206,2.0
2.2990177910771683,2.6274349836468676,1.350436476069125,0.0,2.0,2.0
1.9523749003374116,1.109655206272644,3.0,1.7164113546406758,2.0,2.0
3.0,3.0,2.0096638194592162,2.0,1.7541837836957366,2.0
2.3209377981086914,1.9670688884186958,2.8532464030574634,1.4415592118040017,1.584946379376015,1.5740393547498632
1.3475820657565096,0.0,2.906103903202436,2.0,1.1352494431440516,1.956387995937693
3.0,3.0,2.173303680137666,1.919028742430644,1.8972144559094057,1.2781885213941035
1.9464288615563912,3.0,1.6920120734532451,0.0,2.0,1.5360897750241915
1.6385087511663723,1.8347507551215565,1.9935590215505796,2.0,2.0,2.0
3.0,2.0349827527786952,1.9606196366075597,2.0,0.9540841429646931,2.0
0.0,1.8207465426478324,3.0,1.9163049456093737,0.0,1.5400682814716777
1.5794883028285704,1.565656798908843,1.7601798576271226,1.7313347583456538,0.8976273774404238,1.1117269892654806
3.0,1.1258504353463659,1.8237955268123527,1.9919860377420213,1.3031319600175841,2.0
3.0,2.0016464022870015,3.0,1.435162732312198,0.17388776513309556,1.2771946719807261
1.7355557513760598,1.7530478493760975,1.7454219864852716,2.0,1.1455613416425292,1.5597522003801516
1.7541144312661892,2.196838331894435,1.8351194545221619,1.3256169432466511,2.0,2.0
3.0,2.2663734733007797,3.0,1.4994590833968242,1.887780565235455,1.8694490760557367
2.1463023157900536,3.0,3.0,1.912720387835371,1.481480866296168,1.419803671069546
2.610496745918723,1.4134389755678962,1.37164879930123,0.0,1.058087178747345,2.0
2.992385420637969,2.9365823520028123,0.36465773295407233,1.8223118629024926,1.300501135784632,1.9709552099800107
1.0282229069666138,2.180129324349839,3.0,1.5234854457152944,2.0,1.885213589773786
2.280486084233547,2.208633252636194,2.4892618749399653,2.0,1.6908819012098326,1.9992563386092408
1.2550704195858051,1.0428449997401346,0.7191374915178286,1.6662811416751584,2.0,2.0
1.9727433507221153,3.0,1.9931886411062676,2.0,1.9019365105500257,1.2219975159276075
2.094282624147582,1.2778677981741948,1.9457817378511408,1.6877709303907489,2.0,0.0
1.8517447511955036,1.385969163042241,1.2168068480447825,1.4741644116329349,0.9614599858084046,1.1994620222246286
3.0,0.0,3.0,0.0,1.8680334568203019,0.0
2.1453193175422056,0.0,2.147696559942322,2.0,1.9169110886112446,2.0
0.0,3.0,3.0,0.0,2.0,1.997598176444886
3.0,3.0,2.7554139485947027,1.9653111513800936,2.0,1.920462179101428
2.0670443018221025,2.0274319589559524,2.239950624887328,1.5320501476475956,2.0,2.0
2.72547960341877,2.1381824265823335,2.4164860672445228,0.0,0.0,1.6991367580389798
2.0885450246734867,3.0,0.881455333373054,1.592767758481435,1.9853255596263235,1.2079642646684483
2.2564927508221886,3.0,0.0,1.983400413754906,1.838972415143234,2.0
2.8216830081499906,1.9009057807607028,3.0,0.0,2.0,1.403759792247572
1.8429445252865986,3.0,1.1602372951605444,2.0,1.375614449896246,1.0355682895496252
1.3458245718902322,1.977704669095962,2.0474025369295443,1.9836454977831992,1.9279588583368472,2.0
2.0004355746192797,3.0,0.0,2.0,1.8280575677501267,1.6842554538620549
2.763996560951613,1.1889991936031001,1.6873739414046243,0.0,1.9669428463770484,0.0
0.10248644548785987,1.1427263217628896,3.0,1.9277463649795472,0.9775642026680896,2.0
2.092952599415159,1.8726741310827337,0.0,1.9364357137554995,1.7672571750595072,1.683496610778552
2.025526576961508,2.2520769972206875,0.0,1.9026340243449182,1.6391268745889829,0.0
2.2960117821670067,1.825865649400918,0.0,2.0,1.935099467114219,2.0
2.852320818961557,3.0,2.393235247232868,0.9004675943393425,1.6188410843523184,2.0
1.8318614188986986,1.9866024476195314,3.0,1.6138201224675104,2.0,0.0
2.0441495158123524,2.0123858553242533,1.296667192521808,1.324464923302139,1.1911307973825356,2.0
0.0,2.486373332354795,2.9741224226194127,2.0,1.510864843813532,0.0
2.0005377671919007,2.6398131397845526,1.4280328033492535,2.0,1.928148384458244,1.132712540573074
1.7864560136145293,3.0,2.3027989620240534,2.0,1.186509992008862,1.61823690600112
3.0,1.3630076680865544,1.4779916496786676,1.3029073494609937,1.3303379117275798,2.0
2.6430999722478874,1.1918066804063483,1.956801816675163,2.0,0.0,2.0
1.2934453526453893,2.1806742659701235,3.0,1.4719307051111108,2.0,2.0
3.0,3.0,3.0,2.0,1.582273543203938,1.7557022997364917
1.5282136331035125,3.0,3.0,1.6659766877974933,0.0,1.3654398009251163
1.8452040550454925,3.0,2.5846662550741915,2.0,0.0,1.9774784449681269
1.4542330296599126,1.5590880242183403,2.469998163005606,2.0,1.694584930462202,2.0
3.0,1.8119767534388571,3.0,2.0,2.0,2.0
1.2016745599282517,1.7781959870865396,1.801405313743204,0.0,1.1506672096911255,1.7326160923206866
3.0,1.9883387598838589,2.074332044263249,0.621051761398575,1.8975431964097487,2.0
2.0048287907047015,0.0,0.0,0.0,1.6326262079230571,2.0
1.7491811015537628,3.0,2.109963404890334,2.0,1.1606912681788195,1.9748805885202647
1.5100230158860595,2.190486918409807,2.7613111294180666,1.827356311754992,1.6042256316815964,2.0
2.4813042760936597,3.0,3.0,2.0,1.5596515512191123,0.0
0.0,3.0,0.9025261567555866,1.6070822920880734,1.5782225775428569,1.6316846776383116
2.1936819284517797,2.948527204466108,3.0,0.0,1.946100971504121,1.8148003156943346
0.0,1.791314643676059,2.7853233831594464,1.8539150157745745,1.1245005916900317,1.0297458153580825
3.0,0.5216583565496955,2.151062782070189,1.6793499237343434,2.0,0.49094824987322183
1.9451142248599327,1.974840360274323,0.0,2.0,1.5849270858546225,1.2372653720996385
2.146259473916896,1.72525076623757,2.0263640473030287,1.389998117096391,1.797441780425847,1.9252131685888574
2.268922972734069,2.0814910836478986,3.0,0.0,2.0,1.9213346216256362
0.0,2.0071128282416724,3.0,1.8595064400676287,1.82227377829818,1.8492620127241022
0.0,1.7295840962797042,2.05688784227453,0.0,0.8269288947708405,2.0
0.0,1.0237127103461612,1.7329518975238238,0.3660580378960302,2.0,2.0
0.604598130657397,2.5574008240276926,1.6500420220975158,1.9347872511901385,2.0,2.0
2.199609038552267,1.9278558932081427,3.0,1.9453314641013346,2.0,0.7800408507967774
0.0,1.9420086690693252,0.0,2.0,1.2842548734875912,1.9276401399544734
1.9967643657226126,1.644533256519111,0.0,2.0,1.5993035319946212,1.4422561987092324
1.870280904629648,1.784910820902486,2.6395128306952365,0.7302443489145805,2.0,2.0
3.0,2.0471700082445285,1.8502632373554226,1.2588733766343925,0.7202668202208996,1.0447348547892505
1.9675329121946148,0.8405845594814405,1.5419897727048208,0.0,1.5778530799077557,2.0
3.0,3.0,1.68864153976406,0.0,1.8672290184126816,2.0
2.1011869882840988,1.9728730766202887,0.0,1.8753599041366806,2.0,1.7735263701908766
2.8300676377400364,1.2834814461005595,2.648667766331846,1.7421921240000784,1.0225773296199612,2.0
3.0,2.4426784172322833,3.0,1.9475314252893035,1.7143664015474807,0.0
0.7734519681974865,1.9052437829943873,1.5863051217470459,1.7391676101555382,2.0,2.0
3.0,2.1251301181769384,2.362625060705358,1.4774160937174359,1.1473008170478998,2.0
1.961485753607938,2.4923742896491863,3.0,1.1385591524313106,1.0946573286178196,1.320172889966137
2.5484165610284566,0.0,1.6108249812726152,0.04012446911148615,1.134000368384067,1.8548500524977176
3.0,3.0,1.7305848683513545,0.0,2.0,2.0
0.009232235013486332,2.297436688489235,3.0,1.9698951726758116,2.0,1.9247268074486301
2.172125551486691,2.0896544716890157,3.0,2.0,2.0,2.0
1.6381724832237134,3.0,3.0,1.8609789346651198,2.0,2.0
3.0,2.1628757206763054,0.0,2.0,2.0,0.0
0.10813242433141622,2.2290037831173355,2.1232654302562533,2.0,1.902518948962129,0.0
2.477298411517418,2.7969757652977294,1.9166000651154191,2.0,2.0,2.0
2.2359723896784214,2.9164445977634714,0.7859155645973805,0.9625874302214784,1.4781933139593653,2.0
2.94960998474562,2.1675291953072575,0.0,0.0,0.0,2.0
1.9659603634511844,3.0,1.9164422677769968,1.9395890563481601,1.7792575127752221,1.9029151086008076
2.2272277211506957,0.0,3.0,2.0,1.7615962750381446,1.084204510800461
3.0,1.1131020917465466,3.0,1.9916843983518893,0.0,1.970918502809345
3.0,2.887143266802619,2.042541393536059,2.0,2.0,2.0
0.0,1.6102211809308005,2.196538567598174,2.0,1.8848878709803594,2.0
2.6519226209851947,2.560022420376207,2.6666756536545564,1.9701571566055913,1.0942253135114948,1.9972004187796655
2.4798763555841474,1.0184315589297994,3.0,1.544662027371691,1.1830700416987385,1.9045469990568769
0.0,3.0,3.0,0.1729466208801559,2.0,1.792991528679181
2.021594348733797,1.508285190065256,2.658067715582191,0.37457515908621297,2.0,0.37196965376305424
2.2891902786085163,3.0,1.1254439413812296,1.7729714552277085,2.0,2.0
1.128057084575862,2.1292006640708303,1.1458670000819986,1.89035298592679,0.07761594858981602,1.8675987574519626
2.0447945514017514,1.6801828238611984,2.448905457161706,0.0,1.576158808728268,2.0
0.9516840778543694,2.069208871954685,1.945577226570979,1.558229902298823,1.4045122359788642,1.9945384233582828
0.9699463490832093,1.0381256596319706,2.2500185890408497,0.6493722797873454,0.0,0.9639703692391758
2.4563240786906224,3.0,2.5222227084188726,1.4920310706532744,2.0,1.855860207326657
3.0,3.0,0.0,0.0,1.6500083762676172,1.7749585763301154
2.7338069647856034,2.7914697316981596,1.6383840222599277,0.0,0.0,2.0
2.8713953955271148,1.4720188833778838,1.8221889297829983,2.0,1.7383814814168188,2.0
3.0,3.0,2.467330008197719,1.9257682690035076,0.1112981272946415,2.0
3.0,1.7028054974474376,2.5770966692008446,0.0,1.9952594226274463,2.0
2.8707784486996033,1.5617752710787351,1.4154457113145178,0.0,2.0,1.0290740397450209
2.5483597134922915,2.5732056866249797,1.1610784673984307,2.0,2.0,1.998146030827947
2.2016044907254706,3.0,1.7119788256387158,2.0,2.0,2.0
0.0,3.0,1.2887748678172029,0.0,2.0,2.0
1.2458901502472302,3.0,0.46142531988900837,2.0,0.0,0.916153318058338
1.1982825298123891,3.0,1.4982910337710205,1.9290982485167028,2.0,0.0
1.9633264537856763,2.2430511327961367,2.172930559191936,2.0,1.2335489709170946,1.1533235401706006
0.12009080475209706,1.9088168456977146,1.9188175881355514,1.2458945941794375,1.4623015026977664,1.1979612478904074
2.0336687489406433,2.8919529473102594,1.9934871217813968,1.8989799726271401,2.0,1.5825853493240083
0.9105297634208382,2.066050119670723,0.0,1.071969499539465,2.0,1.2640559196504941
2.055772640112377,3.0,2.1328873023167465,0.0,1.2259961318209738,0.0
2.6575971611915,1.5063504214955208,2.1447464763663717,0.0,2.0,1.9783346453439066
2.7949144754779858,2.2816523468370353,0.0,1.0467503994971448,2.0,1.8646132875805073
2.6167462108727952,1.7089884830761304,2.6004747558942234,2.0,2.0,2.0
2.0758752101808104,1.9789337899076211,3.0,0.0,1.2237934038780522,2.0
0.0,2.3388098535298627,2.306441406174637,1.5769219639554644,2.0,1.0238861354561506
2.2881635138392866,1.607573330100118,2.506387706307267,0.0,2.0,1.476517785961176
3.0,2.6777587654762414,1.5785914542078021,0.0,0.0,2.0
2.7355474629411187,3.0,0.0,1.1304940406984976,2.0,2.0
3.0,2.869391875511893,1.9426008643951334,1.9111408803782899,1.4894844617748397,1.0495263024625248
2.226415826526217,1.7164337761816255,3.0,0.0,1.2337361218183998,0.0
2.201890171075185,3.0,0.0,0.0,0.9871498682348698,2.0
1.996000678928781,0.0,1.9931266210874596,0.0,1.2426883179012358,2.0
2.1312496782517107,3.0,1.2788172766457635,0.0,2.0,2.0
3.0,2.2049203658998597,2.0342019404683835,1.0073341922765362,1.331849365647698,1.6694318529798102
2.0704824937345134,2.0046116628938266,1.3350312480756186,1.672611185868897,0.0,1.6919330658515945
3.0,2.339467421704624,0.0,0.656361781817428,1.1683169198964807,2.0
1.2796544486618093,1.7301297944009346,1.6781472135128503,2.0,1.1066731538521832,0.6516904816578077
2.2215632973508614,3.0,1.8745703696109486,2.0,1.610828636198086,1.8884016869103548
2.946438524944049,3.0,0.0,1.9588730342256022,1.0351684987739247,2.0
2.900208504522894,0.6584604946895266,3.0,0.0,1.559454429968592,0.0
0.0,1.4412241577074019,3.0,1.9694969943711567,2.0,1.5240634870544374
0.0,0.8225656132530369,2.483708078156369,0.0,2.0,2.0
3.0,1.9384380769965581,0.0,2.0,2.0,1.8027982106845672
3.0,2.8115800410232996,3.0,2.0,1.4095515993521643,2.0
2.1270927689488097,2.1051649602056677,1.3782512365345148,2.0,1.981314938527008,2.0
2.43851557678703,2.2155955425991904,2.717672437202984,1.4797057641168678,1.5566230909826708,1.2720562351991496
3.0,1.9509525278658402,0.0,2.0,0.0,1.606614138296854
0.0,1.3297627061852717,1.7800183847066307,1.6479954848532903,1.1556823195437316,2.0
2.4087614636440664,0.0,2.618429406465838,1.2363383241157762,2.0,2.0
2.598747735502839,1.5789160902448052,2.3847213123988578,2.0,0.0,2.0
3.0,2.551075408633472,0.0,2.0,1.6163500969501179,2.0
1.9270138661850085,1.1455736114310031,2.5194429157503166,2.0,1.1068008802733658,2.0
2.380152832258445,1.9629025880987911,2.2726797906627105,1.8246738607583808,1.0706408380287176,1.7460062677171597
3.0,1.3675149505380413,2.013210365751401,0.0,1.8261562766188395,2.0
1.059918858786956,3.0,3.0,1.7880234078854689,1.584747978168462,2.0
2.7272168234727436,1.997417596168012,2.9538520498771943,2.0,2.0,0.3477468073305011
2.0924287045717453,1.5951614106513323,1.1849317187165331,1.2042604446685623,1.971058834303855,2.0
3.0,3.0,1.7525830385242995,2.0,2.0,1.3929245601970517
2.8306982228084863,3.0,3.0,1.480632295756833,2.0,0.9109909013496356
2.3428297688536017,1.4032295302357412,3.0,1.8710858038560039,2.0,2.0
3.0,3.0,1.90316875518235,1.5347157186189018,1.0224341978214493,2.0
3.0,1.024229483124094,0.3669753614189355,2.0,2.0,1.8167428003279122
2.868365202784762,0.6223194026247869,1.298828412527032,0.0,1.6355029474848526,0.0
2.315999630157482,1.8619889591014878,1.7398180218082582,0.05877113880453699,0.9857615066803079,0.5616011603759212
3.0,1.7675891883882129,3.0,0.0,2.0,2.0
1.0306774417980005,2.8967725220794036,2.7758025350397606,1.8176642445001967,1.079039201616075,1.8899165361684465
1.6064236906870601,1.9265454206805297,0.8419146282487999,2.0,1.813591149151144,1.8338434403506054
2.800186469121041,1.8345897958303605,1.8418650905461005,1.918627064893459,0.08473513752437023,1.9278365644166853
1.583667895336376,2.738260155044741,3.0,1.3276752440109574,2.0,1.999288124728694
0.43305155233439147,0.0,2.248562049376127,1.6071402630997733,0.2308852516819464,1.7385793436215426
2.2843524695411763,3.0,3.0,0.0,2.0,2.0
2.483069511097465,1.653835592507192,2.2383380645607676,1.1266987881662227,1.638339542570591,0.7481677082987762
3.0,2.056464756846333,1.0574890795152283,0.0,1.21886464186547,2.0
2.8215304815001403,0.4649587672797394,1.8233149371095934,0.0,2.0,2.0
2.274703707656312,1.2767283047118951,2.3759946822893934,1.8203799475098896,2.0,0.9050858886337492
1.418794916158898,3.0,2.855267776202186,1.2877402719014677,2.0,1.7876540180497245
3.0,0.982854584671249,2.783227241902709,0.0,1.8977404549549894,0.5000637193930118
2.026366111322762,3.0,2.2180858422166345,0.0,2.0,1.9278342724202906
1.9455596683343637,3.0,2.798060873025636,1.9522988042325657,2.0,0.0
1.8497555009124764,2.0734413785946355,2.059095670090167,1.4687992181702845,1.1047242786711777,0.0
2.1183654475098836,2.3798483327570374,2.61804771067742,1.272347449770228,2.0,2.0
3.0,0.8884972787249885,1.9983500196126196,0.0,1.6905930695165772,1.86576934566686
2.242647991396868,3.0,1.9617281562820477,2.0,2.0,1.207170454632541
2.5065720828059628,1.6113481283173783,3.0,0.0,1.1586099923323303,2.0
2.946975320043807,2.175451412105083,1.4771981880630072,1.8101545733445916,0.9952338825946351,1.134185164920277
