0,1,2,3,4,5,6,7
0.9999864,0.21915022,0.94872886,0.6283734,0.9998639,-0.12618923,0.9936405,0.9992223
0.9999855,0.13523264,0.999797,0.6880342,0.99948806,-0.21017775,-0.82839453,0.99943745
0.99998474,0.15858193,0.9998359,0.7367772,0.9995002,-0.22804505,-0.82579064,0.9992488
0.9999811,0.114576116,0.99977493,0.6672691,0.9995725,-0.2651874,-0.83030826,0.9992811
0.9999825,0.15677726,0.99983495,0.74035144,0.99942315,-0.28766578,-0.8312378,0.99909747
0.9999881,0.19815896,0.95360833,0.71932757,0.9998403,-0.20065041,0.993146,0.99920905
0.9999853,0.2219063,0.9092508,0.6328037,0.999775,-0.14857277,0.99629086,0.9999999
0.99998724,0.12705944,0.9997619,0.60695,0.99958456,-0.21509771,-0.8339863,0.99929535
0.99998695,0.15281881,0.9998065,0.68324524,0.9995201,-0.20014049,-0.82878,0.99932945
0.99998,0.124945424,0.9997831,0.563056,0.9995614,-0.16109565,-0.83912367,0.9993087
0.9999889,0.19189213,0.87997806,0.39924228,0.9998464,-0.045292683,0.994741,0.9999753
0.99998087,0.1206262,0.9998003,0.6325566,0.99953264,-0.18717574,-0.83276576,0.9992757
0.9999867,0.21088777,0.9406374,0.6633516,0.9998288,-0.15133925,0.99409056,0.9992765
0.9999849,0.13441885,0.9998032,0.6681066,0.9994624,-0.20823413,-0.8285066,0.9993682
0.9999868,0.20993829,0.9470866,0.71362543,0.99981457,-0.17874579,0.9941337,0.9999724
0.9999892,0.22460988,0.9167207,0.67745245,0.99979675,-0.14011943,0.99602145,0.9999779
0.9999845,0.12677297,0.99977267,0.5763309,0.9995688,-0.16993105,-0.8338676,0.99935675
0.99998695,0.14783086,0.9997963,0.6956762,0.99938,-0.2587918,-0.83500266,0.99927235
0.999984,0.13267237,0.99980086,0.6576017,0.9994833,-0.219135,-0.8352536,0.9992893
0.9999857,0.21141532,0.9025368,0.5381305,0.99983245,-0.11093804,0.99513805,0.9991727
0.9999829,0.14837147,0.99981713,0.6641077,0.99954045,-0.1599694,-0.8267175,0.9994476
0.9999837,0.15645911,0.99981856,0.6454973,0.99951494,-0.10742965,-0.8328724,0.999562
0.99998766,0.21935967,0.9439259,0.66304135,0.99978864,-0.1926776,0.99428046,0.9999545
0.99998516,0.1977902,0.9063778,0.5872148,0.9998374,-0.11156832,0.9960292,0.9990211
0.99998873,0.24067387,0.94936967,0.8321564,0.9997676,-0.23913023,0.996147,0.99985415
0.99998605,0.18760604,0.92837644,0.5646392,0.9998119,-0.15463421,0.9935602,0.99937576
0.99999,0.17589165,0.99985653,0.79779327,0.99939644,-0.2695661,-0.8160573,0.99932426
0.99998635,0.16138136,0.99981856,0.713208,0.99943477,-0.25108927,-0.83443284,0.9992495
0.99998873,0.2302277,0.97563756,0.79323006,0.99978995,-0.2820874,0.9874308,0.9998531
0.9999833,0.1562678,0.9998464,0.7948671,0.99934345,-0.3102791,-0.82159215,0.9992593
0.9999845,0.20118147,0.92087644,0.63470155,0.9998273,-0.11267952,0.995659,0.9992426
0.9999897,0.21779618,0.94570196,0.7650377,0.9998097,-0.24748582,0.99471414,0.99941134
0.9999882,0.19414528,0.9285203,0.56621957,0.999835,-0.094166085,0.99379814,0.99941194
0.99998206,0.18953171,0.8710137,0.37616253,0.9998548,-0.0016826598,0.9961781,0.99998945
0.99998623,0.22437151,0.95631593,0.6867796,0.99984384,-0.11044734,0.9938309,0.99983484
0.9999882,0.21465321,0.927915,0.6958026,0.9998275,-0.16035198,0.9956754,0.9992621
0.99998605,0.21813186,0.9518014,0.638667,0.99985194,-0.16752015,0.99298805,0.99910736
0.99998575,0.19564159,0.9519452,0.6153598,0.9998707,-0.17622346,0.992762,0.9998783
0.9999849,0.16721377,0.99981534,0.6971756,0.999467,-0.24335857,-0.8321165,0.9992118
0.99998474,0.12064441,0.9997616,0.6061505,0.9994996,-0.22452433,-0.83564734,0.99931425
0.9999885,0.19995151,0.96192944,0.5956372,0.99980634,-0.1734477,0.98856235,0.999707
0.99998766,0.14859548,0.9998058,0.6807406,0.999554,-0.19952527,-0.83036584,0.9993114
0.9999852,0.15047598,0.99982184,0.76535535,0.9994022,-0.2815001,-0.8259964,0.9994336
0.99998796,0.19825311,0.94824225,0.6011395,0.9998068,-0.21276435,0.98886174,0.9997861
0.99998885,0.22714238,0.9631329,0.72444427,0.99981284,-0.23779039,0.98981816,0.9997758
0.99999,0.20871356,0.94509053,0.6078379,0.9998453,-0.17251204,0.9933934,0.9999745
0.99998254,0.12823501,0.99981946,0.634789,0.9995547,-0.17506899,-0.8367195,0.9991964
0.99998957,0.2100033,0.9478511,0.68705153,0.9998597,-0.15307951,0.9945267,0.9998318
0.9999829,0.15020886,0.9998239,0.67297626,0.99949896,-0.21908243,-0.83166623,0.999263
0.9999894,0.20707329,0.9269135,0.6425593,0.99981105,-0.108279996,0.99551105,0.9999399
0.9999854,0.13218698,0.99979365,0.6617788,0.9995032,-0.23285785,-0.83293176,0.9991727
0.9999828,0.1157234,0.9998025,0.6332503,0.9995814,-0.21044089,-0.8317226,0.99917096
0.9999845,0.14862238,0.9998346,0.718641,0.99945754,-0.18602411,-0.828187,0.9994954
0.99998826,0.21601628,0.94898546,0.642155,0.99984676,-0.15511653,0.99354,0.9992395
0.9999802,0.10734896,0.99978334,0.5482334,0.99957293,-0.13940184,-0.83384967,0.99943465
0.99999005,0.22074683,0.9626202,0.6918643,0.9998362,-0.22584327,0.991169,0.9998461
0.9999845,0.13129176,0.9998191,0.6557332,0.9994337,-0.2158152,-0.836708,0.9991006
0.9999892,0.2024624,0.9421893,0.634794,0.99984413,-0.089002356,0.99377483,0.99986136
0.9999831,0.22630136,0.94539905,0.66792786,0.9998198,-0.15356635,0.9945158,0.9993748
0.9999859,0.2138015,0.89915025,0.6522064,0.9998092,-0.14568867,0.9966705,0.99985814
0.99998516,0.1626146,0.9998258,0.7697516,0.99944395,-0.27009705,-0.8224255,0.99936754
0.9999835,0.15813647,0.99983704,0.74749315,0.9993199,-0.26534674,-0.83199173,0.9993266
0.99998546,0.2273156,0.9277017,0.7253221,0.99980575,-0.17325458,0.9961903,0.999392
0.99997914,0.13555963,0.9998252,0.6824453,0.99938786,-0.2531681,-0.84390986,0.9991154
0.99998534,0.14179184,0.9998158,0.7065586,0.9995192,-0.26484394,-0.8292082,0.99922395
0.99998206,0.117884815,0.9998404,0.712661,0.999447,-0.26211482,-0.8325856,0.9992192
0.9999853,0.20079435,0.94076663,0.5828557,0.99986905,-0.11812361,0.9935711,0.9997849
0.99998856,0.19762106,0.93622524,0.5170458,0.99987346,-0.11262201,0.9926081,0.99940187
0.99998873,0.2076917,0.94634664,0.64042735,0.99985945,-0.15148741,0.9917872,0.99980855
0.9999869,0.19376804,0.9252955,0.6388766,0.9998526,-0.10592576,0.9955546,0.9999409
0.9999883,0.17446193,0.9998263,0.80733025,0.9993865,-0.31835586,-0.8190537,0.99936587
0.9999881,0.21813004,0.94403344,0.6817348,0.99983215,-0.20616594,0.9944112,0.9999715
0.99998677,0.14849669,0.9997967,0.6734832,0.9995613,-0.21382657,-0.8301026,0.999346
0.99998975,0.1982224,0.8979287,0.6003563,0.9998024,-0.18353766,0.99551934,0.99939305
0.99998504,0.12229506,0.99978954,0.608287,0.9995653,-0.1964967,-0.83777106,0.99925005
0.9999868,0.14160618,0.9998105,0.7299439,0.999416,-0.23633014,-0.824098,0.9994667
0.9999887,0.19596536,0.92793167,0.53031564,0.999827,-0.17429788,0.9923517,0.9999639
0.9999842,0.13430664,0.99979985,0.6602732,0.999515,-0.22321942,-0.8330019,0.9992986
0.9999873,0.21299782,0.9338879,0.6611157,0.9998365,-0.17137507,0.99442655,0.99997693
0.9999824,0.16327904,0.99983495,0.7688939,0.99938005,-0.26998967,-0.82910997,0.99942285
0.9999855,0.20691018,0.8986222,0.5919127,0.9997956,-0.113177165,0.9957476,0.9999997
0.9999843,0.084216334,0.9997117,0.43996242,0.999654,-0.15618727,-0.8278434,0.99939215
0.9999848,0.1472023,0.99982935,0.6764661,0.9994759,-0.21100995,-0.82992214,0.99930394
0.9999903,0.22710581,0.9653738,0.6872071,0.9998339,-0.21248402,0.98828167,0.9993422
0.99998766,0.20732237,0.9153932,0.6537291,0.9998154,-0.1160596,0.9954618,0.99997145
0.9999826,0.16538252,0.99985015,0.7629788,0.99951303,-0.23178612,-0.8206141,0.99939644
0.9999873,0.22494756,0.96525633,0.7193593,0.9998394,-0.17466451,0.9931566,0.9992122
0.99998397,0.13693753,0.99981034,0.68623954,0.99947655,-0.25664508,-0.83402944,0.9992339
0.9999888,0.2099317,0.95369226,0.64720416,0.9998063,-0.17113777,0.99214876,0.9998765
0.9999888,0.20732597,0.94243056,0.64638126,0.99978757,-0.18158361,0.9929248,0.9993822
0.999988,0.21293887,0.9379728,0.6618637,0.99981487,-0.19517447,0.99392617,0.9993092
0.99998564,0.21228296,0.94306165,0.6620713,0.99982136,-0.1967233,0.9931035,0.9992377
0.99998724,0.21493202,0.9608735,0.73597604,0.99983996,-0.22781254,0.9926036,0.99997777
0.9999845,0.2356023,0.9212989,0.68815655,0.9997502,-0.17141552,0.9957869,0.99945563
0.9999877,0.1914846,0.9379571,0.55888313,0.99981904,-0.1813687,0.99166197,0.9999997
0.9999885,0.21964939,0.9345187,0.66267896,0.99980074,-0.13175628,0.9949996,0.9999983
0.99998724,0.14070202,0.9998155,0.7795666,0.9993098,-0.31173426,-0.82261825,0.9993476
0.999983,0.12471457,0.9997736,0.6219767,0.9995526,-0.21831639,-0.83314884,0.9992276
0.99998814,0.18323328,0.92741036,0.4644853,0.9998255,-0.14709829,0.99240917,0.99941945
0.99998933,0.19742516,0.9324165,0.6462232,0.99981695,-0.1550289,0.99385285,0.99999815
0.9999884,0.20024487,0.9123595,0.5674524,0.99981594,-0.12882033,0.99476767,0.99985594
0.9999891,0.20556615,0.92938393,0.6526617,0.9998055,-0.14516649,0.9950274,0.99999887
0.9999793,0.16176915,0.9998333,0.67888224,0.9994795,-0.18295135,-0.8369121,0.99932885
0.99997735,0.1203627,0.9997989,0.6552986,0.999476,-0.23385735,-0.83546716,0.9993023
0.99998724,0.21517137,0.95858103,0.66180795,0.99981457,-0.21737033,0.99038637,0.9999876
0.99998945,0.2268711,0.93950796,0.7785296,0.99979705,-0.23809162,0.9961584,0.9992626
0.9999852,0.1589814,0.999833,0.786492,0.99942464,-0.33465654,-0.8247729,0.9990515
0.9999849,0.12658459,0.99979275,0.68417335,0.99951077,-0.24063586,-0.83083045,0.99931914
0.999983,0.120465055,0.9997565,0.56595665,0.9995473,-0.20315193,-0.83234394,0.9993393
0.9999841,0.17471455,0.9998381,0.76193583,0.99938136,-0.27863723,-0.8228925,0.99932295
0.9999845,0.16530493,0.99983364,0.71205544,0.99945074,-0.192345,-0.8284708,0.9993482
0.99998534,0.1225363,0.99979466,0.6796614,0.99945575,-0.25116622,-0.8335625,0.9992909
0.99998707,0.2047739,0.90289253,0.6115962,0.9997958,-0.14808999,0.9962083,0.9991291
0.9999863,0.13761665,0.9998005,0.66488916,0.9994917,-0.24849056,-0.83393794,0.9991809
0.99998,0.15530416,0.999825,0.6448632,0.9995345,-0.15125833,-0.83519614,0.99935204
0.99998856,0.21834117,0.9258715,0.6236422,0.9998237,-0.11630852,0.99472237,0.999485
0.99998206,0.14430274,0.999837,0.75351036,0.99929947,-0.29073647,-0.8292959,0.999296
0.9999897,0.20698583,0.9656564,0.62340915,0.99977005,-0.19251922,0.9875284,0.99982697
0.99998796,0.2250433,0.95307046,0.7247221,0.99978185,-0.25076234,0.99321073,0.999837
0.9999873,0.21761148,0.9504955,0.73375916,0.9998071,-0.17412698,0.9939254,0.99945587
0.999984,0.13654006,0.9998001,0.66034985,0.99938583,-0.22524406,-0.8338082,0.99929243
0.999989,0.16434239,0.99981225,0.76655346,0.999454,-0.29876557,-0.8229797,0.99932
0.99998486,0.15324228,0.99981666,0.6794226,0.9995113,-0.19092935,-0.827787,0.9994498
0.9999871,0.18867183,0.9141325,0.49591956,0.99986243,-0.045805946,0.99521255,0.9998781
0.9999838,0.1435617,0.9998073,0.6995417,0.9994929,-0.23787005,-0.8284526,0.9994068
0.99998486,0.2109884,0.9357811,0.6696869,0.999806,-0.17773157,0.9948035,0.9999996
0.99998736,0.22087747,0.9321263,0.7261349,0.9998174,-0.1854215,0.99548554,0.9999608
0.9999889,0.21319743,0.9458267,0.6990676,0.9998474,-0.19047835,0.99373394,0.9999874
0.99998796,0.2108314,0.95119184,0.5831587,0.99983495,-0.1428083,0.9907544,0.9993087
0.9999872,0.14486362,0.9998157,0.7241063,0.9995611,-0.21803048,-0.82092714,0.9992995
0.9999821,0.14026219,0.99981296,0.69702995,0.999493,-0.254896,-0.83127606,0.999243
0.9999872,0.16404365,0.99983054,0.74556637,0.9994649,-0.2550956,-0.82285774,0.9993296
0.9999844,0.13536344,0.9997964,0.63764703,0.99946946,-0.22330211,-0.8367032,0.9992205
0.999986,0.14798354,0.99981046,0.75929046,0.9994216,-0.27942517,-0.82759297,0.9994486
0.99998754,0.20922935,0.9294754,0.687585,0.9998224,-0.17571573,0.99522585,0.9993877
0.999984,0.14417867,0.99981815,0.68588305,0.99952585,-0.21931353,-0.8268566,0.9992916
0.9999869,0.15190543,0.99980813,0.7112967,0.99950486,-0.25757822,-0.8295866,0.9992376
0.99998844,0.21880786,0.8990424,0.61097264,0.99980384,-0.13004412,0.9959669,0.99985534
0.9999863,0.13012765,0.9997762,0.66201544,0.9994588,-0.23451284,-0.8295703,0.9992873
0.999985,0.09781032,0.999751,0.5413978,0.9995899,-0.16763651,-0.8358764,0.9993079
0.99998474,0.12690304,0.99979824,0.6557806,0.9995239,-0.2318956,-0.8356092,0.9991427
0.9999827,0.14382467,0.9998128,0.62057185,0.9996099,-0.17627154,-0.83166057,0.99933594
0.99998784,0.21061616,0.9469693,0.65093154,0.99982643,-0.1979601,0.99326503,0.999973
0.9999842,0.21342963,0.8557155,0.3598595,0.99983567,-0.009272504,0.9963581,0.99974036
0.9999837,0.095893085,0.9997606,0.5350699,0.9995784,-0.18239942,-0.8306207,0.99927723
0.9999897,0.22799215,0.9635618,0.75488436,0.9998618,-0.23398978,0.9923203,0.99999505
0.9999891,0.22072054,0.931605,0.6932114,0.99983084,-0.19542503,0.99522144,0.99996084
0.99998796,0.18777697,0.91811746,0.49367493,0.9998209,-0.10719871,0.9935134,0.999989
0.9999891,0.22137699,0.9525354,0.6603855,0.999804,-0.1870495,0.99177736,0.9991099
0.99998176,0.15557611,0.99984723,0.793164,0.99941707,-0.29208598,-0.82222104,0.9993752
0.99998474,0.14101304,0.99980557,0.7368885,0.9994793,-0.29091913,-0.8287565,0.9992536
0.9999841,0.14687066,0.999823,0.7345564,0.9994213,-0.24596906,-0.8245107,0.99928725
0.9999854,0.19580092,0.9306765,0.65438426,0.99982315,-0.17487007,0.99522483,0.9992564
0.99998623,0.14258263,0.99980414,0.64383453,0.9995086,-0.20739904,-0.83166075,0.99925184
0.99998176,0.13431534,0.99982643,0.7513257,0.99944305,-0.27707323,-0.8252773,0.99934524
0.99998444,0.17546985,0.9998233,0.75237626,0.9992496,-0.2744787,-0.828913,0.9993878
0.99998677,0.14604239,0.99980634,0.68105435,0.99954385,-0.20400868,-0.82402337,0.9994037
0.9999837,0.14552262,0.9998241,0.69763833,0.99938864,-0.23817374,-0.8285426,0.999264
0.9999902,0.21323875,0.95071244,0.72391546,0.99979275,-0.19642572,0.99411106,0.99997973
0.99998647,0.13193382,0.9997881,0.5928992,0.99953294,-0.19754168,-0.83759874,0.9992508
0.99998885,0.14255053,0.99979883,0.7009698,0.9994316,-0.27397376,-0.8320179,0.9991286
0.9999893,0.18828598,0.99983895,0.8039279,0.9993623,-0.26228598,-0.81527245,0.9994494
0.9999885,0.21042864,0.9507762,0.6428419,0.9998293,-0.15691619,0.9920811,0.99930215
0.99998736,0.21482691,0.9363665,0.62672454,0.99983734,-0.119844586,0.99378335,0.99930525
0.9999816,0.13969608,0.99982834,0.6825801,0.9995584,-0.23023956,-0.82799864,0.99915063
0.99998736,0.21236569,0.89145017,0.6428809,0.99978083,-0.12484125,0.9970746,0.9991949
0.9999889,0.22345571,0.920083,0.7067882,0.99977106,-0.20662047,0.99572206,0.99987096
0.9999896,0.2106688,0.93610615,0.6510762,0.99983686,-0.17300087,0.9931394,0.9999715
0.99998957,0.22690023,0.9653946,0.7596939,0.9997666,-0.27814338,0.99125403,0.99998546
0.999988,0.21413162,0.9314451,0.72458065,0.99981415,-0.16347533,0.99557865,0.9993591
0.99998516,0.20119342,0.90966415,0.52585626,0.9998185,-0.116793945,0.99436295,0.99994564
0.99998856,0.21750781,0.9679873,0.74880195,0.999837,-0.1999983,0.99161524,0.99935347
0.99998856,0.14949256,0.99982864,0.7917728,0.99933785,-0.30818295,-0.82056594,0.9993131
0.9999835,0.16133341,0.99983233,0.70265007,0.99952126,-0.19960135,-0.82908344,0.99937797
0.9999886,0.1930212,0.94721156,0.60024095,0.99985033,-0.13168511,0.9924219,0.999941
0.9999877,0.21413079,0.9402369,0.68763494,0.99978137,-0.19886002,0.9943451,0.9999931
0.99998343,0.19718456,0.8971731,0.6062704,0.9998076,-0.11147633,0.99617535,0.99996954
0.99998504,0.15291093,0.99979955,0.64234555,0.9995533,-0.14559518,-0.83481973,0.99946153
0.9999879,0.19937222,0.8955926,0.5913904,0.99980855,-0.12016337,0.9958292,0.99931306
0.9999866,0.18669446,0.9308406,0.5563123,0.99984586,-0.19758184,0.9914085,0.9993474
0.9999877,0.20710449,0.92550606,0.6115592,0.9997986,-0.1875561,0.99482423,0.99994016
0.9999896,0.20075777,0.95710623,0.64613855,0.99984246,-0.18283959,0.9901062,0.99913687
0.9999878,0.21315654,0.92369145,0.5529349,0.9998465,-0.099710755,0.99378896,0.99934936
0.9999896,0.21388887,0.9258671,0.6674174,0.9997783,-0.15744592,0.9948043,0.9998626
0.9999842,0.11605773,0.9997736,0.7017453,0.999446,-0.3140692,-0.8331351,0.99923325
0.9999889,0.18983012,0.9335076,0.6155416,0.99979246,-0.20561,0.9921261,0.99924034
0.99998796,0.22304094,0.9273117,0.63200325,0.99982154,-0.13586858,0.99493045,0.99997884
0.999984,0.14952074,0.99983877,0.74598926,0.9993556,-0.27449214,-0.83329064,0.99933416
0.9999862,0.19799066,0.9184913,0.5762019,0.99980575,-0.16574788,0.9942589,0.99998593
0.999988,0.21571547,0.9620836,0.6767708,0.9998036,-0.17795096,0.99217963,0.99933785
0.9999818,0.13972305,0.999797,0.64955235,0.999329,-0.24594663,-0.84294087,0.9992367
0.9999834,0.15275183,0.9998249,0.72773516,0.9993937,-0.25015968,-0.83037657,0.9993368
0.9999834,0.177611,0.9998444,0.7565476,0.9994349,-0.25118357,-0.82596576,0.99933845
0.99998724,0.20870443,0.9133183,0.6157385,0.999736,-0.18592477,0.99463665,0.9999699
0.9999856,0.2201913,0.9487679,0.667494,0.99982244,-0.14697693,0.9939976,0.9999874
0.9999862,0.16227831,0.99980307,0.6564909,0.9995673,-0.14762779,-0.8285156,0.99946773
0.99998486,0.12873282,0.9997982,0.71085197,0.99944484,-0.28166682,-0.83050954,0.9992243
0.9999856,0.15173788,0.9998035,0.67871547,0.9995377,-0.22277287,-0.830438,0.99926484
0.99998665,0.20446151,0.9160693,0.64578074,0.99983156,-0.13987266,0.9960457,0.9998767
0.9999855,0.22086805,0.93305963,0.71385086,0.99981606,-0.14947292,0.9958389,0.9993751
0.99998665,0.22501922,0.9448476,0.67932856,0.9998234,-0.1767864,0.99375504,0.9990926
0.9999884,0.21333688,0.95333755,0.6306919,0.9998419,-0.20622323,0.9905167,0.9993021
0.9999897,0.2092406,0.93557394,0.6470007,0.99980175,-0.24216944,0.99363,0.9999882
0.9999844,0.12796205,0.99980617,0.61306846,0.9995581,-0.17792387,-0.8379137,0.999229
0.9999887,0.19458205,0.94088304,0.5916687,0.9998217,-0.15515031,0.99412394,0.9999543
0.99998957,0.21481949,0.9333471,0.7063555,0.99980885,-0.19682068,0.9951157,0.9994302
0.99998784,0.18904357,0.89761734,0.6334004,0.9998058,-0.08148401,0.9970867,0.9992822
0.9999847,0.12177336,0.9997929,0.66492325,0.99948156,-0.25727206,-0.8352061,0.9992064
0.9999866,0.20082726,0.94420034,0.62700915,0.99985856,-0.1885368,0.99229956,0.99934953
0.99999076,0.20554946,0.9359932,0.5940952,0.99983925,-0.16267417,0.99255145,0.9992587
0.9999858,0.16176201,0.9998408,0.7500146,0.99943733,-0.21282452,-0.8205453,0.9993701
0.9999887,0.17954257,0.9998196,0.78541404,0.99941635,-0.30997533,-0.81790596,0.9993174
0.9999889,0.20342202,0.9245943,0.5989078,0.9998416,-0.11425468,0.9943057,0.9991884
0.99998665,0.15754232,0.99981666,0.71539974,0.9995081,-0.22205493,-0.8263776,0.9993504
0.99998605,0.1521996,0.9998155,0.67482233,0.99940157,-0.19629785,-0.8338193,0.999301
0.99998903,0.20018223,0.95319825,0.63671553,0.9998396,-0.16113544,0.9910393,0.9998818
0.9999859,0.24329506,0.9542059,0.78978646,0.99980015,-0.22096038,0.99572295,0.9992528
0.9999807,0.123739555,0.9998168,0.7009121,0.99939823,-0.2516594,-0.8336936,0.99932337
0.99998367,0.15828112,0.99983287,0.77532375,0.9993657,-0.2865509,-0.8240403,0.9993543
0.99998575,0.22780825,0.89381117,0.61123985,0.99983764,-0.08248949,0.99692726,0.99935323
0.99998057,0.1445742,0.9998277,0.6766194,0.99951094,-0.17419574,-0.82580173,0.999402
0.9999822,0.13677159,0.99981225,0.5872671,0.9996063,-0.15088318,-0.83567756,0.99917877
0.99998945,0.2100937,0.9350108,0.67797244,0.9998196,-0.20694384,0.9942277,0.9994657
0.99998915,0.21757823,0.93598497,0.7171458,0.9998121,-0.15549177,0.9956382,0.9992294
0.99998474,0.14430256,0.99980855,0.66855,0.9995151,-0.23644397,-0.82971,0.99928135
0.99998605,0.16398655,0.99984866,0.7739852,0.9995271,-0.24137151,-0.82134485,0.9993708
0.9999871,0.20191137,0.92578334,0.59773964,0.9998322,-0.14637558,0.9949365,0.9992458
0.9999861,0.21225403,0.93122,0.6818492,0.9998453,-0.116664566,0.9954212,0.9999644
0.9999884,0.21682541,0.9410627,0.6511605,0.9998017,-0.19334254,0.9938143,0.9999752
0.99998665,0.153675,0.9998079,0.7093214,0.9994725,-0.20840923,-0.82855564,0.9994543
0.99998635,0.14576778,0.99980104,0.7125745,0.9994664,-0.25375345,-0.82974607,0.9992955
0.9999839,0.17478997,0.9998562,0.77917403,0.9994494,-0.23493125,-0.8204901,0.9993578
0.9999895,0.21116506,0.9667505,0.67888343,0.99980015,-0.24491195,0.9866117,0.9991807
0.99998575,0.12973468,0.99979603,0.6040058,0.99949414,-0.16563386,-0.83414763,0.99936575
0.9999855,0.20197451,0.92536473,0.61716294,0.99978113,-0.15522395,0.9949861,0.99944097
0.99998355,0.13659942,0.9998111,0.71281123,0.9994058,-0.24280575,-0.83194804,0.9993554
0.99998975,0.21266687,0.9539544,0.70633566,0.99984705,-0.18937846,0.9935045,0.99993163
0.99998665,0.11703658,0.99977607,0.62017834,0.9995752,-0.18150729,-0.8311379,0.9993534
0.99998415,0.22997619,0.93781835,0.71712214,0.9997793,-0.21825412,0.9954056,0.99929154
0.99998766,0.16885726,0.9998196,0.73915493,0.9994058,-0.23224705,-0.82404757,0.99942464
0.999981,0.11598573,0.9998127,0.5949036,0.9995631,-0.14171654,-0.83474934,0.99932617
0.9999869,0.20790304,0.9092882,0.57061017,0.9998357,-0.09291911,0.99522066,0.9998621
0.99998635,0.21298659,0.957085,0.72973543,0.99981785,-0.20000336,0.9922144,0.99996024
0.99998236,0.16476297,0.9998338,0.69802123,0.9994452,-0.22603117,-0.8335824,0.9992608
0.9999879,0.2035125,0.9447694,0.5793246,0.9998105,-0.16431247,0.9919942,0.9999789
0.99998283,0.15950052,0.99984336,0.7659733,0.99943805,-0.2698722,-0.82727325,0.9992751
0.9999913,0.20140302,0.9503261,0.64047194,0.9998415,-0.18549736,0.9913167,0.9993388
0.9999829,0.18406005,0.99984086,0.76014924,0.9994069,-0.24259798,-0.8284454,0.9993282
0.9999869,0.14666376,0.99979526,0.6803715,0.99947375,-0.18527648,-0.83233607,0.9994986
0.99998415,0.1675623,0.99984276,0.72446704,0.9994696,-0.22190818,-0.8250475,0.99933076
0.999985,0.21779837,0.92195034,0.6678767,0.99980855,-0.18224822,0.9962871,0.99945384
0.9999884,0.16636577,0.99981534,0.7400459,0.99942935,-0.25620607,-0.82214195,0.9994174
0.9999839,0.17881009,0.99982965,0.74869037,0.99933714,-0.26775908,-0.8297442,0.9992769
0.99998647,0.20187232,0.8863218,0.49462077,0.99986106,-0.010918034,0.9960984,0.99934626
0.9999854,0.13840768,0.9998019,0.65790033,0.99950624,-0.22947189,-0.8298566,0.9991748
0.99998975,0.19348423,0.9512201,0.57654774,0.99982166,-0.1764824,0.9896958,0.99934405
0.99998564,0.19652109,0.90623605,0.4916219,0.99980724,-0.10014586,0.99501085,0.99984133
0.99998564,0.1329457,0.99981433,0.71975493,0.9994038,-0.2653665,-0.8281446,0.99919176
0.9999895,0.20712043,0.93079257,0.64637804,0.999836,-0.17019242,0.9942668,0.9999657
0.9999897,0.21300966,0.96338874,0.692538,0.99984145,-0.18585612,0.99019706,0.99997365
0.99998635,0.20726496,0.8643987,0.52680236,0.9998411,-0.095505156,0.99669284,0.9993737
0.9999898,0.23133624,0.95755816,0.66397524,0.99978256,-0.1882849,0.9920839,0.99915653
0.9999901,0.22230515,0.9581708,0.6645702,0.99983466,-0.18756263,0.9905696,0.99938977
0.9999829,0.1571222,0.99982774,0.736164,0.9994599,-0.25917742,-0.825815,0.99932384
0.9999882,0.20499466,0.9548358,0.64776325,0.9997979,-0.19024476,0.990221,0.9992486
0.99998206,0.14888228,0.9998143,0.68465686,0.99947554,-0.21628036,-0.8337406,0.99935997
0.99998707,0.21741526,0.9654093,0.6914295,0.99983215,-0.15550166,0.9911232,0.9998932
0.9999795,0.121216856,0.99979615,0.55751574,0.9995702,-0.16713408,-0.8351472,0.9992289
0.9999839,0.16031824,0.9998292,0.792244,0.9994471,-0.32192022,-0.8205349,0.9993298
0.9999893,0.23358299,0.9621169,0.7644499,0.9998187,-0.19663903,0.9934015,0.9995281
0.99998605,0.1509418,0.99980533,0.67082906,0.9995898,-0.19623834,-0.82426023,0.9993711
0.9999888,0.24358441,0.9700234,0.7810266,0.99980414,-0.24093494,0.99143267,0.9993453
0.99998516,0.14841709,0.99980253,0.6834971,0.9994457,-0.22524413,-0.82434565,0.9994015
0.99998677,0.19810826,0.9307191,0.557286,0.9998419,-0.14992906,0.992803,0.99927795
0.99998504,0.1231695,0.9997778,0.58949065,0.9995103,-0.17358902,-0.83349144,0.99936783
0.99998826,0.24369866,0.97192746,0.81016886,0.99979687,-0.2698734,0.9907264,0.9994227
0.9999805,0.13485435,0.99982846,0.6473566,0.99954146,-0.18596788,-0.83363575,0.99928087
0.9999856,0.13429517,0.99980205,0.6820744,0.9995085,-0.23346417,-0.8311012,0.9993015
0.9999811,0.13721442,0.9998121,0.74725604,0.9994541,-0.31967315,-0.8283564,0.9992568
0.9999834,0.11959162,0.99979454,0.6451141,0.9994927,-0.22861634,-0.8367862,0.9991446
0.99998677,0.21617794,0.9498078,0.70557106,0.99982643,-0.17706509,0.9941114,0.9992484
0.99998945,0.19404252,0.9296928,0.42882183,0.99984664,-0.112151094,0.99114543,0.9998584
0.99998456,0.15525204,0.99983567,0.7594577,0.99936074,-0.27092218,-0.8271742,0.9993893
0.99998534,0.12259126,0.9997756,0.63654816,0.99940765,-0.2556729,-0.8379939,0.9992318
0.9999869,0.16833344,0.9998352,0.78749996,0.99940175,-0.31106976,-0.82547706,0.99929285
0.999984,0.13799472,0.99981517,0.74355686,0.99943334,-0.26622042,-0.82851887,0.9993459
0.9999804,0.10926142,0.99976104,0.54359925,0.99963856,-0.17022182,-0.83341914,0.9993899
0.9999895,0.17539597,0.9998281,0.8029431,0.99934024,-0.304807,-0.81489575,0.9993623
0.9999879,0.2277742,0.95787644,0.6643493,0.9998344,-0.13311645,0.99193937,0.9999473
0.9999846,0.15879284,0.999822,0.710842,0.99957734,-0.21351342,-0.8258744,0.9994531
0.9999857,0.17325889,0.9998337,0.7502841,0.9994289,-0.2680891,-0.8304309,0.99939275
0.9999843,0.1178144,0.9997762,0.5922121,0.999543,-0.1881747,-0.8393542,0.9993017
0.9999891,0.17865774,0.9998385,0.7836387,0.9995032,-0.25906953,-0.8182026,0.9994279
0.9999892,0.20690757,0.9630756,0.6536263,0.9998513,-0.21649097,0.9899238,0.99996805
0.99997926,0.13236667,0.99981785,0.6545924,0.99950963,-0.17836572,-0.83430535,0.99937546
0.9999827,0.21700501,0.91870975,0.70208836,0.9997936,-0.16520399,0.9961528,0.9992065
0.9999861,0.1238163,0.9997887,0.6102495,0.9995121,-0.20891309,-0.8372003,0.9991775
0.99998385,0.11823672,0.9998007,0.675724,0.9994912,-0.2548345,-0.83063257,0.9992323
0.99998707,0.14735813,0.99982375,0.6827271,0.9994978,-0.19912599,-0.8270945,0.99927056
0.9999901,0.22360827,0.9468852,0.70307994,0.9997089,-0.26100412,0.9923724,0.99989957
0.99998796,0.13368616,0.9997969,0.6428299,0.99941534,-0.22691342,-0.83968,0.999138
0.9999889,0.21181089,0.94810134,0.5747463,0.99986017,-0.1554136,0.99158317,0.99999046
0.9999858,0.18342209,0.99986094,0.8440933,0.9994126,-0.2755696,-0.80883706,0.9995467
0.99998593,0.21761802,0.89879054,0.63529277,0.9997857,-0.14391947,0.9963121,0.99992174
0.99998295,0.12084347,0.9997755,0.5596169,0.99956673,-0.1562788,-0.8349712,0.99938107
0.99998295,0.16888095,0.99984795,0.75972307,0.9993607,-0.24908617,-0.8260264,0.9992916
0.99998415,0.15313655,0.9998428,0.6956691,0.99954796,-0.19422886,-0.83112204,0.99917775
0.99998957,0.20930785,0.9199132,0.688208,0.9998134,-0.2374614,0.99501127,0.9997693
0.99998933,0.22765541,0.94783425,0.7876275,0.999796,-0.23250245,0.9949567,0.9994572
0.9999825,0.2120071,0.88147545,0.5531559,0.9998276,-0.11195229,0.99673903,0.9994991
0.9999846,0.2069634,0.939223,0.55827504,0.99984473,-0.1120938,0.9935398,0.9994099
0.999984,0.16059558,0.9998286,0.72271466,0.99948835,-0.1980881,-0.82576054,0.9994981
0.99998677,0.24565673,0.97691905,0.7219336,0.99980336,-0.20566997,0.98548394,0.99998915
0.99998844,0.20076351,0.8999897,0.6118941,0.99982184,-0.1411127,0.9959175,0.99935377
0.9999841,0.20556602,0.9367188,0.6847193,0.99984795,-0.13626495,0.99555546,0.99997044
0.9999891,0.2123806,0.926492,0.5606351,0.9998181,-0.13107865,0.9943043,0.99943453
0.99998826,0.20613949,0.9036632,0.5425366,0.99982095,-0.13084397,0.9947933,0.9999771
0.99999046,0.22214973,0.9220665,0.69446325,0.9997997,-0.1875666,0.9954128,0.99981683
0.9999843,0.1237338,0.99981755,0.7231091,0.9993671,-0.26886418,-0.828951,0.99921876
0.9999903,0.21664642,0.96638775,0.726327,0.999814,-0.24305792,0.99029607,0.9993817
0.9999877,0.17161547,0.9998214,0.74623364,0.9994485,-0.23950534,-0.82575077,0.9994541
0.9999885,0.22019385,0.94414115,0.70839906,0.9998133,-0.18514128,0.99504405,0.9992531
0.9999844,0.10756684,0.99977696,0.5986653,0.9994764,-0.22277327,-0.83899766,0.9991321
0.9999817,0.2131791,0.90081775,0.58145434,0.99983937,-0.054887526,0.99676216,0.99979556
0.99998313,0.14610149,0.9997967,0.65798175,0.99950016,-0.20039037,-0.8313123,0.9994427
0.9999863,0.13768114,0.9998145,0.7158201,0.9994863,-0.23363571,-0.8282022,0.99935055
0.9999817,0.112882495,0.99977505,0.5582024,0.9995791,-0.19343413,-0.83698004,0.99917215
0.9999876,0.22850764,0.94962454,0.7179252,0.99981636,-0.15445608,0.9949938,0.999329
0.99998945,0.19981466,0.9539524,0.6000294,0.99974597,-0.19369102,0.9885863,0.9998827
0.9999877,0.19256157,0.9075961,0.5378481,0.99985456,-0.0791301,0.99527603,0.9998441
0.99999034,0.21443896,0.94471025,0.6802547,0.99986035,-0.17751233,0.99353975,0.999919
0.99998647,0.120483145,0.9997846,0.61007303,0.99952626,-0.1766062,-0.8305253,0.99936205
0.9999837,0.21205962,0.9195396,0.62899256,0.9998053,-0.14635134,0.9947623,0.9993076
0.9999841,0.110144585,0.9997784,0.6050111,0.99957854,-0.21583162,-0.8357492,0.9992383
0.9999857,0.19916147,0.9089907,0.52489084,0.999813,-0.11383155,0.994568,0.9993775
0.99998766,0.18359812,0.9998409,0.77421504,0.9995094,-0.25657958,-0.8239623,0.9993087
0.99998987,0.24346487,0.9709498,0.82176894,0.99981225,-0.26573727,0.99172586,0.99998504
0.9999896,0.16574162,0.99983484,0.83578414,0.99926615,-0.33974865,-0.81227696,0.99937135
0.9999873,0.21150242,0.9327371,0.6600741,0.9997927,-0.20195435,0.9945529,0.9999744
0.999986,0.118910275,0.99979144,0.5773065,0.99953413,-0.1646291,-0.8355388,0.99924403
0.99998736,0.15136838,0.9998109,0.695681,0.99951565,-0.22140838,-0.82456255,0.9993269
0.9999847,0.20082518,0.9380612,0.5617596,0.99981105,-0.1321911,0.9922849,0.9998225
0.99998194,0.11364736,0.99976575,0.5484982,0.99940985,-0.22914372,-0.8465651,0.99905705
0.9999897,0.22067676,0.964143,0.7183864,0.9998006,-0.22769997,0.9897945,0.99925286
0.99998266,0.10505423,0.9997733,0.5579378,0.9996115,-0.16840783,-0.83493876,0.9992463
0.9999866,0.18376303,0.9998337,0.76206857,0.99944407,-0.26735598,-0.8267077,0.9993261
0.99998456,0.14431338,0.999797,0.6924769,0.99943626,-0.24972343,-0.83040196,0.9994076
0.99998575,0.20816882,0.9598071,0.59538686,0.99983,-0.17941275,0.9890084,0.9998053
0.99998605,0.22347379,0.9375393,0.72861075,0.99981403,-0.20078112,0.9955212,0.9999997
0.9999883,0.13442719,0.99979466,0.6795387,0.9995318,-0.21354505,-0.8283271,0.99938315
0.9999835,0.14491339,0.9998152,0.7076108,0.9994975,-0.24962917,-0.83305824,0.99915886
0.99998635,0.20302212,0.92779434,0.5968177,0.99985087,-0.13078634,0.99448204,0.9999573
0.9999856,0.13326566,0.99978757,0.59315133,0.99958426,-0.16090362,-0.832899,0.99930155
0.99999034,0.2504027,0.982858,0.8062875,0.9997872,-0.32569197,0.986147,0.9993243
0.9999817,0.1584759,0.9998205,0.68882096,0.9993912,-0.22392215,-0.83391035,0.99938613
0.9999861,0.13581045,0.99978805,0.65022075,0.99952847,-0.25843337,-0.8350872,0.99905425
0.9999895,0.26398736,0.97115433,0.8377205,0.99982095,-0.2626535,0.9940978,0.9992519
0.9999895,0.21675776,0.9619366,0.7552669,0.9997983,-0.26464793,0.9909566,0.9999344
0.9999865,0.2037387,0.90805835,0.59142184,0.99985,-0.09904829,0.9958747,0.99997324
0.9999844,0.145024,0.9998096,0.6684338,0.9994788,-0.23545103,-0.83691216,0.99913436
0.9999834,0.12452055,0.99979746,0.55585825,0.99957377,-0.14822443,-0.83808684,0.9991992
0.99998796,0.1853909,0.9390827,0.51790595,0.9998171,-0.14112924,0.99155694,0.99938124
0.99998015,0.12011075,0.9997891,0.5744148,0.9996199,-0.14943986,-0.83221257,0.99938357
0.999987,0.15313186,0.9997991,0.71000254,0.9994512,-0.24816968,-0.8274758,0.999476
0.99998593,0.15528321,0.99981964,0.7112914,0.9995003,-0.2598568,-0.8292666,0.9992035
0.999988,0.21447906,0.95393854,0.63314795,0.99983835,-0.13174444,0.9921673,0.9998713
0.9999862,0.14436392,0.9998062,0.7039464,0.99938595,-0.2333291,-0.83222544,0.9993794
0.9999892,0.2173366,0.96330374,0.7129998,0.9998394,-0.20195338,0.99107444,0.99934554
0.9999886,0.2041341,0.9370759,0.5807437,0.9998188,-0.16139033,0.9922537,0.999977
0.99998814,0.21424821,0.94092214,0.67708397,0.9998482,-0.14260425,0.9945341,0.9994361
0.99998766,0.22493851,0.9581522,0.7128511,0.9998372,-0.1830674,0.99300647,0.99982363
0.99998456,0.12752287,0.999805,0.63189644,0.9994148,-0.17723174,-0.8338853,0.99928075
0.9999882,0.22089696,0.91449726,0.7463491,0.9997588,-0.22146529,0.99667424,0.99997276
0.99998724,0.20900759,0.96296215,0.6681944,0.9997904,-0.22837944,0.98949397,0.99922585
0.999985,0.22582455,0.94374114,0.66151804,0.99984086,-0.11726792,0.99473083,0.9993345
0.9999883,0.14885518,0.9997998,0.70273596,0.9995323,-0.25502992,-0.8253294,0.9992586
0.9999847,0.13926084,0.9997995,0.6514838,0.9995447,-0.20300005,-0.8297279,0.99934614
0.99998915,0.16170183,0.99982715,0.77237374,0.999492,-0.24320471,-0.8142209,0.9994335
0.99998283,0.089537494,0.99975294,0.46333992,0.99962455,-0.16282925,-0.83629346,0.9992929
0.99998575,0.19459334,0.91844416,0.58039165,0.99981487,-0.13841115,0.99408996,0.99928075
0.99998456,0.12644151,0.99981546,0.70474887,0.99955064,-0.25479963,-0.8292844,0.9992953
0.9999912,0.19505829,0.9152374,0.58056176,0.9998115,-0.125993,0.9945966,0.9999168
0.99998933,0.20519859,0.9488454,0.63014793,0.9998185,-0.20146815,0.99199057,0.9999801
0.9999841,0.21087928,0.9167564,0.5219135,0.99985224,-0.037829794,0.9950151,0.9998148
0.9999868,0.21078853,0.90698147,0.5488397,0.9998452,-0.09673214,0.9955154,0.99935704
0.9999848,0.1289699,0.9997709,0.58809257,0.99949235,-0.18435006,-0.8346392,0.9993725
0.9999886,0.2193733,0.9463109,0.6490156,0.999833,-0.20794268,0.9926545,0.99917793
0.9999829,0.13199572,0.99979943,0.65712416,0.9994539,-0.22026065,-0.83789384,0.99926335
0.999989,0.14635523,0.9998069,0.7235957,0.99944586,-0.27143288,-0.8284933,0.99924254
0.99998295,0.12627919,0.99982506,0.6114402,0.99953675,-0.15022081,-0.8335428,0.9992134
0.9999846,0.15913036,0.9998007,0.6940189,0.9995107,-0.19141814,-0.8272188,0.9994019
0.99998957,0.23069966,0.97066855,0.7355224,0.9998237,-0.25088862,0.9903692,0.9992796
0.99998814,0.22112642,0.88386655,0.6378064,0.99982715,-0.077390075,0.9972509,0.9999822
0.99998784,0.15589616,0.9998479,0.79646087,0.99936384,-0.29588097,-0.82066244,0.99931294
0.99998236,0.13414448,0.9998115,0.64815307,0.9994802,-0.229279,-0.8391289,0.99920094
0.9999856,0.16501378,0.99981856,0.7285396,0.9994541,-0.25519168,-0.8262149,0.9993934
0.9999898,0.14541793,0.9998024,0.7605375,0.9994048,-0.2970964,-0.8223395,0.99937165
0.99998266,0.13083842,0.9997937,0.6677536,0.9995233,-0.20206018,-0.83013856,0.9994511
0.9999848,0.21614707,0.8740275,0.6107919,0.99981403,-0.10552695,0.99717146,0.9992334
0.9999866,0.13383092,0.99980295,0.68047374,0.9995396,-0.23997895,-0.8315457,0.999348
0.99998695,0.20004258,0.94862825,0.5652942,0.9998336,-0.16614397,0.98926854,0.9999809
0.9999824,0.10795678,0.99981487,0.666949,0.99942803,-0.23440914,-0.8347592,0.9992011
0.99998146,0.12492026,0.9997929,0.5645838,0.99953616,-0.14072041,-0.8376062,0.99934936
0.9999879,0.25172365,0.9667879,0.8395773,0.999794,-0.25011522,0.99433166,0.99997073
0.9999901,0.22196527,0.940553,0.7136961,0.9998593,-0.17079504,0.99462205,0.99985945
0.9999869,0.14831385,0.99977875,0.65101683,0.99942076,-0.22322452,-0.83340865,0.9993662
0.9999875,0.15739404,0.9998102,0.74919015,0.9995067,-0.2619847,-0.8289844,0.99934053
0.99998444,0.11293963,0.9997754,0.5957509,0.99956554,-0.17856872,-0.83443075,0.9993294
0.99998504,0.15009013,0.9998208,0.71774733,0.99951905,-0.19943,-0.8248047,0.99945414
0.9999877,0.23650041,0.9595313,0.7958767,0.99982804,-0.22147068,0.9945934,0.9992362
0.9999888,0.21741037,0.9679027,0.72323304,0.99980974,-0.17783628,0.98990804,0.99925536
0.9999835,0.15558192,0.9998221,0.7247585,0.9994049,-0.25795162,-0.8348901,0.99928385
0.9999852,0.15079525,0.9998184,0.70222414,0.9995063,-0.22626738,-0.83271635,0.9993364
0.99998647,0.22514738,0.9166982,0.736766,0.9997597,-0.1970104,0.9965058,0.99995524
0.9999874,0.2504761,0.9527981,0.79642594,0.99977976,-0.2179476,0.9957919,0.9999884
0.99998873,0.21510907,0.94364405,0.6338751,0.9998166,-0.15196335,0.9944276,0.99999917
0.9999863,0.21489997,0.90317804,0.64811015,0.9997935,-0.15084316,0.99632263,0.99997216
0.99998796,0.17384525,0.9998387,0.81621474,0.9992974,-0.31133312,-0.81980395,0.99928296
0.99998283,0.10421534,0.99976426,0.7001945,0.9994991,-0.30886754,-0.8269612,0.99934614
0.9999871,0.21397385,0.94373935,0.65565383,0.99974406,-0.23640205,0.99271274,0.9999398
0.9999829,0.12752645,0.9997866,0.64844686,0.9995182,-0.21294932,-0.8322458,0.99934596
0.9999885,0.22296037,0.9486801,0.7032299,0.99982774,-0.17443882,0.99375004,0.99987835
0.9999846,0.15912397,0.99981415,0.65434,0.9994812,-0.21663287,-0.83375716,0.9992579
0.99998593,0.21592318,0.9443057,0.70934856,0.9997646,-0.22087502,0.99310726,0.9993269
0.99998987,0.21139775,0.9545048,0.5880691,0.9998297,-0.17291696,0.99070543,0.99924153
0.9999844,0.21093562,0.91806024,0.599486,0.9998045,-0.13533778,0.995454,0.99999905
0.99998796,0.21760578,0.9407352,0.6775434,0.9998463,-0.21152587,0.99301386,0.9999839
0.9999872,0.18877655,0.99984825,0.79174185,0.9993069,-0.2758536,-0.8230244,0.99942464
0.99999225,0.21674101,0.9641118,0.69278985,0.9998226,-0.25586045,0.9862754,0.99999917
0.99999005,0.23896725,0.96785283,0.81545687,0.99978715,-0.25236812,0.993101,0.9998633
0.9999877,0.20594512,0.9275265,0.66321194,0.9997872,-0.18266617,0.99496806,0.9998004
0.99998176,0.15824102,0.99984694,0.7511156,0.9993882,-0.2503838,-0.82568353,0.9992808
0.9999872,0.22042784,0.93591315,0.6747105,0.99977463,-0.1790851,0.99483603,0.9999862
0.9999884,0.22399254,0.95153207,0.77474755,0.99977577,-0.23731783,0.9950126,0.99938226
0.99998826,0.14815623,0.9998112,0.7373942,0.9995408,-0.2715914,-0.82699245,0.99929947
0.9999821,0.13240455,0.99978215,0.5486791,0.9995779,-0.16986229,-0.83494467,0.99922824
0.9999866,0.15866913,0.9998344,0.7982462,0.9992867,-0.31943843,-0.8246691,0.99936867
0.9999881,0.1753608,0.9998262,0.79861987,0.9993844,-0.33812442,-0.8188057,0.99917185
0.9999824,0.09726092,0.9997655,0.6035714,0.9995731,-0.22757065,-0.83235705,0.99934363
0.9999839,0.12533914,0.99979055,0.6623212,0.9995993,-0.19789092,-0.82663155,0.99941117
0.99998987,0.22865324,0.9566547,0.7872981,0.9997545,-0.17887636,0.9944499,0.99998367
0.99998486,0.12579663,0.9997854,0.6727642,0.99950355,-0.2592728,-0.83284426,0.9992822
0.9999879,0.14078166,0.99979866,0.75198066,0.999441,-0.2917487,-0.8270415,0.99936736
0.99998504,0.16702415,0.99985,0.8386343,0.9990396,-0.33383092,-0.81528306,0.9994203
0.99998206,0.14593634,0.9998174,0.65611064,0.9995094,-0.21851467,-0.8383296,0.9990728
0.9999909,0.2136824,0.9733608,0.6444593,0.99984396,-0.18213366,0.98666906,0.9998349
0.99998254,0.1466896,0.9998276,0.6811133,0.99955106,-0.20201315,-0.8282826,0.99926436
0.99999094,0.2159103,0.96929026,0.716983,0.9998341,-0.22573602,0.987048,0.9993541
0.99998534,0.12676561,0.99980783,0.6945138,0.9994435,-0.25415313,-0.8316999,0.9992761
0.9999878,0.22005661,0.96900856,0.76909953,0.9998453,-0.25409615,0.990646,0.99954706
0.99998504,0.15392245,0.99982405,0.7591226,0.99936193,-0.2802089,-0.8301116,0.99931693
0.99998665,0.16610111,0.9998027,0.71833,0.9994625,-0.25671417,-0.8275591,0.999354
0.9999874,0.20678934,0.93267405,0.6400937,0.99978954,-0.13894816,0.9946259,0.9991436
0.999984,0.13406506,0.99980336,0.68683064,0.9995622,-0.23894289,-0.83165133,0.99915415
0.99998647,0.13040663,0.9997816,0.59097874,0.99960774,-0.1426068,-0.8319446,0.9994724
0.9999833,0.12380488,0.999775,0.5640358,0.99953204,-0.16407387,-0.8388789,0.9993842
0.9999838,0.14486887,0.9998229,0.7034694,0.99940795,-0.21719263,-0.8297993,0.9993814
0.9999872,0.15060946,0.99976766,0.6279024,0.99946856,-0.22429629,-0.8384064,0.99922454
0.99998134,0.16428359,0.999835,0.73869324,0.9994379,-0.29311848,-0.8334549,0.99914366
0.99998814,0.16618927,0.99980986,0.73102695,0.9994613,-0.24064577,-0.8246688,0.999396
0.9999858,0.15875502,0.99982244,0.72560394,0.9994853,-0.22670668,-0.82556856,0.9993428
0.9999865,0.17693016,0.99982923,0.7634326,0.9993154,-0.26052633,-0.8244065,0.9993733
0.99998295,0.19518168,0.91517794,0.456967,0.9998287,-0.09369308,0.9934621,0.999273
0.99998397,0.18791069,0.9207726,0.55055016,0.99983275,-0.11527938,0.99441236,0.9992962
0.9999884,0.12870528,0.99978244,0.6728992,0.99944067,-0.24701919,-0.83693045,0.9992387
0.99998444,0.1310906,0.99980843,0.6552932,0.9994828,-0.20297903,-0.8333229,0.99940675
0.9999852,0.12343552,0.9997744,0.6377528,0.99950093,-0.209828,-0.8376039,0.9993118
0.9999844,0.15283377,0.99982846,0.7540616,0.9994513,-0.26843792,-0.824571,0.9993078
0.9999869,0.21089838,0.93860304,0.5887692,0.99983025,-0.11566707,0.9936343,0.9998364
0.99998707,0.19651666,0.91358036,0.49612644,0.9998597,-0.10661155,0.9945173,0.9991922
0.9999846,0.13457642,0.99981207,0.7093197,0.9994926,-0.22371311,-0.8296702,0.9994401
0.9999885,0.22983485,0.943952,0.7316878,0.999797,-0.16310035,0.99480504,0.9998439
0.99998844,0.24627367,0.9724583,0.79947454,0.99984527,-0.25984517,0.99192655,0.99942434
0.9999869,0.1714362,0.9998285,0.762664,0.9995067,-0.25904235,-0.8143308,0.99946606
0.999987,0.20966537,0.91965324,0.51769525,0.99986947,-0.08869912,0.9934047,0.99941105
0.9999829,0.12549408,0.99977607,0.54763246,0.9995666,-0.1737396,-0.8383575,0.9991557
0.99998724,0.21777324,0.9395019,0.5639689,0.9998672,-0.12258173,0.99332005,0.99922407
0.99998623,0.12266121,0.99978817,0.6085827,0.99959815,-0.18910345,-0.83398044,0.99912244
0.99998695,0.21331654,0.9329426,0.6224427,0.9998356,-0.13719176,0.9938254,0.9993391
0.99998814,0.20790032,0.9396629,0.5416529,0.99985296,-0.100800805,0.9924197,0.99997413
0.99998933,0.20175815,0.9665902,0.67933464,0.9998007,-0.21484824,0.9864281,0.99999964
0.99998236,0.14232849,0.99982697,0.7076415,0.9995342,-0.25797397,-0.8301271,0.9992325
0.9999843,0.15810347,0.99984086,0.8033718,0.99923646,-0.29734817,-0.8250231,0.99943054
0.99998534,0.15136334,0.99978477,0.7022444,0.9993636,-0.22898917,-0.8321556,0.99950284
0.9999853,0.1449147,0.99983186,0.6993792,0.9994551,-0.23924299,-0.8333947,0.999155
0.99999064,0.21792153,0.9641061,0.75983167,0.9997662,-0.29722893,0.9908449,0.99999934
0.9999873,0.19601914,0.8942429,0.3449951,0.99983495,0.01104535,0.9933948,0.99997085
0.99998605,0.16665944,0.9998085,0.6952212,0.9995586,-0.20143029,-0.8284664,0.99935406
0.99998444,0.1502077,0.99981356,0.70169693,0.9994877,-0.20077232,-0.82656455,0.9994177
0.999987,0.22903314,0.9366109,0.72142875,0.99982435,-0.12911505,0.99611735,0.9999872
0.9999872,0.20982951,0.9356924,0.6366364,0.9997966,-0.1438562,0.9939065,0.999982
0.99998826,0.21418658,0.938415,0.693308,0.9998213,-0.16524176,0.99435323,0.999372
0.9999856,0.18970071,0.99983925,0.74644244,0.99941117,-0.24545741,-0.8215699,0.9992517
0.99998766,0.20774157,0.92846555,0.61202335,0.9998182,-0.111314125,0.9949627,0.9992087
0.9999879,0.13983984,0.9998005,0.65004987,0.99951804,-0.21083641,-0.82683855,0.9993032
0.9999845,0.13200212,0.99979603,0.5886781,0.9994943,-0.15036543,-0.839123,0.99933
0.999989,0.23265985,0.9673368,0.7175536,0.99978304,-0.24459769,0.9891815,0.99934596
0.9999817,0.14392723,0.9998031,0.7128924,0.9992977,-0.3000246,-0.83805007,0.99915165
0.99998343,0.11782853,0.99978685,0.63556695,0.99958116,-0.21202473,-0.82848066,0.9993411
0.9999807,0.116133355,0.99979097,0.5851475,0.99953824,-0.14708468,-0.84194916,0.99937695
0.99998385,0.13576412,0.9998262,0.6476232,0.9995255,-0.16912955,-0.83136296,0.99928904
0.99998766,0.11800847,0.99977046,0.6100018,0.9995525,-0.20859353,-0.8327164,0.99918383
0.9999876,0.21167205,0.930256,0.6587101,0.9998545,-0.16166404,0.9955897,0.9999468
0.99998575,0.15815812,0.9998205,0.7065706,0.99936104,-0.25921983,-0.8352189,0.99918705
0.9999855,0.22033541,0.9242016,0.6663691,0.99979514,-0.13609205,0.99519837,0.9999997
0.9999899,0.19904222,0.91050243,0.49526706,0.99983543,-0.11873144,0.9939412,0.9994543
0.9999878,0.15020496,0.9998079,0.70213366,0.9996148,-0.18818788,-0.8218293,0.99938416
0.9999858,0.13460502,0.99978715,0.6948593,0.99948215,-0.21104868,-0.82605267,0.99947774
0.99998486,0.20399587,0.895876,0.5276917,0.9998026,-0.09718967,0.99521405,0.999472
0.9999857,0.1490334,0.99983215,0.7492074,0.9994385,-0.27459875,-0.82889646,0.9991348
0.9999867,0.20784588,0.90390956,0.6309034,0.99984366,-0.12816396,0.9966497,0.9994622
0.9999878,0.15763348,0.99982214,0.74898887,0.9993997,-0.25567767,-0.8250237,0.99936557
0.9999857,0.18900287,0.9998613,0.80374247,0.99929327,-0.27413923,-0.8174831,0.99922913
0.9999846,0.19969653,0.9396119,0.5901539,0.9998224,-0.15075934,0.9933384,0.99984926
0.99998766,0.2026782,0.9555193,0.65172136,0.9998055,-0.14898424,0.9917494,0.99939364
0.99998367,0.1995293,0.92419344,0.5963745,0.9997909,-0.11482593,0.99517155,0.99985605
0.99998546,0.15911601,0.99983984,0.6971382,0.9995468,-0.15366465,-0.8252466,0.9994299
0.9999887,0.1992817,0.89959705,0.5255361,0.99985534,-0.08048875,0.9950916,0.99929464
0.9999838,0.13221096,0.9998159,0.7356948,0.99946034,-0.29739463,-0.83274406,0.9991762
0.9999892,0.20771739,0.9470588,0.62232673,0.9997962,-0.20837976,0.9910348,0.99999976
0.9999842,0.13182448,0.99980175,0.65854037,0.9994906,-0.24087879,-0.83335423,0.99917454
0.9999884,0.19796056,0.93815345,0.5196948,0.9998099,-0.16328977,0.98895645,0.9998326
0.999984,0.09992732,0.9997719,0.63437206,0.99946684,-0.23696254,-0.8350493,0.999264
0.9999865,0.19613469,0.921521,0.55320776,0.99980295,-0.120868854,0.9939088,0.99985784
0.9999897,0.20222452,0.9478221,0.6206447,0.9998146,-0.1874348,0.98954123,0.99937046
0.99998575,0.20254879,0.9329214,0.6280192,0.999821,-0.12891039,0.9942595,0.99989456
0.99998534,0.19871785,0.8946954,0.5879488,0.9998325,-0.07654472,0.99664205,0.9999688
0.9999834,0.21419609,0.9178803,0.6701093,0.9998218,-0.13076906,0.99690306,0.9998413
0.99998695,0.22867942,0.9630767,0.7737556,0.99984014,-0.22617929,0.9932417,0.9999277
0.9999841,0.16536409,0.9998261,0.7335863,0.9994397,-0.23603849,-0.8241189,0.99941105
0.9999838,0.13657469,0.99980986,0.6884228,0.9995296,-0.25632888,-0.83327633,0.9992326
0.9999843,0.19613214,0.9434694,0.659286,0.9998638,-0.12668191,0.99490285,0.99930465
0.9999837,0.15055534,0.99985313,0.7397342,0.9995041,-0.22671138,-0.82635933,0.99919605
0.9999881,0.1944246,0.93680507,0.51060027,0.9998415,-0.12916286,0.99161685,0.99998295
0.99998724,0.15524541,0.9998275,0.76835454,0.99946934,-0.26865494,-0.81934273,0.9993647
0.99998695,0.20005903,0.9457938,0.58495265,0.9997956,-0.18790774,0.99106085,0.99985236
0.99998516,0.13448158,0.9998161,0.6620641,0.99956846,-0.16172318,-0.8288081,0.9993707
0.99998885,0.19215994,0.938783,0.5684636,0.99981827,-0.13663532,0.9934809,0.99985945
0.99999076,0.22759694,0.9566259,0.7388562,0.99981296,-0.22022206,0.99307644,0.99920416
0.99998915,0.18479928,0.93597114,0.44029373,0.99981886,-0.1259661,0.9900442,0.99921894
0.99998564,0.2200126,0.94450283,0.66758573,0.99985,-0.07520505,0.9948061,0.9993668
0.999983,0.13220337,0.9998061,0.65002,0.9994091,-0.23674332,-0.83447087,0.9991851
0.9999863,0.2254317,0.934179,0.7213088,0.9997949,-0.20599969,0.995478,0.99998283
0.99998873,0.20714755,0.9275223,0.66138303,0.99984413,-0.14454468,0.9952094,0.99984133
0.99998695,0.17301315,0.99983025,0.8128221,0.99930847,-0.33950135,-0.82152754,0.99941224
0.99998665,0.14824809,0.9998285,0.7326082,0.99949014,-0.27230367,-0.8240024,0.9991553
0.99998945,0.16440366,0.9998113,0.75052667,0.9994886,-0.27619728,-0.82400453,0.9993282
0.999988,0.22759025,0.95938927,0.7467376,0.99980307,-0.20578873,0.99370325,0.9999746
0.99998385,0.2006103,0.8908288,0.42645836,0.99982965,-0.059336472,0.995158,0.9992987
0.99998194,0.13465115,0.9998034,0.6602355,0.99949265,-0.24073488,-0.83542645,0.999113
0.99998313,0.17934568,0.99983174,0.7057777,0.9995356,-0.2048329,-0.82845724,0.9994262
0.9999874,0.15844133,0.99982625,0.7708301,0.99946284,-0.24882406,-0.81867653,0.9994011
0.9999905,0.2260633,0.9837359,0.81483877,0.99984455,-0.31068528,0.9796159,0.99981177
0.999989,0.21405825,0.93020624,0.6184372,0.9998394,-0.15750207,0.9934909,0.99984765
0.999988,0.13248025,0.99981725,0.7015096,0.9995501,-0.22799693,-0.8269237,0.9992223
0.99998796,0.19592467,0.95057,0.70131516,0.99982154,-0.22695474,0.9921863,0.9992374
0.9999864,0.14750434,0.9998135,0.69914484,0.9994208,-0.22863095,-0.83056134,0.999317
0.9999869,0.12410096,0.9997651,0.65349245,0.99950105,-0.25045887,-0.8312542,0.99936616
0.9999874,0.23455466,0.95753884,0.7684891,0.9998165,-0.20866376,0.9940999,0.9998409
0.99998695,0.22431092,0.9414539,0.69722366,0.99979216,-0.20871867,0.99405336,0.99994445
0.999986,0.11897306,0.9997513,0.57799685,0.9995597,-0.20021807,-0.83338785,0.9992701
0.9999883,0.21682385,0.94347376,0.6816319,0.99980575,-0.20095578,0.9937426,0.9999895
0.99998564,0.15658183,0.9998263,0.7247167,0.9993975,-0.25891218,-0.830264,0.99926263
0.99998415,0.15164377,0.99982166,0.6875129,0.9995193,-0.20386487,-0.8350454,0.9992649
0.9999832,0.12339537,0.9997973,0.5599519,0.99959755,-0.13596821,-0.8368199,0.9993145
0.99998945,0.2593159,0.9758764,0.8457629,0.99981135,-0.28257596,0.99138236,0.99986845
0.9999848,0.21105465,0.90102184,0.6151972,0.9997937,-0.13732697,0.9965668,0.9999732
0.99998623,0.17662685,0.9998385,0.76218075,0.99945045,-0.26944202,-0.82364875,0.9992831
0.99998504,0.16162328,0.99982697,0.7435519,0.99950546,-0.24628103,-0.82327837,0.9993917
0.99998283,0.21650068,0.9183127,0.67845106,0.99980015,-0.122510456,0.9963676,0.9997401
0.99998087,0.12703593,0.99979925,0.6750352,0.9994809,-0.23322912,-0.8348876,0.9993486
0.9999808,0.16055964,0.99984086,0.7841877,0.9993699,-0.29024035,-0.8224134,0.9993918
0.9999837,0.1995988,0.91000587,0.61711013,0.99980074,-0.1252845,0.99562156,0.9999815
0.99998736,0.17497475,0.99982435,0.72501326,0.9993896,-0.23446603,-0.825664,0.99936044
0.9999897,0.12563203,0.999769,0.6858599,0.99959606,-0.2346138,-0.82122934,0.99948
0.99998957,0.17659347,0.99984425,0.8382183,0.99929756,-0.35580865,-0.8114809,0.99926835
0.9999864,0.12298409,0.999785,0.64246905,0.9994924,-0.20506415,-0.83557343,0.9993671
0.999989,0.23026577,0.9669635,0.7538645,0.9997729,-0.2594072,0.99081296,0.9994552
0.99998045,0.12666151,0.9998275,0.62612915,0.99951965,-0.16079919,-0.83747625,0.9993338
0.999989,0.19255854,0.94612724,0.5962913,0.999818,-0.17081448,0.9913728,0.999875
0.9999833,0.1505871,0.9998165,0.6929989,0.9994887,-0.22990763,-0.83298975,0.99927187
0.9999857,0.158816,0.9998164,0.73192143,0.9994879,-0.21885955,-0.8269104,0.99947006
0.99998987,0.20625733,0.95028186,0.5909736,0.99978757,-0.17987694,0.99119437,0.9993487
0.99998736,0.20185985,0.96008563,0.69984925,0.999838,-0.2226453,0.9885021,0.99943364
0.9999865,0.20569724,0.93199795,0.6532238,0.9998061,-0.18231979,0.99411047,0.99983746
0.9999834,0.13627434,0.9997965,0.62889993,0.99949235,-0.19341102,-0.8366458,0.99936664
0.999987,0.20800439,0.94797426,0.6682927,0.9998033,-0.20371398,0.9912396,0.99932814
0.9999868,0.22347394,0.9300333,0.707428,0.9998312,-0.18313827,0.99526495,0.9999611
0.9999822,0.13287377,0.9998135,0.68683434,0.99941653,-0.27422577,-0.8379741,0.99912
0.99998933,0.23435637,0.9541085,0.7846523,0.9997555,-0.22564478,0.99483794,0.9991892
0.9999875,0.20853905,0.9425203,0.7013552,0.99984115,-0.18622024,0.99476165,0.99999344
0.99998564,0.146687,0.9998139,0.5831682,0.99955696,-0.123739555,-0.83128333,0.99930793
0.99998677,0.21509749,0.92440206,0.6070682,0.9998393,-0.09930466,0.99503154,0.9992913
0.9999826,0.1511147,0.99979764,0.6314856,0.99946433,-0.214128,-0.83717746,0.9992425
0.9999895,0.22206727,0.9377804,0.62833333,0.99985343,-0.12153484,0.9941873,0.9994027
0.9999872,0.14486514,0.9998183,0.71956,0.99934536,-0.28703064,-0.8310307,0.9990888
0.99999094,0.217837,0.9529633,0.68989575,0.9998482,-0.19699462,0.9913694,0.999259
0.9999846,0.15963897,0.99982315,0.6928556,0.99942106,-0.21915555,-0.833337,0.9993063
0.9999877,0.20342149,0.9311172,0.6523013,0.9998445,-0.1403586,0.9948437,0.99943286
0.999987,0.21386704,0.94173133,0.682676,0.99981564,-0.17277515,0.9945371,0.99915516
0.9999887,0.23564236,0.96573687,0.7941286,0.9998287,-0.23927091,0.9933759,0.99925274
0.9999893,0.23866414,0.9817314,0.7736251,0.9998201,-0.25226697,0.98506045,0.9998241
0.99997956,0.15269528,0.99984115,0.75891995,0.999411,-0.26612288,-0.8315198,0.99931616
0.9999888,0.21528786,0.9690714,0.7562923,0.9998224,-0.21574832,0.99001,0.99986887
0.9999849,0.15632398,0.9998187,0.70858437,0.9995119,-0.27823696,-0.8329114,0.9991738
0.9999831,0.16456205,0.99983764,0.7366693,0.99943554,-0.23355053,-0.8237111,0.9992873
0.99998647,0.15729758,0.9998319,0.72805923,0.9994277,-0.2338243,-0.8264659,0.99934024
0.9999834,0.11596071,0.99977195,0.5999752,0.9995988,-0.19626077,-0.83491904,0.9993667
0.9999823,0.13120893,0.9997779,0.56337863,0.9995521,-0.1455907,-0.8377425,0.99933356
0.99998826,0.1931801,0.9411611,0.60918355,0.99986017,-0.14488275,0.9929827,0.99946165
0.99998426,0.20471619,0.8806253,0.6066292,0.99982077,-0.09264027,0.99723434,0.9992749
0.9999855,0.12236478,0.99976355,0.6758388,0.99951154,-0.29540652,-0.8297607,0.99928266
0.9999871,0.15840185,0.999809,0.7890153,0.9993155,-0.28992385,-0.82125354,0.99946415
0.9999874,0.22028446,0.9435089,0.6876526,0.9998308,-0.1670065,0.99369615,0.9998504
0.99998295,0.12629598,0.99981123,0.69292957,0.99946105,-0.20107043,-0.8371644,0.99942404
0.99998254,0.128946,0.99980545,0.68095946,0.99951893,-0.2107287,-0.8303479,0.99938637
0.99998546,0.15799515,0.99984246,0.7299292,0.9994965,-0.20362775,-0.8211988,0.9993627
0.99998254,0.14299421,0.99983335,0.76536494,0.9994133,-0.30290425,-0.8205724,0.99928063
0.99998385,0.12051578,0.9997909,0.6300683,0.999546,-0.21977377,-0.83656734,0.99913377
0.99999,0.19937305,0.9485316,0.6219412,0.9998321,-0.19323379,0.98981863,0.9994685
0.9999862,0.20381099,0.9135575,0.60162306,0.9998456,-0.09236616,0.9958451,0.9999556
0.9999857,0.14503552,0.99979544,0.65030515,0.9994458,-0.21990322,-0.8355404,0.99928886
0.99998623,0.20793743,0.94719243,0.66530335,0.9998013,-0.15158461,0.9935678,0.99999017
0.9999876,0.220748,0.9367274,0.71186954,0.9997975,-0.16079172,0.995837,0.9997975
0.99998903,0.20118068,0.9589902,0.6837728,0.9998237,-0.20535813,0.99139076,0.9999175
0.9999871,0.22612853,0.9519275,0.75562567,0.99981284,-0.21905208,0.9950893,0.99998444
0.99998546,0.16208167,0.9998222,0.74134064,0.9993455,-0.29161784,-0.8317693,0.9993066
0.99998605,0.21074544,0.9303172,0.58302903,0.9998398,-0.13540083,0.9939846,0.99995464
0.99998695,0.2085418,0.9282864,0.55823016,0.9998323,-0.12140751,0.99439293,0.9991527
0.99999064,0.22351633,0.9680926,0.73753536,0.99982786,-0.185244,0.99172795,0.99999964
0.99998915,0.22813375,0.9727874,0.7171504,0.9998192,-0.23679987,0.9891986,0.9992137
0.99998933,0.22402897,0.96206355,0.76923823,0.99979067,-0.2491568,0.992256,0.99922466
0.9999838,0.13194835,0.99978554,0.6877468,0.99937767,-0.26040426,-0.8353355,0.9993068
0.99998796,0.20475361,0.928164,0.50639,0.9998241,-0.14810827,0.9916111,0.9999813
0.9999844,0.12967643,0.99979717,0.6500834,0.99950784,-0.22328167,-0.8323847,0.9992485
0.9999852,0.14715128,0.99980086,0.66848755,0.9994252,-0.21213593,-0.8354672,0.9993816
0.9999804,0.15810625,0.99983644,0.7372602,0.9993512,-0.24212812,-0.83289135,0.99936193
0.9999871,0.13110703,0.9998007,0.6739186,0.9995248,-0.2212557,-0.8294281,0.99933845
0.99998826,0.2073904,0.9263401,0.64812005,0.99986327,-0.12854245,0.9952933,0.9998549
0.99998474,0.14157715,0.99979657,0.7037192,0.99945307,-0.2401797,-0.8240953,0.99947363
0.999983,0.12836498,0.9998113,0.6569389,0.99952483,-0.21045576,-0.834306,0.9993034
0.9999856,0.14646035,0.99981767,0.7292044,0.99942064,-0.28376955,-0.82763857,0.99917656
0.99998766,0.22052804,0.93297976,0.71677184,0.999789,-0.18842213,0.995682,0.9999643
0.9999851,0.11501241,0.9997741,0.6059717,0.9994938,-0.2050106,-0.83817434,0.9993313
0.9999871,0.14465757,0.99977237,0.7138328,0.9994407,-0.27442375,-0.8291018,0.9992909
0.99998623,0.13612008,0.9997914,0.6655439,0.99954444,-0.2468082,-0.8342236,0.99926347
0.9999912,0.22983047,0.9652128,0.77603716,0.99983156,-0.24417105,0.9928365,0.9993741
0.9999895,0.1939227,0.93346775,0.52256954,0.999859,-0.10149497,0.99185365,0.9992704
0.99998707,0.19359499,0.9551292,0.5880492,0.99984336,-0.15871872,0.98929065,0.9991984
0.99998194,0.13460323,0.9998348,0.7241748,0.99945456,-0.23895231,-0.82883257,0.9993811
0.9999825,0.14732006,0.99984133,0.713523,0.9995333,-0.22569479,-0.8266358,0.9992076
0.999987,0.24830472,0.96441245,0.7986269,0.9997841,-0.22999412,0.9938132,0.9992964
0.99998385,0.15910378,0.99983555,0.77603483,0.99931014,-0.28607646,-0.82541215,0.9992608
0.9999819,0.13560702,0.9997933,0.6868278,0.9993936,-0.26162416,-0.83467644,0.9993361
0.99998474,0.12240063,0.99978364,0.63426936,0.99954623,-0.19346929,-0.8315021,0.99946517
0.99998647,0.20994252,0.87576824,0.59723055,0.9998273,-0.069900095,0.9968894,0.9998554
0.9999843,0.14177121,0.99982446,0.6987028,0.9994812,-0.21940108,-0.8309569,0.99921685
0.9999839,0.13965248,0.9997896,0.7007475,0.9994575,-0.26055795,-0.8356531,0.9993626
0.9999835,0.14102457,0.99984366,0.73769987,0.9993662,-0.2517878,-0.82890797,0.9992293
0.99998254,0.11117448,0.99981534,0.5951812,0.99955237,-0.14999516,-0.8378695,0.9993283
0.99998313,0.1317395,0.99981695,0.67499256,0.99946135,-0.22407256,-0.8327479,0.99924767
0.9999847,0.13495468,0.99981076,0.71247303,0.9994124,-0.26982626,-0.8326362,0.9992083
0.9999876,0.20360632,0.9349124,0.67692196,0.99979866,-0.1775339,0.9947617,0.9999674
0.99999034,0.21367851,0.9574863,0.6999864,0.9998343,-0.21147178,0.99190307,0.9993944
0.9999844,0.19449644,0.879864,0.40485623,0.99986243,-0.0076808464,0.99579066,0.9990916
0.999983,0.14373694,0.9998353,0.70384026,0.9994242,-0.24578974,-0.83466905,0.9990662
0.99998885,0.22399844,0.9552469,0.75195044,0.9998394,-0.24098583,0.9935432,0.99996
0.9999851,0.15206553,0.99982154,0.68851453,0.9995044,-0.227646,-0.8348684,0.99920034
0.9999872,0.20890334,0.95305306,0.62979084,0.9998178,-0.1752121,0.9921673,0.9998464
0.9999864,0.18485446,0.99984694,0.8249045,0.9991838,-0.29591256,-0.81864184,0.9994381
0.9999822,0.15076362,0.9998284,0.66567105,0.99951124,-0.17373946,-0.8334237,0.99937
0.9999881,0.21334754,0.94947684,0.6073413,0.99982643,-0.1688824,0.9908659,0.99901456
0.9999803,0.13131738,0.9998068,0.6456918,0.9995073,-0.17872213,-0.8349674,0.99939793
0.999987,0.21117598,0.9467005,0.634151,0.99980307,-0.15107588,0.99238694,0.99932796
0.9999908,0.20997772,0.9648008,0.7294501,0.9997658,-0.24277468,0.9900521,0.9993878
0.99998516,0.14358726,0.9998021,0.6887369,0.9995414,-0.23854427,-0.83003515,0.99928
0.99998397,0.14696483,0.9998288,0.68000376,0.9994905,-0.24174689,-0.82927746,0.99915653
0.999986,0.16128917,0.9998283,0.6907588,0.99948734,-0.20585787,-0.8283053,0.99937505
0.9999871,0.15397523,0.99983114,0.73355246,0.9994534,-0.24839653,-0.8210419,0.99930936
0.9999848,0.20351271,0.92570126,0.5757549,0.9998276,-0.119470604,0.99479234,0.9994448
0.9999906,0.2388337,0.9762962,0.7544912,0.9998404,-0.23282158,0.9893041,0.9994091
0.9999837,0.13688792,0.9998349,0.73206085,0.9994639,-0.2430098,-0.82753944,0.99939257
0.99998665,0.13229592,0.999793,0.67454237,0.9994628,-0.25158897,-0.83502024,0.99924874
0.99998593,0.15281834,0.9998142,0.694716,0.99949193,-0.21251237,-0.83132225,0.999337
0.999986,0.17276397,0.9998414,0.76745385,0.99934644,-0.26030585,-0.8221866,0.9992655
0.99998695,0.21462595,0.90674824,0.69181293,0.9997498,-0.17655836,0.996464,0.9994289
0.999978,0.14927363,0.9998214,0.6767349,0.9994027,-0.23264326,-0.8404262,0.9992536
0.99998367,0.10655448,0.99976325,0.63238657,0.9995213,-0.22397766,-0.8323957,0.9994056
0.9999905,0.20964679,0.90906566,0.6581323,0.9998406,-0.1471734,0.9966121,0.99940306
0.9999872,0.20842631,0.8747281,0.49998495,0.99982756,-0.09583431,0.99602866,0.99924785
0.9999837,0.12256466,0.9997615,0.56737244,0.99942064,-0.19806424,-0.84199566,0.9992653
0.99998564,0.14531009,0.9998043,0.7164273,0.9994585,-0.25485933,-0.8347024,0.9993749
0.9999883,0.22204942,0.96545213,0.74980474,0.9998257,-0.19976375,0.99305016,0.9999994
0.9999812,0.11943678,0.9997951,0.54313624,0.9995975,-0.11354745,-0.83520114,0.9994102
0.9999861,0.21751069,0.94565314,0.6302836,0.99986804,-0.14266072,0.9938969,0.99928474
0.9999893,0.19282478,0.91874576,0.4833666,0.9998326,-0.10883189,0.99318194,0.9999813
0.99998367,0.15717626,0.9998269,0.7131273,0.99956447,-0.22360069,-0.825461,0.9992953
0.99998856,0.20623967,0.9171516,0.5313559,0.9998305,-0.11758119,0.99451655,0.9999174
0.99998885,0.20576033,0.9387456,0.60788107,0.9998148,-0.16245735,0.9929844,0.999191
0.9999915,0.25703767,0.97970086,0.83379984,0.9998193,-0.3080796,0.9880384,0.999863
0.9999889,0.2180472,0.9401405,0.7288188,0.99979717,-0.25062987,0.9948122,0.9998433
0.9999848,0.22661033,0.94346976,0.73121417,0.9998145,-0.16895327,0.99513537,0.9992823
0.9999873,0.20619732,0.92350405,0.63311654,0.9998377,-0.11662027,0.9961682,0.9998709
0.9999829,0.19635154,0.8739784,0.52306175,0.9998254,-0.075680554,0.996289,0.99998575
0.999984,0.12764952,0.9997995,0.7041634,0.9993817,-0.26561707,-0.8351767,0.99926496
0.99998933,0.2227305,0.95836943,0.7631871,0.99982184,-0.26448682,0.99265254,0.99939245
0.9999804,0.1458209,0.99978435,0.5428025,0.999431,-0.15919246,-0.84521455,0.9992917
0.99999064,0.23227589,0.9587685,0.73953223,0.9997717,-0.26985714,0.992956,0.99990064
0.99998295,0.14675209,0.9998095,0.6257375,0.9995372,-0.22371684,-0.8336836,0.999175
0.9999854,0.123212904,0.99980384,0.66658086,0.99954975,-0.22572762,-0.8309356,0.99937606
0.99998814,0.21358255,0.94460934,0.7035997,0.99979395,-0.16853553,0.9948184,0.99988174
0.99998456,0.11742909,0.9997976,0.68143,0.9995404,-0.26650196,-0.828224,0.99920565
0.9999892,0.1736227,0.9998139,0.75171256,0.9994272,-0.26905718,-0.8227185,0.99935615
0.9999878,0.21032593,0.9347786,0.65853405,0.99978465,-0.1880543,0.9936024,0.9991285
0.999988,0.14623174,0.9998118,0.7614407,0.99942464,-0.2834344,-0.8241354,0.9994243
0.9999877,0.15638241,0.99981755,0.73684883,0.99935883,-0.27965203,-0.8280593,0.9992729
0.99998635,0.22414432,0.9335368,0.6890794,0.9998144,-0.13767275,0.9959434,0.9998631
0.99998707,0.22279415,0.9308897,0.7116763,0.99975604,-0.1942191,0.99558353,0.9997545
0.99998754,0.18856508,0.92916733,0.43592116,0.9998518,-0.09504385,0.99251145,0.9992205
0.9999835,0.13544375,0.99981236,0.61778545,0.9995681,-0.16049266,-0.82909405,0.99921685
0.99997854,0.13547964,0.999807,0.62559915,0.9994553,-0.21737264,-0.84230536,0.99919647
0.9999875,0.18209119,0.99984807,0.81194615,0.99944,-0.29240918,-0.81869674,0.9993511
0.99998444,0.17053747,0.9998399,0.75229794,0.999452,-0.25546,-0.8252966,0.9992569
0.99998635,0.21048304,0.9287032,0.6080258,0.9998179,-0.16090721,0.99450254,0.99946606
0.9999889,0.18472263,0.99984944,0.79679275,0.999379,-0.26942974,-0.8148994,0.9993703
0.9999884,0.20914285,0.91411316,0.58109426,0.9997791,-0.17297071,0.9945538,0.9992064
0.9999842,0.1490014,0.9998388,0.691417,0.9995462,-0.20332381,-0.8229934,0.999169
0.9999876,0.23333983,0.96805197,0.7724643,0.9998544,-0.22368205,0.99234587,0.99998075
0.9999822,0.13202603,0.9998045,0.646224,0.99950945,-0.21570808,-0.8355353,0.99924403
0.99998856,0.20504148,0.92248863,0.6409674,0.999849,-0.15219389,0.99506205,0.9999533
0.9999872,0.22105971,0.94793653,0.7224544,0.99981123,-0.17474402,0.9941565,0.99935913
0.9999868,0.22089183,0.90768105,0.5580865,0.9998307,-0.081475504,0.99558884,0.99923295
0.99998313,0.142923,0.9998126,0.67358255,0.9995949,-0.18605937,-0.82825726,0.99938947
0.99998564,0.14323325,0.99982184,0.66453815,0.99951905,-0.20270492,-0.8336283,0.9991173
0.9999837,0.14968416,0.99984396,0.768953,0.99939287,-0.30111784,-0.82530856,0.999109
0.9999879,0.21594103,0.9285542,0.6066395,0.9998139,-0.15712792,0.9936827,0.9999901
0.99997944,0.13674311,0.9998026,0.5918302,0.9994753,-0.16941145,-0.8359038,0.99936813
0.99998415,0.13408543,0.9998181,0.69898975,0.9994998,-0.21036205,-0.8305939,0.99935335
0.9999881,0.2079575,0.9029422,0.63714707,0.9998544,-0.10690198,0.9967335,0.99932784
0.9999881,0.20151585,0.928848,0.5219206,0.9998298,-0.12481869,0.99202496,0.9993241
0.99998856,0.23087299,0.9351457,0.78494304,0.99974275,-0.2533787,0.99568856,0.99985695
0.9999881,0.21808125,0.96416974,0.7105688,0.9997791,-0.18495935,0.9893956,0.999397
0.99998575,0.22752468,0.93606424,0.70075446,0.9997753,-0.13975346,0.9951077,0.9994177
0.99998397,0.13827744,0.9998061,0.6458169,0.9995001,-0.24300915,-0.835824,0.99911016
0.99999034,0.21938598,0.96446294,0.7049719,0.9998042,-0.24740432,0.9899023,0.9999736
0.99998534,0.14751531,0.9998109,0.6806467,0.999502,-0.22278573,-0.8300417,0.9992732
0.99998826,0.21514891,0.93101597,0.6524676,0.9997969,-0.17089173,0.99410003,0.99917537
0.999982,0.11934189,0.9998061,0.63326097,0.99937946,-0.20734073,-0.83717644,0.99926555
0.9999881,0.2089301,0.9204511,0.62936497,0.9998125,-0.16922647,0.99519664,0.9993634
0.99998546,0.15085068,0.9998278,0.7524348,0.9994748,-0.23683776,-0.82378256,0.9994941
0.999987,0.13528314,0.9998079,0.7290268,0.99942195,-0.28442344,-0.83265764,0.9991394
0.99998796,0.20071107,0.9248845,0.5587358,0.9998281,-0.15300639,0.99345446,0.9990715
0.9999848,0.14037359,0.99979717,0.65700346,0.99951017,-0.20259441,-0.83497655,0.9993152
0.99998325,0.11835156,0.9998218,0.621281,0.9995242,-0.1761258,-0.8368268,0.9993566
0.9999826,0.21469742,0.9221443,0.7165066,0.9998124,-0.14790487,0.9967779,0.9994389
0.99998695,0.24208805,0.9600293,0.7890675,0.99982643,-0.17724961,0.9949939,0.999333
0.99998647,0.17074719,0.99984634,0.8223131,0.9992855,-0.33684078,-0.81722176,0.9993577
0.999987,0.2195293,0.96249497,0.65536714,0.99986494,-0.1768888,0.9895276,0.9994087
0.99998665,0.17085873,0.999815,0.72338843,0.9992401,-0.28131014,-0.8319949,0.9992207
0.9999836,0.16102539,0.99983346,0.75139594,0.9993939,-0.2268496,-0.82524323,0.99946123
0.99998546,0.14732195,0.9998246,0.70058763,0.999552,-0.20345311,-0.8295481,0.99934703
0.9999898,0.19580773,0.9456053,0.61764425,0.999851,-0.17454252,0.9921877,0.99933237
0.9999895,0.19987945,0.94831383,0.52346045,0.99981564,-0.17166883,0.9882551,0.99922174
0.99998295,0.13472815,0.9998071,0.68512523,0.99955285,-0.24818419,-0.8312688,0.9992614
0.9999875,0.23087583,0.9376222,0.75513464,0.9997633,-0.22725976,0.99434566,0.9994166
0.99998885,0.14445722,0.9998033,0.7577345,0.999415,-0.2768194,-0.82269895,0.9993781
0.9999819,0.15208635,0.999816,0.6652175,0.9994558,-0.2077595,-0.83379936,0.9993661
0.99998474,0.19232246,0.95022446,0.47119886,0.99987257,-0.07764327,0.98987013,0.9992574
0.9999871,0.19984946,0.9494104,0.6756683,0.9998018,-0.17014116,0.99298275,0.99984586
0.9999888,0.21303166,0.95599306,0.6712339,0.99979746,-0.21341069,0.9914957,0.99933565
0.9999872,0.19631009,0.91393733,0.5561921,0.99980825,-0.09990129,0.9951763,0.99928397
0.9999906,0.20507851,0.9575807,0.6765069,0.99980074,-0.20657748,0.9912938,0.9998257
0.99998784,0.21244232,0.9464036,0.69420445,0.9998308,-0.21165508,0.9927932,0.9992909
0.9999872,0.23138668,0.94584846,0.7243076,0.99978095,-0.18568578,0.9947785,0.9999002
0.9999815,0.14969279,0.99982464,0.7365723,0.9993924,-0.3039186,-0.834253,0.9990762
0.9999866,0.12814575,0.99979943,0.66439456,0.9994473,-0.21734841,-0.8359638,0.9993318
0.99998873,0.2293476,0.9694826,0.7307013,0.999806,-0.24754728,0.98890775,0.999966
0.9999862,0.1549403,0.9998231,0.7074177,0.99947584,-0.20972198,-0.8304815,0.99932784
0.9999876,0.19951135,0.94346917,0.59489673,0.99981445,-0.19882296,0.9916995,0.9999751
0.99998945,0.23344877,0.96407384,0.7116244,0.9997819,-0.22415842,0.99081576,0.99985707
0.99998474,0.20467083,0.8653198,0.5310237,0.9998083,-0.053883683,0.9971018,0.99926704
0.9999906,0.22504494,0.97445035,0.77136445,0.9997793,-0.27313828,0.9872209,0.9992874
0.9999864,0.23443699,0.955564,0.7593065,0.9998651,-0.17718896,0.99546343,0.9994177
0.99998987,0.23813815,0.9657059,0.8201754,0.9997684,-0.2727797,0.99327844,0.9994159
0.99998695,0.1227016,0.9997493,0.6358878,0.99952734,-0.26909247,-0.82895005,0.99920815
0.99998176,0.1420261,0.99980396,0.67481184,0.9995502,-0.22629546,-0.82938075,0.9993645
0.9999855,0.21178564,0.9196459,0.60818154,0.999779,-0.16030912,0.9949081,0.9999226
0.99998945,0.22146995,0.9611345,0.77184844,0.9997932,-0.2731283,0.99132305,0.99909866
0.9999879,0.19964923,0.9571018,0.64325505,0.99983525,-0.19751546,0.9889126,0.99928313
0.9999852,0.16789898,0.99984026,0.8091671,0.9993723,-0.30159706,-0.8203464,0.9993948
0.9999875,0.14731906,0.9998198,0.7577368,0.99943686,-0.27529144,-0.82360095,0.9993464
0.99998844,0.21818224,0.95323056,0.70558083,0.9998095,-0.20595983,0.9935864,0.9992702
0.9999857,0.2125105,0.90076137,0.5878783,0.9998227,-0.12856121,0.9959653,0.99983555
0.9999891,0.22432247,0.94846976,0.7129983,0.9998111,-0.19463369,0.99367243,0.9993939
0.9999868,0.21125838,0.9465798,0.6867068,0.9998582,-0.17621887,0.9940955,0.99999416
0.99998754,0.1786498,0.9998466,0.78744835,0.9994063,-0.25117034,-0.81795204,0.9994618
0.9999888,0.16767043,0.99982315,0.7223625,0.9995392,-0.23739944,-0.823524,0.99930966
0.9999857,0.132149,0.9998178,0.731629,0.9994483,-0.24383909,-0.8285981,0.9993633
0.999983,0.12709063,0.99979365,0.63908803,0.99949396,-0.22809319,-0.83543813,0.99924386
0.9999874,0.20268038,0.9285149,0.5765599,0.9998113,-0.12969607,0.99378455,0.9992504
0.9999891,0.14583382,0.9998146,0.7735174,0.9993944,-0.2554336,-0.8208403,0.99953216
0.99998325,0.11613106,0.99978733,0.67099804,0.99946433,-0.21685174,-0.83371115,0.9994102
0.9999838,0.16036159,0.99984306,0.7757653,0.9994028,-0.25315586,-0.8273779,0.99945503
0.99998844,0.19499733,0.88880295,0.44266018,0.9998202,-0.046617128,0.9949681,0.99984807
0.9999874,0.24098554,0.96025693,0.68629915,0.99980885,-0.15948135,0.9921297,0.99931496
0.999983,0.15844034,0.9998113,0.6481719,0.99959105,-0.1781528,-0.8285263,0.99937665
0.9999836,0.121677935,0.9997791,0.58746195,0.9995141,-0.18967427,-0.83478105,0.99929434
0.999982,0.18400563,0.9998537,0.75394106,0.9993826,-0.2065585,-0.8259759,0.99945146
0.99998635,0.20195864,0.9194194,0.56132627,0.9998343,-0.11199429,0.9935989,0.99985623
0.999984,0.11594945,0.9997707,0.5473188,0.99960625,-0.16793054,-0.8322649,0.99932116
0.99997836,0.11457576,0.999772,0.46067938,0.99966127,-0.107926145,-0.8354221,0.9993419
0.999985,0.11665912,0.9997819,0.63471353,0.999574,-0.197375,-0.82630575,0.9994161
0.99998206,0.17908551,0.9998541,0.754832,0.9993749,-0.24677229,-0.8242573,0.99929947
0.99998766,0.20991164,0.9488016,0.66082406,0.99981856,-0.19927953,0.9924642,0.9992676
0.9999829,0.120919354,0.9998153,0.6839576,0.9993955,-0.23029007,-0.83336717,0.9992395
0.99998665,0.22566053,0.96101654,0.7366369,0.9998469,-0.18127213,0.9921108,0.999281
0.99998343,0.13783057,0.9998287,0.72586715,0.9994111,-0.25657597,-0.8297333,0.9993435
0.999986,0.15910073,0.99980193,0.71588624,0.99943763,-0.23372501,-0.8287215,0.99944633
0.9999897,0.20011817,0.9452676,0.56466687,0.99982363,-0.17240745,0.99110854,0.9992785
0.99998933,0.19784404,0.8919394,0.54923135,0.9998453,-0.11064796,0.9956107,0.99997896
0.9999874,0.21998848,0.9620074,0.71059144,0.9998231,-0.15761422,0.99266297,0.99996513
0.9999905,0.21292548,0.91817474,0.6409129,0.9998198,-0.13201784,0.99551237,0.99928564
0.99998605,0.11693121,0.9997839,0.68341607,0.9994826,-0.24977688,-0.829552,0.9992508
0.999981,0.1554507,0.9998239,0.7054386,0.99940056,-0.263997,-0.8329121,0.9992305
0.999986,0.22400771,0.91732126,0.55113053,0.9998467,-0.027568484,0.9955678,0.9998959
0.99999017,0.21086031,0.9230091,0.67076164,0.9998263,-0.16772263,0.9946118,0.9992712
0.9999824,0.21112324,0.9234652,0.5483825,0.99985105,-0.086783595,0.99462813,0.9992007
0.9999889,0.2253287,0.94935596,0.59130687,0.9998585,-0.09622795,0.9922978,0.99937487
0.9999796,0.14320031,0.9998175,0.7048659,0.999427,-0.2640208,-0.83434844,0.9992912
0.9999864,0.14855029,0.99979776,0.6847564,0.9994592,-0.23695377,-0.83258736,0.99932295
0.9999851,0.2225899,0.9323428,0.69263774,0.999806,-0.14528526,0.99566716,0.99996346
0.99998355,0.14453503,0.99982446,0.71683395,0.999421,-0.2909234,-0.83278704,0.99901783
0.99998814,0.21989758,0.95005584,0.6914984,0.99982816,-0.17855595,0.9943231,0.9993944
0.99998885,0.1823382,0.9526558,0.5392196,0.99984187,-0.16849759,0.98703045,0.9993847
0.9999869,0.24077314,0.9717925,0.7760464,0.9998501,-0.17575184,0.9912904,0.9999789
0.99998385,0.16099636,0.9998186,0.70981514,0.99945533,-0.23524946,-0.83390814,0.99929327
0.9999897,0.19973816,0.96308136,0.63660944,0.9998008,-0.21888736,0.9862259,0.9999995
0.999988,0.1467762,0.9998222,0.6954502,0.9994943,-0.2119171,-0.83024895,0.9993021
0.99998707,0.14271995,0.9997976,0.6721283,0.9994627,-0.25047895,-0.83003265,0.999212
0.99998605,0.15765564,0.9998061,0.70011634,0.9994768,-0.24189104,-0.8314778,0.9992672
0.9999843,0.15435997,0.9998174,0.7012361,0.9994816,-0.23259525,-0.8309072,0.9993209
0.99998677,0.21029153,0.92309916,0.6030696,0.99982256,-0.13829896,0.99449486,0.9995229
0.9999852,0.2134756,0.9199381,0.6917403,0.99981654,-0.1401972,0.99626184,0.99994314
0.9999872,0.22815964,0.9513131,0.651747,0.99980944,-0.17238967,0.992535,0.99932116
0.9999869,0.14498322,0.99982065,0.7289688,0.9993777,-0.29098287,-0.82798636,0.99917895
0.9999842,0.13237123,0.99980277,0.62965125,0.9994529,-0.1636221,-0.8371027,0.99946284
0.9999823,0.14414206,0.99980736,0.6215777,0.9995154,-0.18631926,-0.8380952,0.9993376
0.9999865,0.18683939,0.9998417,0.7806784,0.999414,-0.2612855,-0.8226449,0.9993218
0.99998635,0.15167633,0.9998126,0.6963346,0.99952805,-0.2556904,-0.8281032,0.9991397
0.99998814,0.21037291,0.92981136,0.7197466,0.9998145,-0.14748533,0.9958216,0.9995156
0.99998546,0.16406894,0.99983627,0.76656437,0.9994312,-0.2833406,-0.8232137,0.9991597
0.999982,0.1760418,0.9998482,0.74219406,0.99946916,-0.18311778,-0.8278956,0.999468
0.9999894,0.22908606,0.9234883,0.6627444,0.9998411,-0.14771579,0.9958548,0.9999985
0.9999823,0.12330521,0.9997931,0.6196246,0.99941945,-0.21144408,-0.8412374,0.9991679
0.9999889,0.2254457,0.9577636,0.7452711,0.999788,-0.23534602,0.9928269,0.99942666
0.99998534,0.15944818,0.9998252,0.67060447,0.99955773,-0.1558195,-0.8297867,0.99942625
0.9999827,0.13505499,0.9998146,0.66917527,0.9994946,-0.19914903,-0.8335036,0.99933606
0.99998415,0.12776446,0.99981153,0.65602195,0.99958324,-0.21616416,-0.8325205,0.99924093
0.99998325,0.16282164,0.99979794,0.654207,0.99947244,-0.18468633,-0.8293686,0.99935347
0.9999807,0.14253579,0.9998349,0.78712195,0.9993534,-0.31556964,-0.82868767,0.9993157
0.9999829,0.14351839,0.99982566,0.7108239,0.9994385,-0.22133282,-0.82875973,0.99925435
0.999987,0.20514242,0.9144414,0.5886208,0.99981,-0.15544629,0.99477667,0.99923974
0.99999195,0.21944085,0.9584665,0.6899333,0.9998024,-0.20654663,0.98751503,0.9993256
0.9999886,0.20633988,0.8758754,0.50297076,0.9998366,-0.046432476,0.99641895,0.9991526
0.9999827,0.12499275,0.9997834,0.6293551,0.99948096,-0.17535381,-0.83518404,0.9993529
0.9999868,0.20896956,0.90273225,0.57636786,0.99984425,-0.11777904,0.99540985,0.99927413
0.9999838,0.13861185,0.9997993,0.6545547,0.99950624,-0.20807415,-0.83455586,0.99937475
0.9999881,0.18102202,0.999856,0.8042908,0.9993418,-0.30601525,-0.82152265,0.99919564
0.99998116,0.13906828,0.99981105,0.6655104,0.99941146,-0.22999549,-0.8377961,0.99920934
0.99998957,0.24066718,0.9705911,0.79320085,0.99980116,-0.23097332,0.991041,0.99989754
0.99998575,0.19726613,0.9998561,0.78224486,0.9994435,-0.2460904,-0.81984735,0.9993246
0.9999832,0.15803602,0.99982643,0.69673,0.99946517,-0.19361463,-0.8309429,0.99936426
0.99998546,0.20727304,0.91405094,0.5804281,0.9997969,-0.13008282,0.9952426,0.99999183
0.9999835,0.13681515,0.9997989,0.6821173,0.9994596,-0.2496867,-0.8345184,0.99927527
0.9999899,0.22856578,0.96878874,0.7678382,0.9998048,-0.23238277,0.99093735,0.99928945
0.99998623,0.13135174,0.99980664,0.73134696,0.9993879,-0.2970962,-0.8248333,0.999198
0.9999888,0.21385287,0.94468224,0.6181184,0.9998407,-0.1538585,0.9925634,0.9999612
0.99998873,0.20476188,0.9494935,0.70022273,0.99983203,-0.1673352,0.9934141,0.9999818
0.9999864,0.16249558,0.99982435,0.70507,0.99957496,-0.17844763,-0.8276639,0.99943936
0.9999841,0.21745716,0.9019283,0.6472208,0.9997312,-0.13834918,0.99639726,0.9999452
0.9999797,0.13675414,0.9997849,0.5840461,0.9995517,-0.18056908,-0.8377857,0.99927634
0.99998575,0.14945504,0.9998023,0.716792,0.9994999,-0.25133294,-0.8260242,0.9993064
0.9999865,0.23575544,0.96208555,0.73895556,0.9998319,-0.20212455,0.99320614,0.9999997
0.9999837,0.12665206,0.9998024,0.71373653,0.9994558,-0.28238055,-0.82753134,0.9993199
0.99998826,0.21999823,0.92876434,0.69949317,0.9998025,-0.20362252,0.99514943,0.99999976
0.99998707,0.19487034,0.9437896,0.53443885,0.9998676,-0.14963011,0.99100316,0.9999851
0.999986,0.21754007,0.9576255,0.6340371,0.9998375,-0.16594853,0.9909472,0.99927604
0.99998343,0.20780303,0.83531576,0.38665697,0.99984246,0.021858666,0.99712485,0.99999523
0.9999897,0.19895929,0.9315198,0.6476482,0.99984366,-0.1688304,0.99401456,0.9999494
0.9999881,0.19600594,0.93359804,0.54182637,0.9998212,-0.14811032,0.99171853,0.9999901
0.9999837,0.12662685,0.99978083,0.62558717,0.99950874,-0.20974928,-0.8378733,0.99926144
0.9999903,0.22963469,0.9494262,0.79867387,0.9997871,-0.24915357,0.9956962,0.9991922
0.9999781,0.10800282,0.9997902,0.6037621,0.9995551,-0.22418398,-0.8355037,0.99929106
0.9999777,0.118075125,0.99981475,0.6241878,0.99942505,-0.24160434,-0.8420454,0.99910915
0.99998856,0.23092462,0.9469743,0.70479417,0.9997716,-0.20543346,0.99402535,0.9991077
0.9999826,0.1620995,0.9998276,0.76930743,0.99935126,-0.2544432,-0.82886577,0.9994997
0.9999871,0.16576879,0.9998339,0.6851429,0.9995403,-0.17480938,-0.82964814,0.9993362
0.9999883,0.20649162,0.9098135,0.5275277,0.9998476,-0.09135146,0.995129,0.9999326
0.99998313,0.16110909,0.9998402,0.786597,0.9992078,-0.31239542,-0.82688874,0.99925554
0.99998933,0.20735434,0.9296057,0.6849788,0.99979067,-0.21938094,0.99499947,0.9998337
0.9999848,0.17429604,0.99984735,0.7917698,0.9994168,-0.28407264,-0.822249,0.9992891
0.99998975,0.22186959,0.94655496,0.70533925,0.9998299,-0.21804039,0.9938965,0.9991972
0.9999812,0.14717093,0.99981445,0.64643157,0.9994526,-0.20898853,-0.83684677,0.99933654
0.9999849,0.113214515,0.9997853,0.6980929,0.9994383,-0.27817798,-0.83275247,0.9992593
0.9999851,0.12051439,0.99980897,0.68444735,0.9995649,-0.22085889,-0.83079076,0.99929297
0.99998826,0.21969764,0.9473534,0.7470716,0.9997971,-0.21543488,0.9947195,0.9999925
0.99998647,0.22864436,0.9515287,0.7351761,0.9998161,-0.19718982,0.9946535,0.99933773
0.99998623,0.11737995,0.9997785,0.6781068,0.9993375,-0.27603436,-0.83515584,0.9992389
0.999989,0.20891191,0.93249416,0.5063885,0.99986356,-0.13269779,0.992786,0.9994333
0.99999124,0.2337504,0.96801347,0.81751806,0.9997161,-0.3090012,0.9917348,0.999907
0.99998724,0.17526676,0.9998302,0.8044821,0.999349,-0.30354196,-0.8215735,0.99938136
0.9999865,0.19944921,0.9522412,0.6460449,0.99981755,-0.20892565,0.9914961,0.9990776
0.999986,0.19395596,0.9110958,0.41842178,0.9998549,-0.046235975,0.99403507,0.9993296
0.9999845,0.21588439,0.9041009,0.61291116,0.9998279,-0.08732992,0.9961126,0.9999728
0.99998856,0.19900422,0.888229,0.4713682,0.9998219,-0.08381123,0.9954607,0.99938905
0.9999902,0.22908196,0.95067203,0.7470411,0.9998285,-0.23038772,0.99389595,0.99920243
0.9999861,0.16401793,0.99983853,0.74653685,0.9994432,-0.24653587,-0.82505333,0.9993472
0.9999874,0.105859965,0.9997894,0.6579009,0.9994971,-0.23360965,-0.8313148,0.9992773
0.9999874,0.16974875,0.9998303,0.7549277,0.99947256,-0.24478325,-0.8218581,0.9994331
0.99998415,0.19445817,0.9118986,0.5548241,0.9998412,-0.05482523,0.9953672,0.999376
0.99998814,0.20324065,0.9291996,0.5582783,0.99981105,-0.18223421,0.9914742,0.9993362
0.9999876,0.15878569,0.9998385,0.77961254,0.9994266,-0.28103575,-0.8245281,0.99928814
0.9999847,0.20695399,0.94447285,0.65425956,0.99983704,-0.09807811,0.99481696,0.9999298
0.9999857,0.15691899,0.99982995,0.70425177,0.9995561,-0.20194109,-0.82864296,0.99930054
0.9999867,0.16541618,0.99980706,0.7419255,0.99948615,-0.2407953,-0.8223417,0.9994838
0.9999892,0.22370686,0.9612216,0.7623848,0.99980694,-0.2670289,0.99230206,0.999948
0.9999875,0.20880891,0.9235852,0.66451246,0.999825,-0.1565154,0.99560827,0.99936604
0.99998593,0.16142675,0.9998208,0.72572005,0.9995353,-0.22975588,-0.823179,0.9993155
0.99998504,0.15379171,0.99982905,0.7303313,0.99937135,-0.24590746,-0.8330802,0.99917394
0.99998695,0.16067751,0.99982387,0.7653843,0.9994167,-0.27951148,-0.8250166,0.9994257
0.9999856,0.16575383,0.9998348,0.75418186,0.99941736,-0.24607141,-0.82522887,0.999378
0.99998915,0.20323727,0.9376878,0.6535399,0.99984294,-0.13346252,0.99438846,0.9998417
0.99998486,0.17599103,0.9998311,0.73980165,0.9994317,-0.22692332,-0.82421875,0.999462
0.9999891,0.15171103,0.99979705,0.6809294,0.9995108,-0.23661453,-0.8267844,0.999207
0.99998534,0.12628086,0.99979043,0.6486542,0.9994325,-0.2540521,-0.8369911,0.9992119
0.9999902,0.2557378,0.9749918,0.7835144,0.99979544,-0.25190347,0.98754674,0.9993523
0.99998516,0.16638681,0.9998034,0.6728095,0.9995122,-0.21952346,-0.8323551,0.99931085
0.99998236,0.14638908,0.9998335,0.7586919,0.99944013,-0.28989375,-0.8306627,0.99922836
0.9999882,0.22953463,0.9465987,0.7343503,0.9997907,-0.274935,0.99373096,0.9998459
0.9999861,0.114375554,0.99975616,0.6601094,0.9994677,-0.2603756,-0.8339138,0.9993348
0.9999887,0.23166782,0.9582884,0.6722163,0.999822,-0.156447,0.9930861,0.99988693
0.9999906,0.22417729,0.96770453,0.7642032,0.9998067,-0.2545827,0.99045265,0.9998298
0.9999881,0.20865607,0.93840647,0.6453815,0.999814,-0.15739791,0.99351203,0.99993837
0.9999856,0.1650731,0.9998476,0.8284072,0.9993041,-0.3692412,-0.8181068,0.99925244
0.99998784,0.21686214,0.95110685,0.72869015,0.99979526,-0.18485521,0.9943024,0.9998191
0.99998546,0.18872887,0.9998559,0.8135908,0.99935955,-0.28398624,-0.8183459,0.9993513
0.99998784,0.15474807,0.9998081,0.70528996,0.99947673,-0.24229434,-0.82891613,0.9993109
0.9999881,0.16171204,0.99982953,0.7400119,0.9994465,-0.21378471,-0.8271322,0.9993893
0.99998975,0.21326236,0.91957414,0.65741324,0.9998069,-0.2010782,0.99563295,0.9991687
0.9999879,0.13981506,0.99978876,0.65355,0.99949,-0.22237246,-0.829162,0.9992342
0.99998593,0.19300783,0.9459835,0.6026558,0.9998242,-0.15029266,0.9907794,0.999324
0.9999819,0.12617517,0.9997933,0.5865233,0.99952614,-0.18510634,-0.83969784,0.99929047
0.99998504,0.21616471,0.9073571,0.6792408,0.9998218,-0.09396399,0.99685365,0.99921554
0.99998975,0.22873166,0.9737375,0.77847207,0.9998248,-0.24135563,0.98847103,0.9993213
0.99998116,0.10181078,0.9997421,0.44610348,0.9996133,-0.12440967,-0.84108955,0.9993385
0.9999806,0.12814045,0.9998132,0.7078625,0.99950516,-0.24832155,-0.83036256,0.9992905
0.99998856,0.23241362,0.9678898,0.71302056,0.99982476,-0.23390651,0.9890116,0.9998659
0.99998975,0.20346,0.940637,0.62014467,0.99985546,-0.16693223,0.9930872,0.9998477
0.99998873,0.22038834,0.9553905,0.76553684,0.99981856,-0.2196307,0.994158,0.99997205
0.999986,0.15022075,0.9998281,0.76446086,0.9994648,-0.2926534,-0.82514465,0.9992918
0.99997884,0.16384585,0.99984646,0.7675874,0.99936914,-0.28882357,-0.82628816,0.9992226
0.9999839,0.1905765,0.8722221,0.45286965,0.9998329,-0.05345227,0.99607795,0.99982053
0.999988,0.13371481,0.9998191,0.7365738,0.9993204,-0.2750489,-0.82998335,0.9992294
0.9999877,0.17484084,0.99982494,0.80670536,0.9993311,-0.3215073,-0.8200965,0.99939597
0.9999894,0.2094711,0.944975,0.6270461,0.9998421,-0.13980043,0.9929552,0.9993355
0.99998087,0.15339506,0.999831,0.69883335,0.9994295,-0.2105313,-0.83326644,0.99927074
0.9999893,0.20500022,0.9473456,0.5940584,0.9998547,-0.1230571,0.99173856,0.9992749
0.9999843,0.12773328,0.99980736,0.70623296,0.9995229,-0.2542556,-0.83025074,0.9992454
0.9999867,0.21360476,0.9337787,0.65198046,0.9998265,-0.18231831,0.99388903,0.99929637
0.9999854,0.108504936,0.9997565,0.540943,0.9995685,-0.16586903,-0.8315029,0.99935305
0.9999861,0.15455857,0.9998128,0.6965647,0.99940896,-0.253367,-0.8315453,0.9992646
0.99998325,0.13510042,0.9997868,0.71235716,0.9994736,-0.28304258,-0.82988137,0.99929965
0.99998415,0.14064136,0.9998353,0.7178939,0.9994517,-0.26850858,-0.8324717,0.99918073
0.9999864,0.16505109,0.9998268,0.72629356,0.9994845,-0.22404726,-0.82756907,0.99931544
0.99998105,0.14119352,0.9998136,0.6993793,0.9994295,-0.27800137,-0.83360696,0.9991711
0.99998677,0.21999253,0.9105048,0.66464984,0.9998149,-0.14092933,0.9963136,0.99996805
0.9999902,0.19994321,0.937481,0.6550176,0.99983174,-0.15172967,0.9942004,0.9993545
0.9999836,0.2078543,0.9200801,0.6210258,0.999819,-0.14032544,0.99538636,0.99917394
0.99998486,0.12718138,0.999812,0.72078323,0.9993227,-0.27723774,-0.83162916,0.99927217
0.9999871,0.23790762,0.9277558,0.6964866,0.9998437,-0.14045769,0.99549824,0.9992926
0.99998415,0.14925519,0.9998108,0.7211472,0.99945015,-0.23874749,-0.82962865,0.9994213
0.999985,0.130347,0.9997989,0.7064953,0.99949884,-0.2775769,-0.82482576,0.99925435
0.9999889,0.21444777,0.9505446,0.71532285,0.999834,-0.19473185,0.9939802,0.999278
0.9999882,0.16275309,0.9998254,0.781616,0.99934644,-0.3043834,-0.8229112,0.9992451
0.999988,0.14554535,0.9998096,0.7192601,0.99945575,-0.26037276,-0.8244483,0.99936974
0.99998635,0.17332858,0.99983394,0.777413,0.99942136,-0.28893262,-0.82368463,0.9993416
0.99998647,0.20248288,0.92091465,0.59012425,0.9997823,-0.1768281,0.99378353,0.99933714
0.9999886,0.20306277,0.9289764,0.5659986,0.9997984,-0.15723947,0.9933638,0.999393
0.9999824,0.13934039,0.99980783,0.6795932,0.9995637,-0.20100817,-0.82654965,0.99941856
0.99998134,0.11981167,0.9998203,0.73655415,0.9993886,-0.2968198,-0.8318751,0.9991834
0.99998486,0.22991025,0.95370716,0.70221496,0.9998247,-0.17494433,0.9937557,0.9999745
0.99998385,0.15426259,0.9997844,0.6766517,0.9994764,-0.24375637,-0.83256584,0.9993154
0.9999861,0.14081876,0.9997944,0.6978363,0.9994881,-0.25780886,-0.83059627,0.99929106
0.99998856,0.17940465,0.9998234,0.7850964,0.9992606,-0.29684395,-0.82099205,0.999371
0.99998343,0.15517583,0.99981886,0.7477442,0.999352,-0.2765099,-0.8264615,0.99938744
0.99998474,0.118490726,0.9997718,0.62223935,0.9994387,-0.25457382,-0.84168917,0.9990413
0.99998677,0.14285694,0.9998132,0.6988778,0.9994917,-0.21865496,-0.82740796,0.99945825
0.99998814,0.16734795,0.99982804,0.77188355,0.99932814,-0.2994565,-0.8228812,0.9992785
0.9999853,0.1696768,0.9998388,0.769784,0.99936736,-0.2722163,-0.83243877,0.9993012
0.99998665,0.14577845,0.99982303,0.6919346,0.9995419,-0.22319116,-0.8301958,0.99918836
0.9999862,0.16239339,0.99981785,0.7513058,0.9993116,-0.29561478,-0.8277334,0.99928683
0.9999883,0.20074914,0.93899006,0.62012136,0.99981713,-0.16717596,0.99358964,0.999985
0.9999814,0.14439538,0.999817,0.61132157,0.9995141,-0.18095408,-0.83649474,0.9992174
0.99998695,0.2059593,0.9541083,0.5796658,0.99979246,-0.17072867,0.98928446,0.9992336
0.9999888,0.21144322,0.9377641,0.63297427,0.9998022,-0.1430389,0.9941609,0.99932975
0.9999812,0.12777734,0.9998205,0.6635109,0.9994774,-0.20889889,-0.8356325,0.9991598
0.99998385,0.117707185,0.9998059,0.61963636,0.99949294,-0.19829524,-0.8318255,0.999292
0.999988,0.15414687,0.99981695,0.70610344,0.9995045,-0.2528404,-0.8329887,0.9992152
0.9999804,0.11440132,0.9997898,0.61724496,0.9994898,-0.23727179,-0.84245807,0.99911785
0.9999875,0.18682271,0.99985456,0.83119047,0.9994302,-0.30138636,-0.8144876,0.9994566
0.99998295,0.2028931,0.9216882,0.39498818,0.999824,-0.05895086,0.99195296,0.99999934
0.99998575,0.20631966,0.9526224,0.6957793,0.9998312,-0.14698187,0.9925982,0.9998349
0.99998224,0.15656182,0.99982864,0.69384193,0.9993525,-0.24607886,-0.8350215,0.9991677
0.99998075,0.12431059,0.9998197,0.65547466,0.99950504,-0.21160392,-0.83726716,0.99919575
0.99998665,0.2177405,0.9446486,0.7109395,0.9998209,-0.1670062,0.9950973,0.99933624
0.9999887,0.2143431,0.93457377,0.62056696,0.99982446,-0.17184068,0.9944293,0.99926025
0.9999859,0.15296766,0.99981886,0.76487267,0.99945635,-0.30474034,-0.8271979,0.9993047
0.99998224,0.15749192,0.9998096,0.7074617,0.9994791,-0.23981397,-0.8321573,0.9992754
0.9999897,0.19978938,0.94165033,0.65187186,0.9998182,-0.19531101,0.9921973,0.9999725
0.9999887,0.22336686,0.95654964,0.70748574,0.9998313,-0.21350665,0.9922597,0.9993841
0.999986,0.23220305,0.9486503,0.7275722,0.99980485,-0.15495604,0.99484223,0.99946946
0.99998605,0.15710251,0.99981743,0.7897021,0.99925363,-0.3091792,-0.82048,0.9994782
0.9999874,0.20424274,0.94638616,0.6392988,0.99985397,-0.12528332,0.9931614,0.99936014
0.99998814,0.18275124,0.99982744,0.78441083,0.9994612,-0.2687538,-0.817127,0.9994453
0.99998647,0.13951333,0.99981976,0.77264667,0.9993779,-0.33906096,-0.8262596,0.99917954
0.999986,0.14713961,0.9998041,0.66502345,0.99953,-0.18192933,-0.828139,0.999419
0.99998647,0.2172637,0.9224347,0.7394228,0.99979013,-0.18905883,0.99653107,0.99936485
0.9999854,0.21714838,0.94562006,0.6593168,0.9998275,-0.16581967,0.9941155,0.9991469
0.99998796,0.12533979,0.9997641,0.6090728,0.9995716,-0.18132168,-0.83116364,0.999395
0.99998003,0.123612486,0.9997882,0.6086106,0.9994774,-0.18821152,-0.83639294,0.9993249
0.99998945,0.21893188,0.9645412,0.675204,0.9998074,-0.19716653,0.9886488,0.99939054
0.9999858,0.20243376,0.9443318,0.6334198,0.9997805,-0.18243603,0.9918397,0.9994508
0.99998194,0.1650398,0.9998426,0.7029,0.9995003,-0.19259992,-0.83031595,0.99929553
0.9999837,0.15772681,0.99980927,0.72654194,0.9993859,-0.28298223,-0.8292999,0.99918956
0.99998426,0.13903001,0.99981993,0.7037884,0.99947006,-0.23828058,-0.83158404,0.9992248
0.99998486,0.1796293,0.9998526,0.8145795,0.999306,-0.34763095,-0.8207754,0.9991044
0.99998486,0.20143,0.87892425,0.4283136,0.9998515,-0.017718181,0.99600023,0.99995345
0.9999854,0.12638213,0.99979925,0.69088423,0.99949795,-0.25152758,-0.83167344,0.9993212
0.99998605,0.17001767,0.9998402,0.70045626,0.9994803,-0.19032148,-0.82695436,0.9993428
0.99998564,0.13377635,0.99979913,0.6240581,0.99959964,-0.20208941,-0.8311336,0.9991491
0.999985,0.20287244,0.94393706,0.6523578,0.9997905,-0.15721852,0.9937751,0.9992561
0.9999855,0.15215966,0.9997895,0.66812015,0.9994258,-0.2379028,-0.8360177,0.999269
0.9999868,0.15260877,0.999829,0.7660344,0.9994356,-0.266359,-0.8235483,0.99932885
0.99998695,0.17341724,0.999837,0.8304516,0.9993596,-0.34156448,-0.8161204,0.9994522
0.9999843,0.12607275,0.99978626,0.6310197,0.9995297,-0.21444221,-0.83634007,0.99927926
0.99998987,0.2070955,0.9451709,0.5910739,0.9998326,-0.19868083,0.9899131,0.9991642
0.9999886,0.12575763,0.9997758,0.62867725,0.99958235,-0.18764485,-0.829544,0.99932665
0.99998724,0.19903609,0.92093164,0.5977173,0.99982405,-0.16209842,0.9940087,0.9999843
0.99998385,0.1321219,0.9997918,0.61585355,0.9995344,-0.17721628,-0.8379626,0.9992974
0.9999886,0.22435907,0.9233192,0.69413394,0.9998329,-0.17286071,0.99589944,0.99995923
0.9999877,0.146577,0.9998096,0.7192493,0.99956286,-0.22631757,-0.81973183,0.9994563
0.99998814,0.15039136,0.99979794,0.6776092,0.9994357,-0.21943475,-0.8248596,0.99934703
0.9999866,0.17846091,0.99984515,0.8037689,0.9994221,-0.31446114,-0.8194678,0.99928606
0.9999896,0.19227724,0.9293452,0.51318985,0.9998426,-0.14709267,0.9924918,0.9992827
0.9999856,0.15006015,0.99981296,0.713493,0.99945384,-0.25824696,-0.83358026,0.9992814
0.99998975,0.20693387,0.93297255,0.61700344,0.9997849,-0.16687246,0.9941387,0.99986106
0.9999828,0.111903675,0.9997642,0.5984751,0.9995786,-0.2480318,-0.83620185,0.9991865
0.99998957,0.21674989,0.9464549,0.68555945,0.99983263,-0.18896902,0.99393094,0.9993161
0.99998397,0.113965936,0.9997534,0.578833,0.99954057,-0.22202545,-0.83631563,0.99916476
0.9999885,0.2223171,0.9430568,0.7017322,0.9998084,-0.21373206,0.9940209,0.9998502
0.99998474,0.20817332,0.89970016,0.5068813,0.9998637,-0.030952867,0.9958192,0.9993443
0.99998635,0.2032638,0.9170979,0.66517746,0.9998466,-0.16671398,0.9959274,0.999242
0.9999866,0.20938496,0.94243854,0.56119734,0.9998168,-0.16256511,0.99196947,0.9991789
0.9999899,0.23277394,0.9545665,0.7981427,0.99978036,-0.26180285,0.9942057,0.9993621
0.9999906,0.23813708,0.95445853,0.79512876,0.9998023,-0.25640482,0.9948129,0.99938506
0.9999899,0.21747117,0.9478581,0.658858,0.9998445,-0.15134534,0.99212503,0.9993423
0.99998105,0.13337643,0.9998219,0.70805705,0.999457,-0.22197786,-0.8311788,0.99942553
0.99998605,0.21337925,0.9280415,0.5946057,0.9998143,-0.124861225,0.9945724,0.99986374
0.9999858,0.1254869,0.99979615,0.68821764,0.99952847,-0.23162258,-0.83112675,0.999354
0.99998975,0.22410521,0.9732112,0.7399956,0.999861,-0.22097166,0.9889853,0.9998703
0.9999852,0.20426938,0.94850516,0.6214111,0.9998387,-0.14922054,0.9921957,0.99977994
0.99998456,0.11936818,0.99980336,0.6925372,0.99946177,-0.26352748,-0.82837117,0.99931246
0.99998575,0.13573109,0.9997994,0.61711305,0.99950147,-0.17731279,-0.8342415,0.99926364
0.99998605,0.11147223,0.99975055,0.6399232,0.9995253,-0.257577,-0.82797945,0.9993452
0.9999865,0.22210234,0.90424484,0.68315434,0.999815,-0.1483783,0.99692976,0.99996173
0.9999867,0.1426488,0.9998221,0.74903566,0.9994617,-0.269118,-0.82816374,0.9993143
0.99998856,0.21367155,0.9423954,0.6039403,0.9998345,-0.18285638,0.9924452,0.9993866
0.9999877,0.23126704,0.94451207,0.7892687,0.99981207,-0.2013923,0.99645275,0.9999606
0.9999866,0.15829849,0.9998101,0.7222016,0.9994773,-0.23334578,-0.82741714,0.99942726
0.99998915,0.22984934,0.9546978,0.7668955,0.9997798,-0.243284,0.9934882,0.9998087
0.9999849,0.14815243,0.99978775,0.6700964,0.99938774,-0.27101532,-0.8353832,0.9993082
0.9999869,0.15077542,0.9998101,0.6770353,0.99953014,-0.19294138,-0.8246589,0.99941826
0.9999848,0.12048127,0.999793,0.61794984,0.9995356,-0.17594722,-0.8326525,0.9993133
0.99998397,0.1530967,0.9998296,0.77391434,0.999291,-0.30314162,-0.8231441,0.99924934
0.9999854,0.14712419,0.999817,0.6978204,0.99951845,-0.21435395,-0.8262626,0.99933946
0.9999827,0.104297854,0.99976474,0.5618832,0.9995131,-0.21103452,-0.8340119,0.9992672
0.9999888,0.20598885,0.88398373,0.49211988,0.99981,-0.104517266,0.9959574,0.9999391
0.99998236,0.12876694,0.9998157,0.6358731,0.9995774,-0.17004934,-0.83071834,0.9992553
0.99998456,0.14913082,0.9998317,0.7446687,0.9995062,-0.22603247,-0.8230769,0.9994101
0.9999863,0.12257711,0.9997967,0.71927357,0.9995081,-0.24936591,-0.8306033,0.99942434
0.9999833,0.15766598,0.9998405,0.7625333,0.9994491,-0.2861232,-0.8254018,0.9991803
0.99998325,0.21537048,0.89825505,0.6571565,0.9998022,-0.07546517,0.9970308,0.99926555
0.9999873,0.14330247,0.9997927,0.7418121,0.9994871,-0.27490908,-0.82139075,0.99938375
0.99998486,0.12893774,0.99982786,0.6844994,0.999395,-0.24880153,-0.83704984,0.99901175
0.999982,0.13913555,0.9998147,0.6901891,0.99938697,-0.2556701,-0.8310469,0.9990986
0.99998486,0.123178184,0.9997859,0.61873907,0.99945337,-0.17726593,-0.836799,0.9993496
0.9999857,0.14511982,0.9998149,0.72094643,0.99945086,-0.25524884,-0.82906413,0.9992472
0.9999849,0.19993418,0.95007676,0.60540116,0.99981,-0.1300607,0.9915652,0.9993504
0.999986,0.1274995,0.99980414,0.658095,0.99952877,-0.21337675,-0.83462274,0.9992891
0.99998283,0.1523129,0.99982727,0.7256131,0.99934715,-0.26894552,-0.82944363,0.99915224
0.9999862,0.18462878,0.89721763,0.43717447,0.99977314,-0.08416604,0.9941707,0.99945194
0.9999836,0.23373418,0.9451776,0.7715254,0.9998219,-0.1576158,0.99646837,0.9999477
0.9999863,0.14155501,0.9998114,0.71171486,0.9994692,-0.21890408,-0.82847077,0.99936175
0.9999848,0.13065784,0.9997875,0.5243878,0.9995779,-0.1512381,-0.8392074,0.99913174
0.9999879,0.15670212,0.99980503,0.7209213,0.9993938,-0.29440647,-0.8347346,0.99920005
0.999988,0.2142136,0.93401754,0.69750494,0.99975693,-0.24354754,0.9938228,0.9998649
0.99998367,0.11012712,0.99976987,0.5744552,0.99952954,-0.22600125,-0.83892757,0.9991955
0.99998623,0.21265748,0.93242466,0.6572657,0.9998121,-0.16564116,0.9950183,0.9998666
0.9999865,0.14742507,0.9998144,0.71971476,0.9994811,-0.2621901,-0.83345115,0.999232
0.99998665,0.1542686,0.999813,0.7482,0.99948996,-0.2516599,-0.8242165,0.9994223
0.999989,0.24415272,0.9664409,0.76934135,0.99976724,-0.2414861,0.99268055,0.9999768
0.99998486,0.11813637,0.99980897,0.6702686,0.9994977,-0.21786752,-0.83440393,0.99926233
0.9999881,0.21284123,0.90929216,0.63417184,0.9998285,-0.1527597,0.9957553,0.99984133
0.999984,0.21232863,0.8335899,0.4103253,0.99980503,-0.03916309,0.99662143,0.99999976
0.9999882,0.21492288,0.9132857,0.5768117,0.99979407,-0.13195424,0.99479157,0.999297
0.9999856,0.15400898,0.9998334,0.789569,0.9993062,-0.30085978,-0.82391465,0.99933773
0.9999847,0.22236836,0.93650573,0.73383665,0.99982166,-0.16915494,0.99587727,0.9998609
0.9999906,0.2114789,0.9456446,0.6112431,0.99983513,-0.1505406,0.9927662,0.9999609
0.99998695,0.2050865,0.90927577,0.5460515,0.999805,-0.11210118,0.99479836,0.99949557
0.9999865,0.21036905,0.945329,0.69125724,0.9998301,-0.16910812,0.99434644,0.99968374
0.99998957,0.23312753,0.965589,0.8015075,0.9997948,-0.26990494,0.9922835,0.99986696
0.99998605,0.20532934,0.95001316,0.6856801,0.9998281,-0.13288544,0.9939389,0.99928254
0.9999898,0.24170393,0.97099596,0.77372426,0.99981654,-0.2367839,0.9915097,0.99987024
0.99998564,0.1521901,0.9998048,0.70542943,0.9993971,-0.25042602,-0.8288921,0.99935925
0.9999881,0.21579072,0.9173379,0.5656862,0.99984276,-0.14856164,0.9951999,0.99938744
0.99998796,0.22546677,0.9635664,0.74767303,0.9998169,-0.21521002,0.9913911,0.99926597
0.99998313,0.13215649,0.9997958,0.62546945,0.9996243,-0.16675891,-0.8318867,0.9993994
0.99998444,0.16253342,0.999826,0.76565707,0.9993088,-0.29285896,-0.8250829,0.99931604
0.999986,0.19265005,0.9602018,0.6151539,0.99986064,-0.18349344,0.9897472,0.99921906
0.99998736,0.14036447,0.9997861,0.63695204,0.99955946,-0.20340298,-0.8299504,0.99934554
0.9999898,0.22671215,0.96354353,0.69974613,0.99981755,-0.238928,0.9913377,0.9994953
0.9999872,0.21596093,0.9435843,0.50331575,0.9998642,-0.07895727,0.992076,0.9999281
0.99998736,0.1552546,0.99982,0.7464342,0.99943596,-0.26575893,-0.82837677,0.9993961
0.99998605,0.21277508,0.8975524,0.6728381,0.999813,-0.1329675,0.99709445,0.9999677
0.999987,0.18247502,0.9998129,0.7146162,0.9993986,-0.24606806,-0.8255887,0.99930584
0.99998766,0.21446128,0.9437884,0.62760156,0.99982667,-0.16356537,0.9933332,0.9994137
0.9999881,0.21842614,0.9312959,0.651282,0.99979895,-0.18344139,0.994381,0.99975747
0.9999888,0.20575938,0.92768157,0.62982583,0.999833,-0.14797539,0.99455863,0.99930197
0.9999898,0.2072332,0.9501267,0.6102916,0.99985546,-0.14811249,0.9917435,0.9998411
0.9999878,0.20979595,0.91915405,0.6338147,0.9998013,-0.12214067,0.99442065,0.9999993
0.99998945,0.2271627,0.96500146,0.7765224,0.9997678,-0.2747918,0.9918689,0.9993192
0.9999873,0.20258455,0.9206743,0.59366953,0.9998354,-0.11849641,0.9949058,0.9999665
0.9999855,0.211685,0.93496156,0.62265384,0.9998031,-0.21797681,0.9934856,0.999979
0.9999864,0.17074864,0.9998175,0.71934974,0.9995053,-0.22857372,-0.8234699,0.99925876
0.99998474,0.14794439,0.9998055,0.750996,0.9993816,-0.2770109,-0.8263217,0.9994539
0.9999834,0.13637795,0.9997974,0.6774093,0.9995207,-0.23905593,-0.8299098,0.9992663
0.9999833,0.14776465,0.99979,0.5906967,0.9994847,-0.18588737,-0.83633584,0.999179
0.9999908,0.21209887,0.9692297,0.76781064,0.99978656,-0.27742517,0.98831016,0.9992493
0.99998665,0.13841641,0.9997947,0.64702946,0.99952394,-0.197613,-0.83164936,0.9994118
0.9999912,0.21716143,0.9537327,0.66988206,0.9998116,-0.2191636,0.9916255,0.99982053
0.9999871,0.20286052,0.9316538,0.6039873,0.9998496,-0.1476932,0.9944573,0.9999505
0.9999832,0.14647986,0.9998326,0.73969775,0.9994121,-0.2639284,-0.8272663,0.99933934
0.99998355,0.15404864,0.99982244,0.760337,0.9993845,-0.28132376,-0.82887363,0.9993745
0.99998397,0.17266592,0.99983466,0.77184,0.99945974,-0.2964383,-0.81977904,0.99923253
0.99998885,0.1930619,0.9219272,0.45824155,0.9998198,-0.1313711,0.9931377,0.99926686
0.99998456,0.15857379,0.9998308,0.7410021,0.99933,-0.2535943,-0.83217704,0.9992829
0.9999818,0.115668334,0.99975365,0.5032565,0.9994913,-0.16511326,-0.84428674,0.99918866
0.9999833,0.2124191,0.9133549,0.6665174,0.99982953,-0.10873031,0.9963061,0.99998885
0.9999888,0.21971673,0.9470161,0.65026575,0.9998694,-0.10610939,0.9949168,0.99934447
0.999984,0.13867466,0.999829,0.6786371,0.999426,-0.24015072,-0.8341259,0.9991141
0.9999878,0.26638117,0.9655394,0.8294705,0.99978846,-0.23602493,0.99531096,0.9998548
0.9999879,0.21777418,0.94334567,0.64819723,0.99982405,-0.15879801,0.99368846,0.9999996
0.999988,0.22028235,0.9677608,0.7211563,0.9998702,-0.16523837,0.9921164,0.9999511
0.99998534,0.12024874,0.99977547,0.6096138,0.9994439,-0.22958095,-0.8400182,0.99919313
0.999989,0.21047239,0.937474,0.6205034,0.99981797,-0.14805542,0.9942872,0.9999865
0.99998695,0.14494242,0.9998005,0.7345364,0.99939173,-0.29304418,-0.8317771,0.999297
0.9999839,0.16578017,0.99982375,0.72310853,0.9993944,-0.2510927,-0.83118963,0.99923193
0.99998474,0.18770368,0.91945815,0.4819319,0.9998081,-0.12269284,0.99208,0.9998125
0.9999836,0.15161337,0.9998231,0.7124177,0.9993881,-0.21880579,-0.8321569,0.99931484
0.99998504,0.2111418,0.8989206,0.558617,0.99984854,-0.06718931,0.99563354,0.9999784
0.9999859,0.20543292,0.8927535,0.54635453,0.9998532,-0.054118197,0.99640775,0.9998734
0.9999858,0.18835022,0.9998409,0.7307342,0.99940103,-0.19825378,-0.8258103,0.99942464
0.99998385,0.13638575,0.9997974,0.6362817,0.9995616,-0.19410338,-0.8339702,0.9993614
0.9999885,0.23589712,0.9565111,0.74734277,0.9998349,-0.19113874,0.99404126,0.9997534
0.99998254,0.14865083,0.99982184,0.6632165,0.9995269,-0.1784754,-0.82990134,0.9993288
0.9999902,0.20615065,0.93025446,0.49890485,0.9998224,-0.15417255,0.9915905,0.99938625
0.99998254,0.1726604,0.9998412,0.74325055,0.9993611,-0.2435544,-0.82948285,0.9993994
0.9999831,0.12749182,0.9997967,0.65795493,0.9994044,-0.20411387,-0.8345771,0.9993405
0.99998903,0.15892954,0.9998308,0.7667817,0.9995098,-0.256888,-0.8177238,0.99935186
0.9999899,0.22968191,0.9450529,0.7726855,0.9998281,-0.2445585,0.9949622,0.99923754
0.9999869,0.2148625,0.9524969,0.63463473,0.9998528,-0.14260308,0.9925156,0.9999454
0.99998474,0.16015099,0.99982125,0.7315969,0.9995248,-0.21690269,-0.825941,0.9994742
0.99997973,0.13377437,0.9997916,0.60421,0.9994783,-0.1903468,-0.83921653,0.9992745
0.9999876,0.214264,0.91830605,0.6412518,0.999851,-0.12705848,0.99622846,0.9993365
0.9999876,0.14758871,0.99980533,0.6533783,0.9995391,-0.19500066,-0.83055264,0.9993095
0.9999878,0.13238625,0.99976724,0.65351415,0.9994764,-0.2003401,-0.83034635,0.99946517
0.9999831,0.11789207,0.9997654,0.5921643,0.99931544,-0.22840987,-0.8443343,0.9991362
0.99999,0.20485167,0.9458353,0.6047709,0.9998186,-0.1911784,0.9917704,0.99985075
0.9999871,0.2444405,0.9710246,0.78262365,0.9998347,-0.23074365,0.99048835,0.99998236
0.999989,0.163121,0.99983305,0.7672551,0.99934167,-0.2708571,-0.8253064,0.9993112
0.99998033,0.117151864,0.9997825,0.5385134,0.99962085,-0.11374864,-0.83406466,0.99937654
0.99998426,0.09851662,0.999783,0.5588308,0.999522,-0.18451007,-0.836439,0.99918634
0.9999842,0.1389246,0.9998044,0.64456356,0.99951345,-0.22679572,-0.8353518,0.9990873
0.9999827,0.21910597,0.8763176,0.53525263,0.99979967,-0.0591176,0.9966034,0.9992276
0.99998564,0.19832245,0.93375266,0.5244222,0.9998486,-0.14273359,0.9930613,0.9998667
0.9999878,0.2047974,0.9437167,0.63345766,0.9998322,-0.17333415,0.99388784,0.999945
0.9999813,0.12791105,0.99980843,0.64166087,0.99945635,-0.22235565,-0.8406247,0.9992059
0.9999838,0.12681346,0.999794,0.6021167,0.99951524,-0.18959406,-0.8387088,0.9993227
0.9999857,0.15831523,0.99979866,0.6614227,0.9995661,-0.1925229,-0.82810396,0.99938494
0.9999844,0.11348462,0.99979615,0.6740091,0.99953,-0.21236606,-0.8312887,0.999484
0.99998266,0.17175977,0.9998456,0.7572045,0.9994024,-0.24878573,-0.82520133,0.99932957
0.99998844,0.17765684,0.930369,0.52497476,0.9998501,-0.12746476,0.99180675,0.9999698
0.99998665,0.19724359,0.91284645,0.5310704,0.9998185,-0.102078475,0.9941302,0.99915373
0.999987,0.21200429,0.93125236,0.666291,0.99981755,-0.17536291,0.99494076,0.99934465
0.9999812,0.120577954,0.999761,0.58419156,0.9994799,-0.22377658,-0.83771646,0.9992572
0.9999904,0.22376916,0.95399255,0.7096014,0.99981517,-0.21350609,0.9928852,0.9998756
0.9999867,0.22648093,0.9382208,0.75187236,0.9998022,-0.13528955,0.996503,0.99998194
0.99998516,0.14863357,0.9998171,0.71143824,0.9994437,-0.24177007,-0.8311682,0.99930507
0.9999905,0.21369259,0.96837425,0.63586646,0.9998565,-0.17956373,0.9861071,0.9992984
0.999987,0.14550492,0.99981093,0.73095495,0.99952483,-0.27241787,-0.82500285,0.9992952
0.99998367,0.1192975,0.99977386,0.59051025,0.99944425,-0.18512824,-0.83708245,0.99927825
0.99998605,0.21354713,0.9332889,0.65896505,0.9998206,-0.14262004,0.9956826,0.99921876
0.9999894,0.21934015,0.95380616,0.7168519,0.99984366,-0.18282683,0.99343383,0.9999616
0.9999892,0.2025955,0.9328863,0.6505198,0.99979776,-0.16927077,0.9950149,0.99939024
0.99998724,0.21658476,0.9271249,0.6725373,0.9998204,-0.18250057,0.9949052,0.9992606
0.99998254,0.1353401,0.9997698,0.624581,0.9994726,-0.20493782,-0.8346369,0.99944043
0.9999879,0.18313245,0.9244333,0.46645072,0.9998549,-0.09335717,0.99288446,0.99999106
0.9999875,0.21080035,0.93761134,0.6718657,0.99981916,-0.14892821,0.99426925,0.9998056
0.9999877,0.13061422,0.9997767,0.71607506,0.999472,-0.29466876,-0.82326233,0.9993513
0.99998707,0.21758163,0.95428544,0.6785509,0.99981046,-0.17757474,0.99198335,0.9992978
0.9999904,0.19574903,0.9244656,0.59661734,0.99981385,-0.12764157,0.99318266,0.9999764
0.9999836,0.12675837,0.9997995,0.6523695,0.99942523,-0.21782026,-0.83812636,0.9994197
0.99998945,0.2169691,0.93680024,0.7107903,0.99981767,-0.18928647,0.99494344,0.9998389
0.9999903,0.2278406,0.9282235,0.7689439,0.9998024,-0.19770229,0.99632055,0.9993009
0.9999893,0.20901902,0.89527476,0.6604271,0.99980384,-0.14463717,0.99659395,0.9992519
0.9999852,0.20645592,0.9132402,0.5883316,0.9998134,-0.10344139,0.9948521,0.9998428
0.9999877,0.22194815,0.9167515,0.6595892,0.9998045,-0.13971667,0.99626786,0.9998523
0.99998134,0.12582177,0.9997925,0.65028363,0.99944776,-0.23226713,-0.8363754,0.99933636
0.99998766,0.20984197,0.930561,0.6683424,0.9998547,-0.14402524,0.99501204,0.9994179
0.9999895,0.23757568,0.97261226,0.7700763,0.9998367,-0.23336335,0.9879922,0.9999474
0.99998975,0.15483291,0.9998194,0.7419009,0.99937725,-0.25937986,-0.82352626,0.9993856
0.99998635,0.12960605,0.9998043,0.73939,0.9994348,-0.2573266,-0.825267,0.9994149
0.99998766,0.20524246,0.93857324,0.63394374,0.9998443,-0.15090956,0.994036,0.9998549
0.99998933,0.23743302,0.97429246,0.74808145,0.99979943,-0.259236,0.9877242,0.99929136
0.99998647,0.20619808,0.9272464,0.68184435,0.99980754,-0.18630068,0.9952665,0.9999827
0.9999869,0.19695215,0.94437015,0.6889398,0.999843,-0.14908338,0.9930196,0.9998551
0.9999857,0.19143347,0.9998448,0.72797346,0.9994958,-0.2283904,-0.82412267,0.9991447
0.9999893,0.19165175,0.92718494,0.5841987,0.99984246,-0.12124451,0.9943518,0.99915034
0.9999879,0.19612409,0.9447618,0.53578615,0.9998292,-0.11624005,0.9914121,0.9992801
0.9999842,0.13009542,0.99981433,0.7212857,0.99943703,-0.25138104,-0.82991946,0.99933517
0.999985,0.22647166,0.93275404,0.7485788,0.9998069,-0.15595381,0.99664515,0.99941605
0.9999841,0.13858238,0.99978364,0.57453066,0.99954677,-0.19153929,-0.8379523,0.9991572
0.99998856,0.24080506,0.97281027,0.75502455,0.99984175,-0.19190657,0.9913055,0.9993806
0.99998766,0.21839249,0.9325994,0.6957321,0.999805,-0.18453877,0.99527395,0.99998224
0.99998176,0.12955718,0.9997952,0.5960498,0.9995297,-0.18731274,-0.8383943,0.9992661
0.999984,0.12686126,0.9997943,0.61035323,0.9995074,-0.15072258,-0.8378712,0.9994315
0.99998456,0.16305,0.999844,0.79752016,0.9992901,-0.2994764,-0.8228885,0.9993041
0.9999889,0.22193198,0.9382842,0.7604683,0.9997938,-0.1999383,0.9953253,0.9993201
0.9999868,0.16392574,0.999826,0.7311119,0.9994438,-0.2433707,-0.82534206,0.9993942
0.99998546,0.13851072,0.99978054,0.58405495,0.99951553,-0.18763109,-0.8379532,0.99931294
0.9999888,0.20821303,0.91824365,0.64704925,0.9997627,-0.20120174,0.99481326,0.99936134
0.9999854,0.1503091,0.99980694,0.66717935,0.99953055,-0.21213645,-0.831106,0.9993403
0.9999858,0.1453991,0.9998068,0.69595337,0.9993519,-0.21733646,-0.83255863,0.9993194
0.9999887,0.22145596,0.9500495,0.7565472,0.9998084,-0.21301037,0.99449235,0.9995237
0.9999835,0.13628113,0.999818,0.73378986,0.9993729,-0.28227758,-0.8318337,0.99915534
0.9999885,0.14927791,0.99980974,0.69745874,0.9994985,-0.20336841,-0.82025856,0.9994672
0.99998665,0.17821683,0.9998363,0.7840918,0.9995067,-0.28128976,-0.8181637,0.99934506
0.9999812,0.13976869,0.99980205,0.6190827,0.9994474,-0.17005748,-0.8384704,0.99933445
0.99998945,0.22151418,0.969801,0.7543505,0.99982816,-0.25198534,0.9891546,0.9999988
0.99998343,0.20542732,0.8596669,0.5022782,0.99982786,-0.060323276,0.99654776,0.9993318
0.99998796,0.15220338,0.9998104,0.70113456,0.9994095,-0.24180812,-0.8296829,0.9992135
0.999986,0.14237444,0.9998082,0.75211614,0.9993549,-0.29785278,-0.8268814,0.9993991
0.9999841,0.17456289,0.999858,0.8131252,0.99924153,-0.2968512,-0.8207338,0.999371
0.99998605,0.15638776,0.9998194,0.73837304,0.9994442,-0.25424698,-0.823841,0.99933696
0.99998814,0.25853097,0.9417754,0.8274458,0.9997412,-0.2684963,0.9966783,0.999381
0.9999898,0.23404105,0.9577155,0.7807832,0.99977005,-0.2482707,0.9932616,0.9995802
0.9999865,0.1263369,0.99977183,0.6469581,0.99962336,-0.21138903,-0.8255083,0.9994
0.9999798,0.11048738,0.99978256,0.5860745,0.9995329,-0.21303168,-0.8356129,0.9993289
0.9999833,0.09377418,0.9997467,0.5304287,0.9994306,-0.19924295,-0.8421092,0.9992374
0.9999888,0.19973257,0.9489673,0.5872686,0.9998499,-0.14553331,0.9908364,0.9999927
0.99998796,0.110010624,0.9997727,0.67095673,0.9995479,-0.25833887,-0.8290638,0.99918026
0.99998546,0.15119752,0.9998085,0.6470827,0.9993556,-0.24447556,-0.8338734,0.99912786
0.9999836,0.13299948,0.9998201,0.7491744,0.99947506,-0.28078714,-0.8273856,0.9992991
0.9999871,0.14753959,0.9998231,0.75873935,0.9993624,-0.26741728,-0.8269415,0.9992625
0.9999835,0.1509746,0.99982476,0.71553785,0.9993871,-0.25762787,-0.83044815,0.9992343
0.9999856,0.14126827,0.9997962,0.67248964,0.9994865,-0.23057613,-0.83299947,0.999205
0.9999898,0.19912675,0.9105387,0.49495518,0.99982923,-0.120381705,0.99273074,0.999865
0.99998707,0.17931609,0.9998195,0.75611055,0.9993629,-0.25811633,-0.82242256,0.9994502
0.9999827,0.13521722,0.9998033,0.67634547,0.99950147,-0.26146653,-0.8321931,0.99922705
0.999986,0.14271286,0.9998292,0.70529544,0.99948865,-0.23119119,-0.82789713,0.99923015
0.9999856,0.21609092,0.90752256,0.53729737,0.99983567,-0.08818489,0.9953587,0.9992624
0.99998164,0.13807386,0.9998167,0.66516995,0.9994448,-0.18680963,-0.8313793,0.9994403
0.99999064,0.22413333,0.9503167,0.664565,0.99983037,-0.19160007,0.99158204,0.999852
0.9999812,0.15896453,0.99981314,0.68100363,0.99944365,-0.24666514,-0.836176,0.9993331
0.99998254,0.13200337,0.9998192,0.6317841,0.9994705,-0.1874113,-0.8333817,0.9992789
0.9999866,0.13754931,0.99980795,0.67133284,0.99949044,-0.22728184,-0.8323581,0.9991996
0.9999855,0.20359355,0.9104904,0.54737633,0.9997939,-0.09556819,0.99494374,0.9994572
0.9999865,0.2035642,0.9173581,0.6242439,0.99980307,-0.16045609,0.9956006,0.99937886
0.99998873,0.20120183,0.99983764,0.7948767,0.9994066,-0.25742993,-0.81749666,0.9993991
0.9999842,0.117160566,0.9997645,0.5103195,0.9995796,-0.13882592,-0.83857065,0.99924976
0.9999849,0.16563968,0.99982005,0.71452856,0.9994525,-0.22397526,-0.8271752,0.9994381
0.99998695,0.21496208,0.846223,0.45640224,0.9998348,-0.05185973,0.9967596,0.99909174
0.99998873,0.23148878,0.95646685,0.76334465,0.9997776,-0.23062895,0.993224,0.99940467
0.9999902,0.20298171,0.9539098,0.6087017,0.99983275,-0.17225856,0.9899536,0.99998355
0.99998766,0.19986168,0.9405722,0.6128888,0.9998188,-0.11868185,0.9942471,0.9991684
0.9999828,0.14267129,0.99979216,0.6254441,0.9995132,-0.17057754,-0.8292082,0.9994548
0.99998957,0.14754154,0.9998116,0.7067766,0.9995158,-0.22735763,-0.82389957,0.99932957
0.99999005,0.23241548,0.96569204,0.72249585,0.99980277,-0.20562233,0.9899781,0.9994589
0.999991,0.23551197,0.9534737,0.8013862,0.9997959,-0.2674563,0.9948204,0.99996114
0.9999864,0.12824993,0.99981576,0.6720098,0.999483,-0.2143287,-0.8330656,0.99925745
0.9999859,0.21652818,0.9253581,0.6296458,0.9998355,-0.118411414,0.9955549,0.9993931
0.99998873,0.23117626,0.9567599,0.71467173,0.99980384,-0.26132488,0.99186856,0.99998796
0.999981,0.15350312,0.9998304,0.65428525,0.99954534,-0.17625315,-0.8338483,0.99939036
0.9999785,0.10731933,0.9997916,0.5594337,0.9994936,-0.22202937,-0.8404653,0.99906915
0.99998605,0.17091152,0.99982494,0.72490025,0.9994712,-0.2172575,-0.82383114,0.99940884
0.9999889,0.21435292,0.93267584,0.68798757,0.99985105,-0.14260031,0.99509215,0.9991666
0.9999855,0.14510252,0.9998019,0.6897216,0.9995033,-0.2524357,-0.83177984,0.9992326
0.99999,0.21161209,0.9635179,0.7723425,0.9997941,-0.2584007,0.9921165,0.9999993
0.99998695,0.20950957,0.9133494,0.60062814,0.999835,-0.12696022,0.9954427,0.99987066
0.9999844,0.14939985,0.9998286,0.6623019,0.9995376,-0.17992905,-0.8341453,0.9992492
0.9999899,0.19804336,0.93749285,0.5626715,0.99980867,-0.15733545,0.9914397,0.9992935
0.999986,0.14128643,0.99980414,0.6811657,0.99951017,-0.21039918,-0.82952017,0.9993292
0.9999821,0.15027641,0.99983805,0.7216092,0.99946845,-0.2513064,-0.8297537,0.9991865
0.99998903,0.2131451,0.94768673,0.65815246,0.9997886,-0.21561699,0.9929748,0.9991973
0.9999863,0.22186103,0.9262088,0.65638745,0.9998492,-0.14125921,0.99511397,0.99985856
0.9999837,0.16139701,0.9998208,0.66664934,0.9994394,-0.21666895,-0.8362584,0.9993028
0.9999861,0.113796,0.99977165,0.55916077,0.9995429,-0.17105097,-0.8348913,0.99931383
0.9999889,0.19996072,0.9364339,0.64891154,0.9998014,-0.18544939,0.99343914,0.99984264
0.99998516,0.1662308,0.9998328,0.7393061,0.99948996,-0.23337218,-0.8284714,0.99929774
0.99998933,0.22009654,0.96224445,0.7137059,0.9997943,-0.21175537,0.9903676,0.9995193
0.9999844,0.1377504,0.9998136,0.68809617,0.99950224,-0.22332712,-0.8304318,0.9992891
0.99998754,0.2189727,0.9580201,0.7192582,0.99979347,-0.20883815,0.99165,0.999931
0.99998605,0.21241984,0.93256,0.5490502,0.999848,-0.10461921,0.9936101,0.99935263
0.99998516,0.2225357,0.9469771,0.72044235,0.9998212,-0.17177708,0.9947017,0.9999333
0.999986,0.12292157,0.9997703,0.6533942,0.9993816,-0.26097494,-0.83712524,0.9992796
0.9999887,0.22337112,0.9505456,0.718681,0.99983716,-0.18786915,0.99374306,0.99997
0.99998957,0.2328103,0.95839196,0.74171615,0.99983454,-0.17849962,0.993348,0.99925995
0.99998987,0.22362381,0.9361563,0.7030257,0.99984926,-0.15795438,0.99561733,0.99997556
0.99999213,0.21388641,0.9696183,0.74218845,0.9997805,-0.29268295,0.98849505,0.9998371
0.9999842,0.10634887,0.999789,0.6678748,0.99948376,-0.2526138,-0.8313581,0.99933344
0.99998844,0.21010217,0.918203,0.58697736,0.999843,-0.12215625,0.99546283,0.9999708
0.9999894,0.20875499,0.92372996,0.64802027,0.99973935,-0.18691239,0.99358934,0.99931735
0.99998677,0.17596954,0.999835,0.80180126,0.999362,-0.29789525,-0.81824285,0.9994416
0.9999853,0.118427254,0.999763,0.51657903,0.9995224,-0.14612971,-0.83474934,0.99934155
0.99998486,0.13578147,0.99978894,0.69312346,0.9994843,-0.2776359,-0.8304403,0.9992977
0.9999874,0.18612605,0.99983954,0.82575357,0.9993057,-0.35904554,-0.8190043,0.99926907
0.9999896,0.18649718,0.94575197,0.59462416,0.99978465,-0.20458847,0.98855937,0.9998219
0.999987,0.217273,0.95771396,0.5841313,0.99985373,-0.13809897,0.9903562,0.9991965
0.9999809,0.12635653,0.99981487,0.7355406,0.9994141,-0.27979463,-0.83230513,0.9992488
0.99998397,0.12587444,0.99978083,0.65173125,0.999477,-0.25372195,-0.83561945,0.99918234
0.99998343,0.15628825,0.99982667,0.69554925,0.9994479,-0.2538435,-0.833164,0.9992291
0.9999829,0.14405285,0.9998036,0.6596433,0.9994643,-0.19802064,-0.834073,0.9993463
0.9999875,0.21076658,0.9316372,0.6127628,0.9998095,-0.16152468,0.99357384,0.999294
0.99998784,0.2095511,0.93971455,0.65164995,0.99981934,-0.16972542,0.99308974,0.9992998
0.99998856,0.21786031,0.9356885,0.73085314,0.99978113,-0.22604157,0.9954267,0.99926203
0.99998665,0.14291593,0.9997759,0.65072393,0.9995195,-0.25734907,-0.83098066,0.99918616
0.9999855,0.14793256,0.9998151,0.72195363,0.99936616,-0.29379925,-0.8322636,0.9991476
0.9999885,0.22025801,0.9452902,0.6667784,0.9998053,-0.19147146,0.9926281,0.9998182
0.9999811,0.1396478,0.9998201,0.6939174,0.999507,-0.21603006,-0.8323766,0.9993841
0.99998665,0.16581765,0.9998194,0.7366843,0.9994492,-0.27386802,-0.8286395,0.9991012
0.9999869,0.1647995,0.99983144,0.72149706,0.99949,-0.22864707,-0.8236191,0.999309
0.9999881,0.2141552,0.9554229,0.67173004,0.9998325,-0.15067293,0.9925847,0.9999992
0.9999806,0.12589234,0.9997779,0.6103528,0.99954504,-0.22434506,-0.83471805,0.99926287
0.9999841,0.10164302,0.99977267,0.6267905,0.9994813,-0.21883294,-0.8337232,0.99937713
0.9999885,0.13791199,0.999806,0.75583255,0.9994645,-0.2811571,-0.8262339,0.99929804
0.9999879,0.20810995,0.93944633,0.65593094,0.9997744,-0.1911236,0.99469346,0.9999845
0.9999888,0.21324825,0.92112833,0.6695237,0.9997843,-0.17937845,0.9951819,0.9993227
0.9999859,0.2175041,0.8936841,0.6104773,0.99981445,-0.115368195,0.99722403,0.99927473
0.9999851,0.20579569,0.9261994,0.6001115,0.99983376,-0.13056172,0.994413,0.9994537
0.9999897,0.2261103,0.940321,0.72241366,0.9998317,-0.21497433,0.99508315,0.99937594
0.99998647,0.1389589,0.99979866,0.6499013,0.9995293,-0.20458844,-0.83318955,0.9993051
0.99998194,0.13164434,0.99981874,0.7511412,0.99940425,-0.29921338,-0.8277332,0.99933606
0.99998885,0.20587136,0.9512644,0.69257164,0.99983263,-0.22220598,0.991809,0.9998865
0.99998844,0.22096418,0.96166337,0.6851523,0.9998223,-0.18311036,0.9912749,0.9992584
0.99998397,0.12672071,0.9997674,0.4899515,0.9996131,-0.14851606,-0.8351348,0.99922276
0.9999878,0.14880456,0.99982476,0.72735775,0.99950033,-0.2512741,-0.8235143,0.9992938
0.9999876,0.15065114,0.99977726,0.6142662,0.9995808,-0.16728503,-0.8284983,0.9993072
0.9999851,0.1326481,0.99980015,0.62903786,0.99950033,-0.23641431,-0.8376807,0.99911225
0.9999909,0.21396999,0.96876276,0.69552505,0.99985623,-0.17277154,0.98985106,0.9993107
0.99998724,0.20621496,0.9008061,0.54362,0.99982697,-0.122045785,0.99505603,0.9999976
0.9999888,0.22983876,0.958057,0.7443203,0.999824,-0.2160693,0.99371886,0.9993515
0.99998736,0.15612215,0.99982643,0.74915946,0.99948096,-0.2521618,-0.8243227,0.99928653
0.99998534,0.13580875,0.9997949,0.6706041,0.99952096,-0.21625064,-0.8260437,0.99927455
0.9999863,0.20548509,0.9019824,0.5513006,0.99984556,-0.08186611,0.9957508,0.9999996
0.99998856,0.21022007,0.9206514,0.67159134,0.9998164,-0.16204742,0.9958404,0.9993886
0.9999883,0.2266125,0.96958494,0.6954706,0.9998545,-0.20655942,0.9885392,0.9999762
0.9999818,0.20073189,0.8717611,0.38065225,0.9998466,-0.028290648,0.99588126,0.99992967
0.99998176,0.12424595,0.99980104,0.6129597,0.9994577,-0.1998626,-0.838041,0.9992191
0.9999842,0.14629412,0.9998083,0.6843535,0.9993988,-0.25119284,-0.83242524,0.9992553
0.99998814,0.23509558,0.96288985,0.6845494,0.9998099,-0.27212125,0.98828036,0.9999766
0.999987,0.15179497,0.99979633,0.66961694,0.99952203,-0.22082813,-0.82890594,0.9993529
0.9999841,0.12577711,0.99976265,0.6233151,0.99956566,-0.20619476,-0.829344,0.9994663
0.99998814,0.23187622,0.96218896,0.74156004,0.9998051,-0.24720986,0.9924727,0.9999634
0.9999817,0.20157091,0.91355455,0.66568726,0.9998085,-0.16857965,0.9962968,0.99940735
0.99998635,0.21451695,0.9374851,0.6644199,0.999817,-0.12986669,0.9946261,0.99922645
0.9999868,0.20305726,0.93873453,0.4906856,0.99986076,-0.11278864,0.9917879,0.99994385
0.9999855,0.15085389,0.9997974,0.69532853,0.9994718,-0.27061898,-0.83285135,0.99921787
0.9999892,0.15651923,0.99980605,0.73127055,0.9994996,-0.2241612,-0.8174208,0.99947894
0.99998975,0.14401324,0.9998162,0.73971844,0.999447,-0.26450777,-0.82576096,0.999317
0.99998397,0.13338824,0.9997959,0.63663507,0.9995567,-0.21469884,-0.8306997,0.9993802
0.9999822,0.16335148,0.9998466,0.81257033,0.9993925,-0.34664112,-0.8216176,0.9992108
0.99998224,0.13701443,0.9998302,0.74740744,0.9995146,-0.25472534,-0.8264332,0.99934465
0.99998814,0.20960414,0.923047,0.6208767,0.99982846,-0.14385906,0.99461055,0.9993756
0.9999899,0.23726934,0.9614803,0.78194076,0.9998104,-0.18684287,0.9938369,0.9994796
0.9999866,0.20592117,0.9242507,0.56504786,0.99982554,-0.109321654,0.9950678,0.9998779
0.9999893,0.17729418,0.9998245,0.8232124,0.999273,-0.35731676,-0.8158789,0.9993773
0.99998796,0.21076348,0.9402365,0.6565807,0.99982554,-0.15610714,0.9944874,0.9998589
0.9999876,0.1877075,0.9428262,0.6082945,0.99984837,-0.18244946,0.9917999,0.9999771
0.9999832,0.11344955,0.99975675,0.5461145,0.9996247,-0.1567926,-0.83117586,0.99939543
0.9999869,0.20339854,0.9334036,0.49668214,0.9998648,-0.112673916,0.9915701,0.99932474
0.9999852,0.13938703,0.99981505,0.74589574,0.99937606,-0.29513434,-0.8303886,0.99927753
0.9999869,0.12685657,0.99980295,0.6099055,0.99953115,-0.16785264,-0.8314745,0.9992412
0.9999875,0.19603539,0.91714525,0.5868422,0.9998487,-0.107819535,0.99519926,0.99995303
0.99998593,0.20162618,0.94179213,0.4784825,0.9998397,-0.086433515,0.989737,0.9999665
0.9999863,0.16688393,0.99984074,0.7503836,0.99939746,-0.2567783,-0.8271794,0.9992212
0.9999849,0.15064779,0.9997927,0.65835345,0.99945086,-0.21777952,-0.83702284,0.99931574
0.99998826,0.21916592,0.96197915,0.65722704,0.9998137,-0.18942307,0.98812485,0.9992884
0.99998355,0.16167471,0.9998309,0.73932636,0.9995333,-0.242839,-0.81801885,0.99934727
0.9999855,0.130908,0.9997981,0.6490887,0.99952364,-0.1803417,-0.83399194,0.99946076
0.9999886,0.21188779,0.93010265,0.55027413,0.9998235,-0.16168778,0.9926714,0.99999154
0.99998736,0.14606068,0.99981785,0.7628806,0.9994108,-0.29056916,-0.82669884,0.99923277
0.9999859,0.14056484,0.9998017,0.708534,0.9994922,-0.22107024,-0.831274,0.9994516
0.999985,0.13399762,0.99978805,0.6556988,0.999512,-0.23678079,-0.8352493,0.999221
0.9999894,0.22217678,0.948856,0.6988546,0.9998273,-0.18171969,0.99304974,0.9993321
0.9999882,0.20812328,0.9396003,0.63794076,0.9998343,-0.1287493,0.99417955,0.99951315
0.99998266,0.14318256,0.99979097,0.5903996,0.9995465,-0.16933054,-0.83651483,0.99938214
0.9999874,0.2071372,0.93882006,0.61267424,0.9998177,-0.16115965,0.99347866,0.99921155
0.9999885,0.25330985,0.96992505,0.7685975,0.99985313,-0.18337157,0.99291724,0.99931395
0.9999874,0.16411546,0.9998037,0.745775,0.9994443,-0.27679062,-0.82274306,0.9993946
0.99998665,0.21123251,0.9229455,0.5868411,0.9998301,-0.10820792,0.9948143,0.9998508
0.9999884,0.20506498,0.9445055,0.642051,0.9998452,-0.16843438,0.99457294,0.999342
0.99998564,0.12362308,0.99980253,0.6719887,0.9995368,-0.2326863,-0.8337612,0.999211
0.99998623,0.2095885,0.94600606,0.7205644,0.999796,-0.2238983,0.9940649,0.9998336
0.99998456,0.16236638,0.9998124,0.71061486,0.99949497,-0.21945083,-0.8268455,0.9994002
0.9999884,0.21186809,0.9598251,0.6309353,0.99982613,-0.19451398,0.9883705,0.9994495
0.9999882,0.22813466,0.9524101,0.69501173,0.99983144,-0.19379452,0.99254614,0.99930173
0.9999886,0.13440318,0.99978656,0.6838888,0.99954885,-0.2577708,-0.829061,0.9992201
0.9999884,0.21283454,0.93784726,0.650733,0.99975455,-0.17375128,0.993118,0.9999933
0.99998754,0.19983219,0.9403531,0.5242753,0.9998315,-0.13056315,0.99153894,0.9993878
0.999988,0.23263164,0.9649398,0.7808839,0.9998159,-0.23919351,0.9931783,0.99988264
0.9999878,0.16890718,0.99982935,0.79454386,0.9995477,-0.2826838,-0.81344056,0.9993554
0.9999863,0.15122361,0.999814,0.7220653,0.99946874,-0.24715316,-0.82766765,0.9992867
0.99998146,0.09520624,0.9997492,0.42395025,0.99958247,-0.110043526,-0.83863306,0.9992862
0.9999848,0.15737957,0.9998435,0.7566335,0.9994189,-0.2657299,-0.82654536,0.99920255
0.9999894,0.21704929,0.940818,0.68908274,0.99978435,-0.17149346,0.99390113,0.9993393
0.9999855,0.16003013,0.9998363,0.7341522,0.99954224,-0.24207838,-0.8223615,0.9992993
0.99998945,0.21201704,0.9403315,0.68170536,0.9997996,-0.18588303,0.9936922,0.99984837
0.9999839,0.17584781,0.99983037,0.72342384,0.99943686,-0.2076755,-0.82569754,0.99942285
0.9999894,0.1993469,0.97080827,0.64096427,0.9998524,-0.17145015,0.9856648,0.9995085
0.9999922,0.21142745,0.95890725,0.67543364,0.99982876,-0.16888396,0.98972327,0.9999098
0.99998564,0.21341226,0.8981804,0.6076785,0.99978286,-0.13998471,0.9962463,0.99937665
0.99998647,0.20975405,0.9277361,0.6571475,0.9998415,-0.14438917,0.99514955,0.9993492
0.9999829,0.15238154,0.9997925,0.63640094,0.9994061,-0.2011646,-0.8381081,0.9993902
0.9999847,0.22324455,0.94610405,0.6917841,0.99983406,-0.16901477,0.9933428,0.9994319
0.9999882,0.22307439,0.96039987,0.6961162,0.9998223,-0.19570976,0.9917083,0.9992143
0.99998516,0.14836541,0.9998116,0.7189731,0.9994249,-0.24482447,-0.8262179,0.99943376
0.9999848,0.12524295,0.9998144,0.74336296,0.9993647,-0.3131841,-0.8301663,0.9990706
0.9999875,0.20095226,0.93531495,0.53506285,0.9998646,-0.1454817,0.9935661,0.99998343
0.99998975,0.222477,0.9425907,0.7388319,0.9997735,-0.23268853,0.99448526,0.99918824
0.9999872,0.23905574,0.9633665,0.7256212,0.99982,-0.20373118,0.99246484,0.9993284
0.9999856,0.13871865,0.99980825,0.6215878,0.9995574,-0.19706397,-0.8316925,0.99924195
0.99998564,0.19501129,0.9054083,0.4955341,0.9998217,-0.060883936,0.9954848,0.9993736
0.99998814,0.15646437,0.99981606,0.6985729,0.9995406,-0.22117189,-0.8225899,0.99935234
0.9999876,0.21031508,0.95438504,0.69604945,0.99985397,-0.15174323,0.9942815,0.99998003
0.9999815,0.10214154,0.99980533,0.6584536,0.99949837,-0.25770733,-0.8306572,0.99911463
0.9999863,0.15713158,0.99981296,0.7059589,0.9995161,-0.17966028,-0.82337123,0.99956983
0.99999046,0.23748924,0.9627977,0.7648537,0.9997219,-0.27519357,0.99096525,0.99995947
0.9999865,0.21188085,0.91363317,0.6264514,0.9998149,-0.14277291,0.99567825,0.99982685
0.9999802,0.14311463,0.9998402,0.7370919,0.9993914,-0.29386455,-0.8318962,0.99912643
0.9999869,0.15592529,0.9997838,0.69279385,0.9994862,-0.2449809,-0.8286879,0.99939513
0.9999872,0.22001263,0.96526253,0.7370585,0.99981236,-0.24120273,0.9911904,0.99908835
0.99998415,0.15151607,0.9998045,0.6824373,0.9995264,-0.2637396,-0.83503664,0.99911165
0.99998516,0.13943498,0.9998009,0.70503134,0.9994175,-0.26595274,-0.83050406,0.99923354
0.99998724,0.13992314,0.9998173,0.6593149,0.99961114,-0.20066385,-0.82511675,0.999138
0.9999866,0.16522335,0.9998443,0.74043965,0.9994541,-0.1969238,-0.8238686,0.9994028
0.9999886,0.23634304,0.96069854,0.7926945,0.9997941,-0.22163667,0.99417806,0.99922967
0.9999867,0.21534146,0.94606954,0.71735096,0.99982345,-0.19691415,0.9934452,0.99934274
0.99998736,0.20250048,0.8559655,0.38380665,0.99982184,-0.021640513,0.99573195,0.9992021
0.99998957,0.23573925,0.97037196,0.78456736,0.9998166,-0.22999589,0.99174327,0.99996346
0.99999005,0.20191391,0.90884405,0.6122855,0.99982446,-0.14814934,0.9954347,0.99983805
0.9999823,0.1446731,0.9998075,0.648356,0.9995133,-0.2233074,-0.8371334,0.9992265
0.9999875,0.12357689,0.99977505,0.60992265,0.99953806,-0.19436975,-0.8311093,0.9993298
0.9999872,0.21362318,0.9622404,0.65340436,0.9998096,-0.19812454,0.9894405,0.99986196
0.99998915,0.16101816,0.9997824,0.6331812,0.9995824,-0.1824923,-0.83209825,0.9993955
0.9999858,0.13445789,0.9997772,0.58353245,0.999495,-0.17945497,-0.83745545,0.99929315
0.9999841,0.14924198,0.99982035,0.651425,0.99945474,-0.19388577,-0.83309644,0.99921334
0.99998575,0.21233046,0.9287456,0.7348604,0.99979365,-0.1966189,0.99586457,0.9991948
0.99998766,0.21273613,0.9608774,0.71519506,0.99979013,-0.21370496,0.99114484,0.99935335
0.99998605,0.20497599,0.9444966,0.6747943,0.99978083,-0.22876409,0.9940818,0.9993583
0.9999838,0.08908057,0.9997322,0.40237752,0.9996388,-0.106636494,-0.83377993,0.999387
0.99998856,0.20209809,0.97257847,0.6038911,0.99983585,-0.2253642,0.9812286,0.9998877
0.9999854,0.13337523,0.99980575,0.6755598,0.9996035,-0.20135905,-0.82747495,0.9993291
0.9999901,0.22291417,0.9682011,0.7940049,0.999847,-0.22557344,0.9908858,0.99998844
0.99998647,0.12969653,0.99978405,0.6348614,0.99951947,-0.20180552,-0.83265644,0.9993592
0.9999868,0.2149781,0.95338684,0.7487894,0.99982256,-0.20730874,0.99337476,0.99998426
0.99998665,0.1608326,0.9998362,0.6758831,0.9995206,-0.17376414,-0.83214533,0.9992683
0.99998647,0.13920864,0.9997986,0.67573154,0.99946696,-0.22556801,-0.830459,0.9993909
0.99997884,0.09997067,0.9997784,0.6018999,0.9994827,-0.23722364,-0.83684564,0.9991803
0.9999891,0.2128414,0.92097133,0.5959711,0.9998399,-0.1290503,0.9947353,0.9999455
0.99998987,0.23337574,0.9336838,0.64342463,0.9998632,-0.11423009,0.9954215,0.9993076
0.9999898,0.18847667,0.99983025,0.8194516,0.9993721,-0.32257923,-0.81257606,0.9993733
0.9999852,0.15305404,0.9998259,0.7328317,0.99945086,-0.27118683,-0.83056664,0.9992662
0.9999895,0.21338347,0.9604521,0.66722953,0.99982524,-0.17839102,0.9895795,0.9992254
0.99998164,0.15123823,0.999833,0.7202401,0.999354,-0.23832475,-0.832664,0.9993182
0.99998707,0.20941463,0.90886366,0.618246,0.9998077,-0.13345836,0.9956778,0.99986935
0.99998957,0.16823211,0.9998402,0.8104077,0.9993257,-0.27221075,-0.81480974,0.99954146
0.9999845,0.20565158,0.8463732,0.49286276,0.9997838,-0.08267385,0.9971716,0.9993157
0.99998575,0.14434758,0.9998245,0.7042575,0.99943,-0.22143805,-0.8304051,0.99928945
0.9999847,0.17599443,0.999848,0.75086427,0.9993925,-0.22921011,-0.82753396,0.9993751
0.9999899,0.18585226,0.99985385,0.78506655,0.99942595,-0.24459352,-0.8167683,0.9993842
0.9999824,0.1818981,0.81388193,0.25323626,0.9998425,0.05045996,0.9963943,0.9992666
0.99998856,0.21668582,0.9499038,0.6454997,0.9998381,-0.13894962,0.99279183,0.9993093
0.9999891,0.21577607,0.9411618,0.7309463,0.99982965,-0.21903235,0.99541324,0.9998387
0.9999808,0.11142937,0.99978036,0.54441094,0.9995048,-0.18501636,-0.83763915,0.9993249
0.99998367,0.12038998,0.9998129,0.70504755,0.99950004,-0.21747892,-0.8302176,0.999442
0.99998873,0.19301993,0.9623946,0.6794111,0.99986964,-0.16286649,0.99187106,0.99914026
0.9999879,0.2248831,0.966895,0.68033457,0.9998176,-0.22624421,0.98935133,0.99985266
0.9999874,0.24136525,0.9490475,0.72122097,0.99977404,-0.20290913,0.9939682,0.9999992
0.999978,0.10731173,0.99976754,0.5231516,0.9995739,-0.20337646,-0.8416065,0.99915266
0.99998605,0.19408566,0.9369126,0.5006816,0.9998223,-0.11889084,0.9910958,0.9993337
0.99998796,0.2588579,0.9649516,0.8269484,0.9998033,-0.23970793,0.9951609,0.999981
0.9999809,0.097010076,0.99976486,0.5170658,0.9995226,-0.19784585,-0.84175384,0.9990504
0.99998724,0.19482353,0.9171586,0.6003548,0.99979144,-0.16482519,0.99425274,0.99996597
0.99998736,0.21553843,0.9552975,0.67368346,0.9998383,-0.173765,0.99219036,0.9993295
0.99998915,0.19836043,0.9579967,0.5579168,0.999843,-0.16948923,0.9863987,0.9999994
0.99998665,0.21367148,0.9236433,0.57923317,0.9998256,-0.122504614,0.9933027,0.99935
0.9999833,0.14544399,0.9998209,0.795169,0.9994412,-0.30542785,-0.81854296,0.99941283
0.9999855,0.14699711,0.9997882,0.5966946,0.99948126,-0.18264793,-0.8370007,0.9993277
0.99998254,0.14374547,0.9998016,0.6427027,0.99944407,-0.19322394,-0.83605134,0.9993592
0.9999809,0.11049097,0.9997672,0.63763016,0.9994133,-0.2627072,-0.8389062,0.9992517
0.9999888,0.21616724,0.9517475,0.7077028,0.99984914,-0.19352873,0.99352664,0.9999958
0.9999883,0.21274246,0.9330626,0.6387092,0.9998295,-0.11672831,0.9943594,0.99983364
0.99998814,0.18396235,0.999816,0.71642977,0.999526,-0.21590601,-0.8227043,0.99937713
0.9999841,0.15748999,0.9998437,0.7387763,0.99951726,-0.24353364,-0.8278184,0.99918544
0.9999896,0.25619698,0.9788483,0.8510419,0.999839,-0.27501896,0.993091,0.999179
0.9999888,0.22372955,0.94300497,0.6861582,0.99986625,-0.14688164,0.9946816,0.99991006
0.9999845,0.15369058,0.9998384,0.7641995,0.9993847,-0.28094172,-0.8233405,0.99918026
0.99998343,0.15632631,0.9998012,0.63690305,0.9996106,-0.18089072,-0.8339405,0.99939704
0.99998796,0.22193995,0.93983126,0.7095685,0.99983793,-0.16758509,0.99455893,0.999845
0.9999902,0.2074394,0.9694553,0.69402444,0.99983287,-0.21715334,0.9881854,0.99922794
0.99998784,0.17886081,0.99983627,0.82994026,0.9993384,-0.32650992,-0.81419116,0.9994401
0.999987,0.19502966,0.9375715,0.59336376,0.9998091,-0.15251443,0.99353236,0.9999995
0.99998677,0.17708111,0.99984515,0.7799209,0.9994471,-0.26363525,-0.8185843,0.99929565
0.99998575,0.14239319,0.99980015,0.68636703,0.9995526,-0.21975352,-0.8245389,0.9994313
0.9999862,0.15699491,0.9998011,0.64324486,0.99945,-0.20441146,-0.8368134,0.9993273
0.99998766,0.16236968,0.99979764,0.71051383,0.9994492,-0.22364804,-0.82703793,0.9994893
0.99998814,0.19796847,0.9561228,0.59436786,0.99981236,-0.16612881,0.9881257,0.9992925
0.9999874,0.20639935,0.9630449,0.60373116,0.9998871,-0.123128645,0.9893886,0.99940735
0.9999899,0.22794175,0.94975054,0.7240094,0.99979764,-0.18203586,0.99479264,0.99982494
0.99998677,0.23277168,0.93747306,0.7657176,0.9998281,-0.20775928,0.9967044,0.999236
0.9999849,0.11867396,0.99978,0.6150024,0.99957645,-0.20018394,-0.832874,0.9993647
0.9999828,0.16211511,0.99981296,0.6447396,0.99951345,-0.15705429,-0.8317275,0.9994483
0.9999873,0.2218188,0.8703766,0.6658486,0.99982107,-0.09646227,0.99751467,0.99932235
0.9999852,0.22797325,0.96234536,0.72727025,0.999805,-0.16205962,0.99176145,0.9999533
0.9999851,0.13205962,0.9997892,0.62452483,0.999459,-0.1808759,-0.8356218,0.9993474
0.9999843,0.16294019,0.9998318,0.7226449,0.99943686,-0.23136365,-0.82983744,0.9992845
0.9999881,0.21179111,0.9291472,0.6348625,0.99982595,-0.14342025,0.99459696,0.99997175
0.999986,0.18708627,0.99986535,0.799387,0.9991654,-0.27936634,-0.8224324,0.9992566
0.99999106,0.1944828,0.9623662,0.71756935,0.9998209,-0.23504089,0.9889699,0.9999724
0.9999833,0.12896025,0.9997788,0.60800314,0.9995324,-0.18587321,-0.8335349,0.9993356
0.9999845,0.140794,0.9998138,0.66881144,0.9995101,-0.18939684,-0.8316374,0.9993234
0.99998415,0.14054541,0.99980116,0.6936346,0.9994823,-0.23075971,-0.8341725,0.9994282
0.9999827,0.116828084,0.99979705,0.60260344,0.9996104,-0.1302408,-0.83529264,0.9993251
0.9999879,0.15494199,0.9998117,0.69444704,0.99949306,-0.19769734,-0.8256115,0.9993555
0.9999811,0.11374296,0.9998066,0.6669646,0.9995065,-0.25556725,-0.8376423,0.99915785
0.9999868,0.21001743,0.94855565,0.67314595,0.9998284,-0.16168928,0.99323636,0.9999705
0.9999876,0.14623217,0.99983144,0.7023181,0.99952257,-0.20496805,-0.8262724,0.9992991
0.9999865,0.19491614,0.916387,0.487899,0.9998433,-0.12591,0.9934368,0.99996847
0.9999893,0.21534263,0.94365317,0.7111226,0.999794,-0.19376798,0.9945918,0.99999934
0.99998266,0.174102,0.999838,0.77303684,0.9994042,-0.28378606,-0.8247183,0.9993825
0.99998635,0.17372808,0.99981457,0.76910585,0.9993408,-0.3134142,-0.82474184,0.9993092
0.9999867,0.20239507,0.94137925,0.65563405,0.99985296,-0.1783778,0.99417436,0.99922115
0.99998784,0.21629709,0.95562136,0.70083964,0.9998165,-0.19411391,0.9919158,0.99941564
0.9999904,0.19835135,0.93962145,0.6240859,0.9998409,-0.16376007,0.992554,0.9994399
0.99998647,0.21107644,0.90287656,0.63012743,0.9998251,-0.10221555,0.99702674,0.99920326
0.99998534,0.17541572,0.9998591,0.82107425,0.9992262,-0.33265054,-0.81557274,0.9992413
0.9999876,0.19583078,0.96620595,0.67245775,0.9998497,-0.2078113,0.9895614,0.9994724
0.99998695,0.1591435,0.99981725,0.681656,0.9994646,-0.21400374,-0.83291554,0.9992559
0.9999854,0.1187289,0.9997818,0.63974136,0.9995546,-0.210977,-0.8320155,0.99933535
0.9999841,0.20355281,0.92130506,0.65572333,0.9997843,-0.163144,0.9944952,0.9999766
0.9999856,0.10607505,0.9997635,0.612444,0.99951386,-0.17937481,-0.8303137,0.99947125
0.9999855,0.1437968,0.99978334,0.6126797,0.9995999,-0.17234531,-0.83192813,0.99941367
0.9999907,0.19474626,0.9120929,0.5258174,0.9998371,-0.10538928,0.99407667,0.9999816
0.9999877,0.23237838,0.95021504,0.7766623,0.99975854,-0.25038153,0.9929239,0.9997372
0.9999878,0.22106324,0.9642849,0.7174737,0.9997636,-0.24490014,0.989383,0.9999542
0.99998957,0.22319065,0.9473624,0.63386023,0.99983376,-0.14264715,0.99355936,0.9999901
0.999987,0.19221883,0.93674916,0.58891076,0.9997905,-0.14108402,0.99316305,0.999871
0.99998516,0.1481448,0.9998227,0.67931306,0.99946594,-0.19935147,-0.8321786,0.9993827
0.9999872,0.1503506,0.9998321,0.7746342,0.999437,-0.2848349,-0.82360464,0.9993056
0.99998826,0.20226942,0.92442805,0.6570431,0.9998241,-0.18743666,0.994782,0.99925214
0.99998546,0.12581198,0.9997766,0.65750295,0.99955374,-0.2530595,-0.833126,0.99924946
0.99998194,0.14807932,0.9998052,0.63447905,0.9995255,-0.1610963,-0.8336716,0.9993826
0.9999854,0.21688102,0.9406891,0.66645694,0.9998373,-0.14612754,0.99371487,0.9998399
0.99998623,0.16265067,0.99983686,0.71872723,0.99947935,-0.22523053,-0.82916963,0.99917454
0.99998647,0.15379219,0.9998203,0.72716546,0.99950165,-0.23590387,-0.82876205,0.9993269
0.9999893,0.15535101,0.999833,0.7760522,0.99942213,-0.3028869,-0.8213825,0.9992671
0.9999879,0.22369824,0.9224438,0.6235437,0.9998172,-0.1491502,0.99516803,0.9998634
0.9999898,0.20663682,0.9440841,0.67029613,0.9998328,-0.17855376,0.99364763,0.99998045
0.99998456,0.14826047,0.9998007,0.6713644,0.9994646,-0.20321175,-0.82959306,0.9993904
0.99998546,0.12028478,0.99977976,0.6565441,0.99950546,-0.23944667,-0.8347563,0.9992595
0.9999854,0.219041,0.91113913,0.7103418,0.9998095,-0.12118959,0.9971739,0.9998452
0.9999827,0.124560766,0.999797,0.6307709,0.99955374,-0.17039527,-0.8355119,0.9994104
0.9999867,0.15187158,0.99981445,0.6875229,0.999492,-0.23878387,-0.8319452,0.9992423
0.99998564,0.12773497,0.9998103,0.71014845,0.9994774,-0.2609012,-0.8298748,0.9992414
0.99998635,0.13205804,0.99979234,0.63268065,0.9995231,-0.1848702,-0.83672667,0.9992108
0.99998784,0.21716271,0.93972933,0.6371397,0.99979514,-0.18856399,0.99392503,0.999988
0.99998444,0.15704118,0.9997862,0.59952015,0.9995184,-0.20815903,-0.83897084,0.999248
0.99998313,0.1382291,0.9998115,0.59352726,0.9995098,-0.15583971,-0.83339363,0.99935675
0.99998444,0.12717283,0.9998167,0.6280936,0.99949074,-0.18601465,-0.8341931,0.99924326
0.9999838,0.13892001,0.99980724,0.6893658,0.99948794,-0.23709272,-0.83542955,0.99918944
0.99998605,0.15805927,0.9998065,0.6813606,0.99944216,-0.21789406,-0.83342475,0.9993552
0.99998224,0.14787336,0.9998274,0.68742126,0.99947715,-0.20751984,-0.83186066,0.999245
0.99998873,0.1856404,0.94730824,0.5675928,0.99982846,-0.17533454,0.98987865,0.99913067
0.9999866,0.14807002,0.9998059,0.6831713,0.9994892,-0.23685497,-0.8282443,0.99922764
0.999988,0.16851543,0.99980545,0.68954474,0.99959093,-0.20368154,-0.8201873,0.99941677
0.9999868,0.2200577,0.91608006,0.6397611,0.99984765,-0.07094187,0.99626523,0.9999795
0.99998534,0.1806669,0.9998281,0.73633504,0.99944264,-0.21997638,-0.82499206,0.9994198
0.999984,0.1593579,0.9998359,0.7472124,0.9994158,-0.28553063,-0.8332795,0.99916875
0.99998504,0.20632097,0.92878103,0.596257,0.9998445,-0.13881531,0.994027,0.99999934
0.9999858,0.17195591,0.9998298,0.7411572,0.99936813,-0.2572773,-0.8303187,0.9993309
0.99998605,0.14873102,0.9998191,0.72967833,0.9993879,-0.23622556,-0.8304117,0.9993276
0.9999867,0.1544045,0.9998316,0.7609487,0.99949086,-0.23180397,-0.8196005,0.999424
0.9999911,0.25814226,0.97892565,0.83476144,0.99978185,-0.3339313,0.9887807,0.9993524
0.9999872,0.21833314,0.9375624,0.6435336,0.99980956,-0.17051499,0.9940834,0.9998674
0.9999901,0.24400306,0.969335,0.83813125,0.9998131,-0.26380208,0.9938385,0.9994897
0.9999887,0.22785401,0.95890236,0.763345,0.9998196,-0.23249584,0.99223113,0.9992143
0.9999866,0.21959181,0.9512149,0.72448456,0.99980587,-0.17806715,0.99446636,0.99999255
0.9999884,0.1923873,0.93336165,0.5810847,0.9998527,-0.11689971,0.9935849,0.9993221
0.99998516,0.21602997,0.9259348,0.6665524,0.9998403,-0.15468746,0.9953059,0.9993014
0.9999886,0.24195102,0.9465075,0.7936381,0.9997707,-0.20411973,0.9964364,0.9992366
0.9999874,0.20769732,0.933332,0.6030432,0.9998155,-0.16588265,0.99349755,0.9993245
0.99998856,0.22458312,0.96971875,0.7738846,0.9997778,-0.29352605,0.9897209,0.999979
0.9999843,0.20358405,0.9408082,0.61486363,0.9998364,-0.15807593,0.9927958,0.99932456
0.9999892,0.23922755,0.9677192,0.7771864,0.9998132,-0.2593862,0.9927246,0.9999774
0.99998397,0.12581661,0.99979603,0.6533579,0.99949616,-0.22073597,-0.8334028,0.9992524
0.999988,0.1846422,0.9244525,0.5317766,0.9998366,-0.098663785,0.99300003,0.9998115
0.9999854,0.21909289,0.8998846,0.58880377,0.99984044,-0.10912993,0.9963703,0.9999817
0.9999886,0.20223562,0.93894184,0.5385933,0.99982035,-0.16296485,0.9918311,0.99999917
0.99998426,0.12948817,0.99977297,0.5962177,0.99959254,-0.18948148,-0.83573866,0.99933696
0.9999878,0.21028994,0.9340375,0.6822138,0.99979633,-0.17652844,0.99490553,0.9999495
0.99998546,0.19947785,0.87685394,0.5175104,0.9998181,-0.08099992,0.99617434,0.9992547
0.99998635,0.21544953,0.9171339,0.59565526,0.99986595,-0.110257,0.99595106,0.99920136
0.99998796,0.19663773,0.93763626,0.6692022,0.9997912,-0.22991641,0.9927637,0.9991825
0.9999825,0.20317061,0.8656343,0.5857482,0.9997979,-0.10744273,0.99659526,0.9992589
0.99998474,0.20470832,0.9207456,0.610301,0.9997889,-0.15265985,0.99523324,0.99994135
0.99998945,0.24390812,0.964758,0.80847704,0.9997959,-0.21756908,0.99402267,0.9994508
0.9999871,0.21332328,0.9169486,0.6098217,0.99978,-0.18097135,0.9948489,0.9999113
0.9999858,0.2214306,0.9241175,0.6617454,0.99984354,-0.13955389,0.9962209,0.99935955
0.99999046,0.23973243,0.9665704,0.77861583,0.9997506,-0.23229909,0.9916372,0.9993609
0.9999875,0.1404496,0.99979895,0.66865236,0.9995617,-0.20310353,-0.82762897,0.9994827
0.99999034,0.19336566,0.97163695,0.6409585,0.99983835,-0.2747398,0.98270607,0.9993865
0.99998665,0.19024783,0.91610706,0.61988676,0.9998417,-0.1278989,0.9949735,0.99997187
0.99998444,0.12876691,0.99981236,0.64891183,0.9995216,-0.19966736,-0.83653307,0.99914896
0.9999842,0.13470392,0.9998031,0.7010093,0.9995251,-0.20843478,-0.82540214,0.9995041
0.9999837,0.12768,0.9997801,0.60807836,0.99942434,-0.22112215,-0.84143865,0.9992054
0.99998695,0.134973,0.99981755,0.74360746,0.99942076,-0.30279595,-0.8283889,0.99913806
0.9999882,0.18944287,0.9246886,0.5846357,0.9998428,-0.10929932,0.99404246,0.9992149
0.9999887,0.17326903,0.9998434,0.7472383,0.999512,-0.24594761,-0.8222989,0.99933505
0.9999846,0.1415917,0.99981177,0.7259843,0.9994188,-0.2927213,-0.8316367,0.9992409
0.9999835,0.12437745,0.99977404,0.61311775,0.99954426,-0.18894209,-0.834078,0.99936664
0.99998677,0.19280294,0.9152674,0.5051185,0.99984163,-0.11158576,0.99305546,0.9998203
0.9999889,0.14196597,0.9997849,0.73285705,0.99940515,-0.26229486,-0.8274122,0.9994345
0.99998736,0.19934218,0.941223,0.6254221,0.999814,-0.19645685,0.9919847,0.9998211
0.999985,0.14820065,0.9998293,0.6994889,0.99936026,-0.21443245,-0.8352311,0.99935025
0.99998784,0.21850953,0.939816,0.5210956,0.9998535,-0.10203988,0.991715,0.9998273
0.99998546,0.14112164,0.99980205,0.6750703,0.99944246,-0.243753,-0.8317041,0.99933815
0.99998796,0.15330051,0.9998068,0.7423231,0.9994783,-0.2625435,-0.82144386,0.99930143
0.9999886,0.21350159,0.91258085,0.5767482,0.99981564,-0.1372108,0.99492013,0.99996656
0.9999855,0.14912966,0.9998168,0.6952424,0.9995693,-0.21882157,-0.82605433,0.99933213
0.99998784,0.21769468,0.9554163,0.7242999,0.9998323,-0.1861919,0.9934412,0.99943435
0.9999843,0.10918987,0.9997402,0.54111844,0.9996046,-0.17974864,-0.8289369,0.9993579
0.99998325,0.15512511,0.9998237,0.7659608,0.99943584,-0.2639565,-0.8232354,0.9994215
0.9999887,0.24045952,0.94029546,0.8233053,0.9998181,-0.22133274,0.9970222,0.99996626
0.99998516,0.15492864,0.9998115,0.7111743,0.9994901,-0.23752107,-0.8311054,0.9993226
0.99999,0.2343145,0.9683077,0.7146416,0.9998203,-0.23205872,0.98894143,0.9999741
0.99998957,0.1549727,0.9998062,0.7225243,0.99954057,-0.24068981,-0.82021385,0.99931556
0.9999878,0.21264422,0.9167438,0.6225382,0.99983567,-0.13021182,0.99470997,0.99937093
0.9999886,0.21578202,0.93720657,0.6844989,0.9998312,-0.13783975,0.99516535,0.9992534
0.999989,0.19130999,0.99983007,0.7688008,0.9994359,-0.24616675,-0.819346,0.99939996
0.9999855,0.13608746,0.9997947,0.63687027,0.9995001,-0.2099592,-0.8296931,0.9992146
0.99998826,0.23091392,0.92684925,0.744449,0.99981433,-0.1892242,0.9965165,0.9993641
0.9999862,0.2145106,0.92094755,0.6635258,0.9998305,-0.13929515,0.9956358,0.9994756
0.999987,0.16941231,0.9998312,0.7294941,0.999532,-0.22444357,-0.8249705,0.99934024
0.9999812,0.13876574,0.999829,0.74311113,0.9993759,-0.26483017,-0.8268111,0.9993221
0.99998575,0.14061664,0.99980396,0.6566682,0.9995519,-0.17565247,-0.8292228,0.9993528
0.99998695,0.2054742,0.92125744,0.54840726,0.999851,-0.054398872,0.9944285,0.99994516
0.99998313,0.13582341,0.999825,0.6803591,0.9994285,-0.22502768,-0.832765,0.99936056
0.9999895,0.21904875,0.9508164,0.7099318,0.99978733,-0.21982312,0.99342084,0.9999455
0.9999874,0.19155416,0.8920579,0.35788098,0.9998326,-0.057843246,0.9939906,0.9993803
0.99998325,0.09878147,0.99978936,0.56046206,0.9995333,-0.15679602,-0.8345721,0.999363
0.99998915,0.2081928,0.9488498,0.48853695,0.9998686,-0.07370153,0.98891366,0.9993145
0.99998736,0.21855399,0.93978506,0.6609628,0.99984515,-0.11954131,0.9950757,0.99937266
0.99998784,0.19637088,0.9515923,0.6029756,0.999858,-0.13867584,0.9891971,0.9994096
0.99998856,0.20150909,0.9473501,0.65229416,0.9998593,-0.19700825,0.9923915,0.99932617
0.9999853,0.20767213,0.94136,0.68243307,0.9998162,-0.1836424,0.9947402,0.99940157
0.99998593,0.19867194,0.89900255,0.627782,0.99983203,-0.14438926,0.99614215,0.999859
0.99998546,0.15649563,0.99982464,0.7141495,0.9994874,-0.1976986,-0.82216185,0.9995117
0.9999855,0.16854616,0.9998301,0.71942383,0.99950683,-0.22418822,-0.8239209,0.9993443
0.9999905,0.22176987,0.95401895,0.74126816,0.9997749,-0.28857118,0.9918287,0.99925965
0.99998623,0.15120722,0.9998127,0.6745014,0.9994731,-0.2222376,-0.8333689,0.9993245
0.9999849,0.15805933,0.9998159,0.73243487,0.9994069,-0.2681099,-0.82809645,0.99940896
0.9999866,0.12328584,0.9997842,0.69138014,0.9995001,-0.27754351,-0.82510835,0.9992872
0.999987,0.2207299,0.9103468,0.6886713,0.9997648,-0.17159934,0.99623764,0.99927396
0.9999893,0.22421628,0.95110637,0.70933354,0.9998057,-0.21191756,0.9938506,0.9993764
0.9999899,0.2064421,0.9112499,0.53519595,0.9998048,-0.14157271,0.9944031,0.99935555
0.9999778,0.11453323,0.99978834,0.5688133,0.99957347,-0.16936944,-0.8337699,0.9994154
0.99998856,0.21076252,0.9315795,0.6493367,0.99980766,-0.18175776,0.9944958,0.99985945
0.9999883,0.21983063,0.95740986,0.68628407,0.99978685,-0.20845085,0.9915796,0.9993158
0.9999835,0.15121302,0.9998195,0.6341127,0.9995664,-0.1408095,-0.8311074,0.99941576
0.9999836,0.21199003,0.9085183,0.6141089,0.9998308,-0.12478055,0.9953669,0.99937904
0.9999858,0.20510234,0.91152275,0.64145964,0.99979246,-0.14015827,0.9955727,0.9993627
0.99998844,0.20992672,0.9324009,0.62835866,0.9997796,-0.19607921,0.992892,0.99935263
0.9999897,0.23479956,0.9634474,0.79846454,0.99977684,-0.24701722,0.9935869,0.9999728
0.9999847,0.16881087,0.99985224,0.7327241,0.9994876,-0.19327587,-0.8234338,0.99928534
0.99998915,0.21997152,0.9533808,0.6951977,0.99984694,-0.20335715,0.9924826,0.999991
0.9999876,0.19697484,0.89583343,0.47164506,0.99985015,-0.11067604,0.9949353,0.99970883
0.9999857,0.19387333,0.9293199,0.560598,0.999823,-0.13828194,0.9932032,0.99984086
0.9999872,0.18810016,0.93203,0.54107153,0.9998018,-0.13722779,0.99195963,0.99997467
0.99998665,0.15258214,0.999806,0.7260265,0.9993516,-0.26346436,-0.8301134,0.9993076
0.9999881,0.13475417,0.99978757,0.7177879,0.9994681,-0.26419115,-0.8280706,0.99942744
0.99998385,0.190819,0.8924149,0.5002817,0.9998039,-0.078906395,0.9951903,0.9999836
0.9999828,0.122699924,0.99981606,0.632938,0.999562,-0.1514347,-0.8317727,0.9993722
0.99998534,0.15585068,0.9998157,0.64772075,0.99958754,-0.15187798,-0.8308747,0.9994229
0.99998534,0.1410459,0.9997928,0.7082871,0.99945045,-0.28138325,-0.8336531,0.9992913
0.9999843,0.14159146,0.99980515,0.67673695,0.999492,-0.18920018,-0.83260894,0.9994653
0.9999894,0.22676831,0.94127315,0.7324932,0.9997783,-0.24203129,0.99467367,0.9998695
0.9999863,0.12967506,0.99978524,0.6678362,0.9994897,-0.2275196,-0.82991946,0.9993273
0.9999863,0.20730375,0.9270589,0.55008745,0.999795,-0.1286718,0.9929993,0.9999726
0.99998534,0.14412194,0.9998157,0.6971302,0.9995402,-0.2179487,-0.82647264,0.99938536
0.9999825,0.15828142,0.9998478,0.74848163,0.999392,-0.26072082,-0.8258482,0.9991114
0.9999908,0.1865659,0.95300776,0.63747674,0.9997918,-0.24632809,0.988868,0.99932563
0.9999877,0.21195175,0.91602635,0.48543674,0.99985826,-0.08269932,0.99432933,0.9998413
0.99998486,0.12814368,0.99980414,0.6626284,0.9995162,-0.21947546,-0.83129185,0.99933195
0.99998367,0.11862277,0.9997679,0.50325364,0.9995307,-0.15825526,-0.83721495,0.99921745
0.99999136,0.2253906,0.9725527,0.74197626,0.9997867,-0.26446068,0.9847397,0.99988747
0.99998295,0.15598784,0.9998388,0.679775,0.9994655,-0.19046906,-0.83082914,0.9993167
0.99998486,0.14511327,0.9998096,0.72531486,0.99932486,-0.280513,-0.83320576,0.999327
0.99998504,0.16419265,0.99984455,0.8136064,0.99931425,-0.33201143,-0.81900746,0.9992304
0.9999897,0.17812853,0.9998539,0.84559876,0.9993289,-0.30031857,-0.80358094,0.999505
0.99998873,0.20916317,0.93445474,0.6624029,0.9998254,-0.15606943,0.9936358,0.9993108
0.99998766,0.12363661,0.9997971,0.7050867,0.999386,-0.25187474,-0.830142,0.9993555
0.99998707,0.20117217,0.9317279,0.5842966,0.99979734,-0.18129043,0.99411654,0.9993361
0.99998766,0.21011688,0.9359032,0.65769655,0.99981457,-0.13576786,0.99428195,0.9992726
0.9999824,0.14017473,0.9998239,0.70533687,0.9994939,-0.24761663,-0.83049345,0.9992991
0.9999862,0.22664382,0.93434244,0.75410974,0.99975216,-0.19711289,0.9962774,0.99994075
0.99998236,0.12476189,0.99983245,0.6645692,0.9994443,-0.21671672,-0.8347324,0.99914986
0.9999876,0.2053271,0.93170714,0.62197983,0.99978685,-0.1920054,0.9935282,0.9998681
0.99998754,0.20551963,0.933002,0.6642785,0.99983233,-0.15499894,0.99416506,0.99999976
0.999985,0.16362457,0.9998258,0.6847063,0.9994424,-0.21751335,-0.83223236,0.9992067
0.9999891,0.14619438,0.99980235,0.72578096,0.99940485,-0.23954503,-0.8288056,0.9994035
0.9999828,0.13895072,0.9998255,0.7257962,0.9995083,-0.22598915,-0.82643473,0.99940234
0.99998575,0.15984903,0.99983686,0.72722864,0.99946153,-0.23056439,-0.8283106,0.999284
0.9999847,0.11521649,0.9997725,0.61738,0.99952245,-0.21885817,-0.83298135,0.9992856
0.99999005,0.20053177,0.930784,0.50011384,0.999834,-0.11531427,0.9921306,0.99975425
0.99998474,0.14498271,0.9998497,0.77146876,0.9994008,-0.25844073,-0.826068,0.99934304
0.9999903,0.22536258,0.9636466,0.760547,0.9997643,-0.2224958,0.99117666,0.9998574
0.999983,0.13820793,0.99981076,0.6868236,0.9995162,-0.24230039,-0.832111,0.99924266
0.9999847,0.15465064,0.99980974,0.70137966,0.99949414,-0.26965734,-0.83135563,0.99922043
0.9999885,0.20248677,0.94818634,0.642236,0.9998497,-0.1917304,0.99276584,0.9991549
0.99998593,0.21516661,0.87697965,0.6547886,0.9998075,-0.14543106,0.99730414,0.9994028
0.9999901,0.22099759,0.96470696,0.71420544,0.99977326,-0.24807785,0.98947287,0.9993827
0.9999855,0.16528004,0.9998442,0.7679969,0.9993997,-0.29835802,-0.8260905,0.99916387
0.99998873,0.16971743,0.999827,0.79975003,0.999316,-0.3270131,-0.8172296,0.9993456
0.99998486,0.20002304,0.908692,0.52324754,0.9998137,-0.11876332,0.9941756,0.99941754
0.99998343,0.16830595,0.9998304,0.7288632,0.9994749,-0.25163412,-0.8321185,0.99921227
0.99998575,0.15252413,0.99980646,0.6695272,0.99961466,-0.18672885,-0.8251059,0.9993746
0.99998695,0.20217487,0.9319403,0.5539725,0.9998451,-0.12709163,0.9931822,0.99934155
0.99998754,0.13209058,0.99975705,0.6150552,0.9995115,-0.22283037,-0.83022577,0.9993075
0.9999839,0.13601352,0.9998051,0.69850266,0.9993892,-0.264082,-0.8317585,0.99930865
0.99998844,0.21227573,0.95791006,0.67468554,0.9998218,-0.24139127,0.9909735,0.9990525
0.9999833,0.16334336,0.99982107,0.68558306,0.9994932,-0.25696358,-0.83540523,0.99916947
0.99998885,0.22431973,0.9553418,0.68952245,0.99982446,-0.1409467,0.99239725,0.99988556
0.99998295,0.15906624,0.9998368,0.7315422,0.99948394,-0.19418669,-0.82048887,0.9993727
0.9999897,0.23320246,0.96923625,0.75473845,0.9998052,-0.2578095,0.9892551,0.99997723
0.99998504,0.1536145,0.99982905,0.7382252,0.9994665,-0.24782872,-0.8278119,0.9993535
0.99998647,0.15259847,0.99978703,0.6073208,0.9995676,-0.15969317,-0.8296226,0.99936265
0.99998105,0.1471662,0.9998347,0.69694746,0.9995049,-0.20961836,-0.82979554,0.9992245
0.99998426,0.118271306,0.99978966,0.674464,0.9995095,-0.23220986,-0.8294466,0.9994319
0.9999875,0.21509348,0.9408866,0.69214857,0.9998216,-0.20085211,0.9942615,0.99996537
0.99998933,0.15889454,0.99980235,0.7327267,0.9994716,-0.26876724,-0.8243105,0.9993468
0.99998987,0.20520498,0.93573344,0.6818886,0.99982995,-0.16488117,0.994569,0.9993271
0.9999883,0.1995201,0.93770325,0.6093818,0.9997983,-0.1773982,0.9930191,0.9998773
0.99998564,0.17317614,0.99985546,0.7957411,0.99934757,-0.28507602,-0.82298476,0.9992787
0.99998695,0.12796223,0.9997875,0.6171663,0.999528,-0.17013544,-0.8359761,0.9994192
0.99999,0.19445401,0.9548982,0.58371025,0.9998339,-0.17734993,0.98972386,0.99985826
0.9999896,0.20985836,0.95374966,0.6204124,0.99983,-0.15171584,0.99117595,0.99920976
0.9999873,0.13729568,0.9997974,0.7021689,0.99946344,-0.23720238,-0.8285311,0.9994196
0.9999883,0.23100585,0.9566598,0.6941558,0.999836,-0.18503988,0.9930774,0.99922943
0.9999871,0.23126048,0.9469629,0.76162136,0.99980825,-0.19125786,0.9956592,0.99948883
0.9999839,0.1288043,0.9997923,0.72232795,0.99953705,-0.2725822,-0.82591337,0.99937004
0.99998784,0.22531186,0.9370443,0.6402532,0.99980557,-0.17016524,0.9941992,0.99924666
0.9999866,0.2193694,0.90951526,0.6864257,0.9998004,-0.16946237,0.9966192,0.99981534
0.9999875,0.20874491,0.9034761,0.57663184,0.99979216,-0.15041783,0.9944962,0.9994982
0.9999856,0.14237176,0.99982584,0.78064036,0.99939036,-0.3240165,-0.8220282,0.99928486
0.99999064,0.20431507,0.9587017,0.6903546,0.9998333,-0.23366779,0.9905982,0.99996954
0.9999878,0.2150475,0.90568954,0.5529444,0.99978906,-0.10251216,0.99508476,0.999404
0.99998844,0.21407068,0.91246533,0.5181838,0.9998411,-0.10703813,0.99462634,0.9999313
0.9999894,0.16180526,0.9998141,0.8096302,0.99936354,-0.34899518,-0.8213775,0.9993238
0.9999858,0.15441856,0.99981236,0.7280748,0.9994165,-0.2555415,-0.8292368,0.99937356
0.999984,0.15403458,0.99981815,0.7467396,0.99942464,-0.27266464,-0.8263822,0.99926615
0.9999813,0.12461628,0.9997988,0.68223065,0.9995132,-0.21439108,-0.83350885,0.9993646
0.9999861,0.19331038,0.9377164,0.5288625,0.99979895,-0.11826865,0.99088913,0.9993905
0.9999877,0.222891,0.94985324,0.6551087,0.99978906,-0.21313766,0.99234563,0.9993974
0.99998677,0.17078249,0.9998241,0.7444783,0.9993856,-0.24732319,-0.82272637,0.9993529
0.9999819,0.22120431,0.9461835,0.69372463,0.99983203,-0.15136945,0.9951421,0.99999493
0.99998677,0.20100835,0.9323605,0.5715314,0.99983245,-0.10551657,0.9939703,0.9999882
0.99998784,0.21335322,0.90878505,0.5991432,0.9998151,-0.15781724,0.9957503,0.99999875
0.999985,0.14133197,0.9997954,0.69944423,0.9994898,-0.24825874,-0.82802325,0.999402
0.99998975,0.20918123,0.9353337,0.63630736,0.99983174,-0.109707765,0.994412,0.9994784
0.9999822,0.14184189,0.9998191,0.75901663,0.99936116,-0.29989165,-0.83070904,0.9994435
0.9999911,0.21142054,0.9508463,0.67299056,0.9998367,-0.1834525,0.99212444,0.99917936
0.99998367,0.213449,0.8800656,0.5940441,0.99985284,-0.09574321,0.9968593,0.99995553
0.99998647,0.1255999,0.9997916,0.63002014,0.99956715,-0.21268018,-0.8244022,0.99931103
0.9999873,0.20964734,0.8963002,0.556746,0.9998323,-0.14591855,0.9953588,0.99997807
0.9999867,0.16180737,0.9998299,0.7479572,0.99954474,-0.23992462,-0.8219008,0.99938005
0.9999825,0.1325024,0.9997905,0.61008656,0.99946886,-0.23268963,-0.8399879,0.99922794
0.9999835,0.14876755,0.99981725,0.71202433,0.99950254,-0.24720155,-0.82990396,0.99924254
0.9999859,0.11696057,0.9997705,0.6546141,0.9995222,-0.21618766,-0.83179736,0.999392
0.9999893,0.20876183,0.950757,0.6874324,0.9998608,-0.18163095,0.99338645,0.99997914
0.9999828,0.15265056,0.99980587,0.66554606,0.9995677,-0.21397638,-0.836988,0.9993434
0.99999064,0.21697125,0.96538675,0.7681059,0.9998308,-0.26733735,0.9901727,0.9994329
0.9999864,0.16115434,0.99981326,0.6909715,0.9994937,-0.21967795,-0.8292717,0.99930507
0.9999878,0.22661498,0.950938,0.73022074,0.9997649,-0.22249885,0.9926024,0.9992037
0.99998826,0.20379245,0.91590476,0.6450168,0.9997832,-0.17073251,0.99564177,0.9998681
0.99998313,0.13818556,0.9998252,0.7010896,0.9994781,-0.2260152,-0.82942116,0.99938333
0.9999836,0.18541148,0.99985653,0.79385996,0.9994262,-0.2412864,-0.8140521,0.9994658
0.9999863,0.11837066,0.9997957,0.6827117,0.99948615,-0.24953991,-0.83086586,0.9992366
0.9999856,0.1348595,0.9998139,0.7143947,0.99946237,-0.2450371,-0.8273018,0.9991859
0.9999847,0.12237362,0.9997789,0.5782645,0.99951136,-0.14967023,-0.83597004,0.99927795
0.99998724,0.14903513,0.9998197,0.73468876,0.9994388,-0.23967211,-0.8277376,0.9993309
0.99999034,0.21861549,0.96376646,0.7421018,0.999834,-0.20089315,0.9913764,0.99991435
0.9999861,0.11152058,0.99977666,0.6679652,0.999535,-0.23405094,-0.829805,0.9993479
0.999987,0.17347735,0.99984705,0.78735733,0.99949396,-0.27269194,-0.80917716,0.99937683
0.9999889,0.21978815,0.94974524,0.68515134,0.99984634,-0.16022804,0.9940873,0.99996954
0.9999885,0.19897744,0.93838304,0.61970854,0.99983627,-0.2008189,0.9932575,0.99930733
0.99998426,0.21813077,0.927307,0.68543035,0.99981225,-0.17124708,0.9956621,0.99999964
0.9999834,0.1993804,0.90187025,0.61839914,0.99976295,-0.1492396,0.9961373,0.99986106
0.99998784,0.19383338,0.9357693,0.5991561,0.9997848,-0.17325218,0.99256325,0.99936694
0.9999885,0.20927167,0.91467583,0.49450386,0.9998543,-0.13558532,0.99265325,0.9999944
0.9999891,0.1977478,0.954108,0.63933086,0.99981177,-0.22914714,0.9891728,0.99992204
0.99998885,0.21685924,0.9183439,0.63030005,0.99983954,-0.16375317,0.9950467,0.9999715
0.99998695,0.19108683,0.9065559,0.5379901,0.9998038,-0.13906169,0.99457586,0.9992617
0.99998903,0.21615772,0.9107762,0.49725556,0.9998231,-0.097942516,0.9944317,0.99922603
0.9999927,0.21528351,0.9473172,0.65310484,0.9998124,-0.18318452,0.991858,0.99928486
0.9999878,0.20296428,0.94489515,0.6741968,0.9998221,-0.19233201,0.99398524,0.9994181
0.99998873,0.22241928,0.9375508,0.6718513,0.9998418,-0.09869098,0.9958268,0.9993151
0.99998736,0.1526667,0.99979115,0.68886125,0.9994757,-0.22331445,-0.8286588,0.9993893
0.99998605,0.22732377,0.9270921,0.7205562,0.9998051,-0.1746915,0.99606246,0.9999639
0.9999848,0.14089617,0.9998126,0.649078,0.99950993,-0.18741669,-0.83074397,0.99930453
0.99998593,0.13802955,0.999805,0.7089789,0.9994048,-0.2727576,-0.8303555,0.9992997
0.9999855,0.20087707,0.90936774,0.5312191,0.9998337,-0.09193214,0.99484575,0.99986553
0.99998695,0.1656838,0.9998201,0.75262547,0.9993315,-0.26569885,-0.8276392,0.9993673
0.99998945,0.21350715,0.9998481,0.843482,0.99942136,-0.29912588,-0.8042762,0.99943346
0.99998415,0.16344476,0.9998078,0.6765865,0.99945337,-0.18986225,-0.8313113,0.9993812
0.99998087,0.13173307,0.99981046,0.7044426,0.9992569,-0.27500477,-0.8353642,0.9993249
0.9999908,0.21223082,0.9575625,0.7130466,0.99978495,-0.25152686,0.9919295,0.99920696
0.99999,0.2320585,0.9546205,0.71909463,0.99980235,-0.2248263,0.9926185,0.99987185
0.9999843,0.20492637,0.92724836,0.5931647,0.999849,-0.083309606,0.99493176,0.99999934
0.99998546,0.15599981,0.999807,0.6694758,0.99948233,-0.25100935,-0.8320297,0.9991493
0.99999034,0.2378664,0.97061056,0.7937664,0.9997916,-0.27534014,0.99107546,0.99938995
0.999985,0.2090887,0.9325886,0.66570127,0.9998406,-0.17612188,0.995081,0.999259
0.9999818,0.12799664,0.9998088,0.64924073,0.9995237,-0.19628696,-0.8369876,0.99935436
0.99999,0.15279835,0.99980783,0.71385217,0.99946237,-0.2463595,-0.82471895,0.99938697
0.9999855,0.19990459,0.8961886,0.6037445,0.99977744,-0.13332011,0.99667203,0.9992557
0.99998796,0.14188994,0.9997964,0.7495281,0.99946797,-0.2825931,-0.82537425,0.9994108
0.99998623,0.20521642,0.8824952,0.46293458,0.9998188,-0.0607161,0.99552196,0.9992781
0.9999875,0.23286723,0.9563767,0.673563,0.9998411,-0.14409935,0.99299055,0.99944884
0.9999864,0.20021012,0.9282242,0.7021624,0.99980474,-0.19644524,0.9957429,0.99943495
0.99998945,0.18428667,0.9998423,0.8345825,0.9993237,-0.32215673,-0.8165464,0.99936426
0.999984,0.14837325,0.9998092,0.661566,0.9995399,-0.17339806,-0.8327621,0.99941534
0.99998343,0.13099974,0.9997993,0.69978595,0.99939954,-0.25566566,-0.8316109,0.99934554
0.9999808,0.12161014,0.9998044,0.5841086,0.99952716,-0.18241146,-0.8366434,0.9992704
0.99998474,0.14265068,0.99980694,0.65661335,0.9994777,-0.23235522,-0.8326321,0.9992544
0.9999879,0.21419816,0.9503781,0.64045715,0.9998353,-0.17163868,0.99213415,0.99947214
0.99998516,0.21837881,0.9226762,0.5746285,0.999807,-0.12782438,0.9942162,0.9999828
0.99998647,0.13511956,0.9997975,0.6763278,0.99952644,-0.16142179,-0.82676446,0.9994807
0.99999136,0.24656543,0.9654403,0.79887223,0.99981165,-0.25094837,0.99308836,0.9991345
0.9999862,0.13573305,0.9997974,0.70375323,0.999475,-0.23823303,-0.83036095,0.9994107
0.99998516,0.13721226,0.9998218,0.6773096,0.9995177,-0.20505059,-0.83029675,0.99929255
0.99998707,0.14702496,0.99979836,0.67444575,0.9995131,-0.20565584,-0.8302958,0.9993902
0.9999863,0.113104455,0.9997868,0.575063,0.99951285,-0.16524266,-0.8350909,0.99932957
0.99998975,0.21332881,0.9657859,0.6507704,0.9998362,-0.19018343,0.98903257,0.999319
0.9999882,0.14995508,0.9998187,0.73738784,0.99949396,-0.23961368,-0.82064795,0.99937516
0.99998915,0.23848738,0.9531572,0.7455193,0.9997489,-0.26759696,0.9928366,0.9998547
0.99998415,0.1971542,0.99984944,0.7954705,0.9993306,-0.29298353,-0.8168719,0.9993667
0.9999882,0.20731126,0.92489946,0.6270094,0.99982935,-0.1572883,0.995031,0.9993658
0.9999868,0.21182522,0.94967204,0.6171919,0.9998482,-0.113348775,0.9927652,0.99998885
0.99998736,0.21261698,0.91328037,0.66864985,0.9997997,-0.1457802,0.99596155,0.9991582
0.9999875,0.22933233,0.9507366,0.7592088,0.9997686,-0.2174978,0.99469745,0.99998724
0.999984,0.11247271,0.9997827,0.6423967,0.99949455,-0.24865788,-0.83352846,0.99917424
0.9999861,0.17541534,0.9998488,0.7464167,0.9995064,-0.22813186,-0.8211037,0.99929625
0.99998826,0.18694845,0.9386355,0.56929964,0.9998162,-0.14679469,0.99139285,0.99935585
0.99998236,0.12949996,0.9998014,0.56303835,0.9995998,-0.13190667,-0.83726215,0.9993234
0.99998754,0.1500034,0.9998385,0.7965244,0.9992719,-0.30501953,-0.82313406,0.99931794
0.9999838,0.11115764,0.9997874,0.5584933,0.9995132,-0.17292471,-0.84049433,0.99921423
0.9999834,0.13958585,0.99981177,0.68490577,0.9994388,-0.23955151,-0.833817,0.9993835
0.9999828,0.13751267,0.99981344,0.59962714,0.9994484,-0.17555271,-0.83751804,0.99925673
0.9999874,0.19721203,0.8988778,0.57717925,0.9998178,-0.10434494,0.99587065,0.99931234
0.99998814,0.19502969,0.8878866,0.4708956,0.9998301,-0.07872733,0.99552315,0.9999863
0.9999899,0.2060226,0.9622647,0.6783474,0.9997631,-0.2238653,0.98535734,0.9991674
0.9999862,0.13982368,0.99981683,0.76998204,0.99926615,-0.29239902,-0.826847,0.9993563
0.9999863,0.16069014,0.99982584,0.78199357,0.9993345,-0.31398916,-0.82703143,0.9992253
0.99998367,0.17419057,0.9998419,0.7525001,0.999443,-0.22401828,-0.8214151,0.9994223
0.9999869,0.22362483,0.9133314,0.68060863,0.99980915,-0.14929941,0.99653596,0.9999789
0.9999863,0.15732758,0.99984264,0.7506484,0.9994875,-0.2326726,-0.8241399,0.9993849
0.99998295,0.11670312,0.99979043,0.6532165,0.9994713,-0.22856434,-0.83135337,0.99938834
0.99998677,0.20217511,0.9194594,0.7044281,0.9997839,-0.17598066,0.99580926,0.9998623
0.9999906,0.22614016,0.954482,0.7684506,0.999812,-0.23491001,0.99498695,0.9999107
0.9999813,0.17944534,0.9998533,0.79350436,0.9993951,-0.24799764,-0.82493484,0.999473
0.9999853,0.21913886,0.9140781,0.56707823,0.9998018,-0.109835505,0.9953921,0.99920493
0.99998903,0.20989043,0.95129484,0.700143,0.9998585,-0.17474738,0.9929467,0.99987054
0.9999912,0.2175415,0.9609187,0.668078,0.9998426,-0.16255571,0.9907136,0.9999612
0.99998516,0.2020097,0.9229542,0.63177633,0.99980783,-0.15671559,0.9947813,0.99989396
0.99998593,0.20097998,0.9422628,0.63974285,0.99981743,-0.12541685,0.9943672,0.9992578
0.9999809,0.13340779,0.99979955,0.64108753,0.999477,-0.2219601,-0.8355996,0.9992686
0.99997914,0.11115399,0.9997759,0.5266638,0.99956125,-0.16508873,-0.8401653,0.99916226
0.9999908,0.22966994,0.9654197,0.75580436,0.99978036,-0.2930477,0.9894239,0.99985254
0.99998313,0.14139982,0.99982864,0.73423535,0.9993291,-0.2751694,-0.8320799,0.9991776
0.9999868,0.21186121,0.9017337,0.5706152,0.9998363,-0.09793119,0.99609965,0.9993949
0.99998504,0.19675928,0.8868438,0.519349,0.9997994,-0.0890083,0.9959502,0.9993943
0.9999887,0.23546474,0.9394873,0.761505,0.9998045,-0.2197857,0.99582833,0.9998372
0.999988,0.20990388,0.9391029,0.5503017,0.99985826,-0.14400743,0.99235,0.9992892
0.9999869,0.16592082,0.99981695,0.742571,0.9994113,-0.28214678,-0.8290481,0.9992631
0.9999877,0.17943516,0.9229416,0.46098962,0.99981946,-0.096541174,0.9914042,0.99996895
0.9999891,0.22661363,0.9382108,0.6753286,0.99984294,-0.15813747,0.99511427,0.99998283
0.99998295,0.14232685,0.99981576,0.6275412,0.9995663,-0.14089632,-0.8337671,0.99940026
0.9999872,0.20337881,0.9031495,0.579579,0.9998341,-0.11778849,0.99568045,0.99999976
0.999985,0.14000136,0.9997989,0.6696576,0.99950165,-0.21928556,-0.8336784,0.99935514
0.9999864,0.15539469,0.9998261,0.75841504,0.99926823,-0.29405898,-0.83118486,0.9992189
0.9999849,0.16056503,0.99982136,0.7023784,0.9994978,-0.21774182,-0.82821953,0.9993457
0.9999876,0.14298807,0.99980706,0.7368094,0.99942553,-0.29800275,-0.8284288,0.999131
0.9999898,0.21085198,0.9527898,0.6487906,0.9998597,-0.14329982,0.9936384,0.9993268
0.99998677,0.20823841,0.9435837,0.64859414,0.999819,-0.1840624,0.9921313,0.9993232
0.9999884,0.22908859,0.9558147,0.7358111,0.99983674,-0.18153413,0.9922767,0.9994785
0.99998605,0.23135516,0.9407494,0.74292296,0.999801,-0.19207081,0.99471307,0.99983954
0.9999824,0.13876463,0.99976873,0.58645105,0.9994885,-0.20598462,-0.84128726,0.9993061
0.999989,0.24024285,0.9647968,0.78209513,0.999803,-0.22792743,0.99278826,0.99997485
0.9999852,0.20697373,0.8785523,0.5802579,0.9997935,-0.112633266,0.9966415,0.99939257
0.9999892,0.19044624,0.9283998,0.4791206,0.9998225,-0.123556316,0.9925303,0.99997425
0.9999855,0.1789899,0.9998535,0.80452514,0.9993389,-0.27766678,-0.8208214,0.99935323
0.99998444,0.13588616,0.9998024,0.65199256,0.9995464,-0.20672154,-0.8331758,0.9992958
0.99998593,0.17598586,0.9998388,0.7567159,0.99944913,-0.24160025,-0.8241736,0.9993185
0.99998266,0.18080445,0.9998537,0.80372006,0.9991985,-0.3171056,-0.8213943,0.9991251
0.99998695,0.22018117,0.94959176,0.65219796,0.99983406,-0.1558382,0.99286056,0.99933124
0.99998647,0.119866244,0.99979043,0.6464987,0.999543,-0.20056847,-0.83107764,0.9992873
0.9999866,0.13484122,0.9998015,0.7601682,0.9993682,-0.31630346,-0.8224064,0.9992716
0.99998707,0.20321855,0.94185436,0.5561894,0.9998407,-0.1731414,0.9913373,0.99934715
0.99998975,0.21934727,0.96919185,0.6374576,0.99983585,-0.1683092,0.98860645,0.9991232
0.99998796,0.22785264,0.9576967,0.7125308,0.9998385,-0.14997464,0.9935662,0.99928606
0.9999871,0.2238176,0.9529736,0.7214569,0.99981046,-0.2001723,0.99362457,0.99927413
0.9999891,0.19990045,0.9450966,0.59133106,0.9998586,-0.14392337,0.98984915,0.9999535
0.9999847,0.20881422,0.9072044,0.56142473,0.99979377,-0.12780401,0.99474734,0.9993381
0.9999921,0.24661453,0.9761531,0.8293417,0.999824,-0.2598718,0.9910677,0.99943525
0.9999877,0.16992605,0.99983287,0.7355199,0.999457,-0.23485516,-0.8272766,0.99935466
0.99998796,0.21497934,0.93213844,0.6560075,0.9997986,-0.18477167,0.994419,0.9998804
0.9999835,0.16508426,0.99984646,0.7926647,0.9994239,-0.27387878,-0.82352626,0.9993905
0.9999899,0.24086843,0.9646987,0.7703489,0.999816,-0.22118941,0.9936199,0.9993281
0.9999893,0.20399824,0.92273706,0.63332,0.9998154,-0.18174317,0.994999,0.99945134
0.99998784,0.22105476,0.9284162,0.7020545,0.99983406,-0.131278,0.9961574,0.9999797
0.99998826,0.16447836,0.9998331,0.7926964,0.9994196,-0.27350256,-0.8201651,0.99941677
0.9999842,0.21154805,0.9372598,0.6380202,0.99982256,-0.15104763,0.99454486,0.9999528
0.99998426,0.1396678,0.9998064,0.7254578,0.99944896,-0.2558297,-0.8323324,0.99935657
0.9999862,0.21781814,0.9367601,0.66391635,0.99980694,-0.18836701,0.99443495,0.9997998
0.9999807,0.116641946,0.99978524,0.570228,0.99958926,-0.16374412,-0.83541775,0.99930286
0.9999899,0.2426858,0.96300316,0.7933426,0.9998001,-0.244662,0.9944996,0.9999173
0.99999,0.203232,0.9420341,0.7273989,0.99982697,-0.18568711,0.9950267,0.99987125
0.9999812,0.14274506,0.9998262,0.68917614,0.9995585,-0.17152585,-0.8269287,0.99949425
0.99998295,0.13061328,0.9997819,0.62499106,0.9995708,-0.17972636,-0.8365301,0.99936634
0.9999886,0.20980401,0.9318239,0.6495106,0.9998079,-0.19811077,0.9944977,0.99998444
0.999987,0.14171572,0.9998155,0.6584811,0.9994514,-0.18837471,-0.8319924,0.99931556
0.9999855,0.19651234,0.99985117,0.81169033,0.9993608,-0.2948399,-0.8132991,0.99936515
0.9999875,0.22217426,0.94100827,0.7064546,0.99980533,-0.19377676,0.9947062,0.999335
0.9999864,0.18905823,0.9998503,0.80295014,0.99938375,-0.29059455,-0.8240323,0.9993349
0.99998933,0.22125511,0.91764736,0.5955426,0.9998203,-0.12745614,0.9957128,0.99924123
0.9999865,0.21666469,0.9169537,0.5753592,0.9998092,-0.082917854,0.99507576,0.9992911
0.9999876,0.21029744,0.9302686,0.6815807,0.9998368,-0.20200361,0.99466085,0.9994165
0.99998057,0.14984964,0.99984425,0.72154033,0.9994851,-0.24139018,-0.83103913,0.99917966
0.9999884,0.21269779,0.9091043,0.6253768,0.9998065,-0.124515176,0.99594176,0.99984735
0.9999892,0.22003525,0.97701585,0.7184671,0.99979174,-0.26383474,0.97989607,0.99920744
0.99998176,0.122166626,0.99980897,0.65441746,0.9995216,-0.19344157,-0.83376443,0.99937826
0.9999883,0.22552222,0.95353925,0.74585426,0.99982023,-0.17616794,0.99457693,0.9998674
0.9999859,0.1979251,0.9248699,0.5894985,0.99984163,-0.12565118,0.99286884,0.99984074
0.99998546,0.14251798,0.9997869,0.5710331,0.99958086,-0.15520568,-0.83441675,0.99933684
0.9999846,0.13909115,0.99979925,0.59298253,0.9995305,-0.18246923,-0.83719844,0.9992502
0.9999851,0.13031662,0.9998006,0.6961642,0.99956936,-0.25609252,-0.8285616,0.99916524
0.99998957,0.23130888,0.9502816,0.72015023,0.999823,-0.22187178,0.99388576,0.9993685
0.9999882,0.20670173,0.94071746,0.64517474,0.99982905,-0.18674353,0.9935849,0.999287
0.9999883,0.20665956,0.9494837,0.72754407,0.9998219,-0.23036395,0.994501,0.9998436
0.9999826,0.12470603,0.99979824,0.69804513,0.99936676,-0.27933896,-0.83604515,0.99908775
0.99998933,0.21991569,0.9572849,0.5578016,0.9998496,-0.12389769,0.9896236,0.99998564
0.99999136,0.22031316,0.96809065,0.64616555,0.99982345,-0.1879083,0.9877403,0.99987024
0.99998534,0.16156338,0.99982655,0.6972243,0.99945503,-0.19994041,-0.82729566,0.99941844
0.99998504,0.15054542,0.99982864,0.7722026,0.9993949,-0.26586014,-0.82212985,0.9993628
0.9999847,0.14179793,0.99980265,0.65849704,0.9995605,-0.15981558,-0.8233534,0.9994196
0.99998516,0.12778299,0.99978787,0.7162703,0.99942505,-0.2724472,-0.82735133,0.9993411
0.9999807,0.13478638,0.99981743,0.68838704,0.9994453,-0.22610673,-0.831046,0.9992681
0.99998844,0.18188196,0.99984837,0.83854806,0.9992956,-0.34297207,-0.8141398,0.9992831
0.9999814,0.12945105,0.99979293,0.59463835,0.9994407,-0.18588103,-0.8417341,0.999235
0.99998486,0.19989218,0.9325282,0.6280855,0.99983144,-0.12262205,0.9951466,0.999978
0.99998426,0.22255528,0.9514993,0.66462564,0.9998263,-0.15196058,0.9935105,0.9997383
0.99998635,0.22717291,0.96791184,0.6967979,0.9998456,-0.2205628,0.989738,0.99920243
0.99998367,0.13205394,0.99979436,0.59484553,0.99954355,-0.18990657,-0.838011,0.9992036
0.99998343,0.14067863,0.99982744,0.72960776,0.99940985,-0.31107014,-0.83059967,0.999114
0.99998456,0.13188052,0.9997765,0.570701,0.9995551,-0.13594691,-0.83189034,0.99947435
0.99998164,0.14288178,0.99982023,0.6815293,0.9994079,-0.24909562,-0.83911014,0.9992373
0.99998236,0.1777768,0.9998563,0.81135434,0.99941003,-0.27912897,-0.81980366,0.9994302
0.9999857,0.1947897,0.9296339,0.5865091,0.9998432,-0.117260635,0.9939669,0.9999881
0.99999034,0.20191118,0.9593763,0.5823114,0.9998283,-0.1322152,0.9877995,0.99999976
0.99998343,0.1254915,0.99977034,0.6264754,0.999477,-0.2487774,-0.8391274,0.9991714
0.99998933,0.21254016,0.9725337,0.72178406,0.999795,-0.23531613,0.9854835,0.9998309
0.99998266,0.11170214,0.9997654,0.5735495,0.99951285,-0.20370902,-0.8378625,0.9992467
0.9999889,0.20672157,0.9439274,0.6228266,0.9998172,-0.16374983,0.99250805,0.9992675
0.99998367,0.16791804,0.9998228,0.73825645,0.9995226,-0.23166463,-0.82718444,0.99942327
0.9999858,0.16256882,0.9998214,0.7386881,0.9995331,-0.2650543,-0.82434285,0.99939364
0.99998534,0.13806167,0.9997844,0.6894191,0.99937606,-0.26045305,-0.8362548,0.9993722
0.999986,0.1760575,0.99982345,0.68721247,0.9995497,-0.192161,-0.82878673,0.9993467
0.9999889,0.22265595,0.9302482,0.6867813,0.9998025,-0.18408933,0.99487615,0.9998796
0.9999881,0.17511411,0.9998225,0.78896374,0.9995397,-0.26267546,-0.80972517,0.99952203
0.99998873,0.2247636,0.9254053,0.7170918,0.99977225,-0.21084647,0.99584186,0.99941254
0.99998415,0.15932617,0.99983263,0.7185448,0.99942213,-0.24688351,-0.8309256,0.9992554
0.999988,0.20014615,0.9529185,0.67735124,0.99983406,-0.18520482,0.99204344,0.9998583
0.99998707,0.22405039,0.9467046,0.7307364,0.99979734,-0.20491141,0.99439555,0.9999242
0.99998873,0.17670384,0.99985266,0.79533803,0.99939954,-0.3094616,-0.8163695,0.999173
0.9999862,0.11683831,0.9997656,0.6164952,0.9995259,-0.21642734,-0.8348221,0.999263
0.99998516,0.17520112,0.9998417,0.79417783,0.99936026,-0.28916115,-0.8251541,0.9993443
0.9999866,0.16246761,0.9998244,0.75569075,0.99938166,-0.28535983,-0.8254502,0.9992743
0.9999868,0.1450965,0.99980277,0.7030118,0.99947494,-0.25410107,-0.829354,0.9991794
0.9999882,0.19403277,0.92342174,0.51091677,0.99985063,-0.088891044,0.99375284,0.9999836
0.99998844,0.22628652,0.9232646,0.7443229,0.99982095,-0.13823059,0.99648315,0.9998282
0.99998736,0.15517697,0.9998168,0.72006726,0.9994952,-0.20589703,-0.8267413,0.99941015
0.999986,0.2301115,0.9448841,0.78352535,0.999808,-0.20054322,0.9953216,0.9991192
0.99998784,0.15225226,0.99981326,0.70025456,0.99951005,-0.20366286,-0.8308312,0.9993323
0.99998665,0.14548838,0.9998059,0.70042634,0.9993208,-0.26670322,-0.8367024,0.9991765
0.99998456,0.14485829,0.99981654,0.7662126,0.9993596,-0.29554498,-0.8298273,0.99940145
0.99998844,0.20417574,0.91736853,0.55312824,0.99980366,-0.16481945,0.9937132,0.9999811
0.99998736,0.14811568,0.9998248,0.6958747,0.9993807,-0.26264137,-0.8310144,0.99901986
0.9999858,0.2182084,0.91859555,0.67882735,0.9997621,-0.19378206,0.9954614,0.99916756
0.9999854,0.20563374,0.8979147,0.61985976,0.9998256,-0.11188593,0.99604094,0.9993942
0.9999846,0.13287611,0.99980074,0.7030171,0.99948174,-0.21851677,-0.8292473,0.9995038
0.99998933,0.2198777,0.94726294,0.7447679,0.99983513,-0.22881481,0.9948465,0.999367
0.9999842,0.22026077,0.9380924,0.7291192,0.9997999,-0.16650577,0.995308,0.99934614
0.999985,0.20860343,0.90818477,0.55317307,0.99983186,-0.07628384,0.9954798,0.9993855
0.9999883,0.2255933,0.9481508,0.78790855,0.999799,-0.20720851,0.99550384,0.9998851
0.9999877,0.24035794,0.95268923,0.77111804,0.9998043,-0.2033208,0.99489325,0.9993835
0.9999865,0.24309745,0.9538027,0.77264035,0.99978524,-0.20603792,0.99439025,0.99945986
0.99998844,0.22280578,0.91831166,0.66131735,0.999807,-0.19398275,0.9949667,0.99986106
0.9999842,0.16830538,0.9998433,0.77866215,0.99928707,-0.28875566,-0.8321291,0.9993109
0.99998367,0.1363517,0.9998206,0.6430191,0.9995191,-0.15688038,-0.83339536,0.9994041
0.9999889,0.22970115,0.9667972,0.7171498,0.99981207,-0.22317703,0.9893328,0.99991703
0.99998474,0.20847654,0.90983135,0.5502423,0.99982756,-0.097528115,0.99497396,0.99937767
0.9999851,0.16725065,0.9998494,0.77745855,0.9993759,-0.23777296,-0.8218477,0.9994557
0.99998736,0.2236245,0.955361,0.651651,0.9998223,-0.18982019,0.99126196,0.9998424
0.9999879,0.20369975,0.93489087,0.68672144,0.99980426,-0.18406077,0.994772,0.9998553
0.9999815,0.21594442,0.91513616,0.56636703,0.99983126,-0.054321773,0.99599814,0.99930334
0.999988,0.18900354,0.9624736,0.616256,0.99983156,-0.20529193,0.98860717,0.9989233
0.99998415,0.13014868,0.99981034,0.691866,0.99939764,-0.28974435,-0.836135,0.99905664
0.99998516,0.12808277,0.99977887,0.6500671,0.9994996,-0.1970177,-0.8336502,0.9993329
0.99998844,0.22849788,0.9591983,0.6468793,0.9998265,-0.18025397,0.99089634,0.9998382
0.9999864,0.16337799,0.99983305,0.80436,0.99941415,-0.28991437,-0.81590176,0.99943167
0.9999829,0.2147614,0.92806435,0.6453422,0.99978495,-0.10932938,0.9953384,0.99921316
0.9999871,0.15275201,0.9998455,0.75114334,0.9994409,-0.2566722,-0.82218826,0.9992417
0.9999853,0.18218584,0.9998482,0.81717837,0.9993448,-0.29209888,-0.81899625,0.9994487
0.99998826,0.22053252,0.96704227,0.6930218,0.99984854,-0.17415129,0.9903032,0.99937075
0.99998504,0.2120162,0.9089252,0.61882424,0.99985045,-0.083104834,0.9963613,0.9992713
0.9999878,0.15895316,0.9998114,0.7297543,0.9995268,-0.2119666,-0.8214675,0.99945074
0.9999878,0.21808377,0.93513215,0.59034824,0.99978316,-0.17110741,0.9934104,0.9998398
0.99998623,0.21289766,0.9010901,0.5582437,0.99981785,-0.110794075,0.9960002,0.99928933
0.99998856,0.20717219,0.93941057,0.6915229,0.99980533,-0.20713618,0.9936092,0.99942803
0.9999898,0.19538812,0.9464553,0.60550034,0.999835,-0.15243089,0.9910271,0.999279
0.999987,0.21533573,0.91249144,0.57985485,0.99982095,-0.10220337,0.99537116,0.9993705
0.9999881,0.2380672,0.9715005,0.80055517,0.99982727,-0.24468642,0.99228114,0.9998757
0.9999876,0.1617576,0.9998181,0.69435203,0.9995215,-0.22199525,-0.8276331,0.99933547
0.999983,0.152595,0.9998233,0.69554484,0.9994022,-0.23797709,-0.8316593,0.9991785
0.99998415,0.15472919,0.9998339,0.7597473,0.9994806,-0.22495414,-0.82494944,0.99947083
0.9999847,0.14715756,0.9998235,0.72398627,0.99944544,-0.24216029,-0.8271749,0.99924546
0.99998844,0.21156606,0.9477711,0.5986233,0.99985623,-0.15438892,0.9922777,0.99930394
0.9999876,0.19579865,0.90729666,0.5129219,0.9998272,-0.07808242,0.99410224,0.9992489
0.99998826,0.22103584,0.9501162,0.65347034,0.9998325,-0.17109625,0.99395126,0.9999731
0.99998236,0.15905896,0.9998471,0.7672428,0.9993951,-0.28435537,-0.8225194,0.9991632
0.999985,0.21035703,0.942157,0.68035305,0.99980736,-0.18567312,0.99445224,0.9998716
0.9999912,0.2234789,0.96732366,0.7878891,0.999782,-0.25715825,0.99136066,0.99984616
0.9999906,0.21745762,0.93193275,0.64631176,0.9998006,-0.116925046,0.9948848,0.99921024
0.9999871,0.218518,0.93700385,0.5649151,0.9998671,-0.08921402,0.9937571,0.999997
0.9999854,0.1842939,0.9220882,0.4681305,0.9998228,-0.12739858,0.99233073,0.9992762
0.99998546,0.21986404,0.9280018,0.73023975,0.9998056,-0.20193477,0.996126,0.99972177
0.99998605,0.2146045,0.9268047,0.69770885,0.999776,-0.19695148,0.9952106,0.99999964
0.99998295,0.11875499,0.9998061,0.7040311,0.9994338,-0.24339645,-0.83850247,0.9993706
0.99998593,0.20569283,0.9141354,0.5494713,0.999826,-0.100761116,0.99532896,0.99940825
0.9999869,0.20331798,0.912759,0.5224088,0.9997979,-0.11572811,0.9949326,0.99932635
0.99998873,0.22266684,0.9111675,0.6456207,0.99981457,-0.14009906,0.9958123,0.9991357
0.99998754,0.18428497,0.9998411,0.7718361,0.9993754,-0.27775016,-0.8205203,0.9993306
0.9999898,0.20568614,0.9651749,0.70624703,0.999833,-0.23624484,0.98784,0.99999356
0.9999855,0.20706855,0.88808393,0.5937425,0.9997593,-0.15095566,0.9951105,0.99994093
0.9999818,0.12806986,0.99980944,0.6230812,0.9994885,-0.18500324,-0.8401985,0.99930435
0.99998546,0.19504733,0.99985635,0.79554224,0.9992758,-0.29344803,-0.82590115,0.99932456
0.9999894,0.23872049,0.9445946,0.7952141,0.99978507,-0.21550775,0.99585325,0.99939793
0.99998575,0.20311892,0.9069725,0.6380047,0.9998048,-0.16637813,0.9956336,0.99999064
0.9999872,0.21289013,0.954091,0.6956674,0.9998618,-0.19135194,0.9934045,0.999294
0.9999847,0.17401257,0.9998267,0.7419213,0.99948895,-0.2734004,-0.8261671,0.9991847
0.9999845,0.12720007,0.9997952,0.6503221,0.99934226,-0.23113115,-0.84003246,0.9992992
0.99998724,0.13575712,0.999798,0.7203553,0.999428,-0.2347632,-0.8291951,0.9994713
0.99998796,0.211645,0.9452202,0.69720244,0.99982476,-0.16627337,0.9946344,0.99983853
0.9999894,0.22183207,0.96129733,0.7086602,0.99975866,-0.24026659,0.98969036,0.99986684
0.9999846,0.2165778,0.9342051,0.6242366,0.99982715,-0.13595925,0.9943135,0.99998736
0.9999897,0.19877788,0.9361305,0.67581105,0.99976426,-0.22205016,0.9930228,0.9999992
0.99998635,0.15467077,0.999822,0.6956389,0.9994823,-0.21780483,-0.83142585,0.99919266
0.99998575,0.13388196,0.9997728,0.57276744,0.9995296,-0.17011222,-0.838076,0.9993665
0.9999857,0.15382151,0.9998194,0.76830447,0.99941474,-0.30009505,-0.8267934,0.99934775
0.99998444,0.16499148,0.99986154,0.793313,0.9993885,-0.26679268,-0.8213547,0.9992519
0.99999064,0.22466826,0.9568012,0.7542724,0.9998484,-0.2512027,0.9931566,0.999494
0.99999106,0.21051411,0.94773155,0.65010625,0.99983597,-0.17148961,0.99183935,0.9992783
0.99998796,0.13892378,0.99980646,0.70990217,0.99952763,-0.25458482,-0.82898575,0.9992956
0.9999837,0.13833646,0.99981445,0.6823063,0.9994472,-0.25987077,-0.8366103,0.999138
0.99998015,0.13559802,0.9998219,0.6803689,0.99947965,-0.19111313,-0.83564794,0.9993556
0.9999875,0.19365668,0.9030183,0.49864155,0.9998163,-0.09941729,0.9941481,0.9991285
0.99998784,0.21438225,0.91616285,0.6569482,0.99981266,-0.16763848,0.9953128,0.9998311
0.9999878,0.21005982,0.9474599,0.63371193,0.99986166,-0.11960233,0.99293053,0.9998315
0.99998665,0.16235933,0.99983066,0.7630526,0.99946886,-0.24769323,-0.824921,0.9994063
0.999989,0.18369046,0.9234696,0.49824914,0.9998443,-0.17426564,0.99146014,0.9998576
0.9999881,0.19821957,0.99985284,0.83470696,0.9992986,-0.3036209,-0.8122782,0.99948364
0.9999884,0.23017752,0.9566014,0.74247926,0.99980265,-0.2021408,0.9935377,0.9998996
0.9999893,0.19344436,0.94918936,0.56911415,0.99981654,-0.14873733,0.9889983,0.9998148
0.9999836,0.10152427,0.9997625,0.662539,0.9995781,-0.26707965,-0.824203,0.99929607
0.9999917,0.20309877,0.94403285,0.6005318,0.9998452,-0.107547365,0.9930696,0.9999463
0.9999868,0.20043556,0.9154451,0.4636012,0.9998514,-0.11734046,0.99275076,0.9999504
0.9999852,0.12178898,0.9997612,0.62161505,0.9995413,-0.24521908,-0.8331342,0.99921733
0.999984,0.13739033,0.9998148,0.7056166,0.9995305,-0.22178438,-0.8311703,0.999339
0.9999837,0.14590423,0.9997994,0.69323075,0.9994669,-0.26008132,-0.8337604,0.99920136
0.99998325,0.11893061,0.99979395,0.5799767,0.9995577,-0.2060482,-0.837679,0.99897486
0.99998856,0.21964759,0.9234521,0.66491497,0.99981153,-0.17838871,0.9955098,0.99988586
0.9999838,0.14134277,0.9998219,0.7282505,0.9993643,-0.26059493,-0.83214724,0.99939483
0.99998796,0.24269265,0.9747781,0.7569544,0.99979883,-0.24186906,0.9893404,0.999278
0.9999887,0.22495402,0.9700017,0.7493068,0.99981356,-0.27137378,0.98939973,0.9999538
0.9999802,0.15038404,0.99983174,0.69021,0.9995643,-0.20733707,-0.8298618,0.9992572
0.99998295,0.11822194,0.99979514,0.60682774,0.99948484,-0.18656234,-0.8389951,0.9992535
0.99998367,0.15892315,0.99978656,0.6369793,0.99952525,-0.22186619,-0.837791,0.9992969
0.9999882,0.2132996,0.9412214,0.7308856,0.9997752,-0.21826628,0.99384975,0.99935246
0.9999873,0.16251697,0.9998346,0.7665346,0.99939615,-0.28405437,-0.8257148,0.9992743
0.9999844,0.13473544,0.9998057,0.71708214,0.99953747,-0.27075455,-0.82906604,0.99928194
0.999989,0.22208235,0.9527398,0.7396316,0.99979997,-0.1592199,0.99423313,0.9999886
0.99998826,0.2105402,0.94132185,0.7138566,0.9997849,-0.2129092,0.99433345,0.99987096
0.9999858,0.14922048,0.99980813,0.69742286,0.99951446,-0.24782926,-0.8238927,0.99938214
0.9999817,0.1286626,0.9998235,0.7534739,0.9994017,-0.28311297,-0.82781553,0.9993497
0.99998796,0.19678931,0.9205891,0.5763655,0.9998287,-0.11505547,0.9947241,0.99929696
0.99998647,0.20961913,0.9497173,0.5848886,0.99983627,-0.15151735,0.98959535,0.99998426
0.999985,0.18044089,0.99984205,0.78955126,0.99937284,-0.27563846,-0.8247954,0.99933714
0.99998903,0.22153695,0.959807,0.66653395,0.99985224,-0.14249112,0.9919379,0.99998164
0.99998575,0.17267992,0.9998231,0.71481276,0.9995161,-0.24060464,-0.8268359,0.9993096
0.9999884,0.20406634,0.93872476,0.63629085,0.9997818,-0.15992239,0.9940314,0.99999946
0.9999862,0.10268775,0.99975955,0.6408422,0.99953026,-0.24988334,-0.8304999,0.9993485
0.9999804,0.14913242,0.9998348,0.68809444,0.99946916,-0.22746271,-0.83332217,0.9991816
0.9999871,0.19480985,0.9400174,0.59401584,0.99985623,-0.15895313,0.9929337,0.99996555
0.9999891,0.22342242,0.9544941,0.73676443,0.999831,-0.19285615,0.99365264,0.99999094
0.9999795,0.11449323,0.99977916,0.6062226,0.99950826,-0.19414757,-0.8358127,0.999286
0.99998194,0.11753899,0.9998189,0.6083314,0.99954975,-0.12928401,-0.8398721,0.99929136
0.99998647,0.19952813,0.9222236,0.6279665,0.99980587,-0.16906615,0.9947443,0.9998618
0.999985,0.20581087,0.9062603,0.56009746,0.9998461,-0.09282259,0.9952717,0.99946624
0.9999822,0.12963252,0.99980253,0.7119146,0.99940956,-0.29136166,-0.83633876,0.9992586
0.99998873,0.21428639,0.9102496,0.49559194,0.99983597,-0.076031916,0.99397963,0.9993376
0.99998665,0.22002319,0.94277495,0.69467247,0.9997908,-0.20395526,0.9943112,0.9993156
0.99998826,0.16944379,0.9998309,0.78766525,0.9993284,-0.29925954,-0.82091904,0.9993537
0.9999835,0.15682864,0.99982595,0.7015956,0.9995292,-0.19688496,-0.8280439,0.9994645
0.9999868,0.21204263,0.9432532,0.63133985,0.99983954,-0.15728924,0.9928537,0.9998714
0.9999895,0.20197101,0.90439475,0.5539473,0.9998049,-0.1299288,0.9947999,0.99991715
0.9999914,0.19899593,0.92978895,0.61777055,0.99979216,-0.16083695,0.9935712,0.99998593
0.99998766,0.21542662,0.94035906,0.6242544,0.9998276,-0.16048305,0.9930361,0.99937326
0.9999839,0.2112063,0.9084864,0.63167727,0.9998316,-0.120035954,0.9955545,0.99995303
0.99998766,0.14909197,0.9998031,0.7356243,0.9994656,-0.27589315,-0.8285774,0.99929667
0.99998957,0.21494803,0.9393767,0.6740347,0.99984163,-0.13755287,0.99458224,0.9994005
0.9999868,0.13753238,0.9997662,0.6434785,0.99952024,-0.2149133,-0.8307235,0.99939364
0.9999875,0.1444931,0.9998105,0.6573173,0.99949753,-0.21391046,-0.83025616,0.99920964
0.9999897,0.21114828,0.9175455,0.60753435,0.999805,-0.16948448,0.9944535,0.9998688
0.9999885,0.17132019,0.9998261,0.7757749,0.9994853,-0.24818352,-0.8179537,0.9994087
0.99998593,0.21016414,0.9246813,0.6826864,0.9998335,-0.14783132,0.9959182,0.99996936
0.9999861,0.14377847,0.9998206,0.7484454,0.99941736,-0.28892007,-0.8257818,0.9991988
0.9999802,0.12916504,0.99982166,0.67224014,0.99944544,-0.23966655,-0.8367778,0.99919
0.9999907,0.23622827,0.9595109,0.79767454,0.9998299,-0.25807634,0.9942451,0.9993807
0.9999872,0.13295329,0.9997874,0.6400878,0.999502,-0.20066737,-0.8331023,0.9993422
0.9999836,0.2071515,0.9330731,0.6719152,0.9998098,-0.14585216,0.9951113,0.99996203
0.9999884,0.21089466,0.945959,0.6930066,0.9997993,-0.1819629,0.9936761,0.999969
0.99998915,0.20887953,0.95619065,0.6453581,0.99984753,-0.20549388,0.98930246,0.9998384
0.99998903,0.19945152,0.9361769,0.65355134,0.99982095,-0.2389418,0.99299,0.9993677
0.9999869,0.22206572,0.9306898,0.66060734,0.9998425,-0.18346734,0.9952318,0.9992992
0.99999005,0.23087318,0.9709686,0.75542486,0.99981326,-0.27967235,0.99005264,0.999977
0.999986,0.19406234,0.9313508,0.52683234,0.9998538,-0.097754695,0.9933044,0.9993343
0.99998325,0.11710683,0.99977934,0.563764,0.99956715,-0.1877628,-0.8384905,0.9992094
0.9999851,0.22028407,0.920154,0.6151465,0.9997812,-0.17311235,0.99375236,0.99936944
0.9999913,0.22452673,0.969185,0.741305,0.9998276,-0.22942446,0.9888179,0.9992345
0.9999872,0.20623577,0.9089037,0.5563278,0.99981636,-0.095026225,0.9949559,0.99995464
0.99998796,0.20699975,0.93794304,0.6877785,0.999803,-0.1570061,0.9945699,0.99937415
0.99998766,0.18828803,0.94071835,0.53187543,0.9998617,-0.13238904,0.9907161,0.99940795
0.99998593,0.21922176,0.92520094,0.6522057,0.99981827,-0.16440602,0.99462324,0.9993855
0.99998146,0.13837376,0.9997989,0.65335464,0.99944437,-0.2037627,-0.8396863,0.9993436
0.99998593,0.1639982,0.9998359,0.74001,0.9994598,-0.22359921,-0.82489324,0.9994183
0.9999864,0.16337804,0.9998282,0.7045706,0.9994293,-0.21455285,-0.8273054,0.9993277
0.99998635,0.2040732,0.9262975,0.67785484,0.99980617,-0.15085243,0.99516755,0.99919206
0.999988,0.20426989,0.91725487,0.56569284,0.99984527,-0.072788395,0.99498945,0.9994408
0.9999849,0.14677233,0.99979997,0.6894759,0.9994287,-0.21313213,-0.8342148,0.99936366
0.9999865,0.15285705,0.9998122,0.77795845,0.99937433,-0.31068426,-0.82470465,0.999366
0.99998736,0.17541435,0.999833,0.8200244,0.9993864,-0.29160014,-0.80858135,0.99948853
0.9999871,0.21225692,0.9141094,0.6373873,0.9998072,-0.107034996,0.99639523,0.99985033
0.9999888,0.22192848,0.9335207,0.6676323,0.9998221,-0.13767661,0.9951926,0.9998744
0.9999904,0.24825896,0.96474576,0.81048036,0.9997437,-0.25692207,0.99310905,0.99986464
0.9999799,0.11866347,0.99980485,0.6268141,0.9994967,-0.23400283,-0.8383348,0.9990749
0.9999897,0.21795152,0.9647365,0.7540698,0.99980056,-0.26294574,0.9921377,0.9999854
0.999988,0.20291317,0.92638284,0.62487894,0.9998091,-0.16477226,0.9946738,0.99999964
0.99998784,0.19883086,0.8995918,0.52612156,0.99985003,-0.057592724,0.9956289,0.99946237
0.99998724,0.22157027,0.9213498,0.7014867,0.99979824,-0.15632407,0.9955259,0.9992899
0.999988,0.20788121,0.9515355,0.68598855,0.9998569,-0.20740975,0.99241376,0.99924153
0.9999875,0.20861311,0.93647146,0.6691105,0.999817,-0.16658933,0.9947102,0.9999721
0.9999885,0.14544676,0.9998183,0.8095842,0.99943745,-0.3278794,-0.8155104,0.9994067
0.99998647,0.16171277,0.9997991,0.66617954,0.99945724,-0.23151459,-0.8309531,0.9993105
0.9999847,0.21041821,0.890254,0.45737582,0.9997919,-0.09050109,0.99490505,0.99986184
0.9999873,0.14781575,0.9998055,0.7005255,0.9994243,-0.2010938,-0.82599384,0.9994436
0.99998844,0.19636561,0.9357581,0.6159822,0.99978656,-0.18267928,0.9924059,0.99935067
0.99998784,0.20929463,0.9537539,0.6934347,0.9998234,-0.17955022,0.99288887,0.9993954
0.99998665,0.19070874,0.9126957,0.49705794,0.99979985,-0.1345713,0.99323773,0.9991891
0.9999854,0.22127359,0.8923323,0.5177367,0.9998467,-0.04153761,0.9962762,0.9999861
0.9999875,0.21355708,0.9396151,0.6181251,0.9998542,-0.112747096,0.99363405,0.9993576
0.9999888,0.1880831,0.9998331,0.72222924,0.99959177,-0.21001384,-0.82158643,0.9992479
0.9999843,0.22096129,0.92905384,0.7530081,0.9997924,-0.1805862,0.995916,0.9992701
0.99998707,0.20587364,0.8695092,0.50011456,0.99979985,-0.09520565,0.99595255,0.9992021
0.99998647,0.20453851,0.9026569,0.56467736,0.9998165,-0.13778195,0.9955692,0.99916786
0.9999819,0.2130463,0.89651275,0.639213,0.9998544,-0.07286345,0.99683815,0.9992118
0.9999869,0.1843952,0.9285036,0.47227833,0.99980444,-0.12107703,0.99181,0.9992653
0.99998534,0.14923027,0.99978846,0.5669682,0.99957484,-0.11675732,-0.83502793,0.9994108
0.9999843,0.15301515,0.9998163,0.7218497,0.999527,-0.27164754,-0.8261659,0.9992296
0.9999876,0.21279007,0.9348994,0.6304685,0.9998688,-0.14296375,0.99343,0.9999612
0.9999849,0.15115815,0.9998114,0.68836284,0.9994369,-0.22599053,-0.8289799,0.9994207
0.99998844,0.14581177,0.9998029,0.7559474,0.99932617,-0.30478472,-0.83084154,0.99926704
0.9999891,0.21540518,0.9432965,0.6392534,0.9998268,-0.12467358,0.993477,0.99928916
0.99998903,0.22769667,0.95111537,0.73985755,0.99980414,-0.1969535,0.9939621,0.999978
0.9999862,0.13839002,0.99978805,0.59479403,0.9995297,-0.16555476,-0.83435273,0.99932855
0.99998546,0.118325144,0.9997851,0.6037215,0.9995543,-0.19751285,-0.83240396,0.9992866
0.9999863,0.21035367,0.94102615,0.6560822,0.99981034,-0.16170147,0.9941225,0.9993008
0.99998534,0.21051499,0.9197741,0.57039416,0.9998219,-0.11837166,0.9945082,0.9993002
0.9999865,0.13551463,0.9997546,0.59449327,0.99950135,-0.23724966,-0.83674514,0.9991393
0.9999863,0.14686954,0.9998037,0.68684644,0.9994351,-0.20374712,-0.83163,0.9994207
0.9999818,0.12616993,0.9998008,0.6631213,0.99940467,-0.2472296,-0.84012634,0.9992248
0.9999915,0.21819212,0.96980655,0.7588959,0.9998201,-0.2484003,0.99008554,0.9999808
0.999983,0.15292254,0.9998229,0.6911002,0.9994819,-0.20659049,-0.8309463,0.99941134
0.9999904,0.22751623,0.9588901,0.7608037,0.9998161,-0.25793746,0.9939875,0.9993626
0.99998766,0.17138399,0.9998233,0.7723007,0.99950683,-0.29843575,-0.82400537,0.9992912
0.99998826,0.1884816,0.929171,0.5691576,0.9998053,-0.12892872,0.993593,0.9993748
0.99998254,0.14867863,0.9998153,0.70752347,0.9994541,-0.2772741,-0.8302865,0.99925905
0.999985,0.21908925,0.913635,0.75632745,0.99979377,-0.18717153,0.9970295,0.9993987
0.99999017,0.22884512,0.9597267,0.75284326,0.9998273,-0.19426624,0.9936589,0.9992734
0.9999866,0.16768774,0.9998316,0.7563808,0.9995247,-0.2622247,-0.82008016,0.99925774
0.9999864,0.14923604,0.99982375,0.74280703,0.9995345,-0.25646752,-0.8246891,0.99927115
0.9999861,0.22653155,0.9491071,0.64523125,0.99979734,-0.15690471,0.993439,0.9993274
0.9999875,0.1454366,0.9997854,0.71687573,0.99943984,-0.26628044,-0.82974464,0.9993481
0.99998516,0.22469577,0.9341229,0.6807809,0.9998388,-0.1333704,0.9953283,0.99995935
0.9999894,0.213017,0.94500345,0.6954986,0.99979955,-0.19745247,0.99370027,0.99998325
0.9999908,0.22092922,0.9623275,0.7041657,0.99983764,-0.21445769,0.9915989,0.9999712
0.9999849,0.22821574,0.9387828,0.7163665,0.9997892,-0.18718427,0.99537694,0.9994128
0.9999804,0.104024224,0.9997861,0.63199663,0.99951166,-0.22473794,-0.8378734,0.9992308
0.9999893,0.15271033,0.9998078,0.7752922,0.9994266,-0.31086338,-0.8208591,0.99939245
0.9999836,0.12553051,0.99978566,0.58547443,0.999471,-0.1472243,-0.83948547,0.999431
0.99998856,0.2082762,0.9515835,0.67980665,0.99984336,-0.18616426,0.99300206,0.99924934
0.9999864,0.26646808,0.9666026,0.8461578,0.99973273,-0.2759606,0.9946662,0.9998454
0.999987,0.21614958,0.93218553,0.71126974,0.9998198,-0.17165555,0.9957858,0.99943554
0.99998754,0.20496154,0.9462054,0.622719,0.99987715,-0.10001575,0.99327695,0.99928635
0.99998474,0.21595724,0.9344763,0.6696271,0.9998105,-0.12598526,0.9958713,0.999972
0.9999871,0.23472865,0.9472129,0.7479564,0.99980175,-0.20344372,0.99516696,0.9998139
0.9999853,0.18285373,0.91353846,0.47133008,0.9998095,-0.104766674,0.9935243,0.9998789
0.9999882,0.1957086,0.9998598,0.84659415,0.99930155,-0.33236754,-0.81055963,0.99943167
0.99999136,0.21603514,0.9581225,0.7769958,0.9997586,-0.30145648,0.9904261,0.99927247
0.99998957,0.21298103,0.9089707,0.68648803,0.99979913,-0.17436172,0.99619395,0.9998749
0.9999875,0.2558343,0.9779283,0.7868142,0.9998257,-0.23214814,0.9904433,0.9999895
0.99998325,0.20632811,0.8802654,0.52331024,0.99985945,-0.020449208,0.9968275,0.99947274
0.9999824,0.1460323,0.9998365,0.7246975,0.99941194,-0.24416968,-0.8285217,0.9993367
0.99999017,0.2088361,0.9395395,0.73191404,0.9998072,-0.21237448,0.99464864,0.9999759
0.99998134,0.11651713,0.9997913,0.5995621,0.9995333,-0.19536671,-0.83738303,0.9993443
0.9999823,0.09853265,0.9997755,0.42462313,0.9995929,-0.054732036,-0.8389402,0.99937004
0.99998885,0.2070714,0.9461833,0.6401184,0.9998529,-0.15023082,0.9934223,0.9998413
0.99999034,0.23302978,0.97193235,0.7599951,0.9997841,-0.2533858,0.9881181,0.99995345
0.99998605,0.20896968,0.9257376,0.6742779,0.999822,-0.15049668,0.9954362,0.9993197
0.9999833,0.14439182,0.9998151,0.64071006,0.99955904,-0.17121448,-0.8303735,0.9993862
0.9999891,0.2297834,0.9588754,0.7711328,0.9997891,-0.22604853,0.9933035,0.9999249
0.99998915,0.22556269,0.94852936,0.7477004,0.99979854,-0.2072024,0.9940803,0.9992149
0.99998677,0.22408497,0.9228067,0.7359481,0.99980855,-0.17812881,0.9966121,0.9999497
0.99998856,0.21380654,0.9492342,0.57694805,0.9998642,-0.08998718,0.99242276,0.99998444
0.9999852,0.15533516,0.99982953,0.7101639,0.99947304,-0.23896585,-0.8266935,0.9992322
0.99998844,0.23763166,0.9683375,0.7251655,0.99983335,-0.20017122,0.99066776,0.9992937
0.9999838,0.13011326,0.9997887,0.57085216,0.99964243,-0.1930003,-0.8398433,0.9990403
0.9999883,0.1899874,0.9515329,0.46381703,0.9998491,-0.13128792,0.986523,0.9999532
0.9999879,0.14453828,0.9997982,0.70601904,0.9995303,-0.250415,-0.82728416,0.99931484
0.9999884,0.2140256,0.95514554,0.7405201,0.99982667,-0.231645,0.99335515,0.9998314
0.99999034,0.20040508,0.9577823,0.69196695,0.9998236,-0.2198288,0.99110395,0.99923515
0.99998677,0.15765,0.9998188,0.6602969,0.9995215,-0.16664591,-0.8271061,0.9994303
0.9999864,0.215439,0.909761,0.5459321,0.99983984,-0.09593342,0.99556476,0.99928564
0.99998444,0.12941173,0.9997984,0.6880288,0.99953127,-0.24666743,-0.82847655,0.99931836
0.99998724,0.19703186,0.8896626,0.3778054,0.99984825,-0.04956977,0.99422383,0.9993378
0.99998397,0.14956307,0.9998004,0.64461315,0.99949044,-0.22760788,-0.8358803,0.999204
0.9999874,0.20246384,0.94273967,0.63139653,0.9997964,-0.19249529,0.99164134,0.9993998
0.99998724,0.20062704,0.9216149,0.5299112,0.99986345,-0.08915987,0.99337226,0.99937713
0.99998814,0.21134223,0.9194327,0.6517881,0.9998196,-0.14871489,0.9962563,0.9999539
0.99999034,0.21265642,0.9567682,0.73679405,0.99978805,-0.21814235,0.992845,0.9992402
0.9999869,0.20789458,0.9249687,0.59039426,0.99984264,-0.12539144,0.9943399,0.9991982
0.99998385,0.12770554,0.99978703,0.6690486,0.9994855,-0.2454213,-0.835877,0.9992319
0.9999861,0.1772669,0.9998303,0.79341847,0.99930876,-0.31309262,-0.8264343,0.9993606
0.9999858,0.21103427,0.91447407,0.58358824,0.9998372,-0.12243855,0.99514526,0.9992698
0.99998826,0.21329229,0.9420136,0.64694,0.9998186,-0.11376051,0.9945837,0.99995357
0.9999888,0.21484765,0.9263167,0.65409803,0.99980974,-0.17803437,0.99458987,0.99934477
0.99998736,0.15073225,0.9998204,0.6945756,0.9995253,-0.20592652,-0.82284206,0.99931645
0.999988,0.17160302,0.9998217,0.76919115,0.9994501,-0.22341265,-0.8184383,0.9995314
0.9999896,0.21493967,0.95863426,0.7930558,0.9998581,-0.23102385,0.99480087,0.99920577
0.9999903,0.22478762,0.9519888,0.7308738,0.99979836,-0.19829519,0.99335045,0.9999457
0.99998856,0.23479468,0.95940906,0.7561164,0.9997893,-0.21008523,0.9936138,0.99950844
0.99998534,0.11704308,0.99978936,0.6048076,0.9995069,-0.15498832,-0.83756644,0.9993619
0.9999898,0.24501137,0.9491586,0.7999027,0.9996683,-0.28980255,0.9947563,0.9999845
0.9999847,0.19952247,0.9054642,0.5410893,0.99977267,-0.15676494,0.994946,0.99999887
0.99998856,0.21281546,0.94516355,0.6459923,0.99984944,-0.17138863,0.993002,0.9999815
0.9999886,0.20287953,0.9400406,0.6095152,0.9998511,-0.1487984,0.99307907,0.9999757
0.9999889,0.23821911,0.937669,0.75324136,0.9997868,-0.19050708,0.9958188,0.9993044
0.9999851,0.18476234,0.99985254,0.83362675,0.99928683,-0.35437486,-0.80929303,0.9992283
0.9999842,0.13753472,0.99980915,0.62593865,0.9994976,-0.17046979,-0.8370878,0.9992978
0.9999854,0.13662758,0.9997943,0.7037529,0.9994769,-0.23278283,-0.8252232,0.99947137
0.9999867,0.19856167,0.9278926,0.4872201,0.9998525,-0.072227776,0.9939699,0.99998415
0.99998796,0.22931828,0.9666817,0.7145869,0.99981374,-0.20235534,0.9908581,0.999968
0.9999833,0.16243604,0.99982566,0.71236986,0.99945533,-0.23459288,-0.8249235,0.9993476
0.99998915,0.24624968,0.96786153,0.8100173,0.99977106,-0.30273458,0.9917194,0.99987
0.99998724,0.14212981,0.9997834,0.61837476,0.9995149,-0.19035003,-0.8371974,0.99939847
0.9999903,0.14060034,0.9997894,0.704415,0.99947906,-0.25501385,-0.8254771,0.99934417
0.9999799,0.120379,0.9998007,0.64608073,0.99946076,-0.20939611,-0.8371056,0.99931246
0.9999885,0.14461628,0.99981797,0.6417067,0.9996022,-0.19266991,-0.82239723,0.9993417
0.999984,0.20879976,0.9018369,0.5729133,0.99982095,-0.07406633,0.99620885,0.9999801
0.99998873,0.2253612,0.94049203,0.684219,0.9998255,-0.19637333,0.99435,0.9993337
0.99998826,0.20622061,0.9666691,0.70380545,0.9998257,-0.19191977,0.99049145,0.9999785
0.99998736,0.2092753,0.93231285,0.6762016,0.99983966,-0.15439546,0.9957516,0.99984664
0.99998754,0.18724383,0.93240136,0.6227725,0.99979985,-0.15603681,0.9944568,0.999856
0.9999869,0.20066462,0.9336673,0.4812219,0.9998486,-0.12212383,0.9903682,0.9991848
0.999989,0.22759748,0.95115936,0.7654423,0.9997733,-0.19766743,0.99404866,0.9993351
0.9999823,0.13122354,0.99982643,0.6499183,0.9995006,-0.1937226,-0.8350517,0.99916244
0.99998283,0.14676072,0.9998239,0.6479361,0.9995755,-0.16924304,-0.83161205,0.9993297
0.9999901,0.15557119,0.9998207,0.7569536,0.9994327,-0.2733384,-0.8209366,0.99931335
0.999986,0.22334203,0.91669804,0.631307,0.9998212,-0.13890214,0.99585277,0.99991286
0.99998474,0.13193333,0.9997702,0.5918408,0.9995301,-0.1966556,-0.82928586,0.9994425
0.9999853,0.14670949,0.9998089,0.666878,0.99951124,-0.2059134,-0.83636796,0.9991944
0.9999865,0.21217561,0.92756295,0.52611023,0.9998395,-0.11395683,0.99389917,0.9999589
0.9999875,0.2166097,0.9520999,0.62526226,0.99982727,-0.15029508,0.99221134,0.99932575
0.9999859,0.21269134,0.8894339,0.5831361,0.99983263,-0.12614688,0.99647623,0.99983346
0.999987,0.21549836,0.9247881,0.62130904,0.9998163,-0.17365368,0.99460334,0.99942243
0.99998856,0.20896259,0.92040944,0.55175734,0.9998263,-0.1455114,0.99343145,0.9994523
0.9999874,0.21152604,0.9514371,0.733303,0.99980474,-0.22434708,0.9935029,0.99984384
0.9999811,0.13494113,0.9998244,0.6537638,0.9994879,-0.19268538,-0.82745,0.99936
0.9999869,0.13141714,0.99978393,0.6446142,0.9995559,-0.22097687,-0.82813513,0.999316
0.99998546,0.20128942,0.946978,0.703582,0.9998486,-0.17346239,0.9943533,0.9993085
0.9999865,0.2028677,0.9166308,0.5853303,0.99985063,-0.13011912,0.99478644,0.9999784
0.9999892,0.237226,0.9669861,0.8023561,0.99979556,-0.2733166,0.9914472,0.9993769
0.9999885,0.15500145,0.99981225,0.71961135,0.9994599,-0.2628093,-0.82745814,0.9992481
0.9999886,0.21454546,0.94665927,0.6350046,0.9998025,-0.1990593,0.993198,0.9999105
0.9999884,0.19827709,0.9303968,0.61246127,0.99984413,-0.15341535,0.99404866,0.99998903
0.9999889,0.23482202,0.97196054,0.7606525,0.99981207,-0.30170175,0.9900289,0.9993399
0.99998266,0.19277692,0.90541375,0.47410318,0.9998289,-0.07345636,0.9945552,0.99995846
0.99998564,0.16245267,0.999836,0.81883657,0.99930036,-0.32938915,-0.8160833,0.9992995
0.9999857,0.25600356,0.97243875,0.8404952,0.9997906,-0.27743044,0.99370944,0.9992772
0.99998856,0.22896796,0.9499023,0.7493273,0.9998247,-0.20300998,0.99493223,0.99922246
0.9999902,0.20540135,0.93159634,0.59724736,0.9998092,-0.160852,0.99226147,0.99998575
0.9999881,0.20983443,0.94477916,0.74843144,0.9998255,-0.23447274,0.99504507,0.99985486
0.99998504,0.18797447,0.999869,0.8554492,0.99923295,-0.34414595,-0.8141561,0.99929196
0.9999843,0.12651101,0.9998084,0.70773214,0.99953955,-0.2278217,-0.82399744,0.99938
0.9999882,0.2080842,0.92175174,0.6340993,0.9998067,-0.15679634,0.99459475,0.9992951
0.9999869,0.20338598,0.9073335,0.5368456,0.99982053,-0.09654543,0.9947226,0.9998657
0.9999844,0.13577063,0.99979866,0.6603019,0.9994435,-0.21667732,-0.83578396,0.99929696
0.999986,0.20301493,0.92826015,0.6280745,0.99981034,-0.1718288,0.9945627,0.9998447
0.99998623,0.22029497,0.93422186,0.6821463,0.9997993,-0.15455496,0.99524826,0.9993194
0.99998224,0.13630456,0.9998189,0.65857923,0.9994301,-0.19978966,-0.83502007,0.9991767
0.99998397,0.13509426,0.9998125,0.72926676,0.99944437,-0.27135426,-0.8300885,0.9992602
0.99998134,0.14271718,0.9998032,0.63308895,0.99952716,-0.17733592,-0.83643603,0.99939287
0.9999918,0.20005538,0.963353,0.64014804,0.9998716,-0.17847592,0.9880555,0.9993005
0.99998724,0.22142689,0.9636918,0.7163045,0.9998545,-0.17424487,0.99143827,0.9993981
0.9999856,0.13732785,0.99978054,0.58937424,0.9995924,-0.20272718,-0.83231974,0.9992594
0.99999005,0.23323792,0.9830612,0.7986008,0.999834,-0.31063277,0.98306495,0.9994429
0.99999034,0.22361058,0.9535807,0.7554784,0.99980694,-0.2598675,0.99268275,0.99942154
0.99998224,0.11939588,0.9997863,0.63953424,0.9995618,-0.22385727,-0.82835126,0.9992522
0.99998975,0.2037757,0.9144083,0.51713383,0.99984926,-0.1088231,0.9937411,0.99913293
0.9999826,0.2162649,0.91214925,0.6014,0.9998337,-0.06600213,0.99575883,0.99927336
0.9999861,0.16100374,0.9998467,0.80775136,0.9992537,-0.32440746,-0.82105803,0.999254
0.99998814,0.22670141,0.95405126,0.7316053,0.9997947,-0.17721443,0.9939855,0.99922097
0.9999813,0.13546804,0.9998163,0.6984844,0.99940056,-0.24697992,-0.8314879,0.99916816
0.99998635,0.18953896,0.9154854,0.51479447,0.99985427,-0.09100666,0.9936747,0.9992561
0.9999854,0.14476492,0.99977577,0.61990523,0.9995114,-0.20399174,-0.837352,0.99928427
0.9999866,0.15794505,0.9998133,0.7500592,0.9993823,-0.26570994,-0.8248825,0.99942887
0.9999909,0.20928273,0.9596786,0.67844754,0.99980015,-0.2074652,0.9907049,0.99921864
0.9999869,0.20221984,0.91654253,0.509923,0.9998263,-0.11928324,0.99437666,0.99999386
0.9999872,0.13760357,0.99981195,0.78775156,0.9993833,-0.33012277,-0.8214867,0.99927783
0.99998635,0.20478126,0.9279846,0.66490257,0.9997904,-0.16861032,0.9949575,0.9998599
0.9999915,0.20340043,0.95130265,0.5992674,0.99985015,-0.15555154,0.99100786,0.99996656
0.9999864,0.18864565,0.99984485,0.80172926,0.99929386,-0.30429074,-0.81682277,0.9993571
0.99998415,0.14519012,0.9998067,0.71322346,0.9993788,-0.24914463,-0.8295584,0.99935573
0.9999873,0.20324382,0.93354815,0.53982556,0.99984235,-0.10750649,0.99334043,0.9993766
0.99998665,0.14682601,0.99980545,0.70501614,0.9994845,-0.22390611,-0.82715774,0.99939877
0.9999885,0.15256737,0.99979216,0.6944172,0.9994572,-0.24610989,-0.8324625,0.9993545
0.9999857,0.22276168,0.94080377,0.659058,0.99982464,-0.14173763,0.9942533,0.9992884
0.9999871,0.22542818,0.9522497,0.70859885,0.9997817,-0.18040696,0.9936158,0.9992874
0.9999824,0.15008967,0.9998207,0.6512603,0.999461,-0.20452246,-0.8333928,0.99923927
0.999987,0.17921507,0.99983877,0.7344328,0.9993807,-0.18916771,-0.8251904,0.99940205
0.999985,0.16088627,0.9998251,0.7485672,0.99950045,-0.2589687,-0.81970584,0.9993336
0.99998736,0.2002469,0.9097149,0.58205545,0.9998103,-0.12875797,0.99467146,0.9999587
0.9999874,0.1624762,0.9998261,0.7522182,0.9994178,-0.25012115,-0.8236709,0.9994252
0.9999879,0.20126449,0.92115444,0.58116674,0.9997815,-0.15851983,0.9926173,0.9993088
0.99998635,0.21915166,0.94536257,0.682591,0.99979955,-0.14539926,0.9939767,0.9999995
0.99998945,0.23216952,0.9641835,0.77767724,0.99978346,-0.2638352,0.9928963,0.99985963
0.99998426,0.12944846,0.9997903,0.71899295,0.9994102,-0.23292203,-0.8252953,0.99952364
0.9999869,0.18599673,0.99984634,0.8029987,0.9993137,-0.31523928,-0.81876856,0.99920607
0.9999854,0.1351171,0.99978983,0.69177854,0.99950415,-0.21689309,-0.8254546,0.9994975
0.9999893,0.2013036,0.94170296,0.71251965,0.9997517,-0.2234177,0.9944772,0.99999523
0.9999884,0.19588123,0.9395054,0.612834,0.99977875,-0.17326276,0.99373835,0.9998531
0.9999874,0.14624953,0.99978185,0.713941,0.9994262,-0.2631448,-0.83053005,0.99945414
0.9999891,0.2261481,0.97269803,0.7883457,0.9997791,-0.25527963,0.98918575,0.99984527
0.9999874,0.14254466,0.9997644,0.6228379,0.99956274,-0.19665787,-0.82717043,0.9994515
0.99998724,0.2155819,0.9389751,0.60673356,0.99983037,-0.1297814,0.99358934,0.9997947
0.99998313,0.112030484,0.999792,0.6409018,0.9994302,-0.23418815,-0.8393394,0.99926466
0.99999017,0.19352643,0.96169525,0.6530436,0.99980164,-0.19857214,0.9873977,0.999974
0.9999841,0.16932479,0.99982315,0.73367214,0.99939984,-0.2114585,-0.8259069,0.9994683
0.99998415,0.10813639,0.99977875,0.5808344,0.9995924,-0.17926186,-0.8327675,0.9993413
0.9999849,0.17828946,0.9998356,0.81241935,0.999279,-0.33336595,-0.82464254,0.999294
0.9999866,0.23316924,0.96022356,0.72489804,0.9998107,-0.1956407,0.9935436,0.99929875
0.9999905,0.14819391,0.99981266,0.7562562,0.99946636,-0.2620586,-0.8184813,0.9993879
0.99997973,0.16985479,0.9998503,0.75505304,0.999269,-0.25915194,-0.8296742,0.9992925
0.9999852,0.12183942,0.9998123,0.68240833,0.9994233,-0.20125276,-0.8338862,0.9992939
0.99998635,0.12541538,0.9997919,0.6059438,0.9996076,-0.17168866,-0.833094,0.99931335
0.9999893,0.22662632,0.97098726,0.73218095,0.99984205,-0.22788855,0.98904914,0.99984366
0.9999872,0.19664195,0.9228751,0.6743595,0.9998273,-0.18017857,0.99490255,0.99999946
0.9999868,0.20038033,0.9373943,0.55485636,0.999864,-0.12847237,0.99307764,0.99929994
0.9999899,0.22293349,0.952953,0.71468866,0.9998588,-0.18129724,0.99345034,0.9998075
0.9999875,0.20129818,0.91237426,0.55841947,0.99984574,-0.15307075,0.99539405,0.9999994
0.9999905,0.16861174,0.99981225,0.7548311,0.9995056,-0.2355772,-0.8173692,0.9994942
0.99998707,0.16788392,0.999823,0.7044236,0.9994195,-0.22385944,-0.82852775,0.9993677
0.9999886,0.15392882,0.99979323,0.73857564,0.9994887,-0.23529096,-0.8263694,0.9994552
0.9999881,0.22431427,0.9559408,0.7134576,0.9998271,-0.18900739,0.9922935,0.9999993
0.9999907,0.20300283,0.9605326,0.6785525,0.9998195,-0.2343598,0.99053705,0.9998543
0.9999865,0.20722173,0.9483883,0.6435322,0.9998295,-0.1966164,0.9922188,0.9999537
0.9999884,0.17941947,0.999813,0.7584928,0.9993659,-0.26143566,-0.8268701,0.9993611
0.9999868,0.15013427,0.999833,0.72761524,0.999413,-0.23375025,-0.8302283,0.99942404
0.9999881,0.1597238,0.9998067,0.746837,0.9995084,-0.25247297,-0.8249582,0.99936545
0.9999842,0.158276,0.99981433,0.6864319,0.99947774,-0.24531704,-0.83684456,0.999268
0.9999821,0.1536624,0.9998313,0.6998754,0.9994738,-0.23571254,-0.83099246,0.9992683
0.9999883,0.22251803,0.91912174,0.6800331,0.9998177,-0.17686157,0.99604696,0.9997548
0.99998987,0.23673536,0.9636317,0.8042047,0.99980175,-0.2504599,0.99322444,0.999994
0.9999827,0.15598935,0.99983674,0.7011714,0.99951875,-0.19259217,-0.8320144,0.9993426
0.999986,0.2099988,0.9175786,0.6862135,0.9998283,-0.17743063,0.9961996,0.9998609
0.9999856,0.21405004,0.91261613,0.6440329,0.99981105,-0.14435293,0.99583775,0.999161
0.9999869,0.19540131,0.94588095,0.6103045,0.9998399,-0.18685861,0.9908874,0.99942183
0.99998564,0.15752326,0.9998406,0.7674269,0.9992933,-0.3097014,-0.82892174,0.9991922
0.99998415,0.1233986,0.99978256,0.6141654,0.9994996,-0.1892518,-0.8384762,0.9993475
0.9999863,0.12269121,0.9997621,0.5391501,0.99960554,-0.17265213,-0.83846897,0.99919987
0.9999878,0.15105715,0.9998038,0.63464826,0.99955785,-0.20075169,-0.83235663,0.99926764
0.9999852,0.21399969,0.9034655,0.6486649,0.99980664,-0.14322041,0.99643713,0.9993985
0.999981,0.12526666,0.9998008,0.55091894,0.9996198,-0.1340098,-0.8343028,0.9992381
0.9999886,0.2074316,0.93419135,0.6201676,0.99977136,-0.1770435,0.99314356,0.9994677
0.99998444,0.14234036,0.9998208,0.7692004,0.999209,-0.31088355,-0.83120584,0.9992284
0.99998474,0.1500226,0.9998143,0.72533363,0.9993738,-0.27964222,-0.833389,0.99925715
0.99998564,0.14544335,0.99981356,0.69629395,0.99946505,-0.25750327,-0.8338697,0.999219
0.9999899,0.18999279,0.9240463,0.52565634,0.99985313,-0.116465636,0.9936316,0.99922544
0.99998426,0.14759308,0.99979484,0.6837234,0.9995039,-0.20176299,-0.82933664,0.99945194
0.9999891,0.22596356,0.92132217,0.754159,0.9997505,-0.18634956,0.9968469,0.9999374
0.99998534,0.11663807,0.9997872,0.64176965,0.99954873,-0.24548909,-0.8326236,0.9991471
0.9999904,0.21938309,0.9500154,0.7051214,0.9998354,-0.22728992,0.9934183,0.9999795
0.99998343,0.1361305,0.99982035,0.71687853,0.9994981,-0.24069092,-0.83099276,0.99934435
0.9999834,0.11656999,0.9997965,0.70209247,0.9995175,-0.25640345,-0.8285706,0.9993534
0.9999915,0.21091661,0.96383154,0.6761589,0.99983436,-0.19135885,0.9899424,0.9992886
0.9999853,0.14084905,0.99982625,0.73990345,0.99938875,-0.27104995,-0.82930887,0.99928695
0.9999852,0.14094816,0.9998157,0.7092923,0.99949956,-0.24268569,-0.83228815,0.9993315
0.9999911,0.2599502,0.96642333,0.82995033,0.99978703,-0.2652964,0.994267,0.99934196
0.9999872,0.20774953,0.9266288,0.6865858,0.9998314,-0.16238417,0.9956439,0.99995893
0.99998635,0.16553885,0.99982506,0.78770584,0.99933463,-0.32353863,-0.8212906,0.9993234
0.9999914,0.22144902,0.948312,0.6959752,0.9998235,-0.18301395,0.9930449,0.99982435
0.9999887,0.2222516,0.9236235,0.7137391,0.9997666,-0.20729248,0.9959748,0.99932164
0.99998343,0.11724178,0.999754,0.59890354,0.99955946,-0.20747285,-0.8339371,0.9993258
0.9999833,0.13313118,0.9997903,0.5723988,0.9995812,-0.1370013,-0.8359371,0.99933606
0.9999859,0.21691372,0.9214754,0.68944,0.9997804,-0.1796922,0.995861,0.99936396
0.9999833,0.13035722,0.99981046,0.6450186,0.9995172,-0.21240863,-0.83176214,0.99919456
0.999983,0.1348828,0.9997908,0.6294954,0.99944293,-0.22035348,-0.83950144,0.9992679
0.99998385,0.1583354,0.9998304,0.77600366,0.99935013,-0.3290837,-0.82869935,0.99921805
0.9999847,0.14501356,0.9998075,0.752234,0.99946064,-0.27361676,-0.8234297,0.9994512
0.99998546,0.14701685,0.99979645,0.6557619,0.99950653,-0.2075572,-0.83389014,0.9993866
0.99998766,0.16055478,0.9998185,0.6610515,0.99955344,-0.21364067,-0.8308406,0.9991626
0.9999835,0.1182959,0.99980164,0.69879055,0.9993703,-0.2764787,-0.8357597,0.9991794
0.9999797,0.14734241,0.9998121,0.6957536,0.9993194,-0.2787147,-0.84033847,0.9990608
0.9999885,0.20327426,0.9392593,0.53069586,0.99986637,-0.09118102,0.9925361,0.99999905
0.99998695,0.1373639,0.9997982,0.68510497,0.9993822,-0.25435388,-0.8339163,0.99921876
0.9999913,0.2440868,0.9709412,0.8361976,0.9998071,-0.31690958,0.9928402,0.99933714
0.9999818,0.11534294,0.9998082,0.62732327,0.999508,-0.18308546,-0.8371484,0.999282
0.99998635,0.17238773,0.9998519,0.76871896,0.99941385,-0.25587055,-0.82230175,0.99934524
0.9999824,0.15195386,0.9998321,0.72272444,0.99941456,-0.25660443,-0.83404,0.9992564
0.9999889,0.2078732,0.9197776,0.60409856,0.9998286,-0.109948985,0.99546117,0.9999894
0.99998426,0.14223759,0.999842,0.7208892,0.99938935,-0.24186051,-0.8291967,0.9992293
0.9999886,0.22292818,0.91061246,0.6563977,0.9998387,-0.123064935,0.9960378,0.9993845
0.9999858,0.1260862,0.9997991,0.63575506,0.9995744,-0.19618665,-0.8360636,0.99923664
0.9999894,0.18628909,0.9483379,0.58642495,0.9998594,-0.16242996,0.99035233,0.9992965
0.9999874,0.2273169,0.9641195,0.75025433,0.99979454,-0.20799632,0.99185807,0.9993737
0.9999845,0.12613428,0.99979204,0.6437241,0.99950063,-0.22925816,-0.83410597,0.9992802
0.9999858,0.1609369,0.99978334,0.6578932,0.99947584,-0.20804062,-0.83096176,0.99939644
0.9999859,0.18869767,0.8982321,0.44389907,0.99980783,-0.1246994,0.9935869,0.99983525
0.9999886,0.20540991,0.9534988,0.6118992,0.99980676,-0.18788126,0.9900183,0.9993464
0.9999865,0.15992019,0.9997971,0.73923635,0.9994206,-0.27895212,-0.823818,0.9994068
0.9999821,0.15240535,0.9998064,0.65315795,0.9995275,-0.202801,-0.8298228,0.9992799
0.99998605,0.22228101,0.9207066,0.7108983,0.9998144,-0.12478776,0.9963689,0.9999575
0.9999862,0.15646993,0.99981624,0.7162899,0.99950826,-0.25077903,-0.83003545,0.999331
0.9999847,0.1473347,0.9998266,0.7354649,0.99945194,-0.24818651,-0.8274349,0.9993897
0.9999899,0.20679355,0.94160664,0.6509218,0.99986416,-0.14499159,0.99333364,0.9998718
0.99998575,0.18734097,0.9457074,0.5388043,0.9998172,-0.14708579,0.99100626,0.9999842
0.9999879,0.20021725,0.9454261,0.6909509,0.99980366,-0.19644046,0.99275494,0.99937975
0.9999778,0.14997531,0.99984443,0.80213886,0.9993256,-0.30483422,-0.8257648,0.9993117
0.9999883,0.20014727,0.9416924,0.64796066,0.9998291,-0.19858022,0.9929321,0.99995345
0.99998164,0.12536971,0.9997974,0.624537,0.9994247,-0.20085959,-0.83806926,0.9993358
0.99998605,0.2142533,0.9284894,0.6162991,0.99981636,-0.14556438,0.9947313,0.9998514
0.9999833,0.14864275,0.99982643,0.77643895,0.99937034,-0.2938275,-0.8254806,0.9993864
0.9999829,0.16734178,0.9998465,0.78162694,0.999441,-0.28863835,-0.82272357,0.9993501
0.9999871,0.2435378,0.9497759,0.73299724,0.9998341,-0.17130664,0.99526316,0.99924433
0.9999859,0.19961254,0.91837645,0.6175467,0.9998027,-0.12195724,0.99560845,0.99929583
0.9999888,0.20757657,0.9998491,0.79794407,0.9994223,-0.25104052,-0.8097161,0.9994231
0.99998504,0.15723445,0.99983186,0.7447508,0.999545,-0.26543888,-0.82550323,0.9991489
0.99998623,0.15451054,0.9998401,0.7942593,0.9993419,-0.2851368,-0.81773984,0.9993817
0.9999865,0.26008955,0.95931554,0.8128095,0.99981,-0.2323512,0.9955864,0.99998045
0.99998957,0.21910448,0.94687253,0.6573262,0.999814,-0.19546881,0.9926908,0.999843
0.9999861,0.15018274,0.9998261,0.73718905,0.99951726,-0.2425837,-0.82566327,0.9993736
0.99998605,0.12511018,0.9997766,0.63120663,0.99944323,-0.19541544,-0.8396011,0.99940026
0.9999873,0.16469327,0.9998225,0.7193017,0.9994878,-0.2119631,-0.82375056,0.99928075
0.99998873,0.21874858,0.9508322,0.69759494,0.9998373,-0.2010353,0.9920988,0.9999568
0.9999832,0.13467276,0.9998039,0.64832985,0.9994435,-0.22791234,-0.8405504,0.99918103
0.99998814,0.22924665,0.95591456,0.759354,0.99979335,-0.2277097,0.99327844,0.99995136
0.9999824,0.1354836,0.9998188,0.6821773,0.9994732,-0.21176897,-0.8310658,0.9993463
0.99998343,0.15503934,0.99981534,0.74589294,0.9993662,-0.2800139,-0.8302051,0.9993329
0.999983,0.16143964,0.9998453,0.79403126,0.9993446,-0.32355654,-0.82803446,0.99919003
0.9999868,0.20635293,0.93477446,0.58370984,0.9998122,-0.15645836,0.9937145,0.9991448
0.9999834,0.14169703,0.99976677,0.5306467,0.999593,-0.13088498,-0.83389175,0.9994421
0.9999823,0.09664922,0.9997199,0.46661445,0.9995566,-0.1408117,-0.8374829,0.99939924
0.99998677,0.19926387,0.9415692,0.57768345,0.99983144,-0.10311666,0.99191344,0.999295
0.999986,0.14989811,0.9998103,0.70622,0.9994578,-0.22600031,-0.826382,0.9993536
0.9999846,0.20965303,0.923442,0.51670235,0.999848,-0.0692661,0.99411124,0.99975854
0.999989,0.21837004,0.9279439,0.6413264,0.99982095,-0.14887689,0.99387836,0.9993914
0.99999094,0.22505209,0.9243707,0.7837558,0.9998082,-0.21795736,0.99654126,0.99994916
0.9999869,0.20926976,0.9509908,0.5904906,0.9998457,-0.14653537,0.9907798,0.99998456
0.9999879,0.16824305,0.99984145,0.745946,0.9994308,-0.22924337,-0.82425654,0.9992195
0.9999865,0.20143841,0.8935499,0.49184915,0.9998563,-0.079254776,0.99591124,0.99985224
0.9999875,0.14651507,0.9998039,0.7825128,0.999296,-0.3249498,-0.82748246,0.9993411
0.9999866,0.1601344,0.9998201,0.70541084,0.9994426,-0.22267039,-0.82714105,0.9992579
0.9999859,0.17150676,0.99986213,0.8152863,0.9994027,-0.25779074,-0.8108295,0.99944395
0.99998623,0.2041009,0.8919598,0.46595782,0.9998355,-0.052254803,0.99511874,0.9992575
0.9999875,0.2185257,0.9585734,0.64563394,0.9998321,-0.17937148,0.99054253,0.99985373
0.9999915,0.22968443,0.98442185,0.80453944,0.9998487,-0.26441982,0.9817585,0.9992273
0.9999851,0.15835847,0.9998228,0.6914213,0.99949455,-0.18201797,-0.83006436,0.9994169
0.9999826,0.16931054,0.99985594,0.76097,0.9992458,-0.2863377,-0.8330816,0.9992471
0.99998647,0.15379763,0.9998078,0.7373735,0.9994964,-0.28165233,-0.8298558,0.9993794
0.99998116,0.11266518,0.99978137,0.59139895,0.99960405,-0.17277025,-0.8271297,0.99939626
0.9999814,0.13332278,0.9998012,0.6473533,0.9994985,-0.20323056,-0.8334373,0.99943495
0.9999896,0.20807469,0.9496741,0.57765496,0.99985725,-0.15710358,0.99085796,0.9994014
0.9999869,0.18908468,0.92959213,0.4898029,0.9998075,-0.12802164,0.9920503,0.9992415
0.9999819,0.1676046,0.9998368,0.77346444,0.99932045,-0.25120318,-0.82653195,0.99948853
0.9999867,0.16547006,0.9998204,0.71882486,0.9995005,-0.21358496,-0.82313144,0.9994022
0.9999849,0.1295982,0.99978435,0.6781547,0.99947923,-0.2501157,-0.833694,0.99936014
0.9999871,0.14361292,0.99979836,0.74482036,0.9995024,-0.2947234,-0.82410955,0.9993925
0.9999885,0.21191344,0.90122324,0.50519896,0.99984354,-0.07736194,0.9948525,0.9998432
0.9999846,0.20389406,0.91962177,0.61786264,0.99982774,-0.14311162,0.995051,0.99934214
0.999985,0.16612758,0.99983174,0.7288389,0.9994165,-0.20267883,-0.8273,0.99935526
0.99998313,0.15266076,0.99981815,0.68801796,0.99947566,-0.20755133,-0.8292177,0.9993653
0.9999867,0.20319326,0.91021115,0.52851415,0.9998557,-0.09521843,0.9951606,0.99996936
0.9999862,0.23541959,0.93581074,0.7376066,0.99979615,-0.14343005,0.99560636,0.9999268
0.9999872,0.12839599,0.99979466,0.6511426,0.99955356,-0.20636077,-0.8316545,0.9993715
0.9999873,0.21877937,0.9294865,0.68248236,0.9998059,-0.16438496,0.99568605,0.9997973
0.9999797,0.10596039,0.9997891,0.57188165,0.99956095,-0.17780699,-0.8341433,0.9992759
0.99998754,0.14745612,0.9998253,0.7902204,0.9992324,-0.31811008,-0.8271137,0.99935186
0.9999816,0.11668002,0.9997678,0.57309043,0.99952424,-0.20978609,-0.8384758,0.9992131
0.9999872,0.22374663,0.9192727,0.6786281,0.99979806,-0.16823402,0.9959533,0.9998413
0.99998355,0.13421209,0.99977946,0.63042176,0.9994622,-0.22665639,-0.84106743,0.99924177
0.9999787,0.10672045,0.9997538,0.51831114,0.9995457,-0.19643642,-0.8380009,0.99922276
0.99998295,0.12766388,0.9997907,0.7008741,0.9993745,-0.29259044,-0.8365367,0.9993406
0.99999017,0.21017918,0.96145225,0.69505185,0.9997991,-0.2345085,0.98880154,0.99919736
0.999989,0.1925922,0.9218057,0.49063972,0.99980104,-0.13222197,0.99209327,0.999886
0.99998707,0.15548119,0.999821,0.737857,0.99947786,-0.2529962,-0.82251066,0.9993649
0.9999875,0.20920871,0.95450133,0.6336446,0.99981236,-0.21136598,0.99008685,0.9993122
0.9999852,0.16933057,0.9998444,0.7493652,0.9993473,-0.25443888,-0.8285787,0.9992321
0.9999888,0.21520844,0.94093484,0.69371486,0.99981767,-0.17114843,0.99389976,0.9999023
0.99998873,0.23019911,0.95189404,0.7469014,0.9998194,-0.22036874,0.9944934,0.999244
0.999982,0.15730484,0.9998276,0.6837184,0.99953026,-0.1898765,-0.8293454,0.9993859
0.99998194,0.115832195,0.99982774,0.6730057,0.99941486,-0.23225124,-0.8371541,0.99916285
0.9999844,0.15661508,0.9998199,0.7532213,0.99931616,-0.29594442,-0.8319621,0.999289
0.99998534,0.15107559,0.9998268,0.753575,0.99942684,-0.2688372,-0.8248198,0.99934345
0.9999893,0.19850685,0.8962101,0.50256896,0.99980366,-0.09407876,0.9952785,0.9998289
0.9999811,0.16484168,0.99985635,0.8339757,0.99913526,-0.35895768,-0.8207303,0.99922097
0.9999888,0.22416723,0.96124256,0.68661886,0.99987686,-0.14967006,0.9927218,0.9999996
0.99998945,0.22931354,0.9532005,0.73224545,0.9998533,-0.19104335,0.99477583,0.99998116
0.9999808,0.16052842,0.99982435,0.6996465,0.99948174,-0.19584388,-0.828781,0.9994082
0.99998736,0.14197846,0.99982685,0.79306376,0.9994369,-0.2993181,-0.82182395,0.9992728
0.9999884,0.2539178,0.97105455,0.842086,0.9997624,-0.26312676,0.9926736,0.9999997
0.99998796,0.19423765,0.93611306,0.60962045,0.9998254,-0.16859537,0.99273866,0.9999996
0.9999877,0.15563177,0.9998339,0.72974706,0.99936885,-0.2504668,-0.8290941,0.99925387
0.9999889,0.1356564,0.9997812,0.67061543,0.99941194,-0.25492463,-0.831955,0.9993025
0.999988,0.20637758,0.8999689,0.5453218,0.99984837,-0.10495562,0.9956752,0.99989283
0.9999877,0.18746293,0.99982566,0.76719266,0.99950075,-0.25506186,-0.81933904,0.99938345
0.99998164,0.106768444,0.9997825,0.55355334,0.9996586,-0.15174118,-0.8291723,0.9993259
0.9999868,0.14804855,0.9998303,0.77032745,0.9993367,-0.29840377,-0.8266666,0.99928004
0.99998504,0.14863585,0.99981624,0.7353213,0.9993295,-0.2590904,-0.8331677,0.9993159
0.9999849,0.12487892,0.99976975,0.62112087,0.99960554,-0.20358966,-0.82283247,0.9993865
0.9999872,0.24015024,0.9610089,0.79330647,0.99980396,-0.23345706,0.9929711,0.9992477
0.99998504,0.14988565,0.999826,0.7136454,0.9995071,-0.23540078,-0.83103424,0.9992545
0.99998677,0.15655766,0.99983436,0.83291835,0.9993415,-0.31135994,-0.81267846,0.9994384
0.99998456,0.12691304,0.99977344,0.61686623,0.9994736,-0.2254662,-0.83869016,0.9993111
0.9999863,0.22130239,0.920373,0.66752255,0.9998029,-0.17907876,0.99607813,0.9992796
0.99998796,0.18906456,0.95849746,0.5116214,0.9998513,-0.13212194,0.98577935,0.9999995
0.99998575,0.2321544,0.94272184,0.7645913,0.9998349,-0.2026966,0.99568844,0.9999626
0.999989,0.21920866,0.9412243,0.70285004,0.99984205,-0.17527972,0.99487287,0.9999991
0.9999849,0.19938527,0.8995756,0.6056663,0.9997898,-0.14807965,0.9956368,0.99996525
0.99998707,0.23001432,0.93314314,0.72220415,0.9998179,-0.16521709,0.99584687,0.99992156
0.9999915,0.21068913,0.9619912,0.63752484,0.9998494,-0.18566607,0.98788315,0.9991998
0.9999851,0.2052851,0.9374529,0.67584324,0.999841,-0.165426,0.99521023,0.9994651
0.999986,0.19687432,0.9063434,0.40604508,0.999846,-0.08093972,0.99380815,0.99997175
0.99998415,0.21147245,0.902121,0.6013701,0.9997497,-0.12576059,0.99559903,0.99997425
0.9999887,0.21710938,0.94698024,0.71798736,0.9998377,-0.1705318,0.9944839,0.99939066
0.99998885,0.22931759,0.97503215,0.7687504,0.9998227,-0.24317196,0.9888341,0.9999852
0.9999873,0.2135321,0.91220045,0.6376656,0.99978775,-0.1752848,0.99599135,0.99983686
0.9999874,0.21940541,0.94235265,0.73270667,0.9998154,-0.17290229,0.9957278,0.9999882
0.99998474,0.155005,0.99982005,0.72544956,0.9993833,-0.25959477,-0.8324502,0.9993173
0.9999863,0.12046297,0.99979043,0.6343777,0.99950683,-0.22858304,-0.83031857,0.99923867
0.99998987,0.22178231,0.940884,0.67870426,0.99981,-0.18747547,0.9942486,0.99948657
0.9999897,0.22867961,0.9604732,0.759562,0.9997904,-0.23089491,0.9932432,0.9998429
0.99998367,0.15327156,0.99980515,0.65757895,0.9995083,-0.22924879,-0.8362936,0.99931145
0.99998266,0.13959917,0.9997994,0.68559164,0.9994334,-0.22515273,-0.83209586,0.99936956
0.9999839,0.1179465,0.999783,0.5129202,0.999622,-0.124404855,-0.83571666,0.9992268
0.9999893,0.22031234,0.9605167,0.71779084,0.99983513,-0.19486786,0.9928468,0.9999717
0.99999064,0.22224697,0.9650577,0.6902201,0.9998414,-0.22944182,0.9892181,0.99995816
0.9999875,0.13545999,0.9998003,0.67035985,0.9995141,-0.19534037,-0.83163065,0.999351
0.99998426,0.14021903,0.99983317,0.7580521,0.99940526,-0.26894346,-0.82666266,0.9992198
0.9999862,0.16488579,0.99982333,0.71803975,0.99946266,-0.2261794,-0.8265282,0.9994022
0.9999895,0.21915942,0.9589429,0.6436149,0.9998367,-0.18236361,0.9906946,0.99998534
0.9999885,0.22292906,0.9607771,0.7204244,0.9998279,-0.1768879,0.9924832,0.99997103
0.99998635,0.13472621,0.99976027,0.5809443,0.99954075,-0.19119975,-0.8345708,0.9993667
0.99998754,0.1547028,0.99981815,0.6578566,0.99951524,-0.20928816,-0.83246076,0.999244
0.9999842,0.15156844,0.99983174,0.74125564,0.999384,-0.28967822,-0.8295432,0.9991783
0.9999898,0.21223544,0.9435628,0.72050333,0.999833,-0.20307118,0.9945114,0.9993064
0.99998695,0.17719269,0.999846,0.77661484,0.99945235,-0.25348958,-0.8234751,0.9994001
0.99998385,0.14592421,0.99982023,0.7440734,0.9994918,-0.29171824,-0.83125484,0.9992062
0.99998033,0.14708887,0.9998277,0.7041671,0.9993838,-0.24059604,-0.83187914,0.99927056
0.9999854,0.12379927,0.9997808,0.61339843,0.99955225,-0.18758126,-0.8307514,0.99934995
0.9999857,0.15791366,0.9998317,0.7743336,0.9994051,-0.2959577,-0.8272225,0.9992928
0.99998885,0.23967408,0.9560207,0.7555407,0.99985045,-0.18051095,0.99437034,0.9992605
0.9999868,0.1574806,0.9998158,0.7375673,0.9993675,-0.28281578,-0.8255748,0.9992042
0.99998885,0.22397882,0.9547841,0.7558371,0.9998315,-0.19771828,0.99374926,0.99930644
0.9999859,0.20364939,0.92769164,0.6280159,0.99982655,-0.15753607,0.9947448,0.99993473
0.99998266,0.1331929,0.99980307,0.7090821,0.9994122,-0.25030088,-0.8316895,0.9993713
0.99998486,0.15422271,0.99981135,0.757708,0.999348,-0.28070384,-0.8246234,0.99941725
0.9999877,0.15665604,0.9998107,0.8175472,0.9991875,-0.33164385,-0.82399285,0.9994385
0.9999895,0.20197271,0.9407644,0.6482415,0.9998351,-0.17801428,0.9927382,0.9998957
0.99998325,0.13517907,0.99980754,0.6429882,0.999567,-0.20849715,-0.8314145,0.999138
0.9999871,0.19574231,0.8976669,0.50172615,0.99983567,-0.11688913,0.9951058,0.9992887
0.9999883,0.15123384,0.9998143,0.7325515,0.9995324,-0.22573031,-0.8231429,0.999426
0.9999864,0.21466535,0.9455209,0.71358633,0.9997912,-0.18847227,0.99452925,0.99914616
0.9999876,0.23521411,0.9580611,0.78035545,0.9998155,-0.20080674,0.9946147,0.9992836
0.99998236,0.11788158,0.99982023,0.72718954,0.99946314,-0.25148073,-0.8291913,0.9992985
0.9999868,0.19787365,0.9475821,0.68607855,0.9998398,-0.18012692,0.9928353,0.9993278
0.9999849,0.22008118,0.8931764,0.671644,0.9997256,-0.17494611,0.9970908,0.99994993
0.9999835,0.15567993,0.99982435,0.72964275,0.9994559,-0.2697455,-0.82856405,0.99931276
0.99998367,0.1397644,0.99980885,0.643983,0.9994464,-0.19010685,-0.8356959,0.99926144
0.999989,0.24877416,0.95412534,0.7759853,0.9997587,-0.24076678,0.9945278,0.9999218
0.9999856,0.1416876,0.99978554,0.6452465,0.99943525,-0.2360252,-0.83726746,0.99932885
0.9999846,0.12390019,0.99976575,0.65226054,0.9995153,-0.2572639,-0.8310857,0.9993937
0.9999841,0.17172913,0.99982953,0.7103509,0.99945223,-0.22387014,-0.8317517,0.99922526
0.99998546,0.23368451,0.9272178,0.70601743,0.9997445,-0.1872619,0.9956604,0.99997896
0.9999864,0.1448102,0.9998014,0.6941767,0.9994785,-0.27486145,-0.83635074,0.9991063
0.99998856,0.23301874,0.96938723,0.79507697,0.9998348,-0.24680874,0.9928782,0.9998566
0.9999856,0.13037036,0.9997974,0.65615106,0.99944097,-0.1987579,-0.8288784,0.99945444
0.9999863,0.15747821,0.9998393,0.8076383,0.9992124,-0.3328295,-0.82148534,0.9993732
0.9999868,0.10017315,0.99975324,0.5559081,0.99962234,-0.18244998,-0.8349289,0.99923337
0.99997777,0.14161159,0.99982274,0.65774155,0.9994813,-0.21724455,-0.8384023,0.99921364
0.9999883,0.20317866,0.93990105,0.65588176,0.999838,-0.22813451,0.9928685,0.99997777
0.99998367,0.16038188,0.9998266,0.7245939,0.9993511,-0.22719614,-0.82765746,0.9993524
0.99997807,0.11682852,0.9997979,0.54855716,0.9995635,-0.1462435,-0.8376882,0.9992916
0.99998564,0.14996171,0.9998092,0.6623198,0.9994057,-0.19680749,-0.83627367,0.99936986
0.99998415,0.14737889,0.9997934,0.64463174,0.9994421,-0.20286572,-0.83793855,0.99933773
0.9999852,0.2231117,0.9356047,0.6832837,0.99983394,-0.15739015,0.9956153,0.99986476
0.999989,0.20257518,0.9358462,0.6492664,0.999809,-0.1649476,0.99495095,0.9997327
0.999988,0.12125147,0.99975777,0.6000049,0.9995565,-0.19633797,-0.8347149,0.99938697
0.99998623,0.21359232,0.90382236,0.6695813,0.999808,-0.1532093,0.9966617,0.9998646
0.99998736,0.22223333,0.96076846,0.6600293,0.99981314,-0.1818792,0.99083436,0.99976
0.9999893,0.22690503,0.9560762,0.687811,0.99983704,-0.17235798,0.9928014,0.9998606
0.99998873,0.22475971,0.97013485,0.7630701,0.9998204,-0.22642636,0.9901602,0.9994515
0.99998945,0.18737663,0.916615,0.53241825,0.9998123,-0.1277275,0.99239355,0.9992679
0.9999881,0.18973306,0.92737395,0.5005631,0.99985427,-0.10757761,0.9933397,0.99999297
0.9999908,0.21198125,0.9707319,0.6439249,0.99984974,-0.20598444,0.9849934,0.9999836
0.9999897,0.22360921,0.96519417,0.6474706,0.9998387,-0.1550064,0.9914341,0.9993376
0.9999842,0.13424478,0.9997988,0.6688284,0.9995562,-0.20839953,-0.8280925,0.9992963
0.9999886,0.20660861,0.92617524,0.64306337,0.99984634,-0.14269155,0.99553233,0.99997014
0.9999827,0.19475487,0.925282,0.5393169,0.9998468,-0.11339692,0.99421936,0.9998412
0.9999856,0.13949372,0.99979365,0.58204985,0.9995224,-0.14859103,-0.8332346,0.9993403
0.9999878,0.19198777,0.937325,0.5475571,0.99983543,-0.14510548,0.9922756,0.9993524
0.99998814,0.20067115,0.9092295,0.5858018,0.9997935,-0.12125501,0.9946393,0.9999487
0.99998474,0.1356382,0.99981606,0.7086835,0.99946964,-0.24352033,-0.83163464,0.99930644
0.9999841,0.15792163,0.9998173,0.7049476,0.9994408,-0.23527855,-0.83302295,0.9992554
0.99998486,0.10295971,0.99978393,0.6227242,0.99951303,-0.2202095,-0.83697057,0.9992127
0.9999841,0.18542635,0.8773465,0.42911294,0.9998399,-0.082573995,0.99579376,0.99986017
0.9999844,0.15186675,0.9998187,0.7168578,0.99943703,-0.23622555,-0.82950115,0.999414
0.99998707,0.13655245,0.9998017,0.65002704,0.9995246,-0.2277349,-0.83229697,0.999154
0.9999835,0.16070907,0.9998164,0.7105905,0.9993716,-0.2583731,-0.8335769,0.999151
0.99998504,0.21098982,0.93890804,0.60051626,0.9998645,-0.072451964,0.994001,0.99983895
0.9999902,0.20080197,0.9998395,0.82866526,0.99937445,-0.32619065,-0.81395704,0.9993776
0.999987,0.20211615,0.9020535,0.5255395,0.9998232,-0.07872746,0.9955142,0.99932534
0.99998444,0.20078032,0.9374119,0.6149745,0.99980795,-0.15116014,0.99382716,0.9993519
0.99998367,0.20344423,0.9363096,0.5810241,0.9998335,-0.12539749,0.993117,0.9999535
0.99998796,0.22618665,0.9481951,0.70122194,0.9998427,-0.1560193,0.99482274,0.9994173
0.9999859,0.16651098,0.99984604,0.75754136,0.9994047,-0.24894227,-0.8242852,0.9993736
0.99998605,0.13951868,0.9998243,0.74246943,0.9994034,-0.28940192,-0.8285663,0.99915373
0.9999862,0.1557343,0.99981874,0.74079394,0.999423,-0.28111133,-0.8281315,0.9993432
0.99998724,0.14346725,0.9998066,0.70535374,0.9994491,-0.23908077,-0.8301968,0.9993941
0.9999883,0.21318877,0.9642104,0.7095007,0.99979717,-0.21100375,0.9902911,0.99997663
0.99998814,0.19913691,0.9101788,0.658463,0.9997695,-0.19300641,0.9948233,0.9992821
0.9999846,0.12709856,0.99978733,0.63272107,0.99961156,-0.19556202,-0.8304907,0.9993772
0.99998766,0.19781637,0.9100949,0.5677755,0.99977714,-0.17780998,0.99443954,0.99985015
0.99998933,0.22163431,0.9025203,0.6566761,0.9997452,-0.19485106,0.99604774,0.9993339
0.99998546,0.13861562,0.9998097,0.7969234,0.99930745,-0.31080505,-0.8186614,0.99945956
0.9999884,0.22177215,0.94699085,0.723009,0.9998502,-0.16347402,0.99503815,0.9999676
0.99998677,0.18847632,0.91416293,0.4700205,0.99983037,-0.12926842,0.99240047,0.9998227
0.9999868,0.19955729,0.9998638,0.83370495,0.9992878,-0.29507908,-0.80826473,0.9993698
0.9999871,0.16351785,0.999814,0.77747166,0.99936295,-0.3070602,-0.82134324,0.9993833
0.9999806,0.14195654,0.9997935,0.6440195,0.99944675,-0.23571874,-0.8372152,0.99922657
0.9999896,0.2149482,0.9434017,0.63216317,0.99984276,-0.15122025,0.9934212,0.9993029
0.99998766,0.21646082,0.95606804,0.68505704,0.99981403,-0.19816475,0.99162793,0.99936724
0.99998605,0.16735777,0.99982035,0.7518798,0.99944097,-0.27795193,-0.8257694,0.99935085
0.99998856,0.21966305,0.94466156,0.6847361,0.99978614,-0.21732731,0.99198467,0.99940246
0.9999852,0.19017856,0.91780376,0.52702355,0.9998641,-0.07661175,0.99471724,0.9992544
0.9999845,0.11411428,0.99978507,0.65538573,0.99945027,-0.23184131,-0.83483976,0.9992929
0.99998695,0.12394212,0.99978405,0.56737745,0.9995263,-0.18725057,-0.8360457,0.9992354
0.9999873,0.21248385,0.9377836,0.65696806,0.99978864,-0.20327993,0.99441075,0.99925107
0.99998975,0.20095447,0.9075199,0.5517198,0.9998352,-0.1467847,0.99484503,0.9998737
0.99998784,0.13649607,0.9998071,0.74660134,0.9993907,-0.28258675,-0.8276119,0.99935836
0.99998784,0.20695268,0.9191276,0.5955992,0.999816,-0.14194416,0.9952846,0.9993545
0.9999913,0.19486704,0.95260817,0.55522776,0.99987954,-0.16300558,0.9882006,0.9993608
0.9999813,0.14821303,0.99979806,0.6317214,0.99945647,-0.21848856,-0.8399343,0.9992987
0.9999863,0.22537634,0.9365248,0.7390579,0.99980664,-0.19310513,0.99587834,0.9997379
0.9999871,0.21298619,0.93254626,0.73633116,0.9997866,-0.19626744,0.99586815,0.9993705
0.99998975,0.20040527,0.93611646,0.50907326,0.99986494,-0.11063114,0.99126184,0.99985135
0.9999879,0.14141661,0.9997934,0.74856794,0.9994573,-0.2948919,-0.8239637,0.99940336
0.9999816,0.14595084,0.9998161,0.69830775,0.9993897,-0.22741698,-0.82791257,0.999318
0.99998623,0.14394626,0.9998219,0.64338857,0.99946815,-0.16852345,-0.83109003,0.9992923
0.999987,0.18182819,0.9373034,0.44989976,0.99984676,-0.09061159,0.9906653,0.9999822
0.9999855,0.15417317,0.9998068,0.7086518,0.99948937,-0.22040816,-0.83256924,0.9994432
0.99998194,0.13648859,0.99981123,0.57877684,0.9995471,-0.15897359,-0.83504295,0.9992646
0.9999821,0.12802783,0.99979407,0.58738005,0.99951994,-0.18899342,-0.83942133,0.99913293
0.99998754,0.23484942,0.94497097,0.6633408,0.9997972,-0.18903029,0.99358165,0.9993309
0.9999876,0.21330252,0.92612076,0.6954193,0.99976796,-0.2040481,0.99565184,0.9999568
0.9999902,0.22682327,0.9515826,0.67910117,0.99984014,-0.1601842,0.99314135,0.9996873
0.9999909,0.2276472,0.9520934,0.7431648,0.9998169,-0.22343394,0.9937889,0.9999544
0.9999866,0.14366044,0.99979556,0.70689106,0.9994281,-0.27267995,-0.8287115,0.99936277
0.9999874,0.20712511,0.9629621,0.73709035,0.99982435,-0.26419595,0.99191546,0.9999674
0.9999884,0.22655556,0.95658094,0.70451224,0.9998354,-0.18303336,0.9930534,0.9998762
0.99998516,0.12633403,0.99979204,0.67522514,0.9994297,-0.26153606,-0.83488727,0.9992199
0.9999877,0.17523584,0.99982476,0.7383471,0.99947125,-0.24694735,-0.8235308,0.9993081
0.9999847,0.14633131,0.9998239,0.72026575,0.99944764,-0.25193295,-0.8289123,0.99927306
0.9999873,0.21788043,0.96981317,0.74601704,0.9998117,-0.25957203,0.9902004,0.99937683
0.9999857,0.16682449,0.9998334,0.7859899,0.9994513,-0.2649745,-0.8175755,0.9994645
0.99998665,0.14747204,0.9998206,0.7718656,0.99936366,-0.321979,-0.82899356,0.99925977
0.9999878,0.20808516,0.9237479,0.6381243,0.99982536,-0.16827777,0.99520713,0.9998547
0.9999864,0.20170227,0.9165346,0.5618758,0.9998363,-0.13745466,0.9949204,0.99987364
0.99998873,0.2212735,0.95985174,0.72237694,0.99979407,-0.21424292,0.9919747,0.9991663
0.9999891,0.23058696,0.94216263,0.7418251,0.9998079,-0.18994716,0.9950388,0.99987537
0.99999094,0.23486282,0.95112944,0.79889554,0.9997135,-0.27564368,0.9938842,0.9999878
0.99998784,0.13050123,0.99979955,0.6393975,0.99948215,-0.20181435,-0.8367841,0.9992423
0.99998516,0.13327722,0.9997873,0.691475,0.99947554,-0.23667167,-0.8312789,0.99938416
0.99998546,0.19804733,0.9328095,0.62768507,0.99985313,-0.12860419,0.9942114,0.9997692
0.9999892,0.23354459,0.9638625,0.7718115,0.99978906,-0.2297705,0.99280286,0.9993472
0.99998766,0.19834712,0.92563826,0.4844152,0.9998591,-0.11762412,0.9927008,0.9989543
0.99999,0.21239246,0.946853,0.6131612,0.99979633,-0.18135142,0.98997974,0.999429
0.9999853,0.20967185,0.90213287,0.6231311,0.9997788,-0.13860632,0.99587643,0.99931943
0.99998313,0.17281474,0.9998454,0.72535986,0.99949515,-0.16572715,-0.8281841,0.99943244
0.999984,0.14306377,0.9997958,0.6119561,0.99953127,-0.18943588,-0.8353679,0.9992558
0.99998724,0.23195,0.94387066,0.7320137,0.9997746,-0.22583331,0.995172,0.99932146
0.9999842,0.2186136,0.9602471,0.6106243,0.99984926,-0.16951334,0.9890858,0.9993675
0.99998456,0.1491451,0.9998258,0.6974051,0.9994785,-0.20970444,-0.8284423,0.99935377
0.9999873,0.21591838,0.92789704,0.61821824,0.99982494,-0.1412489,0.99503607,0.9994506
0.99998754,0.2197155,0.93299216,0.6584369,0.99981946,-0.17737691,0.99517316,0.9999575
0.99998575,0.21759921,0.93851537,0.6466969,0.9998511,-0.1331464,0.99500185,0.9992713
0.999989,0.21307136,0.93219846,0.6605543,0.99976856,-0.17088626,0.9936445,0.99909407
0.9999878,0.20268661,0.9242522,0.6180812,0.9998057,-0.15638608,0.99522614,0.9999751
0.99998707,0.21203746,0.9584569,0.73500425,0.9997903,-0.2159829,0.99156964,0.99931836
0.99998635,0.15154457,0.99980205,0.63395476,0.99953073,-0.2019619,-0.83168215,0.9993298
0.99998826,0.2079059,0.9583996,0.62443435,0.9998477,-0.14874843,0.9921735,0.9993502
0.9999877,0.20963015,0.8986177,0.66741025,0.99980044,-0.1536583,0.9963842,0.9999839
0.99998796,0.21709637,0.94839483,0.6280247,0.99986887,-0.14632072,0.992537,0.9991607
0.99998504,0.14082505,0.99979395,0.6694006,0.9995598,-0.20404044,-0.8292401,0.9993945
0.99999166,0.2184627,0.971135,0.74141634,0.9997867,-0.25753537,0.9875308,0.9993886
0.9999895,0.2087128,0.9512104,0.74714255,0.9998369,-0.21766825,0.99329245,0.9992347
0.99998355,0.13426632,0.99981433,0.7636229,0.9992876,-0.32965723,-0.8292572,0.9992565
0.9999845,0.1389777,0.99980867,0.64572644,0.9994607,-0.24607198,-0.8353747,0.99901646
0.999982,0.14203511,0.99983674,0.7274855,0.9993992,-0.26348233,-0.8357731,0.99916613
0.9999848,0.20130949,0.9148283,0.39178362,0.9998704,-0.052574135,0.9919792,0.99987435
0.99998707,0.22088987,0.9416693,0.66268116,0.9998319,-0.18127939,0.99473757,0.99932355
0.99998814,0.12283454,0.9997763,0.62741965,0.9996295,-0.20429799,-0.82650036,0.9993763
0.9999884,0.18379758,0.999842,0.8350249,0.9993777,-0.31989834,-0.81125593,0.9993853
0.9999885,0.21896361,0.93836755,0.7545587,0.99979067,-0.2160849,0.99552965,0.9999919
0.9999797,0.114622936,0.99980134,0.56019455,0.9995032,-0.1522462,-0.8402102,0.999319
0.99998784,0.13527857,0.99978,0.65551686,0.99956715,-0.21575898,-0.8292071,0.9992466
0.9999848,0.20230089,0.83072245,0.4753913,0.99980456,-0.018708386,0.99756485,0.99995476
0.99998957,0.2049754,0.999837,0.8128192,0.99946296,-0.2669801,-0.80987227,0.9995972
0.9999907,0.2545814,0.9757392,0.82405245,0.9997631,-0.28739348,0.9906952,0.99985695
0.9999862,0.1540761,0.9998137,0.7144357,0.9993783,-0.2704306,-0.8287616,0.9993184
0.9999894,0.21815905,0.9461221,0.6592664,0.9998138,-0.20610328,0.9934191,0.9991578
0.9999861,0.19750887,0.9223247,0.64998305,0.99979544,-0.16041714,0.99541277,0.9994887
0.9999867,0.15790114,0.9998077,0.6774784,0.99943894,-0.18332763,-0.828785,0.9994155
0.99998724,0.21408455,0.94807476,0.688103,0.9998126,-0.19543768,0.99371934,0.99977005
0.9999891,0.21626033,0.96501154,0.67607296,0.99982387,-0.22274624,0.9882236,0.99995595
0.9999895,0.20031099,0.95233285,0.6437229,0.9998231,-0.22217746,0.9907128,0.99932134
0.9999908,0.21938802,0.97501934,0.7458013,0.9998347,-0.23033983,0.9889502,0.9993164
0.9999863,0.1431991,0.9998232,0.73414767,0.99943554,-0.25970772,-0.8279576,0.99923855
0.99998796,0.1622874,0.9998182,0.78850937,0.9992704,-0.34003416,-0.82449657,0.99917823
0.99998856,0.22720808,0.96762556,0.78122866,0.9998356,-0.2448698,0.99251676,0.9998763
0.9999874,0.22598761,0.9377948,0.7099109,0.99983263,-0.20468655,0.99529666,0.9992674
0.9999882,0.1851416,0.9576944,0.5802419,0.99981713,-0.16445394,0.98878837,0.99918276
0.9999897,0.19689564,0.9296237,0.62084544,0.99978775,-0.18611078,0.9942319,0.9999711
0.9999919,0.2037993,0.9420306,0.6135459,0.9998555,-0.13161927,0.99283147,0.9999777
0.99998623,0.17581515,0.99984545,0.7541245,0.9994987,-0.21783648,-0.81870794,0.9991907
0.99998707,0.15467069,0.99982196,0.72565615,0.99943453,-0.23725745,-0.83012474,0.9993599
0.9999884,0.204725,0.8889076,0.50168985,0.9998286,-0.09972915,0.99525845,0.9999792
0.9999865,0.22496775,0.90615547,0.69223523,0.9997746,-0.12620337,0.99688685,0.99941975
0.99998957,0.24220844,0.9689056,0.78219634,0.9998062,-0.27125114,0.9916683,0.9994525
0.999986,0.25361106,0.9606676,0.7851162,0.9997949,-0.22856429,0.99401087,0.9998427
0.999987,0.11527154,0.9998046,0.6656798,0.99948406,-0.25517753,-0.8360717,0.9992024
0.99998796,0.21745306,0.9395419,0.6500063,0.99983793,-0.14110537,0.99359924,0.9999984
0.9999844,0.17278747,0.9998344,0.7164085,0.99957675,-0.20599723,-0.82709634,0.99931735
0.99998724,0.2278725,0.93432844,0.7388941,0.99984425,-0.13165644,0.9963543,0.9997396
0.9999898,0.21565512,0.95265204,0.71877974,0.99977964,-0.19813631,0.9924953,0.9994228
0.99999034,0.20630002,0.9486917,0.6353475,0.9998551,-0.16790314,0.9919692,0.9993579
0.9999871,0.14104334,0.99979746,0.7066159,0.9994362,-0.24993005,-0.8291383,0.9992863
0.9999877,0.20364083,0.9388668,0.6077796,0.9998605,-0.1634575,0.9925298,0.99928755
0.9999887,0.2305568,0.9590422,0.741544,0.99980444,-0.2117416,0.99312913,0.99996954
0.99998903,0.21982221,0.9226663,0.6603879,0.9998088,-0.1563213,0.9961151,0.99999976
0.9999885,0.19899325,0.9491404,0.63484716,0.9998624,-0.14300731,0.9925399,0.9993755
0.99998313,0.15876576,0.99980634,0.6888161,0.99943453,-0.25442147,-0.8369318,0.99929696
0.99998313,0.11457867,0.99980354,0.6341109,0.99958843,-0.1717129,-0.826073,0.9992901
0.99998444,0.14525828,0.99980384,0.7046491,0.99949056,-0.248152,-0.8295144,0.9992588
0.9999859,0.2054491,0.99986935,0.8335319,0.9993003,-0.2705729,-0.81208444,0.9994005
0.99998707,0.20628142,0.9025412,0.5795558,0.9998272,-0.12975895,0.9960861,0.99933463
0.9999892,0.21899678,0.9346107,0.7145696,0.9998316,-0.17962462,0.9957158,0.99917126
0.99999094,0.19679669,0.93153507,0.58847,0.9998094,-0.16167216,0.9936726,0.99976605
0.9999876,0.19484651,0.96643865,0.66547614,0.99983245,-0.18758945,0.98908275,0.99976236
0.99997896,0.14762749,0.9998274,0.65829915,0.99948466,-0.180713,-0.83845,0.9992757
0.99998635,0.13161875,0.9997987,0.71743286,0.99944156,-0.26675975,-0.82840383,0.99946076
0.9999881,0.20443112,0.93027455,0.6121762,0.9998035,-0.17581399,0.9936883,0.9999734
0.9999824,0.12076397,0.9997679,0.60409546,0.9995696,-0.2134346,-0.83001065,0.99938023
0.9999866,0.12955041,0.9998004,0.6853528,0.9995645,-0.23163617,-0.8259016,0.9992519
0.99998313,0.123383045,0.99979186,0.6204109,0.99943167,-0.2005984,-0.8394525,0.99934065
0.9999856,0.21458817,0.9427464,0.6855447,0.99982375,-0.19268337,0.9942559,0.9998592
0.9999857,0.21252167,0.9430247,0.70362115,0.9998191,-0.15601029,0.99480546,0.99998647
0.99998385,0.21778065,0.94484204,0.582411,0.9998432,-0.14387289,0.991666,0.99998707
0.9999829,0.13147053,0.99980044,0.6102464,0.9995394,-0.18412644,-0.8323774,0.9993759
0.9999872,0.1991614,0.92999196,0.6075605,0.99983245,-0.1269497,0.99411875,0.99985087
0.99998397,0.19173814,0.90443337,0.48746496,0.9998373,-0.056056272,0.99478364,0.99999887
0.99999034,0.22136937,0.9666673,0.7239574,0.9998334,-0.20423093,0.9903321,0.9992281
0.9999827,0.15655293,0.9998453,0.7854061,0.9993307,-0.28835964,-0.82447326,0.9992594
0.9999886,0.20179206,0.9998556,0.79218215,0.9994901,-0.2554007,-0.81128806,0.99941677
0.9999794,0.1310619,0.9997802,0.5281914,0.9994782,-0.17187852,-0.8416837,0.999285
0.9999889,0.20407832,0.91049147,0.53857046,0.9998653,-0.13497508,0.995036,0.99996835
0.99998885,0.19967772,0.93873554,0.50730324,0.99983907,-0.12041254,0.9917965,0.9999807
0.9999892,0.20031299,0.9714591,0.6837511,0.9998226,-0.23136267,0.9841048,0.9993018
0.99998516,0.1411996,0.9998176,0.6824875,0.99951506,-0.20895678,-0.8303422,0.99933565
0.9999875,0.20906946,0.93863297,0.61932355,0.99978125,-0.17849325,0.99268985,0.99990606
0.99998593,0.1645494,0.99983406,0.7591925,0.9992859,-0.28786534,-0.8253885,0.9993435
0.9999884,0.2078523,0.9409894,0.58863664,0.9998671,-0.11766604,0.99369085,0.99983805
0.9999869,0.15017664,0.9998346,0.73260826,0.999478,-0.25774089,-0.823485,0.9993387
0.99998534,0.14453974,0.9997918,0.6760657,0.99947673,-0.25531557,-0.8330206,0.9992167
0.9999883,0.21442318,0.93191457,0.6404661,0.99976903,-0.21528445,0.99413383,0.9993363
0.9999863,0.2079227,0.93871725,0.6008481,0.9998343,-0.11712303,0.99394566,0.9998556
0.9999843,0.12228943,0.99978805,0.65684843,0.9995133,-0.2347752,-0.83455986,0.99932176
0.99998575,0.15143742,0.9998214,0.76048636,0.999347,-0.3014466,-0.8292157,0.99930966
0.999983,0.14138384,0.99980754,0.58311534,0.9995166,-0.17091346,-0.8396083,0.9991583
0.9999878,0.19709106,0.899463,0.48210618,0.99983454,-0.06364944,0.9952537,0.9991608
0.99998635,0.16728489,0.9998299,0.77019787,0.9993585,-0.3213746,-0.82722723,0.999092
0.99998933,0.20293692,0.9294179,0.5942589,0.99983656,-0.14581381,0.99283546,0.99940956
0.9999878,0.20334226,0.94907725,0.66192126,0.9998481,-0.18707705,0.9928342,0.9998724
0.99998355,0.14725792,0.9998447,0.79926276,0.99930394,-0.33126825,-0.8248409,0.9992323
0.9999831,0.12575737,0.999778,0.59482723,0.99949527,-0.24283041,-0.84055334,0.9990953
0.99998695,0.24879062,0.9618227,0.80602115,0.9997936,-0.244793,0.99360794,0.9999997
0.9999825,0.10495835,0.9997705,0.5564475,0.99954325,-0.17580087,-0.8378451,0.9993136
0.9999867,0.21571164,0.9197882,0.68692255,0.99976695,-0.17229843,0.99610764,0.9992882
0.9999858,0.13561861,0.9998002,0.6530034,0.9995297,-0.19619596,-0.8311083,0.9993004
0.9999911,0.22651719,0.96341616,0.72868836,0.9997841,-0.23734489,0.99185646,0.99984425
0.99998856,0.21589167,0.9439373,0.733926,0.99977964,-0.20539084,0.9942477,0.9992769
0.99998873,0.24083452,0.96887493,0.77775645,0.999819,-0.22093928,0.99242187,0.99911374
0.9999883,0.17157456,0.9998423,0.8114134,0.9994336,-0.3148287,-0.814184,0.99931115
0.99998415,0.19763245,0.9048842,0.49178594,0.9997782,-0.0902218,0.99443954,0.99998313
0.9999885,0.21041577,0.94515145,0.6868048,0.9998022,-0.20723532,0.9934418,0.99980426
0.9999804,0.12464046,0.9998121,0.55776376,0.9994808,-0.14895377,-0.8375157,0.9992363
0.99999034,0.2172582,0.9529411,0.71700025,0.9998181,-0.20442876,0.9939233,0.99925447
0.9999811,0.12840687,0.9997831,0.6155252,0.99953175,-0.17274061,-0.8387078,0.9994406
0.9999835,0.20919944,0.89989215,0.5375301,0.99982643,-0.09976746,0.9954537,0.9994509
0.9999813,0.10472909,0.9997418,0.48005188,0.9995861,-0.1564769,-0.8359198,0.99922186
0.9999853,0.1390812,0.99982184,0.72862256,0.999462,-0.23270112,-0.8229821,0.99938333
0.9999858,0.13976693,0.9998063,0.7026439,0.99945015,-0.2057689,-0.8282089,0.9994298
0.99998593,0.18846424,0.92809576,0.5572995,0.9998387,-0.099261016,0.9938977,0.99938166
0.99998707,0.23671508,0.95883775,0.75981617,0.9997733,-0.28320447,0.99155736,0.99924964
0.99998593,0.13688184,0.9998275,0.7790998,0.9993809,-0.31691208,-0.823679,0.9992777
0.99998546,0.21511582,0.9113046,0.65843296,0.9998186,-0.11137773,0.996609,0.99940795
0.9999853,0.138783,0.9997701,0.6109131,0.99954593,-0.1948264,-0.8331382,0.99938333
0.99998796,0.1832633,0.94978124,0.41129023,0.9998565,-0.08096152,0.98660547,0.9998679
0.9999853,0.1310908,0.9997848,0.6164056,0.9995225,-0.20264545,-0.83213747,0.9993474
0.99998355,0.13892117,0.9997953,0.62377584,0.9995004,-0.2139304,-0.8363809,0.999212
0.99998325,0.1340624,0.99981505,0.69987965,0.99950874,-0.19756302,-0.82833976,0.99943304
0.9999874,0.16268738,0.99982584,0.75417984,0.9994469,-0.24144444,-0.8209841,0.9994249
0.99998534,0.1971502,0.925067,0.56631196,0.9997874,-0.11516716,0.99434483,0.99976605
0.9999838,0.14937904,0.99983656,0.7884024,0.9994526,-0.2867988,-0.82051516,0.99941516
0.9999886,0.20361896,0.9506979,0.6679941,0.99983346,-0.16112612,0.99324864,0.999964
0.9999845,0.20884112,0.8699951,0.5527296,0.9998211,-0.063599594,0.99705505,0.99985874
0.9999808,0.12666757,0.9998161,0.74727714,0.9993543,-0.30057326,-0.8266484,0.99930024
0.9999834,0.13791591,0.99982554,0.6753738,0.99944156,-0.2327853,-0.83528244,0.9990945
0.9999878,0.20129125,0.9280698,0.42014995,0.99984616,-0.083423994,0.9917557,0.9997926
0.9999834,0.13201344,0.9998005,0.6629139,0.9995635,-0.20782629,-0.8322816,0.9994026
0.9999863,0.14376554,0.9998083,0.7220317,0.9994838,-0.25495318,-0.8303168,0.9992665
0.99998915,0.16804668,0.9998016,0.6898821,0.9995351,-0.2012873,-0.8225192,0.9994731
0.99998474,0.14898445,0.99983686,0.7577022,0.99941254,-0.28095883,-0.82691836,0.99927217
0.9999877,0.22227651,0.9499454,0.74679655,0.9997817,-0.18939707,0.99486005,0.9993072
0.9999888,0.15193784,0.999785,0.7055826,0.9995775,-0.23913698,-0.8279512,0.99938047
0.99998415,0.14714809,0.99980676,0.71811473,0.9994563,-0.26052108,-0.8274399,0.9994134
0.9999846,0.15340437,0.9998059,0.7115165,0.999343,-0.24907921,-0.8318423,0.9992541
0.99998456,0.21214472,0.92882043,0.6433228,0.9997562,-0.12788226,0.9951308,0.9993161
0.99998254,0.10999932,0.9998069,0.6653126,0.9993743,-0.24802272,-0.8404399,0.999196
0.9999892,0.22523458,0.95688295,0.7998866,0.99983174,-0.17367041,0.9957827,0.99930465
0.9999857,0.1558535,0.9998356,0.7252516,0.9995003,-0.21718097,-0.8281155,0.9994097
0.99998677,0.15393446,0.99979204,0.64769924,0.9994866,-0.17968072,-0.82988495,0.9993866
0.9999806,0.21448784,0.85868144,0.5375253,0.9997837,-0.042429015,0.9972732,0.99985266
0.9999797,0.152747,0.99982613,0.6985245,0.99942565,-0.23566991,-0.8325757,0.9992808
0.99998695,0.16925736,0.99983984,0.80574787,0.999383,-0.31091726,-0.8194976,0.9994381
0.99998945,0.22192363,0.94152576,0.7079178,0.99982506,-0.1852402,0.9949782,0.99923396
0.9999916,0.23580723,0.9755079,0.8027077,0.9998265,-0.29437122,0.9887426,0.99938697
0.999981,0.13240218,0.9998199,0.6458857,0.9994792,-0.18165132,-0.83506167,0.9993047
0.9999879,0.2199775,0.9673288,0.7393824,0.9998109,-0.25047714,0.99124026,0.9999913
0.9999876,0.19043851,0.9260753,0.5966183,0.999845,-0.15663809,0.99387133,0.9998204
0.99998957,0.23006654,0.96777594,0.76565284,0.99980426,-0.24344136,0.9916575,0.9998499
0.999987,0.23681378,0.9574062,0.7488351,0.99983937,-0.19836698,0.99388075,0.9992244
0.99998873,0.21031062,0.9508891,0.7280911,0.9998189,-0.24933633,0.9932965,0.99993205
0.9999855,0.15551044,0.99981713,0.70907295,0.9994865,-0.25790247,-0.82956153,0.9992054
0.99998266,0.21454345,0.94052947,0.64011306,0.99981487,-0.14884081,0.9935411,0.9993542
0.9999849,0.18152626,0.90718436,0.40251917,0.99983466,-0.03359215,0.9939814,0.9997715
0.9999885,0.16020423,0.99979454,0.7061974,0.9995237,-0.23751393,-0.82504225,0.999337
0.9999807,0.12442888,0.99980533,0.6365984,0.999449,-0.20666492,-0.8349827,0.9993248
0.99998546,0.20415297,0.8990449,0.6015804,0.9998487,-0.058164578,0.9964754,0.99993426
0.9999876,0.22607858,0.93643886,0.6445201,0.9997999,-0.1782816,0.9935759,0.9999998
0.999986,0.1928331,0.9394063,0.5875095,0.99980813,-0.18475161,0.99164516,0.99923587
0.99998915,0.16667113,0.9998247,0.80812955,0.99926543,-0.32802308,-0.82206726,0.99928623
0.9999877,0.22733924,0.963784,0.7695672,0.99978393,-0.2613795,0.99306476,0.9991748
0.99998236,0.13500185,0.9998042,0.68094456,0.99947983,-0.21203293,-0.8317495,0.9993532
0.9999861,0.16148281,0.9998339,0.75174034,0.999474,-0.2606682,-0.8284264,0.999232
0.9999765,0.13716428,0.99980396,0.61918986,0.9995116,-0.15529296,-0.8356465,0.9994396
0.9999878,0.20612444,0.91231614,0.52484757,0.99982566,-0.11726422,0.99466234,0.9993135
0.99998736,0.2088721,0.91398174,0.5854546,0.99983674,-0.101980865,0.9939824,0.9992655
0.9999839,0.16471931,0.999833,0.74684423,0.9994266,-0.27455598,-0.8241876,0.99928933
0.9999876,0.1855091,0.99986047,0.8786305,0.9992301,-0.3646246,-0.8044495,0.9993854
0.99998415,0.20804657,0.8984714,0.68019724,0.9997638,-0.1570091,0.9970518,0.99999934
0.99999,0.17885144,0.99983037,0.7798224,0.99950546,-0.2463164,-0.81498927,0.9994133
0.9999861,0.20639549,0.9046711,0.6301515,0.99980056,-0.13574742,0.99660563,0.99998796
0.99998266,0.12956433,0.9997829,0.60332066,0.9995321,-0.19910246,-0.83295834,0.99924874
0.9999826,0.10768561,0.9997764,0.60554206,0.9995212,-0.23272896,-0.833201,0.99921614
0.99998635,0.1993085,0.8990087,0.52250636,0.999803,-0.11081333,0.99510807,0.99941546
0.9999886,0.17845494,0.99983484,0.79453087,0.99936414,-0.28024432,-0.81920743,0.9994622
0.99998415,0.15415974,0.9998545,0.7641001,0.9994595,-0.26744133,-0.82115424,0.9991864
0.99998593,0.176975,0.9998387,0.7512615,0.99942046,-0.26047674,-0.82617927,0.9992831
0.9999903,0.2053867,0.9415841,0.711514,0.9998202,-0.22462542,0.99345034,0.99998575
0.99998456,0.13098922,0.99981964,0.7162157,0.99937654,-0.29008257,-0.8273746,0.999054
0.99999046,0.20814107,0.97856116,0.77140355,0.99981713,-0.27751514,0.9827827,0.9999942
0.99998415,0.1460666,0.9998238,0.72786963,0.9995134,-0.20923297,-0.82613635,0.99944985
0.9999862,0.2082495,0.9118434,0.61726284,0.9998058,-0.12698846,0.9962828,0.9999775
0.999988,0.21377331,0.953191,0.7224812,0.99977577,-0.21315631,0.9928873,0.9993249
0.9999813,0.15133774,0.99983835,0.7167511,0.9994193,-0.27220803,-0.83581984,0.99909323
0.99998534,0.13705295,0.99981594,0.7267544,0.9994506,-0.26168892,-0.8260689,0.9993331
0.99998397,0.12088411,0.9997918,0.62913704,0.99952865,-0.2256868,-0.8325515,0.99922025
0.9999848,0.13458219,0.99982154,0.78602475,0.9994212,-0.2847226,-0.82030576,0.9994082
0.99998814,0.19443151,0.9228014,0.58097434,0.999843,-0.13025433,0.99458885,0.99984175
0.9999882,0.19449885,0.9603138,0.6146525,0.99983484,-0.23296778,0.9862767,0.99998873
0.99998325,0.2256252,0.91921186,0.7369015,0.99977535,-0.17042647,0.9969955,0.9992684
0.99997646,0.129792,0.9998054,0.64753544,0.9994058,-0.23741843,-0.8408972,0.9991957
0.9999847,0.1397994,0.99979204,0.6570543,0.99952614,-0.23188046,-0.8368913,0.99923
0.9999855,0.13082376,0.9998099,0.65590054,0.9995746,-0.18301135,-0.8274229,0.9993659
0.9999854,0.1462524,0.9997909,0.6857071,0.9994898,-0.22559336,-0.83280456,0.99934715
0.9999895,0.2082577,0.9061049,0.56241894,0.99982506,-0.12422325,0.99504673,0.9993277
0.99998474,0.13296728,0.999793,0.5655323,0.9994989,-0.14473833,-0.8379028,0.9993459
0.9999895,0.15181533,0.9998064,0.7012541,0.9995045,-0.22230777,-0.8242833,0.9993111
0.99998593,0.21162109,0.94995046,0.63135445,0.9998571,-0.14149891,0.99352914,0.9998475
0.99998504,0.19425586,0.9998626,0.7959849,0.9994838,-0.29357037,-0.8181695,0.99920064
0.9999846,0.10891232,0.99976516,0.52664435,0.9996134,-0.15114094,-0.834489,0.9993101
0.9999864,0.1355623,0.99981517,0.68788385,0.99948996,-0.24844141,-0.82957,0.99910486
0.9999838,0.14950302,0.9998409,0.7308649,0.99932754,-0.24290845,-0.8324891,0.9992221
0.9999892,0.17477624,0.9998532,0.78007466,0.99952537,-0.21134657,-0.8168723,0.99936
0.99998796,0.20132253,0.93506205,0.55256104,0.99986064,-0.14529115,0.9920685,0.999966
0.99998814,0.18054284,0.99984396,0.84149534,0.9992621,-0.36332393,-0.81696033,0.99931717
0.99998885,0.21527123,0.93401134,0.5303551,0.99982315,-0.10384615,0.9932477,0.9999653
0.99998546,0.17928186,0.9998442,0.81713194,0.999346,-0.28862754,-0.8152799,0.99940324
0.99998814,0.1977148,0.93202627,0.6338476,0.99982977,-0.15505691,0.99441785,0.9992461
0.99998945,0.25419825,0.97722024,0.84283733,0.9997955,-0.30252767,0.9912049,0.999997
0.9999842,0.10897663,0.9997472,0.57365745,0.99954104,-0.19940554,-0.831082,0.99941945
0.9999839,0.12966694,0.99982786,0.7344457,0.9994385,-0.25498527,-0.825714,0.99936634
0.9999869,0.2185425,0.9109789,0.6461315,0.9998299,-0.1363923,0.99614716,0.9994176
0.99999046,0.23643798,0.9552111,0.77912223,0.9997961,-0.25246543,0.9931715,0.9993587
0.9999862,0.12595546,0.99977845,0.5709177,0.99959075,-0.17318237,-0.832909,0.9992939
0.9999886,0.20901409,0.9414031,0.5663598,0.9998342,-0.12885785,0.99225044,0.99915385
0.9999885,0.18359102,0.95712715,0.6509459,0.99983996,-0.20611018,0.98932326,0.99999934
0.99998504,0.15774357,0.9998053,0.68174493,0.9994591,-0.21713772,-0.83199155,0.99938905
0.9999858,0.1428786,0.99982035,0.7009964,0.9994396,-0.21798202,-0.8284329,0.9993736
0.9999852,0.1264872,0.9997726,0.62845516,0.999509,-0.21118785,-0.8348316,0.99937135
0.9999894,0.24674663,0.96284556,0.80251205,0.9998317,-0.20837058,0.99493164,0.9998704
0.9999886,0.21206793,0.9402023,0.711906,0.9998491,-0.15874334,0.9953432,0.9993379
0.9999882,0.1598671,0.99980974,0.7088784,0.9994732,-0.25346732,-0.83258736,0.9991479
0.99998224,0.15363072,0.9998193,0.64949745,0.99945146,-0.2346095,-0.8385352,0.99907565
0.99998647,0.1347845,0.99978554,0.65470946,0.99959344,-0.21336222,-0.8321283,0.99932957
0.99998844,0.20317063,0.94408226,0.6695187,0.9998187,-0.18953748,0.99382776,0.99981177
0.9999794,0.12773952,0.9998253,0.6739832,0.9994508,-0.23222482,-0.8359035,0.9992116
0.99998385,0.15105861,0.99984014,0.77180886,0.9994302,-0.25716826,-0.8236908,0.999366
0.99998647,0.20909153,0.95458674,0.66562045,0.9998273,-0.19899742,0.9913131,0.99915355
0.9999862,0.21992096,0.93901247,0.6546748,0.99984604,-0.13078734,0.99397916,0.9999661
0.99998903,0.1435474,0.99980927,0.7525106,0.9994405,-0.24771315,-0.8224709,0.9993903
0.9999866,0.22106032,0.9322497,0.64160967,0.99978226,-0.15543053,0.99447393,0.9992238
0.9999833,0.11757337,0.99978304,0.6183511,0.9995499,-0.20740272,-0.8328115,0.9993493
0.99998444,0.13694422,0.9998115,0.70333135,0.99943453,-0.26370636,-0.8327442,0.9993039
0.9999883,0.20104589,0.915414,0.6064435,0.99980444,-0.17600058,0.99486536,0.99996907
0.99998534,0.1453305,0.9998147,0.6750655,0.99942636,-0.20484485,-0.8342834,0.9993569
0.9999861,0.19311155,0.9215054,0.43108281,0.99984676,-0.061989762,0.99247944,0.9991458
0.9999883,0.22579668,0.92482495,0.70370597,0.9998045,-0.16923767,0.9964925,0.99914324
0.99998814,0.21541534,0.9315069,0.6761403,0.9998128,-0.12983182,0.995927,0.9993539
0.9999873,0.1968128,0.9194485,0.50692594,0.9998273,-0.117283136,0.99277085,0.9999997
0.9999856,0.16013628,0.9998292,0.7999368,0.9994042,-0.3075477,-0.8216492,0.999446
0.99998623,0.12818645,0.9997962,0.7038484,0.99946755,-0.2611519,-0.8305898,0.99930954
0.9999872,0.19599101,0.9313014,0.6147249,0.99980825,-0.20097837,0.99393463,0.9993653
0.9999838,0.23136842,0.8768759,0.6098213,0.9998186,-0.0680047,0.9971955,0.99996775
0.9999914,0.25182387,0.97109014,0.80752504,0.99981433,-0.24807027,0.9924977,0.9992199
0.9999845,0.16037138,0.9998518,0.7892273,0.99936503,-0.29010057,-0.8227316,0.9993642
0.9999905,0.1923935,0.9578903,0.60228217,0.99985784,-0.19335502,0.98899186,0.99999833
0.9999837,0.13424273,0.9997956,0.627977,0.9994308,-0.19636995,-0.8364644,0.99925524
0.9999825,0.12536508,0.999807,0.6444522,0.9995144,-0.22173417,-0.8379737,0.99915177
0.9999825,0.13123693,0.99980724,0.68357366,0.9995105,-0.21674433,-0.8333989,0.9993635
0.99998486,0.13785887,0.99981254,0.7149656,0.99940646,-0.2769786,-0.83020264,0.9991674
0.99998647,0.16612393,0.99981695,0.7490833,0.99941546,-0.2442141,-0.82079124,0.99942833
0.9999865,0.22198837,0.911207,0.6417116,0.9997829,-0.16582523,0.9951574,0.9999467
0.99999225,0.21364912,0.96749246,0.76274496,0.99975985,-0.2925143,0.9868312,0.9999689
0.9999861,0.16167718,0.99983937,0.78400904,0.99943304,-0.27410868,-0.8228694,0.9993778
0.9999879,0.19432552,0.9234994,0.56793857,0.9998315,-0.12858765,0.9934731,0.9998486
0.9999892,0.2099049,0.95808774,0.7008295,0.9998158,-0.19938613,0.99088454,0.9994081
0.999989,0.20628591,0.943224,0.64662075,0.9998133,-0.18168491,0.9924786,0.99932605
0.99998933,0.24401051,0.95463896,0.7700002,0.9998065,-0.23936433,0.9947604,0.99997854
0.9999854,0.19424847,0.92360294,0.62702596,0.99979395,-0.1606408,0.99429375,0.99932534
0.99998635,0.14289623,0.9998121,0.71311635,0.99953055,-0.20847967,-0.8283987,0.99939185
0.9999871,0.22377503,0.9506953,0.75567466,0.99977887,-0.23880753,0.99364704,0.9999361
0.9999852,0.19943339,0.9069466,0.5412934,0.9998178,-0.09549633,0.99518913,0.9998672
0.99998605,0.21468182,0.9408589,0.6172995,0.99985695,-0.124049276,0.9938443,0.99983877
0.999988,0.21038905,0.94322,0.6916936,0.9998228,-0.19093199,0.99479073,0.99929684
0.9999864,0.14563286,0.9998114,0.74940735,0.99949616,-0.25200397,-0.82353413,0.9994829
0.99998397,0.15301426,0.99980307,0.6500946,0.99955535,-0.18388443,-0.8292711,0.99939364
0.9999854,0.20786268,0.91258657,0.47534108,0.99984246,-0.07161606,0.99399155,0.9994805
0.9999847,0.20836551,0.8802824,0.44321373,0.9998601,-0.031703096,0.9956661,0.99940056
0.9999794,0.14927629,0.9997946,0.6639099,0.9993978,-0.2212996,-0.8346621,0.99944055
0.9999824,0.13642757,0.99981046,0.70692766,0.99940944,-0.23914187,-0.8296431,0.9993932
0.99998724,0.21827927,0.93484473,0.70930433,0.99980253,-0.18578067,0.99541974,0.99912465
0.9999864,0.13360262,0.99979824,0.633462,0.9995426,-0.18494968,-0.8292652,0.9993189
0.9999867,0.21111292,0.9176497,0.62218285,0.99984336,-0.108009286,0.99520457,0.99982595
0.99998444,0.11703385,0.99977934,0.66695774,0.9993446,-0.24938981,-0.8379468,0.9993541
0.9999818,0.12854987,0.9998013,0.71444046,0.9994906,-0.31336722,-0.8357018,0.99923766
0.9999895,0.2017976,0.9391556,0.5894859,0.99980104,-0.1665382,0.9921689,0.9999898
0.99998665,0.19736904,0.95132583,0.60572064,0.9998134,-0.15253943,0.9906998,0.99939275
0.9999875,0.24687453,0.96385574,0.7677251,0.99977875,-0.21181715,0.9934588,0.9998406
0.999989,0.2261748,0.9617951,0.72828627,0.99981385,-0.22289424,0.99156594,0.99931055
0.99998903,0.20910455,0.96022236,0.7040074,0.99981356,-0.21470478,0.99028486,0.99999964
0.99998486,0.2091514,0.91052634,0.5687765,0.9997949,-0.1377924,0.99479383,0.9991963
0.9999855,0.20336515,0.92009616,0.5677844,0.9998404,-0.14175466,0.99403346,0.99981964
0.99998546,0.14703108,0.99979985,0.68554187,0.9994602,-0.2269502,-0.82949126,0.9993885
0.99998885,0.2085689,0.9375969,0.6688191,0.9998442,-0.18056138,0.99412906,0.9998324
0.99998343,0.15067095,0.9998288,0.7582973,0.99928105,-0.27523586,-0.8308971,0.99935323
0.9999827,0.14832452,0.9998285,0.6890214,0.99944335,-0.20835485,-0.8313422,0.9993249
0.9999771,0.12232136,0.9997922,0.5406009,0.9995133,-0.16340557,-0.8446013,0.9991709
0.9999873,0.18458715,0.999841,0.8071228,0.9993752,-0.28306755,-0.81960714,0.9994372
0.99998796,0.20445955,0.9585724,0.6692632,0.99985254,-0.15121034,0.9923507,0.9994804
0.9999879,0.24382095,0.9716643,0.80509603,0.9998296,-0.22010483,0.99220306,0.99922246
0.9999882,0.13137004,0.9998046,0.7012074,0.9994752,-0.22524054,-0.8293317,0.9993079
0.99998665,0.18134406,0.9306345,0.43293715,0.9998499,-0.08610913,0.9919468,0.9992681
0.9999905,0.22806747,0.9524915,0.7002537,0.999817,-0.20291276,0.9931778,0.9992112
0.99998844,0.21477343,0.9311446,0.62976927,0.99983704,-0.14146739,0.9952411,0.999792
0.9999876,0.23405035,0.9583913,0.805161,0.99983627,-0.21742593,0.99493444,0.9994378
0.9999889,0.22079037,0.93432367,0.70792073,0.9997816,-0.1344259,0.996077,0.9998399
0.99998385,0.08483158,0.99972814,0.38009802,0.99949586,-0.111922175,-0.84456444,0.9992972
0.99998474,0.14431755,0.9998242,0.6980504,0.9994913,-0.2184596,-0.8322973,0.9992485
0.9999878,0.20222183,0.91282886,0.5580678,0.9998537,-0.11226162,0.9952999,0.9993285
0.999987,0.21086562,0.9194272,0.61062485,0.99982154,-0.1292643,0.9951076,0.99928814
0.9999826,0.13266581,0.99982375,0.7181332,0.9994947,-0.22065423,-0.82714224,0.99930227
0.99998987,0.24459341,0.96904784,0.8049438,0.9997724,-0.28650028,0.99057305,0.9994382
0.99998844,0.23269072,0.9442137,0.7634122,0.9997827,-0.20838492,0.9955989,0.9999653
0.9999878,0.21796724,0.94874996,0.706957,0.9998372,-0.17081869,0.99434036,0.99926835
0.999987,0.18557279,0.9354232,0.48980388,0.9998265,-0.1528358,0.9916045,0.99938256
0.9999844,0.13195452,0.9998322,0.7297871,0.9994846,-0.23143059,-0.829362,0.99927455
0.99999005,0.2228206,0.97124386,0.6944395,0.9997863,-0.23087823,0.9869615,0.99935925
0.9999895,0.21481636,0.9716445,0.7602829,0.99978256,-0.24250357,0.98805946,0.99986994
0.9999871,0.22213402,0.93519765,0.67383534,0.99975866,-0.18368872,0.99456275,0.9992982
0.99998975,0.22729549,0.9619997,0.7633298,0.9997911,-0.25261828,0.99163973,0.99950176
0.9999857,0.21379137,0.95119774,0.689806,0.9998381,-0.19203998,0.9939148,0.99997044
0.9999866,0.13622874,0.999825,0.720855,0.9994357,-0.24379088,-0.82811636,0.99931127
0.99998534,0.10918124,0.9997649,0.6159594,0.99954,-0.21573189,-0.833043,0.99930346
0.99998814,0.2231229,0.9568532,0.74552226,0.9998255,-0.22634555,0.99310714,0.9997888
0.9999857,0.1646638,0.9998431,0.8086274,0.9993744,-0.27965856,-0.8143454,0.99940866
0.99998605,0.20529684,0.889454,0.60464036,0.99981064,-0.111564405,0.996815,0.9998651
0.9999907,0.23341079,0.97980106,0.80395734,0.99983674,-0.32132787,0.9851591,0.99944735
0.999984,0.15696706,0.9998161,0.70151365,0.9995098,-0.18257937,-0.8213868,0.9994529
0.9999862,0.19821848,0.9215562,0.63416374,0.9998443,-0.12513144,0.9954374,0.9998049
0.99998707,0.17582938,0.99984604,0.81845534,0.9993263,-0.32190707,-0.8132193,0.9992613
0.999983,0.1664135,0.99983567,0.6984377,0.9995123,-0.18798669,-0.8248739,0.9994281
0.99998504,0.2146846,0.9482627,0.65615267,0.9998504,-0.12542881,0.9930067,0.9999956
0.9999822,0.14658727,0.99980074,0.6527575,0.9994908,-0.182659,-0.8325764,0.9994355
0.99998635,0.23033021,0.9584699,0.76011884,0.9998355,-0.1839608,0.993902,0.99935097
0.9999785,0.10045602,0.9997766,0.50545394,0.99943775,-0.13923123,-0.84330297,0.99929196
0.99998933,0.21627499,0.96234316,0.7737892,0.9998167,-0.26227987,0.99237293,0.99927163
0.9999868,0.19880198,0.88843685,0.509369,0.99979746,-0.11569651,0.9956847,0.99942374
0.99998677,0.20365241,0.9402425,0.68203723,0.9998394,-0.16878864,0.9947321,0.99936706
0.9999829,0.13393894,0.99981034,0.62022924,0.9994403,-0.18797967,-0.8378549,0.9992416
0.99998766,0.13560401,0.9997961,0.73915946,0.999334,-0.29058245,-0.83031565,0.99932486
0.9999873,0.1976863,0.9220364,0.57869554,0.99984604,-0.1264906,0.99492747,0.99981344
0.9999834,0.142766,0.9998051,0.72220457,0.9994883,-0.2567466,-0.8270557,0.99934435
0.9999894,0.2004504,0.92392004,0.49503878,0.9998385,-0.08291401,0.99353087,0.9999854
0.9999857,0.1454242,0.99979204,0.6551082,0.99950695,-0.18514928,-0.82888335,0.99947304
0.99998856,0.21189077,0.9319211,0.7455709,0.9998052,-0.2017511,0.99580514,0.9994132
0.99999136,0.21297672,0.9743174,0.7318523,0.9998478,-0.2525298,0.9829437,0.99984294
0.99998486,0.17548877,0.9998465,0.8184402,0.9992501,-0.30528158,-0.8166442,0.9994685
0.9999864,0.15990244,0.9998163,0.7269459,0.9994711,-0.24546802,-0.8235724,0.9993492
0.99998504,0.21427849,0.9226621,0.65171915,0.99984336,-0.094525255,0.9955404,0.9997937
0.99998754,0.19816723,0.96056366,0.6009848,0.9998407,-0.14913152,0.98954433,0.99983925
0.9999874,0.1621894,0.9998187,0.7744958,0.9994921,-0.26593444,-0.8253348,0.99942225
0.99998033,0.14532907,0.999821,0.7007977,0.99946195,-0.2104108,-0.8304486,0.9994316
0.9999856,0.13512547,0.9998031,0.6704364,0.9994912,-0.24601206,-0.83075404,0.9990385
0.9999799,0.13997808,0.9997802,0.5819504,0.99947447,-0.16630599,-0.8389628,0.9995113
0.99998343,0.12763712,0.99978817,0.5887389,0.99955577,-0.16366151,-0.836995,0.9993858
0.9999889,0.16582464,0.9998195,0.73659503,0.99952775,-0.24787876,-0.8245013,0.99940187
0.999988,0.20755765,0.8891961,0.41917405,0.999819,-0.093340166,0.9946506,0.9992398
0.9999889,0.20834635,0.8996769,0.65140975,0.9997956,-0.14520276,0.996777,0.9992085
0.999986,0.21056646,0.92190325,0.5999036,0.99982035,-0.13524042,0.9950005,0.99997395
0.99999094,0.20503186,0.94549,0.5588714,0.9998662,-0.1505925,0.9910065,0.99916387
0.9999857,0.2020368,0.89442116,0.5257157,0.99981,-0.12389067,0.9953831,0.9998853
0.9999864,0.14905281,0.99985176,0.6973925,0.9994777,-0.19875617,-0.822643,0.9991855
0.99998564,0.13995434,0.9998278,0.73730797,0.9994992,-0.2548996,-0.82926595,0.999326
0.99998885,0.20509611,0.9496249,0.6743056,0.9998524,-0.16777438,0.9916968,0.9999663
0.9999879,0.16169846,0.9998323,0.7974984,0.9994224,-0.2996771,-0.8149754,0.99938923
0.99998903,0.22776233,0.9559313,0.797995,0.99979836,-0.15219934,0.9960109,0.99996626
0.99998224,0.13439107,0.99981713,0.7084348,0.9994374,-0.24783137,-0.83408767,0.99930805
0.9999837,0.20069917,0.9081362,0.5127843,0.9998471,-0.047594808,0.9952924,0.9992585
0.9999857,0.1527489,0.99981403,0.683648,0.99943733,-0.20326383,-0.83143646,0.9993173
0.9999887,0.22251976,0.9609529,0.71602464,0.9998009,-0.23429191,0.9911601,0.99997896
0.99998885,0.19868268,0.9391373,0.65643096,0.9998007,-0.21793996,0.99251443,0.9999523
0.999982,0.13729148,0.9998144,0.6611654,0.99944067,-0.23055635,-0.8346646,0.9991787
0.9999851,0.1418486,0.9998119,0.7610475,0.99943066,-0.2951879,-0.8266173,0.9994078
0.9999866,0.15739122,0.99982965,0.72704554,0.99951893,-0.23461561,-0.82200086,0.99930984
0.99998826,0.17604358,0.9998319,0.7322513,0.9995183,-0.1766756,-0.82110715,0.9994562
0.9999902,0.20534728,0.9295222,0.6653089,0.99983317,-0.1170391,0.99494773,0.99924344
0.9999825,0.12992013,0.99981976,0.7359792,0.9994024,-0.26916417,-0.82915974,0.9993842
0.99998707,0.14263012,0.9997946,0.67400753,0.99952453,-0.24651967,-0.8291189,0.9992474
0.9999838,0.16559404,0.9998481,0.75842816,0.9993861,-0.2810069,-0.8290763,0.99913996
0.9999879,0.15747516,0.9998069,0.67607236,0.99949104,-0.18919343,-0.8289779,0.99940854
0.99997914,0.14498316,0.999811,0.65590817,0.99948496,-0.18478134,-0.83444023,0.9993492
0.99998504,0.15604907,0.99981594,0.7314819,0.99950445,-0.25088856,-0.827167,0.99927175
0.9999864,0.16975772,0.9998282,0.7929053,0.9993456,-0.32374853,-0.821581,0.99937636
0.9999885,0.21640676,0.93129,0.70389766,0.9997861,-0.21814494,0.9943188,0.99981207
0.9999902,0.20896862,0.942283,0.6366683,0.999815,-0.14604884,0.9937442,0.9999663
0.9999874,0.20852298,0.9492124,0.6747411,0.9998557,-0.17078348,0.99322647,0.9999777
0.99998516,0.13957956,0.9998118,0.69046235,0.9994409,-0.21861708,-0.8348246,0.9993802
0.99999,0.23450549,0.9510022,0.7877567,0.9997883,-0.21634717,0.994716,0.99995863
0.9999877,0.14689705,0.9998239,0.7540839,0.9994339,-0.26419526,-0.81976104,0.99937624
0.9999883,0.20085363,0.9288533,0.56200933,0.99984574,-0.14357087,0.99403507,0.9998362
0.99999005,0.23412672,0.9505166,0.7729656,0.9997546,-0.21988507,0.99469197,0.99992776
0.9999837,0.15030813,0.99982154,0.7188506,0.9995503,-0.23449647,-0.827142,0.9994169
0.9999839,0.13524063,0.99975026,0.55718136,0.999624,-0.15249345,-0.8344839,0.99945706
0.9999899,0.24438745,0.9677636,0.7712938,0.9997672,-0.25087205,0.99115974,0.99931675
0.999985,0.18103774,0.9998051,0.71041995,0.9994388,-0.23456207,-0.8297781,0.9993151
0.9999813,0.14696361,0.999808,0.63662994,0.999437,-0.18835579,-0.8383516,0.9992847
0.9999884,0.22939366,0.9444453,0.6579107,0.99980086,-0.21440502,0.99230087,0.9994903
0.99998796,0.19489515,0.9530777,0.67073774,0.99979675,-0.24320875,0.9913999,0.9993622
0.9999885,0.21964066,0.95534134,0.6961597,0.99984205,-0.15753561,0.99268776,0.999315
0.99998224,0.120572284,0.99979657,0.60827136,0.9995298,-0.20618418,-0.834242,0.9992578
0.99998873,0.20552893,0.92812055,0.63437086,0.9998394,-0.16926639,0.9945357,0.9994208
0.99998504,0.21830681,0.8811594,0.52435154,0.9998322,-0.050065305,0.9966327,0.9999692
0.9999864,0.11548582,0.9997825,0.67415315,0.99940073,-0.25855234,-0.8331199,0.99925894
0.99998474,0.14364734,0.9998169,0.6884823,0.99950475,-0.20012698,-0.8304131,0.99939984
0.99998194,0.118238926,0.99979705,0.5742636,0.99952394,-0.19091775,-0.8410095,0.9991235
0.99998546,0.20131627,0.92552984,0.61231136,0.9998067,-0.1466703,0.9944383,0.9991675
0.9999844,0.1240127,0.9997837,0.6044023,0.9996042,-0.17092139,-0.83007306,0.9993524
0.9999854,0.1372112,0.99980044,0.6796062,0.99954265,-0.20736213,-0.83071375,0.9994441
0.9999862,0.20176426,0.9330876,0.5564333,0.999792,-0.1413478,0.992542,0.99936926
0.99998784,0.21660769,0.95837307,0.6663465,0.9998038,-0.17355171,0.99065816,0.9999733
0.9999836,0.1410868,0.9997904,0.69268405,0.999486,-0.2694806,-0.8325678,0.99929655
0.99998254,0.17944424,0.9998336,0.7208891,0.9996,-0.20358947,-0.8227872,0.9993414
0.9999865,0.19637598,0.92059374,0.5514193,0.9998317,-0.14329374,0.99440944,0.99935573
0.9999853,0.12967297,0.9997817,0.67768455,0.9993615,-0.24273434,-0.8341897,0.99936265
0.99998355,0.14539912,0.9998055,0.66770643,0.9994531,-0.19222546,-0.8375645,0.9994084
0.9999863,0.22073142,0.9240574,0.6432159,0.9997689,-0.16819093,0.99531156,0.99996895
0.999989,0.20531727,0.9267394,0.7113473,0.9997871,-0.20515494,0.99563205,0.9993033
0.9999842,0.15002403,0.9998029,0.6829745,0.9995124,-0.21084952,-0.8297471,0.9993735
0.9999847,0.122546755,0.99976075,0.6127539,0.99954295,-0.21329446,-0.8282453,0.99930453
0.99998385,0.13986251,0.99979866,0.6961365,0.99941844,-0.27396077,-0.83402634,0.99927354
0.9999872,0.18725754,0.93101835,0.5861987,0.9998124,-0.16133326,0.9936343,0.99939114
0.99998754,0.21854627,0.9311127,0.6385623,0.99982905,-0.11597684,0.9956001,0.9999437
0.9999858,0.17018966,0.99984205,0.806556,0.9993539,-0.2906274,-0.8150122,0.99948037
0.99998593,0.13193212,0.9997894,0.6520027,0.99950796,-0.23141555,-0.8350166,0.9992963
0.9999896,0.19691835,0.9452438,0.58358604,0.9998388,-0.17412052,0.99103236,0.9994702
0.9999878,0.14269064,0.9998125,0.7181685,0.99945474,-0.2167008,-0.8248775,0.9994052
0.99998224,0.13289748,0.99980843,0.67023015,0.9994834,-0.23797582,-0.8361517,0.99923843
0.99998736,0.20898736,0.88661003,0.39623758,0.99984825,-0.048640735,0.9945099,0.99940544
0.9999859,0.10076218,0.99974984,0.5450114,0.9996055,-0.16238062,-0.82835245,0.99947184
0.9999863,0.13444684,0.99979305,0.66903883,0.9995613,-0.23709328,-0.825776,0.9992894
0.99998724,0.2113704,0.929993,0.5752435,0.99985105,-0.08866296,0.993865,0.9994572
0.9999873,0.20854044,0.9276001,0.6459211,0.9998391,-0.11436838,0.99502426,0.9993857
0.99998933,0.21511991,0.960908,0.67941666,0.999796,-0.1883483,0.9917875,0.99996865
0.99998724,0.21264857,0.8881524,0.5780175,0.99981004,-0.09446736,0.996338,0.9999995
0.99998885,0.15482451,0.99982417,0.7886964,0.9994746,-0.28386155,-0.8208419,0.9993383
0.9999887,0.19436334,0.92159015,0.514162,0.9998177,-0.14079764,0.99300534,0.9998855
0.9999859,0.14630368,0.99979174,0.6789297,0.9994721,-0.25956723,-0.83291686,0.99924505
0.999986,0.14992708,0.9998118,0.72476906,0.99941975,-0.2574934,-0.8327954,0.9991891
0.99998987,0.20633477,0.9329434,0.55780977,0.99978423,-0.15336718,0.99336123,0.9992003
0.99998766,0.20654775,0.92180026,0.5089308,0.9997942,-0.1324692,0.9929825,0.9999782
0.9999841,0.15266903,0.99981856,0.7168387,0.9994542,-0.24219567,-0.8277714,0.9993529
0.9999886,0.21766008,0.95812285,0.6560358,0.9998245,-0.18984406,0.9921144,0.9998557
0.9999857,0.09837413,0.99974716,0.5151419,0.9995851,-0.1720958,-0.83814424,0.9992891
0.9999841,0.12372946,0.9997759,0.5309131,0.9995467,-0.1301769,-0.83712745,0.9993337
0.99998766,0.19724423,0.92717004,0.6084235,0.99982893,-0.154086,0.99460363,0.9993412
0.9999861,0.14666268,0.99979204,0.68373483,0.99950135,-0.1939985,-0.82867646,0.9994453
0.99998635,0.122091435,0.99978787,0.627692,0.9995055,-0.19983175,-0.8317677,0.9993043
0.99998736,0.22799021,0.8953701,0.68362904,0.9998154,-0.15785272,0.9970122,0.99984586
0.9999807,0.097338706,0.9997703,0.46450093,0.99958354,-0.12794954,-0.8423379,0.9992329
0.9999821,0.14327733,0.9998186,0.65980124,0.9994998,-0.19746384,-0.83935297,0.99931824
0.9999905,0.2039848,0.9360139,0.6429745,0.9998125,-0.16560534,0.99448067,0.99997956
0.99998456,0.104704514,0.99975455,0.52091426,0.9996475,-0.14413653,-0.8361926,0.9994002
0.99998474,0.15563709,0.99981767,0.73458403,0.9994868,-0.2542084,-0.82462394,0.9994074
0.9999883,0.20394818,0.9463187,0.6550846,0.9998694,-0.14019026,0.99393064,0.999974
0.9999833,0.17193596,0.9998452,0.78201354,0.99942404,-0.2647392,-0.82197714,0.99935323
0.9999842,0.18895216,0.91041356,0.5193397,0.9998465,-0.11652646,0.9947039,0.9992112
0.99998575,0.13150339,0.99980444,0.67784345,0.9994633,-0.19003941,-0.8324388,0.99940634
0.99998605,0.12437284,0.99976146,0.6312952,0.99948543,-0.23147535,-0.83077186,0.99926394
0.9999816,0.1345467,0.9998093,0.51705605,0.9996283,-0.13162361,-0.8363471,0.99930423
0.9999889,0.17750795,0.9378968,0.5189728,0.9998437,-0.16472337,0.99020493,0.99997395
0.9999841,0.14061089,0.9998183,0.6546519,0.9994732,-0.22141059,-0.83413684,0.99918896
0.999987,0.20063758,0.9262348,0.7011484,0.99982107,-0.17900679,0.99605995,0.9993764
0.9999851,0.16778003,0.9998305,0.7419058,0.9994301,-0.2564401,-0.8302298,0.9992955
0.9999859,0.20645477,0.90803033,0.49425417,0.9998136,-0.09484213,0.9940826,0.9993331
0.9999838,0.14390418,0.9998226,0.6755421,0.99947274,-0.18436934,-0.82967657,0.999288
0.9999889,0.21603146,0.9580641,0.6119503,0.99985653,-0.18117975,0.9902002,0.9992978
0.99998754,0.14548336,0.999806,0.72208035,0.9994759,-0.23977214,-0.8274489,0.9994031
0.9999857,0.15138893,0.9998124,0.7219211,0.99948144,-0.26309136,-0.8259964,0.9992464
0.9999866,0.13589057,0.9997882,0.7154819,0.9993204,-0.3152048,-0.83815837,0.99921435
0.9999854,0.19843549,0.9147986,0.65191823,0.99980474,-0.16923817,0.9949908,0.99938756
0.99998814,0.15356976,0.9998087,0.74321866,0.9994773,-0.26100862,-0.82600033,0.9994312
0.9999832,0.12735285,0.9997938,0.61860305,0.99945253,-0.18081063,-0.8371585,0.9992788
0.9999891,0.18259656,0.9998304,0.8347266,0.99934447,-0.35093728,-0.8109877,0.9993365
0.9999878,0.18128061,0.99982464,0.6943426,0.99951714,-0.1883271,-0.8244586,0.9992916
0.99998474,0.14504291,0.9998378,0.767367,0.9993986,-0.28733325,-0.8240992,0.9992467
0.9999881,0.19974214,0.9472623,0.6105116,0.99981856,-0.15500945,0.99228173,0.999976
0.9999843,0.15691817,0.9998204,0.7226983,0.99946153,-0.22756614,-0.8243426,0.9994023
0.9999876,0.21847755,0.94420666,0.66368866,0.99977857,-0.20482841,0.99265647,0.99937105
0.9999875,0.17345259,0.99984694,0.7875407,0.99939346,-0.27607578,-0.8165455,0.99932563
0.9999871,0.11020938,0.9997683,0.6448513,0.99953556,-0.2426658,-0.83249325,0.9992982
0.9999854,0.22032683,0.9390355,0.69130707,0.9997863,-0.19807874,0.99425423,0.9998236
0.99998254,0.13608415,0.99982494,0.67577577,0.9995182,-0.22537892,-0.83281827,0.99918103
0.99998313,0.12879622,0.9997754,0.5764831,0.99953383,-0.20866242,-0.83464813,0.9992604
0.9999871,0.20763415,0.9142098,0.5221984,0.99982727,-0.1400854,0.9942498,0.99993914
0.9999873,0.21352299,0.83300334,0.48312736,0.99981505,-0.08191282,0.99721533,0.999962
0.9999865,0.2032401,0.9357776,0.6726054,0.99983037,-0.1622142,0.9945802,0.99962264
0.9999881,0.2189682,0.9338765,0.68500364,0.99981797,-0.18505467,0.9959954,0.99933577
0.99999,0.19577448,0.89941216,0.46500558,0.9998345,-0.07657494,0.9947234,0.99990803
0.9999821,0.19830218,0.91719294,0.6318794,0.9998303,-0.13018067,0.9958156,0.99922836
0.999988,0.13998687,0.9998141,0.70008326,0.9994912,-0.21173538,-0.82881206,0.9993016
0.99998814,0.21214227,0.9391756,0.6657867,0.9998402,-0.16895515,0.9945017,0.99984
0.9999889,0.21430026,0.9303979,0.7142705,0.9997722,-0.21173994,0.99528486,0.99949706
0.99998486,0.17059022,0.9998471,0.7835912,0.99921936,-0.30234683,-0.8290831,0.9991845
0.9999826,0.13742971,0.9998356,0.7251184,0.9993927,-0.25321165,-0.83262014,0.99924743
0.99998915,0.20315537,0.94743747,0.6840285,0.99980426,-0.22547328,0.99148667,0.9998625
0.99998164,0.11189373,0.9997842,0.572757,0.9995391,-0.17355882,-0.8385011,0.9991979
0.99998564,0.21982262,0.9188156,0.6609237,0.9998181,-0.11267452,0.99647516,0.999832
0.9999844,0.13178031,0.9998105,0.6632836,0.99945265,-0.20965107,-0.833405,0.9993502
0.99998754,0.19587076,0.8947071,0.38721484,0.9998659,-0.09320745,0.99435014,0.99970096
0.99998873,0.21312149,0.93729115,0.65929246,0.99977744,-0.21960263,0.99356097,0.9999639
0.99998903,0.21599227,0.94930977,0.6456809,0.9998567,-0.16985227,0.9935155,0.99997926
0.9999903,0.19307384,0.9390423,0.6243642,0.9998241,-0.19706342,0.9922322,0.99928087
0.9999875,0.21606928,0.92836654,0.635138,0.99980086,-0.16397001,0.9947706,0.99945086
0.9999858,0.15312977,0.99981415,0.6374711,0.9994966,-0.19092456,-0.8344053,0.99927676
0.9999901,0.19497214,0.9183596,0.56686825,0.999844,-0.11344821,0.99443924,0.9998633
0.9999805,0.1463211,0.99983263,0.6509239,0.9994846,-0.19302107,-0.83149916,0.9992474
0.9999824,0.14636458,0.9998387,0.74830484,0.99933463,-0.29316917,-0.8272301,0.99920356
0.9999854,0.20666642,0.8923439,0.48412272,0.9998339,-0.06598472,0.99538505,0.9992652
0.9999847,0.2025386,0.91404706,0.49688414,0.999863,-0.06513595,0.99430597,0.9999356
0.99998474,0.12073622,0.99977493,0.57472026,0.99955964,-0.17811811,-0.8337808,0.9993535
0.99998736,0.22137588,0.95840645,0.70200837,0.9997989,-0.18573634,0.9923888,0.99997556
0.9999883,0.14934132,0.9998187,0.7792336,0.9993768,-0.29029283,-0.82306486,0.9994074
0.9999873,0.2197008,0.9242044,0.7067896,0.9997855,-0.1761479,0.9959839,0.9993776
0.99998415,0.1385783,0.9998099,0.7017653,0.9994198,-0.2693255,-0.8338384,0.9993048
0.9999861,0.208625,0.94076675,0.56791675,0.9998321,-0.139668,0.9928659,0.9999559
0.99998313,0.14131302,0.9998167,0.6504755,0.9995952,-0.16912897,-0.8314448,0.99937606
0.999991,0.21932405,0.96962714,0.7184442,0.9998047,-0.262319,0.9862511,0.9999834
0.9999845,0.16698667,0.9998077,0.6480376,0.99949896,-0.16857435,-0.8353057,0.99940825
0.9999852,0.1958161,0.92641747,0.50801134,0.9998549,-0.08551993,0.99291897,0.99987787
0.9999874,0.20025572,0.9100367,0.60066295,0.99984324,-0.12312072,0.9959623,0.9999833
0.9999906,0.2091362,0.9329804,0.67294276,0.99982667,-0.19580328,0.9941955,0.99922496
0.99998814,0.2225256,0.95013803,0.75425434,0.9997789,-0.24962968,0.99295264,0.9999704
0.9999794,0.14036268,0.9997867,0.6320197,0.9994206,-0.23119046,-0.84300286,0.9991981
0.99998856,0.19694586,0.9315034,0.4866802,0.9998644,-0.09457181,0.991965,0.9993803
0.9999838,0.1325455,0.9998003,0.7421384,0.9994361,-0.28839448,-0.8261055,0.99942344
0.9999835,0.12760434,0.9997936,0.58030397,0.9995627,-0.16447708,-0.8346393,0.99935764
0.9999891,0.22199313,0.9511574,0.706987,0.9998435,-0.18231045,0.99331075,0.9993411
0.9999848,0.1948329,0.92915964,0.504214,0.9998593,-0.10378376,0.99274397,0.999997
0.999986,0.16031949,0.9998206,0.73392147,0.99945515,-0.25715506,-0.8263911,0.9993074
0.999988,0.21488881,0.97327876,0.65711784,0.9998064,-0.20816854,0.9840466,0.999161
0.99998605,0.20355101,0.9457391,0.6555714,0.9998222,-0.15997867,0.9938621,0.99992615
0.9999878,0.21547009,0.9525972,0.65455794,0.99984545,-0.18611118,0.9918786,0.9992785
0.99998647,0.21220104,0.9041072,0.56157297,0.999857,-0.038640957,0.9959355,0.99996704
0.999981,0.1359114,0.99979925,0.6258904,0.9995258,-0.16432723,-0.82915395,0.99935853
0.99998593,0.21788839,0.94521105,0.55245423,0.9998328,-0.11919241,0.992698,0.99997616
0.99997795,0.08242673,0.9997697,0.4282404,0.9996203,-0.12513846,-0.83648413,0.999178
0.99998814,0.15981773,0.9997886,0.7401289,0.9992918,-0.2896191,-0.8329152,0.9993227
0.99998677,0.1513357,0.9998109,0.68592435,0.9995228,-0.21358143,-0.81907797,0.99935734
0.9999819,0.10681688,0.9997643,0.6071403,0.9994674,-0.26672003,-0.8362436,0.999099
0.99999136,0.24926358,0.9653439,0.8146955,0.99977654,-0.24614099,0.9930977,0.99998343
0.99998695,0.20821191,0.93938863,0.6663603,0.9997925,-0.170943,0.9937664,0.99999946
0.9999879,0.23723678,0.9551158,0.7667785,0.9998218,-0.20239669,0.9950321,0.99985397
0.9999852,0.17044337,0.9998479,0.7491539,0.9994429,-0.2779219,-0.8250966,0.9990747
0.99998623,0.22482231,0.9442642,0.7314007,0.99979734,-0.1848127,0.9952693,0.9993017
0.99998367,0.14680347,0.99976736,0.5853112,0.99956924,-0.19773823,-0.83432436,0.99927974
0.9999874,0.21082841,0.94704646,0.60034126,0.99983066,-0.10886418,0.9936193,0.9998644
0.9999865,0.14824325,0.9998167,0.708954,0.9994622,-0.25080067,-0.8264456,0.99931866
0.99998784,0.21305816,0.9394791,0.7461644,0.99981064,-0.18437202,0.99577665,0.99991775
0.9999814,0.10808924,0.99978524,0.60759544,0.99947923,-0.25256604,-0.8420656,0.9990418
0.9999875,0.19920383,0.90913284,0.5990933,0.9998161,-0.0725223,0.99598277,0.99994236
0.99998516,0.22945745,0.94559413,0.67833227,0.99985045,-0.16253467,0.9936889,0.99948865
0.99998987,0.16511458,0.9998288,0.79471135,0.9994826,-0.2958092,-0.8167908,0.99933404
0.9999877,0.22095625,0.9062276,0.62350935,0.9998314,-0.12361554,0.9959895,0.99984854
0.9999889,0.21020788,0.9426291,0.6254922,0.99981403,-0.1645958,0.993615,0.9993043
0.99998486,0.2055481,0.92709655,0.65058297,0.99981266,-0.15938823,0.99514866,0.9992866
0.99998707,0.1674701,0.9998428,0.82913756,0.9994003,-0.31093606,-0.8125768,0.9995333
0.9999862,0.21492006,0.958642,0.7275412,0.99982923,-0.15249053,0.9936751,0.9998693
0.9999863,0.15135318,0.99982625,0.75116956,0.9993355,-0.27487442,-0.8267418,0.9993201
0.99998295,0.15808095,0.9998238,0.7459121,0.999412,-0.2765224,-0.829782,0.9992852
0.9999822,0.1651565,0.9998413,0.7834123,0.99938613,-0.28828305,-0.8232102,0.9993524
0.9999855,0.19884677,0.9185299,0.63383925,0.9997815,-0.16426054,0.99526685,0.99924535
0.99998546,0.15849102,0.99978006,0.6264767,0.99945843,-0.19788943,-0.83622134,0.9993118
0.99998045,0.13336979,0.9998021,0.69757414,0.999552,-0.26780617,-0.8257882,0.99933606
0.9999851,0.12233449,0.99975777,0.59017146,0.99956065,-0.17933378,-0.8317555,0.9994165
0.9999854,0.13177417,0.9997885,0.6750734,0.99950904,-0.24015003,-0.8311434,0.99934065
0.9999838,0.15486714,0.99980074,0.7018485,0.9994185,-0.21761803,-0.83210254,0.99945223
0.9999824,0.13193555,0.99981356,0.6446487,0.9995113,-0.19852746,-0.8375604,0.99922985
0.9999896,0.2177618,0.95437086,0.6580324,0.9998249,-0.2349685,0.9909557,0.99918133
0.99998415,0.17527048,0.99982005,0.707778,0.9995051,-0.19224736,-0.82312375,0.999467
0.9999772,0.12361548,0.9997957,0.58536375,0.9995899,-0.19282351,-0.83631027,0.9992343
0.9999915,0.2468205,0.9669454,0.8415835,0.9997587,-0.28851208,0.9944958,0.9993109
0.99998885,0.20852877,0.92192113,0.67529774,0.99979675,-0.13842544,0.9952528,0.99994344
0.999983,0.13229127,0.9998318,0.6577679,0.99950844,-0.1556215,-0.82947385,0.9993401
0.99998873,0.21192285,0.92430323,0.699299,0.999808,-0.14913292,0.99618334,0.9999902
0.99998236,0.15548688,0.99982303,0.73149,0.9994786,-0.24075948,-0.8299158,0.9992951
0.9999841,0.14349209,0.99981403,0.6850568,0.9994393,-0.2226119,-0.82792777,0.99934703
0.9999868,0.1510136,0.9998175,0.7141347,0.9995268,-0.22707348,-0.8281794,0.99938434
0.99998724,0.15774709,0.99981046,0.67528147,0.9994887,-0.18091395,-0.8291377,0.99944794
0.9999849,0.13758472,0.99980974,0.6940017,0.99950176,-0.17522463,-0.8294377,0.9994945
0.9999869,0.21790665,0.90715283,0.5947691,0.9998136,-0.12575625,0.99539405,0.999862
0.99998504,0.2049553,0.9242758,0.56361544,0.9998463,-0.12672296,0.99447757,0.9995031
0.99998724,0.21580887,0.9175163,0.53877455,0.9998486,-0.12502617,0.99480915,0.999428
0.9999886,0.23729184,0.9610726,0.7920936,0.9998412,-0.19143543,0.9952115,0.9997392
0.9999854,0.20021994,0.930842,0.5359719,0.99981564,-0.123674124,0.993001,0.99937147
0.99998605,0.22359556,0.9159769,0.6180694,0.9998094,-0.12936392,0.99537945,0.9992549
0.99998355,0.1378808,0.9998077,0.6946299,0.9993854,-0.24763456,-0.8316731,0.9993583
0.99998605,0.12338533,0.9997796,0.64564216,0.9994,-0.27722827,-0.8422781,0.99915475
0.99998754,0.19956097,0.9257168,0.5463877,0.9998435,-0.13833126,0.9933048,0.99916893
0.9999838,0.123938136,0.99979293,0.6145457,0.99949527,-0.18166967,-0.83940005,0.99921036
0.999988,0.2070414,0.9597129,0.66767853,0.9998512,-0.15492721,0.9912112,0.9999569
0.9999883,0.14341004,0.9997897,0.68055916,0.99950385,-0.22501947,-0.8287611,0.99942136
0.99998814,0.1642574,0.999839,0.7955317,0.9993527,-0.3252074,-0.8268007,0.9991743
0.999983,0.11691574,0.9998004,0.5892937,0.9995522,-0.15240614,-0.8372656,0.9992551
0.9999837,0.12300202,0.9997841,0.5923103,0.9996157,-0.13543333,-0.83112943,0.9994455
0.9999869,0.2133523,0.93505955,0.7015361,0.9997842,-0.22700462,0.9946658,0.9999825
0.9999887,0.21660247,0.96179175,0.6489682,0.99980044,-0.17591515,0.98875976,0.99996907
0.999987,0.21175902,0.92548233,0.6106447,0.9998627,-0.09712145,0.9948584,0.9998901
0.9999834,0.17290147,0.99983937,0.7079315,0.9994922,-0.18142259,-0.82766926,0.9994277
0.99998236,0.12684223,0.9997499,0.58290267,0.99948984,-0.1862544,-0.8369599,0.99945194
0.9999826,0.15135713,0.99981743,0.7269057,0.9994195,-0.26353994,-0.83006483,0.9993159
0.99998736,0.20440874,0.9372897,0.5572503,0.9998535,-0.13635395,0.9923696,0.99999636
0.99998915,0.21837284,0.9551591,0.7384716,0.99982107,-0.18674655,0.99331117,0.99941033
0.9999859,0.18466039,0.99984974,0.8231427,0.9994083,-0.2910581,-0.8154817,0.9994534
0.99998826,0.17782621,0.9998311,0.80847156,0.9993369,-0.30370015,-0.82004064,0.9994322
0.9999867,0.19819838,0.9110184,0.46685842,0.99985087,-0.08396094,0.9941633,0.9998673
0.999987,0.21297239,0.9065186,0.4596386,0.99982524,-0.057429034,0.9951523,0.99998224
0.99997956,0.14439589,0.9998324,0.752585,0.99931294,-0.2793293,-0.8293251,0.9992009
0.99998325,0.1936025,0.8984521,0.47980687,0.9998373,-0.05244506,0.9945958,0.9993868
0.99998754,0.20061116,0.94385296,0.55752873,0.9998573,-0.12176643,0.9914508,0.99950594
0.9999849,0.22191115,0.88998127,0.61667854,0.99978495,-0.11630059,0.9970831,0.9992258
0.9999867,0.122759044,0.9997924,0.6742382,0.99949074,-0.21005602,-0.8321698,0.9993597
0.99999,0.20185247,0.93529505,0.472535,0.9998178,-0.14222021,0.99102724,0.9999899
0.9999831,0.2112659,0.8894095,0.5074611,0.9997797,-0.0888024,0.99567074,0.99981344
0.9999869,0.2188603,0.97195697,0.7114079,0.9998401,-0.21123284,0.9879168,0.99931496
0.99998623,0.1092348,0.99977255,0.66583467,0.9995061,-0.25972015,-0.8291482,0.9993177
0.9999857,0.15804403,0.9998298,0.7285846,0.9994601,-0.22620338,-0.8265904,0.9993228
0.9999827,0.20827031,0.907177,0.61930287,0.99983764,-0.08331826,0.99632245,0.999958
0.99998754,0.13917235,0.99980974,0.7098732,0.99954325,-0.2263108,-0.826896,0.99933165
0.9999851,0.12308993,0.9997932,0.6885702,0.9993991,-0.2788161,-0.8366291,0.99905896
0.9999856,0.14869379,0.9998203,0.74548775,0.9993761,-0.2739262,-0.8283222,0.9993046
0.99998933,0.21229416,0.9514873,0.60188144,0.99983805,-0.13478696,0.99083614,0.99918175
0.9999842,0.15774278,0.9998317,0.7405815,0.9993513,-0.23596571,-0.82890147,0.999337
0.9999849,0.1355641,0.9997948,0.63606787,0.99947655,-0.20118156,-0.835449,0.9993057
0.9999894,0.21618222,0.9332014,0.6560972,0.99981236,-0.18969786,0.9949992,0.99934924
0.99998605,0.15136677,0.9998217,0.72847426,0.9994706,-0.23327509,-0.8264203,0.99944067
0.99998796,0.22335605,0.9469153,0.7292923,0.9998329,-0.19947748,0.99453944,0.9993216
0.99998504,0.14967659,0.99979985,0.60080314,0.99947304,-0.12047435,-0.83570856,0.99947256
0.9999881,0.23298061,0.96356505,0.7792296,0.99984246,-0.24130107,0.9925947,0.9993106
0.9999848,0.21029477,0.893343,0.63504755,0.99983275,-0.07901606,0.996713,0.9992749
0.99998707,0.2051224,0.93125165,0.68765676,0.99979615,-0.19252904,0.9947824,0.99999946
0.9999901,0.21739422,0.9615081,0.6329919,0.9997785,-0.22053087,0.9883511,0.9999997
0.9999903,0.19309442,0.95510256,0.61392725,0.9998306,-0.19941987,0.9899298,0.99996984
0.99998903,0.21603256,0.9655267,0.7465042,0.9998228,-0.22702417,0.99118036,0.9991476
0.99998385,0.12297895,0.9997813,0.58629847,0.9995362,-0.18174586,-0.83893406,0.9992893
0.9999817,0.1557895,0.99983627,0.7885524,0.99930054,-0.29381058,-0.82503736,0.9994723
0.9999832,0.19541016,0.99987346,0.8240461,0.9993514,-0.26712763,-0.81640327,0.99934155
0.9999896,0.21715476,0.9695166,0.7256679,0.99984396,-0.19892843,0.98983055,0.99984366
0.99998593,0.20622104,0.9236854,0.5765962,0.9998725,-0.09995527,0.99418104,0.9998391
0.9999914,0.21920298,0.9423273,0.7187243,0.99980754,-0.21420695,0.9946423,0.99945277
0.9999844,0.124943845,0.9997791,0.63318336,0.99943274,-0.25121662,-0.8373858,0.9990477
0.9999888,0.21690112,0.9390278,0.63340354,0.9998662,-0.11623515,0.99407476,0.99924254
0.9999886,0.1368228,0.9997811,0.63186765,0.9994636,-0.19379841,-0.8330871,0.9993319
0.99998736,0.2314615,0.95610887,0.7416459,0.99978656,-0.21273783,0.99389946,0.99926096
0.9999881,0.16875952,0.9998163,0.7988161,0.9993447,-0.30811712,-0.82222885,0.9993967
0.99998516,0.12481646,0.9997782,0.612809,0.9995642,-0.20148854,-0.8318894,0.99933344
0.9999874,0.17911643,0.9998397,0.7542585,0.99958646,-0.22002825,-0.81814545,0.9993283
0.9999844,0.13830093,0.99979234,0.59800154,0.9995897,-0.18397759,-0.8314153,0.9993845
0.999987,0.21505241,0.90462893,0.6200273,0.99982744,-0.09862021,0.9967375,0.9993992
0.9999885,0.21190256,0.9214847,0.7219763,0.9997956,-0.18228735,0.99636227,0.99998856
0.9999873,0.20626847,0.9576408,0.6649276,0.99982315,-0.17916602,0.9911368,0.9994067
0.9999809,0.13252212,0.9998327,0.6642072,0.9994474,-0.1907605,-0.8373584,0.99928683
0.9999868,0.22446975,0.93892473,0.6878576,0.9998263,-0.16271023,0.9944969,0.99928266
0.9999894,0.21334034,0.96468544,0.7248329,0.9998335,-0.19798206,0.9915449,0.99934
0.9999796,0.12985317,0.99982053,0.68534493,0.99939066,-0.26463923,-0.837456,0.9992077
0.9999847,0.15053163,0.9998173,0.6968595,0.9994204,-0.20936725,-0.82799494,0.99938715
0.9999863,0.21193226,0.9266159,0.5262549,0.9998419,-0.10476883,0.9940346,0.9992898
0.9999909,0.21220239,0.95474195,0.67967427,0.99984056,-0.15987769,0.9918852,0.9999425
0.99998564,0.18020894,0.9998424,0.783726,0.99939334,-0.22316395,-0.82125056,0.99945086
0.9999883,0.21916027,0.9433455,0.73288333,0.9997714,-0.22548196,0.9935273,0.99908274
0.99998707,0.21488999,0.9236312,0.6527246,0.9997887,-0.18714894,0.99503005,0.9991466
0.99998754,0.21048534,0.9371974,0.6644716,0.9998245,-0.17283165,0.994074,0.999291
0.99998736,0.19869784,0.8972688,0.4688287,0.99984914,-0.0774319,0.99543107,0.9999994
0.9999831,0.17004196,0.999834,0.7789475,0.9991619,-0.2940054,-0.8276463,0.9994173
0.9999883,0.1474591,0.99981254,0.74935746,0.9995057,-0.2848011,-0.82429266,0.999185
0.99998564,0.2075433,0.90845746,0.6534637,0.99979377,-0.1569189,0.9958016,0.9992153
0.9999866,0.13878112,0.999789,0.6558187,0.9994208,-0.24295655,-0.83536506,0.99922943
0.99998343,0.11635388,0.99978423,0.66908205,0.9995065,-0.25034484,-0.8323468,0.99929756
0.9999787,0.15690401,0.9998228,0.7157055,0.99941224,-0.23731223,-0.8307654,0.9994278
0.9999897,0.20260784,0.9246913,0.69073343,0.99983823,-0.15271679,0.9949073,0.99940246
0.9999893,0.20406072,0.9297076,0.6233866,0.9998044,-0.121150956,0.9947102,0.9992394
0.9999889,0.21852678,0.9525123,0.6769968,0.9997835,-0.2057825,0.9926108,0.99999964
0.9999843,0.13768415,0.99982494,0.6896488,0.9994737,-0.23209174,-0.8313215,0.99919516
0.9999861,0.2067935,0.9471505,0.7154447,0.9998007,-0.19483127,0.99394286,0.99932116
0.9999862,0.21818061,0.92490494,0.6588017,0.9997697,-0.15834945,0.99487585,0.9994008
0.999991,0.22633216,0.96429795,0.73004615,0.9998254,-0.22765926,0.98993975,0.99990344
0.99998784,0.21664654,0.9471091,0.7201464,0.9998346,-0.15490563,0.99471664,0.99997634
0.9999898,0.2265835,0.9577743,0.7554333,0.9997361,-0.27791026,0.9927959,0.99986094
0.99999076,0.20760146,0.9461688,0.64971375,0.99982506,-0.16551904,0.99271685,0.99948484
0.9999824,0.12557346,0.99979377,0.67378116,0.9994327,-0.26223803,-0.8363648,0.9990579
0.9999847,0.12591437,0.99978095,0.72284,0.9994894,-0.27546176,-0.8253199,0.9994271
0.99998593,0.16465059,0.99984545,0.77344453,0.99941325,-0.27651265,-0.8232386,0.9993236
0.99998516,0.19762522,0.8930342,0.42596644,0.99983126,-0.055258915,0.9945694,0.9998572
0.9999886,0.18510622,0.99982065,0.77131385,0.9994621,-0.27101737,-0.819384,0.9993908
0.999987,0.20174117,0.9557234,0.5587841,0.9998822,-0.12034142,0.9892205,0.9991611
0.9999874,0.139823,0.9997858,0.71317756,0.99951845,-0.24637565,-0.82841945,0.9993988
0.99999017,0.23393042,0.97489464,0.76924217,0.99979335,-0.2907228,0.987499,0.9993335
0.99998885,0.22279619,0.9617023,0.68313444,0.99979347,-0.21901669,0.99134254,0.9999892
0.99998814,0.14754976,0.99980813,0.6861459,0.99956614,-0.21179019,-0.8290205,0.9992056
0.9999883,0.2171419,0.9403761,0.69019663,0.9998297,-0.1411479,0.9949089,0.9993833
0.99998736,0.1764454,0.99982387,0.7292686,0.99943566,-0.1886732,-0.82376367,0.99954325
0.99998385,0.13729759,0.99982435,0.77509534,0.9994271,-0.2781082,-0.8249677,0.99946207
0.999988,0.21890044,0.9669273,0.70579827,0.9998263,-0.2427572,0.99034286,0.9999904
0.9999882,0.17912848,0.99979055,0.65227616,0.9995193,-0.2312338,-0.832641,0.9992663
0.99998444,0.118069515,0.9997993,0.72646415,0.9994401,-0.30430982,-0.8262799,0.99927056
0.9999862,0.14312948,0.999798,0.6761764,0.9995291,-0.2534852,-0.8319914,0.9992761
0.9999836,0.22020923,0.90699035,0.6463556,0.999767,-0.14753272,0.99641585,0.999942
0.9999829,0.11008367,0.9997819,0.6374173,0.9995265,-0.20542853,-0.8283028,0.99943495
0.999979,0.13353746,0.99979264,0.5543488,0.9995086,-0.1806473,-0.8399247,0.9990658
0.99998593,0.16207506,0.9998465,0.7683598,0.99944836,-0.27067262,-0.8233632,0.9992788
0.9999851,0.19869314,0.9170491,0.6703451,0.99980104,-0.17713094,0.9962209,0.9999686
0.9999854,0.15486528,0.99982744,0.7789287,0.9994404,-0.29653308,-0.8203529,0.99929833
0.9999821,0.14318956,0.9998064,0.72958505,0.99938107,-0.2771434,-0.833421,0.99928474
0.9999858,0.14031133,0.999817,0.7100837,0.9994181,-0.26499704,-0.82661104,0.99930304
0.99998546,0.111660704,0.99979573,0.6863961,0.999445,-0.28943115,-0.8346784,0.99912727
0.99998724,0.21501733,0.93232304,0.73897064,0.9998017,-0.20813195,0.9957702,0.99996585
0.9999844,0.1723604,0.9998384,0.74707776,0.99942696,-0.26235303,-0.82234,0.9993767
0.9999835,0.14090195,0.9998177,0.70892376,0.99941665,-0.20227279,-0.82890165,0.9994944
0.9999913,0.22283787,0.9670161,0.74672294,0.9998242,-0.23606826,0.9910373,0.99996454
0.999989,0.20732072,0.95653254,0.68846905,0.9998142,-0.1763059,0.99202216,0.9999998
0.9999843,0.123259775,0.99979347,0.6634218,0.999561,-0.2652333,-0.832301,0.9992075
0.9999833,0.14153416,0.9998146,0.66921556,0.99940705,-0.2424078,-0.8363984,0.9992629
0.9999868,0.1525126,0.9998026,0.6467571,0.99948996,-0.18417601,-0.8328746,0.99932873
0.99998134,0.1217886,0.99978685,0.62195307,0.9995564,-0.14528067,-0.8363062,0.9995115
0.99998915,0.19142899,0.9501507,0.6209857,0.9998464,-0.16890672,0.99141335,0.9999802
0.99998933,0.2116238,0.9145384,0.65004015,0.9998108,-0.18756486,0.9957504,0.99998784
0.99998933,0.20783247,0.93746334,0.65605253,0.9998376,-0.18753122,0.9938041,0.9999997
0.99998707,0.1416646,0.99979866,0.730078,0.99941105,-0.25443897,-0.82571185,0.9994193
0.9999892,0.2269069,0.96596086,0.7148541,0.9998001,-0.22536106,0.990431,0.9992867
0.9999884,0.24277478,0.960579,0.78491306,0.9998038,-0.25244522,0.9935371,0.99922097
0.999982,0.15196326,0.99981403,0.6793382,0.9994225,-0.22281048,-0.83772165,0.99921066
0.99998295,0.1276581,0.9997905,0.6437305,0.9994527,-0.21309598,-0.8307189,0.9992621
0.99998635,0.15127729,0.99983215,0.773451,0.9994134,-0.3033402,-0.8270482,0.9991873
0.99998564,0.21612722,0.93561935,0.6838881,0.99981904,-0.16227524,0.99528337,0.9999991
0.9999859,0.18284789,0.9327874,0.6184615,0.9998279,-0.18857226,0.9934349,0.99981487
0.9999842,0.19073233,0.93913966,0.5723567,0.99978966,-0.15582274,0.99160063,0.99941564
0.9999889,0.21935299,0.9457876,0.7052803,0.9998123,-0.22545138,0.99392134,0.99913836
0.99998695,0.15203863,0.9998289,0.7673907,0.9994419,-0.28662407,-0.82498,0.999323
0.9999866,0.1342386,0.9997856,0.64783305,0.9994491,-0.24013539,-0.83355343,0.99926054
0.9999854,0.21701783,0.8854211,0.60304976,0.9998113,-0.08908784,0.9970657,0.99941474
0.99998355,0.15291719,0.99983907,0.7267221,0.9994588,-0.21961306,-0.82816315,0.99930495
0.9999885,0.13848169,0.9998201,0.71544725,0.99944896,-0.22679365,-0.82701653,0.9994027
0.99997973,0.11112809,0.9997937,0.5991181,0.9995282,-0.19708987,-0.8362293,0.9992357
0.99998665,0.21212836,0.9044346,0.6407397,0.9998245,-0.09764309,0.99616826,0.9993081
0.9999844,0.17569916,0.9998385,0.75009966,0.999427,-0.242667,-0.82623756,0.9993321
0.99998754,0.22515109,0.9423091,0.72144806,0.99981713,-0.14508705,0.99554765,0.9995725
0.9999877,0.14298262,0.99980384,0.66310084,0.99960494,-0.18844001,-0.8263073,0.9993423
0.999985,0.13800307,0.99981064,0.70578206,0.99941933,-0.24109387,-0.8313303,0.99927884
0.999987,0.21145199,0.9524235,0.65548134,0.9997867,-0.22574066,0.9917816,0.9994185
0.9999806,0.14279102,0.9998203,0.64282405,0.9994288,-0.21979561,-0.8355173,0.99921733
0.99998593,0.21988516,0.94847995,0.74696696,0.99981785,-0.22233172,0.9945053,0.99921167
0.9999849,0.15772358,0.9998255,0.75933754,0.99942607,-0.26730213,-0.82492304,0.9994376
0.999985,0.19846307,0.9118286,0.47166142,0.9998411,-0.058418144,0.99433696,0.9993773
0.9999864,0.17612343,0.9998142,0.72160196,0.9993021,-0.24911518,-0.8285168,0.9993693
0.99998355,0.1603446,0.9998437,0.775995,0.9994167,-0.2760507,-0.8242019,0.9994031
0.9999867,0.21978277,0.9490846,0.6911818,0.99976856,-0.21331994,0.994003,0.9997059
0.99998313,0.21839793,0.9114559,0.71509826,0.9998216,-0.094102785,0.9970865,0.9994064
0.99998397,0.15379867,0.9998038,0.63895774,0.9994783,-0.17026956,-0.8346457,0.99927497
0.99998116,0.1664712,0.99982965,0.7114481,0.99949366,-0.20945837,-0.83001953,0.99932194
0.99998385,0.15234926,0.99982435,0.7289282,0.9994158,-0.25426236,-0.82798266,0.9993831
0.999986,0.20826422,0.9293652,0.6181161,0.99981344,-0.13651924,0.9947559,0.9993662
0.9999875,0.21501836,0.89221346,0.6905168,0.99983156,-0.1185676,0.997367,0.99932986
0.9999891,0.21053027,0.9386459,0.6065273,0.99982196,-0.1646657,0.99348694,0.9994886
0.9999896,0.21292137,0.9107302,0.6295577,0.9998211,-0.15334885,0.99602383,0.9991893
0.99998873,0.21362415,0.9411483,0.64285016,0.9998505,-0.12452184,0.99442554,0.9994024
0.99998146,0.13114771,0.9998072,0.6416621,0.9994266,-0.21103095,-0.8397596,0.9992493
0.9999869,0.20238343,0.89553016,0.6207732,0.9998038,-0.10958548,0.99610645,0.9998874
0.9999866,0.22887932,0.9440674,0.77661085,0.99979293,-0.17103434,0.99599004,0.9992563
0.9999844,0.14354314,0.99980915,0.6648829,0.9995224,-0.2512232,-0.832031,0.9991659
0.99998283,0.12140648,0.999801,0.7074682,0.9994993,-0.27031162,-0.8271521,0.9992391
0.9999856,0.12458914,0.9997445,0.5221657,0.9995969,-0.1410851,-0.8350352,0.9994171
0.99998516,0.1787399,0.9998374,0.7941152,0.99938726,-0.31973207,-0.82577974,0.9992022
0.9999852,0.18303163,0.92443126,0.5337175,0.9998479,-0.10767642,0.99352056,0.9999896
0.9999905,0.22585648,0.95921326,0.781052,0.9998181,-0.22646347,0.994291,0.9994182
0.99998444,0.16811648,0.99984175,0.74651873,0.9994729,-0.21940508,-0.82998645,0.9993868
0.99998564,0.1299915,0.99978757,0.6177713,0.9995318,-0.18878259,-0.83350116,0.9993326
0.9999889,0.21282686,0.9422046,0.6740406,0.99982136,-0.1578916,0.9937585,0.9999638
0.9999872,0.15809272,0.9998003,0.70940614,0.9994257,-0.24478841,-0.83288294,0.9993342
0.99998516,0.21766996,0.90915954,0.6211988,0.99985904,-0.123924315,0.9955788,0.99917716
0.9999866,0.12881602,0.9998005,0.6826707,0.99951875,-0.24001993,-0.83182025,0.9992741
0.9999895,0.21004336,0.9629724,0.6490487,0.9998578,-0.1589855,0.9906143,0.99922335
0.9999867,0.15799549,0.9998087,0.7137044,0.99948686,-0.23008119,-0.8283953,0.99934286
0.99998695,0.1971696,0.8996474,0.45521337,0.9998522,-0.047615815,0.9951809,0.9992781
0.999985,0.16109039,0.999828,0.71459365,0.9994829,-0.20956485,-0.8240204,0.999365
0.9999851,0.13904244,0.9997948,0.68450296,0.99937606,-0.24792716,-0.8349165,0.9993328
0.9999865,0.14957578,0.9998031,0.6786289,0.99944794,-0.21900052,-0.8303926,0.9993643
0.999987,0.23627925,0.97169054,0.75800997,0.9997938,-0.2460328,0.9896956,0.9992884
0.999986,0.15723555,0.9998318,0.7618118,0.9994394,-0.2927148,-0.8258928,0.99925894
0.9999844,0.15130216,0.99980825,0.6511823,0.9994344,-0.1988799,-0.8388346,0.9993069
0.999984,0.14788498,0.9998083,0.73535925,0.9994589,-0.25968358,-0.82412684,0.9994257
0.999986,0.22105686,0.92440784,0.7523756,0.9997936,-0.13619636,0.99711317,0.99923635
0.9999885,0.19348818,0.9584181,0.66953886,0.9998354,-0.19531824,0.98970777,0.99932015
0.99998903,0.18554443,0.9998428,0.7885935,0.9994864,-0.250498,-0.8110792,0.9994316
0.9999899,0.22134292,0.9492228,0.7566694,0.9998163,-0.19710618,0.9946219,0.9994291
0.99999076,0.21395841,0.93106234,0.7164484,0.9997791,-0.16209392,0.995765,0.9992488
0.9999854,0.20934945,0.8953331,0.5615312,0.9998044,-0.12608923,0.9957928,0.9999419
0.99998987,0.20565802,0.9485915,0.71374065,0.9997885,-0.24546498,0.99287474,0.9991929
0.9999828,0.105610535,0.99975353,0.53189576,0.99958557,-0.15335599,-0.83186835,0.99946076
0.9999799,0.13066709,0.9998178,0.64808786,0.9994365,-0.21998705,-0.8392742,0.9991569
0.99999106,0.20302929,0.96235394,0.63210696,0.99980825,-0.1827773,0.9876147,0.99940723
0.99998236,0.13885815,0.99980044,0.70125616,0.99952614,-0.26324075,-0.8320255,0.99931467
0.9999839,0.13906685,0.99980605,0.64601505,0.99948716,-0.21303982,-0.83423114,0.99910206
0.9999856,0.15315753,0.9998286,0.71969795,0.99940896,-0.21938625,-0.83170134,0.99934953
0.9999854,0.14240061,0.99982446,0.7145512,0.9994412,-0.25059873,-0.8337211,0.9991657
0.99998665,0.15972064,0.9998328,0.7509518,0.99942183,-0.2616451,-0.8261038,0.9993139
0.9999805,0.11360697,0.9998108,0.60279644,0.9995365,-0.19104207,-0.83595324,0.99930274
0.9999899,0.23351958,0.965116,0.7427169,0.9997586,-0.25260833,0.9907067,0.9993047
0.99998295,0.19962679,0.81810474,0.4848712,0.99979347,-0.06894025,0.9972668,0.99996346
0.9999854,0.20353416,0.93866295,0.69777447,0.9997962,-0.17622659,0.995453,0.9991138
0.9999825,0.13855885,0.9997957,0.6151142,0.99952173,-0.19436762,-0.8402173,0.9992026
0.99998736,0.20618449,0.91677594,0.58082646,0.9998302,-0.11883824,0.99535763,0.999966
0.99998593,0.16362001,0.99982584,0.7041152,0.9994698,-0.21170516,-0.8294146,0.99934244
0.9999831,0.18716605,0.999881,0.838552,0.99927354,-0.32405597,-0.8200313,0.9990786
0.9999895,0.2364048,0.9435138,0.708562,0.99982446,-0.14512533,0.99543095,0.99919003
0.9999877,0.2324885,0.959847,0.7766324,0.99981004,-0.20968671,0.9935292,0.99931055
0.9999882,0.15839002,0.9998329,0.75922215,0.99943966,-0.2712748,-0.8262351,0.99913466
0.99998754,0.2239342,0.94571435,0.69466746,0.9998136,-0.17488632,0.994838,0.99937373
0.9999846,0.12138191,0.99980104,0.6554356,0.9995452,-0.2092639,-0.8314572,0.9993776
0.9999873,0.20506312,0.9412592,0.67222196,0.9998104,-0.20972267,0.992646,0.99933517
0.99998206,0.124609,0.99978983,0.6032038,0.99943984,-0.20049183,-0.8407054,0.9992201
0.99998486,0.21130143,0.9523613,0.58118117,0.9998538,-0.15387525,0.9910797,0.9998532
0.9999867,0.13691331,0.9997853,0.6249255,0.9994923,-0.20519438,-0.8342997,0.9992693
0.999984,0.11518023,0.9997799,0.62263304,0.9995149,-0.22336978,-0.836635,0.99916184
0.9999878,0.22093195,0.9213763,0.660855,0.99982387,-0.106722616,0.9958669,0.99944
0.9999848,0.17394052,0.9429204,0.59603363,0.9998134,-0.18649471,0.9914963,0.9999474
0.9999891,0.22307251,0.9516298,0.70698714,0.999851,-0.18791345,0.9936525,0.9999461
0.999989,0.22821528,0.97324574,0.684198,0.99986565,-0.18299799,0.9882816,0.9998822
0.9999908,0.22725207,0.95643556,0.7455689,0.9998356,-0.23861817,0.9929519,0.99930817
0.99998313,0.13660884,0.99979824,0.6605712,0.999434,-0.22160025,-0.8369427,0.999312
0.9999827,0.11930925,0.9998114,0.6485865,0.99950814,-0.19492912,-0.8302808,0.99932116
0.99998665,0.14832696,0.9998085,0.7111916,0.9994725,-0.25987434,-0.8265192,0.9992806
0.99998546,0.148966,0.99981266,0.71244115,0.9994915,-0.25227788,-0.8355486,0.9993489
0.9999887,0.23393336,0.94885945,0.7511613,0.99984163,-0.2145076,0.9947769,0.9999761
0.99998957,0.21499473,0.9617502,0.71804917,0.9998121,-0.24286523,0.9910902,0.99999803
0.9999886,0.21315059,0.9408891,0.6645949,0.99976474,-0.1910474,0.9932083,0.99994725
0.9999888,0.141108,0.9997951,0.70576966,0.9994826,-0.26824358,-0.8257386,0.9992887
0.999984,0.140369,0.99980617,0.70294344,0.999396,-0.26688278,-0.83402455,0.9992093
0.99998724,0.20767638,0.90645766,0.5907955,0.9998265,-0.12466912,0.9960357,0.99923396
0.99998575,0.15094592,0.9998129,0.7209402,0.9993873,-0.26280707,-0.83577657,0.99928784
0.99998313,0.1565677,0.9998119,0.6589147,0.9994376,-0.21411319,-0.8362325,0.9993306
0.9999862,0.16564827,0.99984413,0.7770916,0.9994594,-0.24875565,-0.818802,0.9994287
0.9999856,0.14688821,0.9998336,0.70816183,0.9994166,-0.23528893,-0.8319311,0.9992326
0.99998134,0.12582797,0.99979585,0.65080535,0.999475,-0.23113272,-0.8348121,0.99933666
0.99998444,0.13824327,0.99980885,0.6546091,0.9994473,-0.20418805,-0.8340028,0.99927646
0.9999882,0.1829883,0.95381093,0.6502824,0.9998563,-0.18262108,0.9910285,0.9998509
0.99998564,0.13455644,0.9998003,0.6997725,0.9994354,-0.2635037,-0.83158624,0.99929297
0.99998903,0.17356052,0.99983776,0.80788624,0.9992607,-0.293151,-0.82371885,0.99928254
0.9999833,0.13765214,0.9997824,0.6159625,0.9995314,-0.20761535,-0.83905756,0.99923384
0.9999899,0.22159107,0.95839816,0.70558405,0.9998248,-0.22113374,0.9925629,0.999314
0.9999888,0.20869447,0.96046984,0.5475198,0.99984413,-0.15532978,0.9874082,0.9998554
0.9999877,0.20255992,0.92948437,0.6815853,0.9997806,-0.19498643,0.9945243,0.99942505
0.9999864,0.13117516,0.9997841,0.68750626,0.99956024,-0.2007265,-0.82603526,0.9994746
0.99998707,0.21630311,0.9461516,0.6518842,0.99983317,-0.1572552,0.9934042,0.99997604
0.9999911,0.21770366,0.94773185,0.6944058,0.99981284,-0.17346074,0.9937079,0.99975514
0.9999863,0.20876978,0.9147629,0.5042706,0.9998091,-0.11667511,0.99402213,0.9993485
0.99998575,0.16405,0.9998244,0.73348236,0.9993761,-0.2504861,-0.82786024,0.9993917
0.99998516,0.14255582,0.9997815,0.63188124,0.99954796,-0.21336372,-0.8344402,0.9992587
0.99999064,0.17437395,0.99981415,0.7429956,0.9994459,-0.24584341,-0.82079643,0.99944675
0.99998903,0.22049141,0.9525003,0.6428628,0.99981546,-0.20099762,0.99103916,0.99940777
0.99998707,0.15587088,0.99982613,0.73870087,0.99952936,-0.26377258,-0.8259045,0.9992463
0.99999,0.20254311,0.93275803,0.6194358,0.999855,-0.14131765,0.9939186,0.9998697
0.99998635,0.20359205,0.93232226,0.7065642,0.99977595,-0.15758039,0.9953864,0.9993178
0.9999861,0.14430892,0.99981564,0.68179977,0.9994751,-0.23551813,-0.83343667,0.999185
0.9999895,0.21350966,0.9513097,0.61618084,0.999831,-0.18264252,0.98991376,0.9999634
0.9999856,0.14287338,0.99982655,0.70262635,0.9994028,-0.21607164,-0.8299428,0.9993113
0.99998313,0.134867,0.99981457,0.6437093,0.9994801,-0.14863935,-0.8354058,0.9994252
0.9999886,0.22663236,0.9557724,0.71513236,0.9997918,-0.2242038,0.99286735,0.99933237
0.999987,0.14163308,0.99980515,0.71101546,0.9994404,-0.23227295,-0.8255795,0.99935067
0.9999878,0.20992863,0.9405001,0.6339614,0.99980223,-0.16634944,0.99282205,0.99998677
0.9999835,0.22198245,0.90861267,0.71872056,0.99980384,-0.10498071,0.99700767,0.9999681
0.99998987,0.2120745,0.9576958,0.69281846,0.9998059,-0.23276703,0.9917693,0.9999986
0.9999828,0.13277619,0.99980986,0.6611607,0.99942744,-0.23892558,-0.8361509,0.99920326
0.9999909,0.20000947,0.9642102,0.7051436,0.99980575,-0.22504726,0.98859566,0.9999974
0.99998474,0.1433173,0.99982285,0.7453102,0.9994666,-0.24193792,-0.82481015,0.9994588
0.999979,0.172484,0.99986154,0.7941722,0.999398,-0.2847745,-0.82065344,0.99932635
0.99998546,0.22490929,0.86326945,0.61169744,0.99978405,-0.08795488,0.99772495,0.9999577
0.999988,0.21562627,0.8797167,0.53301114,0.9998362,-0.09851796,0.9958575,0.9992597
0.99998796,0.23045157,0.96415585,0.74582267,0.99980956,-0.24993336,0.9919965,0.9993816
0.9999877,0.17632592,0.99984336,0.76577437,0.9994277,-0.24042816,-0.8168124,0.99951303
0.9999882,0.22177598,0.96324927,0.6869362,0.99983716,-0.2391152,0.9901782,0.9993373
0.9999844,0.15263599,0.9998251,0.73766327,0.99950343,-0.24433433,-0.8248045,0.99938506
0.9999887,0.21322092,0.92740554,0.63207215,0.99979836,-0.17984195,0.9944978,0.9992294
0.9999847,0.14939182,0.9998419,0.7715402,0.9994337,-0.28237012,-0.8250482,0.99932295
0.9999853,0.16278379,0.99981743,0.7443564,0.9994682,-0.25763035,-0.82356,0.9993586
0.9999811,0.13139476,0.99981326,0.6687501,0.9994632,-0.20346777,-0.83664775,0.9994103
0.99998975,0.19642024,0.90761477,0.4844791,0.99983954,-0.14226915,0.9938839,0.9999989
0.9999853,0.20973435,0.93603414,0.661607,0.9998518,-0.082785614,0.9956918,0.99998325
0.99998385,0.12742037,0.99977154,0.6502382,0.9995269,-0.21168295,-0.83245504,0.9994633
0.9999837,0.15052173,0.99982524,0.7279993,0.9994776,-0.2384503,-0.8284944,0.9993623
0.999986,0.20820032,0.89518124,0.5477669,0.9998069,-0.10652882,0.9960749,0.9999995
0.9999889,0.21024337,0.9578414,0.62369454,0.9998258,-0.19158626,0.9889623,0.9992417
0.9999876,0.21625641,0.936423,0.6936876,0.9998158,-0.20374632,0.99453044,0.99938875
0.99998313,0.15755793,0.9998159,0.7391826,0.9994354,-0.25236872,-0.82856584,0.99932265
0.9999868,0.20477955,0.91487575,0.5701221,0.9998409,-0.106404565,0.99435234,0.9999996
0.99998826,0.1636962,0.99981934,0.8053459,0.9994346,-0.32012957,-0.8122128,0.99945825
0.99998385,0.15205063,0.99983853,0.7195188,0.99951535,-0.19580837,-0.82688737,0.99946
0.9999871,0.1559173,0.99982864,0.7534931,0.9993915,-0.26706365,-0.8297932,0.9993352
0.9999848,0.21000424,0.9219211,0.66662556,0.9998057,-0.1409994,0.9956861,0.99936515
0.9999864,0.17055456,0.9998246,0.75798607,0.9993226,-0.28746477,-0.8254082,0.9993725
0.9999872,0.14758301,0.9998259,0.6946736,0.99952924,-0.21000353,-0.8241737,0.9992391
0.9999865,0.13669105,0.9998166,0.77981234,0.99932396,-0.28487432,-0.8266549,0.9994755
0.9999881,0.21363282,0.9206232,0.6429316,0.999829,-0.18837918,0.9946663,0.99927694
0.9999887,0.21793562,0.9485107,0.6340633,0.9998231,-0.1876893,0.9917015,0.99921364
0.99998146,0.12724747,0.99979615,0.60251373,0.9995956,-0.13537875,-0.82974386,0.99947745
0.99998605,0.14961132,0.99981576,0.6886194,0.99946016,-0.21852879,-0.8310156,0.9993719
0.9999873,0.17939582,0.9998454,0.78688824,0.99938357,-0.2835316,-0.81967,0.99936324
0.9999782,0.1150479,0.99980336,0.6515045,0.99942267,-0.22913906,-0.8402395,0.9992585
0.99998057,0.13151994,0.99981385,0.6207458,0.9995361,-0.17017089,-0.83595264,0.9992931
0.9999877,0.20383005,0.92423284,0.5466683,0.9997934,-0.13253245,0.99313295,0.99993706
0.9999852,0.14785528,0.9998331,0.73697245,0.99951214,-0.22006181,-0.8224162,0.99933577
0.99998695,0.14739816,0.9998256,0.69890183,0.9994655,-0.2327433,-0.82610774,0.9991669
0.99998677,0.20158234,0.9427871,0.5930867,0.9997857,-0.17238903,0.9913284,0.9998708
0.9999821,0.14335324,0.9997739,0.6543133,0.9994774,-0.21303791,-0.83299434,0.9994468
0.99998987,0.18238494,0.9407124,0.56322694,0.9998447,-0.1582211,0.99106,0.9992776
0.99998677,0.16946928,0.99983853,0.76705825,0.9994405,-0.24549937,-0.82087755,0.99940044
0.99999017,0.21943776,0.9580214,0.79152375,0.9998258,-0.23493057,0.99506307,0.9999857
0.9999834,0.19781978,0.8994121,0.5082811,0.9997761,-0.08221576,0.9950967,0.99941295
0.99998975,0.20745818,0.9707447,0.7188909,0.99982256,-0.24886857,0.9881068,0.9991735
0.999988,0.18550502,0.9998433,0.80590606,0.99940115,-0.29848808,-0.81240284,0.9993103
0.9999828,0.15676466,0.9998325,0.7288537,0.99944323,-0.2530519,-0.83086246,0.99926585
0.9999912,0.21523784,0.9718586,0.7170208,0.99982417,-0.20519105,0.9863131,0.9999996
0.99998975,0.23389152,0.9595328,0.7424546,0.99986327,-0.19653767,0.9939646,0.9999927
0.9999851,0.14318667,0.9998145,0.7179173,0.9995157,-0.22724956,-0.8254311,0.9993912
0.9999817,0.14081873,0.99984264,0.7288858,0.99939567,-0.25317377,-0.8275275,0.9992382
0.99998766,0.21183963,0.9553369,0.7351786,0.9998407,-0.18287848,0.9929068,0.99984443
0.99998707,0.15548429,0.9998181,0.7010124,0.99950904,-0.20191167,-0.82655174,0.9994175
0.9999852,0.22605903,0.923229,0.64191294,0.9997606,-0.13208036,0.995335,0.9993226
0.99998826,0.21798468,0.88611233,0.6446753,0.99981916,-0.12911862,0.99703956,0.9991446
0.9999868,0.20437193,0.93795675,0.54330206,0.99983424,-0.14038503,0.99262905,0.99981004
0.9999897,0.20517218,0.95005554,0.646491,0.9998393,-0.18830635,0.992323,0.99931216
0.9999859,0.21084858,0.9170766,0.6491053,0.9997996,-0.1358276,0.99562836,0.99931717
0.9999858,0.16198847,0.999827,0.7614068,0.9994088,-0.29170418,-0.8235568,0.99912816
0.999988,0.22545703,0.9286193,0.74860203,0.999779,-0.19266325,0.9966785,0.9999747
0.99998695,0.21733832,0.96284235,0.6676033,0.999829,-0.12717113,0.99160683,0.99994314
0.9999858,0.14806286,0.9998198,0.7188461,0.9994875,-0.2212046,-0.83095086,0.99934244
0.99998534,0.20291162,0.8934696,0.52479255,0.99984115,-0.09725143,0.9962548,0.9993551
0.9999867,0.22076222,0.93189055,0.7198556,0.9997469,-0.1925033,0.9952773,0.9993972
0.9999908,0.22121792,0.975699,0.7334626,0.9998245,-0.23182614,0.98834556,0.9999545
0.99998385,0.13979572,0.9998065,0.6513259,0.99950856,-0.21348155,-0.83388734,0.9993099
0.9999879,0.2350007,0.9452137,0.77089727,0.9997832,-0.16733323,0.99623865,0.9993434
0.9999828,0.16110536,0.99984086,0.7522682,0.999394,-0.24353379,-0.8300204,0.9994369
0.99998647,0.21544832,0.9400805,0.7794886,0.9997791,-0.21077074,0.99611217,0.9999686
0.99998915,0.20722294,0.95103806,0.64784986,0.9997952,-0.16773899,0.99145114,0.9999932
0.9999902,0.1941992,0.93795,0.5439633,0.99984515,-0.1370428,0.9917438,0.9992264
0.99998355,0.1267415,0.9998032,0.6485766,0.999533,-0.20249738,-0.83149594,0.9994197
0.9999832,0.20329791,0.89147425,0.5109469,0.99979925,-0.07337456,0.9958067,0.9992239
0.999985,0.12372262,0.9998046,0.6900468,0.99945366,-0.25253183,-0.8339471,0.99931777
0.999986,0.1237034,0.9997926,0.7201551,0.99941903,-0.3014187,-0.83087575,0.9992554
0.9999865,0.19969016,0.92489576,0.57537174,0.99985707,-0.11789212,0.9938716,0.9993182
0.9999848,0.16070457,0.99981254,0.725512,0.9994568,-0.23857668,-0.8283574,0.9993957
0.99998325,0.21144515,0.9151369,0.6007924,0.99983627,-0.07444866,0.9957466,0.9993895
0.9999864,0.1388795,0.99979377,0.7109452,0.99956095,-0.2526322,-0.8294205,0.9993712
0.99998957,0.20897649,0.9288976,0.60121536,0.99981755,-0.16584161,0.99418473,0.9991704
0.999985,0.13147545,0.99982667,0.74605167,0.9993595,-0.29457688,-0.830554,0.99911225
0.99998945,0.2173099,0.9589442,0.7145585,0.99981976,-0.2229717,0.99092376,0.9993523
0.99998516,0.19852711,0.93134034,0.6291983,0.99983144,-0.1653796,0.9944256,0.9998235
0.9999831,0.19149461,0.9449788,0.5685284,0.99980915,-0.13614298,0.9920281,0.9992933
0.9999867,0.14600997,0.9997874,0.6431839,0.99952066,-0.20406224,-0.828598,0.9992737
0.9999832,0.13247296,0.99980766,0.6559897,0.9995342,-0.1897149,-0.8331766,0.9992832
0.9999892,0.20916136,0.91873705,0.6435956,0.999789,-0.16900393,0.99514294,0.9998268
0.99998647,0.2247942,0.9342494,0.73921025,0.9998017,-0.19435658,0.9954902,0.9999806
0.999988,0.22531098,0.9444344,0.79655045,0.9997972,-0.19795272,0.99565005,0.99982345
0.9999878,0.20685104,0.8914627,0.5040867,0.99983215,-0.049690187,0.99593204,0.9999521
0.99998975,0.20049624,0.94333464,0.64480555,0.99980986,-0.19119436,0.9920181,0.9989807
0.99998957,0.2183206,0.95936036,0.6407995,0.9998263,-0.19574611,0.9897089,0.999186
0.99998504,0.13522135,0.99981505,0.6577928,0.9994783,-0.22773382,-0.83739513,0.99916154
0.9999881,0.22678138,0.9411266,0.6892408,0.9997992,-0.1617238,0.9945541,0.99996245
0.99998564,0.17212136,0.99984026,0.77391976,0.9993767,-0.27818334,-0.8277485,0.99932194
0.9999888,0.21586314,0.9692863,0.72492397,0.99981415,-0.2542399,0.9873741,0.9999383
0.9999856,0.22234628,0.91748875,0.677563,0.9998234,-0.117254905,0.9960106,0.999969
0.99997956,0.11766263,0.9997818,0.5277453,0.99960107,-0.13756287,-0.8333312,0.9993473
0.99998456,0.1544616,0.9998644,0.7986679,0.9994165,-0.29554123,-0.8207188,0.9992475
0.9999895,0.18457611,0.9545226,0.48291886,0.99984676,-0.17351127,0.9863785,0.999995
0.999989,0.20057747,0.95334655,0.6108407,0.99984545,-0.16412911,0.99133223,0.99998146
0.99998665,0.21451856,0.9249512,0.6980187,0.9998133,-0.17912929,0.99582815,0.9993214
0.9999783,0.10831049,0.9997377,0.4777621,0.99952984,-0.16669364,-0.84178543,0.99937487
0.99998975,0.20497108,0.9610739,0.6151856,0.9998605,-0.20805486,0.9870718,0.9999688
0.999987,0.14037664,0.9998096,0.7448679,0.9993935,-0.27750662,-0.82832944,0.9992473
0.99999034,0.2265573,0.95184076,0.6975223,0.99978006,-0.21364483,0.992583,0.9994047
0.9999813,0.13694805,0.999819,0.6640863,0.9995236,-0.18170889,-0.8311709,0.999381
0.9999872,0.23622853,0.9536732,0.7453622,0.99980885,-0.20804599,0.9938197,0.99931216
0.9999895,0.21911795,0.92954427,0.6856995,0.99984604,-0.13245662,0.9958024,0.99988884
0.99998176,0.14195177,0.9998358,0.7112422,0.9994544,-0.21573508,-0.8326658,0.99934924
0.99998575,0.14010748,0.99981016,0.5822663,0.9995183,-0.14492215,-0.8319731,0.99927187
0.99998724,0.14098606,0.99981225,0.71433306,0.99944144,-0.21375144,-0.8271117,0.9994082
0.99998224,0.13182251,0.9997914,0.6734742,0.99947876,-0.28572023,-0.8366701,0.999231
0.9999888,0.17825714,0.9998339,0.7587372,0.999464,-0.23242775,-0.8208216,0.9994352
0.9999814,0.15157229,0.99981886,0.6727216,0.9994302,-0.25832558,-0.83812445,0.9990845
0.99998933,0.23256974,0.9518141,0.79572856,0.9997976,-0.22658215,0.99507016,0.9992642
0.99998647,0.122169584,0.9997748,0.5736469,0.99952555,-0.18478183,-0.83741105,0.9993112
0.9999859,0.13260345,0.9998208,0.652637,0.99949324,-0.17012687,-0.8296273,0.9993725
0.99998486,0.12788962,0.99981296,0.7352065,0.9993423,-0.28246683,-0.83313,0.9992486
0.99998766,0.20268595,0.93404114,0.62816656,0.99981755,-0.16820993,0.99367815,0.9993926
0.9999813,0.14172776,0.9998202,0.7359966,0.99924296,-0.2892983,-0.8352821,0.99927723
0.99998623,0.22231461,0.94818705,0.70228297,0.9998648,-0.14963368,0.9944391,0.99999225
0.99998605,0.11911667,0.9997596,0.50301695,0.99959534,-0.11434263,-0.836268,0.99931985
0.9999896,0.20411167,0.956741,0.7467698,0.99983233,-0.2179487,0.9922098,0.9992087
0.9999869,0.20182702,0.92326677,0.5968218,0.9997846,-0.16299988,0.99412566,0.999299
0.9999798,0.14387204,0.9998127,0.6775347,0.9995171,-0.20882519,-0.8321813,0.9992951
0.99998766,0.20592207,0.9135252,0.6317172,0.99983525,-0.1669911,0.99529725,0.99997455
0.99998695,0.21535002,0.9265063,0.6779611,0.99985933,-0.13300706,0.99544924,0.99934685
0.99998635,0.14859588,0.99980396,0.70268,0.9993969,-0.26542667,-0.8338102,0.9991354
0.99998164,0.12298312,0.9998024,0.647933,0.9996013,-0.22184762,-0.8331855,0.9992209
0.99998945,0.2306567,0.96560305,0.78184587,0.99983054,-0.26541764,0.9922723,0.9994209
0.9999878,0.2187169,0.96894515,0.7464564,0.9998265,-0.21525475,0.98862773,0.999268
0.9999839,0.13798596,0.9997911,0.6359935,0.9994895,-0.20090753,-0.83831817,0.99935186
0.9999855,0.15290345,0.99981403,0.6535642,0.999507,-0.18693376,-0.83190274,0.99931604
0.99998987,0.233279,0.95883596,0.71627504,0.99975157,-0.25224105,0.9913738,0.9992915
0.9999878,0.23998064,0.96389127,0.81052446,0.99982846,-0.2496418,0.9943864,0.99919116
0.99998534,0.15803905,0.9998059,0.7279761,0.9994099,-0.26623288,-0.82963216,0.999328
0.9999821,0.15379529,0.9998297,0.71606314,0.9993818,-0.26487735,-0.83383226,0.9992388
0.9999835,0.16196886,0.999841,0.7413837,0.9993805,-0.2515613,-0.82731307,0.99928194
0.99998826,0.20871182,0.94823176,0.6789037,0.9998008,-0.20634514,0.99310064,0.99997824
0.9999898,0.21519716,0.9637158,0.6690196,0.9998515,-0.19957057,0.98897976,0.99974686
0.9999855,0.10928342,0.9997777,0.54517275,0.9995699,-0.13268994,-0.8398922,0.99934053
0.9999816,0.1231093,0.9998325,0.68491274,0.999473,-0.24238478,-0.8339247,0.9992043
0.999985,0.14365128,0.99979436,0.61037123,0.9995491,-0.14623909,-0.8326997,0.9993284
0.99998933,0.17801899,0.999829,0.7572192,0.99941635,-0.26823887,-0.82313836,0.99929947
0.99998385,0.1610471,0.99981856,0.7251638,0.9994021,-0.23628528,-0.82773966,0.9993658
0.9999863,0.15086873,0.99984765,0.820073,0.99938416,-0.29110974,-0.81563926,0.9993817
0.9999837,0.14380442,0.99982476,0.7523097,0.9993668,-0.28527722,-0.8310996,0.9992009
0.9999847,0.14549746,0.9998084,0.6795901,0.99943584,-0.25340074,-0.832684,0.9992514
0.99999297,0.22898838,0.96238256,0.812242,0.99974304,-0.2995975,0.99267495,0.99984217
0.9999859,0.12962149,0.9997991,0.6647409,0.99945045,-0.2295787,-0.83248216,0.9993036
0.9999834,0.13990435,0.99981594,0.74762607,0.9993407,-0.30861166,-0.83255255,0.9992171
0.99998754,0.16007133,0.99980223,0.6892623,0.99942803,-0.23634198,-0.8324689,0.99927294
0.9999886,0.2018836,0.94932514,0.65871775,0.9998107,-0.17359816,0.99251956,0.99986327
0.9999879,0.2172948,0.95132107,0.72191095,0.99985236,-0.18675278,0.9942947,0.9999468
0.9999875,0.1494784,0.9998163,0.75353444,0.99935216,-0.31395483,-0.82586145,0.99900866
0.999984,0.13953699,0.99981225,0.6189108,0.9995689,-0.1704689,-0.82878137,0.99930286
0.99998456,0.20732109,0.94353515,0.63913,0.999822,-0.20483692,0.9934515,0.9999761
0.9999824,0.10045702,0.99975026,0.5962087,0.9995995,-0.21865264,-0.8252964,0.9993932
0.9999863,0.14328785,0.99981916,0.73045903,0.99952745,-0.26282105,-0.8296414,0.9992753
0.99998957,0.20790339,0.88737154,0.53496426,0.99979085,-0.13736092,0.9949703,0.9998108
0.99998677,0.13412099,0.9997919,0.6777242,0.9995025,-0.23462231,-0.8339485,0.99921644
0.9999826,0.12750588,0.99978316,0.59744525,0.9995396,-0.21822074,-0.8368306,0.99933314
0.9999848,0.13369487,0.9997891,0.6690593,0.9994169,-0.22365652,-0.83335185,0.999398
0.9999854,0.22871128,0.92555654,0.6838243,0.99983156,-0.1682929,0.9954292,0.99942124
0.9999907,0.21981725,0.9637622,0.6592547,0.99985504,-0.2018083,0.99031186,0.99985397
0.9999846,0.12605427,0.99979556,0.6097113,0.999566,-0.18456697,-0.8280625,0.99926335
0.9999866,0.20022254,0.91294634,0.570467,0.99982566,-0.1518569,0.9944033,0.99998164
0.9999858,0.2103122,0.938017,0.6179787,0.99982566,-0.14781435,0.99395627,0.9993927
0.999987,0.23376186,0.9459077,0.76638657,0.999798,-0.20496817,0.9951224,0.999869
0.99998146,0.10050367,0.9997547,0.5742634,0.999486,-0.24510609,-0.84002835,0.99911684
0.99998635,0.19774525,0.8965918,0.4724127,0.9998409,-0.082642995,0.99472195,0.9998606
0.99998844,0.21262214,0.93923736,0.7310757,0.99979776,-0.21335314,0.9952477,0.9993696
0.99997985,0.12773536,0.99978524,0.5439398,0.9995174,-0.17533472,-0.8429291,0.9992518
0.9999886,0.21255018,0.956473,0.6957474,0.99981976,-0.22209907,0.9909737,0.9993506
0.9999832,0.20028462,0.9125002,0.61459106,0.9998126,-0.1321378,0.99598104,0.9992372
0.9999895,0.19142988,0.9500102,0.61416125,0.99979466,-0.16515091,0.9903408,0.9999694
0.9999892,0.21137103,0.9471086,0.6516518,0.99984133,-0.13939822,0.9926016,0.999778
0.9999883,0.20044203,0.92986417,0.46202323,0.9998098,-0.17245692,0.98858815,0.9999995
0.9999828,0.13249709,0.9997886,0.61137354,0.99960357,-0.1919247,-0.8302206,0.9993872
0.99998325,0.1538283,0.999832,0.77274525,0.99939287,-0.30093294,-0.8258015,0.99934953
0.9999868,0.22181924,0.94531274,0.7519158,0.9998185,-0.21605086,0.9948655,0.9991918
0.9999839,0.22237507,0.92400515,0.68623,0.9998476,-0.09670855,0.99662524,0.99932337
0.99998343,0.1457604,0.9998089,0.6997955,0.9994115,-0.2659024,-0.83530164,0.9991828
0.9999878,0.16915213,0.9998241,0.7294748,0.99946636,-0.2209365,-0.82555425,0.99939436
0.9999778,0.1360874,0.9998344,0.6419973,0.9995625,-0.16673441,-0.8341979,0.9993488
0.9999849,0.20732713,0.92674536,0.5920906,0.9997981,-0.1760039,0.99429697,0.9993007
0.9999881,0.15493567,0.9998068,0.71368885,0.9994822,-0.24215098,-0.8209529,0.9994376
0.9999853,0.21290493,0.912997,0.5328666,0.9998135,-0.10857392,0.99518025,0.99937177
0.9999872,0.19262983,0.9334221,0.5555699,0.9998138,-0.15527025,0.99283487,0.99987274
0.99998677,0.15251854,0.99982274,0.7535055,0.9993292,-0.24863602,-0.83098674,0.9993932
0.9999848,0.19235267,0.90578794,0.49158236,0.99985313,-0.081000745,0.9945494,0.9992344
0.99998087,0.11934056,0.9998201,0.7027055,0.9993348,-0.2455127,-0.82976854,0.9993193
0.9999847,0.1385785,0.9998376,0.72289526,0.9994159,-0.25478157,-0.8264815,0.99926096
0.99998707,0.14305554,0.9998122,0.68410546,0.9994787,-0.17482114,-0.82812464,0.9993822
0.99998397,0.13849051,0.99979496,0.616434,0.9995001,-0.19363388,-0.8377879,0.9992631
0.9999871,0.13215761,0.9997823,0.6362062,0.99946874,-0.20172659,-0.8328333,0.9993443
0.99998987,0.24341455,0.9644774,0.78579694,0.9998114,-0.23455827,0.99335474,0.99929136
0.99998724,0.15042177,0.9997964,0.7185583,0.9995304,-0.2504315,-0.82651687,0.99937284
0.9999848,0.12713459,0.99977815,0.6236031,0.9995198,-0.2201319,-0.8337374,0.9993196
0.9999872,0.19940533,0.9170687,0.5350275,0.9997938,-0.15277644,0.9930569,0.99994946
0.9999856,0.21841368,0.942477,0.64884263,0.999821,-0.1484248,0.99401563,0.99984413
0.9999854,0.14247091,0.99978554,0.69294524,0.9994273,-0.2699777,-0.8369442,0.9992198
0.99998146,0.14237404,0.99980736,0.69764817,0.99941677,-0.24844219,-0.83785236,0.9991795
0.999986,0.20803258,0.87623,0.61282283,0.9998147,-0.110709794,0.9967205,0.9998581
0.99998593,0.20493558,0.9336741,0.61415267,0.99983966,-0.12382366,0.9946889,0.99984944
0.99998194,0.14127134,0.99981636,0.7150631,0.9992612,-0.29424497,-0.84098625,0.9991147
0.9999887,0.24935834,0.95513487,0.79399216,0.9998122,-0.2231949,0.9957482,0.99995315
0.99998593,0.15893541,0.99981296,0.7073746,0.99939775,-0.26354387,-0.83051133,0.9992667
0.9999881,0.16850185,0.9998313,0.7745564,0.9994549,-0.27310884,-0.8234689,0.9994048
0.99998915,0.16851166,0.9998408,0.7662118,0.99953586,-0.25973195,-0.81334627,0.99930114
0.99998933,0.19847661,0.95852304,0.5639625,0.9998662,-0.19342111,0.9868819,0.9999579
0.9999879,0.22382179,0.9684142,0.6965281,0.99982506,-0.20528871,0.9897507,0.99928856
0.9999858,0.15339191,0.9997966,0.6631316,0.9994932,-0.20979057,-0.8343508,0.99930274
0.99998474,0.2009701,0.9326776,0.6720263,0.99980116,-0.16868213,0.99477226,0.99981743
0.99998677,0.1698981,0.9998325,0.708845,0.9994765,-0.17921023,-0.82240117,0.9993752
0.9999876,0.15362737,0.9998213,0.7053362,0.99954915,-0.21105087,-0.826644,0.99930716
0.9999881,0.162845,0.9998198,0.76183426,0.99947923,-0.2717714,-0.82034636,0.9994327
0.99998724,0.23753406,0.9244724,0.79105544,0.999766,-0.22144234,0.9967363,0.9999843
0.9999862,0.117832825,0.99981004,0.69740033,0.9995099,-0.2477467,-0.8297967,0.9993171
0.9999858,0.21563464,0.9516604,0.70178735,0.99982655,-0.14783593,0.99457026,0.99996996
0.99998593,0.13481075,0.9998016,0.60982335,0.9995073,-0.1453016,-0.83017594,0.99939406
0.99998474,0.13292883,0.9997977,0.63373184,0.99955314,-0.18171942,-0.83348644,0.9994131
0.99998444,0.12806353,0.99979556,0.6564849,0.999464,-0.19567695,-0.83275604,0.999458
0.99998355,0.13701613,0.99981683,0.6032434,0.99949944,-0.20000376,-0.83799016,0.9991002
0.99998707,0.2212946,0.9563259,0.74244773,0.9997773,-0.226848,0.9931439,0.99922436
0.9999838,0.12333236,0.99980885,0.7081841,0.99942863,-0.2804257,-0.83000636,0.99923766
0.9999894,0.21091576,0.9399655,0.71421623,0.9997631,-0.22862303,0.9939366,0.99935913
0.9999886,0.21008898,0.94181556,0.6568081,0.99981993,-0.15017954,0.99331045,0.9994096
0.99998695,0.15974817,0.99983674,0.76346254,0.9993464,-0.28192055,-0.831027,0.9991817
0.9999871,0.17204759,0.9998136,0.72331727,0.99946004,-0.1891757,-0.82422733,0.99950963
0.9999882,0.20444618,0.92983484,0.5488955,0.99985737,-0.10399391,0.9939079,0.9992782
0.9999876,0.2185557,0.9431055,0.7552807,0.9997994,-0.21555525,0.99482834,0.9999995
0.9999856,0.12547173,0.9998262,0.70139384,0.99946094,-0.24654032,-0.8274981,0.9991356
0.9999848,0.13803785,0.9998204,0.6950666,0.99941677,-0.23514692,-0.8316628,0.99918026
0.99998456,0.11261336,0.9997766,0.5965191,0.9996164,-0.16701144,-0.8265221,0.99946225
0.9999872,0.1688845,0.9998254,0.7179208,0.99946713,-0.213447,-0.82731104,0.9993012
0.99998766,0.15485144,0.999819,0.74758995,0.9994524,-0.2751603,-0.8258319,0.9992614
0.9999871,0.24007756,0.9392545,0.75391686,0.99976915,-0.21701695,0.9954875,0.9999767
0.99998397,0.20095031,0.936553,0.58846414,0.99982244,-0.124314286,0.9933447,0.9998773
0.999986,0.20035647,0.89398533,0.5099669,0.9997974,-0.08864057,0.99573135,0.999991
0.9999882,0.20885925,0.9499062,0.6552869,0.9998152,-0.19315411,0.9921976,0.99993277
0.9999872,0.20304088,0.9277883,0.5043051,0.9998306,-0.13182096,0.9919735,0.9994518
0.9999901,0.20104155,0.93843085,0.60387963,0.9998328,-0.18612266,0.99267924,0.9992336
0.9999854,0.11903623,0.9998004,0.6865627,0.99948525,-0.25939363,-0.83591914,0.9993047
0.9999838,0.13158938,0.99978393,0.61109495,0.9994314,-0.21310073,-0.8406641,0.99925816
0.99998885,0.19023654,0.93246716,0.5397382,0.99981,-0.12560084,0.9938749,0.999982
0.99998945,0.16530177,0.99982566,0.70417154,0.99949944,-0.18409906,-0.822003,0.9994566
0.999987,0.2054811,0.94748795,0.6428238,0.9997583,-0.21764937,0.9913795,0.9998275
0.9999867,0.13876238,0.9998117,0.69873214,0.9994543,-0.23484588,-0.83008546,0.9992977
0.99998665,0.21225004,0.93794304,0.66563576,0.99979633,-0.19953422,0.9925243,0.9999862
0.99998516,0.17406185,0.9998479,0.80094606,0.99944705,-0.26897922,-0.8160393,0.99937975
0.9999894,0.18833818,0.95083874,0.65881455,0.99985397,-0.23884083,0.9903662,0.9993706
0.99998873,0.22712848,0.954389,0.75506526,0.99982834,-0.20342915,0.99380785,0.999979
0.99998546,0.14958607,0.9998023,0.7044363,0.99951565,-0.22833678,-0.8295807,0.99934024
0.9999858,0.20783998,0.9281659,0.6878098,0.9998219,-0.16583903,0.9954537,0.99945974
0.99998796,0.20269533,0.93610764,0.59196174,0.9998531,-0.1265784,0.99426687,0.99999416
0.99998933,0.23836868,0.97607905,0.78723633,0.99977976,-0.29275534,0.9875003,0.9993741
0.9999883,0.2443881,0.9550519,0.7709324,0.9998038,-0.21011788,0.9947315,0.9999558
0.99998534,0.15087287,0.9998247,0.74901897,0.9993408,-0.28467122,-0.8265785,0.99921083
0.99998915,0.20406602,0.92074853,0.6252885,0.9998253,-0.15468584,0.99456066,0.9994103
0.9999879,0.2100812,0.9535527,0.69165486,0.9997926,-0.18118852,0.9906985,0.9991973
0.9999842,0.14900908,0.99982595,0.7276833,0.9994236,-0.2175072,-0.82510996,0.9994965
0.9999882,0.14093712,0.9998155,0.6858603,0.99946046,-0.23045228,-0.82814735,0.99911565
0.9999843,0.13594896,0.9998187,0.6958253,0.9993895,-0.21137139,-0.83298343,0.9993525
0.99998105,0.13111635,0.99980474,0.68804276,0.9994616,-0.27011105,-0.8316585,0.99931186
0.99999064,0.2268365,0.96927696,0.7239334,0.9998257,-0.22689301,0.9897829,0.9993742
0.99998736,0.23510711,0.96628827,0.7462548,0.99979246,-0.2654892,0.9909181,0.999365
0.9999758,0.09271405,0.99977565,0.5116544,0.999592,-0.1851411,-0.83624125,0.9992695
0.999983,0.18187466,0.99986935,0.80317295,0.9993232,-0.28364968,-0.8206741,0.9992436
0.9999849,0.20498115,0.9101102,0.6620957,0.999804,-0.15831733,0.9958031,0.99982065
0.9999858,0.17262635,0.99983835,0.7095393,0.99949086,-0.22430767,-0.826972,0.9992815
0.9999856,0.18107668,0.9998343,0.7575181,0.99933153,-0.2854777,-0.8266347,0.9993024
0.99998885,0.20807473,0.9469017,0.6903708,0.9998074,-0.16697563,0.9935079,0.99996233
0.9999826,0.13280228,0.9997992,0.58820283,0.99955446,-0.18536898,-0.83692527,0.99916196
0.999986,0.14597362,0.99981904,0.681097,0.9995419,-0.1916551,-0.826588,0.99938995
0.99998486,0.1575835,0.99982005,0.69751275,0.9995012,-0.23452805,-0.8296791,0.9992105
0.99998313,0.12794815,0.9998154,0.704494,0.9994228,-0.23431845,-0.8339174,0.9993567
0.9999836,0.19490083,0.91157365,0.50037736,0.99981564,-0.09294041,0.9950043,0.9993752
0.9999884,0.17599975,0.9998411,0.7768697,0.99944985,-0.28802547,-0.8252334,0.999159
0.999986,0.16302623,0.99982035,0.7933074,0.9991494,-0.32152975,-0.82679534,0.99935263
0.99998885,0.15745057,0.9998254,0.8185665,0.9994449,-0.33158565,-0.8085187,0.99947894
0.9999889,0.21883519,0.9571669,0.704197,0.99980795,-0.2286536,0.9919049,0.9999927
0.99999046,0.20559372,0.9563266,0.70034254,0.9998146,-0.20578799,0.9908053,0.999431
0.99998456,0.1319603,0.99977255,0.5824242,0.9994673,-0.160172,-0.84190387,0.99932176
0.9999864,0.15441413,0.99981457,0.7491564,0.999482,-0.25410542,-0.8249192,0.9994054
0.99998474,0.24700718,0.9453437,0.7699104,0.9998106,-0.16013612,0.99625874,0.9998388
0.9999828,0.14378504,0.9998092,0.7148484,0.99946856,-0.23280582,-0.83054405,0.9993705
0.9999905,0.21194825,0.9608466,0.68349594,0.9998061,-0.20600659,0.98999363,0.9998607
0.9999877,0.19391082,0.92995,0.5088471,0.99984974,-0.122966945,0.99181116,0.99934673
0.99998593,0.14633259,0.9998268,0.721542,0.99955153,-0.18868421,-0.8179439,0.9994339
0.99998724,0.2149718,0.9450813,0.7247873,0.9997837,-0.18891358,0.99419594,0.99986184
0.9999893,0.20198731,0.9113894,0.510964,0.99981326,-0.121255554,0.99436116,0.99998456
0.9999868,0.14664105,0.9997939,0.72075534,0.9994019,-0.29998046,-0.82698786,0.99913126
0.9999868,0.14623474,0.9998097,0.7504952,0.99938226,-0.2837131,-0.8283793,0.9993503
0.9999844,0.1686609,0.99983245,0.72832847,0.9994827,-0.25948173,-0.8250751,0.99921244
0.9999864,0.20941067,0.95211077,0.6455443,0.99980915,-0.18042503,0.99200755,0.99936223
0.99998915,0.24344982,0.95620346,0.81214106,0.99974954,-0.2363806,0.9953345,0.9998334
0.9999852,0.12970527,0.99977845,0.61164737,0.9993561,-0.26420337,-0.8424666,0.9991534
0.99998784,0.20166023,0.93499655,0.6090081,0.9998294,-0.1764407,0.99343514,0.99985814
0.9999851,0.21057571,0.9153025,0.60256636,0.9998221,-0.093227185,0.99570906,0.9991563
0.999988,0.16881225,0.99982715,0.75376165,0.9994932,-0.21702662,-0.82260036,0.9994498
0.9999815,0.119767494,0.9998067,0.68606323,0.9994762,-0.27216348,-0.8295667,0.99914056
0.9999837,0.20851526,0.9200133,0.52539015,0.9998556,-0.091595255,0.99472153,0.99930656
0.9999856,0.20703295,0.91219604,0.6063284,0.9998154,-0.110539645,0.9954743,0.9994169
0.9999911,0.21044262,0.9443749,0.75123197,0.9997963,-0.2322293,0.99489003,0.9999684
0.9999883,0.2055806,0.95077276,0.6894214,0.9998383,-0.21188489,0.99284226,0.9998714
0.99999034,0.13862137,0.9997799,0.7042766,0.99953413,-0.24240385,-0.82672465,0.99939066
0.99998546,0.16934267,0.9998381,0.8170539,0.9993366,-0.33985192,-0.819405,0.99938905
0.9999913,0.20330206,0.9389739,0.62090456,0.9998485,-0.18225928,0.99335724,0.9993878
0.9999841,0.21499497,0.8666987,0.54624665,0.99981123,-0.06067918,0.9968066,0.9992041
0.9999901,0.21187046,0.9467753,0.6310686,0.9998545,-0.1829502,0.9920427,0.9999921
0.9999876,0.23140314,0.9543347,0.75770694,0.999798,-0.23092899,0.99320304,0.999987
0.9999889,0.21813986,0.95219463,0.7564353,0.99982303,-0.19367436,0.9939936,0.9993899
0.99998695,0.17298913,0.999837,0.8037116,0.99945116,-0.27698523,-0.81950617,0.99941003
0.9999885,0.2476659,0.97544366,0.7886872,0.9998217,-0.25295627,0.9897215,0.99932367
0.99998426,0.14249775,0.9997908,0.68134546,0.99947065,-0.24119167,-0.83511364,0.9993522
0.99998885,0.20647159,0.92215806,0.6497034,0.99983656,-0.15737382,0.9949417,0.9999891
0.99998814,0.20823158,0.9313757,0.59555805,0.9998297,-0.1311829,0.9936025,0.9994545
0.9999881,0.23308831,0.954943,0.7549693,0.9997987,-0.21056977,0.9945534,0.9998337
0.99998397,0.13016301,0.99979377,0.5531926,0.9996222,-0.14569144,-0.83224356,0.9992119
0.99999034,0.18265505,0.9488303,0.5717892,0.9998495,-0.08732517,0.9902927,0.99992865
0.9999851,0.16926469,0.99983996,0.7642147,0.9993671,-0.29668063,-0.8322682,0.9991802
0.99998367,0.16599579,0.99983144,0.7181219,0.99935395,-0.21620454,-0.8289598,0.9993168
0.9999895,0.19853836,0.941648,0.6230382,0.9998667,-0.1520586,0.9916475,0.99932986
0.9999826,0.1550889,0.99982804,0.710254,0.9993955,-0.2586619,-0.8320843,0.99916226
0.99998796,0.20940189,0.9130291,0.6461681,0.9998323,-0.14667195,0.99539095,0.9992343
0.99998516,0.21975273,0.9353131,0.6237624,0.99982953,-0.15924214,0.9937966,0.99986655
0.9999891,0.21539441,0.9362867,0.6738955,0.99976593,-0.18519072,0.99416155,0.99998385
0.9999827,0.09974837,0.99974716,0.5545856,0.9995216,-0.19274458,-0.8340627,0.99924105
0.9999828,0.1283605,0.9998241,0.71312654,0.99943155,-0.2711345,-0.83305544,0.99902004
0.99998564,0.21762477,0.9198274,0.6528213,0.99981236,-0.15092368,0.9952829,0.9998369
0.99998665,0.20514128,0.91508704,0.70947564,0.9998198,-0.19227014,0.99612045,0.9993122
0.99998575,0.1292294,0.99978256,0.6349107,0.9995363,-0.16134137,-0.83185303,0.99943507
0.9999884,0.19656162,0.9474744,0.67053866,0.99980515,-0.22489059,0.9929466,0.999404
0.9999833,0.1272188,0.99983776,0.67307985,0.99953747,-0.23371726,-0.83282685,0.9991201
0.99998736,0.23983455,0.93260527,0.7497175,0.9997491,-0.21270007,0.99640155,0.9992282
0.99998885,0.21850312,0.94459563,0.7733036,0.9998085,-0.20853496,0.99555564,0.9994078
0.99998987,0.22635359,0.9206746,0.7120282,0.9997516,-0.17885539,0.99648386,0.99926466
0.9999882,0.1909511,0.9500327,0.6576531,0.9997686,-0.18971205,0.9902565,0.9993326
0.99998105,0.15602191,0.99985456,0.77813935,0.99926084,-0.2606987,-0.8286939,0.9993716
0.9999832,0.16139634,0.99981993,0.70987856,0.9993224,-0.27497184,-0.8360889,0.9991228
0.9999851,0.21244144,0.90630174,0.65365565,0.99982905,-0.13256033,0.99666,0.9994435
0.9999866,0.14529161,0.9998122,0.7317196,0.9994374,-0.2618057,-0.83017975,0.9993501
0.9999832,0.14036772,0.9998076,0.67240876,0.99949765,-0.21259695,-0.83407795,0.9992937
0.99998784,0.24017528,0.9674214,0.76280487,0.99983215,-0.20108645,0.9935657,0.9998429
0.9999897,0.21541032,0.9611817,0.7084818,0.99978226,-0.24013016,0.99003863,0.99926096
0.9999822,0.13000466,0.99980277,0.6226007,0.9995749,-0.18181926,-0.8342196,0.99927026
0.99999124,0.23442015,0.98037654,0.8021072,0.9998442,-0.251238,0.9878518,0.9991882
0.999986,0.13750683,0.99980295,0.6721008,0.9994887,-0.22433732,-0.83059174,0.99937123
0.99998665,0.22319093,0.9549538,0.7229595,0.9998043,-0.19731474,0.99289525,0.9999782
0.9999867,0.15326254,0.99982387,0.75857383,0.99938816,-0.23767585,-0.82956684,0.99939317
0.9999896,0.24302186,0.9637147,0.7858787,0.9997819,-0.22333397,0.99335015,0.9999623
0.99999094,0.20144908,0.95302594,0.73824096,0.99978626,-0.22886857,0.99256474,0.9994297
0.9999897,0.20971304,0.94880015,0.70674795,0.9998106,-0.1817121,0.9928593,0.9993676
0.99998266,0.15790154,0.99982846,0.7240484,0.9994264,-0.25937805,-0.83306545,0.9992922
0.9999896,0.22531359,0.974538,0.73125803,0.9998235,-0.23814717,0.9863373,0.9993663
0.99998385,0.14057066,0.9997988,0.6179716,0.99957246,-0.15598673,-0.83234763,0.9994377
0.9999854,0.15756623,0.999812,0.7059573,0.99940675,-0.21053018,-0.83252406,0.99935836
0.9999904,0.22033897,0.9484154,0.7134648,0.99983096,-0.23085967,0.99345857,0.9990587
0.99998474,0.15740459,0.9998222,0.72488445,0.99942005,-0.23171186,-0.8274482,0.9993702
0.99998564,0.15055436,0.9998059,0.65777683,0.99951535,-0.22462536,-0.83586377,0.99924356
0.99998665,0.21068802,0.91752225,0.6431022,0.99982506,-0.113273166,0.9961015,0.9993915
0.99998635,0.15636984,0.99982965,0.729218,0.9994715,-0.2564081,-0.82580507,0.99922985
0.9999848,0.15430681,0.99985063,0.74098545,0.99944717,-0.2069306,-0.82383525,0.99937564
0.99998766,0.20235214,0.9343699,0.6411494,0.99983907,-0.1439198,0.9940987,0.99981564
0.9999862,0.2047965,0.92071307,0.69366264,0.99980974,-0.15613046,0.9965841,0.9999836
0.9999853,0.20900916,0.9154887,0.6826912,0.9998383,-0.14248571,0.9964296,0.99969256
0.9999863,0.20525953,0.9089661,0.5893326,0.9998195,-0.10488766,0.9957107,0.99941444
0.9999866,0.24326183,0.9440744,0.76363957,0.99977636,-0.18962672,0.99521774,0.99983287
0.9999911,0.23613577,0.96901625,0.75690186,0.99978936,-0.24303624,0.99008656,0.9999255
0.99998486,0.20779963,0.87568265,0.4560793,0.9998281,-0.08534309,0.99589896,0.9992534
0.99998695,0.15456192,0.9998116,0.70284355,0.9994719,-0.21614064,-0.8253844,0.9993743
0.9999858,0.15041347,0.9997968,0.619913,0.99947506,-0.17899123,-0.8321445,0.9993499
0.999986,0.20417191,0.9456902,0.61303365,0.999779,-0.13998444,0.99226034,0.9999444
0.99998426,0.15122944,0.999818,0.6819422,0.9994529,-0.2483498,-0.833684,0.99918306
0.99998915,0.18985616,0.9221318,0.5957589,0.99981815,-0.20762345,0.9933688,0.9999434
0.9999899,0.21654451,0.9649029,0.6747896,0.9998636,-0.19980766,0.98857784,0.9999181
0.99998367,0.14136821,0.9998047,0.6437714,0.99947673,-0.23033807,-0.83537585,0.9992952
0.9999867,0.19586152,0.89928824,0.3838967,0.99987805,0.011705244,0.99512607,0.9999767
0.9999851,0.13512906,0.9998092,0.77650774,0.9993063,-0.3155231,-0.82094455,0.9993236
0.9999893,0.244019,0.9737254,0.8245138,0.99978924,-0.27391315,0.99191326,0.99938583
0.9999914,0.24835013,0.9779404,0.8000494,0.9998223,-0.25397784,0.9910283,0.99937904
0.99998206,0.13719489,0.9998225,0.6909555,0.99945194,-0.26482782,-0.8343312,0.99913603
0.9999865,0.2035125,0.918955,0.52738583,0.99980885,-0.11501545,0.99255764,0.9999904
0.9999866,0.1577629,0.9998042,0.7272608,0.99943566,-0.24562629,-0.8266715,0.9993982
0.99998564,0.1372466,0.9998041,0.66782266,0.99957347,-0.22836487,-0.8300934,0.99925715
0.9999885,0.1653306,0.9998171,0.7570489,0.9994167,-0.28046185,-0.82771856,0.9992681
0.99998647,0.19418912,0.86854005,0.49456155,0.99983114,-0.09093997,0.99608487,0.99935836
0.9999894,0.2425912,0.9648912,0.80024034,0.9998266,-0.21730062,0.9936311,0.9999817
0.9999885,0.21802762,0.9384569,0.683939,0.99983263,-0.16970412,0.9945031,0.9998349
0.9999839,0.12658523,0.99980617,0.70497096,0.99940634,-0.280179,-0.83359,0.9991713
0.99998826,0.21237832,0.9452078,0.6731999,0.99978095,-0.18576618,0.99252146,0.99937576
0.99998665,0.13647869,0.99981046,0.7176181,0.9994035,-0.26408982,-0.8267494,0.9993346
0.9999841,0.12865084,0.99981564,0.6670521,0.9995571,-0.20661086,-0.83331984,0.999296
0.9999847,0.14933576,0.9998339,0.7507106,0.99951786,-0.24243838,-0.8222752,0.9993711
0.99998766,0.18973047,0.9391029,0.49261457,0.9998047,-0.16607976,0.99002546,0.99910784
0.9999875,0.21943225,0.9526516,0.65557075,0.99981844,-0.21184714,0.99276716,0.99922603
0.99998915,0.2135993,0.95316654,0.7124964,0.9997967,-0.22243245,0.99199736,0.99996775
0.9999872,0.20211181,0.911596,0.5777949,0.9998472,-0.12793417,0.99584407,0.99920493
0.9999868,0.13587147,0.9998217,0.7651942,0.99948496,-0.29490682,-0.8254078,0.9993376
0.99998224,0.103730954,0.99974906,0.55392045,0.99955183,-0.21393475,-0.8387104,0.9991722
0.9999853,0.13795862,0.99981284,0.69434714,0.9993837,-0.24937971,-0.8332455,0.9993252
0.9999876,0.21090716,0.92050374,0.60517275,0.999783,-0.15287851,0.9944996,0.9992869
0.9999866,0.16151635,0.99984026,0.74598956,0.999418,-0.23207305,-0.82556874,0.99932665
0.9999871,0.20600072,0.88402057,0.5859344,0.999839,-0.0724137,0.99670327,0.9999858
0.9999812,0.15068822,0.9998255,0.72662354,0.9994881,-0.24163263,-0.82165474,0.99937063
0.99998283,0.117665395,0.99978,0.63404095,0.9994429,-0.2284878,-0.8389945,0.99934894
0.99998635,0.22129875,0.89870137,0.6164536,0.9997869,-0.1358096,0.9966745,0.9999583
0.99998623,0.22746933,0.9540251,0.7399239,0.99984646,-0.20530738,0.9947741,0.9999758
0.999988,0.20993562,0.87839824,0.5289191,0.9998344,-0.074786074,0.996903,0.999411
0.9999885,0.21049668,0.941698,0.6376138,0.99985266,-0.1400868,0.9930978,0.99911916
0.99998736,0.20472223,0.88925564,0.42227292,0.9998521,-0.039548613,0.99502516,0.9999772
0.9999873,0.166843,0.9998248,0.775383,0.9993268,-0.3129475,-0.8218888,0.9992617
0.9999881,0.20148247,0.9321168,0.53754044,0.9998477,-0.124058194,0.9918276,0.9991408
0.9999905,0.22001788,0.9417438,0.64253795,0.9998305,-0.16612945,0.9928288,0.9992806
0.9999869,0.2205135,0.9166827,0.7072694,0.99978656,-0.18335332,0.9964712,0.9999735
0.9999875,0.20912023,0.8804261,0.5502478,0.9998273,-0.072546445,0.99626654,0.99917024
0.99998677,0.16544701,0.9998254,0.73615134,0.999408,-0.2608792,-0.8229615,0.9992672
0.9999834,0.16383316,0.9998261,0.73429286,0.99949163,-0.23638508,-0.83007836,0.9994182
0.999988,0.22075433,0.95040876,0.7432963,0.99980384,-0.23299415,0.9935129,0.9998534
0.9999783,0.15430644,0.9998532,0.7688203,0.9994321,-0.25178418,-0.8282298,0.9994034
0.9999878,0.2038851,0.9026776,0.647846,0.9998179,-0.14617321,0.99625915,0.9998842
0.9999849,0.21846974,0.91974586,0.6734239,0.9997996,-0.14789924,0.9958566,0.9993593
0.9999855,0.20207241,0.9120563,0.5756037,0.9997632,-0.13467252,0.99574345,0.9994574
0.9999855,0.17018831,0.99983615,0.7935448,0.9993682,-0.27758902,-0.8221563,0.99938196
0.9999809,0.1667852,0.999841,0.7643443,0.99944943,-0.2805635,-0.8230316,0.99931306
0.99998474,0.1646275,0.99983335,0.7242987,0.9993816,-0.23197858,-0.831474,0.9992905
0.9999843,0.11295281,0.9997862,0.61838233,0.9995274,-0.15831044,-0.832006,0.99942386
0.9999834,0.211832,0.9124944,0.61406285,0.9998185,-0.14207217,0.99587846,0.9999997
0.9999792,0.12860322,0.99982595,0.7097232,0.999408,-0.24626468,-0.83387005,0.99926937
0.9999879,0.20288245,0.93763185,0.6927321,0.9997757,-0.22180246,0.9937562,0.99929166
0.9999909,0.21769202,0.9455907,0.67014503,0.9997773,-0.19247663,0.99206746,0.99996173
0.99998766,0.13596709,0.9997907,0.6605016,0.99942935,-0.22694664,-0.8304635,0.99937344
0.9999862,0.1525975,0.999833,0.68272233,0.99954474,-0.15640175,-0.8272175,0.999373
0.99998647,0.15211019,0.9998164,0.73286885,0.9993877,-0.296487,-0.83243,0.99907374
0.9999832,0.12510476,0.99975955,0.5780441,0.9996088,-0.13854067,-0.8322578,0.99948406
0.9999841,0.12796393,0.99981815,0.7323693,0.99940634,-0.29182485,-0.833176,0.99908125
0.9999867,0.21288812,0.93449765,0.64924514,0.9998242,-0.14428237,0.99528825,0.9999562
0.9999881,0.20493975,0.953566,0.5923575,0.9998812,-0.1272295,0.99107224,0.9998489
0.9999888,0.2204548,0.9286717,0.6071224,0.99984133,-0.13198203,0.9948669,0.99937713
0.9999835,0.1481178,0.9998176,0.7133002,0.9994476,-0.24416625,-0.8297651,0.99926937
0.99998426,0.17816104,0.9998479,0.79274315,0.9993968,-0.28234133,-0.818058,0.99934113
0.99998397,0.16374749,0.99983984,0.80127054,0.9994411,-0.32900554,-0.82038146,0.99933296
0.99998283,0.12542869,0.9997723,0.6057535,0.9995591,-0.18899117,-0.8313594,0.9994643
0.9999879,0.22496082,0.9568624,0.705597,0.9998395,-0.20908825,0.9930711,0.99999774
0.99998796,0.16810682,0.9998339,0.79162276,0.99939096,-0.2987377,-0.81549543,0.999362
0.9999864,0.21252343,0.8882516,0.4670725,0.99985003,-0.002536202,0.9964148,0.9992449
0.9999864,0.21697854,0.95004463,0.6679796,0.9998467,-0.17568728,0.9939127,0.9993734
0.99998075,0.12060391,0.9998269,0.65754116,0.9995157,-0.20833556,-0.8328254,0.9991207
0.9999856,0.1460643,0.9998044,0.710064,0.99943674,-0.24486887,-0.83362925,0.9993169
0.9999862,0.2465785,0.95790714,0.75243974,0.9998004,-0.22647975,0.9936893,0.9993545
0.99998313,0.12921764,0.9997942,0.6354855,0.9994548,-0.19622111,-0.83449274,0.9992432
0.9999815,0.16018678,0.9998281,0.66967475,0.99954736,-0.15523602,-0.83100533,0.99948883
0.9999858,0.12220781,0.99978954,0.61937183,0.999494,-0.21045536,-0.83320063,0.9992908
0.99998736,0.22170311,0.9621388,0.73621523,0.9998265,-0.20752303,0.9916464,0.9999671
0.9999874,0.21927838,0.96575224,0.70376205,0.9998387,-0.18113667,0.99108243,0.99930006
0.9999867,0.15379867,0.99980575,0.7412882,0.99940985,-0.29373097,-0.8291991,0.99932
0.99998766,0.22300701,0.9375129,0.65667045,0.9997806,-0.17793103,0.99357146,0.9998581
0.9999831,0.13932963,0.9998405,0.7065344,0.99955666,-0.20792301,-0.8278629,0.999332
0.99998724,0.20988657,0.94962907,0.64773965,0.999816,-0.14875504,0.9929865,0.99943703
0.99998504,0.1441162,0.99980795,0.7089169,0.99936825,-0.23346628,-0.83409506,0.9993849
0.99998766,0.20172682,0.9153962,0.5934411,0.99983263,-0.12388687,0.99507713,0.99913645
0.9999858,0.21143095,0.93330026,0.5751507,0.99980426,-0.13647413,0.99169314,0.99996483
0.99998796,0.186584,0.99982834,0.75687575,0.99950856,-0.2309647,-0.8190874,0.99939245
0.9999852,0.15524815,0.9998075,0.711226,0.99945295,-0.24266271,-0.8317753,0.99944425
0.9999876,0.19452772,0.9998465,0.7889581,0.99937916,-0.2445187,-0.8205917,0.9993389
0.99998385,0.13688965,0.99981385,0.69413847,0.99939984,-0.23873499,-0.8325616,0.9993187
0.9999911,0.22063217,0.9654335,0.7699533,0.99977565,-0.29731935,0.99073255,0.99943066
0.999989,0.20297262,0.9271071,0.59664035,0.99981433,-0.17503056,0.9934067,0.999942
0.9999813,0.17668943,0.9044907,0.50346434,0.99987465,-0.04356686,0.9949806,0.99999857
0.99998397,0.1408707,0.99984753,0.7541056,0.99938935,-0.2457162,-0.82239497,0.99924594
0.9999883,0.22056457,0.9421101,0.6947988,0.999827,-0.19502056,0.99494904,0.99930686
0.9999898,0.19698773,0.9085671,0.62778246,0.99975467,-0.16379656,0.99561876,0.99996275
0.99998796,0.22109021,0.9240944,0.7056489,0.99983656,-0.14263573,0.9962584,0.9999895
0.9999888,0.24814168,0.96996933,0.8070613,0.9998186,-0.23361617,0.99264175,0.9998669
0.999987,0.18556178,0.9298117,0.6297357,0.99984515,-0.15512636,0.9946311,0.9992666
0.99998313,0.10938904,0.9997739,0.5844634,0.99960655,-0.1929139,-0.83199984,0.9992911
0.9999828,0.10829803,0.999783,0.61045194,0.99955183,-0.2385221,-0.83538663,0.999076
0.99998903,0.20628028,0.94089544,0.53526545,0.99983335,-0.14005129,0.9902498,0.9993044
0.9999856,0.17197347,0.99982697,0.7768359,0.99936587,-0.2831017,-0.82014537,0.9994195
0.99998456,0.1418422,0.99983424,0.7205773,0.99958616,-0.23998035,-0.82410836,0.999213
0.99998504,0.16478842,0.9998235,0.74103117,0.9994296,-0.26861846,-0.8335369,0.9993751
0.9999873,0.23213167,0.9453381,0.6799284,0.9997993,-0.18104975,0.9936861,0.9992804
0.9999866,0.20815787,0.9264638,0.56222045,0.9997926,-0.14176443,0.9929675,0.99999905
0.9999883,0.20569828,0.9694728,0.6541828,0.9998569,-0.21780711,0.9886751,0.9998541
0.9999867,0.14537053,0.99980056,0.6782425,0.9994928,-0.21754351,-0.831721,0.99932945
0.9999889,0.22862577,0.9588238,0.66288126,0.9998189,-0.14961742,0.9932161,0.9991802
0.9999831,0.13654643,0.9998126,0.66153383,0.999388,-0.2263856,-0.83671194,0.99923015
0.9999859,0.14338554,0.9998183,0.70578027,0.9995113,-0.2428092,-0.83302975,0.99926126
0.9999854,0.15327482,0.9998266,0.7103027,0.99951005,-0.18243751,-0.82381755,0.9994184
0.9999848,0.1144972,0.99978423,0.5796995,0.99954665,-0.1638197,-0.8392433,0.9993573
0.99998295,0.20004307,0.88166535,0.46849653,0.9998503,-0.031551458,0.9963118,0.9998851
0.9999795,0.1391887,0.9997914,0.59929705,0.9994368,-0.20269091,-0.84052896,0.9992731
0.9999812,0.12701875,0.999779,0.6383407,0.9993767,-0.27762866,-0.8403597,0.99915785
0.9999878,0.19668204,0.9478672,0.65901005,0.9998171,-0.20206495,0.9926733,0.99989414
0.9999862,0.19492379,0.92293024,0.49717298,0.9998563,-0.10166675,0.9931043,0.9999564
0.99998933,0.20954889,0.9319159,0.5403205,0.9998477,-0.1156063,0.99358404,0.99904865
0.9999856,0.20797823,0.9208722,0.5828315,0.9998463,-0.11250774,0.9946611,0.99923235
0.9999902,0.22988126,0.9681297,0.7676028,0.9998188,-0.23202954,0.99030954,0.99984425
0.99998766,0.21366505,0.95309436,0.7444147,0.9997954,-0.22510175,0.99365145,0.9999839
0.9999858,0.14252274,0.9998118,0.70427465,0.99943894,-0.23792389,-0.8309017,0.9993567
0.9999878,0.227659,0.9655662,0.7899556,0.999819,-0.20041083,0.9942122,0.9999772
0.9999864,0.14148317,0.99979,0.66947836,0.9995283,-0.2118524,-0.8276311,0.99938774
0.9999895,0.26599067,0.97612095,0.84317875,0.99982905,-0.27849847,0.99328345,0.9993221
0.99998415,0.1362709,0.9997963,0.6667402,0.99951446,-0.2483916,-0.8332478,0.99923587
0.99998516,0.14583258,0.9998076,0.6096411,0.99956465,-0.17954946,-0.8358706,0.99922687
0.9999868,0.20219804,0.9153727,0.61351144,0.99981374,-0.10224634,0.9959216,0.9992634
0.9999862,0.14963734,0.99980795,0.7199147,0.9994212,-0.2688522,-0.82972974,0.99923587
0.9999858,0.1329493,0.99978495,0.6251913,0.9995202,-0.19559641,-0.8344223,0.9993306
0.99998397,0.22239865,0.9394565,0.7388321,0.9997862,-0.17311014,0.99563295,0.9999885
0.9999855,0.13288061,0.9997729,0.6219162,0.9994798,-0.17203571,-0.83334905,0.9994162
0.99998516,0.11560476,0.99977654,0.6221109,0.99955803,-0.25434265,-0.83062184,0.9992675
0.99998945,0.20455906,0.91591334,0.68589556,0.999811,-0.14890032,0.99639773,0.9992329
0.99998546,0.13958779,0.99981874,0.76009476,0.9993882,-0.29668877,-0.8285278,0.99935323
0.9999899,0.21738902,0.94144464,0.67456836,0.9998344,-0.16216485,0.99340516,0.9994005
0.9999881,0.2272896,0.9260019,0.712052,0.99980974,-0.14205593,0.9960765,0.9999897
0.9999857,0.14722735,0.9998113,0.6877667,0.99945104,-0.23343761,-0.83238447,0.9991565
0.9999886,0.22845997,0.9549769,0.7514542,0.9998546,-0.23218301,0.9935614,0.99933183
0.9999911,0.20619865,0.9714211,0.717204,0.999796,-0.22411361,0.9845282,0.99985695
0.99998945,0.22475517,0.93626213,0.6322075,0.9998599,-0.093294464,0.9944124,0.9992657
0.99998504,0.20059961,0.89799595,0.4169169,0.999839,-0.100695774,0.99379945,0.99997205
0.9999859,0.14452532,0.99982184,0.70556736,0.9995372,-0.24353597,-0.8279617,0.99916095
0.99998903,0.21930982,0.9170477,0.6852884,0.999826,-0.18123317,0.9961003,0.99937695
0.9999902,0.20849521,0.901012,0.5865247,0.99980235,-0.17397873,0.994897,0.9995437
0.9999859,0.13456771,0.9997903,0.66979754,0.9994971,-0.22320393,-0.8339844,0.9993039
0.9999813,0.15100092,0.9998159,0.6971383,0.99950004,-0.26639155,-0.8322834,0.9990043
0.9999852,0.20123374,0.92573786,0.557425,0.99983686,-0.13705538,0.9932395,0.9993113
0.9999874,0.20131564,0.9262237,0.5964091,0.99981743,-0.15951084,0.9941814,0.999952
0.9999885,0.19454361,0.92231745,0.5815027,0.9998052,-0.13052945,0.99397135,0.99999315
0.9999881,0.20823851,0.8714112,0.53323376,0.9998061,-0.09614311,0.9966161,0.99984586
0.9999799,0.14212774,0.9998459,0.69097143,0.9995179,-0.20464227,-0.83150667,0.9991989
0.99998707,0.20730165,0.9562896,0.7100042,0.9998146,-0.2558365,0.9906304,0.99911875
0.9999884,0.2102269,0.9305756,0.67527986,0.9997969,-0.15465105,0.9955215,0.99996644
0.9999883,0.22621274,0.9379804,0.67931914,0.99970484,-0.18204531,0.9936634,0.99997556
0.99998945,0.2100866,0.9243299,0.7068792,0.9998256,-0.22901893,0.99592495,0.99937093
0.9999891,0.19659267,0.9632826,0.59442997,0.99980384,-0.16897768,0.98641896,0.9994883
0.9999856,0.13128977,0.99978596,0.6541892,0.9995344,-0.22263084,-0.83374566,0.99926853
0.99998736,0.1778157,0.9998615,0.81228656,0.9992908,-0.294759,-0.82105327,0.9992555
0.99998486,0.1701104,0.99984837,0.74341035,0.9994327,-0.17560093,-0.82430685,0.99947983
0.99998367,0.18272392,0.99985504,0.789261,0.999469,-0.271651,-0.8239214,0.99923915
0.999989,0.19717802,0.9386759,0.58300567,0.9998155,-0.1382293,0.99279517,0.99938667
0.9999865,0.15501584,0.99981165,0.7353696,0.9994551,-0.24825254,-0.82590055,0.9994288
0.9999867,0.21176445,0.9329087,0.6509864,0.99982285,-0.15089905,0.99449754,0.99992
0.9999875,0.13465449,0.9998199,0.7382999,0.9995072,-0.26865873,-0.823557,0.9992469
0.9999836,0.16749145,0.9998402,0.74480206,0.9994902,-0.20878032,-0.82414436,0.9994905
0.9999843,0.14312534,0.99980444,0.7541845,0.9993264,-0.31395084,-0.8288206,0.99929625
0.9999938,0.2521817,0.9798137,0.851546,0.9997843,-0.32938188,0.98784846,0.99937654
0.9999837,0.12164819,0.999796,0.5519446,0.99956083,-0.14175287,-0.8347179,0.99928665
0.9999882,0.20278388,0.94741213,0.605722,0.99983835,-0.13268223,0.99209803,0.99934316
0.9999908,0.20636363,0.95682174,0.7115851,0.9997765,-0.23814948,0.98958874,0.999339
0.99998987,0.2157894,0.963974,0.7984791,0.9998116,-0.25350365,0.9932374,0.99935263
0.999989,0.21540788,0.90761477,0.53463185,0.99984115,-0.10131852,0.99528325,0.9999994
0.99998945,0.21960112,0.9670895,0.7621457,0.9998254,-0.24185263,0.9915556,0.9992225
0.99998724,0.20679441,0.9552958,0.65109813,0.99980175,-0.18456425,0.9904041,0.9992731
0.9999854,0.12991892,0.9998046,0.6336621,0.99947774,-0.17183416,-0.8335891,0.9993801
0.9999875,0.20055743,0.94951624,0.6443948,0.999799,-0.2206669,0.9918334,0.99997187
0.9999873,0.20048608,0.90225905,0.5290595,0.99986243,-0.076642714,0.9957044,0.99939257
0.9999876,0.15330485,0.9998195,0.7228991,0.99952173,-0.22995186,-0.8281316,0.9992742
0.99998415,0.21964027,0.843346,0.5375845,0.9997298,-0.08544424,0.9973846,0.99943507
0.99998623,0.17361338,0.99984026,0.76103026,0.9994712,-0.26813883,-0.8249515,0.99929076
0.99998546,0.17225803,0.9998452,0.7803859,0.999388,-0.26619822,-0.82121253,0.9994127
0.999985,0.1955959,0.9465374,0.5879309,0.99981683,-0.17414509,0.99124014,0.99931145
0.99998367,0.20831895,0.92718345,0.6381179,0.99982125,-0.14422044,0.99454147,0.99944955
0.9999828,0.12657107,0.9998047,0.73681736,0.999284,-0.3127109,-0.83013463,0.99925524
0.9999874,0.15892917,0.9998104,0.72190356,0.99946094,-0.25808614,-0.825984,0.999298
0.9999857,0.18389452,0.9998676,0.82512975,0.9992158,-0.27209714,-0.8228267,0.9993992
0.9999835,0.15030447,0.99984616,0.79839855,0.9992962,-0.32055876,-0.8253528,0.99929374
0.99998945,0.20428926,0.94863826,0.71820486,0.999796,-0.22183873,0.9941654,0.9991547
0.9999889,0.20667939,0.9611649,0.71263707,0.99982077,-0.2122154,0.9916049,0.99999946
0.99998873,0.19632384,0.9497887,0.6218219,0.99987334,-0.12284182,0.99239373,0.99932814
0.9999854,0.1520311,0.9998131,0.70111084,0.9994454,-0.25805873,-0.83278906,0.99915695
0.99998593,0.14807431,0.9997778,0.6581968,0.99951553,-0.19145876,-0.83054495,0.9994656
0.99998444,0.14151917,0.99980336,0.683565,0.9995006,-0.2085195,-0.8291272,0.99942213
0.99998224,0.14401364,0.99982995,0.74454916,0.9993691,-0.23663163,-0.8314576,0.9994287
0.9999872,0.14981465,0.9998079,0.73078465,0.9994981,-0.24103007,-0.8231764,0.9994558
0.99998695,0.13630468,0.9997996,0.73482543,0.9993626,-0.2804972,-0.8311355,0.9993599
0.9999873,0.20639691,0.9173198,0.58451605,0.9998518,-0.12977275,0.99537903,0.9994937
0.99998534,0.22149408,0.9292396,0.7130362,0.99979484,-0.17573075,0.9957989,0.99998295
0.9999872,0.21714252,0.9239687,0.64537084,0.9998765,-0.09268774,0.9956058,0.99995226
0.9999859,0.12816033,0.99978936,0.7130325,0.99934244,-0.28769845,-0.8357727,0.9993446
0.99998593,0.20255005,0.9076608,0.47322547,0.99983186,-0.07717636,0.9943416,0.9993836
0.99998325,0.14937392,0.9998227,0.71502495,0.9993577,-0.24422976,-0.8324472,0.9992657
0.99998426,0.20242508,0.94055396,0.61710274,0.999821,-0.14771935,0.99332124,0.9993506
0.9999865,0.1967973,0.9333044,0.5812125,0.99981284,-0.14930953,0.9938714,0.999758
0.99998486,0.21790078,0.93857616,0.74042636,0.9997848,-0.19292113,0.9954425,0.99986404
0.9999903,0.21303828,0.95094985,0.73754436,0.9998256,-0.22268036,0.99367917,0.9998732
0.9999902,0.20452477,0.9427693,0.6316234,0.99983096,-0.18322179,0.99393076,0.9992653
0.999981,0.13026437,0.99981594,0.6552317,0.99949294,-0.18360825,-0.8340843,0.99933743
0.99998295,0.14501706,0.9998073,0.72732353,0.9994127,-0.28793657,-0.83085847,0.99925596
0.9999885,0.20524713,0.92307734,0.5437278,0.99980956,-0.10781319,0.9946724,0.9992838
0.9999854,0.22147694,0.9554696,0.6613696,0.9998325,-0.13878518,0.9935046,0.9994203
0.99998766,0.21329077,0.9305332,0.6831096,0.9998357,-0.14236467,0.9951962,0.99999946
0.9999884,0.1475154,0.99980897,0.74943817,0.9994632,-0.2653794,-0.82530504,0.9993615
0.9999872,0.13137075,0.99980307,0.70664716,0.99951047,-0.24340364,-0.82713974,0.99930406
0.99999064,0.2048968,0.915037,0.5826232,0.99980056,-0.17048387,0.9946878,0.99999243
0.99998933,0.20440152,0.9431898,0.65586007,0.99981874,-0.16414686,0.99325114,0.99922585
0.99998635,0.15985827,0.9998162,0.7656441,0.9993697,-0.27647245,-0.8232025,0.99944293
0.9999885,0.22160234,0.9537252,0.752213,0.99984175,-0.21618493,0.9946716,0.9993203
0.99998754,0.12770246,0.9997862,0.68615246,0.9995004,-0.2788685,-0.83187425,0.9991601
0.99998266,0.17198917,0.99983406,0.7685196,0.9994168,-0.2885868,-0.8223909,0.999292
0.9999881,0.21076676,0.943147,0.6562097,0.99983996,-0.14459588,0.9946962,0.99931175
0.9999845,0.1389481,0.999803,0.66873,0.9994568,-0.21386422,-0.8357651,0.9993012
0.99998647,0.17485785,0.99981856,0.6587666,0.9994758,-0.1995224,-0.8303807,0.99924713
0.9999875,0.15129478,0.9998088,0.7602998,0.9993331,-0.30870613,-0.82794905,0.99933434
0.99998814,0.21971911,0.9335856,0.73772246,0.99978113,-0.21275923,0.9956764,0.99986845
0.99998564,0.20488468,0.9248424,0.62059057,0.9998085,-0.14267753,0.9949148,0.99983937
0.99998647,0.21722387,0.91083014,0.596079,0.9998272,-0.089071244,0.9961562,0.9991065
0.9999877,0.22735052,0.9452798,0.74435323,0.99981934,-0.18704304,0.9953251,0.99996716
0.9999859,0.16293964,0.9998201,0.7052407,0.9995011,-0.19874883,-0.82588506,0.99943435
0.99998015,0.13955505,0.9998137,0.66156805,0.99947333,-0.20290168,-0.8370352,0.9993434
0.9999866,0.22272943,0.9515996,0.6982105,0.9998106,-0.17665565,0.99352425,0.9993268
0.99998844,0.14837806,0.9997934,0.69824433,0.99944603,-0.23694572,-0.8310487,0.9993708
0.9999892,0.20489055,0.9541626,0.69218504,0.9998383,-0.21483879,0.99168134,0.99928147
0.9999835,0.13574007,0.999806,0.6944516,0.9994564,-0.23442243,-0.8295778,0.9993399
0.99998206,0.1573995,0.99983275,0.705337,0.99954206,-0.21246634,-0.8300968,0.9992948
0.99998736,0.21510917,0.95287985,0.6510595,0.99983263,-0.13338451,0.9928773,0.9998196
0.99998575,0.153544,0.99979174,0.6203909,0.99949926,-0.15753742,-0.8350661,0.9994021
0.9999861,0.13680154,0.9998099,0.6985299,0.9995166,-0.21783021,-0.83058715,0.9993575
0.99998623,0.19902839,0.91916615,0.58064437,0.99982744,-0.15714045,0.9947639,0.99974066
0.9999848,0.15893678,0.9998176,0.70508325,0.9994968,-0.2428336,-0.826437,0.99931306
0.99998313,0.097644374,0.9997552,0.57285756,0.99965143,-0.17511486,-0.82614094,0.9994366
0.99998754,0.15582372,0.9998115,0.71602845,0.9995011,-0.24292357,-0.824754,0.9993403
0.99998844,0.17578271,0.9998157,0.7964867,0.99943316,-0.27014312,-0.81872267,0.99955
0.9999797,0.114098124,0.99979436,0.5669978,0.99954194,-0.16513123,-0.838233,0.9993849
0.9999898,0.1995637,0.94538796,0.6223638,0.99982315,-0.2001911,0.9908278,0.99991155
0.9999832,0.117232904,0.99974906,0.64078295,0.999534,-0.25741342,-0.83176935,0.9993107
0.99998754,0.15582858,0.99980474,0.74526,0.99942,-0.26341492,-0.8266581,0.9994397
0.99999005,0.22577785,0.9650091,0.7525746,0.999805,-0.2127086,0.99132174,0.9998562
0.99998695,0.1534477,0.9998278,0.75430155,0.99947524,-0.25073552,-0.8235898,0.99935085
0.99998903,0.20846824,0.90362865,0.6340928,0.9997972,-0.18328898,0.9953301,0.99990416
0.99998444,0.12578024,0.9997881,0.57816195,0.9995159,-0.19401953,-0.8379603,0.99913347
0.99998635,0.16021971,0.9998343,0.73968637,0.999535,-0.2060516,-0.8195144,0.99939513
0.99998516,0.14403945,0.9998249,0.71560997,0.9995238,-0.24498399,-0.82424223,0.9993198
0.99998593,0.14065444,0.9998116,0.6916447,0.9995156,-0.23534314,-0.8337494,0.9992127
0.9999887,0.22812423,0.9655341,0.7760235,0.99979323,-0.24244247,0.9923913,0.9999994
0.9999852,0.15213183,0.99984765,0.7792723,0.99936515,-0.28264266,-0.82507014,0.9992508
0.9999858,0.14236048,0.9998348,0.7876172,0.99936277,-0.3377709,-0.8222018,0.999288
0.99998665,0.19939287,0.94091535,0.6204453,0.99984723,-0.13441193,0.99378663,0.99937594
0.9999863,0.14218065,0.9997909,0.712041,0.9994165,-0.2681878,-0.8286175,0.99942255
0.9999879,0.20128459,0.9998453,0.8270723,0.9992847,-0.29296476,-0.8130321,0.9994379
0.99998397,0.20515288,0.8908217,0.52901906,0.99982446,-0.075765215,0.99623966,0.9998835
0.99998826,0.21897112,0.92416346,0.70485556,0.99978477,-0.2151414,0.9951943,0.99981946
0.9999833,0.21231548,0.9440617,0.63945884,0.99981034,-0.17024769,0.99350435,0.99945086
0.9999838,0.12546636,0.9998118,0.6719321,0.99949723,-0.19281685,-0.83058965,0.9994011
0.9999891,0.18990399,0.99983203,0.8337764,0.99930125,-0.34018207,-0.8113882,0.99943167
0.9999876,0.23240057,0.93789315,0.80276537,0.9997411,-0.22190149,0.9957045,0.9992842
0.9999837,0.1349488,0.9997855,0.58166033,0.9995636,-0.15215404,-0.83749855,0.99942034
0.9999835,0.13587378,0.99981016,0.68980193,0.9994933,-0.23753111,-0.82967496,0.99930865
0.999986,0.14398459,0.99982214,0.68755317,0.99948746,-0.22187977,-0.82971084,0.9993152
0.9999881,0.18048508,0.99983054,0.76607007,0.9994022,-0.26612946,-0.8228197,0.9993694
0.9999858,0.16069783,0.99982905,0.766623,0.99948007,-0.24925311,-0.8250053,0.99945176
0.99998957,0.21748531,0.9475312,0.73887634,0.99978423,-0.20168588,0.99365926,0.999894
0.99998915,0.143499,0.99982005,0.7747355,0.99946225,-0.29598206,-0.8173337,0.99936634
0.999988,0.22059186,0.9365808,0.71596634,0.99980956,-0.19669312,0.99445903,0.9999659
0.9999916,0.22615759,0.9546903,0.6707815,0.9998123,-0.23359299,0.99036825,0.9997627
0.9999793,0.11815123,0.99980336,0.5393673,0.9995762,-0.12822519,-0.8373537,0.99918264
0.9999856,0.2161726,0.96347475,0.73723155,0.999819,-0.2091385,0.99201167,0.9999796
0.99998534,0.19439179,0.9376088,0.57608616,0.9998353,-0.15791407,0.9923359,0.9994598
0.999986,0.15217663,0.9998135,0.72331494,0.99944365,-0.2359642,-0.8287293,0.9993429
0.9999898,0.15643464,0.9998034,0.6778508,0.99953616,-0.22010106,-0.8277913,0.9992862
0.99998534,0.12524468,0.9998023,0.7310883,0.9993725,-0.29149237,-0.8334675,0.99929065
0.9999848,0.13816498,0.9998256,0.7006141,0.9994981,-0.25092277,-0.83077157,0.9991875
0.9999897,0.23171812,0.9444872,0.70227796,0.9998132,-0.15332644,0.9938628,0.9999952
0.9999901,0.1686051,0.9998155,0.7822579,0.9992659,-0.30108944,-0.8265851,0.99929535
0.9999909,0.20247063,0.9591329,0.649598,0.9998275,-0.2097748,0.99074966,0.9992722
0.99998546,0.20444927,0.91581416,0.6732003,0.99979883,-0.19319932,0.9961649,0.99942356
0.99998677,0.21372816,0.93867373,0.7216786,0.99981177,-0.22278103,0.9945901,0.9993555
0.9999863,0.14541076,0.99981505,0.70756996,0.999499,-0.22081874,-0.83018136,0.999378
0.9999872,0.22690785,0.925411,0.72112614,0.99978745,-0.19825384,0.9964302,0.99994683
0.99998677,0.19935013,0.9414719,0.5422188,0.99983305,-0.16020952,0.9907479,0.9993116
0.99999064,0.22859961,0.9505602,0.77190006,0.99982625,-0.23931022,0.9943981,0.99924964
0.99998134,0.12906566,0.999788,0.6062842,0.99950296,-0.21210556,-0.83881456,0.999074
0.9999816,0.14470172,0.99982256,0.7296145,0.9994686,-0.24531113,-0.8316976,0.99936795
0.9999854,0.14867187,0.9998139,0.67886156,0.99953294,-0.2199341,-0.82397425,0.99934673
0.999987,0.22382736,0.9282578,0.67382294,0.9998392,-0.16590361,0.995341,0.99936527
0.999983,0.12666333,0.99976856,0.6082474,0.9994605,-0.20025203,-0.83551,0.99935174
0.9999861,0.21667275,0.9634896,0.63771135,0.9998629,-0.1182607,0.9920407,0.99987936
0.999985,0.15232365,0.9998212,0.70155334,0.9994223,-0.23314437,-0.8327353,0.99927634
0.99999106,0.19331391,0.9356305,0.5195133,0.99986434,-0.10936196,0.9913041,0.9992255
0.9999838,0.14185236,0.99981165,0.7078212,0.9993725,-0.27667487,-0.83408624,0.9992752
0.9999883,0.19495134,0.9564026,0.6228709,0.99980974,-0.17464934,0.98896384,0.9993512
0.9999903,0.23152842,0.9584178,0.727036,0.9998513,-0.19886424,0.9922708,0.99937093
0.99999064,0.19857927,0.9715047,0.6618031,0.9998034,-0.18001308,0.987233,0.9989754
0.9999837,0.16793428,0.9998224,0.69855094,0.9995217,-0.21616541,-0.8263955,0.99935967
0.9999916,0.214458,0.9109482,0.55981255,0.9998228,-0.1528179,0.9941069,0.99919695
0.9999855,0.15030022,0.9998154,0.7522861,0.9994123,-0.2909344,-0.8303002,0.9992098
0.99998486,0.21725008,0.88637793,0.52692956,0.99982285,-0.093730904,0.9958798,0.9999897
0.9999903,0.2313344,0.94956374,0.6867657,0.9998343,-0.15845676,0.9930034,0.9995187
0.9999873,0.20238817,0.95220196,0.6256558,0.99983984,-0.19606313,0.9907111,0.99953866
0.99998736,0.20422953,0.9139062,0.589041,0.99982303,-0.11515499,0.9950426,0.9999887
0.9999897,0.20326501,0.94409275,0.5433657,0.99983084,-0.15926503,0.9897692,0.99998635
0.9999896,0.20358561,0.9536445,0.6294226,0.99983144,-0.17306869,0.9914026,0.99935865
0.9999861,0.1392932,0.9998101,0.72040236,0.99946105,-0.24737404,-0.82614625,0.9994207
0.9999891,0.19480473,0.9235572,0.64236265,0.99981976,-0.16202071,0.99532604,0.99997693
0.9999871,0.20294528,0.90009046,0.53844225,0.99981606,-0.07292694,0.99601024,0.99937296
0.99998075,0.11404127,0.9997746,0.5972562,0.9995377,-0.19645704,-0.83351475,0.99936754
0.9999872,0.20574857,0.92241544,0.61737704,0.9998212,-0.16584817,0.99466497,0.99947363
0.99998707,0.2340444,0.9543185,0.7441546,0.9997896,-0.20239949,0.99363524,0.9999835
0.9999876,0.20366251,0.93503475,0.66970515,0.9998241,-0.17427781,0.99432886,0.9992793
0.9999878,0.22117555,0.95813197,0.7322923,0.99982524,-0.21658623,0.9928585,0.999758
0.9999879,0.20030667,0.9370069,0.6276022,0.9998025,-0.15705273,0.9943645,0.9999655
0.9999911,0.21896979,0.97186077,0.7206567,0.9998173,-0.23850714,0.9885422,0.99931467
0.99998903,0.20670073,0.94064766,0.66038465,0.99982566,-0.16791074,0.9941522,0.9994332
0.9999861,0.19786654,0.9269178,0.48963183,0.9998611,-0.0639803,0.99329084,0.999979
0.9999855,0.12300992,0.9998009,0.67882633,0.9995118,-0.22492556,-0.8296877,0.9993688
0.9999838,0.21717447,0.9447694,0.6563008,0.9997855,-0.15236099,0.99374926,0.99993545
0.9999905,0.21822155,0.9639532,0.7616036,0.99981904,-0.28324884,0.9913679,0.99943066
0.9999851,0.19925693,0.93330455,0.55733955,0.9998319,-0.14539209,0.9934813,0.9992385
0.9999842,0.14689267,0.9998305,0.69061375,0.9994799,-0.2455367,-0.83143175,0.9992414
0.99998915,0.22003141,0.9265459,0.731128,0.99979717,-0.19720109,0.9960264,0.99996775
0.9999806,0.107706554,0.99979365,0.612417,0.9995074,-0.19952486,-0.83559334,0.9992962
0.9999866,0.14176059,0.9998287,0.75159484,0.99941564,-0.28759,-0.8287964,0.99927956
0.999985,0.16449997,0.9998102,0.72906166,0.99936897,-0.25852913,-0.82961243,0.9993323
0.9999856,0.13204126,0.9997907,0.63871086,0.9994597,-0.19395344,-0.83893895,0.99937
0.9999883,0.15965497,0.99980396,0.66738975,0.99949014,-0.20871936,-0.82851714,0.9993698
0.99998915,0.24708992,0.9668009,0.7942513,0.9997594,-0.26607108,0.9919266,0.99992526
0.99998534,0.21441966,0.93578976,0.6969295,0.9997933,-0.15688989,0.99557215,0.9999741
0.9999902,0.20255929,0.9165749,0.50779325,0.9998296,-0.13768093,0.99308115,0.9992271
0.99998486,0.15129313,0.99980855,0.72708726,0.999407,-0.27367473,-0.8291834,0.99927795
0.999983,0.13025363,0.9997937,0.6252409,0.9994545,-0.21725741,-0.8391247,0.9991894
0.9999882,0.2334001,0.9501617,0.74305093,0.9998468,-0.17543466,0.9948308,0.99923116
0.9999893,0.21065244,0.96793723,0.7439704,0.9998409,-0.22478598,0.9906161,0.99985117
0.999987,0.2161288,0.9429608,0.67822754,0.9998122,-0.1593034,0.9942004,0.9993122
0.9999922,0.24058917,0.97933996,0.7736014,0.9997991,-0.2753956,0.98323214,0.9993818
0.99998486,0.20955314,0.9122487,0.6655791,0.9998093,-0.19692443,0.9960895,0.9994837
0.9999861,0.12226861,0.9997675,0.5697109,0.9996568,-0.15900357,-0.83437455,0.9993711
0.99998933,0.19024765,0.9040455,0.34149742,0.99985,-0.08649698,0.9922952,0.9992741
0.99998534,0.12752384,0.99979675,0.7013774,0.99942774,-0.2654486,-0.83194643,0.999231
0.9999894,0.18594275,0.9520033,0.54969215,0.99981165,-0.17422272,0.9873658,0.99919087
0.9999854,0.14924589,0.9998054,0.7652131,0.9993832,-0.29828566,-0.82724106,0.9993184
0.99998647,0.16235848,0.9998049,0.7475972,0.99948573,-0.28387225,-0.82223815,0.9993507
0.9999871,0.20592457,0.93637836,0.59868085,0.9998186,-0.14167607,0.9934573,0.9998539
0.99999154,0.20861046,0.9552957,0.6021445,0.999832,-0.16484848,0.9888521,0.99999887
0.9999881,0.20913681,0.95144403,0.650869,0.9997849,-0.20672132,0.9906536,0.9998263
0.9999839,0.14076842,0.9998304,0.7423397,0.9993451,-0.26910034,-0.82781553,0.99928516
0.99998564,0.115769744,0.99977314,0.6516597,0.99949604,-0.24490568,-0.8290653,0.9993187
0.9999843,0.13402958,0.9998119,0.61493313,0.9994611,-0.16476077,-0.8359528,0.99930054
0.999984,0.1296043,0.99979854,0.5721891,0.9995777,-0.12929167,-0.8323603,0.9993265
0.9999887,0.21934469,0.9301924,0.6734437,0.9998063,-0.15417238,0.9949768,0.99978375
0.9999833,0.14487575,0.99979675,0.6225172,0.999478,-0.17650604,-0.83518076,0.9993491
0.9999889,0.21255238,0.93999386,0.67530656,0.9998283,-0.17690054,0.99345994,0.9998429
0.99998236,0.15446022,0.9998119,0.71680427,0.99944913,-0.2687472,-0.8290149,0.9993421
0.99998695,0.22559236,0.9324154,0.6840985,0.9998414,-0.121760175,0.9955818,0.9994145
0.99998343,0.110817164,0.99977356,0.6809973,0.9995402,-0.25704393,-0.82927835,0.9993778
0.9999823,0.12684724,0.9998133,0.6686312,0.9994346,-0.24803814,-0.833195,0.99911344
0.9999885,0.2310395,0.9647549,0.7588634,0.99982756,-0.22971782,0.9934357,0.9999909
0.9999877,0.13754551,0.999775,0.7249559,0.99941,-0.28342435,-0.82944155,0.99939555
0.99999064,0.21361329,0.9419423,0.6494036,0.9998245,-0.18058692,0.99365455,0.9992505
0.9999867,0.20694534,0.9553447,0.66179276,0.99984056,-0.12146599,0.99276626,0.9998319
0.99998945,0.20875731,0.91049135,0.6056704,0.9998188,-0.14591187,0.99553955,0.9999701
0.99998444,0.15222365,0.9998225,0.685817,0.9995422,-0.20476761,-0.8293599,0.9993802
0.9999881,0.20216879,0.9140631,0.59979117,0.99979985,-0.16855761,0.99475634,0.99923825
0.99998677,0.20730677,0.9499298,0.62860787,0.9998172,-0.16620721,0.99266595,0.9998346
0.9999863,0.22741108,0.9546818,0.7054688,0.99980307,-0.18573941,0.9927838,0.9999821
0.99998665,0.2317899,0.9411812,0.7624842,0.99978554,-0.1844267,0.99606997,0.9992934
0.9999888,0.15363662,0.9998215,0.79575455,0.99927586,-0.29364467,-0.8188696,0.99948376
0.99998343,0.13291882,0.9998225,0.74023885,0.99929494,-0.3145547,-0.837926,0.9990514
0.9999871,0.21417734,0.9572843,0.6200535,0.99984515,-0.19219781,0.99112326,0.99928576
0.99998367,0.14774427,0.99981225,0.69630885,0.99946594,-0.25538415,-0.8324851,0.9991268
0.9999879,0.1799885,0.999844,0.80228806,0.999431,-0.25646397,-0.81100357,0.9994317
0.9999848,0.11750416,0.99977964,0.57885563,0.9995296,-0.19907661,-0.8369593,0.99925333
0.9999879,0.15436281,0.9998245,0.76579183,0.9993945,-0.25810066,-0.82381636,0.9994632
0.9999861,0.16031118,0.99983466,0.6937909,0.9994631,-0.20170172,-0.8333992,0.9992247
0.9999872,0.14935207,0.99982095,0.74299586,0.9994341,-0.26843524,-0.8262129,0.9992913
0.9999851,0.20261787,0.93361413,0.6151295,0.99982214,-0.18984161,0.9936431,0.9999609
0.9999842,0.14526215,0.9998124,0.67660177,0.99952966,-0.22479631,-0.8329574,0.99945956
0.99998474,0.1328706,0.9998194,0.68864036,0.99946797,-0.2021802,-0.830167,0.99931437
0.9999839,0.13183844,0.9998128,0.6842804,0.99950224,-0.21410921,-0.8278323,0.9992813
0.9999896,0.19878304,0.9269309,0.63298106,0.99984306,-0.13748164,0.9946126,0.99984425
0.9999874,0.20575513,0.9015195,0.4703997,0.9998348,-0.058419377,0.99453235,0.99932146
0.9999867,0.21415846,0.9210873,0.645977,0.999823,-0.120491035,0.9958204,0.99940294
0.99998987,0.2191238,0.957841,0.6984695,0.9997847,-0.2354605,0.9916279,0.9998893
0.9999878,0.20915972,0.9545192,0.7074013,0.9998347,-0.1747896,0.9928357,0.9998687
0.9999814,0.13541874,0.9998094,0.6273919,0.9995796,-0.17371769,-0.8350373,0.9992214
0.9999878,0.2106104,0.9091729,0.5573282,0.9998203,-0.15353082,0.99482846,0.99924225
0.99998736,0.2209974,0.95297027,0.6562439,0.9998258,-0.14811163,0.99322516,0.9993374
0.99998295,0.14000925,0.99981725,0.673224,0.9994704,-0.19553605,-0.8294016,0.9994053
0.99998945,0.21491012,0.9640896,0.7366291,0.999798,-0.24532479,0.99098283,0.99985343
0.9999865,0.14989243,0.99983037,0.7699043,0.99936795,-0.2776237,-0.82608074,0.9992794
0.9999881,0.2204774,0.934029,0.62874216,0.99984276,-0.12740563,0.9945957,0.9993319
0.9999906,0.1957929,0.9620153,0.6333709,0.99978876,-0.18749249,0.9857785,0.99998
0.99998623,0.19321531,0.999849,0.772807,0.99951726,-0.25685406,-0.8229351,0.9993927
0.9999909,0.22833915,0.9685582,0.7534636,0.9997858,-0.23700915,0.9896417,0.99940497
0.9999879,0.21029271,0.91682243,0.70404947,0.99976933,-0.19216911,0.9954152,0.9993548
0.9999865,0.20330933,0.93476427,0.6900139,0.99981123,-0.16547868,0.994781,0.9992056
0.999986,0.14279181,0.9997985,0.6462335,0.9994568,-0.20124601,-0.8275621,0.9994122
0.9999869,0.13483001,0.999807,0.7294748,0.9995175,-0.26503992,-0.8284373,0.9993407
0.9999869,0.1500541,0.9997841,0.69580966,0.9994255,-0.27255556,-0.8349268,0.9992465
0.99998647,0.16301636,0.9997971,0.7151946,0.999445,-0.25424963,-0.8279512,0.99941003
0.9999868,0.2200526,0.93097335,0.6895988,0.99979997,-0.20082113,0.9952867,0.99998194
0.9999891,0.21952263,0.96639824,0.68751884,0.9998464,-0.20870925,0.98874146,0.9998441
0.99998283,0.18931483,0.99985087,0.71937835,0.9995366,-0.10479266,-0.8207271,0.9995897
0.9999862,0.12690793,0.99980235,0.7118255,0.9994834,-0.26468855,-0.83248705,0.9991982
0.99998707,0.21532364,0.955916,0.6606481,0.9998313,-0.17380132,0.9925567,0.99929315
0.9999865,0.23160255,0.9568581,0.7418492,0.9998209,-0.19109055,0.99454135,0.99921155
0.99998736,0.13210404,0.99978966,0.72274137,0.9994361,-0.28019714,-0.83162725,0.99931175
0.9999877,0.1521157,0.9998386,0.77520716,0.9995184,-0.27977395,-0.821134,0.99927855
0.9999889,0.18605499,0.999832,0.73988086,0.99946594,-0.23288429,-0.8167428,0.99938905
0.99997944,0.11767983,0.9998069,0.71168315,0.9995039,-0.25859597,-0.8289177,0.9993021
0.99999094,0.20975435,0.96022743,0.64436114,0.999842,-0.18988238,0.98969865,0.99933654
0.9999861,0.1441017,0.9998123,0.724111,0.99949944,-0.26068756,-0.83203626,0.9992913
0.9999868,0.20622778,0.92455906,0.70552325,0.9997858,-0.20001069,0.9958001,0.999833
0.99998945,0.21944647,0.9317897,0.7121023,0.99978817,-0.19730744,0.995053,0.99927974
0.9999917,0.1885599,0.9658171,0.6117352,0.99982524,-0.19284499,0.984153,0.99934447
0.99998534,0.21359076,0.93221104,0.7383307,0.99983644,-0.19332688,0.99590653,0.9994004
0.99998724,0.15836747,0.9997951,0.6636665,0.9995167,-0.19189379,-0.82997316,0.9993799
0.9999839,0.10471937,0.9997654,0.52257997,0.99947965,-0.16787907,-0.83966196,0.9993213
0.9999871,0.19914553,0.906402,0.59820414,0.99980414,-0.12810008,0.9959859,0.9998803
0.99998516,0.13928737,0.9997932,0.6465844,0.99948484,-0.21136734,-0.83611155,0.9993325
0.99997944,0.1268792,0.99977934,0.6104578,0.99944764,-0.21196948,-0.8368977,0.9993139
0.999988,0.21335356,0.93410957,0.6438389,0.99982256,-0.17553946,0.9938791,0.99993855
0.99998575,0.15050814,0.9998321,0.80487573,0.9991793,-0.3423351,-0.8225546,0.9993063
0.99998415,0.15756555,0.99983144,0.75675416,0.99942374,-0.30155018,-0.8295059,0.9991164
0.9999845,0.13845026,0.99983853,0.7467216,0.9994651,-0.26205018,-0.82872653,0.9991568
0.9999881,0.21761158,0.95088476,0.66302484,0.9998199,-0.18884495,0.9924901,0.9999815
0.9999837,0.14707085,0.9998259,0.72722626,0.999406,-0.23112157,-0.83262193,0.99943227
0.99998796,0.20181765,0.9270675,0.5851666,0.9998046,-0.14390175,0.9936264,0.9993069
0.9999861,0.21883273,0.88878804,0.67672443,0.9997628,-0.16112557,0.9969179,0.9992476
0.99999005,0.21980049,0.9698222,0.7431654,0.9998602,-0.16158807,0.9919581,0.9998313
0.9999872,0.14231348,0.999787,0.6340598,0.9995745,-0.18129246,-0.8309529,0.99939096
0.999989,0.19342765,0.9376934,0.6247997,0.99979347,-0.16956267,0.99175805,0.9993022
0.999979,0.13317184,0.99982506,0.6811955,0.99946946,-0.2026602,-0.83739245,0.99929607
0.99998736,0.22692001,0.9299614,0.77577335,0.9997708,-0.21266712,0.99656534,0.99991715
0.9999882,0.21591057,0.90588653,0.5620142,0.999828,-0.08536087,0.99609977,0.99940914
0.9999867,0.17332895,0.9998173,0.7437408,0.9992964,-0.28868023,-0.8247776,0.9992729
0.9999883,0.2092115,0.94107956,0.5884207,0.9998441,-0.13591821,0.99305797,0.9992127
0.9999845,0.15644856,0.9998175,0.649361,0.9995227,-0.20181459,-0.8328455,0.9992489
0.999988,0.22740483,0.94479567,0.7049885,0.99982274,-0.20443404,0.99411285,0.99999976
0.9999864,0.1566941,0.99981827,0.70029235,0.9995173,-0.22993633,-0.8260911,0.99932504
0.9999879,0.21216151,0.948545,0.62365574,0.99982494,-0.1783201,0.99083996,0.99995124
0.99998605,0.13953015,0.99983174,0.7106036,0.9995354,-0.24455614,-0.82473904,0.99918294
0.9999852,0.16873835,0.99982363,0.7524369,0.9993547,-0.29494175,-0.82737476,0.9991865
0.9999852,0.15090458,0.9998326,0.6980276,0.99955004,-0.20153718,-0.8274295,0.999298
0.9999846,0.19831493,0.8810666,0.4158714,0.99980986,-0.098477446,0.9952537,0.9993194
0.9999861,0.22557822,0.92576975,0.6424624,0.99984664,-0.12976012,0.99557185,0.9994236
0.99998987,0.20997782,0.9417669,0.6910672,0.9998062,-0.23459361,0.99361724,0.99938303
0.99998486,0.21995886,0.89641654,0.5592277,0.99984103,-0.04281986,0.99681026,0.999198
0.99998343,0.14404379,0.99979407,0.61953896,0.99956316,-0.17489146,-0.835805,0.999374
0.99998456,0.15971021,0.9998289,0.7698709,0.99928826,-0.28853327,-0.8265785,0.99929994
0.99998456,0.14701934,0.99981624,0.6830184,0.9993613,-0.20286204,-0.8317261,0.9992369
0.9999863,0.17344856,0.9998478,0.79812855,0.99944687,-0.26131138,-0.81679916,0.9994035
0.9999844,0.14401276,0.99982363,0.661049,0.9994916,-0.20407985,-0.83377737,0.9991785
0.99998885,0.19201618,0.9532012,0.5518382,0.9998385,-0.14403322,0.9882596,0.9999682
0.9999841,0.1611782,0.9998279,0.7384644,0.9994598,-0.2463546,-0.82717574,0.99936354
0.99998933,0.17858745,0.999826,0.7656064,0.9994849,-0.2494302,-0.8183264,0.99938905
0.9999886,0.20621419,0.9138442,0.5615543,0.9998022,-0.12252929,0.9938196,0.99999964
0.9999843,0.16033098,0.9998404,0.72927034,0.99936384,-0.22268835,-0.8310869,0.9993796
0.9999851,0.12520796,0.99978924,0.7120408,0.9994801,-0.2665959,-0.8273513,0.99942046
0.99998623,0.1516209,0.9998244,0.7041241,0.9994768,-0.25619557,-0.8273318,0.9991468
0.9999838,0.15251653,0.99980503,0.6808336,0.99948883,-0.21476115,-0.83548594,0.99931663
0.99998367,0.12926532,0.99976265,0.5308247,0.99955535,-0.13580073,-0.8343985,0.9994628
0.99998045,0.16172054,0.9998516,0.76238716,0.9993589,-0.2596274,-0.82776994,0.9992795
0.9999795,0.15702601,0.99982876,0.7143691,0.9994833,-0.2098635,-0.8295242,0.9994682
0.9999871,0.21652582,0.9447022,0.6661249,0.99982935,-0.14924711,0.9944398,0.9994062
0.99998915,0.25617996,0.95838314,0.8300419,0.9997807,-0.26034927,0.9952032,0.9997634
0.9999878,0.21491936,0.973235,0.68882966,0.999838,-0.26179153,0.9862805,0.999294
0.99998766,0.21179265,0.9433149,0.62534803,0.99983346,-0.18546455,0.9933207,0.9999196
0.9999862,0.20200618,0.9146821,0.55068415,0.99980754,-0.13535029,0.994969,0.9999755
0.99998707,0.21351272,0.9491505,0.7019341,0.99982095,-0.20661423,0.99362046,0.9998014
0.99999064,0.23694071,0.9764076,0.7821717,0.99979395,-0.28392425,0.9891133,0.99987894
0.99998736,0.20282798,0.9230096,0.5530988,0.99984896,-0.14466634,0.99298435,0.999348
0.9999878,0.17367235,0.9998179,0.73373926,0.99950147,-0.22697559,-0.8267756,0.9993862
0.9999865,0.25116286,0.9645164,0.79736966,0.9997994,-0.22385749,0.99435586,0.99978685
0.9999878,0.22525997,0.91446507,0.6698967,0.99981564,-0.1315967,0.9965426,0.999326
0.9999863,0.15007396,0.9998109,0.73214257,0.9993973,-0.28709543,-0.8303058,0.9993418
0.99998313,0.12701145,0.9997762,0.57116723,0.9995265,-0.17970125,-0.84049964,0.9993009
0.99998343,0.14325027,0.9998183,0.6643407,0.9994545,-0.2213467,-0.8336592,0.99928564
0.99998754,0.16653755,0.99980164,0.70393497,0.99947083,-0.23077057,-0.8228492,0.9993741
0.9999882,0.2241422,0.95255125,0.6929179,0.999793,-0.19355872,0.99239427,0.99948734
0.99999046,0.19491798,0.9509127,0.66009915,0.9997902,-0.21870048,0.99200225,0.99943185
0.9999874,0.16301575,0.99983644,0.75731254,0.9994656,-0.2839805,-0.82420576,0.99924904
0.999988,0.23739305,0.95159286,0.74156934,0.9998271,-0.17130344,0.99487007,0.99930125
0.99998754,0.20982966,0.9387431,0.6770263,0.9998238,-0.1563682,0.9943145,0.9998493
0.9999887,0.20274957,0.8832737,0.47637174,0.99982494,-0.07514234,0.9956614,0.9999685
0.999989,0.15486194,0.9998177,0.8051932,0.9992108,-0.3371172,-0.8222569,0.99935305
0.9999885,0.14912048,0.99982,0.79382384,0.9993727,-0.29549497,-0.8190749,0.9994754
0.9999879,0.21288027,0.94019043,0.67141664,0.99979544,-0.19008146,0.9932476,0.9999592
0.99998665,0.20566855,0.9351294,0.60622996,0.99982965,-0.15565398,0.99432456,0.99927443
0.99998593,0.22989179,0.9482382,0.68828857,0.99976635,-0.15992135,0.9941034,0.9998526
0.9999837,0.13015932,0.99978924,0.68779284,0.9994841,-0.24240665,-0.8317592,0.99941015
0.9999838,0.11833925,0.99978215,0.60798454,0.9995737,-0.17834575,-0.82864255,0.99937147
0.9999901,0.215414,0.9477775,0.63456357,0.9998162,-0.19046704,0.9919394,0.9998432
0.999987,0.2299689,0.9597341,0.73510206,0.99979717,-0.23419024,0.99165183,0.99940217
0.99998283,0.15423271,0.9998282,0.6981561,0.99955064,-0.22718395,-0.83381873,0.99930876
0.99998707,0.20704098,0.9484345,0.6689171,0.99983805,-0.15538512,0.9927249,0.9991995
0.99998724,0.16572972,0.9998218,0.7493553,0.9994423,-0.2210288,-0.8232727,0.999475
0.9999871,0.15460525,0.9998295,0.7410326,0.99952066,-0.2371736,-0.8259104,0.9992614
0.9999838,0.14835538,0.9998153,0.71108675,0.9994217,-0.2696494,-0.8324214,0.9992403
0.9999826,0.12891479,0.9997959,0.6045986,0.999509,-0.19540973,-0.8365929,0.9993282
0.99998814,0.23246922,0.97220474,0.7572139,0.9998253,-0.23652236,0.99100757,0.9992838
0.99998254,0.12697154,0.9997887,0.6359824,0.99958605,-0.2016423,-0.8322176,0.99937713
0.99998784,0.19940734,0.9336124,0.586197,0.99978316,-0.18700264,0.9911596,0.9993895
0.99998766,0.20705123,0.9080744,0.5901381,0.9998166,-0.10507311,0.9952585,0.9993004
0.9999831,0.13055268,0.9998266,0.6692058,0.9995149,-0.20170052,-0.83004016,0.9992245
0.9999891,0.21054387,0.91965187,0.558707,0.9998615,-0.092732504,0.99441934,0.9992141
0.9999865,0.14653948,0.9998265,0.74329376,0.99944204,-0.25757042,-0.82672423,0.9993109
0.9999893,0.14349434,0.9998079,0.7305827,0.9994024,-0.25523156,-0.82424295,0.99929833
0.99998444,0.1169703,0.99977607,0.52497774,0.9996049,-0.119747356,-0.8328147,0.99935097
0.99998605,0.14993669,0.99980754,0.68790245,0.9995092,-0.1920147,-0.82301056,0.99948055
0.9999847,0.20205906,0.9246307,0.56671727,0.9997833,-0.13706681,0.9939462,0.99920434
0.9999889,0.1996381,0.9116195,0.60771555,0.99985826,-0.12873133,0.99507755,0.99981546
0.9999882,0.1794102,0.99982655,0.7616187,0.99941856,-0.25936127,-0.82413375,0.9993724
0.9999823,0.16044776,0.99983084,0.70876956,0.9994995,-0.20032343,-0.82620686,0.9993838
0.99998575,0.12457846,0.999798,0.6997762,0.99954325,-0.26914603,-0.82836324,0.9993303
0.9999889,0.21982165,0.9185125,0.6416268,0.9997872,-0.16531217,0.9951784,0.9993103
0.99998116,0.1477341,0.9997991,0.5979333,0.99948925,-0.13473234,-0.83484197,0.99947214
0.9999879,0.19439851,0.9463566,0.6442996,0.999805,-0.21817243,0.992075,0.9999536
0.99998486,0.16537951,0.9998295,0.7809244,0.9993666,-0.2804394,-0.82178634,0.9994154
0.999983,0.17156464,0.9998332,0.71727,0.99945456,-0.25059232,-0.82970375,0.99915934
0.99998456,0.20767806,0.95941514,0.6092148,0.9998474,-0.16691089,0.99059,0.9998665
0.9999861,0.21342933,0.9098673,0.6135702,0.9998211,-0.11612508,0.99581814,0.9992805
0.99998873,0.21659708,0.9535071,0.76704,0.9997999,-0.24832897,0.99344915,0.9998444
0.9999875,0.20647156,0.92283905,0.58601606,0.9998238,-0.14080468,0.9948275,0.99924505
0.99998754,0.18721738,0.9998493,0.8131423,0.99937445,-0.30274096,-0.81706905,0.9993176
0.9999895,0.21257102,0.9555376,0.67320764,0.9998117,-0.21611768,0.99092627,0.99910074
0.99998766,0.22794406,0.9621439,0.7526219,0.9998301,-0.19550042,0.99251,0.9994077
0.999988,0.19147356,0.9490223,0.58068395,0.99977237,-0.19204088,0.9887623,0.9999237
0.9999794,0.16793428,0.9998355,0.7289134,0.9994911,-0.24738137,-0.8301345,0.9992384
0.9999863,0.2078586,0.94816947,0.63342106,0.99986076,-0.110674426,0.99399745,0.9993004
0.99998575,0.19608462,0.9998807,0.85235584,0.9992167,-0.30768585,-0.8082389,0.99925536
0.9999845,0.2078113,0.9313342,0.7037884,0.999828,-0.19092442,0.9954641,0.99928576
0.9999862,0.13197754,0.99979126,0.6415175,0.99954295,-0.1921283,-0.8313084,0.99936885
0.9999839,0.16873924,0.9998444,0.74565357,0.99949163,-0.23971333,-0.82228184,0.99936706
0.9999895,0.20818926,0.9506744,0.6018586,0.9998488,-0.15401983,0.9913607,0.9993424
0.99998945,0.2068763,0.95192116,0.7059321,0.99986506,-0.17886859,0.99286103,0.99985987
0.99998194,0.12275916,0.999796,0.52294034,0.99953336,-0.12327966,-0.8421774,0.99923
0.99998623,0.16878314,0.9998312,0.75930357,0.99946684,-0.27427775,-0.8288882,0.9992672
0.9999849,0.20864706,0.901087,0.57386774,0.99981594,-0.12092092,0.99617684,0.99994934
0.9999838,0.11992652,0.9997978,0.62702215,0.9995334,-0.21102516,-0.8367813,0.999184
0.99998367,0.13957335,0.9998094,0.59483635,0.99954885,-0.19641389,-0.83368593,0.9991096
0.99998385,0.15067442,0.9998085,0.6830981,0.9995241,-0.1969818,-0.8305863,0.99944705
0.9999878,0.22565527,0.94018763,0.7252859,0.9997509,-0.20917608,0.9949596,0.99998
0.9999825,0.15177716,0.99984294,0.79108584,0.9993656,-0.2879707,-0.8219736,0.9994027
0.99998325,0.123846754,0.99976885,0.56597805,0.99954903,-0.19427487,-0.8391299,0.99924386
0.9999856,0.21824113,0.944887,0.6335913,0.9998451,-0.1501324,0.9934807,0.99982464
0.9999879,0.19563058,0.9998545,0.801325,0.99944234,-0.25135294,-0.81747645,0.9994268
0.99998444,0.12862995,0.9998103,0.70742697,0.99949515,-0.25386995,-0.8275651,0.99931186
0.9999838,0.16055922,0.9998175,0.6835078,0.999475,-0.21775876,-0.8321593,0.9992922
0.9999876,0.21106428,0.9460166,0.7316799,0.99981344,-0.24409017,0.99392194,0.9999879
0.99998444,0.132274,0.99979466,0.60618556,0.99953216,-0.22876021,-0.8386493,0.9990959
0.9999844,0.14939968,0.99981266,0.7207731,0.9994671,-0.24307284,-0.82394594,0.99943566
0.99998623,0.16183463,0.999824,0.766502,0.99934,-0.30074242,-0.8253981,0.9993255
0.99998575,0.13921729,0.9997968,0.6690881,0.9994557,-0.25109583,-0.83469504,0.9992411
0.9999886,0.14639932,0.9998186,0.72879815,0.9995374,-0.21522081,-0.82097524,0.999452
0.99998695,0.20373324,0.8977482,0.6025729,0.9998175,-0.10773155,0.9964483,0.99998397
0.9999881,0.16059154,0.9998177,0.7490231,0.99939716,-0.2796868,-0.82618546,0.99935675
0.9999802,0.14399236,0.99980724,0.5914669,0.9994652,-0.180861,-0.8427875,0.99915856
0.99998873,0.21059959,0.9613942,0.6119089,0.99985254,-0.20549086,0.98905927,0.99910384
0.9999894,0.20310692,0.9314529,0.591716,0.9998601,-0.13807282,0.9939387,0.99917096
0.9999877,0.20637578,0.9998677,0.85687643,0.9992303,-0.32680276,-0.80951834,0.9994073
0.99998385,0.12664758,0.99978846,0.57274234,0.99959517,-0.13027547,-0.8407439,0.999354
0.999988,0.1634754,0.99984485,0.7748189,0.9994808,-0.26054046,-0.8235312,0.9992752
0.99998593,0.19831266,0.93054426,0.54091823,0.9998623,-0.10217268,0.9939466,0.99997646
0.99998564,0.14133209,0.9998192,0.7363601,0.999419,-0.2422701,-0.82634014,0.99937797
0.9999881,0.22124399,0.9542381,0.67551506,0.99977106,-0.23928513,0.9915751,0.9999071
0.9999848,0.21409065,0.92789197,0.6476059,0.9998103,-0.13675815,0.99485505,0.99984664
0.9999884,0.20480019,0.92209506,0.67136204,0.99981695,-0.1677444,0.99531466,0.99933606
0.9999863,0.21940851,0.9625866,0.7035669,0.999842,-0.23500277,0.99098885,0.9999911
0.9999843,0.15973684,0.99983025,0.7528008,0.99944854,-0.26542172,-0.8233189,0.9993276
0.999987,0.20285755,0.92161715,0.5455189,0.9998529,-0.12176041,0.9939343,0.99946344
0.9999899,0.21259308,0.9533071,0.7074938,0.99983263,-0.19173194,0.9939919,0.99998903
0.99998486,0.20460658,0.9178031,0.5516469,0.99984956,-0.09211424,0.99464667,0.9993698
0.9999886,0.21079077,0.9452639,0.66230726,0.9998384,-0.16337465,0.99417907,0.99935454
0.99998564,0.2070898,0.88831204,0.5047856,0.9998352,-0.040641677,0.9959256,0.99984956
0.9999855,0.12461602,0.9998055,0.6740417,0.99957716,-0.23064262,-0.82893705,0.9993577
0.9999853,0.15586455,0.999841,0.70856,0.99956185,-0.19656377,-0.8245157,0.9992583
0.9999913,0.23725729,0.9548646,0.75470865,0.9997895,-0.25860077,0.99231356,0.99998087
0.9999842,0.16431859,0.99983215,0.74021494,0.9994015,-0.23462687,-0.83275306,0.9992294
0.9999897,0.21894656,0.9638999,0.72049934,0.99982893,-0.23162845,0.9908549,0.999362
0.9999825,0.15717657,0.99982196,0.69700444,0.99950296,-0.22133435,-0.8346584,0.9992623
0.99998355,0.12254558,0.99976605,0.60899955,0.999563,-0.21013804,-0.83165723,0.99944085
0.9999865,0.14823885,0.9998032,0.7127699,0.99950147,-0.24436128,-0.8312713,0.99941987
0.9999863,0.15987661,0.9998155,0.7579114,0.9994399,-0.31881502,-0.8247815,0.9991501
0.99998564,0.16143122,0.9998218,0.7435757,0.9994732,-0.28626373,-0.8267747,0.999268
0.9999883,0.22402646,0.9419352,0.69977105,0.9997758,-0.20700543,0.99402195,0.99998003
0.99997866,0.12504368,0.99980974,0.59623134,0.99952805,-0.16161568,-0.83881724,0.99934906
0.9999826,0.14192116,0.99980205,0.6794958,0.99937814,-0.21261679,-0.8363995,0.9993655
0.99998844,0.16637558,0.99983865,0.7513702,0.99944365,-0.24051933,-0.82344383,0.9992989
0.99998814,0.20852765,0.92183733,0.56240904,0.99982953,-0.1112907,0.9943624,0.99938214
0.9999843,0.14022575,0.999815,0.72814775,0.9995056,-0.22801708,-0.8264763,0.9995447
0.99998695,0.21608976,0.93779594,0.6806189,0.9997992,-0.19637333,0.9942907,0.99997574
0.9999827,0.14339164,0.9998104,0.67859745,0.9993409,-0.25653896,-0.8341105,0.9990721
0.9999894,0.20419466,0.952364,0.691924,0.9998128,-0.20914687,0.9929848,0.99983263
0.999984,0.15721793,0.9998212,0.7320367,0.9994352,-0.21782045,-0.8300015,0.9994658
0.99998885,0.21112587,0.95611954,0.7269991,0.999811,-0.23628685,0.99329454,0.99932563
0.99998415,0.15358149,0.9998246,0.6784993,0.99952155,-0.2257393,-0.83581924,0.9992386
0.9999882,0.19511788,0.94171584,0.71446943,0.99980533,-0.23467097,0.9945909,0.99984884
0.9999878,0.22689044,0.9362571,0.60304517,0.999862,-0.13960306,0.9943016,0.9999134
0.9999862,0.16301492,0.9997912,0.66187483,0.99948525,-0.23740043,-0.8340939,0.9993265
0.9999881,0.21496901,0.95216,0.7061269,0.9997893,-0.22285566,0.9922464,0.9992674
0.99998784,0.22679342,0.94389075,0.7354803,0.9998066,-0.22275352,0.9941688,0.999411
0.999989,0.21296282,0.9414018,0.6418301,0.9998588,-0.16009964,0.99279,0.99981856
0.99999094,0.22584184,0.9533825,0.7773655,0.9997811,-0.2508434,0.9948858,0.99943
0.999986,0.17782532,0.9998543,0.7893231,0.9994989,-0.2594039,-0.8174115,0.99926084
0.99998415,0.13521983,0.99982756,0.77736247,0.9991727,-0.29877397,-0.8285268,0.9993781
0.9999836,0.16483904,0.9998478,0.75794095,0.9994915,-0.21108979,-0.8219716,0.9994461
0.9999868,0.20121627,0.91447926,0.5738293,0.9998354,-0.10878146,0.9949238,0.9998286
0.99998724,0.21225844,0.8949417,0.5729821,0.9998166,-0.09259984,0.9960717,0.9992194
0.9999862,0.19651467,0.91740716,0.5332671,0.9998053,-0.12100669,0.9935565,0.99999464
0.9999875,0.20731713,0.91467446,0.6339271,0.99979955,-0.1803221,0.99589133,0.9999994
0.9999862,0.20144734,0.9348999,0.62273765,0.99980986,-0.16430716,0.9935118,0.9994195
0.9999813,0.11703588,0.9997774,0.5493611,0.99956554,-0.17534555,-0.836615,0.99933785
0.99998504,0.15505789,0.9998099,0.72828543,0.99936557,-0.2855466,-0.82850206,0.999109
0.9999903,0.21874538,0.9740175,0.6483797,0.9998106,-0.242453,0.9786032,0.9999441
0.99997973,0.11277746,0.99980336,0.5360389,0.9995108,-0.16515192,-0.8434143,0.99910486
0.9999887,0.23596065,0.9480057,0.7495672,0.99983627,-0.19793333,0.99486136,0.9993323
0.9999854,0.18965548,0.9998653,0.8161185,0.99939543,-0.24521326,-0.8090844,0.9994503
0.99998814,0.21270576,0.9507816,0.6613734,0.99980116,-0.1773699,0.9916661,0.9992775
0.99998605,0.13050425,0.9997785,0.6198694,0.9994935,-0.19901854,-0.8366393,0.99934834
0.9999889,0.21316521,0.9483459,0.6424953,0.99983835,-0.1576725,0.99165684,0.9998722
0.9999879,0.22922929,0.95829386,0.72857535,0.999817,-0.181071,0.9927122,0.99998766
0.9999891,0.21304645,0.9471817,0.7011357,0.99974436,-0.24464256,0.9916092,0.9992514
0.99998695,0.13483165,0.99981856,0.6925862,0.9994734,-0.22918649,-0.8326206,0.9993044
0.9999897,0.18326384,0.9998428,0.8272077,0.9992706,-0.31903243,-0.8151958,0.99942476
0.9999845,0.2127901,0.9259765,0.67349434,0.9998229,-0.16533455,0.9951055,0.9999753
0.99998635,0.20911416,0.9241722,0.6326177,0.9998309,-0.10124605,0.9950493,0.9999805
0.9999841,0.11379827,0.999776,0.5219102,0.9996223,-0.15066335,-0.8368972,0.99927306
0.99998176,0.16595815,0.9998436,0.76047313,0.9994921,-0.25915012,-0.8225241,0.99935436
0.9999853,0.22642198,0.9289376,0.68638366,0.99981374,-0.1404094,0.99599314,0.99997646
0.99998647,0.20109984,0.9162784,0.5697229,0.9997938,-0.12692995,0.9944726,0.999291
0.9999845,0.21598308,0.9499641,0.64785695,0.9998135,-0.16194865,0.99314517,0.9994543
0.9999855,0.15727252,0.9998268,0.7743168,0.9993132,-0.30567372,-0.826807,0.9993219
0.9999847,0.15116407,0.999809,0.7111705,0.99942803,-0.25797904,-0.83451563,0.99934256
0.9999823,0.16457558,0.9998236,0.7105699,0.99941087,-0.23809151,-0.8307708,0.9992265
0.99998695,0.14144167,0.99981505,0.6817254,0.99951315,-0.21225972,-0.82664585,0.9993231
0.99998677,0.13315032,0.9997964,0.662122,0.9995363,-0.20383051,-0.83375335,0.9993815
0.9999859,0.13303235,0.9998298,0.7264018,0.99947464,-0.25324652,-0.826,0.99924403
0.9999888,0.19465497,0.92780006,0.5593264,0.9998354,-0.153088,0.9932538,0.9994422
0.999987,0.20903422,0.908766,0.6604669,0.9998311,-0.12831843,0.99640274,0.9998621
0.99998945,0.23477207,0.96173185,0.73716533,0.9998296,-0.19765174,0.9924165,0.99936205
0.9999892,0.1970448,0.945718,0.67325205,0.99982023,-0.2094593,0.99270064,0.9999734
0.9999905,0.208395,0.9466871,0.7246681,0.99974406,-0.26816005,0.99252355,0.99998933
0.9999899,0.14952534,0.999783,0.75275177,0.9994559,-0.32831532,-0.81827414,0.9992525
0.9999903,0.22730602,0.94802225,0.7199396,0.99983364,-0.17980495,0.9938962,0.9999849
0.99998593,0.2120993,0.932786,0.6421538,0.9998167,-0.15887025,0.99437517,0.9998307
0.9999864,0.16517213,0.9998152,0.7006463,0.9994523,-0.22916935,-0.82827187,0.9993014
0.9999861,0.16612025,0.9998254,0.7462543,0.99936897,-0.23492506,-0.82813925,0.99948347
0.9999909,0.22013137,0.96157575,0.71050334,0.99980974,-0.22182474,0.9919749,0.99997944
0.99998796,0.212394,0.94431543,0.6743257,0.99975634,-0.2067517,0.99289834,0.99999934
0.9999908,0.24461257,0.9719924,0.8365192,0.99981564,-0.25999692,0.9930015,0.9998413
0.9999877,0.16796286,0.9998277,0.79420066,0.9993374,-0.31868684,-0.82282484,0.9992756
0.9999842,0.20401114,0.89360154,0.5882457,0.999786,-0.13195366,0.99632865,0.9999961
0.9999881,0.20939517,0.9167714,0.618966,0.99984705,-0.11113573,0.99571675,0.9994762
0.9999869,0.20745091,0.9464345,0.6625206,0.999774,-0.17338541,0.9926183,0.99999946
0.9999856,0.12882039,0.999778,0.60543597,0.99949986,-0.17825073,-0.83755624,0.9993858
0.9999872,0.20467922,0.95840126,0.64722824,0.999839,-0.19003347,0.99063724,0.9991997
0.99998343,0.13903828,0.99981344,0.7063019,0.99952435,-0.20740007,-0.82475007,0.99947333
0.9999868,0.21680869,0.96131456,0.72077847,0.99980265,-0.22342148,0.99052066,0.99935806
0.99998456,0.12130095,0.9997607,0.5983603,0.99959844,-0.17823604,-0.83004797,0.99950045
0.99999166,0.22601199,0.9572287,0.6854634,0.99983937,-0.20065056,0.9907421,0.9992949
0.99998814,0.21928754,0.91807324,0.6622723,0.9997881,-0.1684656,0.99494815,0.99927783
0.9999881,0.20529106,0.9238716,0.59809077,0.99982923,-0.17367838,0.99412155,0.9999844
0.9999878,0.2131785,0.948733,0.72031915,0.9998232,-0.17128839,0.9943729,0.9994666
0.999987,0.2109122,0.96385884,0.731041,0.9998332,-0.21592116,0.9919121,0.9998299
0.9999848,0.1256692,0.9997963,0.7186861,0.9994808,-0.27382022,-0.8273633,0.999295
0.9999872,0.22348191,0.95746696,0.7176169,0.99985915,-0.20687225,0.9928726,0.99924165
0.9999904,0.23497444,0.9615234,0.7346593,0.9998288,-0.20011263,0.99239546,0.99935323
0.9999878,0.19909541,0.95467365,0.63998204,0.9998408,-0.17408185,0.9897711,0.9999668
0.9999831,0.1578014,0.9998455,0.74524987,0.9994816,-0.21827623,-0.8279496,0.999301
0.9999877,0.20206416,0.9441211,0.6246299,0.9998427,-0.12788302,0.9937464,0.9998571
0.99998426,0.15632482,0.9998349,0.7732954,0.9994337,-0.31747285,-0.82657653,0.9991951
0.999989,0.20181322,0.9136656,0.46475902,0.999847,-0.06668328,0.9932926,0.99998665
0.99998933,0.20754702,0.9275083,0.6443522,0.99983156,-0.15762033,0.99515486,0.9993608
0.9999855,0.23687035,0.9568772,0.738382,0.9998334,-0.17386521,0.9930582,0.9991874
0.9999889,0.20790419,0.9483422,0.77588344,0.9997974,-0.238611,0.99452585,0.999268
0.9999905,0.22168146,0.9257042,0.7284652,0.99977225,-0.1967274,0.9959507,0.9991861
0.99998754,0.22567376,0.95867485,0.68210566,0.99981725,-0.19356489,0.9919561,0.9999842
0.9999876,0.19171084,0.92235345,0.527748,0.9998342,-0.08450296,0.9945561,0.999745
0.9999833,0.20583704,0.8897959,0.407282,0.99983156,-0.034296073,0.9945317,0.99926746
0.9999863,0.14979671,0.99980336,0.70387375,0.99946773,-0.23749241,-0.8333478,0.9992826
0.9999838,0.13842392,0.9998125,0.6639606,0.99956113,-0.17436904,-0.8267494,0.99943405
0.99998593,0.21367785,0.94119114,0.63652265,0.99982774,-0.1962863,0.99329674,0.9999998
0.99998486,0.21054639,0.9137531,0.6377262,0.99983555,-0.11384689,0.99647963,0.9993855
0.9999881,0.22126237,0.94956625,0.7128334,0.9998359,-0.19320081,0.9940126,0.9998652
0.99998945,0.19241014,0.9062152,0.5801834,0.9998685,-0.11083255,0.9955797,0.9999774
0.9999891,0.21222731,0.95260966,0.60712695,0.99981946,-0.17071696,0.9900774,0.99934757
0.9999895,0.2409089,0.96986616,0.822889,0.99973786,-0.26940584,0.99257225,0.99994004
0.99998766,0.24001855,0.9605837,0.7554896,0.9998228,-0.17691639,0.9933072,0.9999467
0.9999851,0.1465563,0.9998506,0.7613838,0.9994739,-0.25635985,-0.82153857,0.99914545
0.9999882,0.25271422,0.9758305,0.82765603,0.9998314,-0.28198978,0.9910689,0.9993255
0.9999899,0.23141539,0.97090125,0.8007077,0.99978346,-0.30368215,0.9905309,0.99936444
0.9999889,0.20133992,0.9165314,0.52278167,0.9997719,-0.13982552,0.99329895,0.9993481
0.9999884,0.15775156,0.99982256,0.70416695,0.99955416,-0.18550861,-0.8270418,0.9994593
0.9999852,0.2162791,0.9555172,0.6951905,0.9998203,-0.23222692,0.99245924,0.999381
0.99998593,0.20963608,0.92750233,0.70111597,0.99983156,-0.13812564,0.99630505,0.99947226
0.999988,0.20390306,0.9328022,0.6291559,0.999843,-0.12986252,0.9943323,0.9999997
0.99998486,0.14012983,0.9998241,0.7385111,0.99942285,-0.26751265,-0.82959527,0.999302
0.99998826,0.19732508,0.96425843,0.6606293,0.9998131,-0.1873312,0.98937505,0.99999774
0.9999879,0.20973842,0.9513042,0.62997377,0.99976605,-0.19788468,0.99062806,0.9992004
0.99998844,0.1402687,0.99978495,0.6404749,0.999539,-0.213596,-0.8252142,0.9992406
0.9999877,0.22083706,0.9469491,0.77598256,0.9998407,-0.23132898,0.9951073,0.9998632
0.999985,0.14855728,0.999789,0.6746813,0.9994257,-0.2350521,-0.8339523,0.99939007
0.9999833,0.14929502,0.999822,0.7306187,0.9994761,-0.23776515,-0.82578444,0.99945706
0.9999859,0.14045565,0.9998126,0.73806787,0.99943817,-0.28077704,-0.8265649,0.9992669
0.9999852,0.22286925,0.9303093,0.71967524,0.9998211,-0.14041474,0.9958291,0.9999545
0.9999882,0.21680713,0.95148504,0.67456836,0.99984294,-0.204463,0.9917809,0.9993009
0.9999837,0.114636555,0.99979025,0.5808337,0.99956363,-0.16974993,-0.8349335,0.9992926
0.99998724,0.17777437,0.99986404,0.7775479,0.9994584,-0.25934327,-0.8226531,0.99924344
0.9999859,0.17247853,0.99983644,0.7365837,0.999498,-0.19759738,-0.8259322,0.9994464
0.99998814,0.20832445,0.9228364,0.54553074,0.99985445,-0.1362352,0.99454105,0.9993673
0.99998635,0.16114783,0.9998381,0.77631474,0.9993004,-0.31961423,-0.82638913,0.9992333
0.9999879,0.20322366,0.9461797,0.66483843,0.99982923,-0.14806572,0.9922549,0.9998441
0.9999836,0.14302441,0.9998127,0.7510973,0.9993793,-0.2911107,-0.8253342,0.9992611
0.99998385,0.15302639,0.9998291,0.69751084,0.9993619,-0.20438795,-0.8321177,0.9993756
0.99998856,0.15939832,0.9998142,0.6933657,0.9994822,-0.23632115,-0.82728523,0.9993058
0.99998933,0.23504567,0.96242964,0.7854763,0.99981344,-0.25187418,0.99298567,0.9999316
0.9999867,0.15642472,0.9998231,0.7710359,0.9993814,-0.30842927,-0.8286687,0.9992774
0.9999894,0.21782738,0.9375592,0.6196715,0.99985206,-0.17627232,0.9933036,0.9993829
0.99998057,0.10713032,0.9998045,0.62494755,0.99946994,-0.23273358,-0.83852434,0.99895763
0.99998534,0.19608402,0.8867795,0.57992387,0.9998221,-0.08546371,0.9962646,0.99937475
0.9999873,0.21718867,0.90119386,0.62434757,0.99984646,-0.101465546,0.99656904,0.9999282
0.9999832,0.132219,0.99980855,0.64452255,0.99952084,-0.1900617,-0.8335185,0.99930525
0.99999106,0.22593668,0.9550388,0.7439532,0.9997447,-0.24814655,0.99264115,0.9990832
0.9999872,0.16679536,0.99981976,0.73412484,0.9994504,-0.27648205,-0.8319049,0.99916744
0.9999844,0.121847525,0.9997936,0.62862355,0.99948883,-0.20078959,-0.8358906,0.999225
0.999984,0.1673985,0.99982935,0.75679773,0.9994208,-0.2886534,-0.83001566,0.9992711
0.999985,0.1427942,0.99978894,0.6397173,0.99954724,-0.2371014,-0.83734035,0.99917495
0.9999865,0.19897732,0.9053274,0.5093743,0.9998117,-0.08824109,0.9950108,0.9993075
0.99998677,0.16153353,0.9998189,0.7279515,0.99940586,-0.21066879,-0.82541645,0.9994488
0.9999863,0.15551841,0.99982935,0.74174273,0.9994917,-0.27377683,-0.81904626,0.9991945
0.99998754,0.16890912,0.9998409,0.75775766,0.9994001,-0.25631166,-0.82488716,0.9993508
0.99998784,0.15355122,0.99982315,0.81372964,0.9992572,-0.35132825,-0.8146982,0.9993246
0.99998736,0.22114159,0.9614153,0.74684125,0.99983734,-0.22486389,0.9933001,0.99920464
0.99998844,0.20765066,0.94047654,0.6571439,0.9998362,-0.17981234,0.9940937,0.9993478
0.9999871,0.21231633,0.94477636,0.6300126,0.9998406,-0.1498916,0.9935674,0.9999096
0.99998796,0.12930049,0.99976057,0.5621078,0.99952424,-0.174927,-0.83600396,0.9992859
0.9999842,0.15777376,0.9998111,0.6836425,0.9994597,-0.21879321,-0.8300133,0.99935204
0.99998367,0.16670595,0.99983203,0.73847634,0.999471,-0.2371535,-0.8273244,0.99937856
0.9999847,0.16343467,0.99982065,0.7046758,0.99944776,-0.23843884,-0.82922363,0.999301
0.9999851,0.20909609,0.9108689,0.57553756,0.99976856,-0.1465915,0.99508566,0.99992234
0.999982,0.12606221,0.9998018,0.59699017,0.99960333,-0.16307387,-0.83559465,0.99933493
0.99998707,0.19571693,0.92160237,0.5247411,0.99982846,-0.111231685,0.9930784,0.99985605
0.9999849,0.21023493,0.9169022,0.57744646,0.99984676,-0.07475681,0.9949593,0.9994542
0.9999873,0.22850105,0.96833384,0.7111212,0.99981385,-0.19973604,0.98948693,0.999994
0.99998415,0.13023376,0.99982727,0.69930637,0.99940157,-0.2583131,-0.8313116,0.99925816
0.9999859,0.17787951,0.99981904,0.7599142,0.9994918,-0.25107706,-0.82462466,0.99947304
0.9999803,0.108653866,0.9998067,0.6301155,0.9995144,-0.22619446,-0.836678,0.9992476
0.99998355,0.1251655,0.9997927,0.68305403,0.9994084,-0.23341124,-0.834527,0.999428
0.99998885,0.20313026,0.9434022,0.65834594,0.99981326,-0.18419383,0.99309564,0.9999665
0.99998814,0.1901369,0.99985576,0.82792234,0.9993207,-0.3234082,-0.81414104,0.9993008
0.9999855,0.12669441,0.99979717,0.70788676,0.9994896,-0.28205666,-0.8310705,0.9991966
0.99998665,0.15241773,0.99981964,0.68285584,0.99946296,-0.20816545,-0.82701975,0.9993836
0.99999076,0.20754229,0.9327858,0.6799146,0.99982715,-0.2301876,0.9948174,0.9991838
0.999989,0.11846792,0.9997635,0.68457294,0.9994738,-0.2632442,-0.82859194,0.9994281
0.9999855,0.14914545,0.999809,0.68298984,0.999493,-0.1906273,-0.8274151,0.9993849
0.9999834,0.13096192,0.9998176,0.63774294,0.99951434,-0.16312933,-0.83078957,0.99932945
0.9999864,0.13832673,0.99981564,0.72524506,0.99952245,-0.2495564,-0.8317563,0.99929035
0.9999877,0.19371994,0.9106172,0.549486,0.9998491,-0.085712835,0.99541384,0.9994329
0.99998814,0.22023088,0.93753135,0.6875283,0.9998172,-0.17204253,0.9950893,0.99928665
0.999988,0.21631064,0.9282431,0.7250872,0.9998122,-0.14963906,0.99635816,0.9999595
0.9999899,0.15815903,0.9998153,0.7732252,0.9994733,-0.27075198,-0.81939936,0.9994048
0.9999855,0.1445527,0.99984396,0.80464536,0.9992074,-0.3544884,-0.82794714,0.99914104
0.9999865,0.2247767,0.950891,0.6814528,0.9998053,-0.21403733,0.9931458,0.99996495
0.99998534,0.16162619,0.99981326,0.73553157,0.9994228,-0.2530238,-0.825425,0.9994578
0.99998695,0.1543154,0.99981666,0.6271386,0.99951106,-0.17480421,-0.83002996,0.9992879
0.99998647,0.22040488,0.95305306,0.68448794,0.99980515,-0.16541713,0.9933285,0.99986434
0.9999884,0.20221479,0.91478467,0.5020062,0.99981564,-0.11887298,0.9938666,0.9993252
0.99998885,0.24809617,0.9677345,0.79738486,0.9998127,-0.2685033,0.99177563,0.9999841
0.99998707,0.21204887,0.93215346,0.62823707,0.999832,-0.12713805,0.9947659,0.9997392
0.99998826,0.21128485,0.959944,0.700886,0.99984527,-0.18044513,0.9919923,0.9999856
0.99998444,0.13189216,0.99982345,0.67473066,0.99948734,-0.24012206,-0.83812606,0.99917626
0.9999874,0.2066237,0.9364931,0.6429459,0.9997851,-0.20905946,0.99223346,0.9999522
0.99998534,0.14701012,0.9998243,0.7181649,0.99943143,-0.24551521,-0.8290998,0.99929535
0.99998593,0.15819883,0.99982196,0.7166071,0.99946904,-0.23360656,-0.82316554,0.9992757
0.99998754,0.22364879,0.9654843,0.75268567,0.9998174,-0.22553769,0.9910802,0.99937475
0.99998105,0.13177457,0.99982303,0.68100774,0.9994962,-0.24899988,-0.8339216,0.9992448
0.9999868,0.13367075,0.99980843,0.67773235,0.99948865,-0.24718048,-0.83204585,0.9992381
0.99998844,0.22116704,0.96315974,0.69569856,0.99985003,-0.20525317,0.99079597,0.99895054
0.9999853,0.14933546,0.99980843,0.7132726,0.9995846,-0.24450745,-0.82175875,0.9993279
0.9999845,0.14909713,0.9998019,0.61237526,0.99953157,-0.17407972,-0.8312475,0.9992981
0.9999823,0.14464922,0.99982566,0.7008631,0.9994976,-0.23318039,-0.8316988,0.99934477
0.9999887,0.21932787,0.94963604,0.6966206,0.9998048,-0.19276667,0.99350595,0.9993382
0.9999827,0.09797774,0.9997639,0.4959194,0.99957937,-0.14606515,-0.8376252,0.9993641
0.99998605,0.15641493,0.9998216,0.7411098,0.9993864,-0.26926598,-0.83109945,0.9993101
0.999989,0.23781596,0.9610274,0.7794561,0.99978745,-0.2246524,0.9938544,0.999491
0.9999818,0.11714134,0.9998175,0.68935525,0.9994164,-0.28104204,-0.83692515,0.9991701
0.9999862,0.15574253,0.9998179,0.74398756,0.99942654,-0.26342252,-0.8259921,0.999415
0.9999882,0.22028066,0.9586795,0.706882,0.99984586,-0.16092046,0.992679,0.99917954
0.99998665,0.21371335,0.94771194,0.6285695,0.9998533,-0.14132117,0.9926232,0.9998592
0.99998736,0.20474473,0.93623865,0.66093516,0.9998165,-0.1717438,0.9945218,0.99927765
0.9999873,0.17089298,0.99983317,0.81055385,0.99938196,-0.32205683,-0.81913966,0.99937993
0.9999897,0.23235306,0.9581321,0.8051297,0.9997721,-0.28701085,0.99411714,0.9992394
0.99998504,0.13671383,0.9997713,0.67014855,0.99948114,-0.24800617,-0.83366704,0.9993644
0.99998564,0.20027676,0.9051567,0.47527036,0.999815,-0.10749816,0.9943801,0.9993751
0.9999855,0.1812089,0.99982285,0.7886389,0.99945754,-0.293156,-0.8193478,0.99936324
0.99998754,0.21201226,0.9360294,0.5581615,0.9997801,-0.11644416,0.99248075,0.99996156
0.9999879,0.19954436,0.9182512,0.6053971,0.9998299,-0.13686424,0.99505913,0.999808
0.9999868,0.20187056,0.87428904,0.35489818,0.9998312,-0.01917426,0.9956126,0.9999899
0.99998873,0.20865245,0.9473082,0.61576855,0.9998516,-0.15944022,0.9922987,0.9993292
0.9999885,0.21426873,0.9501125,0.6846808,0.9998364,-0.1827631,0.9938227,0.99985707
0.9999853,0.13380925,0.9998032,0.7234608,0.9994204,-0.2641432,-0.8316876,0.9993518
0.99998754,0.17790574,0.999829,0.7494317,0.9995247,-0.2366675,-0.81764036,0.99936634
0.9999842,0.12576479,0.99976945,0.6202053,0.9995557,-0.22153008,-0.8327719,0.99936205
0.99998647,0.2030799,0.90616095,0.6111135,0.99979746,-0.12736124,0.99560803,0.999974
0.99998754,0.21793954,0.9459755,0.6132555,0.99984634,-0.12401304,0.99379915,0.9999295
0.9999845,0.14644454,0.999819,0.7077134,0.99948066,-0.23003806,-0.8307716,0.999393
0.9999858,0.14306888,0.99980545,0.64950097,0.9994407,-0.24644206,-0.8332859,0.9991822
0.99998647,0.22634003,0.9333957,0.73683006,0.99982715,-0.17270686,0.99591625,0.99934953
0.9999837,0.1477952,0.99980235,0.6373066,0.9994793,-0.20781945,-0.83063436,0.9993748
0.9999854,0.11971964,0.9997724,0.62364274,0.99949926,-0.24407265,-0.8315531,0.99922216
0.9999857,0.15102713,0.9997848,0.65399146,0.99950933,-0.19282447,-0.83388376,0.9993758
0.99998575,0.15322831,0.99983716,0.745036,0.99944186,-0.20444332,-0.8184192,0.9993852
0.9999853,0.22134797,0.93874323,0.6878153,0.99981344,-0.17016643,0.9954268,0.9999456
0.9999806,0.14814657,0.9998306,0.69779384,0.9993928,-0.24653383,-0.83838487,0.99920255
0.9999892,0.22452801,0.9533652,0.7827229,0.9998091,-0.24040522,0.994063,0.99984944
0.9999861,0.15208891,0.99983037,0.70929277,0.99949306,-0.23703606,-0.8298173,0.99917537
0.99998486,0.19656767,0.9002879,0.5667349,0.99984527,-0.09753895,0.99568284,0.9993999
0.9999887,0.20564006,0.9300657,0.6281487,0.999805,-0.20584415,0.99373525,0.9993073
0.99998677,0.21045458,0.88546354,0.5754717,0.9997846,-0.14098518,0.996131,0.9999337
0.99998534,0.20338972,0.939754,0.62492865,0.99983835,-0.16615169,0.9937327,0.99984807
0.99998677,0.15267666,0.9998218,0.76831245,0.99931145,-0.3104871,-0.82774335,0.99921274
0.9999861,0.24102089,0.95929193,0.78982526,0.9997406,-0.22961122,0.9941176,0.99998397
0.9999892,0.20302388,0.94306993,0.58037406,0.99983543,-0.1303399,0.9923125,0.99990886
0.9999853,0.2247587,0.95608604,0.7348787,0.9997959,-0.20838717,0.9930573,0.9992912
0.9999862,0.24405661,0.96034473,0.78131133,0.9997902,-0.23249608,0.9940835,0.9992985
0.99998224,0.14304489,0.9998348,0.74005175,0.9993945,-0.256588,-0.8300401,0.9993511
0.99998564,0.17700054,0.9998592,0.8255826,0.99940145,-0.33110186,-0.8150826,0.9991522
0.99998695,0.19749574,0.92901343,0.65860546,0.99977034,-0.1679057,0.99415886,0.9993353
0.9999875,0.14435573,0.9997715,0.6570523,0.9994688,-0.23040436,-0.8344731,0.9994114
0.9999886,0.20385271,0.91790366,0.55144167,0.9998039,-0.1559903,0.9926176,0.9993431
0.99998826,0.23152037,0.9521205,0.7631825,0.9997984,-0.20337829,0.9948911,0.9993835
0.99998826,0.20379989,0.9224734,0.6645076,0.9998281,-0.1481077,0.99541223,0.9999769
0.9999894,0.20423752,0.9497044,0.6294389,0.99984133,-0.15855017,0.9911484,0.9992289
0.9999865,0.20061505,0.9367387,0.63379055,0.9997784,-0.21491742,0.99195105,0.9993843
0.9999859,0.15102623,0.99981946,0.67991006,0.9995889,-0.2137078,-0.82690156,0.9991413
0.99998957,0.21148539,0.9339048,0.631161,0.9998664,-0.12962979,0.99437654,0.9993219
0.9999829,0.1486904,0.9997961,0.6666914,0.99947083,-0.25615558,-0.83652604,0.99933904
0.9999878,0.21172184,0.9228002,0.57378876,0.9998713,-0.07613889,0.99530613,0.9998605
0.9999879,0.22670808,0.9527771,0.75723475,0.9998342,-0.19764628,0.99526215,0.9991981
0.9999885,0.18669853,0.9351459,0.47844812,0.99987257,-0.118432865,0.99105406,0.99902725
0.999985,0.13517837,0.99981326,0.71812,0.999404,-0.2756111,-0.8305505,0.99923444
0.9999878,0.16753076,0.99983776,0.7722784,0.99941397,-0.25896415,-0.824928,0.99937433
0.9999881,0.20967534,0.9270077,0.6633644,0.99980015,-0.17593113,0.9950454,0.9993497
0.99998665,0.13746457,0.9998091,0.7244965,0.99942803,-0.22450274,-0.83104175,0.9994502
0.999986,0.19593804,0.9268473,0.48284942,0.9998418,-0.12460326,0.99363095,0.99986744
0.999987,0.16827829,0.999844,0.7821007,0.99942917,-0.25978887,-0.8175064,0.9992669
0.9999872,0.1990306,0.93056643,0.5248327,0.99981314,-0.11834855,0.9920594,0.99965584
0.99998695,0.21304661,0.9359706,0.60858953,0.99983954,-0.13941905,0.9938512,0.999309
0.99998915,0.19979922,0.94884145,0.5396035,0.99980974,-0.13578928,0.99001104,0.9998048
0.99998033,0.13273576,0.9997953,0.667147,0.9994433,-0.23745254,-0.83849657,0.99928886
0.9999837,0.22450522,0.9200423,0.6646405,0.99983555,-0.1479318,0.99606603,0.99985075
0.99998754,0.12243732,0.99976826,0.6357953,0.99954396,-0.25746566,-0.8339231,0.9992604
0.9999868,0.15082689,0.9998167,0.73123443,0.99945027,-0.26503712,-0.82365423,0.99926704
0.9999841,0.12510379,0.99978805,0.62015927,0.99961257,-0.1696398,-0.82744944,0.9994782
0.9999886,0.24354471,0.95016074,0.78847235,0.9997993,-0.20053256,0.9954556,0.9999999
0.99998194,0.21405512,0.91753936,0.6198505,0.9997923,-0.10491085,0.9961601,0.99945605
0.9999845,0.20067969,0.8892148,0.4055642,0.99982744,-0.042132314,0.9954768,0.9994563
0.9999883,0.2176448,0.90413445,0.55401206,0.9998372,-0.076597765,0.9954731,0.99985343
0.9999898,0.16107015,0.9998096,0.7951995,0.999362,-0.31045273,-0.81995255,0.99943745
0.9999887,0.17512384,0.9998038,0.78438556,0.9993794,-0.30241406,-0.82264256,0.99946636
0.99998075,0.12551594,0.9997974,0.6036053,0.9994983,-0.15509412,-0.8383697,0.9993549
0.99998695,0.21978855,0.95853394,0.6724297,0.99983394,-0.18042016,0.9915324,0.9993355
0.9999867,0.23117577,0.923902,0.67918205,0.9997995,-0.14574277,0.9956585,0.9992022
0.99998647,0.21193446,0.942624,0.7052548,0.999815,-0.18013386,0.9948837,0.9994625
0.999987,0.13259593,0.9998121,0.6862211,0.9994768,-0.2147802,-0.82773554,0.9992776
0.99999034,0.23525184,0.96816677,0.8092963,0.99982464,-0.24736413,0.9921316,0.99983466
0.9999866,0.17326716,0.9998207,0.69666696,0.9993373,-0.18430549,-0.8307464,0.99948245
0.9999883,0.20461,0.92699605,0.58884585,0.9998343,-0.13219523,0.9936514,0.99997795
0.9999854,0.14518458,0.9998167,0.7036961,0.9995208,-0.20331846,-0.8296976,0.9994887
0.99998695,0.22583964,0.9538174,0.7384447,0.99982566,-0.18609248,0.99393076,0.9992644
0.99998635,0.21460699,0.9512516,0.6616151,0.9998503,-0.1623249,0.9930807,0.9993343
0.99998724,0.14275864,0.9998039,0.7056799,0.9995325,-0.20643136,-0.82733685,0.9993874
0.9999865,0.21619874,0.902032,0.56035197,0.99982023,-0.13295287,0.9952739,0.9991139
0.9999841,0.1716933,0.99983966,0.707773,0.999529,-0.19337453,-0.83018595,0.99931836
0.9999883,0.19721663,0.9105783,0.6220366,0.99980307,-0.17253691,0.9953469,0.9993576
0.99997973,0.121503,0.9998089,0.5888504,0.9995569,-0.17365442,-0.83914024,0.99922305
0.9999864,0.20218544,0.92292464,0.6498096,0.9997842,-0.18086374,0.9953919,0.9998954
0.9999852,0.10617777,0.99977213,0.61176115,0.99961174,-0.22231059,-0.8274524,0.999331
0.9999903,0.22514078,0.9438727,0.7281829,0.9998421,-0.18808448,0.994385,0.99917537
0.9999859,0.12548414,0.9997774,0.60378176,0.9995722,-0.18149492,-0.83389854,0.9993613
0.99999017,0.23647618,0.9729621,0.7605327,0.99978155,-0.30099598,0.988223,0.9998643
0.99998564,0.22039346,0.93862426,0.6961665,0.9998194,-0.14548619,0.99540573,0.9991129
0.9999872,0.15848325,0.99981165,0.7541673,0.9994529,-0.31040445,-0.8276248,0.9993145
0.9999838,0.14028211,0.9998227,0.67657065,0.99956954,-0.19932467,-0.83441913,0.9992025
0.9999843,0.21639381,0.89694923,0.6755894,0.9997754,-0.1618489,0.99644166,0.99919003
0.99999046,0.20840636,0.9583733,0.7267524,0.99981254,-0.23975065,0.9918324,0.9999701
0.99998254,0.1585135,0.99982876,0.71026564,0.9995004,-0.24434216,-0.8355787,0.9992125
0.99998707,0.22579554,0.9119148,0.63615,0.99982923,-0.104408905,0.9963288,0.9994248
0.9999883,0.22371113,0.9389507,0.6999222,0.9998522,-0.16003808,0.99530184,0.99931026
0.999986,0.15014687,0.99979496,0.71512455,0.9994305,-0.26471177,-0.8286239,0.9993363
0.99998903,0.20732836,0.9260934,0.53829366,0.9997947,-0.12104216,0.9932368,0.9999262
0.9999902,0.22947742,0.9661856,0.7902337,0.9997755,-0.2700891,0.9916737,0.9993303
0.99999034,0.20991643,0.9633281,0.73457813,0.99984986,-0.19967143,0.9915178,0.99993145
0.99998665,0.13852267,0.9997909,0.7103619,0.9994374,-0.24501894,-0.82710296,0.99947536
0.9999869,0.14952302,0.9998382,0.7813673,0.99944556,-0.26108813,-0.8200511,0.9994414
0.99998456,0.21504594,0.92972136,0.70507294,0.9997681,-0.16682345,0.99627936,0.9999994
0.99998456,0.14267433,0.99983925,0.7250327,0.9994285,-0.2443376,-0.8296429,0.9992458
0.99998933,0.21173804,0.8976496,0.66371095,0.9998195,-0.15305552,0.9968177,0.9999912
0.9999808,0.11610772,0.9998061,0.57660675,0.9995922,-0.1706,-0.83712274,0.99923193
0.9999885,0.21290433,0.94651324,0.69831705,0.99980485,-0.17933726,0.99347013,0.99936074
0.99998873,0.21879975,0.9498517,0.72818065,0.99979657,-0.19409887,0.9938731,0.99918056
0.99998695,0.14528686,0.999803,0.6455378,0.99954224,-0.19132976,-0.83092755,0.99936175
0.9999859,0.15330337,0.9998164,0.6959195,0.9995033,-0.20378937,-0.8290428,0.9993666
0.999986,0.116557226,0.9997491,0.5688002,0.9995666,-0.21437618,-0.8352262,0.999251
0.99998844,0.20641997,0.91871566,0.591838,0.9998482,-0.14464323,0.99431616,0.9998579
0.9999862,0.18999258,0.99984604,0.7942625,0.99931,-0.28668696,-0.82152194,0.9992926
0.9999891,0.22363296,0.9655494,0.7708987,0.99982345,-0.28491122,0.99150693,0.9998648
0.99998593,0.13886943,0.99981356,0.6595243,0.9995403,-0.184593,-0.8301543,0.9993145
0.99998766,0.21211395,0.9262893,0.6692171,0.9998075,-0.14200355,0.99575233,0.9998375
0.9999847,0.1975941,0.88370657,0.4998437,0.99981964,-0.06645345,0.9962713,0.9992961
0.9999884,0.21044014,0.9564409,0.64111495,0.99984294,-0.1438104,0.99088573,0.99983126
0.9999875,0.23755361,0.96506715,0.75273985,0.999845,-0.19904076,0.99330866,0.99943197
0.99998933,0.20810813,0.9287244,0.67156553,0.9998511,-0.16355832,0.99460155,0.9997271
0.99998504,0.16957591,0.9998378,0.7802719,0.9993981,-0.33365393,-0.82724035,0.9990514
0.9999858,0.13821726,0.9998098,0.755237,0.9994703,-0.2805066,-0.82622015,0.9994623
0.99998254,0.11947602,0.99979424,0.57340395,0.9995204,-0.18550964,-0.8392047,0.9991582
0.99998516,0.16023484,0.99980927,0.65445954,0.99953735,-0.20258853,-0.82987833,0.99934655
0.9999875,0.21121489,0.94592977,0.64182395,0.99980384,-0.19522896,0.992877,0.99985003
0.999987,0.15428549,0.9997985,0.6651361,0.99946374,-0.2187885,-0.83397824,0.99925
0.9999772,0.15194239,0.9998242,0.6415174,0.99948066,-0.15509705,-0.83384275,0.9993887
0.9999874,0.21253842,0.95036954,0.72093904,0.9998265,-0.18644184,0.99394304,0.9993168
0.9999901,0.20808102,0.94721746,0.6770224,0.9998028,-0.21093865,0.9923509,0.9994016
0.99998707,0.22594039,0.95139503,0.7025879,0.99983704,-0.12224872,0.99467427,0.99998367
0.999985,0.22604354,0.9094621,0.7087986,0.9997998,-0.17506656,0.9964324,0.9993418
0.99998635,0.13626434,0.9998097,0.73573947,0.9993579,-0.29271674,-0.82868034,0.9991464
0.9999877,0.22810082,0.9190086,0.67478,0.9997741,-0.17678322,0.9957789,0.9999996
0.99998236,0.14938214,0.9998329,0.7093601,0.999471,-0.24664375,-0.8308291,0.9992529
0.99998903,0.20111124,0.8895894,0.47361222,0.9998324,-0.086197495,0.99479216,0.99985814
0.9999853,0.231246,0.9598148,0.7360704,0.9998125,-0.15304022,0.9942907,0.99992025
0.99998504,0.13680184,0.99978065,0.6138514,0.9994972,-0.14160107,-0.83248115,0.999468
0.9999863,0.13553073,0.99982285,0.6721165,0.9995307,-0.21461424,-0.8277219,0.9992445
0.9999844,0.21282724,0.9105493,0.5665369,0.9998399,-0.06986171,0.9958035,0.9997365
0.9999853,0.2048183,0.8877974,0.4859735,0.99984914,-0.026720086,0.99610144,0.99998933
0.9999844,0.14531966,0.9998055,0.70331746,0.99947953,-0.23703097,-0.8323647,0.9993945
0.9999868,0.114057414,0.99972355,0.5319751,0.9995652,-0.1864117,-0.8375498,0.9992867
0.9999837,0.14553873,0.99981534,0.71599674,0.9993959,-0.2663822,-0.834425,0.9992526
0.9999852,0.1602547,0.99984366,0.73942566,0.99934196,-0.2514416,-0.8265767,0.9991429
0.99999005,0.20257452,0.94290674,0.6736798,0.99985754,-0.19995014,0.99385035,0.99998623
0.99998623,0.20260744,0.9217228,0.55474806,0.9998312,-0.10111972,0.9948701,0.99934393
0.99998915,0.2248555,0.944325,0.64832807,0.9998351,-0.12220297,0.99445665,0.99993235
0.9999882,0.23292577,0.9630276,0.6818191,0.9998428,-0.17421985,0.99049205,0.99924845
0.99998385,0.13423848,0.9998085,0.64677846,0.9994834,-0.22529356,-0.84247243,0.99915165
0.9999853,0.16502355,0.99983245,0.77959156,0.9991576,-0.2898372,-0.82710487,0.99941117
0.9999872,0.20396937,0.95331126,0.6110712,0.99984777,-0.16129303,0.99032295,0.9992911
0.99998456,0.10445555,0.999801,0.61954165,0.9995382,-0.2061573,-0.8329114,0.9992708
0.99998647,0.21456033,0.93340343,0.56987226,0.9998162,-0.14137508,0.9934801,0.999968
0.99998736,0.15251274,0.9997905,0.64208126,0.99952865,-0.2215315,-0.83361816,0.9992223
0.9999898,0.20794517,0.9452549,0.6994264,0.99980175,-0.20831604,0.99329096,0.99926645
0.99998504,0.10450702,0.99978083,0.6140954,0.9995447,-0.18579161,-0.82845336,0.99937326
0.9999917,0.22260284,0.9704075,0.79901725,0.9998347,-0.25144807,0.99165446,0.99924725
0.9999861,0.1463744,0.99982274,0.7222186,0.99940723,-0.27356255,-0.8308105,0.99905264
0.99998486,0.11458479,0.9997997,0.6543551,0.9995025,-0.22066532,-0.83917415,0.99916613
0.9999897,0.21108656,0.9673993,0.7097403,0.9997955,-0.25430867,0.9857433,0.99996823
0.9999818,0.12170527,0.9997842,0.5532329,0.9994659,-0.1708692,-0.84260964,0.9992715
0.99998325,0.12596144,0.9997793,0.6028036,0.99952024,-0.18234399,-0.83658594,0.99941677
0.9999916,0.24260098,0.9752388,0.768307,0.9997857,-0.23966639,0.9884583,0.99941826
0.9999876,0.22600074,0.9437485,0.6855332,0.99984723,-0.19333921,0.9944207,0.99995744
0.9999857,0.162019,0.99982876,0.76208514,0.999389,-0.25195587,-0.8251646,0.99942327
0.99998647,0.2086506,0.9536003,0.7107876,0.999815,-0.17023481,0.99343854,0.9999649
0.9999855,0.15500185,0.9998312,0.7140007,0.9994932,-0.19122988,-0.82707477,0.9994428
0.9999836,0.12912178,0.99981254,0.7105274,0.99948364,-0.23167057,-0.82939875,0.9994661
0.99998087,0.1126329,0.9997747,0.575652,0.9995328,-0.20952952,-0.836996,0.999234
0.99998534,0.20509055,0.90701455,0.5241254,0.9998397,-0.113995455,0.9954176,0.99986583
0.9999867,0.1291513,0.9997854,0.66762835,0.9995612,-0.21134098,-0.8271619,0.9994082
0.99998826,0.21930408,0.9605649,0.6810491,0.99987006,-0.14304678,0.9924795,0.9999568
0.9999831,0.1452461,0.99977815,0.6328697,0.999483,-0.20518431,-0.8336857,0.99928004
0.99998516,0.13713141,0.99980813,0.74354196,0.9993179,-0.30061656,-0.8291986,0.99935186
0.9999875,0.22103387,0.9305144,0.7008431,0.99978304,-0.1999575,0.99462026,0.9992669
0.9999847,0.13739546,0.99981934,0.76312643,0.9994329,-0.28470367,-0.82620734,0.9993796
0.9999902,0.2067133,0.9621042,0.58086705,0.9998525,-0.15507928,0.9880016,0.99915856
0.9999807,0.10832151,0.9997706,0.5293028,0.9995291,-0.18073885,-0.8448996,0.9991372
0.9999874,0.14736898,0.999825,0.7215705,0.9994616,-0.2160017,-0.8301207,0.9992834
0.99999005,0.22077954,0.94242483,0.7414904,0.9997985,-0.2155128,0.9943668,0.9999958
0.9999834,0.14315033,0.9998317,0.70433784,0.9994939,-0.22084883,-0.82935894,0.99935746
0.9999862,0.19893743,0.9111521,0.59839225,0.9997935,-0.14906581,0.99499583,0.9998216
0.99998516,0.15536523,0.99981976,0.6508437,0.99946856,-0.18702424,-0.83506143,0.99920845
0.9999864,0.1585232,0.9998102,0.74732316,0.9993704,-0.27971002,-0.83170116,0.99927247
0.9999865,0.21557608,0.9440374,0.6746506,0.9998357,-0.12047188,0.99489516,0.9994118
0.99998754,0.1740716,0.9998236,0.7519882,0.99952096,-0.2391,-0.82174456,0.99942327
0.99998087,0.15909289,0.99982965,0.76457113,0.9993297,-0.2968136,-0.82503754,0.99931884
0.99999124,0.21515031,0.9546492,0.61479527,0.99976474,-0.17391154,0.9906367,0.99998474
0.9999864,0.22191799,0.9586304,0.67383176,0.99979335,-0.19841275,0.9902503,0.9999996
0.99998826,0.2223609,0.9652109,0.7755976,0.999826,-0.24763714,0.99085265,0.9991007
0.9999855,0.14856678,0.999825,0.7336713,0.9994357,-0.2745934,-0.83013964,0.9991859
0.9999852,0.16226467,0.9998359,0.7682445,0.99941206,-0.24492972,-0.8237835,0.99947083
0.9999885,0.16209282,0.999838,0.74583894,0.99944293,-0.26084867,-0.829856,0.9992514
0.99998903,0.2067155,0.90718096,0.6875327,0.9998072,-0.16347156,0.99647945,0.99931526
0.99998415,0.12610686,0.99979573,0.60154843,0.9995745,-0.18975064,-0.8348604,0.9992204
0.99998546,0.14782767,0.999804,0.698829,0.99945784,-0.22366248,-0.8290066,0.9994773
0.9999855,0.167269,0.9998236,0.7029749,0.99953085,-0.22754633,-0.82887363,0.99927133
0.99998665,0.21759853,0.957704,0.69805145,0.99982387,-0.19197707,0.9909929,0.9999415
0.9999878,0.22350106,0.9579771,0.75205326,0.99982333,-0.2084274,0.9933293,0.9992295
0.99998534,0.16685969,0.99979883,0.7254691,0.99939656,-0.265006,-0.82864434,0.99931043
0.9999898,0.22068459,0.96245205,0.69244975,0.9997828,-0.23576522,0.98973405,0.9991965
0.9999887,0.23206468,0.9510633,0.7528813,0.99981946,-0.1708623,0.99461734,0.9994222
0.99998957,0.19480513,0.94169605,0.57907414,0.9998492,-0.14212433,0.9916085,0.99925256
0.9999855,0.11030144,0.9997789,0.6417396,0.9995638,-0.24145594,-0.8313195,0.99928313
0.99999064,0.19715649,0.9371435,0.5493134,0.9998576,-0.106248386,0.9926833,0.99938655
0.99998534,0.14056009,0.99982196,0.71415037,0.9994769,-0.25740096,-0.8325616,0.99913126
0.99998736,0.2064464,0.930635,0.6054628,0.99984217,-0.15781783,0.99455225,0.9992926
0.9999891,0.22871278,0.9495852,0.7240088,0.9997882,-0.22205447,0.9927971,0.99986273
0.99998766,0.17212053,0.9998366,0.80267084,0.99943346,-0.3186384,-0.8187925,0.9992486
0.99998933,0.23003376,0.9568698,0.7679125,0.9998524,-0.19102928,0.9943223,0.99934375
0.99998415,0.14441216,0.9998148,0.67750794,0.99945307,-0.21299854,-0.8290063,0.9993617
0.99998945,0.19068219,0.95096666,0.63294375,0.9998127,-0.22489333,0.99074143,0.9998636
0.99998057,0.114111654,0.99977845,0.6238973,0.99955857,-0.22247489,-0.82944626,0.99929506
0.999983,0.16665684,0.9998447,0.7333809,0.99954623,-0.19843619,-0.82207716,0.99946624
0.99998665,0.25039616,0.9669733,0.75489014,0.99983335,-0.20253442,0.9933311,0.99943215
0.9999886,0.19662511,0.99985033,0.81985945,0.999309,-0.28657874,-0.8140916,0.9995164
0.9999893,0.22070603,0.95487505,0.69877726,0.999811,-0.16473621,0.9935028,0.9999839
0.99998885,0.12287029,0.9997922,0.66559696,0.99954844,-0.22175346,-0.83229697,0.9993091
0.99998057,0.10636293,0.9997934,0.6071334,0.99947834,-0.21821825,-0.8376635,0.99927473
0.9999862,0.13525836,0.99978626,0.70065904,0.9994442,-0.27046543,-0.83241385,0.99925506
0.9999876,0.19364455,0.92357975,0.52490914,0.9997984,-0.1458029,0.992011,0.9992989
0.9999863,0.15801813,0.99983114,0.76493055,0.9994042,-0.24690731,-0.819673,0.9993905
0.9999856,0.20823772,0.92537075,0.6030063,0.9998471,-0.09064995,0.9945043,0.99981505
0.9999851,0.1593643,0.99984676,0.7845991,0.99933004,-0.28277686,-0.82074106,0.9993653
0.9999902,0.21862487,0.9537139,0.6967547,0.9998573,-0.1668792,0.9932198,0.9998812
0.9999884,0.21897824,0.9210732,0.6716852,0.99980277,-0.1468358,0.9961308,0.999286
0.99998444,0.11457573,0.99980366,0.6511246,0.9994161,-0.22515285,-0.84073985,0.9992399
0.99998224,0.12941441,0.9997704,0.56282496,0.9995901,-0.17281283,-0.8364627,0.99916804
0.9999885,0.20051229,0.9237868,0.638011,0.99979085,-0.19640218,0.99390113,0.99929965
0.99998695,0.14985092,0.9998052,0.6733579,0.99953693,-0.16308123,-0.82418174,0.99950755
0.9999895,0.21432358,0.9280185,0.6207231,0.9998364,-0.14911097,0.9948025,0.99993354
0.99998295,0.13794862,0.99979347,0.6103076,0.9994532,-0.16343948,-0.836913,0.9993774
0.9999882,0.2164569,0.94876605,0.7043843,0.999842,-0.19366084,0.9934974,0.9999612
0.99999267,0.21708354,0.96574324,0.80342615,0.9997798,-0.27142465,0.9900816,0.99987483
0.99998236,0.09370231,0.99975735,0.4825189,0.99953526,-0.12762964,-0.83941746,0.9993194
0.99998796,0.21460201,0.9485595,0.72457206,0.9997628,-0.20011316,0.99451417,0.9998355
0.9999826,0.13726377,0.9998013,0.63132864,0.9994473,-0.21315244,-0.8400056,0.99918544
0.9999866,0.19750397,0.89720106,0.5266304,0.9998016,-0.070069924,0.9950956,0.9999731
0.9999866,0.13390487,0.9997931,0.535505,0.99955374,-0.12329555,-0.8364719,0.99924046
0.9999862,0.18119359,0.9998473,0.78903174,0.99930847,-0.2889602,-0.8205799,0.9993107
0.99998826,0.2053848,0.9239315,0.6665203,0.99982864,-0.16814448,0.9951272,0.99999934
0.99998915,0.22176412,0.9806699,0.7377656,0.9998349,-0.27289882,0.983681,0.99943024
0.99999005,0.21558972,0.9533061,0.7329426,0.9998551,-0.19336474,0.9929348,0.99939793
0.99998444,0.14827907,0.9998267,0.74725187,0.9994344,-0.28944784,-0.828702,0.9992398
0.9999891,0.2251805,0.9665589,0.70325094,0.9998265,-0.21040773,0.98950034,0.9995037
0.9999876,0.21761882,0.92762387,0.6574702,0.99980265,-0.13921382,0.99572283,0.99986047
0.9999877,0.21124025,0.9568095,0.7043913,0.9998189,-0.17752798,0.99255675,0.9999998
0.9999868,0.15071495,0.999805,0.6626483,0.99954146,-0.19728284,-0.8342678,0.9993893
0.99998504,0.19594738,0.9051219,0.6453706,0.99983245,-0.14697067,0.99637353,0.9992896
0.9999874,0.23807788,0.9680305,0.783686,0.99975604,-0.24331897,0.9915554,0.99997514
0.99998415,0.11250393,0.9997899,0.6361878,0.99946004,-0.25343683,-0.83562493,0.9990992
0.99998474,0.16366604,0.99982923,0.725598,0.99944514,-0.26164034,-0.82838356,0.9992426
0.99998784,0.2375218,0.95644486,0.7562014,0.9998212,-0.22561796,0.9943962,0.9992993
0.9999874,0.2029015,0.96601105,0.67356217,0.99982846,-0.20471485,0.98837835,0.9998443
0.9999867,0.21599,0.9757501,0.7435015,0.99985933,-0.24461812,0.9850659,0.99985087
0.99998385,0.13020599,0.9998217,0.7535454,0.9994474,-0.28482136,-0.820073,0.999436
0.99998915,0.19136024,0.92551094,0.5391253,0.9998289,-0.14492002,0.9935172,0.9999221
0.9999859,0.15027533,0.9998261,0.7512573,0.9994743,-0.27982178,-0.82863444,0.9991657
0.9999835,0.1730819,0.9998485,0.7260232,0.9994724,-0.2119832,-0.8257279,0.99937505
0.9999886,0.23051006,0.93931276,0.76776713,0.9998137,-0.17996007,0.99584943,0.9999797
0.9999854,0.14294773,0.99981236,0.6629761,0.99942815,-0.23894793,-0.83285725,0.99920005
0.99998623,0.16158558,0.99980605,0.6582349,0.9994948,-0.20043945,-0.8281768,0.9993667
0.9999906,0.21862273,0.9664705,0.7747425,0.99981177,-0.27144617,0.990761,0.9992609
0.9999833,0.110412896,0.9997664,0.6372393,0.9995461,-0.25195602,-0.83115757,0.9992911
0.9999788,0.18994638,0.9998743,0.8230001,0.99928874,-0.2716772,-0.81585014,0.99942064
0.9999839,0.1386224,0.9998005,0.67471695,0.99943507,-0.2637622,-0.834074,0.9992619
0.99998564,0.13878486,0.9997855,0.72379184,0.9993375,-0.30194432,-0.83506274,0.9991546
0.9999869,0.15007244,0.99980754,0.69815123,0.99946356,-0.2388145,-0.82719696,0.99936783
0.99998164,0.12345583,0.99979955,0.7658628,0.9993801,-0.3463699,-0.8209883,0.9992213
0.99998647,0.22753923,0.96169597,0.6879945,0.9998115,-0.17525737,0.9914523,0.99933255
0.999984,0.14198986,0.99983716,0.7769771,0.9993826,-0.2829107,-0.82604146,0.99940205
0.9999852,0.1362774,0.9998185,0.7692772,0.9994747,-0.30136976,-0.8205262,0.9994381
0.99998623,0.16684137,0.9998224,0.6980201,0.99949694,-0.23626246,-0.8323957,0.99925566
0.9999869,0.15450321,0.99981683,0.7109448,0.99943995,-0.24911611,-0.83174074,0.999283
0.9999857,0.22470757,0.9418406,0.7354542,0.9998045,-0.17140873,0.995298,0.9991905
0.9999902,0.23557983,0.9747967,0.7435024,0.9997597,-0.2609539,0.98803455,0.9990839
0.999988,0.20733643,0.9343302,0.6209851,0.9997756,-0.1671929,0.99314237,0.9992022
0.99998426,0.15574549,0.9998311,0.71106124,0.999507,-0.22762011,-0.8284493,0.999258
0.9999815,0.11811016,0.9997989,0.55817413,0.9995814,-0.13685161,-0.8407843,0.99935836
0.9999855,0.17215401,0.9998432,0.7837167,0.9993264,-0.28501502,-0.8266052,0.99926275
0.9999862,0.22043385,0.93529654,0.6421331,0.99978447,-0.16294491,0.993886,0.9999557
0.99998844,0.18078323,0.99984646,0.8415577,0.9991733,-0.34821793,-0.8124933,0.9993131
0.9999864,0.20829073,0.94150674,0.52030253,0.9998249,-0.119100556,0.9919076,0.9998458
0.9999808,0.14623363,0.99981695,0.65457046,0.9995249,-0.1927519,-0.8364135,0.9992428
0.99998844,0.18010743,0.99983877,0.77693874,0.9994456,-0.24429965,-0.82254666,0.999442
0.9999865,0.22351323,0.92174745,0.7112609,0.99980694,-0.16461925,0.9962711,0.9999264
0.9999889,0.22064157,0.9529494,0.7017616,0.9997856,-0.25224763,0.992177,0.99997663
0.99998444,0.14048396,0.99980336,0.7113253,0.99945956,-0.22174846,-0.82744133,0.9994471
0.9999904,0.1933408,0.96329844,0.42063916,0.9998731,-0.078081794,0.9832637,0.999136
0.99998903,0.23483884,0.9371218,0.7246615,0.9998152,-0.19455983,0.99579805,0.9999095
0.9999853,0.21614264,0.9441405,0.589128,0.99983025,-0.13142087,0.9924949,0.9999859
0.9999889,0.20615499,0.9594295,0.70038766,0.9997993,-0.2250728,0.98967683,0.9999719
0.99998593,0.21086603,0.92184705,0.67596084,0.9997959,-0.14953889,0.9952136,0.99931484
0.9999846,0.14452034,0.9998142,0.69906884,0.9994295,-0.27990705,-0.83581203,0.99906313
0.9999848,0.13891573,0.99982625,0.6474289,0.99946773,-0.18582357,-0.8339019,0.9992501
0.9999826,0.124657124,0.999802,0.67759013,0.99950725,-0.25000462,-0.8362794,0.9991515
0.99998826,0.1478255,0.9998204,0.7227841,0.9995073,-0.20267904,-0.8204045,0.99941933
0.99998397,0.14323507,0.9998124,0.64557767,0.99956447,-0.20844938,-0.8311217,0.9991393
0.99998665,0.1589988,0.99979556,0.67398787,0.99950993,-0.23747444,-0.82630736,0.99932986
0.9999903,0.21916078,0.942104,0.6932389,0.9998532,-0.16468428,0.9938614,0.99998343
0.9999847,0.20426758,0.92269546,0.62682354,0.99980545,-0.14212479,0.99515426,0.99997616
0.9999908,0.25626948,0.9800536,0.824084,0.9997855,-0.29084963,0.98763216,0.9991867
0.99998236,0.12232776,0.9997992,0.6183833,0.9995458,-0.1773946,-0.83254147,0.9993432
0.9999879,0.1718009,0.9998359,0.78497094,0.99940354,-0.25839794,-0.8209325,0.99942106
0.9999814,0.14197175,0.99982923,0.74394953,0.999396,-0.28016844,-0.82923424,0.9992393
0.9999877,0.20356944,0.9413928,0.6466928,0.99982566,-0.1823327,0.9932445,0.9992395
0.99998754,0.2076275,0.9254828,0.58802295,0.999815,-0.12589882,0.99388474,0.99996394
0.9999852,0.14672972,0.999845,0.7340256,0.99945194,-0.2608144,-0.8283365,0.99911684
0.9999871,0.21084177,0.9439743,0.6898675,0.99980754,-0.19546127,0.99299717,0.99978817
0.999988,0.22687063,0.9463239,0.7220618,0.9997865,-0.1836765,0.99385375,0.9999716
0.99998605,0.122220434,0.9997807,0.6261952,0.9994697,-0.1965809,-0.83402354,0.99936056
0.9999903,0.2266573,0.95994806,0.7808717,0.99977314,-0.2845897,0.99246335,0.9998218
0.9999856,0.13854349,0.999803,0.70855707,0.99948937,-0.26569754,-0.83234006,0.9991751
0.9999888,0.204958,0.9030911,0.5662174,0.9998108,-0.13313736,0.9958814,0.999854
0.99998564,0.17234682,0.9998253,0.73935467,0.99933296,-0.2556267,-0.82967955,0.9993446
0.9999876,0.2101697,0.951096,0.7832279,0.9997741,-0.24006101,0.99410534,0.9999643
0.99998724,0.14827357,0.9997932,0.7172402,0.99947673,-0.23096322,-0.825025,0.999482
0.999985,0.1781338,0.9998294,0.8052304,0.99934584,-0.29990512,-0.8191705,0.99944514
0.9999867,0.22065635,0.9572446,0.66061103,0.9998226,-0.17656532,0.99032086,0.9997174
0.99998665,0.14397936,0.9997827,0.67357314,0.9994171,-0.20291342,-0.8324238,0.9994079
0.99998415,0.21739145,0.9101089,0.65436137,0.9997904,-0.11295617,0.99693644,0.99982965
0.9999838,0.15617244,0.99980223,0.7035663,0.9994952,-0.25936723,-0.8296153,0.9992314
0.99998605,0.15724532,0.9998043,0.73134387,0.9993678,-0.2621653,-0.83204,0.9994023
0.99998116,0.14012279,0.99978113,0.5935843,0.9995245,-0.18389288,-0.8368117,0.99933535
0.9999862,0.13968866,0.9997815,0.57591194,0.9995777,-0.18349937,-0.8371844,0.99919033
0.99998647,0.21126688,0.9347899,0.6032198,0.9998358,-0.113036975,0.99458164,0.99922544
0.99998766,0.21743707,0.9712839,0.72122705,0.99988145,-0.21044193,0.9900507,0.9993171
0.9999816,0.16342016,0.9998354,0.69657266,0.9994941,-0.16268787,-0.8315775,0.9994596
0.99998105,0.1431247,0.9998326,0.6900096,0.99936575,-0.22363922,-0.8349307,0.9992264
0.99998933,0.20791669,0.91979027,0.66236514,0.9997954,-0.211945,0.99520093,0.9993501
0.99998266,0.109843865,0.99978435,0.647794,0.9995252,-0.24429335,-0.8286176,0.9993302
0.99998647,0.20345037,0.921207,0.6108095,0.9998069,-0.122629195,0.9951714,0.99996996
0.9999833,0.17108534,0.9998516,0.7844222,0.99928284,-0.29066932,-0.82553434,0.9992579
0.99998724,0.16881087,0.99982566,0.7288939,0.99939346,-0.26054278,-0.8306482,0.9992713
0.9999902,0.2039679,0.91257596,0.5978795,0.9998261,-0.15530038,0.99501926,0.99917406
0.99998623,0.23846678,0.9469372,0.777666,0.9997838,-0.19212598,0.9956371,0.9993286
0.99998724,0.17602178,0.9998412,0.79645944,0.9993167,-0.30134675,-0.8213141,0.9993894
0.999987,0.2069265,0.94158286,0.6648002,0.9998036,-0.21318379,0.9937518,0.9992795
0.99999005,0.2106908,0.95418596,0.7189263,0.99981993,-0.20114557,0.9919752,0.9999987
0.99998826,0.1658302,0.99983275,0.75082666,0.9994213,-0.23507856,-0.8226974,0.9992823
0.99998313,0.1570672,0.9998336,0.7421466,0.9993643,-0.26982364,-0.83419806,0.999238
0.99998635,0.2041462,0.9357249,0.61368346,0.99981636,-0.1602416,0.993507,0.99942034
0.99998766,0.20106766,0.9317103,0.5511193,0.999867,-0.12368208,0.99347013,0.99996245
0.999984,0.15257192,0.99983716,0.7394296,0.9994972,-0.252643,-0.8242239,0.9992619
0.99998146,0.106108434,0.9997734,0.5798279,0.99953187,-0.22952831,-0.8400775,0.99915826
0.9999912,0.22690517,0.9626704,0.73285013,0.9998207,-0.2347336,0.99201447,0.9999672
0.99998623,0.1254174,0.9997763,0.5292758,0.9995688,-0.13617404,-0.8356508,0.99930173
0.99999017,0.20887831,0.95487624,0.6897533,0.99979824,-0.22621597,0.9917089,0.9993994
0.9999873,0.13952057,0.99980325,0.66707695,0.9995174,-0.2104613,-0.83097386,0.9993245
0.99999094,0.20818512,0.9413831,0.541033,0.99984443,-0.121536165,0.99112684,0.9993292
0.99998635,0.17681485,0.99981904,0.70686275,0.99947894,-0.24685116,-0.82701486,0.9992788
0.9999886,0.21525705,0.9400755,0.71475255,0.9998133,-0.20909812,0.99510103,0.9998734
0.99998134,0.15279375,0.9998055,0.67489135,0.99950796,-0.19722618,-0.8349527,0.9993649
0.9999867,0.22462828,0.9286954,0.74495566,0.9997418,-0.18460704,0.996944,0.999412
0.99998707,0.20344493,0.9439437,0.6623013,0.999813,-0.2368325,0.99320954,0.9999995
0.99998736,0.24067941,0.94684434,0.7823923,0.99981505,-0.23023371,0.9958383,0.99935836
0.9999858,0.19910884,0.92882264,0.49442965,0.9998545,-0.11964507,0.9920491,0.9999591
0.9999886,0.21772312,0.92919797,0.67853177,0.99979943,-0.16147798,0.9951575,0.9998647
0.99998844,0.15773104,0.9998139,0.78966886,0.99937403,-0.33382332,-0.8261264,0.99919
0.9999868,0.20876308,0.93179965,0.6569624,0.999814,-0.16525176,0.9944698,0.99934715
0.99998486,0.16875361,0.9998237,0.7568625,0.9995176,-0.2811265,-0.8256298,0.9993624
0.9999855,0.14790095,0.9998166,0.7407351,0.999412,-0.26847622,-0.82700497,0.9993223
0.9999899,0.16341776,0.99981993,0.7666122,0.99951434,-0.23153718,-0.8169701,0.9994477
0.9999883,0.22126886,0.9532348,0.66508365,0.9998161,-0.17436144,0.99270654,0.9998677
0.999988,0.2066307,0.9427831,0.61687034,0.999816,-0.14045626,0.99223155,0.99942714
0.99998254,0.09474762,0.99975353,0.56563044,0.9995593,-0.20540951,-0.83605105,0.9993011
0.9999896,0.20077083,0.9528138,0.6600542,0.99983597,-0.17114936,0.9919757,0.99914247
0.9999863,0.14680304,0.99982244,0.65976137,0.99947476,-0.19076216,-0.8315059,0.99927473
0.9999895,0.22613388,0.941092,0.74788713,0.99981356,-0.21033846,0.99469036,0.9993669
0.99998397,0.16687582,0.9998357,0.7155205,0.9994877,-0.22261108,-0.83185107,0.99929917
0.9999847,0.21804097,0.908156,0.645675,0.99983287,-0.11776986,0.9967723,0.999399
0.99998486,0.21127886,0.938681,0.7080257,0.9998312,-0.18039373,0.9956344,0.9992579
0.9999892,0.19627464,0.9625488,0.65389156,0.9997863,-0.22256766,0.98673725,0.9993409
0.9999906,0.22421318,0.9606174,0.800991,0.9997947,-0.2924589,0.99250275,0.9998522
0.99998355,0.16243404,0.99981093,0.63810384,0.9995105,-0.18712,-0.83228195,0.9992966
0.99998695,0.21636216,0.9490225,0.64335406,0.9998131,-0.17259075,0.9921941,0.99985015
0.9999841,0.19082552,0.920011,0.50178576,0.99984974,-0.11828695,0.9944549,0.999842
0.9999865,0.20088968,0.94990534,0.6062473,0.99983853,-0.10230147,0.9928066,0.99990535
0.99998754,0.12346947,0.999777,0.64404947,0.9995148,-0.23555261,-0.83406204,0.99930084
0.9999837,0.14937739,0.9998272,0.66231245,0.99950784,-0.18957058,-0.8306821,0.9993312
0.9999892,0.19662303,0.96738243,0.6500445,0.9998105,-0.23330036,0.9855674,0.999877
0.9999869,0.18012409,0.99981654,0.7342624,0.9995171,-0.21069698,-0.8210631,0.9994929
0.99998945,0.20279372,0.94150203,0.67342496,0.9997741,-0.20570754,0.9931179,0.99949217
0.99998814,0.14892846,0.9998309,0.71798176,0.9995275,-0.24292845,-0.82638824,0.99909437
0.99998796,0.20647271,0.90208113,0.55626416,0.99985534,-0.102368824,0.9952587,0.9999362
0.99998605,0.14829293,0.99983394,0.7831588,0.9993202,-0.28697765,-0.8233693,0.99936503
0.9999857,0.20604952,0.9352984,0.6249958,0.9998326,-0.17617194,0.99262905,0.9991718
0.999983,0.15959775,0.9998281,0.70637286,0.9995367,-0.20077692,-0.82470405,0.9994255
0.9999863,0.22703251,0.9156808,0.6569136,0.99979657,-0.17423515,0.995469,0.9993389
0.9999833,0.21034443,0.926072,0.6347234,0.99984133,-0.12523438,0.9948378,0.99919295
0.99998873,0.2094435,0.95490736,0.73074806,0.99982095,-0.22210473,0.99298245,0.99984074
0.9999852,0.14357118,0.99977696,0.6192381,0.9995333,-0.19863896,-0.83286035,0.99935573
0.9999877,0.20492822,0.9532274,0.5493202,0.9998534,-0.117815085,0.9914188,0.99998534
0.9999893,0.19863798,0.9998637,0.8492148,0.9995018,-0.30859736,-0.8046334,0.99945116
0.99999005,0.22173062,0.9591106,0.76253045,0.99978185,-0.26825225,0.99184316,0.99984884
0.9999855,0.14520514,0.9998196,0.6722614,0.99956596,-0.21240214,-0.82739824,0.99923927
0.99998367,0.14318147,0.9998272,0.70890397,0.9995166,-0.25268447,-0.82929075,0.9991741
0.99998397,0.13526593,0.9997923,0.6641768,0.9995218,-0.2697451,-0.8327334,0.9991487
0.9999894,0.2158002,0.96205753,0.69215035,0.9998228,-0.18982206,0.9909756,0.99967533
0.9999876,0.21727228,0.9358877,0.7000711,0.9998391,-0.1607066,0.995324,0.99976724
0.9999855,0.15932736,0.9998216,0.7176931,0.9994601,-0.2396689,-0.8320546,0.99943584
0.999981,0.15987404,0.99982005,0.66340035,0.99947333,-0.18103352,-0.828158,0.9994311
0.9999829,0.13290977,0.99980074,0.73529255,0.9993032,-0.3062018,-0.83229387,0.99929506
0.99998957,0.20666514,0.95178485,0.6229043,0.99986386,-0.14978512,0.9920549,0.9993312
0.99998575,0.13442504,0.9997749,0.6425606,0.99950314,-0.22396424,-0.8379539,0.9992455
0.9999841,0.12633854,0.9997971,0.64348626,0.9995233,-0.23522873,-0.83443975,0.9992718
0.99998504,0.11453417,0.9997555,0.55424535,0.99960524,-0.14904043,-0.82987237,0.9994717
0.9999906,0.19994494,0.9998449,0.83157814,0.9994271,-0.30880484,-0.8053906,0.9994761
0.9999864,0.22583908,0.93047816,0.7934303,0.9997776,-0.22925101,0.99632007,0.9999883
0.9999808,0.13781022,0.99983394,0.65041804,0.9995465,-0.152803,-0.83203024,0.9991852
0.99998635,0.15065871,0.9998323,0.7551078,0.9994877,-0.2822085,-0.8234743,0.9992773
0.9999868,0.15356699,0.9998067,0.7146608,0.99948466,-0.21652113,-0.8255537,0.99950665
0.9999827,0.12913685,0.99980146,0.6138007,0.99946344,-0.19200353,-0.8430295,0.9991352
0.999982,0.16461778,0.99981314,0.6014143,0.99961156,-0.1023745,-0.8293612,0.9994172
0.99998903,0.2037149,0.9491999,0.7282053,0.9998096,-0.22461274,0.99358696,0.9992942
0.99998003,0.1501084,0.9998136,0.6984732,0.9993868,-0.25520527,-0.83335924,0.9992756
0.99998975,0.21309237,0.9554923,0.76205486,0.9998003,-0.23882613,0.9932753,0.99931693
0.9999843,0.10199759,0.9997248,0.5133125,0.999629,-0.15197203,-0.82503694,0.9995436
0.9999818,0.16451229,0.99985296,0.7987495,0.99915135,-0.3145598,-0.823701,0.99931866
0.99998546,0.16713691,0.9998396,0.74498385,0.9994941,-0.2330884,-0.8219037,0.99928945
0.99998474,0.12893513,0.9997697,0.5765195,0.9995832,-0.1779488,-0.83321357,0.9993659
0.99998516,0.19870193,0.9284381,0.5669801,0.99981004,-0.15082863,0.99304026,0.99934196
0.9999886,0.21256004,0.91910225,0.6665844,0.9997859,-0.20185979,0.9954516,0.9993866
0.9999864,0.21309952,0.906517,0.55137455,0.99978584,-0.14648016,0.99493587,0.9999914
0.9999894,0.2347182,0.9662192,0.72624564,0.99985754,-0.19578534,0.9911142,0.99933064
0.9999878,0.21240427,0.9481678,0.6876158,0.9998458,-0.19717836,0.99378186,0.9998425
0.99998605,0.1524866,0.999811,0.71508807,0.9994141,-0.23228866,-0.83320343,0.9994112
0.999984,0.13481921,0.9997967,0.64585364,0.99943084,-0.19647673,-0.83569026,0.999328
0.9999865,0.20454733,0.9438051,0.67135215,0.9998088,-0.16599698,0.9937167,0.9999816
0.99998814,0.21237917,0.9026688,0.64088726,0.99985385,-0.13972679,0.99671924,0.9993283
0.9999904,0.24084085,0.9710318,0.8166276,0.99977976,-0.2801746,0.9911498,0.99985564
0.9999879,0.17339322,0.9997905,0.6923919,0.9994368,-0.24610367,-0.8288674,0.9993768
0.9999857,0.13659537,0.99978644,0.65931094,0.99956393,-0.18848784,-0.8293907,0.9994434
0.999986,0.15618916,0.9998286,0.74148357,0.99942684,-0.24798903,-0.8263829,0.9994058
0.9999851,0.14753452,0.9998161,0.7003697,0.9994499,-0.2225546,-0.8328098,0.99930435
0.9999896,0.23311785,0.9692448,0.73967284,0.9997819,-0.26138377,0.9892912,0.99933064
0.99999005,0.22119947,0.9260924,0.6702941,0.99976146,-0.1798672,0.99467546,0.99929404
0.9999849,0.23554797,0.9343685,0.7277922,0.9998074,-0.14154488,0.99635905,0.99999005
0.9999898,0.20361087,0.95760125,0.61367023,0.9998418,-0.17704472,0.98816377,0.9998547
0.99998564,0.13465534,0.99980384,0.6070185,0.9996089,-0.17958848,-0.82824624,0.9992748
0.9999882,0.21194783,0.9223893,0.62304115,0.99981135,-0.17849019,0.9948899,0.99985206
0.99998933,0.20009574,0.93479,0.5747773,0.9998717,-0.15673864,0.9936061,0.99905115
0.99998885,0.22224973,0.9491743,0.73584664,0.9998373,-0.16276841,0.99458456,0.99924994
0.9999884,0.21464941,0.94985497,0.6202503,0.9998267,-0.15436904,0.9924166,0.9992024
0.9999853,0.19565414,0.9321832,0.5443314,0.9998413,-0.10030258,0.99379987,0.9998851
0.99998754,0.19427484,0.94684666,0.609975,0.9998221,-0.15954095,0.9921219,0.9999638
0.99998486,0.15670727,0.9998428,0.8081953,0.9992641,-0.30722013,-0.82610863,0.9993195
0.99998784,0.19114509,0.93891126,0.5701879,0.9998165,-0.1522292,0.99258906,0.9991841
0.9999841,0.12375059,0.999777,0.55267584,0.99955434,-0.138906,-0.83774483,0.99933535
0.9999826,0.1586642,0.9998329,0.7352078,0.99942875,-0.2626301,-0.8285533,0.9993391
0.9999875,0.21100505,0.8891991,0.5670823,0.99984825,-0.08828076,0.99595296,0.99923193
0.99998647,0.16313791,0.9998195,0.7180574,0.99955314,-0.18032949,-0.82046056,0.9994974
0.99998474,0.14334856,0.99980694,0.68576896,0.9995102,-0.23403108,-0.83391374,0.9992386
0.99998087,0.13558888,0.9998226,0.68900675,0.9994488,-0.26173118,-0.83437264,0.9991631
0.99998754,0.1438796,0.9997939,0.66393465,0.9995644,-0.22723933,-0.82322407,0.9993688
0.99998724,0.2045975,0.91930175,0.5287004,0.99982035,-0.123764776,0.9932044,0.99994105
0.999986,0.16109957,0.9998137,0.72197926,0.99943596,-0.23748606,-0.82757497,0.99949723
0.9999872,0.18224184,0.9381458,0.54784083,0.9998292,-0.10863948,0.98982245,0.9993355
0.999985,0.21011594,0.9044136,0.5347054,0.99983215,-0.113075,0.995646,0.9992855
0.9999828,0.1675741,0.999824,0.7123626,0.99942666,-0.22314222,-0.8301759,0.99942195
0.99998665,0.19751373,0.9386856,0.6940491,0.99983335,-0.18097976,0.9949316,0.9992391
0.9999872,0.13833138,0.9997806,0.5859003,0.9995797,-0.16997308,-0.8349011,0.99941015
0.9999888,0.21277802,0.89714766,0.59630597,0.99981415,-0.14868122,0.9960295,0.99937356
0.99998957,0.16235189,0.9997858,0.6956278,0.9995133,-0.20970398,-0.8300868,0.999446
0.9999887,0.18795985,0.9143518,0.42148563,0.99986,-0.07637538,0.99250513,0.9999856
0.999984,0.16874412,0.999836,0.67579126,0.9995453,-0.20336811,-0.83083093,0.9991722
0.99998325,0.11043975,0.99977297,0.52698964,0.99960303,-0.12927566,-0.83930796,0.9992159
0.999986,0.15206562,0.999816,0.7614993,0.99940604,-0.30973062,-0.8252553,0.9993718
0.9999883,0.23277025,0.9675505,0.75158083,0.99981713,-0.23420031,0.99221504,0.9999237
0.9999844,0.19811814,0.9048094,0.5172796,0.9998405,-0.08280934,0.9954985,0.9999411
0.9999826,0.21805473,0.91929835,0.61776555,0.9998111,-0.1349386,0.99562687,0.99939144
0.9999869,0.14957073,0.99982715,0.7640934,0.9994682,-0.2715876,-0.82256263,0.9993245
0.9999867,0.21117662,0.9319969,0.69310796,0.99981916,-0.16355519,0.9954646,0.9993607
0.9999818,0.18973276,0.99986327,0.796566,0.9993193,-0.3153583,-0.82228875,0.9991632
0.9999865,0.20218772,0.92089707,0.62812275,0.999782,-0.19339968,0.99453634,0.9999771
0.99998575,0.15669218,0.999815,0.7182405,0.9993783,-0.2342744,-0.8266,0.99933404
0.99998885,0.20413835,0.90043706,0.5348526,0.9998268,-0.12569506,0.99479103,0.9994037
0.999986,0.22164431,0.93848115,0.7102783,0.9998008,-0.22403124,0.9948769,0.9992823
0.9999862,0.19400322,0.91688085,0.5292169,0.99976695,-0.17244582,0.9929629,0.9999168
0.99997956,0.122770846,0.9997889,0.6012268,0.99950165,-0.22268422,-0.84026766,0.999243
0.9999907,0.20992477,0.96770227,0.7466271,0.99981314,-0.2353462,0.9874797,0.9997131
0.9999885,0.21199961,0.9416456,0.6367535,0.99979717,-0.15049896,0.99409837,0.99999213
0.9999837,0.15020889,0.9998359,0.746066,0.99940157,-0.25061107,-0.82535404,0.99930304
0.99998575,0.13054247,0.99977964,0.52109843,0.999585,-0.10045595,-0.83679444,0.99934846
0.9999862,0.1363322,0.999815,0.72492164,0.99945223,-0.28899714,-0.8317838,0.99914974
0.9999875,0.14282508,0.99980354,0.68717986,0.9995118,-0.2343219,-0.8265584,0.9992896
0.99998415,0.13312832,0.99982244,0.71606874,0.9995103,-0.25412637,-0.8277462,0.99923116
0.9999885,0.21021959,0.945019,0.712759,0.9998023,-0.21399851,0.9941162,0.9999992
0.99998313,0.15101898,0.9998248,0.74364567,0.99939317,-0.27675015,-0.83013135,0.9993296
0.9999893,0.22137645,0.9343201,0.6606746,0.9998023,-0.15894713,0.99484766,0.99984986
0.99998325,0.1182738,0.9997879,0.64014924,0.9995396,-0.22372489,-0.83227897,0.9992638
0.9999831,0.1265359,0.99981636,0.6779779,0.9995182,-0.20147988,-0.83027,0.9993589
0.99998647,0.14267187,0.9997824,0.6768811,0.99950415,-0.23432113,-0.83196694,0.9993418
0.9999871,0.20807146,0.96300215,0.6117928,0.9998681,-0.13898963,0.98809433,0.99914443
0.999985,0.15445158,0.99982405,0.7643179,0.99934846,-0.28874227,-0.8307806,0.99932384
0.99998444,0.21831049,0.89497215,0.6266192,0.99980336,-0.12626901,0.99648553,0.99924606
0.99998146,0.11528295,0.9997769,0.5459134,0.99958897,-0.16789383,-0.8363726,0.99922967
0.9999859,0.16276048,0.9998234,0.6919213,0.9995253,-0.20709407,-0.8280437,0.9992887
0.99998355,0.16705985,0.99982035,0.73168135,0.99949086,-0.27129287,-0.8258475,0.99927294
0.9999835,0.13669538,0.99978685,0.62079966,0.9994747,-0.21502946,-0.83861005,0.99925876
0.99998564,0.2274312,0.93102294,0.7571079,0.99980515,-0.18849331,0.996442,0.9992641
0.9999852,0.21506537,0.93204284,0.6671337,0.9997931,-0.15901835,0.9945693,0.9992744
0.9999827,0.11158759,0.99977297,0.55917025,0.9995304,-0.203298,-0.8381507,0.9991858
0.99998623,0.12972806,0.9997949,0.6424735,0.9994481,-0.22255307,-0.8375374,0.9992703
0.99998415,0.12922528,0.9998118,0.71477985,0.9993898,-0.2746124,-0.83054173,0.9992447
0.9999865,0.15646152,0.9998354,0.7703891,0.9993325,-0.28236848,-0.82599664,0.9993179
0.9999887,0.20807321,0.93273973,0.6326356,0.99982446,-0.1504427,0.99424446,0.9993288
0.99998873,0.20874819,0.91805935,0.47846565,0.99983793,-0.109563,0.9926761,0.9999753
0.999987,0.14461601,0.99981654,0.7603327,0.9994173,-0.31807855,-0.83021295,0.9992364
0.9999817,0.10696584,0.99976486,0.57603836,0.99953496,-0.18817952,-0.8374205,0.99932784
0.9999874,0.20784733,0.9379244,0.6053972,0.999828,-0.14997333,0.9941582,0.9999756
0.9999885,0.19684164,0.9291949,0.5841176,0.9998341,-0.16482568,0.99416447,0.9998566
0.99998754,0.21303241,0.89984053,0.59725285,0.9998421,-0.11487836,0.9963567,0.9993889
0.9999895,0.23721641,0.95922863,0.77977574,0.99980843,-0.21814269,0.99429363,0.9993153
0.999989,0.2107522,0.96159214,0.6440102,0.9998417,-0.20519719,0.9890247,0.9998645
0.99998814,0.20417623,0.94174594,0.6966622,0.99983466,-0.14911789,0.99492234,0.9998368
0.99998796,0.21273021,0.92754394,0.692069,0.9997801,-0.19713332,0.99465805,0.9992172
0.99998784,0.20518818,0.9125519,0.65245044,0.99978936,-0.18110949,0.99515325,0.9998575
0.99998623,0.1591674,0.9998464,0.7411339,0.9994422,-0.20116131,-0.82366556,0.9994565
0.9999859,0.20697601,0.91064996,0.5751494,0.99983054,-0.10655893,0.9957481,0.99998116
0.9999888,0.20515779,0.92399836,0.4605737,0.99982005,-0.11123916,0.9931575,0.99928606
0.99998343,0.23254259,0.9186296,0.7797154,0.9997908,-0.21107738,0.9971193,0.9998664
0.999985,0.2107777,0.9270103,0.63397104,0.999803,-0.17229219,0.99456495,0.9993902
0.99998593,0.14411938,0.99980325,0.67430305,0.99948776,-0.2257108,-0.83262056,0.99931365
0.999984,0.146301,0.9998311,0.782381,0.9993469,-0.33803818,-0.82501423,0.9991333
0.9999894,0.21598548,0.93946683,0.6360453,0.99986106,-0.17260034,0.9930006,0.999848
0.9999845,0.21777867,0.9375912,0.6493343,0.9997684,-0.2040376,0.99342096,0.999374
0.99998665,0.13267703,0.9997752,0.59859216,0.99958855,-0.18753959,-0.8340166,0.99930745
0.99998504,0.15517204,0.9998178,0.6953615,0.99950993,-0.2622185,-0.82732093,0.9991384
0.99998575,0.14957485,0.9998092,0.66040385,0.9995283,-0.16238981,-0.8332006,0.9993682
0.9999796,0.12647831,0.99980116,0.59958065,0.9994846,-0.16077241,-0.8328215,0.9994457
0.99998873,0.18600222,0.99983674,0.79432786,0.9994158,-0.26992238,-0.81330377,0.9994385
0.9999895,0.18513988,0.92136127,0.4154584,0.99985254,-0.04584193,0.9918685,0.9992732
0.99998623,0.20932247,0.93944407,0.6716918,0.9998333,-0.15495253,0.9938266,0.9999759
0.9999848,0.12909195,0.99980086,0.67172325,0.99945945,-0.24948552,-0.8311962,0.99926203
0.99998677,0.16510655,0.99984235,0.758084,0.9994536,-0.24376458,-0.8233801,0.9993697
0.9999884,0.22374478,0.9298254,0.7092401,0.99978304,-0.18761906,0.9949176,0.9992707
0.9999869,0.1678218,0.99981856,0.72607553,0.9994986,-0.21996997,-0.82533824,0.99940246
0.99998593,0.2173502,0.9086991,0.6567922,0.9997902,-0.15715359,0.9958298,0.9999595
0.99998575,0.14223284,0.99983263,0.725765,0.999383,-0.24755,-0.82795215,0.9992618
0.9999836,0.16180018,0.99982417,0.65908676,0.999454,-0.2127442,-0.8381888,0.99920034
0.9999864,0.22054064,0.9194278,0.760283,0.999788,-0.19385354,0.997186,0.9999589
0.9999888,0.1508005,0.9998175,0.75746655,0.9994761,-0.2503529,-0.8166244,0.99944395
0.9999875,0.2331567,0.93342364,0.71597993,0.9997854,-0.19751394,0.995607,0.99911046
0.99998945,0.21961638,0.9312103,0.6958504,0.9998464,-0.13728832,0.9954524,0.9994325
0.99998945,0.19682565,0.91016275,0.54634535,0.9998475,-0.12125773,0.99448407,0.99998736
0.99998474,0.16397761,0.9998414,0.7455228,0.9994514,-0.27045456,-0.82670695,0.9991059
0.9999909,0.22138293,0.94544786,0.69393814,0.99980915,-0.22429606,0.99261296,0.99987537
0.9999874,0.13945085,0.99978644,0.6746444,0.99960095,-0.19993111,-0.8225583,0.9994349
0.9999873,0.2226945,0.9277887,0.73368925,0.9998106,-0.17394172,0.99598354,0.99991345
0.99998814,0.20838048,0.9358139,0.67554677,0.9998088,-0.19398123,0.9940564,0.99985486
0.9999879,0.21076564,0.9446442,0.6010473,0.99985117,-0.12991163,0.99251544,0.9990491
0.99998677,0.19567372,0.9262455,0.59242463,0.9998261,-0.14580086,0.99376065,0.9999308
0.99999046,0.20825535,0.9345466,0.6004927,0.99978966,-0.1657504,0.9933982,0.999959
0.99998176,0.13529095,0.9998015,0.650483,0.9995064,-0.23796047,-0.8396878,0.999076
0.99998,0.12720698,0.9998165,0.6746377,0.9995012,-0.23304807,-0.8387999,0.99922174
0.9999838,0.16072907,0.9998319,0.6718624,0.9995325,-0.17676352,-0.8320872,0.999309
0.9999855,0.19172598,0.9410589,0.601084,0.99981105,-0.16885643,0.99309987,0.99930435
0.9999856,0.14859764,0.99980843,0.67681754,0.9994766,-0.25913623,-0.8318822,0.9992251
0.9999849,0.16147096,0.99984664,0.77709305,0.9993836,-0.29421964,-0.8260796,0.99916226
0.9999824,0.13896549,0.99981683,0.6731434,0.9994721,-0.20168164,-0.83064663,0.9993325
0.9999866,0.19773437,0.8715044,0.41748554,0.99985206,-0.016321648,0.99574363,0.99929553
0.99998873,0.18239161,0.9389336,0.5231101,0.9998331,-0.15056714,0.9911522,0.99999166
0.99998486,0.16294543,0.99981946,0.7033516,0.99954003,-0.19744368,-0.8271524,0.99945414
0.99998516,0.22765848,0.86664176,0.51087743,0.9998653,-0.032037668,0.9966348,0.99947345
0.99998456,0.15980484,0.99981064,0.67444295,0.99953586,-0.21968465,-0.83311945,0.9992795
0.99998385,0.14682834,0.999801,0.6977974,0.9994849,-0.24209647,-0.83262634,0.99940675
0.99998236,0.13814417,0.99983346,0.73503596,0.9995376,-0.23900662,-0.82586014,0.99936056
0.9999876,0.21406363,0.96607494,0.6688091,0.999836,-0.16208333,0.98897433,0.9999612
0.9999851,0.16661656,0.9998251,0.71560895,0.99945885,-0.21929102,-0.8257959,0.9993112
0.99998456,0.13152465,0.9998036,0.68556964,0.9994817,-0.2330563,-0.8336226,0.99925756
0.99998856,0.21096909,0.9536107,0.7411168,0.9997823,-0.24668649,0.9936162,0.9997713
0.9999876,0.140843,0.9998128,0.7068271,0.99940413,-0.2720843,-0.8315917,0.9991266
0.9999892,0.19861762,0.92138064,0.5953777,0.9998376,-0.13847376,0.9951912,0.999248
0.9999857,0.21730074,0.9557051,0.6763667,0.999828,-0.18177263,0.9927968,0.9999207
0.99998784,0.23169033,0.94996315,0.76076734,0.99978715,-0.21439882,0.9950912,0.9992934
0.99998623,0.21059415,0.9377343,0.6435564,0.99983835,-0.15452628,0.9943984,0.9999828
0.99998313,0.11502484,0.9997864,0.6219586,0.99946535,-0.23315114,-0.83472216,0.99922824
0.9999896,0.20336132,0.90385085,0.5847953,0.99978757,-0.14377077,0.9949203,0.99939346
0.9999859,0.14344229,0.9998092,0.6468159,0.99948895,-0.208971,-0.8309916,0.9993159
0.99998647,0.2369828,0.9376992,0.7437204,0.99980277,-0.19958493,0.9960247,0.99987245
0.999982,0.114220634,0.9997865,0.6139989,0.9994699,-0.20410605,-0.83829546,0.99931353
0.9999868,0.19737227,0.9348122,0.5922972,0.9998178,-0.18086809,0.9928739,0.99923205
0.9999852,0.21123953,0.9328443,0.6867043,0.9997893,-0.14207275,0.99512684,0.99999917
0.99998736,0.21551186,0.9578592,0.67741394,0.99982184,-0.20576389,0.9914074,0.9998642
0.99998426,0.15751895,0.99983263,0.6934347,0.99954563,-0.19293097,-0.8258095,0.9994209
0.99998605,0.22194678,0.9239298,0.72650295,0.9997869,-0.18950745,0.99576676,0.9998941
0.99998206,0.11384248,0.99975574,0.56263447,0.9995408,-0.1883246,-0.8359813,0.9993803
0.9999884,0.18016882,0.99984354,0.79838556,0.9993987,-0.28984356,-0.8218822,0.9993522
0.9999863,0.13849467,0.99980927,0.7306509,0.99943584,-0.29031712,-0.83351004,0.99920374
0.9999904,0.20524544,0.9589792,0.67917806,0.99982864,-0.22227708,0.99064827,0.99999887
0.9999862,0.1601524,0.99981326,0.7806407,0.99942756,-0.31707802,-0.8209776,0.9993223
0.9999877,0.20018525,0.9240486,0.4486042,0.9998505,-0.086709015,0.9930014,0.9998468
0.99998343,0.17142351,0.9998436,0.8391483,0.99903655,-0.3562391,-0.81785464,0.99936
0.9999898,0.20154285,0.9578176,0.73339516,0.99981654,-0.23841469,0.9918122,0.9999776
0.9999883,0.21223739,0.96598345,0.7124985,0.999788,-0.24572673,0.99155056,0.99930364
0.99998903,0.20431651,0.9585682,0.6757659,0.9998061,-0.25285345,0.9899448,0.999173
0.9999823,0.12898733,0.9997996,0.63750136,0.99954706,-0.2208204,-0.8323382,0.99931484
0.9999899,0.24261814,0.96922004,0.7989473,0.9997803,-0.25565368,0.99218863,0.9999642
0.9999863,0.16152477,0.9998193,0.8030834,0.9993844,-0.29216316,-0.81688607,0.9994311
0.99998236,0.12449731,0.9998034,0.6963823,0.9995457,-0.25417873,-0.830346,0.99914926
0.9999881,0.19636436,0.9421742,0.61497414,0.99981076,-0.19963194,0.99289006,0.9993368
0.99998647,0.13870184,0.9997925,0.6965363,0.9993683,-0.29095984,-0.83252954,0.9991614
0.99998623,0.14049287,0.9998089,0.69838303,0.9995032,-0.22292104,-0.83584464,0.9993658
0.9999858,0.1290385,0.9997769,0.6265295,0.99953145,-0.20886375,-0.83433104,0.9992276
0.999986,0.20508242,0.9110847,0.47025904,0.9998357,-0.094184905,0.9940774,0.9999373
0.999989,0.21130684,0.91163397,0.6326298,0.99979514,-0.13365135,0.9956441,0.9999234
0.99998844,0.21677788,0.9202793,0.6978972,0.9998264,-0.14035787,0.9960449,0.9998495
0.9999846,0.14660826,0.9998238,0.66517437,0.99951154,-0.20014973,-0.8343157,0.99918044
0.9999895,0.21950927,0.9364966,0.6561924,0.9998179,-0.15735166,0.99467033,0.9999436
0.9999882,0.20930082,0.96105534,0.6070889,0.99984664,-0.17280039,0.98897105,0.9999825
0.9999863,0.18955584,0.9510042,0.5881967,0.99985456,-0.15426509,0.99029094,0.9993968
0.99998623,0.21554087,0.9395758,0.68499017,0.9998276,-0.1227462,0.99528605,0.99996185
0.99998677,0.14295419,0.9998078,0.7339463,0.99942327,-0.293421,-0.8240089,0.99916035
0.9999836,0.15250628,0.9998458,0.7577638,0.9994134,-0.2677703,-0.82709426,0.9992313
0.9999871,0.1909205,0.9082124,0.49803105,0.99980164,-0.09729631,0.99397683,0.99996585
0.9999833,0.12594305,0.99979645,0.62390935,0.99938124,-0.22091238,-0.8390263,0.99917054
0.9999843,0.120365106,0.9997664,0.56018865,0.9994857,-0.1959857,-0.840427,0.9991961
0.99998474,0.15895692,0.9997994,0.6808131,0.9993821,-0.2407109,-0.831882,0.9993588
0.9999865,0.15812643,0.9998081,0.66972876,0.99957985,-0.18390493,-0.8215188,0.9993975
0.9999898,0.20107111,0.9596967,0.67188835,0.9998312,-0.22189721,0.98692334,0.99926203
0.9999828,0.1224694,0.99979115,0.6390959,0.99950725,-0.22822817,-0.8374263,0.9991632
0.9999848,0.14917675,0.99982285,0.7522094,0.9994163,-0.24727672,-0.82642215,0.99949753
0.99998844,0.21377636,0.94764745,0.73668486,0.99982923,-0.21848471,0.994671,0.9999648
0.9999874,0.2318551,0.9612808,0.74907357,0.99981123,-0.22844805,0.9932438,0.99922633
0.99998367,0.21083446,0.9202157,0.638815,0.9998463,-0.14497703,0.99574,0.999256
0.9999871,0.22739084,0.9746384,0.7516438,0.99984705,-0.22711726,0.98935777,0.99986696
0.9999864,0.12199312,0.9997721,0.64425623,0.99960136,-0.25140435,-0.8251987,0.9993019
0.99998206,0.15708171,0.9998276,0.68455166,0.99942994,-0.18488023,-0.83017164,0.99936616
0.99998486,0.16287898,0.9998315,0.76719505,0.9993617,-0.30118394,-0.83219963,0.9992072
0.9999835,0.13016462,0.99981314,0.6461942,0.99949235,-0.1878762,-0.83395046,0.9993799
0.99998397,0.1346881,0.9997948,0.63096935,0.999558,-0.16412616,-0.83625174,0.9992849
0.9999877,0.15662739,0.9998248,0.7755623,0.99922395,-0.30861112,-0.8285801,0.99923766
0.9999855,0.13649352,0.9998179,0.7368884,0.999424,-0.26312086,-0.8320605,0.99939275
0.9999882,0.18478112,0.99983233,0.7798658,0.99948347,-0.26428992,-0.82001114,0.99941313
0.9999894,0.20520617,0.9381926,0.58964324,0.9997327,-0.20482165,0.9916847,0.9998604
0.9999898,0.22721657,0.9596814,0.7223704,0.99976784,-0.21346635,0.9921831,0.99932694
0.9999836,0.13871114,0.9998179,0.65071034,0.9994172,-0.20924664,-0.83690983,0.99914813
0.99998784,0.13130051,0.99978983,0.63876414,0.9995364,-0.20030853,-0.82828355,0.9992767
0.9999881,0.1521536,0.99979895,0.71212995,0.9994353,-0.27060878,-0.827569,0.9992452
0.9999868,0.14252008,0.99981534,0.7430021,0.99945635,-0.24947527,-0.8302067,0.9993021
0.9999816,0.121132135,0.99978733,0.5883014,0.99947006,-0.20474175,-0.8407856,0.9991015
0.9999783,0.12523325,0.99982095,0.6478586,0.99953204,-0.21145959,-0.8347667,0.99912965
0.9999857,0.19987927,0.904666,0.5612253,0.99981755,-0.15185353,0.99497247,0.9993083
0.9999888,0.2122383,0.92141306,0.6408876,0.9998117,-0.12850134,0.9953232,0.9993101
0.9999865,0.14881587,0.9998278,0.7070668,0.9995028,-0.23235054,-0.83082974,0.99922115
0.9999865,0.16731542,0.99983674,0.79564,0.9994157,-0.28200492,-0.8179352,0.99949
0.99998456,0.13950895,0.99979764,0.6572821,0.999514,-0.21116878,-0.8344764,0.9992769
0.99998474,0.19207996,0.9427004,0.5530838,0.9998292,-0.09832045,0.99214864,0.9998248
0.9999862,0.1434316,0.99983263,0.74111927,0.99946475,-0.22656801,-0.82493675,0.9993985
0.99999076,0.2235658,0.9586544,0.62976885,0.99982375,-0.19612423,0.9892156,0.9992254
0.9999806,0.15701813,0.9998467,0.7064976,0.9994388,-0.19064902,-0.8274597,0.9992742
0.99998766,0.21860428,0.9446752,0.71826994,0.99981034,-0.14907706,0.99497694,0.99997735
0.9999875,0.12055639,0.9997919,0.71470916,0.9994715,-0.28742075,-0.829768,0.9991527
0.9999869,0.12118317,0.9998042,0.75450826,0.9995157,-0.2870553,-0.8209293,0.99934393
0.9999785,0.1199143,0.99981534,0.6733288,0.99944645,-0.2267225,-0.83358634,0.9993712
0.99998504,0.14678347,0.9998044,0.6791866,0.9995526,-0.2150345,-0.82549447,0.9993732
0.99998945,0.20146224,0.9384937,0.6038563,0.9998077,-0.16898094,0.99277395,0.99932754
0.99998295,0.19887409,0.91626143,0.5600735,0.9998124,-0.10067943,0.99529976,0.9998598
0.9999864,0.14697976,0.9998153,0.7302023,0.99943477,-0.29476884,-0.82772505,0.99916667
0.9999866,0.1656909,0.9998344,0.75973856,0.9994478,-0.27828258,-0.82712495,0.9992902
0.99998444,0.16519882,0.9997984,0.69405615,0.99947333,-0.22176957,-0.8327336,0.99929214
0.99998903,0.23330934,0.96186054,0.73198074,0.99983215,-0.16674912,0.9930108,0.99922025
0.99998903,0.20970595,0.9220249,0.5883548,0.99983,-0.12901352,0.99470377,0.9998566
0.99998814,0.19669905,0.92285705,0.55246496,0.99978393,-0.16324148,0.99306655,0.9999906
0.999986,0.15984775,0.9998019,0.66237426,0.99951744,-0.18841627,-0.82813585,0.9994197
0.99999094,0.23012437,0.97068965,0.7533337,0.99983835,-0.22148609,0.9899034,0.99937624
0.9999855,0.12569503,0.99981385,0.7508495,0.9994369,-0.27145788,-0.82231927,0.99946475
0.9999901,0.21603037,0.94512975,0.7000139,0.9998283,-0.17011206,0.9931059,0.9992428
0.9999815,0.11616463,0.99976677,0.5637349,0.9994342,-0.19210841,-0.84313834,0.999307
0.9999838,0.1441385,0.9998209,0.7523295,0.9993904,-0.28682685,-0.82587665,0.99934316
0.9999888,0.20099206,0.9516914,0.6049062,0.9998237,-0.16587639,0.9896095,0.99983156
0.9999854,0.1541656,0.99983686,0.74048,0.99945456,-0.24973486,-0.82838035,0.9992028
0.9999866,0.17841968,0.99984765,0.8240007,0.9993101,-0.32802662,-0.81786436,0.9993759
0.9999831,0.1415681,0.99981856,0.6674536,0.99939954,-0.25779387,-0.8428117,0.9989891
0.99998236,0.13505627,0.9998358,0.7333618,0.9993963,-0.23259333,-0.83186233,0.99929965
0.9999885,0.20977587,0.91465926,0.5502106,0.99984807,-0.09484427,0.99451107,0.99938583
0.9999875,0.20970891,0.9457026,0.63360643,0.99985546,-0.13097318,0.9935332,0.9994336
0.9999831,0.13332975,0.9997972,0.6901439,0.99952334,-0.28096142,-0.82947946,0.99925566
0.99998724,0.22639413,0.9519474,0.6961081,0.99984986,-0.15146437,0.99381346,0.999937
0.9999875,0.2255032,0.96700686,0.79207784,0.99984246,-0.25269744,0.9930174,0.999837
0.9999826,0.12671578,0.9997968,0.63466,0.99953455,-0.192822,-0.83373606,0.9993354
0.9999832,0.12466786,0.9997872,0.6111616,0.9995141,-0.19057687,-0.8327842,0.9993886
0.99998933,0.1935039,0.8927,0.45380872,0.9998284,-0.03831814,0.9953981,0.9993944
0.99998647,0.20876484,0.9506841,0.6565115,0.9997994,-0.1670559,0.99291426,0.9991657
0.9999903,0.18619892,0.9464996,0.63983047,0.9998154,-0.18860744,0.99211043,0.999998
0.9999892,0.1953084,0.9998433,0.8232242,0.99921006,-0.31223315,-0.8159447,0.9994284
0.9999912,0.22433245,0.97354275,0.6951338,0.99982965,-0.20561725,0.9878887,0.99930215
0.9999866,0.1435871,0.99981093,0.74187094,0.99929684,-0.2875722,-0.8306094,0.999337
0.99998707,0.22113997,0.9547801,0.69912696,0.9997932,-0.17768611,0.9934102,0.99999905
0.99998564,0.17101926,0.9998239,0.70740414,0.99935126,-0.2355912,-0.83219,0.999324
0.9999848,0.14226282,0.99981123,0.71318984,0.9993573,-0.28860888,-0.8382653,0.9991393
0.99998474,0.12124651,0.999767,0.5816649,0.99959123,-0.1594497,-0.8302555,0.9993873
0.99998254,0.12795082,0.99977654,0.6179269,0.9994735,-0.2117815,-0.8382285,0.9993117
0.9999873,0.207075,0.93606806,0.6235726,0.99981815,-0.15179428,0.99266946,0.9999873
0.99998814,0.20019281,0.90573466,0.60241914,0.9998019,-0.13892834,0.99515265,0.9993265
0.99998754,0.153888,0.99981093,0.70756483,0.999413,-0.2231062,-0.8290346,0.99940795
0.99998826,0.23269609,0.9510431,0.764051,0.9998123,-0.20184681,0.99468803,0.9998135
0.99998486,0.20083445,0.93556654,0.60674673,0.99981165,-0.15007612,0.99273455,0.9998735
0.9999834,0.16806664,0.99984336,0.78230214,0.9994238,-0.2805625,-0.8232584,0.9993338
0.9999835,0.13870287,0.9998075,0.6621543,0.9994699,-0.2117673,-0.8353709,0.99930155
0.999985,0.17389321,0.99983627,0.7773316,0.99945784,-0.2534388,-0.8176886,0.9994657
0.99998444,0.20484106,0.907443,0.6258553,0.99980134,-0.122970484,0.9960437,0.9999699
0.9999874,0.23087692,0.9590431,0.6607144,0.99980456,-0.15054856,0.9934757,0.9998252
0.9999836,0.16033217,0.9998513,0.750688,0.99945223,-0.22702779,-0.82824546,0.9993153
0.999987,0.23446727,0.93816936,0.659634,0.99983156,-0.1457775,0.9941052,0.99999404
0.9999877,0.22569269,0.94549054,0.7224076,0.99983454,-0.14040163,0.99574447,0.9994731
0.9999879,0.13827935,0.99976945,0.6583047,0.9995087,-0.22969854,-0.8304516,0.99933904
0.999987,0.20282523,0.9237629,0.564688,0.99986166,-0.10362541,0.99459916,0.99998116
0.99998295,0.13745876,0.99981767,0.67741287,0.99938124,-0.2100846,-0.8372266,0.99926764
0.99998564,0.1892926,0.9323915,0.44905052,0.9998177,-0.11436901,0.99081784,0.999776
0.9999852,0.2022561,0.94555146,0.601253,0.9998166,-0.18437845,0.9912063,0.9992672
0.99998516,0.14375451,0.99981344,0.72925794,0.9994472,-0.2560373,-0.8278887,0.99936056
0.999986,0.18353976,0.999844,0.7603973,0.9994565,-0.25677663,-0.82615244,0.9991672
0.99998343,0.121528514,0.9997966,0.5836158,0.9995463,-0.19919124,-0.839058,0.999152
0.9999861,0.15419294,0.99983096,0.7566148,0.9994332,-0.25337213,-0.8264193,0.99939823
0.9999835,0.13445394,0.99979985,0.6835665,0.99949056,-0.2290622,-0.830535,0.9994243
0.99998534,0.12770152,0.9997932,0.6643683,0.99961483,-0.19613618,-0.8287235,0.9994047
0.99998754,0.15180805,0.99981296,0.76388705,0.9994166,-0.25837302,-0.8266519,0.99949396
0.99998415,0.1069882,0.9997444,0.5085176,0.99965656,-0.14366275,-0.8308567,0.99946177
0.9999861,0.1415153,0.9997956,0.7094641,0.9994672,-0.26367238,-0.8280308,0.9993435
0.99999,0.21881768,0.9265914,0.6403465,0.99979186,-0.16776288,0.9948826,0.999303
0.9999859,0.13410902,0.9997794,0.6441755,0.9994296,-0.24926496,-0.8405433,0.99922776
0.99998724,0.12852702,0.9998024,0.6575694,0.9995371,-0.16976163,-0.83086216,0.99942034
0.9999843,0.15969868,0.9998294,0.75646174,0.99932843,-0.30163565,-0.8279699,0.999203
0.99998295,0.15974869,0.9998331,0.7605994,0.999295,-0.305406,-0.82436645,0.9991473
0.9999903,0.19948481,0.95348203,0.6043738,0.99984443,-0.20318946,0.98913217,0.9999553
0.9999815,0.1473182,0.9998345,0.6550786,0.99955887,-0.2230567,-0.83180606,0.999021
0.9999895,0.20627385,0.96205485,0.64496326,0.9998054,-0.20563567,0.988377,0.999383
0.9999899,0.23173712,0.963499,0.73818916,0.9998343,-0.19605663,0.99246025,0.99930614
0.9999888,0.24942908,0.9687976,0.8114693,0.9997562,-0.30872205,0.9916786,0.9999995
0.999985,0.15277329,0.99981856,0.6628544,0.99936754,-0.2070894,-0.83573085,0.99918646
0.9999831,0.15999264,0.9998397,0.7478868,0.99935764,-0.24348907,-0.8238856,0.99936473
0.9999913,0.23796244,0.9718182,0.7953722,0.9997991,-0.2279454,0.9917465,0.9993284
0.99998933,0.2135035,0.9418091,0.6675088,0.9998157,-0.18032709,0.9947577,0.99914306
0.99998575,0.15219389,0.99980503,0.6953686,0.99952096,-0.25504166,-0.82943135,0.9992302
0.99998546,0.15363613,0.9998256,0.6860982,0.99942017,-0.22150724,-0.83227503,0.99919534
0.9999862,0.19795074,0.8678066,0.5417209,0.9998136,-0.070305236,0.9966627,0.99995106
0.9999831,0.1478391,0.99981695,0.6662911,0.99939996,-0.22491102,-0.8390188,0.9992914
0.9999904,0.23226835,0.951252,0.7559692,0.9998247,-0.16852029,0.99514705,0.9994328
0.9999893,0.2224261,0.96804535,0.7128506,0.99981004,-0.21240191,0.99012506,0.9992996
0.9999833,0.16218568,0.9998494,0.76809037,0.9993613,-0.3015176,-0.82824165,0.9992464
0.9999844,0.14153588,0.99981415,0.7105515,0.9995115,-0.24026364,-0.83036053,0.9993441
0.9999852,0.12949172,0.9998235,0.70107865,0.99937326,-0.2204168,-0.83233166,0.99937576
0.99999094,0.21617138,0.96473837,0.69190574,0.9998087,-0.21308903,0.9886718,0.9999314
0.9999855,0.20763226,0.92713046,0.70741665,0.9998018,-0.18745528,0.99589527,0.99984896
0.9999852,0.15689212,0.9998346,0.796677,0.99943537,-0.32062688,-0.82004094,0.9991754
0.9999838,0.12385556,0.9998172,0.7005193,0.99956405,-0.23301812,-0.8247131,0.9993816
0.999988,0.13994531,0.9997854,0.70908964,0.9995132,-0.26249158,-0.8287151,0.99938023
0.9999855,0.21655159,0.9491489,0.6344882,0.9998161,-0.16213833,0.9927482,0.9992411
0.9999867,0.22076483,0.9250474,0.73837596,0.9998031,-0.16688582,0.99645483,0.9990947
0.9999892,0.20305243,0.9549151,0.5476481,0.9998664,-0.14499722,0.98940104,0.99998033
0.9999858,0.16016251,0.9998365,0.6885731,0.99946564,-0.17171739,-0.82893604,0.9993066
0.99998915,0.23786567,0.9727354,0.7716703,0.99982536,-0.24671896,0.98953325,0.9999806
0.9999861,0.2059065,0.9474391,0.62347484,0.99986494,-0.11815516,0.99455595,0.9999893
0.99999064,0.20845538,0.94070846,0.6642906,0.9998185,-0.15355901,0.9942668,0.9999551
0.9999843,0.2165386,0.936777,0.56874835,0.99982554,-0.10164862,0.99349743,0.999358
0.9999881,0.19884756,0.9372979,0.63705045,0.9997749,-0.1694551,0.9938733,0.99994093
0.99998754,0.19964276,0.9190952,0.40784758,0.9998574,-0.07381395,0.9925148,0.99997723
0.9999899,0.14418711,0.9997882,0.6922454,0.9995426,-0.20665772,-0.8271688,0.9994903
0.99998903,0.17092402,0.99981827,0.76394176,0.99947196,-0.25497612,-0.81857485,0.99937916
0.9999862,0.2069864,0.9616902,0.61709964,0.99981236,-0.19515811,0.98828477,0.99994963
0.9999888,0.2385755,0.9556516,0.76600385,0.9997865,-0.22537111,0.99458903,0.9999485
0.99998695,0.21465547,0.91384256,0.50559413,0.99986637,-0.057392165,0.9946356,0.99936795
0.99998546,0.13892539,0.99979556,0.68662006,0.9996021,-0.19938768,-0.8268917,0.9994083
0.99998736,0.15110186,0.9998334,0.839953,0.99918944,-0.37775984,-0.81711614,0.9993048
0.9999825,0.15217584,0.99979866,0.6680887,0.99944335,-0.24761122,-0.8339926,0.9992365
0.9999907,0.20929569,0.95585513,0.5817254,0.9998263,-0.1629909,0.98942447,0.99944836
0.9999883,0.16964246,0.99983805,0.81669605,0.99943155,-0.33287552,-0.8171886,0.9992655
0.9999881,0.19614306,0.91740227,0.50279087,0.9997899,-0.11060987,0.9929169,0.9999505
0.9999873,0.21448715,0.9424712,0.6791699,0.99980193,-0.16613497,0.9936137,0.99939877
0.999983,0.1455907,0.99981976,0.66167784,0.9994876,-0.18427774,-0.8309418,0.9992999
0.99998295,0.14088178,0.999786,0.6316079,0.9995142,-0.21158029,-0.8347193,0.99935305
0.99998635,0.20683435,0.9213352,0.5660222,0.99983287,-0.10197323,0.9949247,0.999976
0.99998784,0.19963036,0.93925154,0.5929005,0.99980485,-0.12235885,0.9944231,0.9998378
0.99998075,0.12943617,0.9998099,0.6305279,0.9994783,-0.20359063,-0.8385143,0.99926096
0.99998754,0.20503075,0.94838524,0.6422643,0.99981236,-0.19668275,0.99203277,0.99922043
0.9999862,0.20667307,0.9365076,0.60278344,0.99979633,-0.21854937,0.9911696,0.9998345
0.9999833,0.133843,0.9998231,0.7327147,0.9992155,-0.30915478,-0.83805025,0.9991105
0.999986,0.20819616,0.9233753,0.5459095,0.99982613,-0.080060825,0.99412936,0.99995977
0.9999852,0.14237182,0.9998007,0.63002837,0.9995243,-0.18262039,-0.83401746,0.99933755
0.9999879,0.2167014,0.940802,0.6710009,0.99980295,-0.20379503,0.99363726,0.9998577
0.9999841,0.20988218,0.9335712,0.68827134,0.9998246,-0.17808299,0.9949303,0.99978906
0.9999813,0.1472596,0.9998161,0.6774132,0.9993953,-0.21085191,-0.8367533,0.9993152
0.99998534,0.15690994,0.99980533,0.7127995,0.9994484,-0.27099046,-0.8331838,0.99923694
0.99998504,0.13831972,0.99980265,0.62788826,0.9995215,-0.2264865,-0.8318737,0.99911106
0.9999876,0.23061594,0.92663014,0.71806496,0.9998229,-0.1345423,0.9962871,0.99921924
0.9999882,0.21748403,0.93154395,0.6638794,0.9997809,-0.21176036,0.9946566,0.9999022
0.99998325,0.14843169,0.99982786,0.71672827,0.9995089,-0.2499385,-0.830559,0.9992307
0.9999893,0.21582983,0.97433054,0.71237683,0.9998322,-0.2700738,0.9864023,0.99907213
0.999989,0.20658943,0.9289139,0.6373421,0.9998058,-0.15076663,0.9948776,0.9992759
0.9999863,0.14724813,0.9998043,0.69313,0.9994884,-0.23681156,-0.833261,0.99928856
0.9999873,0.21646944,0.8677121,0.505727,0.99982727,-0.055555057,0.99689925,0.99931264
0.999988,0.21396983,0.94366324,0.7210554,0.9998108,-0.17648157,0.9951786,0.9999281
0.99998176,0.12692389,0.99978906,0.6338053,0.999592,-0.25324094,-0.832764,0.9992017
0.9999855,0.15485363,0.9998049,0.66367173,0.9995445,-0.18955292,-0.83355886,0.99944425
0.99998766,0.20945168,0.8778985,0.5550003,0.99980426,-0.13679537,0.9958323,0.9991663
0.99998945,0.21127114,0.92451155,0.6877774,0.99981964,-0.13711454,0.99589723,0.9999831
0.9999844,0.14044702,0.99981105,0.69618773,0.9994608,-0.2500726,-0.8354775,0.99919647
0.99998736,0.19734485,0.93588984,0.50694966,0.9998481,-0.12089718,0.99241966,0.99929166
0.99998987,0.20368814,0.9488008,0.64618397,0.99978894,-0.23775753,0.9917258,0.9992625
0.9999901,0.20876615,0.9697411,0.6572755,0.9998114,-0.2304133,0.986324,0.99916637
0.9999869,0.14528249,0.9997734,0.62750924,0.9994961,-0.19475003,-0.83468705,0.9994087
0.9999846,0.14324689,0.9998377,0.75281626,0.9994837,-0.26786917,-0.8281367,0.99919486
0.99998343,0.108067945,0.9997768,0.5606452,0.9995578,-0.18595386,-0.8350549,0.9992346
0.999986,0.2084037,0.91795635,0.53632677,0.9998573,-0.10286941,0.9943486,0.99922127
0.99997663,0.13595302,0.9997959,0.6347271,0.9995696,-0.21302977,-0.8334052,0.999229
0.9999856,0.15208668,0.9998084,0.6729381,0.99954873,-0.21088639,-0.82754093,0.99928045
0.99998415,0.1395306,0.99978834,0.633075,0.99964035,-0.1677826,-0.8260356,0.9994903
0.999986,0.17480935,0.9998295,0.8069103,0.9993615,-0.31907988,-0.8180565,0.99938756
0.999987,0.19999507,0.93540525,0.6139436,0.9998124,-0.17990519,0.9923248,0.99915797
0.99999005,0.21543162,0.95639145,0.65884376,0.9998149,-0.17888129,0.9915057,0.9992318
0.9999845,0.12093656,0.9997853,0.5974742,0.9995333,-0.1783286,-0.8345419,0.99932855
0.9999858,0.14579485,0.99979776,0.6578425,0.999524,-0.22620274,-0.83048713,0.99929523
0.99999124,0.2525461,0.977503,0.79910636,0.99981946,-0.24724089,0.9902988,0.99998945
0.9999835,0.11912446,0.99980783,0.60836565,0.99953794,-0.15590985,-0.83638686,0.9992634
0.9999862,0.15021451,0.99979174,0.67781043,0.999572,-0.22099856,-0.82704103,0.9994261
0.99999046,0.21813647,0.9527997,0.7416897,0.9998076,-0.251798,0.9921916,0.9993697
0.9999884,0.22148862,0.9257184,0.7122054,0.99986,-0.17019387,0.99618834,0.9992802
0.9999859,0.20267192,0.92605233,0.574984,0.9998165,-0.10925902,0.9943074,0.99935097
0.9999843,0.20013544,0.91292775,0.5417632,0.9997986,-0.11003859,0.9950736,0.99974525
0.9999838,0.12162964,0.99977934,0.5831374,0.9995656,-0.20455784,-0.83930683,0.9991676
0.9999831,0.16073717,0.9998213,0.70809966,0.99945694,-0.20508488,-0.82939565,0.9994597
0.9999896,0.20995982,0.9670992,0.80784506,0.9998095,-0.25777906,0.9921399,0.9998525
0.9999846,0.23546574,0.91801053,0.71237,0.99975014,-0.17688575,0.99664795,0.999873
0.99998516,0.19528045,0.90044475,0.47379977,0.99979866,-0.09716691,0.99471843,0.9998667
0.9999861,0.14671232,0.9998208,0.72614723,0.99949694,-0.2797179,-0.82739466,0.9991831
0.99998266,0.16212988,0.9998549,0.79147977,0.9992794,-0.31186727,-0.82979715,0.99917245
0.9999904,0.20907563,0.93512464,0.6219839,0.999801,-0.17522527,0.99358463,0.9999778
0.9999854,0.20345862,0.92383885,0.6922329,0.9998341,-0.16214715,0.99621636,0.9992488
0.9999839,0.19774109,0.93634737,0.6792537,0.99983907,-0.15894964,0.99477994,0.99943197
0.9999874,0.14600246,0.99981916,0.7349447,0.9993642,-0.28422093,-0.8269881,0.99923813
0.99998313,0.21129802,0.8723159,0.63491666,0.9997774,-0.1091012,0.99717194,0.99932986
0.99998605,0.13773687,0.99979115,0.6720274,0.999558,-0.20982751,-0.8291471,0.99939215
0.9999885,0.23125793,0.9440607,0.7218362,0.9997808,-0.21170889,0.9943323,0.9998516
0.9999827,0.16928367,0.99982154,0.7030164,0.9994473,-0.2333756,-0.83214605,0.9992561
0.99998814,0.14896289,0.9997659,0.5695036,0.9995422,-0.18491091,-0.8338894,0.9993134
0.9999878,0.2062256,0.9442862,0.6604481,0.9997682,-0.19514139,0.99246305,0.99927187
0.9999843,0.15475336,0.9998029,0.6867863,0.99939257,-0.23474714,-0.837293,0.9993484
0.9999809,0.14936952,0.9998053,0.69130206,0.99942094,-0.24056867,-0.831916,0.9992776
0.99998415,0.14604251,0.99980885,0.6555209,0.9994692,-0.20043153,-0.83337,0.9992445
0.9999891,0.20822583,0.9386258,0.70893,0.99979544,-0.18108077,0.99515766,0.99981093
0.99998647,0.15089859,0.9997955,0.67516345,0.9994218,-0.24448973,-0.8345213,0.9992747
0.9999871,0.21357742,0.9465781,0.7353121,0.9998318,-0.17064334,0.9944228,0.99972457
0.99998856,0.21569112,0.9580705,0.6741295,0.99978256,-0.2297528,0.98949254,0.9999492
0.99998504,0.12487443,0.9997578,0.6138921,0.9995192,-0.22383972,-0.8338173,0.9993799
0.99999034,0.229851,0.9585076,0.73390007,0.99983215,-0.20821075,0.9928775,0.99919266
0.9999866,0.20382847,0.93606865,0.58103275,0.9998144,-0.14852318,0.99355024,0.99985856
0.99998754,0.22643265,0.9656595,0.6209911,0.9998345,-0.17994046,0.98849607,0.99996984
0.9999872,0.2155179,0.9189551,0.6451802,0.9998053,-0.13419327,0.9961198,0.9993007
0.99998534,0.14194568,0.9997847,0.64999056,0.99943733,-0.22559601,-0.83751,0.99932307
0.9999866,0.21822403,0.9612932,0.7384818,0.9998396,-0.2070907,0.99350655,0.99996597
0.9999864,0.14476928,0.99981815,0.72086847,0.9994545,-0.2714155,-0.8268943,0.99923414
0.99998236,0.23442163,0.9307847,0.70151925,0.9998071,-0.1596663,0.9960657,0.99999976
0.99998766,0.26532772,0.9746393,0.8445795,0.999812,-0.2564472,0.9931571,0.99988616
0.99998623,0.15376568,0.9998198,0.67327654,0.99947166,-0.19805299,-0.8312166,0.99935365
0.99998474,0.21711026,0.9612648,0.69594383,0.99984014,-0.18481211,0.9911384,0.99975604
0.9999879,0.15962502,0.9998229,0.76407737,0.99934536,-0.29653937,-0.82676744,0.9993012
0.9999844,0.115687676,0.9997843,0.6059898,0.9995265,-0.18986489,-0.8322493,0.9992651
0.9999868,0.2078215,0.94743663,0.72332764,0.99978554,-0.2185202,0.9938745,0.99978256
0.9999865,0.2052921,0.93605584,0.6654981,0.9998209,-0.1581947,0.9944383,0.99897486
0.9999879,0.24071385,0.9589066,0.78818333,0.99981564,-0.1958463,0.9946135,0.99983984
0.9999899,0.24486293,0.9737036,0.8326925,0.9997934,-0.27735263,0.9920574,0.99998456
0.9999856,0.20431302,0.9139855,0.5821167,0.9998398,-0.08783615,0.9956588,0.9993296
0.9999846,0.13148913,0.9997951,0.65442276,0.9995658,-0.15982479,-0.83425623,0.99948686
0.99998415,0.21444616,0.91008997,0.67082554,0.99982107,-0.11938782,0.9965812,0.9999675
0.999984,0.14712925,0.99981517,0.7126173,0.99949056,-0.22125696,-0.8336376,0.99941874
0.9999865,0.13542108,0.9998173,0.6933556,0.9994897,-0.23346983,-0.8319545,0.9993222
0.9999881,0.20726296,0.9266414,0.59511626,0.9998534,-0.11679109,0.9950472,0.9999841
0.9999908,0.2170048,0.9346607,0.6043196,0.99978673,-0.16115904,0.9934863,0.9999945
0.99998474,0.16011503,0.9998269,0.7492318,0.9992637,-0.28950584,-0.8316312,0.9993137
0.99998784,0.16291538,0.99980307,0.710428,0.99948514,-0.23566732,-0.8262573,0.99938005
0.99998575,0.20240064,0.9998413,0.794439,0.99930775,-0.27575737,-0.8221251,0.99941593
0.9999828,0.16017157,0.99984175,0.73679864,0.99938875,-0.24971223,-0.83243835,0.9992829
0.9999873,0.1504315,0.99982435,0.75041246,0.99942887,-0.27227905,-0.82470906,0.9993732
0.99998623,0.1594221,0.999831,0.74013317,0.9993825,-0.25084725,-0.82603264,0.9993621
0.99998534,0.19951718,0.9246544,0.5009044,0.9998675,-0.085275136,0.9929714,0.9992334
0.99998426,0.12950784,0.99978966,0.65350354,0.9995235,-0.21052901,-0.83303106,0.99937004
0.9999877,0.21264397,0.9192062,0.6422862,0.99982834,-0.12107272,0.9957027,0.9998491
0.9999879,0.22731645,0.951062,0.6854662,0.99981165,-0.17064644,0.9931719,0.9998517
0.999988,0.122986846,0.99975157,0.600467,0.9995242,-0.18584691,-0.835383,0.99937844
0.99998397,0.21098572,0.9101478,0.60936236,0.9998087,-0.10745506,0.9956327,0.9998677
0.9999906,0.20582825,0.9736087,0.7265345,0.99982697,-0.19292395,0.9884574,0.999812
0.9999844,0.20461456,0.92587477,0.5726343,0.999812,-0.13125394,0.99401873,0.99998933
0.99998814,0.21071367,0.9615527,0.6791409,0.9998274,-0.16881873,0.991318,0.9993242
0.9999818,0.108486705,0.9997562,0.49843466,0.9995085,-0.19130594,-0.8423077,0.99910975
0.9999863,0.14144713,0.99978524,0.61996424,0.9995772,-0.20720954,-0.8318511,0.9991846
0.9999879,0.20753556,0.9262218,0.6820874,0.9998154,-0.12753642,0.995697,0.9999909
0.9999863,0.13672346,0.99978846,0.7506957,0.9994099,-0.29603386,-0.82270336,0.99945337
0.9999884,0.13725519,0.999788,0.74089277,0.99933666,-0.2998939,-0.83084095,0.9992912
0.9999842,0.113510035,0.9997766,0.5387769,0.99959743,-0.19678845,-0.83686996,0.9991442
0.99998534,0.19580022,0.9260374,0.59719986,0.9998255,-0.10525814,0.9948324,0.9994037
0.999987,0.15713295,0.99977916,0.70945144,0.9993931,-0.27488518,-0.8296751,0.9993268
0.999988,0.21494135,0.94993424,0.6926296,0.99980646,-0.19553676,0.9937577,0.9998477
0.9999834,0.2233861,0.93004966,0.7007855,0.99977154,-0.16546896,0.995578,0.9998357
0.99998593,0.16711797,0.999822,0.7103715,0.99941385,-0.1966419,-0.8275523,0.99941385
0.99998766,0.22334677,0.9214467,0.73524535,0.9998036,-0.2049638,0.99608713,0.99981236
0.9999893,0.21604174,0.91048694,0.66947055,0.99980396,-0.19669504,0.99593335,0.9999809
0.9999807,0.12804559,0.9998199,0.7028177,0.9994424,-0.27682102,-0.83290315,0.99915934
0.9999896,0.22383353,0.9468869,0.75385123,0.99977666,-0.24760161,0.99404895,0.99923664
0.9999772,0.1293618,0.9998108,0.66209173,0.99951285,-0.23938218,-0.83678406,0.9992806
0.9999895,0.20043127,0.92502195,0.66171646,0.9997974,-0.19992302,0.99445,0.99978167
0.9999902,0.23780836,0.97071135,0.7720906,0.99982613,-0.2241795,0.99014306,0.99933535
0.9999853,0.11483098,0.99976206,0.56493276,0.9996293,-0.16936114,-0.8361496,0.999252
0.9999881,0.14737315,0.9997853,0.69291687,0.9994726,-0.25786173,-0.8310306,0.99930996
0.99998504,0.14434157,0.99980056,0.68536776,0.9995055,-0.24471672,-0.82864195,0.9992986
0.9999856,0.15411776,0.999818,0.684332,0.9993152,-0.23911268,-0.8339263,0.99918246
0.999983,0.17102803,0.99981874,0.720011,0.9994658,-0.23564677,-0.8259742,0.999418
0.99998605,0.1934663,0.94465494,0.4685589,0.99986815,-0.0938458,0.9900353,0.99997675
0.9999899,0.18207268,0.99980843,0.74315745,0.999434,-0.2260465,-0.8206594,0.99953014
0.9999875,0.19710201,0.92744744,0.6039628,0.99982834,-0.13138862,0.9945933,0.9991776
0.9999803,0.1423102,0.999811,0.667186,0.9994632,-0.21088292,-0.8349266,0.9993621
0.9999865,0.20305984,0.8856916,0.48735964,0.99982005,-0.083633594,0.9954774,0.9999647
0.99998474,0.18453729,0.99983525,0.79207224,0.99947286,-0.26318082,-0.8172096,0.9995274
0.99998677,0.21690118,0.95060444,0.66351056,0.99976385,-0.20840867,0.99175155,0.99918747
0.99998796,0.21696503,0.90882355,0.6184205,0.9998356,-0.113853835,0.9957476,0.9999573
0.9999878,0.21758756,0.95328003,0.66586125,0.9998303,-0.21443993,0.9923392,0.9999691
0.9999917,0.2446368,0.9655177,0.82008505,0.99976104,-0.23896545,0.9941968,0.9992819
0.9999865,0.20238952,0.9303126,0.59141314,0.9997988,-0.11089414,0.9941859,0.9993597
0.9999817,0.15746583,0.99983686,0.720631,0.9995189,-0.26666987,-0.83170897,0.9991533
0.99998236,0.12604095,0.9997852,0.62805283,0.9994255,-0.22918342,-0.83589894,0.99926114
0.99998784,0.2134455,0.8838504,0.6290915,0.9998221,-0.125976,0.9970172,0.9999997
0.99998,0.12857145,0.9997914,0.5793786,0.999544,-0.17659713,-0.8422217,0.99919325
0.9999809,0.13197538,0.9998104,0.6624595,0.99956,-0.19432062,-0.8314101,0.9993083
0.9999827,0.20125104,0.8941814,0.53351986,0.99979925,-0.10983122,0.9960874,0.9998407
0.9999867,0.20683113,0.9048052,0.65194714,0.99976313,-0.1669663,0.9962318,0.9992803
0.9999886,0.2085176,0.93352324,0.5892581,0.99980414,-0.17713925,0.99391127,0.99983776
0.999983,0.11504769,0.9998073,0.6905613,0.9994073,-0.2544965,-0.83220845,0.99934155
0.99998623,0.2120026,0.9228176,0.5750563,0.9998471,-0.1140919,0.9942731,0.99997926
0.9999877,0.14136459,0.99982285,0.72655785,0.99950755,-0.22517411,-0.8271326,0.9993421
0.9999847,0.15203573,0.99980223,0.6370486,0.9995118,-0.17125423,-0.8336677,0.99937874
0.99999064,0.20905949,0.9355219,0.6996809,0.99975884,-0.21765801,0.9946873,0.99998254
0.99999034,0.21127188,0.93678397,0.6657852,0.99982136,-0.16935176,0.994414,0.9995013
0.99998504,0.13641924,0.999813,0.70056796,0.9995657,-0.21061027,-0.83246464,0.99942976
0.9999837,0.13585612,0.9998031,0.68193185,0.99944097,-0.24085316,-0.8303637,0.99935436
0.9999876,0.15690961,0.9998212,0.83144426,0.99908,-0.3807981,-0.8204774,0.9993878
0.9999861,0.15710606,0.99982566,0.7132942,0.99949557,-0.22907482,-0.8286594,0.9993303
0.9999878,0.14313576,0.9997944,0.71770215,0.99944097,-0.24371259,-0.8293495,0.99935937
0.9999838,0.13239717,0.99979675,0.6561954,0.99942684,-0.21551667,-0.8346983,0.99938637
0.9999799,0.13619286,0.99982566,0.6688061,0.9994368,-0.25527525,-0.8388354,0.9991239
0.99997854,0.13465795,0.999807,0.6633457,0.99944323,-0.22567111,-0.83655345,0.99929273
0.9999877,0.21393202,0.93742996,0.60543215,0.9998166,-0.12923756,0.99290127,0.99922925
0.9999896,0.20530455,0.9313535,0.592646,0.99983174,-0.117666334,0.9940139,0.9998986
0.9999858,0.21201266,0.9354081,0.6966002,0.9998156,-0.13763443,0.99481535,0.9999989
0.99998796,0.20394768,0.9424628,0.54880035,0.9998439,-0.1411326,0.9916477,0.99998266
0.9999886,0.21142374,0.8835343,0.5863776,0.9997937,-0.14574389,0.9957611,0.9993442
0.99998754,0.1668599,0.99981546,0.70285714,0.9994795,-0.21481113,-0.8241444,0.9994136
0.99998665,0.1678372,0.99983466,0.7904465,0.9993485,-0.27828017,-0.81838244,0.9994843
0.9999863,0.21486838,0.9327935,0.6208408,0.9998503,-0.15523145,0.99392104,0.9998143
0.99998295,0.13863553,0.999802,0.6482427,0.999444,-0.22626682,-0.83483803,0.99935204
0.9999854,0.12590288,0.9997819,0.6425706,0.9994629,-0.222492,-0.83434236,0.99937624
0.999986,0.21509431,0.9186987,0.70142514,0.9997752,-0.19767088,0.99578696,0.99996424
0.9999856,0.20753211,0.89934665,0.573033,0.99982834,-0.07784881,0.9961533,0.9992477
0.9999847,0.11085846,0.9997508,0.51264787,0.9995724,-0.17787835,-0.83990884,0.99920714
0.9999848,0.1697666,0.99984044,0.7576273,0.999461,-0.23431994,-0.8249197,0.99945354
0.9999873,0.19975446,0.93322706,0.5485672,0.999833,-0.15313311,0.99301887,0.99931335
0.9999889,0.14425793,0.9998148,0.74286133,0.99950844,-0.24382216,-0.82563716,0.99936306
0.9999822,0.13542752,0.999809,0.6293731,0.9995324,-0.13939664,-0.8346103,0.99939656
0.9999852,0.12239308,0.99978185,0.63896537,0.9995191,-0.22799543,-0.8328686,0.99932
0.9999838,0.11304567,0.9997903,0.60194016,0.9995105,-0.19529983,-0.8397183,0.99931896
0.9999859,0.20804265,0.93104607,0.623787,0.9998028,-0.13472587,0.9944537,0.9994379
0.99998844,0.17325701,0.9998303,0.8038613,0.99927664,-0.3079539,-0.818956,0.9994208
0.9999894,0.20718941,0.9186948,0.50700766,0.9998536,-0.12252593,0.992244,0.99998116
0.9999862,0.20786381,0.92898625,0.6360396,0.9998219,-0.13643166,0.9950125,0.999984
0.99998766,0.20889887,0.9243726,0.63542163,0.99977064,-0.14842916,0.9944201,0.99931455
0.99998975,0.21134801,0.9415761,0.6528771,0.999841,-0.24322793,0.9929061,0.9993274
0.9999866,0.21773343,0.9570443,0.66035277,0.9998159,-0.1915224,0.99265033,0.9998563
0.9999813,0.15104079,0.999803,0.66106874,0.9994696,-0.24343269,-0.8374922,0.999263
0.9999866,0.1673288,0.9998203,0.76658094,0.9994801,-0.21836081,-0.8216567,0.9995332
0.9999854,0.23970133,0.9425948,0.7642239,0.99979925,-0.1904838,0.99578315,0.99985284
0.9999858,0.20375101,0.941222,0.6039672,0.99984723,-0.0850439,0.9936512,0.998649
0.99998605,0.14802344,0.9998093,0.65062267,0.99951786,-0.19236259,-0.8315193,0.9993592
0.99998444,0.11682103,0.99977994,0.6631527,0.99947155,-0.24664892,-0.83437514,0.99928343
0.9999863,0.22791845,0.9351995,0.71956825,0.99982125,-0.16753288,0.9947731,0.999971
0.99998933,0.22528993,0.9598871,0.762037,0.9998192,-0.20762523,0.9931966,0.99929273
0.99998766,0.21497816,0.95768136,0.70083964,0.999841,-0.18958707,0.992875,0.9993271
0.999984,0.12672305,0.99980307,0.6173423,0.99947935,-0.1953718,-0.8386491,0.99919474
0.99998313,0.16245306,0.9998232,0.7525269,0.9993419,-0.2521356,-0.8246994,0.99939126
0.99998766,0.21050796,0.92071855,0.6302315,0.9998218,-0.18273719,0.99462456,0.9999538
0.9999864,0.21445715,0.94949585,0.70169556,0.9998007,-0.20116585,0.99417967,0.9999997
0.9999831,0.15254624,0.999822,0.68963635,0.99950594,-0.18936227,-0.8336758,0.99942654
0.99999017,0.23073214,0.95210296,0.77506125,0.9998049,-0.23410599,0.9944466,0.9998501
0.9999913,0.23948047,0.97152245,0.7443136,0.99985117,-0.20608051,0.98959994,0.9992085
0.9999854,0.17322908,0.99982893,0.7338862,0.99935764,-0.26518607,-0.8336514,0.9992766
0.9999903,0.2345681,0.970568,0.8018832,0.99977803,-0.29550543,0.9899459,0.99920595
0.99998474,0.15265422,0.99981374,0.7052736,0.9994559,-0.22857615,-0.8330404,0.99938446
0.99998873,0.15912908,0.99981844,0.7433553,0.9994322,-0.24049437,-0.8243417,0.999396
0.99998325,0.1395654,0.9997748,0.63670504,0.99936193,-0.26295385,-0.84356934,0.99913055
0.9999828,0.15591972,0.9998245,0.7027595,0.9994976,-0.22320867,-0.83086944,0.9992986
0.99998873,0.20204456,0.91382277,0.6318292,0.9998329,-0.1424105,0.99600786,0.9998224
0.9999892,0.20351397,0.95904213,0.74705297,0.9998133,-0.2600101,0.9922312,0.9999788
0.9999892,0.1939052,0.93211186,0.49840608,0.99985623,-0.106676415,0.9920008,0.9992745
0.99998933,0.21771303,0.93785816,0.69543207,0.9998075,-0.16611697,0.99469954,0.9994076
0.99998736,0.21675724,0.9082325,0.6260837,0.99981964,-0.1381675,0.9963931,0.99922246
0.9999865,0.16759717,0.999839,0.7669092,0.99938035,-0.24034168,-0.82085955,0.99951136
0.999988,0.21111138,0.9656671,0.65792716,0.999871,-0.17318878,0.9889934,0.99940974
0.9999883,0.24134602,0.96650416,0.7561403,0.9998036,-0.20254648,0.99299455,0.99996966
0.9999878,0.20986529,0.9474576,0.67984444,0.99982214,-0.16499786,0.9936662,0.99985105
0.9999876,0.17049928,0.9998096,0.75864995,0.99940604,-0.2879318,-0.8218636,0.99934226
0.9999861,0.20736821,0.9064038,0.610536,0.9998191,-0.1257239,0.99590886,0.9998649
0.9999894,0.20532328,0.9570498,0.5656513,0.9998639,-0.14167066,0.9875324,0.9991954
0.9999841,0.16902898,0.9998418,0.753079,0.9995137,-0.2193623,-0.82447606,0.9994367
0.99998844,0.21024665,0.93746483,0.62649906,0.99983066,-0.14203264,0.9938278,0.99931574
0.9999856,0.19839224,0.92434335,0.6593816,0.9998103,-0.18444365,0.9955417,0.9999711
0.99998873,0.20663087,0.953217,0.6359137,0.9998523,-0.20435192,0.9914853,0.99983495
0.99998873,0.19992512,0.9355756,0.5608901,0.9998672,-0.14208163,0.9928997,0.9994052
0.9999887,0.18199256,0.955254,0.65724486,0.9998062,-0.18636662,0.9894559,0.9992317
0.9999876,0.16410182,0.9997923,0.7345635,0.99939793,-0.24814509,-0.8276592,0.99943715
0.99998266,0.11083595,0.9997638,0.50777394,0.9996295,-0.123711996,-0.8322461,0.9993816
0.99998546,0.11691063,0.9998192,0.6781451,0.9995411,-0.23021655,-0.8310722,0.99915355
0.9999893,0.20759918,0.946337,0.58102286,0.99985826,-0.13602811,0.99197537,0.9992985
0.9999894,0.21132077,0.95338964,0.6405518,0.999831,-0.20650743,0.98977757,0.9991016
0.99998784,0.22138475,0.95773095,0.6070103,0.9998442,-0.17272314,0.990578,0.9992982
0.99998915,0.19929165,0.93403274,0.5799837,0.9998474,-0.16236055,0.99345666,0.9999759
0.9999882,0.19268104,0.9399594,0.592908,0.99982154,-0.1405744,0.99317694,0.99997956
0.9999828,0.14515378,0.99983305,0.67242515,0.9994377,-0.21010756,-0.83239335,0.9992234
0.999985,0.14914985,0.9998114,0.69680536,0.99952495,-0.22416943,-0.82236046,0.9993008
0.99998945,0.2209098,0.9547998,0.73605573,0.999809,-0.2119255,0.99379146,0.99986136
0.99998456,0.13345295,0.9998227,0.7624062,0.99938995,-0.32740596,-0.83040184,0.9991832
0.9999871,0.19948821,0.8878964,0.42063066,0.99981564,-0.09527761,0.9951465,0.9998574
0.9999907,0.21318123,0.95885277,0.64549994,0.9998457,-0.19260965,0.9899108,0.99946874
0.99998385,0.11136744,0.9997453,0.56415844,0.99964315,-0.17433895,-0.8289442,0.9993297
0.99998605,0.21015207,0.9352115,0.6164746,0.9998572,-0.14577624,0.9932681,0.9998333
0.9999824,0.11858022,0.99978393,0.5356797,0.9994931,-0.16331574,-0.8415718,0.9992808
0.9999853,0.16026707,0.9998106,0.73492444,0.99937016,-0.27370867,-0.8271917,0.99937284
0.9999824,0.10933722,0.99978346,0.57785857,0.9994683,-0.19320673,-0.8382354,0.99930584
0.9999831,0.21048705,0.90664834,0.57975787,0.99984646,-0.13900119,0.99590236,0.9998768
0.9999911,0.21444575,0.94907576,0.74017537,0.99980885,-0.24288768,0.99313664,0.99996996
0.99998766,0.14493105,0.99982595,0.75573266,0.99945635,-0.26032963,-0.8206768,0.9993333
0.99998534,0.21915188,0.9374155,0.6927197,0.9998186,-0.17226,0.9949439,0.99920243
0.99998766,0.21284266,0.96428525,0.7096457,0.9997981,-0.16122578,0.99067867,0.9999915
0.9999858,0.18948433,0.9340508,0.49497467,0.99979264,-0.14650168,0.98980373,0.99970907
0.9999821,0.12499424,0.99982655,0.71750027,0.999414,-0.2835296,-0.8322412,0.99909276
0.99998915,0.1572427,0.9998153,0.77889067,0.99934256,-0.31309542,-0.8222626,0.99932796
0.99998593,0.22195521,0.950698,0.6747875,0.99981517,-0.19412673,0.99375045,0.99938375
0.9999859,0.21557172,0.90574926,0.66672283,0.99977493,-0.16175519,0.9965706,0.9998654
0.99998444,0.15103103,0.99980885,0.67475545,0.9994968,-0.2394335,-0.8338925,0.9992457
0.9999846,0.19759037,0.89922464,0.49789378,0.9998097,-0.11858474,0.9950873,0.9993872
0.9999882,0.21018325,0.9319277,0.62983555,0.99981886,-0.12431367,0.9947669,0.99992085
0.99999064,0.23199472,0.9570522,0.77773446,0.9998358,-0.21409735,0.99352807,0.99930257
0.99998975,0.2250274,0.960295,0.69337946,0.9998012,-0.20786515,0.9907672,0.99997216
0.99998724,0.12652497,0.99980295,0.7150356,0.99940485,-0.30054373,-0.83036053,0.99909437
0.9999897,0.19451447,0.93342793,0.44977728,0.9998577,-0.09244624,0.9902747,0.99936384
0.99998754,0.20897388,0.9553903,0.62408304,0.9998366,-0.16905373,0.9908351,0.9991142
0.99998707,0.23568344,0.94593185,0.7065062,0.99974877,-0.22040129,0.99419326,0.9999522
0.99998724,0.20910321,0.9452552,0.5866355,0.9998433,-0.12663634,0.99302524,0.9991167
0.999983,0.15567896,0.999813,0.6830107,0.99950963,-0.215337,-0.8325101,0.9993202
0.9999855,0.11986319,0.999759,0.5836166,0.99955195,-0.21216932,-0.83631164,0.9991051
0.9999889,0.20627446,0.96359324,0.6488229,0.9998416,-0.1747244,0.98980063,0.99927515
0.999992,0.20563586,0.961032,0.6200826,0.999844,-0.21023543,0.98814034,0.99919325
0.99998695,0.21266188,0.8894967,0.6145991,0.9998307,-0.11363463,0.99695206,0.9998655
0.99998546,0.13767546,0.9997964,0.72260046,0.99933815,-0.31172577,-0.83002114,0.9991485
0.99998754,0.24841277,0.9552373,0.7888886,0.9997945,-0.20358583,0.9942936,0.99995893
0.9999829,0.11619536,0.99979275,0.5878234,0.9995962,-0.17491509,-0.83415836,0.9993241
0.9999832,0.11444038,0.99979156,0.6998372,0.99941015,-0.2649656,-0.83506566,0.9992941
0.999983,0.13198894,0.9998002,0.6022301,0.99957937,-0.143213,-0.8308324,0.9994838
0.999987,0.20182106,0.9081331,0.53631264,0.99984837,-0.087056115,0.9953207,0.99936485
0.99998564,0.16250281,0.9998154,0.6670923,0.99948,-0.20783639,-0.83129686,0.9992652
0.9999849,0.15515701,0.9998093,0.73786604,0.9993123,-0.2992591,-0.8327271,0.9991527
0.9999868,0.14984757,0.99981403,0.77153486,0.99941707,-0.2915814,-0.8236033,0.99940485
0.9999859,0.20642072,0.9209433,0.63775396,0.9998291,-0.109647356,0.99586636,0.99942046
0.99998444,0.20155591,0.9307323,0.5252678,0.9998679,-0.079873875,0.9943292,0.99994206
0.9999882,0.19201003,0.9131559,0.5302734,0.99983627,-0.066348664,0.99470186,0.9999883
0.9999837,0.13971037,0.99981576,0.7045053,0.9994628,-0.24644235,-0.82890093,0.999296
0.99998736,0.20800632,0.94110435,0.6630825,0.9997978,-0.18173176,0.99313605,0.99942744
0.99998665,0.21658973,0.93705374,0.7286076,0.9998385,-0.18093906,0.99551207,0.9994442
0.9999817,0.18582033,0.9998517,0.790565,0.99935377,-0.28129867,-0.82661533,0.99916226
0.99998844,0.19746768,0.9437101,0.52587587,0.9998468,-0.16636294,0.98946345,0.9991455
0.9999869,0.12642902,0.99978954,0.66555053,0.9995432,-0.21414916,-0.828357,0.99929464
0.9999853,0.15296529,0.9998204,0.72732997,0.9994803,-0.20869638,-0.8248273,0.999468
0.99998474,0.15086302,0.99981654,0.7606803,0.9993776,-0.2951876,-0.8269038,0.99930644
0.9999889,0.22195573,0.9699876,0.7237966,0.99980587,-0.22309318,0.98814934,0.9992969
0.999986,0.14958382,0.99978495,0.62366986,0.9995393,-0.17872466,-0.8294948,0.99946755
0.9999831,0.15206361,0.9998017,0.67982256,0.99948454,-0.20186141,-0.82976955,0.9994378
0.99998355,0.14798576,0.9998186,0.74281716,0.9994081,-0.28202957,-0.8260659,0.99925363
0.9999832,0.18399791,0.9998399,0.7203468,0.99938995,-0.24724749,-0.8242857,0.9993036
0.9999847,0.13285646,0.99981594,0.7297375,0.9994945,-0.26156592,-0.82841206,0.999351
0.99998933,0.2315773,0.9514203,0.7273501,0.99982,-0.21114649,0.99419254,0.9992859
0.99998844,0.21889588,0.95484424,0.7311691,0.99979573,-0.22253944,0.9934242,0.99944204
0.9999874,0.22719955,0.95047677,0.7263353,0.99983114,-0.23541094,0.9943352,0.99986464
0.9999861,0.21835269,0.93653315,0.6866671,0.9998278,-0.14868559,0.9951271,0.99912417
0.99998564,0.12722291,0.9998028,0.68238175,0.9994282,-0.23852137,-0.83384955,0.99925584
0.999988,0.2131939,0.935388,0.65952766,0.9998361,-0.13296992,0.99431604,0.9993243
0.9999824,0.14002532,0.9998346,0.6960734,0.99941415,-0.24054895,-0.833809,0.9992194
0.999985,0.15135574,0.9998211,0.75438404,0.9993383,-0.26424223,-0.82236904,0.9993753
0.9999871,0.21479583,0.937898,0.63407767,0.99985325,-0.13399798,0.99393564,0.99934983
0.9999879,0.20304841,0.9160317,0.59512055,0.99983037,-0.16339104,0.9948206,0.9990249
0.999978,0.13425703,0.9998341,0.7619127,0.999477,-0.29005116,-0.8269121,0.9992175
0.99998635,0.18903573,0.93108606,0.5545243,0.99984217,-0.1687696,0.9928152,0.9998828
0.99998194,0.13060828,0.99981135,0.6734556,0.9994323,-0.27029917,-0.83574754,0.9991007
0.9999911,0.20736645,0.94322133,0.67778313,0.99981266,-0.18373668,0.992421,0.9999998
0.99998504,0.110897735,0.99976677,0.6028229,0.9995784,-0.2100438,-0.8300399,0.999293
0.99998546,0.14805347,0.99982095,0.680959,0.9994012,-0.22417596,-0.83277696,0.99932384
0.9999895,0.21516362,0.9558543,0.7263241,0.9998552,-0.18553957,0.9932213,0.99942297
0.99998873,0.22859725,0.9539256,0.7846394,0.9998026,-0.23283592,0.9948485,0.9993863
0.999987,0.21660824,0.9062879,0.6651541,0.99981475,-0.11669097,0.9970191,0.9994113
0.999988,0.24237864,0.96453726,0.7615719,0.9997752,-0.26213,0.9908273,0.99922574
0.9999864,0.12367825,0.999768,0.60344577,0.9995149,-0.203747,-0.8347204,0.9993283
0.99998474,0.15782358,0.9998327,0.6977103,0.9994082,-0.24769887,-0.83264464,0.99911696
0.99998635,0.21747752,0.9562522,0.682413,0.99983317,-0.17126413,0.9927821,0.99929136
0.9999891,0.20244657,0.9368586,0.5968152,0.99986887,-0.17353028,0.99324006,0.9998385
0.9999856,0.163944,0.9998199,0.68831635,0.999474,-0.2193644,-0.82847416,0.9992324
0.9999909,0.2090203,0.9290229,0.6842728,0.99983895,-0.16324209,0.99586016,0.99995846
0.99998873,0.20989858,0.9507563,0.64410675,0.9997902,-0.17767514,0.9923294,0.9999787
0.99998623,0.19602157,0.8948201,0.58759415,0.9997646,-0.12690307,0.99627006,0.9998417
0.9999802,0.11801415,0.9998019,0.66598886,0.99948955,-0.23837548,-0.8319966,0.99924535
0.99998564,0.20783071,0.922413,0.6292096,0.99981976,-0.16247362,0.995411,0.99919766
0.99998564,0.19390136,0.8973857,0.4639808,0.9997992,-0.06737316,0.99390817,0.99999297
0.99998885,0.16835843,0.9998274,0.7715595,0.9994518,-0.2534341,-0.8203694,0.9994409
0.9999863,0.20822872,0.9385657,0.66284746,0.9997871,-0.19500175,0.994459,0.99987483
0.9999876,0.1912113,0.91181576,0.62457454,0.99981016,-0.14498475,0.9956684,0.9999988
0.9999874,0.14709748,0.99977946,0.640054,0.9995264,-0.23620924,-0.8315567,0.9991194
0.9999841,0.10211019,0.99975866,0.55377746,0.99966264,-0.17253956,-0.83411366,0.9993225
0.9999856,0.13281381,0.99978477,0.6491605,0.99955285,-0.1851978,-0.8311724,0.99948055
0.99998575,0.20489356,0.9062705,0.5816133,0.99982244,-0.1134423,0.99572545,0.99996823
0.99998647,0.2171302,0.9100512,0.6716757,0.9998337,-0.15291177,0.9966964,0.99942744
0.99998623,0.18206303,0.9998502,0.7491194,0.9994116,-0.24177064,-0.82462263,0.999277
0.9999871,0.15127307,0.99980396,0.69809604,0.99947643,-0.2569092,-0.8256628,0.99916816
0.99998504,0.12935425,0.9997868,0.5728327,0.9994711,-0.18568535,-0.8374737,0.9991767
0.9999877,0.2113641,0.915466,0.62705195,0.9998242,-0.09160872,0.9955626,0.99924517
0.99998635,0.14450686,0.99982965,0.6932061,0.999497,-0.21190315,-0.826758,0.9992572
0.9999853,0.14422359,0.9998101,0.6644114,0.999519,-0.22042449,-0.8340145,0.9993182
0.999987,0.21405414,0.93310773,0.61458,0.9998485,-0.12038366,0.9943148,0.9998491
0.99998695,0.22286503,0.94214743,0.6876478,0.9997938,-0.1530361,0.9955121,0.99985594
0.9999865,0.203644,0.92386675,0.44266176,0.99988157,-0.057576276,0.99312586,0.99948907
0.99998873,0.2112685,0.92090654,0.6030827,0.99977714,-0.15861602,0.9944236,0.99938816
0.999987,0.20118673,0.9160618,0.59611344,0.99982506,-0.13605693,0.9947473,0.99940115
0.99998957,0.20512278,0.95089364,0.6707881,0.9998338,-0.22220537,0.9924668,0.99991864
0.9999875,0.21246709,0.93824506,0.6637082,0.9998316,-0.19361372,0.9933127,0.99998677
0.99997747,0.1343883,0.9997857,0.5970759,0.9995117,-0.16230355,-0.83957404,0.999417
0.99998796,0.14798366,0.9998035,0.67843604,0.9995268,-0.21050318,-0.83201426,0.9992793
0.99998486,0.14020097,0.9998308,0.6895032,0.9994612,-0.21726145,-0.8332816,0.99925464
0.9999872,0.22523192,0.9124249,0.66570294,0.9998352,-0.1242741,0.9965731,0.9998754
0.9999847,0.22424076,0.86554396,0.60113907,0.99984217,-0.09099645,0.9976441,0.99932224
0.99998826,0.19886057,0.9468379,0.6052965,0.99983937,-0.16138853,0.9920287,0.9992308
0.99998266,0.13119785,0.9997786,0.6066898,0.99943995,-0.20588656,-0.83738446,0.99926585
0.99998266,0.11353713,0.99976736,0.62904644,0.9994751,-0.2301714,-0.8388233,0.9993813
0.9999869,0.14107549,0.9998092,0.7325432,0.99946314,-0.29162997,-0.82965094,0.99923986
0.9999898,0.23607706,0.9669635,0.79820836,0.99979126,-0.24525774,0.99179393,0.99915624
0.99998474,0.14992888,0.99982417,0.71679854,0.9995532,-0.2536684,-0.830114,0.99917734
0.9999855,0.15796827,0.99981344,0.7049999,0.9995817,-0.19026679,-0.82712555,0.9994847
0.99998075,0.1643353,0.9998561,0.80845094,0.99923414,-0.30718228,-0.8225175,0.99923754
0.9999858,0.22686121,0.9617879,0.6923964,0.9998189,-0.15968439,0.9901069,0.9999821
0.99998474,0.12601714,0.99978834,0.6488919,0.99945205,-0.23330802,-0.8326722,0.99921054
0.9999845,0.13316731,0.9998097,0.68525755,0.99950886,-0.20943272,-0.82997924,0.99945366
0.9999848,0.19640575,0.90943176,0.46462548,0.9998202,-0.094716355,0.9944885,0.9992192
0.9999854,0.16824476,0.99982125,0.72378874,0.9994808,-0.24563824,-0.8274506,0.9993463
0.99998534,0.1153759,0.99979466,0.64309263,0.99947625,-0.20578536,-0.8347501,0.9993399
0.99999005,0.20464487,0.9379564,0.63823307,0.99979985,-0.17812671,0.99293494,0.9999982
0.99998677,0.1871278,0.99985725,0.74570996,0.9995524,-0.22544536,-0.82424575,0.9991352
0.9999852,0.14565141,0.99980867,0.69623005,0.9995001,-0.22256216,-0.8309468,0.99920803
0.9999872,0.22044823,0.92633986,0.71884644,0.9997975,-0.18275458,0.9961255,0.99938923
0.99998915,0.20884536,0.9394379,0.6105507,0.9998571,-0.103615694,0.99343145,0.99998844
0.99998564,0.16351287,0.99984795,0.75557214,0.9995017,-0.25531626,-0.81910974,0.9992254
0.9999898,0.22008608,0.9511681,0.721223,0.99980485,-0.24540216,0.9932196,0.9992131
0.9999835,0.12906326,0.99977386,0.6126338,0.9995069,-0.19354226,-0.8364048,0.99936974
0.99998504,0.17034891,0.9998448,0.7546201,0.99943185,-0.2399218,-0.8243145,0.999361
0.999986,0.13482097,0.99980456,0.6909355,0.9995268,-0.23894228,-0.8316078,0.99929154
0.9999861,0.15620556,0.9998188,0.65056825,0.9994701,-0.20973147,-0.8304513,0.9992107
0.9999886,0.21628577,0.92809486,0.57445586,0.9998648,-0.06694178,0.9948357,0.99938935
0.9999902,0.21323094,0.9289891,0.74141586,0.9997558,-0.2557532,0.99478626,0.999409
0.99998313,0.13510744,0.99981266,0.7019961,0.9995271,-0.2441036,-0.8305299,0.9992715
0.99998456,0.21039592,0.9282217,0.6297282,0.99979484,-0.18096077,0.9939478,0.9993152
0.99998707,0.2056811,0.9054311,0.5180837,0.99984187,-0.0703028,0.99518585,0.9998401
0.99998635,0.13008335,0.99977684,0.65734744,0.9994555,-0.23439546,-0.83597136,0.9992979
0.9999894,0.1506087,0.9998331,0.7711312,0.99946445,-0.28853738,-0.8226281,0.9991905
0.9999876,0.22027582,0.9437454,0.7022785,0.9998286,-0.16089594,0.9947161,0.9998264
0.99998176,0.11499723,0.9997733,0.5711168,0.9995316,-0.20899357,-0.84308314,0.9991238
0.99998724,0.13194598,0.99981385,0.6539866,0.9995688,-0.22172505,-0.8288666,0.99923104
0.99998176,0.14957269,0.9998209,0.6264601,0.9995279,-0.12626795,-0.833605,0.9994247
0.9999878,0.20646052,0.88536435,0.423789,0.99984396,-0.037526093,0.99502075,0.9994188
0.9999795,0.12824243,0.99982595,0.5504323,0.99958146,-0.12818483,-0.8344596,0.9991807
0.9999897,0.21220373,0.9431703,0.7228612,0.9998338,-0.1533735,0.9945318,0.9999992
0.9999894,0.21737315,0.9464803,0.7093494,0.9998202,-0.15995438,0.9933056,0.9999944
0.99998194,0.16132726,0.99982053,0.7122052,0.9994557,-0.23246552,-0.8335291,0.99935734
0.99998736,0.21020739,0.9231188,0.6406435,0.99982667,-0.14613625,0.9950727,0.9991702
0.99998635,0.12402394,0.9997753,0.712549,0.9994511,-0.28757784,-0.83403885,0.99931294
0.9999865,0.20358552,0.93828696,0.5975349,0.9998092,-0.15019473,0.9927706,0.999965
0.9999853,0.14297692,0.9998193,0.7153616,0.99945533,-0.23725726,-0.826384,0.99932045
0.99998903,0.23324145,0.96777165,0.78135717,0.99980813,-0.22852796,0.99181974,0.99974585
0.9999889,0.19161595,0.94024086,0.5468123,0.9998364,-0.1355835,0.993116,0.9993787
0.99998283,0.15379143,0.99981695,0.71090865,0.99944186,-0.26535422,-0.83191806,0.9993029
0.9999838,0.13004912,0.9998066,0.68161833,0.9994535,-0.22357962,-0.8371659,0.9992418
0.99999017,0.21012744,0.96470994,0.6641294,0.9998471,-0.17576194,0.9886889,0.99932075
0.9999877,0.16655786,0.9998155,0.67560065,0.99949443,-0.16464722,-0.8261422,0.9993932
0.9999867,0.20772152,0.93600845,0.6817202,0.99980795,-0.17403015,0.995026,0.99986154
0.9999851,0.1448212,0.9997976,0.6633717,0.99959,-0.20127442,-0.8319436,0.9992941
0.9999807,0.12413838,0.99978,0.6016034,0.9995234,-0.23493513,-0.8367313,0.9992124
0.99998796,0.20141618,0.93923634,0.62188405,0.99984056,-0.16055903,0.99399805,0.99984765
0.99998736,0.21740413,0.92777133,0.67832446,0.9997882,-0.18341829,0.9951913,0.9998651
0.9999856,0.18385984,0.9998436,0.7615444,0.99944013,-0.2139834,-0.8195918,0.9994598
0.99998736,0.16586801,0.9998164,0.71425647,0.99945873,-0.23301663,-0.82847935,0.99932766
0.9999817,0.12976933,0.999829,0.64851916,0.9995504,-0.14413315,-0.83027536,0.9993816
0.99998367,0.18859157,0.8705891,0.43245053,0.9998373,-0.029312415,0.99613947,0.9998412
0.99998295,0.12440931,0.9997919,0.61763597,0.9995738,-0.22541705,-0.8323426,0.9991683
0.9999843,0.22575039,0.93837905,0.75135934,0.9997642,-0.1687024,0.9961331,0.9992606
0.99998057,0.1549899,0.9998338,0.6434389,0.9995499,-0.16500543,-0.8323189,0.99933326
0.9999841,0.1563855,0.99982727,0.7539334,0.9994506,-0.27714983,-0.8274825,0.9992455
0.99998194,0.16744363,0.99981886,0.65532064,0.9994991,-0.18405965,-0.8388386,0.9993275
0.99998826,0.19864549,0.9404346,0.5548115,0.9998638,-0.12535504,0.99238527,0.99925214
0.99999094,0.22536811,0.9621081,0.77328134,0.99983954,-0.26687193,0.9926805,0.99994326
0.9999848,0.13402493,0.9997726,0.5142442,0.9995241,-0.14685073,-0.8415711,0.9992268
0.99998355,0.14475855,0.9998221,0.6940841,0.9994921,-0.22849904,-0.8359535,0.9992973
0.99998504,0.14774683,0.99981624,0.7040101,0.9993515,-0.25962794,-0.8294067,0.99914145
0.9999803,0.1618128,0.99984455,0.72436047,0.99942493,-0.22399811,-0.8266653,0.9993984
0.99998385,0.16020328,0.99981785,0.6857973,0.999449,-0.22483143,-0.8373629,0.9992595
0.99998647,0.20770715,0.92970973,0.5827504,0.9998255,-0.1529957,0.99390346,0.99935573
0.9999899,0.21250775,0.95720977,0.72788596,0.9998282,-0.23369265,0.9914571,0.99985784
0.9999847,0.15542322,0.99983513,0.7564105,0.9993878,-0.26840428,-0.8255169,0.99934787
0.99998367,0.17058235,0.9998475,0.7833512,0.9993597,-0.26940757,-0.8200319,0.9993972
0.99998856,0.2215901,0.9529246,0.71178913,0.9998271,-0.18899179,0.9925413,0.99934703
0.99998146,0.12040423,0.9998087,0.64452195,0.9995356,-0.23096353,-0.8384079,0.9992194
0.9999823,0.13999704,0.99979997,0.6766368,0.9994664,-0.20727049,-0.8350599,0.9994153
0.9999863,0.15887327,0.9998072,0.72206485,0.9994707,-0.28721705,-0.83159924,0.99919236
0.99998415,0.13685064,0.99977374,0.6018841,0.9995411,-0.19618215,-0.83711624,0.9993134
0.99998426,0.15110542,0.9998112,0.6961003,0.9994459,-0.21117203,-0.8336378,0.9994308
0.9999864,0.18617493,0.93362516,0.49869633,0.999849,-0.14578243,0.9916264,0.9993781
0.9999902,0.19351658,0.92539,0.68539095,0.99979717,-0.18521187,0.9947881,0.9999943
0.9999892,0.21342625,0.89697087,0.6086552,0.9997998,-0.13075934,0.9959304,0.99986255
0.9999862,0.21312152,0.9122856,0.6161159,0.9998345,-0.14128424,0.99537206,0.999866
0.999985,0.14827666,0.9998162,0.582686,0.99959743,-0.14334953,-0.8318899,0.99923307
0.999986,0.15103444,0.9998024,0.71763027,0.99947405,-0.28257987,-0.82544005,0.9992563
0.99998087,0.14101672,0.9998256,0.665128,0.9994875,-0.22682859,-0.8309866,0.99918944
0.999987,0.13518989,0.9998051,0.6912002,0.99947095,-0.23513538,-0.8323655,0.99925226
0.99998665,0.19337806,0.9317309,0.57575166,0.9998448,-0.15103363,0.9933352,0.9992365
0.99998164,0.1304526,0.9997865,0.5850061,0.9994046,-0.20316464,-0.8459129,0.99912554
0.99998677,0.2030782,0.88000363,0.5090225,0.9998494,-0.07132734,0.99598324,0.9991449
0.9999858,0.15877073,0.9998272,0.7064515,0.9993814,-0.21481833,-0.8283408,0.99929416
0.9999878,0.19606064,0.9012284,0.45170167,0.99985355,-0.07432782,0.9944315,0.99923354
0.99999017,0.21266103,0.9376562,0.55199575,0.9998528,-0.095902905,0.9932147,0.9999121
0.99998575,0.22346137,0.9436301,0.7667349,0.9997959,-0.17775501,0.9956265,0.9994675
0.9999872,0.22865967,0.9385805,0.76753664,0.99980384,-0.18969879,0.9961419,0.99930686
0.9999811,0.12583058,0.99981534,0.6490469,0.9995055,-0.15841885,-0.8348019,0.99949735
0.99998105,0.10534595,0.999773,0.5883935,0.9995063,-0.22865532,-0.83893895,0.9992154
0.9999857,0.20651913,0.90727496,0.5905875,0.9998185,-0.13318446,0.9955059,0.99941134
0.9999899,0.2361539,0.958564,0.7070168,0.9998368,-0.19507138,0.99223876,0.9999284
0.99998385,0.1088933,0.9997591,0.5031773,0.99957335,-0.15654206,-0.8389094,0.9991395
0.99998486,0.13075617,0.999819,0.6399509,0.9994968,-0.18861136,-0.8327141,0.99929863
0.9999854,0.12490864,0.99978316,0.65604925,0.99947864,-0.20684461,-0.83083457,0.9993969
0.99998814,0.20722455,0.9998516,0.79338527,0.99929607,-0.28302523,-0.8199983,0.9993905
0.999985,0.16943234,0.9998379,0.7455325,0.9994448,-0.21573769,-0.8240209,0.9994093
0.99998766,0.19684263,0.9409168,0.5880463,0.99985355,-0.123526454,0.99296945,0.99996537
0.99997944,0.11861575,0.99979687,0.58077335,0.9994235,-0.18989462,-0.84337556,0.9992328
0.9999863,0.1702229,0.99982953,0.7821903,0.9994314,-0.2893244,-0.8282628,0.9993591
0.9999849,0.13145143,0.99981934,0.62917626,0.9994932,-0.17088531,-0.83357877,0.99928355
0.99998665,0.14950801,0.99982,0.7291569,0.99938124,-0.22497486,-0.8273692,0.9994294
0.9999841,0.14489219,0.99981457,0.6558505,0.999497,-0.20910825,-0.8365054,0.99919194
0.99998474,0.13471931,0.9998018,0.6608354,0.9994323,-0.2306059,-0.8365883,0.9991885
0.9999862,0.1351221,0.9997696,0.61357987,0.99946994,-0.20022148,-0.83627087,0.99936444
0.99998444,0.21161409,0.9013896,0.5273662,0.9998346,-0.0916366,0.99530333,0.9998673
0.9999802,0.10450089,0.999788,0.5698143,0.99952316,-0.19955534,-0.83810043,0.9992055
0.9999857,0.20986922,0.93305856,0.62750435,0.99981874,-0.14893022,0.99440193,0.9994014
0.99999017,0.18284014,0.9370548,0.5046882,0.9998374,-0.12748809,0.99208474,0.9999775
0.99998695,0.1511094,0.99984056,0.78653395,0.99942994,-0.31644177,-0.8271878,0.99920475
0.9999801,0.13369423,0.9998047,0.56650925,0.99958163,-0.14369889,-0.8365439,0.99924004
0.99998474,0.12445834,0.9998066,0.571537,0.9995459,-0.14516746,-0.83279896,0.9993471
0.9999895,0.25329205,0.9776151,0.85145545,0.9997844,-0.31619543,0.9916961,0.9998968
0.9999888,0.19294943,0.9300674,0.5216933,0.9998374,-0.115748085,0.992912,0.9994001
0.9999849,0.13564786,0.9998049,0.67580104,0.9995242,-0.23627008,-0.83257973,0.99927175
0.9999898,0.24745406,0.9573626,0.7907171,0.999756,-0.25474143,0.9942967,0.99987835
0.99998724,0.20648612,0.9488404,0.65877205,0.99980855,-0.16641068,0.9927062,0.99933743
0.99998534,0.15692462,0.99984103,0.7807195,0.999281,-0.30056855,-0.82599306,0.99932426
0.9999855,0.20436089,0.92596513,0.59633565,0.9998294,-0.111428514,0.9946767,0.99985594
0.9999887,0.22976248,0.9515177,0.7365916,0.99983454,-0.20851482,0.99453217,0.99928343
0.99998766,0.2063676,0.93585587,0.6535057,0.99982643,-0.15112455,0.99431205,0.99997973
0.99998915,0.22434881,0.9377386,0.68698263,0.999811,-0.18493788,0.99442405,0.999949
0.99998456,0.1533832,0.9998297,0.73429215,0.9993518,-0.27110428,-0.83094805,0.99916345
0.9999836,0.12936519,0.9998225,0.70809644,0.9994589,-0.25241503,-0.82740676,0.9991702
0.9999872,0.16909789,0.99982876,0.74404424,0.9994016,-0.26017395,-0.82909286,0.9992106
0.9999875,0.21356095,0.9353446,0.7377298,0.9998155,-0.1882974,0.9956201,0.99997467
0.9999876,0.22192584,0.9436654,0.6478713,0.999822,-0.15732707,0.9939255,0.9993209
0.99998623,0.17209062,0.9998095,0.74782646,0.9993863,-0.26092875,-0.82733375,0.99945235
0.99998677,0.2243856,0.94360393,0.67919666,0.9998304,-0.146378,0.99443334,0.99997747
0.9999904,0.19509283,0.937145,0.6170013,0.99982864,-0.14736423,0.993167,0.9992533
0.9999832,0.21482614,0.8941668,0.5797702,0.999794,-0.10255474,0.99640524,0.99982774
0.99998695,0.21055369,0.91222864,0.59345615,0.9998189,-0.13190173,0.99535733,0.9999934
0.99998444,0.11724228,0.9997929,0.6428453,0.99959874,-0.21971075,-0.83316183,0.99924237
0.9999848,0.14579648,0.99980575,0.70591664,0.9994606,-0.25150558,-0.82773334,0.9993654
0.9999894,0.2371285,0.9669415,0.7488129,0.9997992,-0.21105824,0.99189246,0.99984
0.9999884,0.15655339,0.9998312,0.7745928,0.99941134,-0.27371293,-0.8242512,0.9993779
0.9999821,0.15158187,0.99981576,0.68624604,0.99947363,-0.2772465,-0.83306056,0.99913436
0.9999861,0.21489444,0.92863256,0.6070494,0.9998435,-0.13621327,0.9943008,0.99995655
0.9999813,0.12931244,0.9997967,0.6275847,0.9994252,-0.2007838,-0.8391555,0.9992452
0.9999856,0.17421082,0.9998291,0.76441574,0.99953747,-0.26208997,-0.81897265,0.9993636
0.9999836,0.16789287,0.99982506,0.69267505,0.999561,-0.21052969,-0.82712436,0.9992655
0.9999817,0.1262918,0.9997803,0.6272539,0.99945235,-0.24020272,-0.8373573,0.99924076
0.9999869,0.19647223,0.8745582,0.48059422,0.99983317,-0.091575645,0.996038,0.9994935
0.9999838,0.12442437,0.9997957,0.5687081,0.99957526,-0.13696206,-0.8377936,0.9992928
0.9999875,0.1929525,0.93292326,0.63657117,0.9997857,-0.17695123,0.9942607,0.9998546
0.99998623,0.1503541,0.9998143,0.72862315,0.9994475,-0.24543232,-0.82262796,0.9993585
0.9999898,0.22337681,0.95569724,0.77053857,0.9998224,-0.2578689,0.9937794,0.99930704
0.9999844,0.19239637,0.8802078,0.3597222,0.9998512,-0.009690033,0.9941602,0.99988246
0.9999886,0.21897346,0.9546409,0.7249,0.99981135,-0.21449539,0.99334425,0.9992734
0.9999898,0.19626442,0.9213897,0.5309217,0.99985486,-0.12460431,0.991976,0.9998353
0.99998766,0.21270585,0.96300113,0.64267254,0.9998613,-0.16610952,0.98919,0.9992744
0.9999898,0.15921892,0.9997972,0.7350484,0.99946386,-0.23498495,-0.8195627,0.99949557
0.99998915,0.2350941,0.9741819,0.7384938,0.9997886,-0.26353088,0.9856774,0.99920493
0.9999823,0.13560097,0.99979734,0.6900095,0.99939734,-0.28719702,-0.8390267,0.999173
0.99998796,0.16027915,0.99982816,0.77118456,0.99948406,-0.28020152,-0.8179316,0.9992971
0.9999853,0.20855638,0.90823346,0.60700095,0.9998281,-0.10529312,0.9960786,0.99941486
0.99998355,0.15786135,0.99985075,0.77683467,0.9993641,-0.3032617,-0.83008623,0.99915814
0.99997985,0.1436652,0.99982506,0.6993319,0.99937177,-0.24823816,-0.83217555,0.99930435
0.99998575,0.12484697,0.99978805,0.6766435,0.999457,-0.2373589,-0.83044326,0.99933213
0.9999883,0.23382588,0.95778954,0.77882016,0.9998158,-0.1827985,0.9951765,0.9997936
0.9999862,0.24187252,0.9633,0.76063514,0.99976397,-0.22968115,0.99322283,0.99927706
0.99998397,0.14804216,0.99979633,0.69168985,0.99950063,-0.23615324,-0.8286724,0.99933124
0.9999895,0.21154554,0.93092406,0.58916277,0.9998547,-0.1081104,0.99463755,0.99930185
0.99998605,0.13633196,0.99977016,0.5644916,0.9995565,-0.12314116,-0.8361732,0.99951327
0.9999809,0.14690422,0.99984115,0.72612035,0.9993435,-0.2621361,-0.83145416,0.99918807
0.9999824,0.15734632,0.9998319,0.7120323,0.99954623,-0.22006728,-0.82775193,0.99922633
0.99998534,0.1622705,0.9998174,0.7160982,0.999425,-0.23060818,-0.8293781,0.9993352
0.9999906,0.21421136,0.9447176,0.68165433,0.9998273,-0.18590267,0.9933713,0.9999802
0.9999895,0.25537986,0.9701739,0.8284891,0.99979204,-0.25565705,0.9930018,0.9993556
0.9999858,0.20276588,0.92390734,0.5986613,0.999822,-0.08210909,0.99510217,0.99932647
0.9999884,0.22164363,0.96031004,0.74443674,0.9998109,-0.21863738,0.99198174,0.99935627
0.99998677,0.22944625,0.9246784,0.76712084,0.99981546,-0.18565436,0.99698603,0.99997014
0.9999875,0.20925838,0.96250063,0.7132071,0.999798,-0.22164123,0.9901684,0.99926627
0.99998677,0.20745248,0.95624113,0.58451617,0.9998488,-0.16089925,0.98943,0.99941176
0.9999858,0.15962443,0.9998312,0.7356148,0.99945915,-0.23778938,-0.82946956,0.9992921
0.9999877,0.20290361,0.89516467,0.61761624,0.99979866,-0.14114769,0.9962157,0.9992487
0.99998516,0.13084242,0.9997931,0.5959517,0.9995508,-0.16940922,-0.83344257,0.999288
0.99998176,0.1424427,0.9998167,0.68241656,0.9995411,-0.22760914,-0.8317424,0.9993009
0.99999,0.21696824,0.9372517,0.69350415,0.99980193,-0.17385527,0.99444443,0.99999684
0.99998754,0.19537683,0.92459023,0.5802907,0.9998083,-0.14824156,0.9940387,0.9999687
0.9999801,0.11885422,0.99980927,0.6133819,0.99949336,-0.18213032,-0.8385398,0.9992953
0.9999883,0.20387441,0.9409721,0.5948401,0.99983376,-0.1562271,0.99215966,0.9999687
0.99998486,0.14596854,0.9998125,0.685124,0.9995346,-0.20326193,-0.82802486,0.99942803
0.9999785,0.12437927,0.99976534,0.5066172,0.999563,-0.11652927,-0.8377222,0.9994005
0.9999899,0.1792293,0.9998289,0.76463526,0.9995257,-0.25670135,-0.82018286,0.9993897
0.9999821,0.14209585,0.99980116,0.6307013,0.99945855,-0.18538766,-0.8380383,0.9993262
0.9999833,0.10204622,0.99977905,0.6200836,0.99957263,-0.1957339,-0.82982165,0.99932075
0.9999897,0.23449112,0.9631182,0.7553351,0.9998461,-0.18907811,0.9934367,0.99997544
0.99998593,0.11856553,0.9997584,0.5412128,0.9996072,-0.1595573,-0.83276975,0.9993616
0.99998397,0.159916,0.99983656,0.7611651,0.9993664,-0.27365404,-0.8218987,0.9993013
0.99998707,0.15737948,0.99982643,0.8118278,0.9992545,-0.32104227,-0.8193568,0.99946785
0.9999833,0.14118628,0.99980867,0.6232977,0.9994423,-0.20318447,-0.83871996,0.999303
0.9999887,0.20545192,0.93031657,0.57386684,0.9998364,-0.112879865,0.9936904,0.99983615
0.99998844,0.26591974,0.9697076,0.85874283,0.99976224,-0.26649654,0.99519664,0.9993454
0.9999857,0.13382149,0.9997993,0.72112906,0.9994814,-0.2556457,-0.8284054,0.99933195
0.99998444,0.13116868,0.9998249,0.73071283,0.99943715,-0.2829058,-0.83223045,0.9992352
0.9999892,0.12177753,0.9997852,0.66339767,0.99947244,-0.2366259,-0.831083,0.9992789
0.9999918,0.21825019,0.9732825,0.760394,0.99981636,-0.25794852,0.9892225,0.9999921
0.9999887,0.22673222,0.9748409,0.74749637,0.9997718,-0.25648814,0.98460317,0.9993568
0.99998796,0.21764714,0.9481121,0.63642514,0.9998416,-0.19200028,0.9923778,0.99911696
0.9999859,0.14907773,0.9998035,0.70308745,0.99947053,-0.26779926,-0.8292692,0.99934363
0.9999864,0.15350448,0.9998129,0.72561073,0.99935365,-0.24338599,-0.83126247,0.99938756
0.9999892,0.21469103,0.945697,0.7207874,0.999833,-0.16021158,0.99520904,0.99980444
0.9999872,0.15297717,0.99983,0.72690296,0.999483,-0.25129434,-0.82928026,0.9992482
0.999987,0.17531785,0.999827,0.7594884,0.9994778,-0.24036378,-0.8204628,0.99945545
0.99998826,0.12511203,0.9998015,0.6907262,0.9995014,-0.24751088,-0.8326063,0.9991844
0.99998814,0.19394699,0.92743284,0.524138,0.9998105,-0.11729705,0.99322,0.9998537
0.9999858,0.22779793,0.9548172,0.75416064,0.99983907,-0.20548624,0.99458736,0.99913657
0.9999831,0.12506212,0.999813,0.7421584,0.9994467,-0.27885988,-0.82566917,0.9993396
0.9999861,0.15530261,0.9998394,0.7802141,0.99934036,-0.27386037,-0.8235619,0.9993333
0.9999858,0.17025997,0.99984646,0.7749641,0.99942946,-0.25968555,-0.8246458,0.9993412
0.9999854,0.14028996,0.999812,0.7022016,0.999479,-0.27835402,-0.83405393,0.9991628
0.99998736,0.21180518,0.93133223,0.67831564,0.99981433,-0.17495643,0.9947503,0.99994755
0.99998623,0.20529775,0.9245535,0.5380366,0.9998238,-0.15099706,0.99387497,0.9992934
0.99998736,0.22617808,0.9347199,0.6338795,0.9998153,-0.20511901,0.9934696,0.9999654
0.9999872,0.20633048,0.9131789,0.50858563,0.9998477,-0.06350745,0.9940801,0.9992765
0.9999869,0.21479951,0.87031835,0.59805226,0.99983853,-0.09088257,0.9973043,0.9998784
0.9999818,0.11261648,0.99976563,0.5519383,0.99955964,-0.18862285,-0.83474845,0.999326
0.99998736,0.18206623,0.9998469,0.7841996,0.9993984,-0.24787952,-0.82055795,0.999465
0.99999046,0.2037962,0.9464352,0.6466478,0.99981225,-0.14681341,0.9923711,0.9991577
0.9999827,0.1490483,0.99978524,0.6005204,0.9994084,-0.16983034,-0.8404362,0.99925053
0.9999887,0.23572817,0.9547034,0.7553425,0.9997809,-0.1899532,0.99339247,0.9998702
0.99998885,0.21136385,0.94302684,0.5836047,0.9998494,-0.14403883,0.9930128,0.99983436
0.99998295,0.12381512,0.9997897,0.64376926,0.99945635,-0.24130578,-0.8370523,0.9991571
0.99999017,0.22398521,0.9603877,0.7542367,0.99979,-0.20507023,0.9928544,0.9999718
0.9999901,0.26227978,0.9762366,0.8402784,0.9997729,-0.27842858,0.9918397,0.9993117
0.99998206,0.14967577,0.99982715,0.72292024,0.99940664,-0.23150446,-0.8287043,0.9993283
0.9999863,0.22130765,0.92663234,0.74628055,0.99981827,-0.16858046,0.9967092,0.99933505
0.9999876,0.17418039,0.99983674,0.76006305,0.9994836,-0.26790792,-0.82189244,0.9992502
0.99999344,0.26275453,0.9773022,0.8450339,0.9998161,-0.2394625,0.9916708,0.9992096
0.9999866,0.23773897,0.93379474,0.72436833,0.9997505,-0.20692918,0.9952819,0.9998554
0.9999882,0.24032485,0.970751,0.788165,0.99979264,-0.28807595,0.9906985,0.999263
0.9999882,0.22688836,0.96152276,0.7575338,0.9998182,-0.18745695,0.99339426,0.9993243
0.9999831,0.12724967,0.9998166,0.7069963,0.99953026,-0.23609978,-0.8287456,0.99934167
0.9999851,0.20572095,0.95354176,0.70125484,0.9998402,-0.18675521,0.9931183,0.99945813
0.99998474,0.12936735,0.9997916,0.59741634,0.99958307,-0.15102859,-0.8348404,0.99935156
0.99998945,0.20064232,0.9400329,0.5984895,0.9998228,-0.17819804,0.9916012,0.9999154
0.99998975,0.21403454,0.96286565,0.7184759,0.99982035,-0.19737944,0.9913062,0.9993297
0.9999901,0.21342471,0.95799935,0.7419888,0.9997836,-0.27018222,0.9917621,0.9991506
0.9999869,0.17684361,0.99984175,0.7969457,0.9993198,-0.30988058,-0.8186872,0.9992696
0.99999076,0.21129045,0.95310956,0.664112,0.9998209,-0.20469378,0.99085927,0.9992741
0.9999849,0.13250282,0.9997685,0.5273783,0.99962723,-0.16259615,-0.8364687,0.9992644
0.99998957,0.21879804,0.9517269,0.7453253,0.9997762,-0.26244503,0.9926347,0.9992919
0.99998534,0.13619782,0.9997695,0.5943587,0.9995706,-0.20680131,-0.8366102,0.99923915
0.9999826,0.1267795,0.9997888,0.64013994,0.99942446,-0.2246766,-0.8377415,0.99932253
0.99998873,0.20657595,0.9310449,0.6796739,0.999795,-0.16560414,0.9943003,0.9993706
0.999987,0.123136535,0.99975455,0.60839885,0.9995964,-0.1983957,-0.83245146,0.99934405
0.9999861,0.1997634,0.924907,0.52734643,0.9998374,-0.107946016,0.9935402,0.9999783
0.99998677,0.20596056,0.9014694,0.6118743,0.9998525,-0.14008239,0.9959778,0.9993472
0.99998504,0.14934464,0.9998223,0.7234286,0.99946016,-0.27184588,-0.825566,0.99922824
0.9999849,0.11575916,0.999775,0.66235363,0.99947464,-0.2780719,-0.8348007,0.99914193
0.9999806,0.121740505,0.9997852,0.57907605,0.9995194,-0.20965375,-0.8418089,0.99904704
0.9999882,0.21021178,0.94192684,0.6474128,0.9998271,-0.14971152,0.9934627,0.99994826
0.9999887,0.16817349,0.9998467,0.8189579,0.9994449,-0.30911508,-0.81636167,0.99934405
0.9999835,0.13891469,0.9997913,0.556054,0.9995511,-0.17558444,-0.83592284,0.9992052
0.99998796,0.21502282,0.9325936,0.68444216,0.99978566,-0.21284166,0.9941401,0.9992571
0.9999886,0.22877109,0.9517051,0.77652174,0.9998012,-0.23287408,0.99454004,0.99998957
0.9999837,0.13149641,0.9997913,0.62327874,0.9995298,-0.20602235,-0.83381915,0.9992953
0.999984,0.12777531,0.99979377,0.6881889,0.99944305,-0.23166336,-0.8360542,0.99939185
0.99998564,0.22708385,0.93765306,0.72716796,0.9998094,-0.19446196,0.9953758,0.9999832
0.99998605,0.16720563,0.99982274,0.72036064,0.9994694,-0.201491,-0.8247328,0.9994663
0.9999807,0.12905478,0.99980605,0.70090604,0.9993388,-0.24650384,-0.83479017,0.99931014
0.99998474,0.18832055,0.9403519,0.51690567,0.9998419,-0.08169912,0.9930618,0.9999819
0.99997854,0.18688564,0.99984795,0.78691536,0.99925035,-0.2948085,-0.8249666,0.99917257
0.99998516,0.14169368,0.9997966,0.5642087,0.9995048,-0.15425207,-0.8384401,0.99924725
0.99998647,0.19046813,0.91324687,0.4571822,0.99979043,-0.13356978,0.9927688,0.9994903
0.99998623,0.21520817,0.9258777,0.63114846,0.9997897,-0.14574471,0.9950365,0.9994443
0.99998146,0.1332993,0.9997991,0.59269726,0.99954194,-0.1395608,-0.8357048,0.99945897
0.9999911,0.2329474,0.9532247,0.7083448,0.999818,-0.18630232,0.99231315,0.9994184
0.99998885,0.14075704,0.9998203,0.78912914,0.9993228,-0.34673545,-0.822986,0.999272
0.999989,0.15383449,0.9998031,0.727162,0.9994819,-0.26167727,-0.82849944,0.99940205
0.9999874,0.19949812,0.9149542,0.6638653,0.9998368,-0.15338516,0.99610865,0.9999586
0.9999827,0.15039544,0.99981004,0.6708226,0.9994004,-0.234996,-0.83396375,0.99929154
0.99998546,0.12148759,0.99979305,0.7280779,0.99928653,-0.34246874,-0.83500457,0.9991566
0.99998677,0.20919453,0.9536787,0.6324382,0.9998206,-0.15796198,0.99045825,0.99986315
0.9999883,0.16653572,0.99984336,0.7802665,0.99941194,-0.29227304,-0.82260776,0.99923754
0.99998623,0.21803276,0.9296271,0.6705585,0.9998296,-0.14772066,0.9954476,0.99987656
0.99998873,0.20361803,0.90576607,0.46921158,0.99984604,-0.13300143,0.99330616,0.99934214
0.9999828,0.10831924,0.999792,0.62083006,0.99946415,-0.229069,-0.8382543,0.9992429
0.9999907,0.20097513,0.9282639,0.66936517,0.9998462,-0.19015868,0.9951624,0.99922514
0.9999863,0.17785873,0.99983764,0.7769936,0.9992651,-0.26345432,-0.8260319,0.9993934
0.9999874,0.19441947,0.92012954,0.59169066,0.9998609,-0.118921846,0.99496454,0.9989936
0.9999845,0.20017411,0.90566957,0.58282113,0.9998086,-0.11515344,0.9961743,0.9992117
0.9999877,0.22961466,0.9440004,0.7137244,0.99984664,-0.19184272,0.99494433,0.9993927
0.99998784,0.1951641,0.9155997,0.5811876,0.999846,-0.1410686,0.9955076,0.99917823
0.9999863,0.13458617,0.9997949,0.5994751,0.9995154,-0.19455604,-0.83323276,0.99922913
0.99998873,0.1362388,0.9997894,0.68478805,0.9994795,-0.24622753,-0.8309858,0.99929965
0.99998814,0.20467763,0.91307944,0.5769598,0.9998329,-0.12063599,0.9946077,0.9998527
0.9999855,0.21018647,0.91527396,0.5772245,0.9998553,-0.09466706,0.99593115,0.99999976
0.99998444,0.121012,0.99976796,0.5235919,0.9995923,-0.14128138,-0.83955353,0.9992734
0.9999915,0.23804659,0.96922994,0.8432727,0.9997704,-0.29339257,0.99287075,0.99929583
0.99998367,0.15165187,0.99981403,0.63636744,0.99954206,-0.18376975,-0.8375566,0.9992532
0.9999873,0.21624652,0.9264745,0.6264721,0.9998237,-0.12888232,0.994583,0.99986166
0.99998826,0.24508606,0.9665202,0.7860914,0.9998346,-0.24733123,0.99318874,0.99927056
0.9999864,0.21425943,0.9110186,0.5753236,0.9998439,-0.10758094,0.99544305,0.9993247
0.99998,0.12830709,0.9997988,0.5506741,0.9995494,-0.11995609,-0.836807,0.99941736
0.9999836,0.1278625,0.99980557,0.6366925,0.9994511,-0.21534729,-0.83751905,0.9992654
0.999991,0.20110634,0.95050573,0.61845946,0.9998269,-0.14993428,0.99010015,0.9993112
0.99998766,0.21676648,0.9557259,0.65309477,0.999812,-0.20397915,0.99082756,0.999986
0.9999849,0.1511097,0.99978215,0.67495096,0.9994438,-0.23334242,-0.8331951,0.99933505
0.99999,0.20648634,0.9406041,0.660742,0.9998194,-0.22154231,0.9927172,0.999867
0.999989,0.20956466,0.9634677,0.66550547,0.99980575,-0.19690046,0.9889682,0.99942577
0.9999863,0.21025309,0.94606835,0.6688425,0.9998333,-0.15024605,0.99399185,0.999392
0.99998796,0.20415659,0.9324333,0.62285054,0.99982744,-0.13191693,0.9938196,0.9998474
0.9999854,0.16293652,0.9998181,0.6663438,0.99948126,-0.2128971,-0.83061785,0.99927866
0.99998826,0.15411198,0.9998154,0.72942036,0.9994601,-0.25444245,-0.8286472,0.99931437
0.99998385,0.1158643,0.9997859,0.60063994,0.99941283,-0.20729516,-0.8431338,0.9992043
0.99998695,0.21462137,0.92917407,0.66777813,0.9998301,-0.13870542,0.99562776,0.99984974
0.999985,0.12837113,0.9998215,0.77432024,0.99934304,-0.31380326,-0.82555234,0.99940753
0.99998254,0.13448337,0.9998099,0.62473804,0.9995239,-0.17638312,-0.83891964,0.9992395
0.99998593,0.20136191,0.95001394,0.5446727,0.99982244,-0.122645035,0.9911979,0.99994516
0.9999895,0.20858376,0.9613622,0.73745465,0.9998206,-0.26318213,0.99009037,0.9999666
0.99998575,0.2049483,0.9581509,0.6639993,0.9998465,-0.19216059,0.9919898,0.9992248
0.999985,0.13628627,0.99980605,0.66665703,0.99957407,-0.22415958,-0.8333716,0.9992652
0.99998343,0.111481614,0.999746,0.4345824,0.9996132,-0.11622405,-0.83828557,0.9993676
0.9999859,0.14977606,0.9997884,0.6615031,0.99943143,-0.25001165,-0.82977355,0.999299
0.99998444,0.20534371,0.93235666,0.694372,0.9998104,-0.2074858,0.99481493,0.99923337
0.99998343,0.10696711,0.9997764,0.5995581,0.9995396,-0.20327426,-0.8326453,0.99936026
0.9999847,0.14719647,0.9997961,0.69093496,0.9994593,-0.24696411,-0.83727616,0.9992719
0.99998194,0.13969602,0.99981076,0.6638989,0.99941236,-0.239917,-0.8378374,0.99926627
0.99998695,0.13589093,0.99979144,0.6518581,0.9995587,-0.25558186,-0.8281573,0.9991506
0.99999076,0.21737283,0.96823144,0.7054757,0.99979895,-0.24437341,0.98691326,0.9998273
0.9999818,0.14419213,0.9998133,0.6928716,0.99942243,-0.25194702,-0.82793134,0.9992274
0.9999824,0.13143878,0.99979675,0.57588685,0.9995439,-0.1431745,-0.8375368,0.9993176
0.9999872,0.20063218,0.9029687,0.55278045,0.9998173,-0.12299316,0.9950383,0.99939203
0.9999873,0.114256784,0.99977237,0.63330877,0.99955785,-0.20507509,-0.82650214,0.99939907
0.999983,0.13405894,0.99980265,0.68724537,0.99941456,-0.26046765,-0.8349166,0.99924713
0.9999854,0.16505182,0.9998126,0.63297236,0.9994526,-0.1880796,-0.8319716,0.99937606
0.9999869,0.13300937,0.99977976,0.5299266,0.99965084,-0.15579575,-0.83795685,0.9991883
0.9999822,0.14786671,0.9998234,0.6923835,0.9995147,-0.20984894,-0.8304035,0.99934816
0.99998623,0.13318917,0.9997983,0.67156374,0.9995028,-0.22218329,-0.8366947,0.99936193
0.99998885,0.22665107,0.9618592,0.7571982,0.9997911,-0.24030823,0.9925089,0.9998489
0.9999866,0.21728897,0.95484257,0.66936725,0.9997884,-0.20146936,0.9924214,0.99942875
0.9999891,0.20538452,0.93899834,0.62873775,0.9998521,-0.1466682,0.9927687,0.99938697
0.9999897,0.20586345,0.9071057,0.5210005,0.99980265,-0.14667591,0.99394834,0.9994718
0.9999873,0.19378208,0.9121582,0.55514127,0.99983114,-0.117054,0.99452126,0.9992786
0.9999868,0.16672012,0.9998406,0.7573885,0.99949396,-0.22652394,-0.820669,0.99947387
0.9999857,0.21219166,0.9379415,0.6755241,0.9998223,-0.17153046,0.9952931,0.99986017
0.9999882,0.12980153,0.99979347,0.724806,0.9994922,-0.29755077,-0.82861245,0.99918383
0.9999863,0.13828887,0.9997822,0.65954083,0.9994183,-0.25088573,-0.83868855,0.99925315
0.9999864,0.1379562,0.99981654,0.70022166,0.9994568,-0.23160289,-0.8341372,0.99920344
0.9999864,0.20047124,0.93271935,0.6851785,0.9998259,-0.19862999,0.99447775,0.99938107
0.9999865,0.13916679,0.9998159,0.6934124,0.9994136,-0.27734074,-0.836522,0.9990784
0.99998784,0.2092117,0.9266661,0.6839022,0.9998187,-0.17403087,0.9959344,0.9993272
0.9999865,0.1470536,0.99981177,0.7395233,0.9993974,-0.239741,-0.830239,0.9994255
0.9999825,0.12810077,0.99979925,0.613847,0.99952203,-0.18114081,-0.8350737,0.9992536
0.999989,0.21453881,0.9470643,0.61791515,0.99985623,-0.16227375,0.99170786,0.9992806
0.99998343,0.16345915,0.9998352,0.7570716,0.9994579,-0.27386454,-0.82428604,0.99928683
0.9999853,0.16422959,0.99982744,0.7308774,0.9994896,-0.23217405,-0.8228397,0.99931335
0.9999878,0.20482892,0.93062264,0.5805431,0.999826,-0.12570982,0.9938609,0.99985254
0.99998504,0.17314145,0.9998229,0.68473303,0.99952173,-0.17575568,-0.8286872,0.9994322
0.999989,0.2063648,0.9246124,0.65803516,0.99985456,-0.14180575,0.9955954,0.9998356
0.99998534,0.11344452,0.999776,0.4976346,0.9995623,-0.14349367,-0.8374158,0.9992444
0.99998736,0.19860974,0.92018974,0.56849134,0.99981636,-0.14167954,0.99393183,0.9998794
0.99998456,0.19756871,0.94066274,0.64188564,0.99980795,-0.18127501,0.99290884,0.99928796
0.9999879,0.2189326,0.9515031,0.71045333,0.9997981,-0.25058925,0.99280345,0.9999858
0.99998707,0.22007337,0.95821035,0.7159591,0.9998403,-0.18713918,0.9935401,0.9992715
0.9999852,0.1686554,0.9998516,0.80073786,0.9993669,-0.2858087,-0.82201177,0.9992837
0.999987,0.21484618,0.91309965,0.54220676,0.99982476,-0.1695331,0.99441254,0.9992203
0.9999855,0.2154803,0.8863939,0.5288799,0.99982166,-0.0816945,0.9964325,0.99994814
0.99998015,0.1251054,0.9998098,0.6617276,0.9994653,-0.22120063,-0.8343357,0.9992785
0.99998236,0.13930064,0.99980885,0.7324122,0.99945253,-0.25146404,-0.8293673,0.99940145
0.9999844,0.16106316,0.99981517,0.7409934,0.9993199,-0.2968589,-0.82937664,0.9992795
0.9999876,0.22104377,0.9368109,0.6479806,0.99984664,-0.15353657,0.99469125,0.9997424
0.9999882,0.23961765,0.96485806,0.74044853,0.9998037,-0.2314846,0.9926307,0.9998495
0.9999865,0.19624346,0.91000026,0.48611763,0.99981457,-0.14249307,0.99387836,0.99924725
0.99998844,0.19834194,0.9340103,0.6326972,0.99979305,-0.1579131,0.9930746,0.9999874
0.99998707,0.21173972,0.9224907,0.6363472,0.9998115,-0.17416036,0.99529076,0.99937576
0.9999834,0.22684193,0.9310694,0.6694473,0.99982476,-0.15409629,0.99561054,0.9998221
0.99999076,0.19975632,0.9489249,0.6185577,0.999804,-0.18472098,0.98963284,0.9993588
0.9999896,0.2142159,0.9650691,0.6220012,0.99982387,-0.1882104,0.98670524,0.9999065
0.99998814,0.21228017,0.94980675,0.63881385,0.9998442,-0.15643719,0.9913693,0.99999017
0.9999874,0.1575177,0.99981713,0.6999494,0.99954724,-0.1799078,-0.82677865,0.9994177
0.9999868,0.16442376,0.9998003,0.6472691,0.9995381,-0.19777091,-0.83292603,0.9993022
0.99998707,0.22119793,0.95869815,0.75012594,0.9998501,-0.20005809,0.993919,0.9993525
0.9999877,0.20584823,0.96847653,0.687708,0.9998145,-0.23172355,0.98824984,0.9998772
0.9999873,0.16518268,0.99984205,0.7872922,0.99948204,-0.27820495,-0.8244032,0.9992959
0.9999834,0.20379952,0.93031037,0.663251,0.99983215,-0.16611294,0.99506015,0.9994114
0.99998635,0.2433654,0.96439874,0.7826093,0.99984396,-0.19764422,0.99467695,0.99981874
0.99998903,0.22605427,0.95010877,0.7282164,0.9998167,-0.15436995,0.99448836,0.9992793
0.99998635,0.20631601,0.83515173,0.41047508,0.9998476,-0.01767744,0.99678826,0.9999673
0.9999847,0.19756402,0.9112342,0.5466948,0.9998237,-0.11697594,0.9943582,0.9999994
0.9999836,0.14773948,0.99983823,0.81169957,0.9992769,-0.31934017,-0.8226852,0.99936515
0.9999826,0.13842258,0.9998251,0.7268967,0.9994716,-0.26409793,-0.8349206,0.9993274
0.9999812,0.1437541,0.9997978,0.68332636,0.9994357,-0.26360604,-0.8338779,0.9992537
0.9999868,0.2161878,0.95118123,0.75338316,0.9998356,-0.16602023,0.99524635,0.9999133
0.9999819,0.12813309,0.9997563,0.5596905,0.99951273,-0.18998735,-0.8379476,0.99932575
0.9999887,0.23331437,0.9689901,0.7176182,0.99981064,-0.22465016,0.9884919,0.99981177
0.99998903,0.22021703,0.95813066,0.6795918,0.9998439,-0.16545737,0.99237144,0.9998607
0.9999839,0.13277903,0.9998246,0.7267315,0.99931943,-0.27676055,-0.8345539,0.99919367
0.99998975,0.21506983,0.9774229,0.7586448,0.9998032,-0.29528615,0.98437816,0.9991515
0.99998593,0.15722485,0.9998231,0.7354085,0.99946177,-0.28509426,-0.82723224,0.99920297
0.9999894,0.2012173,0.9319465,0.5719897,0.99983776,-0.121434085,0.99259347,0.99986625
0.9999881,0.22501348,0.9556246,0.68392026,0.9998102,-0.22944327,0.9927296,0.9999996
0.99998844,0.23269993,0.96049434,0.7938353,0.9998155,-0.21440049,0.99459785,0.9992826
0.9999877,0.16258103,0.9998295,0.731714,0.9994612,-0.26563403,-0.82935566,0.9992435
0.9999895,0.19313474,0.9280573,0.5692668,0.99982923,-0.18854499,0.99294204,0.99982804
0.99998444,0.13728589,0.99981624,0.683398,0.9995096,-0.21439521,-0.83440447,0.9993668
0.99998844,0.22689168,0.9685954,0.7702129,0.9998079,-0.26568666,0.9901537,0.9999841
0.9999871,0.17466965,0.99982196,0.7841531,0.9992621,-0.31138766,-0.8240828,0.9993272
0.9999843,0.20444974,0.9092019,0.5175228,0.9998592,-0.060116112,0.9949475,0.9992672
0.9999864,0.21480295,0.91078115,0.5728313,0.99980927,-0.12653266,0.9944553,0.9999996
0.9999839,0.12173595,0.99978876,0.64482695,0.9995432,-0.20720851,-0.83266747,0.9993535
0.9999863,0.19786723,0.9388926,0.61526597,0.99983585,-0.15876375,0.9925431,0.9999379
0.9999847,0.13108383,0.9998185,0.66555566,0.9995227,-0.18970226,-0.8334913,0.9993098
0.9999858,0.15508379,0.99981564,0.7359818,0.9994011,-0.26785508,-0.8283464,0.9993162
0.9999879,0.22500795,0.94103616,0.73957145,0.99979204,-0.20497622,0.9954383,0.9999871
0.99998444,0.21460263,0.9259537,0.6653199,0.99978584,-0.15167339,0.9952363,0.999267
0.9999831,0.15814163,0.9998302,0.7415347,0.9993622,-0.24840024,-0.8310218,0.9993259
0.9999857,0.17657869,0.9998305,0.7857442,0.9994628,-0.27484077,-0.8183335,0.9994659
0.9999863,0.14473736,0.99978447,0.64386857,0.9995312,-0.18913664,-0.83388937,0.9994024
0.9999881,0.22279504,0.94620514,0.7001897,0.99985474,-0.17223836,0.99415904,0.9998284
0.9999821,0.17050003,0.99985456,0.8191521,0.9992829,-0.29750064,-0.82322645,0.99939585
0.9999816,0.14148869,0.9998245,0.68044794,0.9994471,-0.26787972,-0.83754885,0.99900883
0.9999914,0.25480595,0.9796226,0.8225478,0.9997909,-0.2839234,0.98917484,0.99929005
0.9999854,0.120050594,0.99976605,0.5756669,0.9995687,-0.18814391,-0.8407496,0.99932164
0.9999872,0.20210329,0.9387276,0.6286197,0.9998284,-0.19718634,0.9926704,0.9994522
0.99998856,0.22940718,0.9458189,0.737371,0.9997878,-0.20872658,0.9945096,0.99938375
0.9999858,0.14193101,0.9998071,0.70678145,0.99947274,-0.20682354,-0.8316093,0.99943566
0.9999826,0.113328755,0.9997619,0.56682545,0.9995035,-0.21019559,-0.84060985,0.9992804
0.9999869,0.20772526,0.8955448,0.5809853,0.99980485,-0.1186807,0.9962892,0.9999746
0.99998933,0.19164355,0.9393921,0.48043817,0.9998595,-0.073919974,0.9916801,0.9993694
0.9999888,0.21780515,0.9479988,0.6486677,0.9998597,-0.13360943,0.99271697,0.999196
0.9999833,0.14147776,0.9998258,0.71319306,0.99937904,-0.23168886,-0.83128726,0.9993407
0.9999867,0.23183689,0.9578251,0.70853806,0.9998003,-0.17868675,0.99351555,0.9999776
0.999983,0.147859,0.9998266,0.72053564,0.9993021,-0.26109806,-0.83274627,0.9992547
0.9999853,0.22550735,0.9412834,0.70011437,0.9998387,-0.13893883,0.9954581,0.99932194
0.99998564,0.20254818,0.89675677,0.49660054,0.9998264,-0.09932868,0.99489015,0.9998291
0.99998564,0.1935335,0.92229325,0.5397764,0.99980164,-0.15671755,0.9926913,0.99998045
0.99998415,0.14164221,0.9998172,0.7222589,0.99936926,-0.25494686,-0.8313511,0.99942595
0.99998444,0.11691868,0.9997897,0.6392369,0.99953556,-0.22502948,-0.836213,0.99922633
0.99998885,0.19425254,0.93117523,0.5201255,0.99982476,-0.13561864,0.99242973,0.99937886
0.9999905,0.2283025,0.952665,0.7232013,0.99982494,-0.1954431,0.9935577,0.9998655
0.9999896,0.18879415,0.9561949,0.65877956,0.999844,-0.19099496,0.9910365,0.9991816
0.9999865,0.1215373,0.9997581,0.6029026,0.9996213,-0.18824227,-0.82785726,0.99945265
0.9999902,0.20508519,0.9323247,0.5955315,0.99981666,-0.1482865,0.99294543,0.9993106
0.99998426,0.16518928,0.99984115,0.78257954,0.9993759,-0.24619833,-0.82037216,0.9994714
0.9999797,0.120871246,0.9997995,0.57480973,0.9995665,-0.17761879,-0.8381466,0.99908
0.99998784,0.17692427,0.99982375,0.78563815,0.9994557,-0.28333706,-0.81495434,0.9994242
0.9999882,0.17359696,0.99984807,0.80196995,0.9994587,-0.2411899,-0.8165062,0.9993856
0.9999876,0.19553256,0.9585786,0.61935174,0.9998364,-0.18636256,0.98935515,0.99997
0.999988,0.22523548,0.957834,0.701537,0.99980205,-0.22817941,0.991516,0.9992978
0.9999841,0.1380308,0.9997936,0.6881299,0.9995293,-0.2508295,-0.832084,0.9993077
0.9999881,0.20711331,0.9184391,0.5762838,0.99985784,-0.079199135,0.9951321,0.999877
0.999988,0.21388596,0.93101,0.74862313,0.9997706,-0.2029748,0.9958979,0.99999267
0.9999894,0.2105369,0.9329889,0.6773585,0.9998396,-0.13394336,0.99552643,0.9999635
0.99998784,0.1506641,0.99980325,0.7351219,0.9994844,-0.26416272,-0.8294147,0.9994011
0.9999893,0.2213059,0.95823073,0.69576526,0.999777,-0.23744324,0.9914091,0.999345
0.9999856,0.10766726,0.99974364,0.5224997,0.99961627,-0.15697372,-0.8348856,0.999352
0.9999894,0.2383709,0.9630228,0.77490634,0.9998204,-0.19622687,0.9936841,0.99998516
0.999984,0.13495293,0.9998066,0.58967125,0.9995282,-0.14171456,-0.83687776,0.9992926
0.99997956,0.14887193,0.9998399,0.73416483,0.9994397,-0.24924466,-0.83274806,0.9992999
0.99999064,0.22019348,0.93845654,0.6687856,0.9998017,-0.15378912,0.99325126,0.9992709
0.99998534,0.17447697,0.9998529,0.7607456,0.99951446,-0.23170786,-0.8169975,0.99935174
0.99998534,0.2137204,0.92346025,0.66508806,0.99983364,-0.13527122,0.9955774,0.9999381
0.9999834,0.12382856,0.99980646,0.6585183,0.99951375,-0.18996578,-0.83398235,0.9993772
0.9999883,0.2110463,0.9540743,0.72193336,0.99979323,-0.20324312,0.9918767,0.99941486
0.99998224,0.112288445,0.999799,0.5428163,0.99949473,-0.12931293,-0.84069896,0.9993397
0.9999874,0.16814217,0.9998173,0.720809,0.99940956,-0.24872313,-0.8266371,0.99932075
0.9999898,0.23897144,0.9591956,0.8297968,0.9997459,-0.3151417,0.99446344,0.9998476
0.99999154,0.20216751,0.9513177,0.7253295,0.999813,-0.20287079,0.99260247,0.9998677
0.99998707,0.1711811,0.9998246,0.7551519,0.9994796,-0.22830436,-0.82041496,0.9994878
0.99998647,0.22036004,0.93907607,0.6769735,0.99985254,-0.1340297,0.99496996,0.99997526
0.99998546,0.20914342,0.9100773,0.6773715,0.9998029,-0.13843273,0.99659204,0.9998528
0.99998325,0.12448469,0.9998012,0.63897896,0.9994318,-0.22710389,-0.83870006,0.9991814
0.9999856,0.14047855,0.9997926,0.6337228,0.99946535,-0.20306134,-0.839389,0.99925053
0.99998325,0.12787232,0.99979055,0.6183302,0.9995576,-0.20991667,-0.83453625,0.999282
0.99998695,0.20148322,0.94825274,0.60702646,0.99979955,-0.14065646,0.992727,0.99934953
0.99998474,0.22679658,0.93213147,0.6716717,0.99978834,-0.16865729,0.9954432,0.99930304
0.99998444,0.09467567,0.99974453,0.5857448,0.9995326,-0.22733118,-0.83223134,0.99930745
0.99998784,0.16528901,0.9015504,0.27129605,0.9998443,-0.048013493,0.9920545,0.99939656
0.9999898,0.20613892,0.9439482,0.720978,0.999815,-0.21641842,0.9943542,0.9994001
0.99998444,0.13672124,0.9997948,0.67630416,0.9995333,-0.24462064,-0.83305895,0.9992829
0.9999874,0.22182393,0.9394987,0.6782839,0.9997986,-0.21673402,0.9936057,0.9993334
0.9999857,0.11940822,0.99976957,0.65638936,0.9995015,-0.26760346,-0.8346817,0.99935305
0.9999876,0.22138639,0.8837244,0.6487024,0.9998408,-0.11278777,0.99748087,0.99998343
0.99998647,0.21231858,0.9156477,0.6243007,0.99983305,-0.1103294,0.99536115,0.9998489
0.9999866,0.20207359,0.93828416,0.5439286,0.9998624,-0.1076721,0.9918716,0.99996877
0.99999017,0.22819497,0.94519997,0.7114014,0.99981433,-0.20977959,0.99431103,0.9993617
0.9999913,0.21431942,0.9027815,0.5678303,0.99981385,-0.15353288,0.9949781,0.9990438
0.99998707,0.20235185,0.9318601,0.63802016,0.99984217,-0.11952188,0.9949496,0.9992499
0.99998474,0.15829341,0.99983597,0.77457464,0.9993557,-0.259204,-0.8239722,0.99945915
0.9999846,0.14680026,0.9998145,0.73646605,0.999459,-0.28503314,-0.8270167,0.99928254
0.99998885,0.2208924,0.95705503,0.7185502,0.9998448,-0.22448172,0.9915517,0.9993171
0.99999005,0.21472083,0.9538826,0.7379136,0.9997684,-0.24464737,0.9924599,0.9993767
0.9999881,0.21897429,0.963813,0.7084827,0.9998372,-0.19283494,0.99126595,0.9998243
0.999988,0.258621,0.9699344,0.8298185,0.99968064,-0.2963945,0.9917983,0.99906635
0.9999861,0.20700933,0.9447666,0.6677928,0.9998173,-0.13630639,0.9948657,0.9992953
0.9999885,0.20063218,0.9365885,0.64894235,0.99983454,-0.19052663,0.9941459,0.9993437
0.9999847,0.22804847,0.94215286,0.7213695,0.99979407,-0.16924126,0.99528205,0.9999321
0.9999863,0.2068802,0.9140375,0.5701193,0.99980223,-0.1592295,0.9952739,0.99978024
0.9999911,0.23745044,0.9842362,0.7784395,0.999878,-0.24058852,0.98317856,0.99940175
0.99998754,0.21477169,0.9441603,0.6079302,0.99985385,-0.14649403,0.99348307,0.9993951
0.99998534,0.1644447,0.99983984,0.77148074,0.9992885,-0.2770807,-0.825914,0.9992837
0.99998987,0.20977212,0.9474383,0.72819614,0.999787,-0.24416243,0.9941442,0.9998361
0.9999876,0.20789576,0.9078007,0.4929993,0.9998144,-0.098634526,0.994256,0.9998712
0.9999877,0.20485128,0.9297096,0.6383405,0.999834,-0.17293163,0.9945732,0.9999319
0.9999847,0.15142268,0.99981904,0.6776842,0.99953246,-0.1948329,-0.82532203,0.99939084
0.99998945,0.22903371,0.96014816,0.78503525,0.9998515,-0.18331277,0.9935703,0.99947923
0.99998754,0.21648276,0.92905736,0.7268482,0.9998026,-0.17407815,0.99597925,0.9992691
0.99998844,0.18381351,0.9998231,0.80213547,0.99933976,-0.29833236,-0.8122219,0.9994337
0.9999838,0.14992568,0.9998241,0.74293923,0.99947816,-0.25491372,-0.82496256,0.9994199
0.99998575,0.14090824,0.9997862,0.6693162,0.9994738,-0.2591812,-0.8364845,0.99926525
0.99998665,0.16290583,0.9998309,0.789363,0.9992869,-0.30603528,-0.82327384,0.9993355
0.9999863,0.16464114,0.9998203,0.72864234,0.999356,-0.25718942,-0.8300339,0.9994025
0.99998605,0.14707436,0.999793,0.6480945,0.99958724,-0.2086403,-0.8325622,0.9992803
0.9999887,0.21536843,0.95368785,0.68212664,0.99983186,-0.17451863,0.9925537,0.9999133
0.99998504,0.11615043,0.99979,0.6617849,0.9995278,-0.23017737,-0.8273951,0.99935704
0.99998355,0.16367762,0.99981666,0.7275322,0.99948585,-0.25632882,-0.82813245,0.99935156
0.9999878,0.15220606,0.99979055,0.7021458,0.9995366,-0.19265568,-0.8193988,0.99955976
0.99998105,0.14149112,0.9998078,0.63902473,0.9994829,-0.19549647,-0.83779347,0.9992843
0.9999882,0.26262072,0.9587404,0.856977,0.9997413,-0.27100796,0.9961055,0.9997822
0.99998677,0.20489268,0.96054083,0.63625526,0.99981475,-0.16022538,0.9891716,0.99999106
0.9999867,0.21822123,0.9473488,0.71524,0.99982166,-0.14595656,0.9953824,0.9998702
0.999989,0.21933027,0.94224036,0.66978693,0.999798,-0.12158238,0.9945048,0.99994296
0.99998516,0.161921,0.9998104,0.73056746,0.9993494,-0.29238006,-0.82978,0.99912375
0.9999833,0.14394906,0.9998472,0.7583437,0.9994037,-0.26615897,-0.8292115,0.99923414
0.9999875,0.15845706,0.99980396,0.70913035,0.9994757,-0.27473605,-0.83101547,0.9992301
0.9999826,0.14732233,0.99983954,0.7505164,0.99944013,-0.27337143,-0.8308012,0.99926054
0.99998635,0.124859266,0.9997895,0.71963215,0.9993808,-0.3205595,-0.83330905,0.99924964
0.9999901,0.17117901,0.9998048,0.77380365,0.9994428,-0.27759102,-0.8190046,0.99940985
0.99998677,0.115987174,0.99977684,0.62025285,0.9995602,-0.20729595,-0.8306285,0.99929464
0.99998564,0.20774354,0.9199375,0.59877396,0.9998291,-0.118743666,0.99510795,0.9994824
0.99999094,0.21444252,0.96818084,0.647043,0.9998157,-0.21886216,0.9874996,0.99997497
0.9999799,0.14187625,0.99979335,0.5815781,0.99953854,-0.17272447,-0.83918715,0.9992895
0.99998474,0.22002919,0.92750657,0.64301634,0.99976254,-0.15154792,0.9949367,0.99925417
0.999985,0.15434033,0.99981576,0.6935646,0.99947494,-0.2266642,-0.8305478,0.9993643
0.99999005,0.2441481,0.97894156,0.83197117,0.9998448,-0.28300843,0.9905035,0.9998568
0.99998826,0.2081481,0.9235678,0.62349725,0.9998348,-0.11171706,0.99478763,0.9994345
0.99998385,0.2031267,0.9536244,0.58649063,0.99983186,-0.09891652,0.99214727,0.9999998
0.9999885,0.2223007,0.96483284,0.7141185,0.9998169,-0.1936644,0.99073863,0.9999824
0.99998295,0.14584157,0.99981344,0.6404775,0.99940705,-0.21766166,-0.83898544,0.999132
0.9999881,0.15047742,0.99982715,0.7668602,0.99950856,-0.25787413,-0.8216193,0.99933124
0.9999859,0.12844421,0.9997986,0.68423986,0.99964094,-0.24168028,-0.8267816,0.9992274
0.999983,0.13903837,0.9998126,0.6059598,0.99949205,-0.19262116,-0.8354511,0.99914825
0.9999821,0.15126926,0.99982005,0.7412052,0.9994105,-0.26643828,-0.82851756,0.99938446
0.99998766,0.1694788,0.99982476,0.75477654,0.9994249,-0.2622742,-0.82540375,0.99935305
0.9999835,0.16593003,0.9998354,0.80815494,0.9993388,-0.3140489,-0.8199148,0.99944276
0.9999867,0.13772275,0.9997962,0.6947323,0.9994695,-0.24411963,-0.82877946,0.9992723
0.9999832,0.12973455,0.99981415,0.7022432,0.99952066,-0.2387946,-0.8331415,0.9994343
0.99998665,0.20664866,0.9146186,0.6287697,0.99984294,-0.17184713,0.9953099,0.99985397
0.9999853,0.21548708,0.92393035,0.63285,0.99982375,-0.12015895,0.99533814,0.99951005
0.99999005,0.21491984,0.96032375,0.7174306,0.9998284,-0.19059232,0.9918997,0.9999647
0.9999878,0.19817013,0.9139356,0.63421786,0.9997937,-0.15542674,0.99599594,0.99942017
0.9999837,0.19437966,0.93324727,0.5734874,0.9997833,-0.13599074,0.99349177,0.99932945
0.9999851,0.2061987,0.94039726,0.6278496,0.9998241,-0.14449446,0.99450415,0.9992638
0.9999875,0.22215751,0.944452,0.67247283,0.99983275,-0.11720197,0.9942633,0.9991968
0.9999908,0.22412454,0.9749891,0.737638,0.99984217,-0.23981515,0.9856277,0.9994596
0.9999881,0.2209316,0.95861226,0.6846584,0.9997909,-0.2467421,0.9907282,0.99939466
0.9999895,0.19432487,0.9339972,0.5378232,0.9998112,-0.18354964,0.990967,0.99933034
0.9999843,0.14021511,0.99979925,0.7248024,0.99933994,-0.30090618,-0.8341858,0.9993059
0.9999876,0.12875937,0.99979025,0.72915006,0.9994435,-0.28051138,-0.8250576,0.9993618
0.99998933,0.23933421,0.9538745,0.77115095,0.99983877,-0.21612445,0.9949894,0.99997437
0.99998736,0.2262253,0.957691,0.70288515,0.9998465,-0.17787816,0.99325544,0.9999164
0.9999879,0.21312883,0.96474445,0.6998484,0.9998031,-0.22689438,0.9900983,0.99976826
0.9999896,0.22732496,0.96206856,0.6953274,0.9998442,-0.18381836,0.99235696,0.9999775
0.9999865,0.14737038,0.9998099,0.7472322,0.9994325,-0.28955936,-0.8251259,0.9993155
0.9999893,0.18680973,0.9487006,0.56529,0.9997622,-0.18570337,0.98799735,0.99998635
0.999989,0.21220139,0.91300267,0.56950724,0.99981946,-0.12414719,0.99525535,0.9993864
0.9999905,0.2024566,0.9443816,0.66087735,0.99978817,-0.17723836,0.99334896,0.9999999
0.9999876,0.23806933,0.95867056,0.7676399,0.99979335,-0.2364029,0.9935196,0.9998416
0.9999861,0.19433409,0.8930614,0.48456585,0.99983734,-0.062367264,0.9954927,0.99997884
0.99998695,0.22665504,0.982216,0.74672747,0.9998594,-0.29187196,0.9802924,0.9999659
0.9999906,0.2131512,0.9561598,0.70581794,0.99983245,-0.1941159,0.99149877,0.99933374
0.99998677,0.14913638,0.9998211,0.7224146,0.99937755,-0.26414427,-0.83183134,0.99929726
0.9999859,0.13667701,0.99980676,0.710474,0.9995442,-0.2519726,-0.82695585,0.99927974
0.99999094,0.19238475,0.96387136,0.6062973,0.99984485,-0.21651545,0.98309565,0.9992205
0.9999893,0.20594952,0.94148785,0.598199,0.99984753,-0.15845121,0.9917858,0.9999871
0.99998766,0.16730872,0.99981964,0.7620313,0.9993353,-0.2779518,-0.82548827,0.99928844
0.9999857,0.21449861,0.8980064,0.589247,0.99981076,-0.13437255,0.9962092,0.9993187
0.9999888,0.20808463,0.92341596,0.6928834,0.9997878,-0.2242799,0.9958714,0.9999159
0.9999903,0.22547135,0.9565567,0.6886938,0.9998122,-0.17358413,0.99172276,0.9993513
0.9999867,0.20216392,0.93748665,0.58514917,0.9998572,-0.12945494,0.9938773,0.9993096
0.99998796,0.20657904,0.9057757,0.5130308,0.9998336,-0.10428201,0.9940402,0.9993116
0.99998707,0.18876526,0.99984586,0.82102704,0.9992998,-0.34861204,-0.82005507,0.99928707
0.99998736,0.20535417,0.916972,0.57446074,0.9998305,-0.08078572,0.9948566,0.9999838
0.99998367,0.14421438,0.99983525,0.66375804,0.9994651,-0.2218627,-0.83248997,0.99913764
0.99998987,0.20429268,0.93731475,0.5390773,0.99985695,-0.12485498,0.9918896,0.9993014
0.99998546,0.21351627,0.91652894,0.62263644,0.99978346,-0.15715314,0.99531096,0.9994057
0.9999854,0.1304001,0.99979347,0.64632154,0.99945056,-0.20468037,-0.83503103,0.99937195
0.99998456,0.10831871,0.99980575,0.620451,0.9994654,-0.20218989,-0.8358507,0.99925077
0.99998695,0.19685258,0.91762155,0.59551597,0.9998526,-0.10671041,0.9946238,0.9993111
0.9999854,0.14002827,0.9997842,0.63315153,0.99958503,-0.18557607,-0.8306869,0.99941915
0.9999861,0.16753395,0.99979854,0.651005,0.99948823,-0.20904356,-0.83532345,0.9992973
0.99998707,0.1562752,0.999799,0.66900057,0.9994866,-0.20737325,-0.82959205,0.9993433
0.9999843,0.15577504,0.9998066,0.7098792,0.9993677,-0.275447,-0.8330401,0.99915224
0.9999868,0.18208203,0.9115461,0.47213924,0.9998229,-0.099571116,0.9939528,0.9994255
0.99998534,0.14984597,0.99981385,0.7322899,0.99943715,-0.2446497,-0.8297414,0.9993729
0.9999914,0.20329678,0.9521982,0.6648207,0.9998298,-0.1931729,0.9929937,0.9999585
0.99998546,0.15235095,0.9998083,0.7395556,0.9993766,-0.26429385,-0.8291395,0.9993658
0.9999878,0.21864001,0.9509845,0.73917395,0.9998437,-0.1993131,0.9941581,0.99933296
0.99998665,0.13920636,0.9997941,0.63410485,0.999484,-0.19417396,-0.8344741,0.99943465
0.99998915,0.19586721,0.9329976,0.5871991,0.9998403,-0.13146713,0.99330753,0.9992766
0.999986,0.21918604,0.96054715,0.6480161,0.99985456,-0.18763278,0.9911159,0.99993074
0.9999831,0.12469646,0.9998107,0.6710355,0.9995422,-0.2295829,-0.8327251,0.9992117
0.99998677,0.20397384,0.92151785,0.5905903,0.99980253,-0.14552088,0.9935455,0.9999362
0.99998164,0.12686184,0.9997922,0.6735449,0.99941623,-0.2669633,-0.83686197,0.99928474
0.9999875,0.1803686,0.99984354,0.8217804,0.999377,-0.3181077,-0.816978,0.99927765
0.9999852,0.12515488,0.999791,0.6107059,0.9994631,-0.18334928,-0.8396494,0.99931806
0.99998385,0.15521106,0.9998213,0.7325494,0.99943,-0.22937192,-0.82643783,0.99943435
0.9999903,0.22198525,0.96861213,0.77154344,0.9998153,-0.26933068,0.98990947,0.9993548
0.999985,0.21651107,0.93618274,0.6578009,0.99979484,-0.1384651,0.9946641,0.9999919
0.99998784,0.12565693,0.99978966,0.7275063,0.9994168,-0.2829605,-0.82860583,0.99945194
0.9999862,0.23363985,0.95054185,0.7233759,0.9997771,-0.18700436,0.99470747,0.9994322
0.9999871,0.14188282,0.9997923,0.62273216,0.9995457,-0.20181304,-0.8303761,0.9993045
0.9999908,0.235096,0.9584197,0.7668008,0.99981934,-0.21205142,0.9934718,0.9999334
0.9999866,0.15342593,0.99981827,0.7465569,0.9993978,-0.3237193,-0.8307728,0.9991756
0.99998754,0.22196329,0.9310573,0.6877886,0.999826,-0.117461555,0.9957221,0.9992628
0.9999831,0.11105898,0.9997949,0.6955813,0.999495,-0.28546017,-0.83005494,0.9992238
0.99998575,0.19562706,0.91627127,0.5440184,0.99983776,-0.13721205,0.99403614,0.9992819
0.9999845,0.121534154,0.99977183,0.6336302,0.9994273,-0.23391414,-0.8379676,0.9992948
0.99998826,0.23199235,0.94853926,0.7575961,0.99979603,-0.19946277,0.9949538,0.99931234
0.9999855,0.14906557,0.99981904,0.6472652,0.99955297,-0.17489862,-0.82846904,0.9993631
0.99998844,0.1562151,0.9997702,0.5876161,0.99964285,-0.14324652,-0.827361,0.99945796
0.99999,0.19525652,0.93263614,0.68250877,0.99978906,-0.19330077,0.9950035,0.9992863
0.9999843,0.124053925,0.99979013,0.6590421,0.9995064,-0.27181694,-0.83523506,0.99913627
0.9999874,0.23127723,0.95548934,0.7282233,0.9998272,-0.19116251,0.9944337,0.99931926
0.9999844,0.12470485,0.9997615,0.5892187,0.99947166,-0.22493872,-0.84124917,0.99920434
0.9999843,0.21269071,0.91082466,0.6578661,0.99976,-0.17991921,0.9963626,0.9998269
0.9999823,0.13939944,0.9998131,0.6233839,0.999489,-0.22496164,-0.8359799,0.99912167
0.99998647,0.1137532,0.99978054,0.65140283,0.999417,-0.25557062,-0.837958,0.99917525
0.9999844,0.1444318,0.9998241,0.72082424,0.99946475,-0.2585223,-0.82946205,0.99937356
0.99999034,0.1968541,0.957151,0.69183886,0.99978167,-0.22124802,0.99044216,0.9992734
0.999986,0.11261301,0.99978507,0.57493985,0.99961925,-0.17135178,-0.83132946,0.9992773
0.99998873,0.21595849,0.93748164,0.72729415,0.9998159,-0.1997431,0.9960095,0.99984306
0.99998546,0.18844059,0.9361754,0.4969188,0.99986064,-0.067458525,0.99212146,0.9999924
0.99998665,0.19076476,0.94721144,0.59556913,0.9998187,-0.1931595,0.98939145,0.99926597
0.99998623,0.12591885,0.99980617,0.71391976,0.9994351,-0.21746497,-0.82939184,0.9994891
0.99999154,0.22020842,0.9556355,0.63847166,0.9998784,-0.1728589,0.99147516,0.99931985
0.99998844,0.23048182,0.9616981,0.6676409,0.999831,-0.16217054,0.9911659,0.9993418
0.99998677,0.18146645,0.9998253,0.7194612,0.9994447,-0.23109043,-0.82577425,0.99923563
0.99998784,0.21183778,0.9409518,0.7082541,0.99979687,-0.20455095,0.9954287,0.9994146
0.99998605,0.18303666,0.9217458,0.48086348,0.9998534,-0.11831293,0.99326944,0.999293
0.999984,0.20529008,0.91556823,0.5423038,0.9998576,-0.10663039,0.9946478,0.99935883
0.9999879,0.20805207,0.95394,0.7046975,0.99982744,-0.19039156,0.993247,0.99915195
0.99998677,0.19962642,0.9110458,0.6270963,0.9998627,-0.13234942,0.9957221,0.9998302
0.99998784,0.14777151,0.99978817,0.6386491,0.99955255,-0.19786713,-0.8292104,0.9992527
0.99998945,0.15998735,0.9998142,0.71870935,0.99955523,-0.24148513,-0.8250897,0.99935186
0.9999861,0.19108097,0.9998592,0.7911099,0.9995122,-0.25299308,-0.8193561,0.99929035
0.9999878,0.20325492,0.9216765,0.54844993,0.9998458,-0.11420912,0.99432164,0.99982095
0.9999884,0.23756413,0.9584686,0.76273364,0.9998194,-0.22084679,0.99424213,0.9992744
0.99998504,0.21062756,0.8940297,0.5928787,0.99982476,-0.06570578,0.9969786,0.99929017
0.99998456,0.10989636,0.9997739,0.58389366,0.9995777,-0.18946281,-0.8294108,0.99930495
0.99998957,0.21365514,0.9585341,0.6762192,0.99981993,-0.18193255,0.9920561,0.9998391
0.99998623,0.12551537,0.99980515,0.7021576,0.9994362,-0.2740176,-0.83461976,0.99914503
0.99999106,0.21422724,0.9543807,0.66315067,0.9998137,-0.16355081,0.9915029,0.9994319
0.99998575,0.208398,0.8691551,0.6050042,0.99980074,-0.12534343,0.9971084,0.9999249
0.999983,0.1648757,0.9998224,0.7595052,0.9993625,-0.31174317,-0.82743853,0.99930716
0.99998605,0.21306604,0.9425635,0.6616176,0.9998142,-0.13467641,0.99458486,0.99997264
0.9999851,0.16898827,0.9998182,0.6794381,0.99943244,-0.22051884,-0.831932,0.9992409
0.99998575,0.14722043,0.9998058,0.68012065,0.9994759,-0.22297657,-0.8317419,0.99930495
0.99998444,0.20982948,0.92834437,0.6375868,0.99981284,-0.1572187,0.9948585,0.9999995
0.99998665,0.23830159,0.94676983,0.73780555,0.9997976,-0.20422336,0.9941708,0.99998766
0.99998856,0.21977659,0.9685017,0.7370783,0.99981105,-0.27379084,0.9893998,0.99983484
0.99998754,0.2115659,0.94020116,0.64367855,0.9998305,-0.122151315,0.9939834,0.9999585
0.9999875,0.20812608,0.92780775,0.50003326,0.9998652,-0.08393157,0.99360526,0.99992025
0.99999064,0.22966105,0.9624837,0.73548436,0.9998276,-0.2381718,0.99245936,0.999434
0.9999869,0.20547967,0.9174907,0.60939884,0.99981046,-0.14186157,0.99494416,0.99999404
0.9999848,0.19433486,0.8823325,0.52334136,0.9998271,-0.09878908,0.9963953,0.99999523
0.9999845,0.1334848,0.9997978,0.6807569,0.9994884,-0.27424264,-0.8323296,0.99922764
0.9999891,0.20160891,0.93488044,0.56652606,0.9997666,-0.15386175,0.99201626,0.9992151
0.9999853,0.15145423,0.99981326,0.7140112,0.99947,-0.2623635,-0.8283673,0.9993663
0.99998826,0.23034537,0.9599734,0.7668822,0.999807,-0.2129411,0.9938598,0.9998993
0.999988,0.21248597,0.9438958,0.71709645,0.99980694,-0.17417192,0.99407274,0.99929416
0.9999877,0.16682231,0.9998084,0.6939125,0.9995615,-0.20555063,-0.8253376,0.9994481
0.9999791,0.11649164,0.99976,0.51177233,0.99963075,-0.14964952,-0.83718795,0.9993468
0.9999869,0.20198174,0.919346,0.587112,0.9998174,-0.14411013,0.9949403,0.99987197
0.9999856,0.15796769,0.9997956,0.6214024,0.9994906,-0.19758375,-0.8364459,0.9992634
0.999986,0.14926785,0.9998148,0.71221066,0.999455,-0.24906957,-0.8274967,0.9992807
0.99998283,0.12162922,0.9998098,0.696,0.99946517,-0.21619064,-0.8294128,0.9994717
0.9999849,0.15668538,0.99983674,0.7272227,0.9995206,-0.21699426,-0.8242783,0.99938256
0.99998707,0.20975868,0.9444345,0.73202163,0.99979967,-0.20729226,0.9950008,0.99936455
0.9999852,0.15781443,0.9998161,0.66178983,0.99957573,-0.18449326,-0.83146876,0.9993635
0.99999005,0.22283572,0.94159216,0.671837,0.999837,-0.15964077,0.9940167,0.9991722
0.9999842,0.10372034,0.9997765,0.5286482,0.9996273,-0.16466199,-0.832426,0.9993062
0.99998647,0.15169808,0.99981546,0.6564486,0.9994862,-0.18744715,-0.82714987,0.9993788
0.9999863,0.15155378,0.99979484,0.6827866,0.9993039,-0.24555075,-0.8359972,0.99933034
0.99998075,0.12642908,0.9997943,0.60403657,0.9994932,-0.18136857,-0.8364019,0.99928993
0.9999852,0.208412,0.9234302,0.67287767,0.99981004,-0.13641465,0.99561775,0.999966
0.9999851,0.21882688,0.93174726,0.63750565,0.99980587,-0.16327702,0.9944939,0.99925536
0.99999106,0.24103595,0.9762728,0.82462406,0.9997955,-0.30211622,0.9876778,0.9990827
0.9999839,0.20808998,0.92417204,0.60972303,0.99980986,-0.14627196,0.994489,0.9998203
0.99998283,0.122076,0.9997962,0.61328685,0.9995076,-0.21836844,-0.8339819,0.99921304
0.9999911,0.21137717,0.9508859,0.70048416,0.9997832,-0.2222381,0.99096465,0.9993532
0.99999017,0.18244079,0.93868405,0.527418,0.99983364,-0.13163453,0.9905031,0.99924463
0.9999876,0.2196011,0.91266835,0.6667475,0.99982834,-0.18081865,0.996337,0.9993399
0.99998367,0.14753339,0.9998221,0.7364898,0.9994124,-0.2622923,-0.8313661,0.9993076
0.99998236,0.15882187,0.99985605,0.77110225,0.99943006,-0.24574149,-0.82968724,0.99933356
0.99998426,0.21295485,0.89398015,0.60180116,0.99976146,-0.14506076,0.9958458,0.9998338
0.9999853,0.13826048,0.9998226,0.6979861,0.99949074,-0.23185973,-0.83230066,0.99931157
0.99998385,0.15136284,0.99982387,0.7302859,0.9994685,-0.2381341,-0.82763577,0.99937636
0.99998385,0.115311295,0.99974555,0.5062642,0.9995821,-0.16168125,-0.83519673,0.9993303
0.999986,0.1475142,0.9997952,0.63874155,0.9995584,-0.18258251,-0.83375823,0.9993939
0.9999879,0.24377638,0.9411587,0.80731714,0.9997597,-0.25121865,0.9962317,0.9993531
0.9999863,0.21736789,0.939308,0.6864319,0.9998454,-0.12835777,0.99476355,0.99993974
0.99998945,0.2265203,0.94420433,0.67909956,0.99981034,-0.18184772,0.99475765,0.9994475
0.99998873,0.22585645,0.96917695,0.7948924,0.9998184,-0.20986171,0.9921384,0.9992946
0.9999867,0.13532594,0.99979854,0.7292491,0.9995101,-0.26044545,-0.8202642,0.99942946
0.9999848,0.13400957,0.9998137,0.6554314,0.9995917,-0.17944512,-0.8319492,0.9992905
0.9999875,0.22480515,0.9224953,0.68434006,0.99976546,-0.21380779,0.9955685,0.9998438
0.9999844,0.20936562,0.91121745,0.50549734,0.9998298,-0.09366835,0.99474645,0.99997884
0.99998444,0.12959799,0.9997948,0.6594211,0.9995522,-0.22024149,-0.83288264,0.9992035
0.9999878,0.1700182,0.9998186,0.7662449,0.9993757,-0.31535476,-0.8268428,0.99920964
0.99998325,0.14924565,0.99983543,0.728912,0.9994732,-0.25260207,-0.8300265,0.9992865
0.99998164,0.11762766,0.9997718,0.5670605,0.99955463,-0.17011179,-0.84122837,0.9993141
0.9999819,0.114384815,0.9997557,0.53330696,0.99953884,-0.14751123,-0.8355121,0.9994423
0.9999839,0.13025245,0.9997804,0.636006,0.99953675,-0.2246964,-0.8344102,0.9992825
0.99998295,0.13740194,0.99982685,0.713128,0.99955285,-0.23996769,-0.83086544,0.9992174
0.99998736,0.2301554,0.96887726,0.7419094,0.99984473,-0.19904447,0.99126256,0.99916327
0.9999846,0.20629272,0.8800972,0.5072782,0.9997779,-0.13026264,0.995596,0.99937874
0.9999862,0.113903254,0.99978876,0.58926123,0.9995681,-0.15180482,-0.8338066,0.9993121
0.9999907,0.21323574,0.933009,0.72450864,0.99977237,-0.197226,0.9952977,0.99929243
0.9999831,0.14398575,0.99981457,0.6951424,0.9995085,-0.23539943,-0.8277926,0.9993383
0.9999877,0.1548239,0.9998205,0.71840215,0.99953264,-0.21936491,-0.8239218,0.9993622
0.99998784,0.16139983,0.99983156,0.73533225,0.99945134,-0.21533859,-0.8301909,0.999388
0.9999881,0.2119484,0.93297505,0.6741258,0.9997974,-0.19478391,0.99481064,0.9999204
0.99998236,0.1462882,0.9998082,0.6565975,0.99940383,-0.21646051,-0.8345132,0.99932945
0.99998075,0.1351214,0.9998179,0.70821846,0.9994635,-0.23306002,-0.8306508,0.9994022
0.9999807,0.11406871,0.999774,0.56335413,0.99948674,-0.1697365,-0.84160197,0.9993823
0.99998754,0.151318,0.9998076,0.71306795,0.9994515,-0.21405259,-0.82527304,0.99945027
0.9999823,0.13219687,0.9998039,0.67025596,0.99934673,-0.26223123,-0.84029067,0.9991823
0.999987,0.12035853,0.99977666,0.6364027,0.99955094,-0.21223201,-0.8309502,0.9993337
0.9999838,0.15316896,0.9998013,0.6682579,0.9994282,-0.2269548,-0.8371757,0.9993273
0.9999884,0.1862817,0.9077782,0.39689252,0.99984074,-0.036420316,0.993476,0.99933374
0.99998504,0.16135547,0.9998092,0.7329695,0.9994807,-0.23815937,-0.8255719,0.99941915
0.99998844,0.20367599,0.9708069,0.7316211,0.99984735,-0.22871336,0.9888329,0.9999905
0.999984,0.21422866,0.89405334,0.62579757,0.9997993,-0.11792055,0.9969394,0.99932045
0.9999845,0.21201147,0.9014724,0.6201125,0.9998079,-0.13385466,0.99602115,0.9992798
0.9999897,0.2178431,0.9558972,0.69658387,0.9998058,-0.16994116,0.9918625,0.99997884
0.99998635,0.16245438,0.9998462,0.81113696,0.99939567,-0.3281594,-0.8145019,0.99927634
0.9999863,0.22237143,0.9407792,0.6625676,0.9997996,-0.15364131,0.9938443,0.99937207
0.9999853,0.16274323,0.9998164,0.7455098,0.99934536,-0.2745976,-0.8259113,0.9993669
0.9999868,0.1530293,0.99981403,0.7773618,0.99941725,-0.30967736,-0.82325184,0.999427
0.99998593,0.216853,0.9404085,0.6496999,0.9998108,-0.16624047,0.99409056,0.9993046
0.9999851,0.12333961,0.999774,0.6080804,0.99955714,-0.21858692,-0.8333057,0.9991899
0.9999833,0.11891486,0.9997883,0.6018074,0.9996177,-0.18348384,-0.83199304,0.9992555
0.9999846,0.22025251,0.92776424,0.68733054,0.9998069,-0.19008218,0.99593943,0.99927276
0.9999889,0.20458722,0.93335676,0.6375408,0.9998219,-0.13473663,0.99438065,0.99986243
0.9999846,0.17651689,0.99984163,0.7937197,0.99915636,-0.28708294,-0.82290876,0.9993534
0.99998444,0.17224641,0.99984425,0.75675935,0.9994898,-0.23285912,-0.8250834,0.999352
0.9999784,0.10552876,0.999792,0.5821768,0.99957997,-0.15078066,-0.8337345,0.99942523
0.9999844,0.20231658,0.8577323,0.44031683,0.9998248,-0.040031284,0.99659866,0.99997056
0.9999855,0.16212097,0.99985325,0.8138634,0.9992633,-0.31327492,-0.8228197,0.9992378
0.9999901,0.22720326,0.9711015,0.77219784,0.9997959,-0.27792034,0.99013335,0.9998737
0.9999865,0.11860858,0.99977106,0.599476,0.9995689,-0.2005765,-0.8320104,0.99925375
0.9999865,0.19484122,0.94307476,0.5678195,0.99985415,-0.10742861,0.99067354,0.99916077
0.99998325,0.13146596,0.99979925,0.60708517,0.99950826,-0.17811549,-0.8365668,0.99935985
0.9999872,0.20678118,0.9402759,0.62602746,0.99984705,-0.1568582,0.992462,0.9991957
0.99998367,0.14445491,0.99981254,0.615985,0.999537,-0.17367142,-0.83216095,0.9993249
0.9999819,0.11028384,0.9997832,0.6311022,0.99956834,-0.22761175,-0.83269083,0.9992355
0.9999905,0.22401288,0.94099796,0.69862854,0.99978304,-0.19517273,0.9941735,0.9999738
0.99998873,0.2075442,0.90397453,0.6423501,0.9997912,-0.12971722,0.99626034,0.9999782
0.99998754,0.22039457,0.9682,0.73667026,0.99980104,-0.23581861,0.991186,0.99938047
0.9999853,0.20646426,0.90276134,0.50213766,0.9997806,-0.13424607,0.99451745,0.99917376
0.9999887,0.22239053,0.92536753,0.61356497,0.9998189,-0.121506095,0.99500525,0.9993548
0.9999862,0.15316956,0.99982446,0.7658209,0.9994663,-0.25127497,-0.8261784,0.99937594
0.9999881,0.20376615,0.91582,0.58925104,0.9998191,-0.13409036,0.9952635,0.9992876
0.9999873,0.22197063,0.94746,0.7334167,0.9998305,-0.16006309,0.9953498,0.99949515
0.9999866,0.15371533,0.9998047,0.6959927,0.9994471,-0.24066018,-0.833622,0.99929535
0.9999846,0.12151789,0.99979794,0.7047657,0.9994544,-0.30155957,-0.82874036,0.99923795
0.99998647,0.14712378,0.9998097,0.6837006,0.9994237,-0.26919162,-0.83305675,0.99909747
0.99998754,0.19998074,0.9528147,0.68450356,0.99983156,-0.2034164,0.99245745,0.99933594
0.99998444,0.16838443,0.9998627,0.81019515,0.9994076,-0.30126634,-0.81941545,0.99924237
0.9999864,0.21340209,0.9288223,0.6691731,0.99981934,-0.15987483,0.9951115,0.9994322
0.99998856,0.20032045,0.94873273,0.6389386,0.9998254,-0.18531436,0.99215364,0.9991827
0.9999886,0.22632179,0.96706665,0.74388003,0.99984837,-0.1911871,0.9926863,0.99936783
0.99998134,0.103467435,0.9997635,0.5519334,0.9996035,-0.21756661,-0.8334458,0.99924785
0.9999885,0.14553285,0.9998133,0.7404481,0.99944806,-0.27651423,-0.8303895,0.9992493
0.99998283,0.11755983,0.99977785,0.53514296,0.99955744,-0.11236751,-0.8389947,0.9993347
0.99998003,0.10231138,0.9997687,0.48409897,0.999457,-0.1366108,-0.8442481,0.9993121
0.99998814,0.22821167,0.93655854,0.68446445,0.999855,-0.1302988,0.9956428,0.99984956
0.9999867,0.1955626,0.9099269,0.67078316,0.9997628,-0.2234933,0.9960281,0.9994071
0.9999876,0.21444763,0.9404452,0.63869274,0.9998179,-0.19182706,0.9931983,0.9994584
0.99998754,0.22415043,0.933888,0.66267776,0.9998285,-0.1621364,0.9953842,0.9998181
0.9999881,0.21237545,0.915484,0.6123138,0.9998299,-0.15196341,0.9955712,0.99987155
0.9999839,0.20910709,0.9226992,0.58204293,0.9998171,-0.09724244,0.994667,0.9997544
0.9999847,0.11536535,0.9997555,0.480482,0.99964184,-0.07922595,-0.83361334,0.9994305
0.9999883,0.23012863,0.9661318,0.7330998,0.9998158,-0.20351411,0.9915662,0.9999196
0.99998677,0.15302986,0.9998107,0.70744646,0.9995155,-0.22967152,-0.8263086,0.9993571
0.9999835,0.14527817,0.9998167,0.6792518,0.9995181,-0.21072139,-0.83394635,0.999291
0.99999076,0.22022419,0.92259836,0.65134877,0.9997818,-0.12855002,0.9952731,0.9993631
0.9999858,0.15294461,0.9998182,0.7210491,0.9994189,-0.22831723,-0.83099186,0.9993326
0.9999851,0.21044098,0.92759645,0.5954747,0.9998136,-0.17162292,0.9936489,0.9999964
0.99998474,0.13496858,0.99980843,0.68513215,0.99943185,-0.21802957,-0.83072937,0.99924475
0.9999854,0.13026722,0.9997857,0.6593174,0.99943376,-0.24550998,-0.83473855,0.9992935
0.9999897,0.22354397,0.94280416,0.7337343,0.999789,-0.23600692,0.9944761,0.9993046
0.99998504,0.11727528,0.99977314,0.57311344,0.9994901,-0.22659312,-0.8423046,0.9990975
0.9999884,0.13641173,0.99978703,0.6771511,0.9995235,-0.2273795,-0.82827824,0.99932927
0.9999851,0.12711366,0.99979633,0.6603593,0.9995096,-0.2651301,-0.8357093,0.9992427
0.9999886,0.23917164,0.9534055,0.76490676,0.99981576,-0.18846767,0.9950638,0.99983734
0.99998844,0.202315,0.9498184,0.67758524,0.9997921,-0.22368842,0.991584,0.99919665
0.9999834,0.15226522,0.9997985,0.70813423,0.9994572,-0.25019428,-0.83143485,0.99933815
0.99998313,0.14374751,0.9998229,0.7208656,0.9994411,-0.24039155,-0.8334528,0.99933076
0.99999064,0.22451143,0.9543224,0.7309773,0.9997576,-0.2412867,0.9911061,0.9994272
0.9999898,0.22436672,0.96575195,0.69730604,0.9998506,-0.20137309,0.9893671,0.99999374
0.9999903,0.1844018,0.9998293,0.80461454,0.99940133,-0.26301405,-0.8131231,0.99950427
0.999984,0.1449835,0.9998229,0.7282587,0.99950516,-0.26612848,-0.82978714,0.9992833
0.99998623,0.12377087,0.99975014,0.6464516,0.9994919,-0.24964236,-0.8310672,0.99937034
0.9999879,0.21045022,0.94663477,0.650506,0.99977016,-0.17064747,0.9919661,0.9999736
0.9999855,0.20207424,0.939869,0.6096046,0.9998775,-0.107997015,0.99400747,0.9999797
0.99998724,0.21343364,0.91294634,0.61710274,0.99982595,-0.13980442,0.9957921,0.999378
0.9999807,0.12966146,0.99977803,0.6139703,0.9994787,-0.2024847,-0.8395901,0.99932754
0.99998856,0.23843569,0.9545613,0.76128066,0.999805,-0.2048713,0.9946336,0.99931884
0.999989,0.15835135,0.99981374,0.74322003,0.99949276,-0.2544647,-0.82544637,0.99934316
0.99998695,0.11559264,0.99979776,0.7057379,0.9994917,-0.27685547,-0.8276671,0.99925554
0.9999872,0.21996461,0.9467498,0.6714759,0.9998047,-0.16049771,0.9939752,0.9998514
0.9999879,0.13957189,0.9998118,0.72983575,0.99948066,-0.26497576,-0.8279876,0.99930674
0.99998873,0.21262942,0.9380754,0.6525072,0.9998233,-0.15191919,0.9939893,0.9998544
0.99998236,0.12859061,0.99980056,0.6768733,0.99954224,-0.2662688,-0.8333788,0.99921805
0.99998283,0.14368922,0.99977267,0.5954536,0.9994671,-0.20011288,-0.840788,0.9993172
0.9999883,0.14087385,0.99978465,0.75717884,0.99941194,-0.34412783,-0.8233519,0.9992812
0.9999899,0.23337768,0.961393,0.77282923,0.9997938,-0.21078481,0.9939569,0.999323
0.9999894,0.1916287,0.94719464,0.5119935,0.9998103,-0.15778182,0.9883227,0.99983996
0.99998707,0.22625986,0.9006185,0.64356863,0.99979144,-0.11979242,0.99671,0.99926287
0.9999859,0.15204556,0.99979675,0.71453667,0.9995184,-0.23709719,-0.82870215,0.9993721
0.99998176,0.145095,0.99985117,0.7593958,0.99953914,-0.23750633,-0.8225777,0.9992501
0.9999847,0.19648175,0.89100254,0.62953705,0.9998,-0.12284491,0.99655765,0.9998693
0.9999867,0.20170863,0.923294,0.5899223,0.99981755,-0.13850461,0.99536866,0.9993326
0.99999017,0.19904912,0.9624735,0.6909002,0.9998057,-0.20975675,0.9900617,0.9992578
0.9999811,0.13165058,0.9997955,0.60713214,0.99948776,-0.18987288,-0.83781075,0.9992084
0.9999884,0.21951653,0.97199,0.7137809,0.999844,-0.2206081,0.9857163,0.9992286
0.9999833,0.11666641,0.999792,0.59461355,0.9994897,-0.18972337,-0.84356374,0.99926203
0.99998534,0.15228184,0.9998201,0.7654922,0.99942476,-0.26359993,-0.8221936,0.9994483
0.9999875,0.14827439,0.9998175,0.70643663,0.999539,-0.19599195,-0.8223329,0.99950427
0.9999885,0.18355328,0.9998396,0.7907682,0.999383,-0.25012082,-0.81779444,0.999395
0.9999881,0.21781673,0.93196833,0.67337644,0.9997965,-0.14179878,0.9954867,0.999963
0.9999853,0.13629864,0.9998066,0.7433193,0.99948037,-0.25918487,-0.82717746,0.9994488
0.99998856,0.21353914,0.9492619,0.67553055,0.9997765,-0.20624653,0.99287415,0.99936146
0.99998534,0.21411845,0.92571044,0.70210654,0.9998284,-0.18287295,0.9959894,0.99985635
0.9999879,0.11674842,0.9997839,0.6800301,0.99946076,-0.278086,-0.83468455,0.9991996
0.9999903,0.22773096,0.965172,0.75055194,0.99979895,-0.26801947,0.990716,0.99999946
0.9999832,0.11994929,0.99978065,0.57986045,0.9995381,-0.18203704,-0.83456147,0.999383
0.9999846,0.13964824,0.9998019,0.67242736,0.9994379,-0.23079126,-0.83530027,0.99925023
0.9999836,0.12199772,0.99980414,0.65744984,0.9995232,-0.22408307,-0.8328195,0.9992549
0.9999916,0.2178224,0.9587843,0.7226199,0.99978155,-0.22641864,0.9901554,0.9998299
0.9999865,0.19386375,0.921385,0.51958495,0.9998327,-0.15221514,0.9927372,0.9999874
0.9999884,0.1902852,0.99983907,0.79600245,0.99934673,-0.28875718,-0.8199822,0.9993407
0.9999852,0.20855844,0.90866005,0.68471324,0.99981725,-0.15977071,0.9965613,0.99912614
0.99998647,0.14507179,0.99983424,0.74910593,0.99940574,-0.24820018,-0.829127,0.99932164
0.99998575,0.13652316,0.9997839,0.6297425,0.99949664,-0.2146699,-0.8342536,0.9992799
0.99998516,0.13274878,0.99976146,0.65816087,0.9994756,-0.26331064,-0.8307577,0.9994032
0.99998164,0.16453314,0.999847,0.7754033,0.99944085,-0.2517045,-0.82290137,0.9994203
0.9999855,0.14843667,0.9998164,0.6414893,0.99957234,-0.1822176,-0.83125985,0.9992018
0.99998486,0.159558,0.99981177,0.74666774,0.9993184,-0.281304,-0.8303071,0.99927354
0.9999903,0.2108407,0.94552875,0.62404037,0.9998611,-0.1358844,0.9923203,0.9994139
0.9999853,0.19770236,0.8829717,0.48824424,0.99983066,-0.064641096,0.99640083,0.9998571
0.9999903,0.20518777,0.95390266,0.6701533,0.99975526,-0.22855881,0.98944634,0.99997884
0.9999899,0.20088242,0.95083404,0.6304772,0.9997872,-0.22272891,0.989438,0.9998491
0.9999867,0.16758183,0.99981993,0.72193897,0.99938405,-0.23677008,-0.8319316,0.9993835
0.99998534,0.16435872,0.999836,0.7203045,0.99944663,-0.22805502,-0.8270054,0.99926496
0.99998236,0.13388751,0.99981683,0.69756544,0.9993391,-0.2711991,-0.83835626,0.9991634
0.9999869,0.19766398,0.9315887,0.5985034,0.9998221,-0.14095467,0.9935958,0.9998502
0.99998605,0.1502278,0.9998159,0.70466596,0.99946934,-0.25658664,-0.83292294,0.9992746
0.99998546,0.16896519,0.99982697,0.7726423,0.9993772,-0.26439247,-0.82109153,0.9994611
0.9999879,0.23594238,0.9416771,0.72088134,0.999836,-0.14382792,0.9949222,0.999334
0.9999857,0.14671677,0.99982953,0.75132143,0.9994315,-0.24671896,-0.8219825,0.99934715
0.999988,0.23355551,0.9554449,0.70718324,0.99983317,-0.14648162,0.9936844,0.99987435
0.99998826,0.23868707,0.97212607,0.7679299,0.9998233,-0.22525667,0.9915493,0.9994458
0.9999876,0.169157,0.99983627,0.7506993,0.9993491,-0.23173542,-0.82660174,0.99929315
0.99997646,0.119484834,0.9997935,0.594421,0.9995477,-0.20014071,-0.8341607,0.99932796
0.9999826,0.13408232,0.99981487,0.6870351,0.9995242,-0.22514679,-0.8282684,0.99930716
0.9999907,0.20661722,0.94727844,0.7041303,0.9998423,-0.19250381,0.9943714,0.9999996
0.99998885,0.2100333,0.89512056,0.5573826,0.9997898,-0.13646905,0.99516386,0.99934715
0.99998504,0.15209462,0.9998314,0.7439225,0.99943113,-0.26198438,-0.8296996,0.99926966
0.99999,0.21723689,0.9658597,0.6124371,0.9998464,-0.18616487,0.98480654,0.99923563
0.999985,0.16332383,0.9998315,0.6727749,0.99952,-0.15744229,-0.82432836,0.9994083
0.999982,0.13584298,0.9998166,0.6192343,0.9995418,-0.16806006,-0.8357686,0.9992095
0.99998206,0.12009148,0.99977535,0.65009403,0.999398,-0.27725938,-0.839011,0.99913454
0.99998236,0.13239618,0.9998097,0.656073,0.9995063,-0.2251754,-0.83815455,0.99926776
0.99998444,0.20873389,0.8891652,0.54173493,0.99981177,-0.10863256,0.9959731,0.9999754
0.9999841,0.15019974,0.99982756,0.77296686,0.9992489,-0.30766594,-0.8277298,0.9992196
0.9999871,0.14910436,0.9997923,0.66487306,0.99960834,-0.2001305,-0.82866067,0.9993403
0.99998564,0.19655079,0.95415026,0.57141995,0.99986994,-0.10771266,0.99156064,0.9994784
0.99998504,0.1461282,0.99982053,0.6868408,0.9994677,-0.22793514,-0.8303185,0.99929357
0.99998856,0.20809934,0.9180166,0.63751,0.99974805,-0.17406113,0.9953661,0.9991766
0.99998474,0.13427421,0.9998012,0.7034145,0.99939847,-0.28277123,-0.8316867,0.9991703
0.9999873,0.21181121,0.92440283,0.6492566,0.9997899,-0.15990955,0.99530274,0.9992977
0.99998254,0.13054125,0.99981403,0.66170645,0.99951893,-0.21117407,-0.83637536,0.9993271
0.9999906,0.2509211,0.97873163,0.80524766,0.9997823,-0.27653643,0.9890485,0.99940896
0.9999881,0.23367225,0.9658951,0.7765953,0.99977523,-0.26285502,0.99160993,0.999384
0.99998826,0.22973725,0.9200227,0.7572978,0.9997434,-0.18082488,0.9964084,0.9998169
0.9999894,0.20426522,0.92888516,0.6029568,0.99981844,-0.12860413,0.99360436,0.9998565
0.9999858,0.15815996,0.99982077,0.67475986,0.999552,-0.20632662,-0.8224204,0.99923724
0.9999835,0.12593795,0.9998132,0.6474502,0.99953717,-0.17625482,-0.8300687,0.9993811
0.9999883,0.20347191,0.9462086,0.6655147,0.9997912,-0.17003936,0.99367183,0.9999915
0.99998397,0.2042681,0.9269438,0.49289218,0.99982554,-0.07521695,0.9938654,0.9998609
0.9999827,0.12967567,0.9998213,0.6524675,0.9994954,-0.19632997,-0.83611447,0.99926096
0.9999874,0.15707101,0.99980825,0.7291241,0.99947065,-0.2524327,-0.8243159,0.9993521
0.9999854,0.21009667,0.9120357,0.6181741,0.9998478,-0.1079618,0.9958188,0.9994138
0.9999792,0.1512548,0.99982345,0.6795989,0.99940246,-0.22285512,-0.83474433,0.99935585
0.9999882,0.20392539,0.9301096,0.56046283,0.9998164,-0.11993024,0.9930261,0.9998502
0.9999814,0.12568717,0.9998048,0.65030223,0.99946237,-0.22133209,-0.83591294,0.99931073
0.9999823,0.13931718,0.9998162,0.7010589,0.9994254,-0.2639743,-0.835536,0.9992303
0.9999851,0.13411316,0.9997941,0.65470654,0.99946904,-0.21303552,-0.82935774,0.9993502
0.9999849,0.1613175,0.9998237,0.7284975,0.99935275,-0.26483494,-0.83110577,0.9993074
0.999983,0.12542664,0.99980557,0.6302475,0.99945927,-0.23029199,-0.837057,0.9990757
0.9999868,0.2197754,0.9021398,0.6893414,0.9998016,-0.13577005,0.9969503,0.99918807
0.9999833,0.14786732,0.99981487,0.71213686,0.99946105,-0.25212824,-0.82986784,0.99928737
0.9999831,0.15714397,0.9998361,0.73006964,0.9994409,-0.24531947,-0.82529306,0.99937624
0.999989,0.19676486,0.93665797,0.5921192,0.99982864,-0.19119959,0.9918179,0.9992791
0.9999843,0.13849194,0.99980927,0.67306274,0.9995614,-0.2056845,-0.8258742,0.999325
0.999987,0.15833786,0.9998312,0.8056176,0.9992374,-0.34287408,-0.8222193,0.9992442
0.9999846,0.15720102,0.9998469,0.6847872,0.9994239,-0.19905208,-0.8326979,0.99920154
0.9999847,0.12984301,0.9998114,0.6741876,0.99945873,-0.21600784,-0.82896686,0.9993658
0.99998397,0.14101185,0.9998015,0.68078566,0.99947727,-0.21868624,-0.832695,0.99941885
0.9999907,0.23087178,0.9587112,0.7554705,0.9997796,-0.24455617,0.9928692,0.99999964
0.99998564,0.19840913,0.92051977,0.6395779,0.99981177,-0.15022795,0.9952043,0.9993567
0.9999885,0.24716982,0.9609428,0.8142526,0.9997498,-0.27692986,0.9947617,0.99992377
0.9999855,0.12145696,0.99978125,0.63689137,0.9994838,-0.24032117,-0.8367623,0.99924827
0.9999889,0.21540551,0.9575784,0.7056409,0.9998029,-0.19602923,0.9919588,0.99984014
0.99998635,0.16486326,0.99981755,0.72363967,0.9994894,-0.23413998,-0.8255444,0.9993719
0.99998546,0.15132324,0.9998174,0.6778556,0.99948406,-0.21551053,-0.8351952,0.99921167
0.9999811,0.13188106,0.99979645,0.6149905,0.9994452,-0.19416828,-0.8381851,0.99931353
0.9999829,0.12213007,0.9998025,0.64779544,0.99954396,-0.1813476,-0.8331003,0.99936706
0.99998474,0.14205939,0.9998069,0.66321075,0.99951464,-0.19095556,-0.82838356,0.9992838
0.9999824,0.14375699,0.9998283,0.6393364,0.99952626,-0.1767718,-0.82868725,0.9992419
0.9999876,0.2483802,0.9688521,0.7852818,0.99982685,-0.23363052,0.99224645,0.99915916
0.99999106,0.20787008,0.9499722,0.74951625,0.9998123,-0.25421998,0.99358076,0.9997948
0.9999913,0.23918778,0.96789205,0.8014039,0.999814,-0.25539994,0.99311954,0.99927115
0.99998736,0.21179599,0.943467,0.62064755,0.9997762,-0.21271521,0.9916492,0.99996686
0.9999866,0.13596213,0.9998114,0.65885544,0.9995832,-0.2215298,-0.8292357,0.99922067
0.9999865,0.2108826,0.93839204,0.7077761,0.99980736,-0.18992889,0.9950947,0.9999995
0.999988,0.21115975,0.9490761,0.6776759,0.99981534,-0.16683628,0.9933158,0.99946153
0.999983,0.15321417,0.9998263,0.7301722,0.99943244,-0.24741285,-0.8274047,0.9994551
0.99998856,0.21589564,0.9116034,0.6225015,0.9997783,-0.14277014,0.99556506,0.99938875
0.9999891,0.21668918,0.9488212,0.71002024,0.999764,-0.21841386,0.9936135,0.9998351
0.99998766,0.24398549,0.9636164,0.7657077,0.99983597,-0.22379221,0.99347454,0.9992863
0.99998784,0.19470744,0.9197916,0.52090114,0.9998553,-0.102906324,0.9943618,0.9993936
0.9999882,0.22349313,0.9648557,0.74712515,0.99982697,-0.25192222,0.99132144,0.9999634
0.99998647,0.21058017,0.943319,0.69087875,0.99983007,-0.16344592,0.99442774,0.99934125
0.99998516,0.14216827,0.99981254,0.68143994,0.9995374,-0.22656505,-0.8299042,0.99919075
0.9999842,0.20323455,0.92995024,0.5261339,0.9998366,-0.11115751,0.9934442,0.99938446
0.9999854,0.1475044,0.9998013,0.6932385,0.99951786,-0.24557672,-0.8313312,0.9992867
0.9999846,0.1376641,0.99979526,0.65842247,0.999565,-0.19689527,-0.83125913,0.9993822
0.99998677,0.22973262,0.9315443,0.7186422,0.999829,-0.16042712,0.99603057,0.99999565
0.99998784,0.22976753,0.94609064,0.7575277,0.9998061,-0.1940556,0.99518245,0.9993357
0.9999865,0.20610397,0.8940957,0.5394738,0.99978256,-0.12813562,0.995174,0.9998774
0.9999884,0.2121631,0.92932534,0.5481024,0.99982715,-0.110948645,0.9933889,0.99997336
0.99999,0.22803174,0.96867615,0.75573254,0.9998018,-0.25084457,0.9899799,0.9998522
0.9999893,0.23010297,0.9591008,0.7682776,0.9998165,-0.23865671,0.9931595,0.99941564
0.99998707,0.21520399,0.95504755,0.69326377,0.99977624,-0.24628071,0.9898865,0.9993865
0.999986,0.14465447,0.99979144,0.70026565,0.9994644,-0.25288326,-0.830998,0.99921316
0.99998933,0.20940742,0.95240694,0.66699463,0.99979424,-0.20177227,0.99169177,0.9992675
0.9999852,0.14746691,0.9998249,0.70537174,0.9994742,-0.21706022,-0.83038646,0.999328
0.9999858,0.22998367,0.9486208,0.80994725,0.9997918,-0.17362157,0.9961657,0.9992413
0.9999872,0.20020734,0.91098964,0.47865626,0.99984825,-0.07876625,0.9940409,0.99988097
0.9999854,0.20088823,0.94709414,0.59683704,0.9998437,-0.10668222,0.9931046,0.9996572
0.99998987,0.21610938,0.96437657,0.71632636,0.9997904,-0.19788828,0.9893711,0.9997934
0.9999825,0.14631444,0.9998402,0.7938501,0.99930996,-0.3051407,-0.82097685,0.99933785
0.9999881,0.12804079,0.9997536,0.6493565,0.9994592,-0.24392167,-0.83729494,0.999275
0.99998313,0.16209263,0.99983376,0.6979827,0.99944717,-0.21626826,-0.83334523,0.9991654
0.99998134,0.1288449,0.9998022,0.67646277,0.9993413,-0.24610168,-0.8385838,0.999217
0.9999863,0.16711678,0.99981016,0.709453,0.9994728,-0.25823358,-0.8310758,0.99934024
0.9999885,0.2301442,0.9553503,0.67828894,0.99984527,-0.19030474,0.99163747,0.9995019
0.99998814,0.22460254,0.9475398,0.7744949,0.9997862,-0.24606685,0.9951532,0.9993126
0.9999873,0.18499377,0.999816,0.75602245,0.99942684,-0.22891529,-0.8183942,0.999569
0.9999833,0.13409573,0.99982643,0.7171514,0.9994002,-0.26875666,-0.83559895,0.99917537
0.9999883,0.21509604,0.93812865,0.7501366,0.9998128,-0.20230034,0.99570596,0.9998169
0.9999855,0.1300585,0.99978983,0.63124084,0.99944466,-0.21087737,-0.83547807,0.9992275
0.9999894,0.20279048,0.9414398,0.5991833,0.99983484,-0.16409229,0.9915004,0.99933195
0.9999858,0.12967415,0.99979454,0.6389539,0.99951786,-0.2216633,-0.8326285,0.9993462
0.9999861,0.16541073,0.999811,0.7157493,0.99956673,-0.23543355,-0.82738847,0.99925447
0.999987,0.2091079,0.88317984,0.57220197,0.99981433,-0.13055013,0.9963171,0.99983317
0.9999897,0.21510442,0.95922774,0.6431637,0.9998108,-0.19007164,0.99070746,0.99916744
0.99998903,0.21029635,0.8877428,0.660223,0.9997966,-0.13689478,0.9970322,0.999986
0.99998724,0.22126924,0.87007254,0.6229459,0.9998311,-0.10833389,0.9973455,0.99939656
0.9999879,0.19244556,0.91039723,0.50243133,0.9998281,-0.08516439,0.99447936,0.9998492
0.9999824,0.14792603,0.99983615,0.7611117,0.9994015,-0.27510148,-0.8237549,0.99932694
0.99998546,0.21109256,0.90571624,0.5502346,0.9997793,-0.106813625,0.99514097,0.9998482
0.9999805,0.14746113,0.99982315,0.6994829,0.99945927,-0.24662878,-0.82990265,0.99927694
0.9999902,0.15279457,0.999779,0.7141062,0.9995353,-0.21296704,-0.8186158,0.9994707
0.9999832,0.13692954,0.99980634,0.6102093,0.999549,-0.15438819,-0.83172524,0.99935764
0.9999873,0.2034659,0.88943046,0.39567852,0.99985117,-0.06356893,0.99481165,0.99946666
0.9999821,0.12910432,0.9998123,0.60241663,0.9995706,-0.1736642,-0.8318411,0.9992486
0.9999889,0.20432466,0.94002813,0.6100683,0.9998451,-0.1624323,0.99288327,0.9999192
0.999986,0.19368078,0.91857475,0.5827131,0.9998464,-0.12363979,0.9952316,0.9995462
0.9999825,0.19551925,0.9032031,0.52933705,0.99984634,-0.046562854,0.99527854,0.9999721
0.99998814,0.13638689,0.9997999,0.6550245,0.99952614,-0.22250704,-0.82951546,0.9992551
0.9999869,0.19766174,0.9240148,0.5138826,0.9998325,-0.07827008,0.9937166,0.9998336
0.99998504,0.17948326,0.9998332,0.74967724,0.9994927,-0.2544027,-0.82339895,0.9993467
0.999989,0.21340656,0.9598431,0.69768554,0.9998097,-0.21618351,0.9916311,0.999131
0.9999854,0.16068375,0.99984133,0.79607123,0.9993273,-0.34415948,-0.823666,0.99912757
0.99998885,0.20268296,0.9460818,0.65207237,0.9997871,-0.17813009,0.9917451,0.99986047
0.9999854,0.16700435,0.99982566,0.77528834,0.99929315,-0.26256436,-0.8248417,0.99948895
0.9999863,0.13925678,0.9997981,0.6631438,0.999533,-0.22104244,-0.833536,0.9992322
0.9999846,0.22028238,0.92108774,0.7155779,0.99981433,-0.16653813,0.9966848,0.99998236
0.9999887,0.21165349,0.95326185,0.7240436,0.99978346,-0.2286127,0.99307513,0.9991918
0.999985,0.17318578,0.99986035,0.7889172,0.99926066,-0.29647008,-0.8220283,0.9990959
0.9999875,0.20611586,0.9443016,0.63209385,0.99979806,-0.18933569,0.9923489,0.9999864
0.9999888,0.140433,0.999814,0.7331393,0.99948317,-0.2689542,-0.82638615,0.99926364
0.9999878,0.16396903,0.9998065,0.7231622,0.99945045,-0.25044394,-0.8274243,0.9993445
0.99998784,0.13323633,0.9997817,0.63388693,0.99948406,-0.18387991,-0.831891,0.99941033
0.9999848,0.20541659,0.9461794,0.63395613,0.99984455,-0.134175,0.9939474,0.9991681
0.99998015,0.10777504,0.9997698,0.51666886,0.99959797,-0.14678454,-0.8348541,0.99935305
0.99998975,0.21046855,0.94885105,0.66561955,0.9998304,-0.2161874,0.9917185,0.9998678
0.9999845,0.112361625,0.99975085,0.5251469,0.99963754,-0.14802143,-0.83393407,0.9993789
0.9999866,0.23888062,0.93046355,0.7871487,0.99976236,-0.22959188,0.99674624,0.9991472
0.99999106,0.22862303,0.9621767,0.78235155,0.99977946,-0.29165727,0.99340725,0.99997145
0.9999893,0.19768073,0.9607236,0.6598549,0.99982315,-0.20849262,0.9889378,0.999748
0.99998623,0.17030317,0.99981326,0.6499261,0.999554,-0.19838259,-0.8305195,0.99926144
0.9999862,0.1399097,0.99980485,0.67822206,0.9995139,-0.22006235,-0.83239174,0.99921316
0.9999868,0.18677433,0.92433,0.5866151,0.9998205,-0.13268532,0.99426574,0.9998095
0.9999866,0.20833728,0.94341016,0.62277246,0.9997998,-0.18783149,0.99170524,0.9992465
0.9999843,0.1091883,0.9997845,0.6418979,0.9994736,-0.22915499,-0.8319859,0.9992799
0.99999,0.20409411,0.9412808,0.6248795,0.9998544,-0.124953374,0.99331903,0.99936026
0.99999183,0.22384308,0.9597225,0.7277354,0.9997859,-0.24123545,0.99159366,0.99930495
0.9999851,0.1357764,0.9998046,0.6400161,0.99955285,-0.16572389,-0.8292546,0.9994055
0.9999835,0.14429794,0.9998158,0.65945315,0.9994642,-0.20589522,-0.8339087,0.9992943
0.9999859,0.1728342,0.99983865,0.7409198,0.99952096,-0.18890531,-0.82190776,0.9994204
0.9999808,0.20865816,0.89441717,0.6042086,0.99983156,-0.10778666,0.9968643,0.9999949
0.9999908,0.2029271,0.9419614,0.5610688,0.9998339,-0.13211608,0.9922329,0.9993336
0.9999867,0.15848643,0.9998217,0.7346314,0.99947804,-0.2568852,-0.823287,0.9992384
0.9999856,0.13384385,0.9997995,0.62539387,0.9995115,-0.19607425,-0.83823717,0.9992101
0.99998957,0.20816402,0.9270039,0.6099479,0.99977994,-0.17823742,0.99363416,0.9993949
0.9999828,0.13580695,0.9997858,0.6462023,0.9994584,-0.24039806,-0.8341964,0.99931383
0.99998003,0.11107431,0.99977845,0.57735014,0.9994901,-0.18159075,-0.83931804,0.999347
0.99998903,0.20517194,0.944426,0.65392405,0.9998281,-0.15698971,0.99301,0.99933565
0.99998367,0.13279504,0.99983084,0.72062886,0.9994158,-0.2872494,-0.83464897,0.99909675
0.99998397,0.14496434,0.99980456,0.7219254,0.99946505,-0.24618483,-0.8265902,0.9994366
0.9999892,0.21334548,0.93803644,0.6219275,0.9998522,-0.119244486,0.99453723,0.99934787
0.9999879,0.17872767,0.99984556,0.7871916,0.9994888,-0.2726621,-0.81886244,0.99932796
0.99998784,0.18310156,0.99983144,0.6990832,0.99951476,-0.21053165,-0.8254179,0.9992305
0.9999893,0.25583056,0.9597269,0.81998414,0.9996997,-0.2538702,0.9945987,0.9993172
0.99998677,0.14709966,0.9998192,0.7405443,0.9994173,-0.2758025,-0.8253952,0.99937725
0.99998784,0.21123816,0.94911426,0.6096604,0.99984735,-0.1617044,0.9924847,0.99997723
0.9999821,0.20606162,0.91939414,0.59022033,0.9998053,-0.13651374,0.99468553,0.9998676
0.9999835,0.12182547,0.99978906,0.6708507,0.99950546,-0.23040111,-0.83361053,0.99935657
0.99998504,0.11564157,0.9997997,0.6623531,0.99940175,-0.26425728,-0.8370993,0.9990768
0.9999875,0.20271462,0.9466858,0.5324771,0.99984163,-0.11376102,0.9907345,0.9993969
0.99998415,0.20511007,0.8781319,0.51710224,0.9998402,-0.076562285,0.99682623,0.99920267
0.9999845,0.1307369,0.9997772,0.6224191,0.9995889,-0.21415886,-0.8344476,0.99941456
0.99999046,0.23813502,0.94508463,0.79814744,0.9998292,-0.21607205,0.99611807,0.9992808
0.9999852,0.109608285,0.99981225,0.65626764,0.9994202,-0.24254365,-0.8366853,0.99911267
0.99998605,0.117391504,0.99979043,0.6840137,0.9994798,-0.24144724,-0.82841647,0.9993189
0.99998635,0.14721973,0.9997911,0.6703428,0.99948347,-0.20720568,-0.83230174,0.99944025
0.9999877,0.15826918,0.99981004,0.75624895,0.9994618,-0.28173935,-0.8247764,0.99940425
0.9999821,0.15158822,0.99981195,0.63929284,0.99956,-0.18454072,-0.83295643,0.9992157
0.9999914,0.21578307,0.91723907,0.6155238,0.99981886,-0.1150098,0.9954924,0.9993621
0.99998784,0.2199701,0.9345847,0.68315136,0.9998155,-0.1783321,0.9944514,0.99926794
0.99998534,0.16027732,0.9998149,0.70538825,0.99944437,-0.19382393,-0.82616335,0.9995072
0.9999869,0.2184025,0.93098724,0.6286379,0.99983376,-0.0890039,0.9953636,0.99926484
0.99998647,0.14546846,0.99981123,0.69773126,0.9994541,-0.23770384,-0.8306471,0.9993728
0.99998665,0.1689163,0.99983543,0.72373474,0.9994963,-0.23593079,-0.8229472,0.99932456
0.99999,0.19995907,0.9512831,0.6360364,0.9998436,-0.17120965,0.99177295,0.99997896
0.9999915,0.22363369,0.9692557,0.7432705,0.9997671,-0.24765806,0.98948914,0.9993621
0.9999883,0.15930343,0.99980783,0.7325445,0.999487,-0.2633314,-0.8238905,0.9993167
0.99998385,0.15104629,0.9998217,0.6891091,0.99941915,-0.23512283,-0.83542466,0.99928284
0.99998826,0.19961135,0.93150496,0.63768196,0.9998448,-0.15480359,0.994513,0.9998796
0.99998957,0.14697166,0.99979705,0.6944979,0.9995131,-0.2347967,-0.8258244,0.99936527
0.99998915,0.21019882,0.95262873,0.57453704,0.999831,-0.17742413,0.9887157,0.99985874
0.9999845,0.20114712,0.94256806,0.61003655,0.9998478,-0.15801476,0.992684,0.99984705
0.99999,0.22907433,0.9531342,0.7811853,0.99978083,-0.25279763,0.99440163,0.9998316
0.99998385,0.13032277,0.99980557,0.6437497,0.9995231,-0.1989021,-0.8342719,0.9993077
0.9999886,0.21934809,0.95759606,0.69742286,0.9998546,-0.15274136,0.9930622,0.9992333
0.9999824,0.15661217,0.99979144,0.63777816,0.9995767,-0.14813474,-0.82902765,0.9995082
0.9999876,0.14487748,0.99979675,0.6947017,0.9994399,-0.23594888,-0.83244395,0.9992923
0.9999857,0.1889688,0.89551425,0.50469404,0.99984705,-0.034391508,0.99604076,0.99934196
0.9999808,0.15237756,0.99979705,0.57646036,0.9995806,-0.1328764,-0.8371718,0.9993211
0.99998707,0.21789616,0.95028436,0.69508034,0.9998088,-0.22461072,0.9919667,0.9999923
0.9999851,0.13467282,0.99977094,0.63595283,0.9994804,-0.21860224,-0.83582973,0.9993029
0.9999903,0.21328644,0.92780983,0.5681665,0.99983597,-0.16799426,0.9934065,0.9999841
0.9999849,0.167986,0.9998189,0.7486926,0.99946195,-0.2679804,-0.82919234,0.99938774
0.9999876,0.21984589,0.941245,0.68995494,0.99985594,-0.19218215,0.9948733,0.99920243
0.9999833,0.13489154,0.99980944,0.70926213,0.99938667,-0.2864295,-0.8319279,0.99917656
0.9999858,0.19676813,0.9998673,0.8404596,0.9993555,-0.3244668,-0.81715465,0.999271
0.99998736,0.20638913,0.9563285,0.6595484,0.99980795,-0.1771193,0.99130213,0.99997365
0.9999884,0.20199421,0.9449714,0.65649104,0.9998206,-0.1802548,0.9929538,0.9998488
0.9999856,0.11644187,0.9997723,0.6436621,0.99952734,-0.22936296,-0.83179605,0.99921274
0.9999863,0.16623013,0.9998307,0.76451695,0.9993812,-0.2748028,-0.82197016,0.9993208
0.99998426,0.14862378,0.9997934,0.7011009,0.9993956,-0.23056836,-0.83439565,0.9994346
0.9999874,0.22224784,0.9489773,0.63457644,0.9998598,-0.16045496,0.99263823,0.9991948
0.99998575,0.146867,0.99982995,0.72947335,0.999436,-0.24635746,-0.831391,0.9993236
0.9999838,0.12714307,0.99975157,0.5684417,0.99958605,-0.20576307,-0.83547837,0.99922013
0.9999881,0.17817166,0.9998192,0.77705395,0.99939203,-0.29303604,-0.8262855,0.9994073
0.9999885,0.2044512,0.9379802,0.6019105,0.9998343,-0.14067106,0.99242187,0.9999994
0.9999863,0.22242175,0.9372546,0.6965045,0.9998386,-0.1927489,0.9945454,0.9991361
0.9999837,0.1377445,0.9997954,0.6776459,0.99946773,-0.24543901,-0.83110577,0.99931306
0.9999905,0.2146859,0.962189,0.6595266,0.9998097,-0.21743166,0.9884959,0.99996495
0.9999876,0.19306053,0.9360723,0.51569575,0.99983716,-0.10957256,0.9917174,0.99914587
0.9999892,0.20969127,0.9061397,0.6537802,0.9997841,-0.1409258,0.9962982,0.9999841
0.99998397,0.13489139,0.9998131,0.7382711,0.9994081,-0.2810059,-0.8281126,0.9993719
0.9999815,0.1513751,0.99982667,0.6608716,0.9995175,-0.17096698,-0.831093,0.9993734
0.9999909,0.2456282,0.96830535,0.8013762,0.99978966,-0.26621303,0.99101377,0.99922097
0.99998385,0.14369024,0.9997956,0.6288362,0.99956214,-0.16509661,-0.83619547,0.99941826
0.9999851,0.2067506,0.9155282,0.49605677,0.99983275,-0.078082755,0.99482673,0.9999997
0.99998695,0.23920916,0.9619283,0.74579304,0.9998139,-0.23462003,0.9924154,0.9992909
0.99998546,0.20374213,0.921428,0.56515,0.99982584,-0.11681148,0.99480814,0.9998439
0.99998945,0.2348165,0.960563,0.776873,0.99978787,-0.2820575,0.99313515,0.9999485
0.99998933,0.18809274,0.99984324,0.816523,0.9992765,-0.32189822,-0.8145965,0.99932575
0.9999806,0.12958004,0.9998019,0.6086197,0.9995183,-0.2326874,-0.836908,0.9991227
0.9999853,0.16291504,0.99981874,0.72371316,0.99944115,-0.25429714,-0.830744,0.9992869
0.99998194,0.12789571,0.99979556,0.5766238,0.9995219,-0.1626269,-0.837709,0.9992986
0.9999842,0.11964605,0.99978423,0.63341093,0.9995263,-0.17324015,-0.831962,0.99942344
0.99998635,0.14539593,0.9998122,0.67809236,0.99945736,-0.2058056,-0.8301554,0.9993491
0.99998105,0.094167724,0.9997751,0.5659714,0.9995849,-0.20253713,-0.83330965,0.99930286
0.99998444,0.14860997,0.9998,0.6389195,0.9994873,-0.16402824,-0.8360275,0.9994378
0.9999884,0.2117781,0.9368662,0.65053284,0.99981654,-0.13565381,0.99466085,0.99934345
0.9999876,0.202434,0.94323176,0.5955086,0.999817,-0.1835637,0.9920747,0.999955
0.99998695,0.15411483,0.9998234,0.75320446,0.99946856,-0.25232333,-0.82596046,0.9994216
0.99998444,0.102469,0.9997213,0.5123895,0.9995637,-0.1886252,-0.83972526,0.9992885
0.99998266,0.11422302,0.99978423,0.61968076,0.99947894,-0.22850353,-0.8342182,0.9993437
0.9999872,0.17062113,0.99981004,0.6789398,0.9995216,-0.1810729,-0.82703805,0.9994385
0.99998635,0.23558433,0.96949697,0.75702757,0.99980664,-0.2400302,0.9904854,0.9999995
0.99998456,0.16449523,0.99983126,0.705632,0.9995349,-0.21899566,-0.83002967,0.9992306
0.9999889,0.23704824,0.94602656,0.7171905,0.99983025,-0.1959896,0.9944822,0.99999005
0.9999866,0.17715247,0.99983656,0.7690978,0.9993651,-0.2637235,-0.8239058,0.99936646
0.99998605,0.22442175,0.94795936,0.7157328,0.9997978,-0.18039098,0.9947437,0.9992608
0.9999916,0.2541926,0.9668188,0.808947,0.9998151,-0.26152086,0.9931425,0.99997854
0.9999862,0.1560057,0.99982476,0.74920917,0.99953467,-0.2690996,-0.82196176,0.9992369
0.99998134,0.11832617,0.99980325,0.623574,0.9995443,-0.19689146,-0.8341602,0.9991955
0.9999866,0.1704304,0.99982756,0.7790034,0.9992311,-0.290298,-0.8230463,0.99939626
0.9999873,0.20521842,0.9377262,0.64670014,0.9998284,-0.19466537,0.99413335,0.9993275
0.9999823,0.15937439,0.9998232,0.6614237,0.999421,-0.19724017,-0.83321345,0.9991556
0.99998903,0.15098034,0.9998311,0.76364756,0.9993393,-0.27928665,-0.824033,0.9992957
0.9999848,0.21768603,0.93215287,0.6499195,0.999796,-0.16623019,0.99452144,0.9998127
0.9999864,0.18986721,0.9333273,0.47954327,0.9998267,-0.15354583,0.9914132,0.99999917
0.999985,0.13863304,0.99980766,0.6962743,0.9995274,-0.24140784,-0.8252185,0.9992895
0.99998754,0.23304297,0.9608368,0.7697944,0.999784,-0.2813666,0.99184257,0.99909866
0.99998975,0.20892446,0.9269076,0.6969999,0.99979734,-0.21255563,0.9948619,0.99996537
0.99998534,0.19946545,0.8943171,0.555397,0.9998298,-0.08397729,0.9962226,0.99995583
0.99998415,0.20521343,0.9400303,0.6900703,0.99984884,-0.15639888,0.99500924,0.99937963
0.9999896,0.2234298,0.95342994,0.7476907,0.99981797,-0.2644904,0.993407,0.99971557
0.99998677,0.20499171,0.93225807,0.5338681,0.99984705,-0.09885914,0.9928182,0.99998844
0.9999848,0.14953467,0.9998264,0.7638707,0.99937445,-0.27260223,-0.8260196,0.99940145
0.999981,0.123210765,0.9997926,0.6046215,0.9995192,-0.22462662,-0.8391266,0.9991333
0.99998766,0.19185226,0.91761225,0.56002724,0.9998546,-0.102127075,0.9946004,0.9990653
0.9999901,0.2244252,0.95791304,0.7143922,0.99981123,-0.23317583,0.992358,0.99984795
0.99998313,0.121944055,0.99975926,0.549981,0.99957055,-0.21399361,-0.8350605,0.99923664
0.9999901,0.24871333,0.97189504,0.78875655,0.9997932,-0.2567333,0.9891,0.9992666
0.9999819,0.15003708,0.9998197,0.7130735,0.999427,-0.25178698,-0.8345504,0.9993676
0.9999881,0.20152849,0.938544,0.6960781,0.9998111,-0.13848191,0.9950825,0.9999528
0.9999861,0.13505736,0.9998192,0.71758676,0.9994893,-0.26561192,-0.83274925,0.9992116
0.9999863,0.22877908,0.95955706,0.7058324,0.99986166,-0.15486918,0.99323475,0.99983746
0.99998903,0.20657197,0.9417227,0.5305471,0.99988806,-0.10349116,0.99031687,0.99920523
0.9999845,0.12090349,0.9998056,0.671964,0.99951816,-0.24156085,-0.83352315,0.99914795
0.9999908,0.23002169,0.9627362,0.76679206,0.999796,-0.22853808,0.9929317,0.9992182
0.99998635,0.15397634,0.9997979,0.6411466,0.99954325,-0.20795566,-0.83199584,0.99926525
0.9999858,0.15402906,0.9998189,0.7711455,0.9994522,-0.25842646,-0.8264306,0.99942774
0.9999836,0.12055264,0.99976134,0.57930017,0.9995627,-0.17494886,-0.83383435,0.9993895
0.999988,0.21440344,0.94141203,0.7243538,0.9998314,-0.18881366,0.9949845,0.999987
0.9999877,0.16019002,0.9997847,0.76353884,0.9994217,-0.28730154,-0.8227743,0.9994175
0.9999828,0.096928865,0.99967724,0.50407296,0.9996281,-0.21287999,-0.830183,0.99933994
0.9999889,0.2170741,0.94322336,0.69104683,0.99978286,-0.21197636,0.9931527,0.99996954
0.9999877,0.23365416,0.94477177,0.7218404,0.999836,-0.21519151,0.99443316,0.99938107
0.9999898,0.20204455,0.9300184,0.60460335,0.99980235,-0.18686399,0.9926516,0.9999994
0.9999877,0.20046872,0.9330834,0.63183856,0.999832,-0.16344932,0.9929011,0.9997844
0.99998885,0.15610825,0.9997746,0.698506,0.9994573,-0.25481018,-0.827563,0.9994272
0.99999017,0.21271993,0.9509122,0.6690902,0.9998363,-0.17565534,0.99124694,0.99927247
0.99998826,0.20245269,0.93622965,0.55607104,0.999859,-0.09680265,0.9927413,0.99987316
0.99998885,0.19609319,0.91181946,0.5641631,0.9998581,-0.1237613,0.995049,0.9998613
0.99998885,0.21841942,0.9055592,0.63729846,0.9998046,-0.12666799,0.9959166,0.99936485
0.99998295,0.21403752,0.91132736,0.6641505,0.9997892,-0.14860384,0.99603426,0.9999859
0.9999905,0.2492143,0.976656,0.7983893,0.999791,-0.27850473,0.98835915,0.99950117
0.9999899,0.21401821,0.9543634,0.73046136,0.9997923,-0.19501261,0.99344325,0.99945074
0.9999841,0.13031104,0.99980223,0.63389575,0.99949175,-0.21340375,-0.8356606,0.99921536
0.9999896,0.20465699,0.94904715,0.6556572,0.99983096,-0.17991804,0.9929499,0.9994304
0.999983,0.12268267,0.99979734,0.6490712,0.99951804,-0.2036827,-0.8378569,0.99933517
0.9999893,0.22010913,0.93600017,0.5953959,0.9998571,-0.05783,0.9935462,0.99997
0.999981,0.14567365,0.99983,0.66516674,0.99944603,-0.18259434,-0.83763087,0.9993362
0.99998593,0.14086156,0.99978465,0.635586,0.99956346,-0.2015662,-0.8309104,0.999361
0.9999877,0.20582315,0.9001686,0.62813246,0.99977803,-0.15127027,0.99595433,0.999799
0.999986,0.14574789,0.99980956,0.61762404,0.9995678,-0.13717617,-0.8280824,0.9993757
0.9999862,0.20053814,0.95692337,0.6912893,0.9998186,-0.19596455,0.9918759,0.9998618
0.99998575,0.14818443,0.9998219,0.71739644,0.99947995,-0.23113431,-0.8264677,0.9992396
0.9999853,0.203991,0.94442666,0.563774,0.99986494,-0.14018047,0.99070764,0.99933755
0.99998826,0.17543131,0.9265961,0.49915358,0.9998356,-0.1263777,0.9928353,0.9998555
0.9999837,0.13963349,0.9998152,0.70735395,0.99945223,-0.26362774,-0.8312895,0.99924463
0.9999887,0.19697894,0.9317788,0.5972382,0.99978554,-0.14973086,0.9935493,0.99999624
0.9999848,0.14758128,0.9998204,0.7652564,0.99932694,-0.26290092,-0.8250332,0.9994494
0.9999846,0.12043351,0.9997779,0.5089332,0.99962175,-0.12514731,-0.8361688,0.99926436
0.9999856,0.1673715,0.99984396,0.73489666,0.999485,-0.20018171,-0.8217157,0.99942017
0.9999879,0.2106906,0.88481843,0.5167153,0.9997872,-0.11435639,0.9957854,0.9999002
0.99998546,0.15161443,0.9998215,0.75866807,0.99940556,-0.2730295,-0.8255662,0.99934435
0.99998367,0.13011853,0.99978775,0.6325428,0.9994725,-0.2408405,-0.8361249,0.99916905
0.9999862,0.19842835,0.92087084,0.6024696,0.99980366,-0.14380877,0.99507564,0.9999994
0.99998754,0.17126027,0.99982536,0.78492254,0.9993694,-0.26525697,-0.81707335,0.99942964
0.99998146,0.15040566,0.99983275,0.75906545,0.999395,-0.28061396,-0.83168423,0.99928856
0.9999884,0.22599299,0.9289716,0.7356944,0.999792,-0.19985275,0.99582976,0.9999768
0.99998736,0.24490017,0.9419404,0.78278893,0.9997846,-0.21919256,0.9956841,0.99932677
0.99998534,0.13174365,0.9997811,0.61038816,0.99952275,-0.16475752,-0.835161,0.99933493
0.9999885,0.20337856,0.9471674,0.7020746,0.9997807,-0.25367612,0.9925072,0.9993894
0.999988,0.16444382,0.9998175,0.751022,0.9994308,-0.27063292,-0.8264993,0.99939257
0.9999866,0.20658231,0.8803252,0.5130369,0.99982715,-0.11174159,0.995518,0.9997906
0.99999005,0.2314892,0.9577454,0.748941,0.9997963,-0.25653958,0.9921992,0.9991853
0.9999846,0.1347352,0.9998023,0.66290593,0.9995236,-0.19784501,-0.8339035,0.99931484
0.9999869,0.15946399,0.99980265,0.7043055,0.99946654,-0.2350225,-0.82938445,0.99935395
0.99998647,0.19774531,0.9363884,0.5222103,0.9998461,-0.08667558,0.99140424,0.99996483
0.999983,0.13076453,0.9998235,0.73524165,0.9993834,-0.26565602,-0.83079153,0.9993412
0.9999883,0.19828102,0.9243145,0.45375386,0.9998552,-0.049221948,0.99297875,0.99993426
0.99999124,0.23158479,0.94116914,0.6793417,0.9998397,-0.17868379,0.99417883,0.99939585
0.99998534,0.17332445,0.99984604,0.7806441,0.9994119,-0.2698974,-0.8212864,0.9993085
0.99998975,0.24152742,0.967457,0.8158069,0.9998251,-0.25430706,0.9933579,0.99926203
0.9999872,0.2161356,0.93187165,0.68217206,0.9998005,-0.15545417,0.9955222,0.9992657
0.9999874,0.15776427,0.99980175,0.70038694,0.9995022,-0.21568169,-0.82922256,0.99940073
0.9999818,0.16453093,0.99984515,0.7624482,0.99931836,-0.31457317,-0.8321008,0.99902403
0.9999829,0.12973662,0.9997886,0.56849456,0.999513,-0.1577233,-0.84343636,0.99928397
0.99998504,0.21736063,0.9385744,0.703168,0.9998426,-0.17031825,0.9956351,0.99925834
0.9999833,0.1397263,0.9998138,0.68395066,0.9995021,-0.25149363,-0.83224064,0.99918026
0.9999905,0.21111779,0.9539354,0.67068416,0.9998304,-0.1803979,0.9922437,0.9998544
0.99997884,0.15520923,0.99984586,0.6980152,0.999461,-0.20716618,-0.8344435,0.9992116
0.99998707,0.17351604,0.99984896,0.7655472,0.9993804,-0.24412063,-0.8187218,0.9992961
0.9999849,0.171494,0.9998338,0.73748887,0.9994327,-0.243823,-0.8297085,0.99934894
0.9999846,0.10025204,0.9997443,0.44347867,0.99961793,-0.09730403,-0.8370089,0.9993442
0.99998707,0.19438411,0.9196686,0.55447197,0.99984163,-0.08134339,0.9948905,0.9993061
0.999985,0.115197994,0.9997778,0.58820546,0.9995438,-0.1665401,-0.8295658,0.9993962
0.9999856,0.13996288,0.9997847,0.7044028,0.9995022,-0.26122177,-0.8261028,0.9994148
0.9999892,0.22002834,0.93083966,0.6646136,0.99979967,-0.20343983,0.99491805,0.9993968
0.999991,0.20461863,0.9395268,0.62143004,0.999779,-0.18285944,0.9930674,0.9998735
0.9999888,0.19478919,0.9070032,0.56632996,0.99984753,-0.123942606,0.9951767,0.9993437
0.9999848,0.16698954,0.9998404,0.74997103,0.9993142,-0.24952254,-0.8271169,0.9992887
0.9999815,0.1365049,0.9998057,0.62684757,0.9995115,-0.19649927,-0.8364403,0.9992848
0.99998367,0.1183567,0.999778,0.6110683,0.9995414,-0.21190086,-0.8320383,0.9992246
0.9999854,0.22018957,0.95481527,0.70260036,0.9998359,-0.15885402,0.9939503,0.9993197
0.99998814,0.18264629,0.9998496,0.81832606,0.9993062,-0.31568685,-0.8157178,0.999316
0.9999851,0.20796707,0.9200573,0.67018974,0.9998408,-0.14349769,0.99575436,0.9992125
0.99998623,0.18898158,0.99983644,0.8174808,0.9992565,-0.34466887,-0.82012653,0.99928147
0.999985,0.20851941,0.95398015,0.68058175,0.9998583,-0.123476565,0.9930471,0.99982893
0.9999803,0.14175947,0.9998055,0.61,0.9996086,-0.14793848,-0.83179194,0.9993999
0.9999872,0.21760665,0.94333607,0.6766045,0.99979407,-0.17139025,0.99437904,0.9998384
0.9999811,0.11969631,0.99979115,0.6455332,0.99943805,-0.22429784,-0.8353265,0.9993077
0.9999889,0.21397994,0.96256447,0.7101594,0.99981236,-0.2239506,0.99124527,0.9993229
0.9999884,0.20584778,0.96051204,0.7083132,0.9998028,-0.1917857,0.988991,0.99938434
0.99998933,0.21114822,0.93582153,0.61933243,0.99978405,-0.21014373,0.99315226,0.99995893
0.99998236,0.14950396,0.9998084,0.6241411,0.9994671,-0.16172011,-0.83312327,0.9994224
0.99998707,0.217835,0.90789104,0.64498055,0.9997981,-0.12708884,0.9965738,0.99985397
0.99998343,0.13551663,0.9997901,0.6183417,0.9995087,-0.1589213,-0.8369775,0.99943936
0.9999854,0.21456051,0.9346559,0.7135364,0.9998221,-0.15852012,0.9953489,0.99997044
0.9999888,0.20602909,0.91119623,0.61811066,0.9998112,-0.15214767,0.99539846,0.9993475
0.99998635,0.20333366,0.94427013,0.68080086,0.99980235,-0.16810234,0.9934494,0.9994263
0.9999871,0.23346345,0.9558636,0.78209513,0.9997946,-0.24888317,0.9940835,0.9993798
0.9999901,0.20835519,0.92760307,0.6535443,0.99982303,-0.19517909,0.99464166,0.99998486
0.99998844,0.204083,0.95999223,0.69362247,0.9998227,-0.19240376,0.9907683,0.99998057
0.9999882,0.21468799,0.9302922,0.6988198,0.9997671,-0.18483132,0.9951728,0.9999514
0.9999847,0.12597913,0.9997994,0.6135746,0.99946225,-0.20439059,-0.8331747,0.99916595
0.9999883,0.20553531,0.9147374,0.53898096,0.99984574,-0.11742292,0.99507064,0.9997936
0.9999846,0.16753027,0.9998449,0.7323462,0.99946046,-0.23072912,-0.8315757,0.9991609
0.99998313,0.12722746,0.99980307,0.62687445,0.99953413,-0.17553894,-0.833316,0.99936944
0.99998397,0.12281021,0.9997925,0.60858285,0.9994615,-0.18303318,-0.8399736,0.9992797
0.99998635,0.2156735,0.9109193,0.6326707,0.9997745,-0.14797609,0.99593264,0.9993465
0.9999888,0.22598974,0.94033056,0.76181424,0.9997966,-0.23727624,0.99577075,0.9999674
0.99998784,0.22232401,0.9717667,0.70853233,0.9998287,-0.1999618,0.99087405,0.99985135
0.9999885,0.21270591,0.95677185,0.7241467,0.9998114,-0.22621919,0.9929611,0.9993771
0.99998647,0.13761647,0.9997804,0.67753637,0.9994322,-0.26586667,-0.8367359,0.99924004
0.99998623,0.21919191,0.9102285,0.5979644,0.99981254,-0.128979,0.99492526,0.9997276
0.9999889,0.1439204,0.9998114,0.71019566,0.9995204,-0.24978219,-0.8293586,0.99928266
0.9999796,0.1557544,0.99983966,0.77404016,0.9992713,-0.2612002,-0.8281558,0.99943054
0.9999845,0.21607286,0.90514815,0.6426219,0.9997705,-0.1580258,0.9953633,0.9994341
0.99998933,0.22743607,0.95346,0.7343426,0.99983263,-0.16743717,0.994548,0.99998796
0.999987,0.21096157,0.94299287,0.56699514,0.99986947,-0.11340008,0.9921247,0.9991748
0.9999856,0.13565524,0.99979013,0.72214013,0.9993079,-0.28826168,-0.8334785,0.99934524
0.99998546,0.22439073,0.94817036,0.71684587,0.99984336,-0.18333474,0.99429226,0.9993206
0.9999874,0.21147169,0.92369735,0.47155237,0.9998548,-0.12662688,0.99179536,0.9993864
0.99998033,0.12151974,0.99980825,0.5819274,0.9995424,-0.15915298,-0.8348868,0.9992868
0.99998087,0.14595267,0.99982554,0.65351,0.9995144,-0.20671277,-0.8339577,0.99925435
0.9999873,0.19135892,0.92935586,0.5461948,0.9998078,-0.16810153,0.99073714,0.9998536
0.9999864,0.16347852,0.99980307,0.6979244,0.9994924,-0.22315778,-0.82502544,0.9994014
0.9999879,0.20792058,0.8922755,0.69333136,0.9998135,-0.16103415,0.9971913,0.99942774
0.99998623,0.21376903,0.92840326,0.6186507,0.99985445,-0.08162255,0.99485886,0.9998574
0.9999843,0.1290151,0.99980885,0.68456906,0.99944097,-0.20522419,-0.83080924,0.9993895
0.9999878,0.21773407,0.95223325,0.76532924,0.99980795,-0.20794189,0.9948669,0.99942404
0.99998796,0.14563908,0.9997933,0.6883402,0.9994597,-0.2521192,-0.8293365,0.99924153
0.99998623,0.2087806,0.9220582,0.6232948,0.9998297,-0.13367386,0.99505603,0.99979234
0.999982,0.11712679,0.9998042,0.67929864,0.99942774,-0.27368894,-0.8333081,0.9992551
0.99998796,0.17191064,0.99981356,0.677323,0.9995332,-0.15757379,-0.822783,0.9994905
0.9999836,0.14659278,0.9997817,0.59966385,0.9995376,-0.16768633,-0.837725,0.99936146
0.9999871,0.21118166,0.8939868,0.59640574,0.99979347,-0.14334689,0.9964895,0.99993074
0.9999832,0.15228339,0.999818,0.7392179,0.999404,-0.27373558,-0.8305426,0.9993023
0.99998623,0.15598173,0.99980986,0.7550384,0.9994607,-0.2862951,-0.82332325,0.99934137
0.99998623,0.21510872,0.92680144,0.7057253,0.9998155,-0.17605774,0.99581736,0.9991976
0.99998707,0.13092022,0.99980825,0.6930624,0.99948174,-0.24101177,-0.8320495,0.99925345
0.9999819,0.13999335,0.99981153,0.66673946,0.9994572,-0.21995047,-0.8351431,0.9992454
0.99998397,0.1529772,0.999831,0.7308739,0.99955785,-0.23287623,-0.8278559,0.99935955
0.99998724,0.21802881,0.95836276,0.70928526,0.9997913,-0.20985787,0.9914083,0.999957
0.99998975,0.22547944,0.98070556,0.8054254,0.9998423,-0.30307832,0.9848627,0.9999732
0.99999154,0.2310163,0.9751492,0.80800045,0.9998059,-0.3160498,0.98847306,0.99929476
0.99999017,0.21655674,0.9477968,0.72798395,0.99982625,-0.21524827,0.99404556,0.99984854
0.9999842,0.13746206,0.99977064,0.6747471,0.9994908,-0.23355013,-0.82817936,0.99949974
0.9999873,0.15350547,0.99981624,0.75650036,0.99950016,-0.22317559,-0.816543,0.99953717
0.99998236,0.15155748,0.99981433,0.7289924,0.9993839,-0.28930387,-0.83245033,0.9992664
0.9999848,0.13483904,0.9998205,0.6698407,0.9995566,-0.23977189,-0.8319719,0.99913067
0.999985,0.13867104,0.9998231,0.7583803,0.9993788,-0.29054636,-0.82849556,0.99934524
0.99998903,0.1998137,0.9405244,0.54378766,0.9998544,-0.12012344,0.9918311,0.99987906
0.9999803,0.10652269,0.999765,0.56232905,0.9994948,-0.18455051,-0.83860373,0.99933887
0.99998873,0.20022044,0.9496708,0.56632423,0.99984723,-0.19657543,0.9900225,0.9993128
0.99998295,0.14283423,0.99982136,0.72131205,0.99953604,-0.22174136,-0.82648957,0.9994872
0.99998325,0.13237126,0.99979556,0.61550754,0.9995779,-0.17442165,-0.8324934,0.9993201
0.9999846,0.14107467,0.9997882,0.65690696,0.99940753,-0.25175965,-0.83308756,0.9992536
0.9999872,0.21031208,0.9466988,0.6416086,0.9998443,-0.13550302,0.9933743,0.9999682
0.999991,0.2411465,0.96951115,0.84641963,0.9997487,-0.29035774,0.9931578,0.9999843
0.9999868,0.22211525,0.93797714,0.64294887,0.9998023,-0.15413249,0.9942957,0.9992097
0.99998754,0.22253273,0.9506924,0.6682503,0.99980783,-0.20248541,0.9927367,0.99931824
0.9999898,0.21530281,0.94664645,0.7266923,0.9998194,-0.22865874,0.99407876,0.9993307
0.9999904,0.20959562,0.9546332,0.6287985,0.99985194,-0.15500362,0.9912657,0.99920434
0.9999887,0.21140243,0.8983371,0.57518315,0.99982315,-0.14072143,0.99595714,0.99998677
0.9999847,0.15213148,0.99983394,0.7355184,0.99943364,-0.2187431,-0.82830334,0.9994269
0.99998593,0.1326618,0.9998029,0.7200882,0.9993887,-0.27695376,-0.83090293,0.99931437
0.9999858,0.1349892,0.99980384,0.73658645,0.99946004,-0.2996177,-0.82658756,0.9992042
0.99998313,0.21370359,0.8878292,0.47921568,0.99981165,-0.09911842,0.9957636,0.9999733
0.99998504,0.097272724,0.99976724,0.61012864,0.9995342,-0.2293809,-0.8334588,0.9993418
0.99998575,0.14857689,0.9998115,0.70614743,0.99956775,-0.2024315,-0.82284695,0.9993577
0.99998665,0.21587673,0.92841506,0.6688033,0.99981254,-0.15192747,0.9952911,0.99985224
0.999984,0.13841613,0.99982005,0.76464725,0.99932855,-0.32811713,-0.82814443,0.9991718
0.99998397,0.12778431,0.9997853,0.7001143,0.9994194,-0.28106126,-0.8359186,0.99933666
0.9999841,0.20645142,0.91846883,0.63308394,0.999816,-0.14793845,0.99582464,0.99945235
0.99998915,0.24026766,0.95990473,0.76868516,0.9997951,-0.2212703,0.9939154,0.9998583
0.9999882,0.21512368,0.9316459,0.7072995,0.9998102,-0.17004162,0.99590856,0.99997383
0.99998367,0.12374319,0.9997895,0.62606055,0.9995625,-0.21915524,-0.83331305,0.99928796
0.999987,0.19056599,0.9561737,0.56285864,0.9998101,-0.1877937,0.9872464,0.9999879
0.9999875,0.22852051,0.96629524,0.71053267,0.99983996,-0.21191119,0.9905626,0.9993068
0.9999881,0.19794247,0.93149424,0.56232774,0.9998221,-0.14828041,0.99333036,0.9998609
0.99998695,0.21053864,0.9634257,0.6683155,0.9998348,-0.17662722,0.99031293,0.99996763
0.999984,0.14550452,0.99982154,0.643523,0.9995101,-0.19973089,-0.8327247,0.9992135
0.9999896,0.21974714,0.9335983,0.70950973,0.99982023,-0.20378631,0.9955117,0.999275
0.9999853,0.14279488,0.999813,0.71321815,0.9994345,-0.25058243,-0.83095956,0.9993588
0.99998313,0.12591657,0.9997863,0.6170093,0.9994961,-0.21847595,-0.8343095,0.99924356
0.9999851,0.15510944,0.99982387,0.7012911,0.99942005,-0.22946608,-0.82717806,0.9993014
0.9999836,0.10804379,0.99974096,0.57665265,0.9995052,-0.21600041,-0.83606315,0.9993675
0.999989,0.23751146,0.9730363,0.7555098,0.99983996,-0.21705389,0.9909291,0.9999558
0.99998564,0.21478046,0.8906726,0.6211655,0.99981576,-0.085542716,0.9968847,0.99940294
0.99998766,0.15254071,0.9998105,0.70421624,0.99950397,-0.20445004,-0.82955277,0.9993281
0.99998564,0.15476616,0.99982035,0.7180543,0.99943,-0.24687031,-0.8307949,0.99928474
0.9999831,0.12022357,0.9997984,0.6466048,0.9995005,-0.24999419,-0.83303857,0.9992018
0.99998707,0.12176984,0.9997724,0.67158294,0.99950105,-0.24890304,-0.8331149,0.9993823
0.9999834,0.11961095,0.9997856,0.63076097,0.9995027,-0.21588846,-0.8325604,0.99916136
0.99998623,0.21478336,0.88529587,0.6331285,0.99979335,-0.13579337,0.99687994,0.9998443
0.9999871,0.20757271,0.94017446,0.57087123,0.9998629,-0.11210474,0.9935061,0.9999231
0.9999881,0.21732108,0.9413062,0.68890667,0.99983275,-0.19149052,0.9942953,0.9999681
0.99998105,0.14440767,0.9998343,0.6425027,0.99950427,-0.18751216,-0.83598787,0.9992084
0.9999883,0.22516704,0.9424632,0.7464409,0.9997981,-0.20502315,0.995638,0.9999887
0.9999816,0.13838765,0.9998233,0.7376121,0.9994571,-0.23699677,-0.8271198,0.99947166
0.99998784,0.20947482,0.92599916,0.64927155,0.99981296,-0.16481006,0.99453235,0.99939686
0.9999912,0.24223812,0.98095477,0.82547605,0.9997722,-0.32167974,0.9845168,0.99996364
0.9999895,0.22249337,0.9127969,0.61088955,0.9998132,-0.15728258,0.99505305,0.9994288
0.9999875,0.21811348,0.95701313,0.70977557,0.99979645,-0.19672845,0.9921948,0.9999169
0.9999863,0.21638796,0.95269257,0.7056472,0.99983627,-0.17407982,0.99407417,0.9998152
0.9999814,0.15064462,0.9998199,0.7049377,0.99943364,-0.23191139,-0.83156157,0.99943775
0.99998426,0.2160677,0.9228286,0.68471503,0.99981254,-0.181159,0.9960121,0.9998361
0.99998504,0.11946392,0.9997824,0.6123693,0.99950325,-0.1980121,-0.8286946,0.9992735
0.9999889,0.23939341,0.9695942,0.7872862,0.9998126,-0.24866727,0.9907425,0.9992799
0.9999821,0.15561958,0.9998371,0.7203951,0.99945855,-0.2371072,-0.8295202,0.9992737
0.999982,0.12206026,0.9997678,0.5078932,0.9995948,-0.14421317,-0.83522385,0.999371
0.99998975,0.22882298,0.9323385,0.7437109,0.99975085,-0.22744021,0.9951976,0.99938726
0.9999851,0.15434745,0.99982375,0.7226636,0.999437,-0.26069048,-0.8283261,0.9991569
0.99998796,0.21101828,0.93065655,0.66525674,0.999822,-0.18211205,0.9949724,0.9994669
0.99999154,0.25998846,0.97011477,0.86574024,0.9997386,-0.28287393,0.9935164,0.9997699
0.9999868,0.1717803,0.99985164,0.7352091,0.9994543,-0.1909686,-0.82074165,0.9994329
0.9999859,0.13809018,0.99978966,0.62851334,0.99940526,-0.24654342,-0.83473146,0.9990862
0.99998325,0.14175098,0.9998158,0.7032621,0.9995207,-0.23926574,-0.82992685,0.9992707
0.9999851,0.1531614,0.99981683,0.67602825,0.99957633,-0.1837591,-0.82620305,0.9993635
0.99998796,0.121671915,0.99978125,0.61895007,0.9995269,-0.2129543,-0.83366245,0.9992549
0.99998426,0.19150102,0.9222183,0.5340313,0.9998257,-0.074929595,0.9938945,0.99964386
0.9999856,0.14992726,0.9998331,0.721879,0.9993777,-0.27319404,-0.8333887,0.9992094
0.99998826,0.22183545,0.9446402,0.71476495,0.9997997,-0.17126164,0.9946152,0.9998729
0.9999902,0.22873093,0.96924573,0.752325,0.99984676,-0.20750864,0.9908393,0.9999014
0.9999906,0.21857221,0.9269786,0.6862082,0.99982333,-0.20765077,0.99519104,0.99927866
0.99998814,0.21079595,0.92039573,0.65505356,0.9998144,-0.17003551,0.9947954,0.9993623
0.9999846,0.11754919,0.999766,0.59974366,0.9995003,-0.21898323,-0.83710283,0.9992964
0.9999885,0.14924262,0.99980354,0.74581337,0.99947554,-0.27239293,-0.8226087,0.99942327
0.99998814,0.22312501,0.96523327,0.73276913,0.9998124,-0.22583841,0.9900314,0.99998784
0.9999873,0.19474535,0.91304886,0.41885853,0.99984705,-0.061337702,0.99350166,0.9992846
0.9999871,0.23829752,0.94142866,0.7230197,0.9998018,-0.18833174,0.995464,0.99942434
0.9999864,0.1534335,0.9998307,0.7356935,0.99953914,-0.25467002,-0.8267096,0.99929714
0.9999825,0.09466294,0.9997611,0.49960372,0.9996421,-0.11351079,-0.834263,0.9994393
0.9999851,0.16331281,0.999824,0.71627927,0.9994183,-0.25437135,-0.8287469,0.99911976
0.9999853,0.14401601,0.99978924,0.68986756,0.9994387,-0.25487688,-0.8286872,0.99940705
0.9999894,0.22162347,0.954541,0.7451671,0.99978137,-0.2484368,0.9928715,0.99944
0.9999883,0.21780452,0.952235,0.71999204,0.99980783,-0.1941702,0.99326843,0.99909884
0.9999881,0.21097271,0.91893667,0.6857172,0.9998201,-0.185791,0.9959989,0.99919784
0.99998635,0.21997389,0.9478682,0.7278345,0.99982125,-0.2228922,0.9943304,0.9999614
0.99998087,0.11314582,0.9997873,0.5787579,0.9995805,-0.18892379,-0.8349303,0.9993046
0.9999875,0.20024814,0.92624,0.59031606,0.9998005,-0.18525858,0.99365336,0.99908406
0.9999902,0.22862536,0.9813339,0.72236913,0.99982435,-0.21704741,0.98194146,0.9992498
0.99998856,0.22064263,0.94071543,0.68477005,0.9998286,-0.16275536,0.9951993,0.99995446
0.99998766,0.21201491,0.94430596,0.65558875,0.99984264,-0.14321323,0.9947835,0.9998483
0.9999905,0.23659433,0.9618255,0.8011148,0.999804,-0.2396297,0.9942177,0.9998637
0.9999847,0.20818481,0.91548693,0.59447837,0.9998201,-0.1350317,0.9950188,0.9998315
0.9999833,0.14626671,0.99981046,0.6842601,0.99948466,-0.23071525,-0.833446,0.9993144
0.9999878,0.23926051,0.96078324,0.76400495,0.9998162,-0.25418884,0.9935341,0.9992911
0.9999844,0.23046345,0.9326626,0.72975075,0.9997898,-0.17776327,0.9958482,0.9999562
0.9999895,0.196167,0.9028816,0.6529563,0.99979925,-0.18444937,0.99644053,0.9992831
0.9999848,0.15168509,0.999816,0.7069888,0.9995243,-0.23244324,-0.8240967,0.99929816
0.99998736,0.2104357,0.95157754,0.57781297,0.99979997,-0.17429581,0.98992246,0.99993896
0.99998945,0.23919028,0.9485511,0.7942339,0.99981236,-0.22607687,0.99597204,0.99993193
0.99998605,0.12447454,0.9997802,0.60574627,0.9995506,-0.18345821,-0.83403265,0.9993379
0.99998593,0.10310743,0.99980557,0.65497625,0.99944717,-0.26798248,-0.83398634,0.99905103
0.9999805,0.17664595,0.9998494,0.7433666,0.9994084,-0.23478416,-0.83169484,0.9992545
0.9999819,0.14154503,0.9998179,0.7303014,0.9995161,-0.25802213,-0.82221985,0.9993138
0.99998796,0.20389503,0.9495245,0.62199116,0.99983406,-0.1563131,0.9907999,0.99937826
0.99998665,0.19827817,0.9496574,0.6459872,0.99982023,-0.16447952,0.99004257,0.9999713
0.99998164,0.1234349,0.99981165,0.64934194,0.9994865,-0.20200035,-0.8376113,0.99929833
0.9999871,0.21482983,0.91201514,0.57541203,0.99983096,-0.11806317,0.9956365,0.99996257
0.99998635,0.16253819,0.99982077,0.8063426,0.9993578,-0.29476148,-0.8206205,0.99948186
0.99998814,0.20090562,0.93200815,0.65914655,0.99984616,-0.15241371,0.99532056,0.99934274
0.9999863,0.21705927,0.94388145,0.63238627,0.9998507,-0.113119945,0.9933962,0.99983734
0.99998593,0.15137577,0.9998356,0.7081946,0.999566,-0.17659338,-0.8256484,0.9993751
0.9999892,0.2336525,0.95367754,0.7464106,0.9998144,-0.20884621,0.99452704,0.99944866
0.9999849,0.12790574,0.9998111,0.6996039,0.9994366,-0.26124725,-0.8354612,0.9992522
0.99998736,0.21813099,0.9383862,0.6932949,0.9997874,-0.18373545,0.9949094,0.99928254
0.9999894,0.22250545,0.94670254,0.7470308,0.99980146,-0.2364332,0.9943338,0.99927783
0.99998814,0.1616151,0.9998323,0.765033,0.99932325,-0.27448767,-0.8273952,0.9992927
0.999992,0.21057071,0.96062106,0.7191869,0.9998561,-0.2248259,0.9911258,0.99934936
0.9999873,0.15555173,0.99980146,0.71126187,0.99951124,-0.25576857,-0.82766056,0.9993892
0.9999885,0.22825973,0.9446703,0.7368698,0.9997937,-0.19932589,0.9944984,0.99934536
0.9999847,0.120925695,0.99979675,0.66944724,0.9994393,-0.22509106,-0.8349064,0.9993684
0.9999879,0.19333531,0.94474685,0.6250478,0.9997872,-0.18495949,0.9910244,0.9999994
0.999989,0.20090006,0.94721687,0.6559435,0.99981993,-0.13982555,0.99254954,0.99945533
0.99998915,0.21116388,0.96168363,0.72121906,0.99980605,-0.22719648,0.9899246,0.9999995
0.9999875,0.116807476,0.99975824,0.71924686,0.9994641,-0.29672664,-0.8223965,0.99944216
0.9999869,0.20949484,0.9066114,0.61887157,0.9998263,-0.12866949,0.996216,0.9998211
0.99998546,0.17207254,0.9998351,0.7949954,0.9993462,-0.3279461,-0.8205971,0.9991676
0.9999861,0.15866007,0.99983907,0.78339595,0.99940974,-0.29301655,-0.8255332,0.9993021
0.99998206,0.100045666,0.9997742,0.49407387,0.9996437,-0.12188844,-0.83295494,0.9993255
0.9999812,0.16471595,0.9998424,0.713396,0.9994797,-0.20661573,-0.83134407,0.99933743
0.9999864,0.12719783,0.99977285,0.5871879,0.99951524,-0.19707425,-0.8363742,0.99918956
0.9999854,0.1397309,0.9997936,0.65986824,0.99951917,-0.23616546,-0.8373245,0.99926466
0.99998343,0.13763936,0.99979496,0.6764846,0.99945426,-0.27158356,-0.83672523,0.99917686
0.99998534,0.1813082,0.999823,0.7127123,0.9993988,-0.21110836,-0.83095586,0.999352
0.9999862,0.14927559,0.9997941,0.7534824,0.9993053,-0.28182966,-0.8279084,0.99945265
0.99998593,0.13539557,0.999808,0.7286627,0.99939847,-0.25289953,-0.8310121,0.9994282
0.99998283,0.14382225,0.9998025,0.62743247,0.9995031,-0.18142016,-0.8349155,0.9992724
0.999989,0.23516919,0.9612847,0.7463521,0.9998327,-0.20646706,0.9939804,0.99915206
0.99999094,0.2133394,0.94327927,0.6192745,0.99984366,-0.1579172,0.99252707,0.99997854
0.9999915,0.2317731,0.96184766,0.78871584,0.99982995,-0.25841585,0.99221087,0.9991695
0.9999842,0.11932467,0.9997752,0.5106611,0.999661,-0.106584564,-0.8295501,0.99942607
0.9999888,0.19748478,0.95335543,0.52989566,0.99981916,-0.17347626,0.9874593,0.9999478
0.9999841,0.13554582,0.9998372,0.75265944,0.99937224,-0.2762488,-0.82707375,0.9991856
0.99998677,0.22535169,0.95021,0.7170535,0.9998059,-0.1822473,0.99312687,0.99941486
0.9999878,0.20895831,0.92049944,0.5884304,0.99983525,-0.11960794,0.99536014,0.9993197
0.999989,0.21010533,0.9513889,0.70192826,0.9997591,-0.25332892,0.99098206,0.9994346
0.99998784,0.20221442,0.9177357,0.5571147,0.9998067,-0.15807162,0.9945274,0.9998651
0.99998784,0.19740333,0.943915,0.6513878,0.9998199,-0.13098732,0.9936497,0.9993152
0.999983,0.16563676,0.99981385,0.7451699,0.99928176,-0.31761268,-0.830781,0.9991817
0.99998784,0.14005065,0.99980485,0.74244046,0.99941057,-0.2475865,-0.8237959,0.9994296
0.99998754,0.13435109,0.99978036,0.6700196,0.9994829,-0.24976283,-0.8321489,0.9993487
0.9999879,0.19508252,0.9498462,0.6693841,0.9997943,-0.22278635,0.99129367,0.9992834
0.99998677,0.15915748,0.9998289,0.7130785,0.999533,-0.22138692,-0.8249676,0.9991963
0.99998504,0.115759954,0.99977416,0.61414254,0.99956393,-0.24732833,-0.8318558,0.9990897
0.999985,0.19564526,0.92012256,0.5123721,0.9998284,-0.11732643,0.99293476,0.9999347
0.9999855,0.21973069,0.9404228,0.67956656,0.999803,-0.15351059,0.9948016,0.999862
0.9999882,0.19427691,0.9370348,0.57298076,0.99982303,-0.1275978,0.99346197,0.9998584
0.99998766,0.2201598,0.95130247,0.7372141,0.99983096,-0.20267412,0.9935529,0.9993047
0.99998504,0.16655812,0.99982685,0.72629416,0.99949026,-0.24234371,-0.82917774,0.9992903
0.99998915,0.21739376,0.94217896,0.75056016,0.9997979,-0.22657639,0.99449575,0.9998739
0.99998826,0.22190164,0.96144646,0.6731105,0.9998481,-0.16383132,0.99100196,0.9999997
0.99998707,0.21923363,0.9497023,0.6982127,0.9998576,-0.14970185,0.9940161,0.9992224
0.99998444,0.1508084,0.9998434,0.784321,0.99936867,-0.29685766,-0.8230512,0.99923563
0.9999901,0.205898,0.9235913,0.6395581,0.9998173,-0.15933226,0.99493927,0.999219
0.99998945,0.21676116,0.94686013,0.62177753,0.9998451,-0.15276028,0.99335235,0.9993663
0.9999877,0.22630121,0.9474434,0.76140314,0.9998102,-0.19344786,0.9958387,0.99923664
0.99998796,0.16286373,0.99980885,0.6922244,0.99959815,-0.16996594,-0.8234415,0.999474
0.9999863,0.14255397,0.999811,0.6753425,0.9994654,-0.24794771,-0.8333711,0.9991448
0.9999894,0.24123313,0.96503764,0.80480725,0.99979883,-0.2781579,0.9936789,0.99932593
0.999985,0.12643948,0.9998,0.69771457,0.9994901,-0.2747327,-0.8322475,0.9992297
0.9999909,0.23444046,0.974549,0.7793307,0.99982053,-0.24488391,0.9892123,0.99997324
0.999986,0.16051002,0.9998193,0.7592046,0.999448,-0.26785275,-0.8239313,0.99940544
0.9999877,0.21116209,0.9536187,0.75207466,0.9998168,-0.2136537,0.994295,0.9994173
0.9999818,0.14840086,0.99982613,0.70096064,0.9994255,-0.21032564,-0.8317826,0.99922276
0.999985,0.12919357,0.9998166,0.66474843,0.99944985,-0.19901714,-0.83516055,0.9992959
0.9999885,0.24499477,0.952971,0.79333276,0.999751,-0.23528628,0.99455446,0.9992913
0.9999858,0.20000605,0.87532246,0.48475775,0.9998313,-0.052423995,0.99622935,0.99940956
0.99998736,0.21379833,0.93055403,0.6500286,0.9998309,-0.13838239,0.99473035,0.99983025
0.99999094,0.2269846,0.9607435,0.7937277,0.9997945,-0.2757201,0.9928343,0.9999662
0.9999869,0.21303502,0.9197472,0.7117727,0.9997494,-0.19347103,0.9955842,0.99921185
0.9999811,0.12672986,0.999783,0.57278085,0.99955523,-0.1936839,-0.8395529,0.99926996
0.9999848,0.19959584,0.8604323,0.54336345,0.99982846,-0.08795409,0.99681664,0.999878
0.99998605,0.14294156,0.9998085,0.70624113,0.9993476,-0.24956065,-0.83361626,0.9993612
0.9999843,0.15163058,0.9998166,0.72794414,0.9993543,-0.2781529,-0.8299588,0.9992091
0.9999889,0.14936818,0.999793,0.71492076,0.99941987,-0.2733835,-0.82597035,0.9993198
0.9999821,0.12934895,0.9998164,0.67191863,0.9995661,-0.20153208,-0.8331353,0.99929947
0.99998724,0.22154438,0.9244399,0.7406838,0.9996976,-0.224788,0.9958136,0.99929535
0.9999883,0.20037608,0.9067654,0.59964067,0.9997924,-0.12306221,0.99581814,0.9998612
0.9999883,0.22723101,0.92727005,0.73402417,0.99980986,-0.16601087,0.99629015,0.99921405
0.9999885,0.21724455,0.9647584,0.6415222,0.99979764,-0.15578164,0.99041533,0.9992519
0.9999847,0.20573907,0.93925226,0.67648625,0.999806,-0.14253607,0.99358493,0.9999807
0.999985,0.12621866,0.99978346,0.63842297,0.9994931,-0.23015389,-0.8347266,0.9991997
0.99998564,0.12978922,0.9997924,0.6497836,0.99957055,-0.20803772,-0.8305897,0.9993722
0.9999843,0.1462978,0.9998361,0.73106885,0.9993623,-0.24783105,-0.8319044,0.9993381
0.99998736,0.14374891,0.9997957,0.6816788,0.9994711,-0.24059753,-0.83366245,0.99931484
0.99998724,0.20355932,0.9261612,0.5869287,0.99983025,-0.11766247,0.9940756,0.9993083
0.9999799,0.08951051,0.9997362,0.48960385,0.9996776,-0.16043717,-0.83036363,0.9993769
0.9999856,0.18392521,0.898035,0.40345773,0.99983686,-0.055120587,0.994371,0.99937373
0.9999856,0.15152961,0.9998053,0.6869966,0.99946606,-0.22324502,-0.8298015,0.9993474
0.9999884,0.21548513,0.9309897,0.67647135,0.999811,-0.1592932,0.99510145,0.9993434
0.9999871,0.23541026,0.9451804,0.74514157,0.9997842,-0.20653032,0.9956846,0.9998605
0.9999886,0.20761769,0.9434262,0.5751961,0.999843,-0.14908105,0.9937382,0.9998007
0.9999876,0.21606825,0.9289205,0.69036746,0.9997684,-0.19647509,0.99506503,0.9993321
0.9999862,0.20344734,0.9287538,0.66856444,0.9998162,-0.1478573,0.9947546,0.9999885
0.99998724,0.15570566,0.9998028,0.68116677,0.9995549,-0.22814697,-0.8322483,0.9992143
0.9999879,0.20434828,0.9247299,0.64903325,0.9998302,-0.1909165,0.9955098,0.9995428
0.99998355,0.13302173,0.9998111,0.6959578,0.9993895,-0.24320023,-0.83148426,0.99932194
0.9999836,0.16209885,0.999834,0.76903,0.99941444,-0.25564453,-0.82007486,0.9994225
0.99998754,0.15254526,0.9998154,0.7239158,0.9994832,-0.22845344,-0.82893455,0.99939466
0.9999847,0.12933409,0.99978566,0.62670785,0.99955505,-0.18940842,-0.8310867,0.9993417
0.9999819,0.13207655,0.9998091,0.6245103,0.99952614,-0.1617195,-0.83464396,0.999294
0.99998736,0.21017478,0.93745893,0.5756101,0.9998384,-0.12557782,0.9935042,0.9992801
0.9999768,0.10446953,0.9997914,0.6158732,0.9995161,-0.22141743,-0.83413726,0.99913013
0.99999005,0.23899987,0.9676963,0.7380979,0.9997939,-0.22277856,0.9911587,0.9990905
0.9999837,0.12320501,0.9997863,0.6936517,0.9993793,-0.31322628,-0.8363827,0.9991283
0.99998206,0.15728068,0.9998206,0.70440245,0.9994753,-0.2352903,-0.8317045,0.99927825
0.99998987,0.19980605,0.9356161,0.5310569,0.9998552,-0.14657831,0.991757,0.99940944
0.99998623,0.19684915,0.9541869,0.63325953,0.99983585,-0.16218232,0.9904463,0.9991944
0.9999801,0.14408013,0.99979806,0.61665446,0.9994639,-0.18848276,-0.8348676,0.9993336
0.99998266,0.1528361,0.99985224,0.7801841,0.9992447,-0.28682706,-0.8228605,0.99931353
0.9999899,0.21211475,0.96441275,0.6552732,0.99985766,-0.16156688,0.98868656,0.99936676
0.9999837,0.15251167,0.99980915,0.6270306,0.99954003,-0.18704028,-0.8312536,0.9993203
0.99998814,0.20046371,0.91309214,0.6193354,0.9998211,-0.13679886,0.9955101,0.9998626
0.9999855,0.18853001,0.92361677,0.54410756,0.99984294,-0.09425535,0.9947155,0.9994149
0.9999819,0.13701437,0.9998228,0.74026656,0.9992971,-0.29794437,-0.83029616,0.99918485
0.9999893,0.2447369,0.9718629,0.8436865,0.9998359,-0.25019464,0.9927317,0.99986655
0.9999867,0.18844436,0.95965755,0.5701598,0.9998325,-0.17896105,0.9867868,0.9993764
0.9999837,0.19798408,0.94346195,0.60567737,0.99981123,-0.17376783,0.99146086,0.9993198
0.99998575,0.17285383,0.9998382,0.7543084,0.99949616,-0.21951,-0.8223566,0.9994448
0.99998266,0.12207503,0.99979204,0.64128226,0.99954545,-0.21279371,-0.83586955,0.9992452
0.9999896,0.22751829,0.94422674,0.7260816,0.999805,-0.20975852,0.9945402,0.9999787
0.99998796,0.22848125,0.9293892,0.6964122,0.999802,-0.1578597,0.99602634,0.9998515
0.9999911,0.23114002,0.9724694,0.7508644,0.99982476,-0.23962666,0.9892511,0.9997434
0.9999848,0.10219905,0.9997411,0.517162,0.9996497,-0.14556901,-0.8334375,0.99933153
0.9999829,0.1303438,0.9997799,0.6129246,0.9995284,-0.19112574,-0.83904624,0.9993105
0.9999871,0.24452244,0.9547592,0.7854487,0.9998169,-0.21268186,0.9957681,0.9999992
0.999985,0.13777164,0.9998274,0.70838004,0.9994424,-0.24632542,-0.8271342,0.99915683
0.9999891,0.20688798,0.9432298,0.6456154,0.99986,-0.17672564,0.9930428,0.9998071
0.99999034,0.20574701,0.95091504,0.6952931,0.9997884,-0.21466072,0.9915937,0.9993946
0.999987,0.21113749,0.92486274,0.64342296,0.9997664,-0.1391583,0.99469995,0.99927
0.9999856,0.16252887,0.9998127,0.7341999,0.99940276,-0.29361787,-0.83108294,0.99932754
0.9999871,0.216266,0.95259786,0.7325412,0.9997968,-0.21970269,0.99339724,0.9994481
0.99998724,0.21434976,0.9111486,0.63839775,0.999855,-0.11216045,0.99653286,0.99900115
0.99998754,0.16845016,0.99983805,0.79007053,0.9993399,-0.2748098,-0.82070386,0.99939656
0.9999847,0.16872358,0.99984616,0.8040393,0.9993003,-0.32618013,-0.8232408,0.9993187
0.9999839,0.15324982,0.999822,0.6948947,0.99944645,-0.21764341,-0.8313608,0.99931955
0.9999848,0.16847715,0.9998382,0.80141485,0.9993767,-0.32624915,-0.8165904,0.99936265
0.9999827,0.21967974,0.9036746,0.68658185,0.9997931,-0.14628083,0.99680895,0.9993674
0.9999906,0.21852116,0.9615945,0.7689674,0.9997786,-0.2767407,0.9919846,0.9992168
0.9999858,0.15589234,0.99981874,0.7715337,0.9994366,-0.27912855,-0.8225179,0.99943537
0.99998945,0.13915387,0.9997957,0.678868,0.9994855,-0.21223597,-0.8323277,0.9993517
0.99998593,0.123128645,0.99979955,0.6610247,0.9995815,-0.23260991,-0.8295592,0.99925697
0.9999871,0.21032262,0.9208412,0.6530435,0.99977607,-0.16263755,0.995283,0.9999887
0.99998873,0.24105312,0.9710894,0.78997517,0.9998132,-0.2673802,0.9909018,0.99942386
0.99998385,0.13456349,0.9998049,0.58196676,0.9995316,-0.16397135,-0.83727086,0.99924064
0.99998796,0.15982127,0.9998353,0.7279557,0.99954283,-0.23549707,-0.8257754,0.9993075
0.99998605,0.14198413,0.99982184,0.7466357,0.9994296,-0.2592086,-0.82430977,0.9994283
0.99998206,0.1131645,0.99979013,0.6635839,0.9994909,-0.2566837,-0.8318872,0.99931884
0.99998945,0.21593097,0.96556014,0.69871527,0.99980253,-0.26600504,0.9881894,0.99993485
0.99998724,0.14517614,0.99981266,0.68862915,0.99952924,-0.22537707,-0.8246894,0.99941003
0.9999842,0.15390453,0.9998017,0.60262346,0.9995158,-0.13859478,-0.8318658,0.99933946
0.9999878,0.16539527,0.9998307,0.7415764,0.99954885,-0.27187154,-0.82679605,0.9992184
0.9999886,0.16873986,0.99981946,0.70823216,0.9995284,-0.19085263,-0.822099,0.99943227
0.9999907,0.21374862,0.9547384,0.7411694,0.999788,-0.20039538,0.99232006,0.9991961
0.99998105,0.1304004,0.9997917,0.7152656,0.9994154,-0.25692445,-0.833421,0.99940336
0.99998885,0.15984043,0.9998303,0.78307164,0.9994254,-0.28394738,-0.81977546,0.9993549
0.9999845,0.16139169,0.9998243,0.7077676,0.9995435,-0.2321776,-0.82852954,0.9992911
0.9999874,0.21027106,0.93923706,0.62899613,0.99986017,-0.10314823,0.99477553,0.9992833
0.9999836,0.16451831,0.9998249,0.77861834,0.99923205,-0.28756946,-0.82889855,0.9994132
0.9999856,0.15519606,0.99980116,0.66787225,0.9995248,-0.21074119,-0.8298275,0.99939126
0.9999814,0.15442787,0.99982584,0.70766807,0.99940366,-0.17484933,-0.8312869,0.99944025
0.9999871,0.14727837,0.9997968,0.7102032,0.99935526,-0.24222875,-0.82563365,0.9993681
0.999988,0.16264416,0.9998387,0.8003403,0.99934536,-0.31567848,-0.8219015,0.9992278
0.9999821,0.16369337,0.9998387,0.80129737,0.99934983,-0.34071434,-0.82603884,0.9992433
0.99998516,0.1366356,0.9998128,0.71909505,0.99933666,-0.2612704,-0.83517855,0.9992975
0.99998516,0.15138267,0.9998184,0.70988446,0.999406,-0.2261043,-0.8351368,0.9993174
0.99998486,0.17142846,0.9998346,0.7757102,0.99926436,-0.29812154,-0.8243959,0.99924374
0.99998355,0.19711904,0.91443324,0.65970474,0.9997779,-0.13999245,0.9964287,0.99937636
0.99998605,0.23064224,0.92410433,0.7247753,0.9998414,-0.12643772,0.99709976,0.999375
0.9999873,0.21223685,0.91818285,0.57579994,0.9997785,-0.13774924,0.99444693,0.9992673
0.9999868,0.124321945,0.99976695,0.6645713,0.9995274,-0.21051864,-0.8261281,0.9995217
0.99999017,0.2339393,0.97002375,0.77843857,0.999762,-0.2713129,0.9907246,0.99979866
0.9999856,0.12985985,0.9998074,0.7047821,0.9993829,-0.24547869,-0.83172494,0.99926263
0.9999834,0.15544792,0.99984485,0.71980274,0.99945873,-0.2191662,-0.8272703,0.99926466
0.9999867,0.20516162,0.84506583,0.53657824,0.99982923,-0.07271119,0.9973151,0.9993526
0.9999868,0.1611158,0.9998321,0.71335274,0.9994881,-0.22489364,-0.8216425,0.9992185
0.99999034,0.229132,0.9581028,0.75423074,0.9998059,-0.2537532,0.9936022,0.9999712
0.99998736,0.22105168,0.9470148,0.6792738,0.9998238,-0.15282597,0.9944455,0.999331
0.99998623,0.16780195,0.9998286,0.7994584,0.99937403,-0.3218992,-0.8193114,0.99936044
0.99998766,0.14225143,0.99980533,0.7056404,0.9995096,-0.22855096,-0.83179754,0.9993537
0.99998504,0.16253388,0.9998348,0.7412479,0.9994632,-0.23625095,-0.826471,0.99932027
0.9999883,0.22095661,0.95463914,0.70759463,0.9998595,-0.14990363,0.99333453,0.9993894
0.99998796,0.20566607,0.9454655,0.53043765,0.99986255,-0.09800609,0.99038124,0.99908894
0.9999872,0.14446639,0.99978894,0.6853423,0.9995085,-0.23083945,-0.8296054,0.99931926
0.9999848,0.17347854,0.99983597,0.7844118,0.9993609,-0.2898644,-0.8196428,0.99931985
0.99998754,0.22474188,0.9061657,0.6955963,0.9997667,-0.17602299,0.9963958,0.999316
0.99998873,0.2160486,0.93372744,0.6377329,0.9998103,-0.19111763,0.99416244,0.9999699
0.9999814,0.11566936,0.99976265,0.59745395,0.9994732,-0.21869932,-0.8385531,0.9993334
0.9999863,0.17569128,0.9998306,0.809554,0.99925834,-0.34007463,-0.8245771,0.9992157
0.9999854,0.12829445,0.99978703,0.640378,0.9995143,-0.19377679,-0.83285344,0.9993789
0.9999805,0.12329726,0.9998094,0.6724465,0.9995138,-0.19774087,-0.830228,0.9994056
0.99998945,0.22745638,0.9504461,0.7351818,0.9998298,-0.209676,0.99319035,0.99940956
0.9999851,0.12585838,0.9998048,0.68308675,0.9995278,-0.26275668,-0.8334197,0.99922913
0.999985,0.13535646,0.9998043,0.68396556,0.99938697,-0.25179812,-0.8376492,0.999257
0.999988,0.23143005,0.9426603,0.71987295,0.9997628,-0.22918011,0.9940229,0.9991235
0.99998885,0.21228486,0.955836,0.7337589,0.9998419,-0.24109156,0.9930373,0.99934036
0.9999914,0.25455987,0.973351,0.85821617,0.9997924,-0.2905614,0.9941267,0.99938405
0.9999806,0.11427673,0.9997911,0.63392264,0.9994488,-0.24528167,-0.83743864,0.99921703
0.99998826,0.20482087,0.9524213,0.68387747,0.9998522,-0.17862533,0.9928493,0.9998503
0.9999884,0.15091099,0.999809,0.76365244,0.9993178,-0.29709584,-0.82787824,0.9993391
0.99998564,0.15634593,0.9998258,0.7606695,0.9993016,-0.30325392,-0.8297056,0.9992324
0.999989,0.20403613,0.99986136,0.8655947,0.9993022,-0.31618142,-0.80722237,0.99951565
0.9999832,0.10568453,0.9997515,0.53563666,0.99959314,-0.2082257,-0.8383059,0.9991735
0.9999868,0.15289734,0.99982005,0.7417455,0.99937505,-0.27059352,-0.8310802,0.9992223
0.9999856,0.17226323,0.99983025,0.7482109,0.9994054,-0.2705389,-0.82628477,0.9993215
0.9999893,0.2274917,0.937792,0.7334604,0.9997502,-0.20015013,0.9946468,0.9993094
0.9999866,0.22342686,0.94839615,0.7299949,0.9997646,-0.21660657,0.9947069,0.99936944
0.99999017,0.25666216,0.9720801,0.8518418,0.99979836,-0.28405583,0.9933912,0.9993634
0.99998903,0.22783458,0.95752704,0.7005079,0.9998241,-0.21477455,0.99256814,0.9993613
0.99998903,0.15131617,0.9998037,0.74072146,0.9994471,-0.2424219,-0.82075006,0.99939734
0.9999877,0.19748524,0.9346513,0.6453246,0.9998246,-0.16339585,0.9941789,0.9999032
0.999985,0.20921396,0.9378528,0.68686634,0.999781,-0.19566925,0.99420136,0.9999901
0.99998504,0.1630694,0.99982136,0.7570968,0.9993933,-0.30642664,-0.8305351,0.9990717
0.99999106,0.19066148,0.96004283,0.68402565,0.999773,-0.27153364,0.988641,0.9999792
0.9999866,0.17085357,0.9998391,0.7722035,0.99939847,-0.21718667,-0.82129395,0.99948734
0.99998343,0.119653665,0.9997657,0.49445876,0.9996323,-0.15965529,-0.8399681,0.99919975
0.9999902,0.21608932,0.92002285,0.6145226,0.9998248,-0.16370963,0.9958112,0.9992359
0.9999872,0.20575616,0.89688885,0.5371423,0.9998398,-0.08674115,0.9955285,0.9993757
0.99998415,0.17152594,0.999859,0.7994916,0.9992489,-0.31677312,-0.82060456,0.9991497
0.99998707,0.21054772,0.9533051,0.68750477,0.9998293,-0.2111513,0.99317837,0.999432
0.9999821,0.13116895,0.99979764,0.65694475,0.9995969,-0.21442981,-0.8322607,0.999319
0.99998546,0.23992753,0.9541933,0.77484107,0.9998121,-0.19813815,0.9949091,0.99997795
0.99998355,0.14332917,0.9998152,0.662297,0.9995309,-0.20664768,-0.83348393,0.9992842
0.9999899,0.21586035,0.953203,0.67169386,0.9998199,-0.20333284,0.9914998,0.99909425
0.9999856,0.21093002,0.91249627,0.64429134,0.9998194,-0.13890074,0.99567574,0.99986356
0.99998707,0.20463313,0.92029494,0.6074846,0.99983203,-0.121918984,0.9954634,0.99999136
0.999988,0.20597287,0.94990593,0.6397095,0.99980634,-0.18155406,0.992303,0.999965
0.9999892,0.15708917,0.99978226,0.64016694,0.99951315,-0.17152327,-0.830286,0.99948746
0.99998605,0.15685876,0.99981266,0.7124859,0.9994371,-0.2599054,-0.8324863,0.99930704
0.99998873,0.2204825,0.9607874,0.71548533,0.99981356,-0.22549121,0.9913475,0.99982613
0.9999851,0.15122291,0.99980783,0.7167393,0.99938387,-0.27048635,-0.83112943,0.9992548
0.9999868,0.17640604,0.9998436,0.82530135,0.9992982,-0.35760596,-0.8207272,0.999209
0.99998444,0.14910884,0.99980694,0.6769964,0.999515,-0.2024776,-0.8299544,0.9994842
0.999988,0.19265857,0.9192677,0.55214745,0.99983674,-0.13211174,0.9944689,0.9999501
0.9999864,0.14672841,0.99982363,0.7362648,0.9994166,-0.25186983,-0.82530683,0.99932134
0.9999858,0.16240077,0.9998146,0.7061051,0.99949414,-0.22262461,-0.82750463,0.99936914
0.99998766,0.22768039,0.96594405,0.7124033,0.9998144,-0.18760885,0.99027646,0.99915415
0.99997973,0.13434082,0.9998116,0.60197306,0.9994699,-0.20823835,-0.8389801,0.9991466
0.99998873,0.16877067,0.99981725,0.7140995,0.99945205,-0.23563382,-0.8271021,0.99934626
0.9999851,0.14097235,0.9997929,0.7008065,0.99951065,-0.23004952,-0.8288749,0.9994676
0.9999895,0.21601628,0.89016366,0.5177859,0.9998197,-0.082743436,0.9955323,0.9999892
0.999984,0.16027775,0.99983966,0.7955748,0.9993639,-0.26536682,-0.8239492,0.9993971
0.9999753,0.15823187,0.9998531,0.76785207,0.99933225,-0.28712696,-0.8313439,0.9992669
0.9999804,0.1584258,0.9998127,0.69329077,0.99941725,-0.21506514,-0.834609,0.99939144
0.99999315,0.2445537,0.9758691,0.82047516,0.99978375,-0.27942243,0.9913943,0.99993384
0.9999845,0.19996817,0.93165696,0.61968315,0.99982285,-0.10373787,0.99553376,0.9998417
0.9999851,0.124221444,0.9997413,0.5876451,0.9995146,-0.20192268,-0.83737177,0.9993703
0.9999892,0.22662055,0.95680743,0.7460612,0.99980396,-0.21661276,0.99296594,0.9993234
0.99999076,0.21387315,0.95929384,0.7344495,0.99980897,-0.23934557,0.9904825,0.99998814
0.9999819,0.1353616,0.9998102,0.63069236,0.9994453,-0.1696411,-0.83370113,0.9993875
0.99998033,0.14603285,0.9998331,0.6655742,0.9994721,-0.17886859,-0.8352254,0.99919915
0.9999889,0.2283675,0.9420814,0.63635164,0.9998581,-0.1253861,0.9933785,0.99998933
0.99998444,0.1516914,0.999831,0.7342184,0.99948657,-0.2635581,-0.8274145,0.99922556
0.9999869,0.2086914,0.9228787,0.6092346,0.99982476,-0.15371798,0.9949976,0.9999781
0.999988,0.20087555,0.92065084,0.60605615,0.9998275,-0.13004646,0.9935898,0.9999257
0.9999838,0.13878617,0.9998152,0.69991994,0.99945843,-0.25929797,-0.8391405,0.9991634
0.99998635,0.2188418,0.96294975,0.7355435,0.99982715,-0.18091205,0.9934481,0.9993295
0.9999862,0.21954791,0.94546765,0.67043614,0.9998379,-0.15677081,0.9940112,0.9994253
0.9999858,0.22454873,0.9157669,0.65680313,0.99981916,-0.13908431,0.995911,0.9999791
0.9999888,0.22806552,0.93365204,0.7162899,0.99980694,-0.19303042,0.99567044,0.99986196
0.9999877,0.2230701,0.9460316,0.6401869,0.99980205,-0.19109324,0.99267745,0.9999583
0.99998635,0.20502272,0.9328586,0.59932876,0.999813,-0.13707328,0.9940649,0.9999625
0.9999905,0.21777293,0.9680311,0.78226453,0.99979717,-0.24811623,0.98944044,0.9999861
0.9999883,0.19336058,0.90675485,0.6077212,0.99981993,-0.1574313,0.9956063,0.99982345
0.99998796,0.20479989,0.906052,0.5809879,0.99983245,-0.11057762,0.9955158,0.9992811
0.9999834,0.09896661,0.99974597,0.50550234,0.9996152,-0.13597932,-0.8308368,0.99942887
0.9999809,0.15778428,0.999829,0.729237,0.9993224,-0.31560433,-0.83351755,0.9990582
0.9999833,0.1555395,0.99983096,0.74595064,0.9993243,-0.2709124,-0.8311864,0.99936473
0.99998754,0.22833233,0.9658271,0.7443863,0.9997968,-0.2305298,0.99113846,0.9994576
0.9999929,0.2295256,0.9769549,0.8016813,0.99978876,-0.3329067,0.98635787,0.9992524
0.9999873,0.2364288,0.9273056,0.7311499,0.9998202,-0.1879508,0.99552894,0.99919736
0.9999871,0.117675975,0.9997521,0.560936,0.9995633,-0.20127195,-0.83719754,0.9993012
0.99998206,0.11648012,0.999811,0.6927471,0.99936324,-0.26295945,-0.83907574,0.9992785
0.99999076,0.21417013,0.970791,0.7391317,0.99980795,-0.27199355,0.9873727,0.9995006
0.9999838,0.1408503,0.9998241,0.6661915,0.99953794,-0.13035303,-0.82764477,0.9995022
0.9999895,0.21584007,0.9652791,0.7025491,0.99982953,-0.2439866,0.9878491,0.9994503
0.99998814,0.21852942,0.9182893,0.58855367,0.9998229,-0.12227003,0.9946386,0.99937516
0.99998695,0.15929514,0.99982315,0.7685787,0.99942446,-0.26038224,-0.8282014,0.9993602
0.99998826,0.15939863,0.9998373,0.76292574,0.9994766,-0.22548015,-0.8149958,0.99926984
0.9999848,0.12258377,0.9997898,0.5962069,0.9995164,-0.16895041,-0.83836854,0.9993626
0.99998873,0.19038655,0.9563366,0.5425184,0.99982345,-0.1740867,0.9855946,0.99917114
0.9999865,0.21741796,0.9354702,0.617177,0.99982524,-0.08297446,0.9952992,0.9999755
0.9999828,0.21410613,0.90208554,0.608603,0.9998102,-0.0982873,0.99608386,0.99995357
0.9999834,0.14713074,0.99980485,0.6746666,0.99948615,-0.21938318,-0.8325478,0.9992361
0.99999136,0.20498675,0.97502524,0.7211905,0.99982107,-0.26773927,0.9832168,0.9994101
0.9999879,0.15433922,0.99982494,0.7532513,0.9994533,-0.2638858,-0.8242468,0.9992763
0.99998105,0.14578362,0.99980783,0.6149158,0.9994742,-0.18923023,-0.8357515,0.9992695
0.99998534,0.14419341,0.9997912,0.6202854,0.99949193,-0.14638503,-0.8335936,0.9994165
0.999983,0.13030489,0.9997921,0.6000533,0.99949104,-0.17245461,-0.83759,0.99930364
0.99998736,0.14181376,0.9998045,0.62159157,0.9995077,-0.1947572,-0.83042026,0.9992599
0.9999868,0.2152784,0.92029965,0.61996573,0.9998232,-0.09765519,0.9955403,0.9999749
0.9999845,0.1422903,0.9998133,0.66421014,0.9995233,-0.22294411,-0.8308997,0.9993214
0.9999885,0.14194973,0.9997866,0.70622736,0.99942964,-0.28039107,-0.82640517,0.9993158
0.99998724,0.16294941,0.99981713,0.7124224,0.9994751,-0.2432293,-0.8290421,0.99940044
0.99998975,0.1954291,0.94432396,0.6595726,0.9998242,-0.18097092,0.9928506,0.9998134
0.9999878,0.22395305,0.93443906,0.70175004,0.99977773,-0.20053385,0.9949764,0.9992754
0.99999,0.20694397,0.9702255,0.7093797,0.9998132,-0.24317634,0.98854727,0.99922913
0.9999855,0.2007167,0.9242977,0.61348104,0.99983644,-0.108310245,0.99497217,0.99995756
0.9999842,0.13150047,0.99981433,0.6935552,0.9994905,-0.24584866,-0.83144957,0.9992174
0.9999846,0.1377494,0.9997975,0.60310584,0.99954027,-0.1606486,-0.8340353,0.9993885
0.9999861,0.2049242,0.9084053,0.565833,0.999876,-0.093246445,0.99523044,0.9993447
0.9999867,0.22647324,0.95612955,0.7504418,0.9998441,-0.20293091,0.9940217,0.9993833
0.99998814,0.1895872,0.91389644,0.56045496,0.9998304,-0.10903475,0.9949563,0.999913
0.99998695,0.21910901,0.9394481,0.70864505,0.99981403,-0.17802735,0.9946136,0.999796
0.99998814,0.2263543,0.95716196,0.72071207,0.9998304,-0.17754576,0.993551,0.99984425
0.9999854,0.20662671,0.9218362,0.49460548,0.9998674,-0.05793972,0.9938486,0.9999648
0.9999829,0.10618867,0.99976206,0.55061424,0.99956644,-0.17956997,-0.8364481,0.999232
0.99999195,0.26897502,0.9829497,0.8645415,0.99978584,-0.27647915,0.98921776,0.9995409
0.99998474,0.13914897,0.9998129,0.69347453,0.99950105,-0.21621583,-0.83135295,0.9992923
0.99998826,0.24285181,0.96895045,0.7638581,0.99982333,-0.23641099,0.9921128,0.99998736
0.9999872,0.23020831,0.9536002,0.71848816,0.9998151,-0.19532749,0.99355304,0.9993362
0.99998736,0.21906132,0.9567923,0.76420355,0.9997978,-0.22936173,0.993446,0.999899
0.99998933,0.1967981,0.9618568,0.5982722,0.99984586,-0.16359231,0.9879072,0.9998307
0.9999858,0.14750764,0.9998122,0.75329953,0.99937683,-0.29391232,-0.830143,0.9992624
0.99998367,0.19495745,0.88387907,0.4424091,0.9997727,-0.10453105,0.9952033,0.99994564
0.99998325,0.12022084,0.99980015,0.644138,0.9995596,-0.1953156,-0.8330143,0.99928755
0.99998254,0.117181525,0.9997804,0.6001967,0.99960047,-0.21566781,-0.83467853,0.9992615
0.9999847,0.11782906,0.99978936,0.6944002,0.99942005,-0.27247393,-0.82968307,0.99927425
0.9999895,0.20637351,0.92924035,0.6727967,0.9998194,-0.20442091,0.9947146,0.9998528
0.99998796,0.22690591,0.9462694,0.7421895,0.9998397,-0.17485733,0.9946592,0.9998847
0.9999874,0.20752858,0.911398,0.58371115,0.9997643,-0.14889662,0.9946952,0.9992348
0.99998546,0.16003215,0.9998343,0.78951424,0.99940115,-0.27624667,-0.81744164,0.999475
0.9999886,0.21483436,0.8881681,0.6411601,0.99981713,-0.12754945,0.99667627,0.9999685
0.9999842,0.13535671,0.9998238,0.72894186,0.9994124,-0.23761673,-0.8271946,0.9993485
0.9999878,0.24324192,0.9582188,0.75611293,0.9998313,-0.16423556,0.99453104,0.99937075
0.9999815,0.11159027,0.9997957,0.62878346,0.99948144,-0.22252434,-0.83642817,0.9993565
0.9999861,0.16311114,0.9998385,0.8220097,0.9992851,-0.3258103,-0.81804925,0.99938655
0.99998325,0.1292204,0.9997824,0.5924802,0.9995094,-0.17369744,-0.8362168,0.9993409
0.9999889,0.20468715,0.9330073,0.6039299,0.9998256,-0.16162166,0.99288744,0.9993182
0.999986,0.20254579,0.90435755,0.55968845,0.999812,-0.0898136,0.9957462,0.9998669
0.9999847,0.16806072,0.99983484,0.7027825,0.9994125,-0.20828114,-0.82611424,0.9993836
0.99998534,0.2103013,0.90276265,0.5315656,0.99984026,-0.10920378,0.99486685,0.99940526
0.9999862,0.21017596,0.94437987,0.64682853,0.9997975,-0.1543659,0.9924718,0.99947095
0.99998283,0.15840855,0.99980396,0.7084401,0.99942213,-0.2420111,-0.83068514,0.99935013
0.99998736,0.15504135,0.999819,0.72056985,0.9994732,-0.25991765,-0.8309793,0.9992506
0.99998534,0.12019426,0.9997883,0.6194097,0.99950063,-0.21617979,-0.838707,0.9991608
0.9999869,0.14265296,0.99980795,0.65656626,0.9994936,-0.1773069,-0.83315194,0.9992662
0.99999136,0.2429459,0.974082,0.7830243,0.9998349,-0.22979395,0.9903052,0.9998764
0.9999861,0.20033447,0.93412364,0.6040668,0.9998404,-0.119814694,0.99342567,0.9993631
0.9999874,0.15599684,0.99980986,0.7096592,0.9994979,-0.19172215,-0.82651776,0.9993859
0.9999837,0.15293238,0.99982697,0.74123055,0.9994828,-0.2498117,-0.831681,0.99920607
0.99998623,0.14008325,0.9997905,0.6352372,0.9994486,-0.22475752,-0.83783084,0.9990968
0.99998856,0.2085225,0.94635093,0.7250471,0.99979395,-0.22804496,0.9941688,0.999961
0.99998516,0.22238773,0.9166633,0.7203218,0.99979234,-0.14090368,0.99663794,0.9999759
0.9999872,0.21518333,0.9331793,0.60031426,0.99983335,-0.13316853,0.9943338,0.99912095
0.99998707,0.17645247,0.9998272,0.7648878,0.99945664,-0.24338923,-0.8172284,0.9994928
0.9999865,0.15089045,0.9998059,0.68213665,0.9994953,-0.22573449,-0.8320373,0.99924606
0.9999834,0.117675476,0.9997472,0.5495175,0.9995431,-0.21605606,-0.8373954,0.9992682
0.9999846,0.13732153,0.99983144,0.70211494,0.9994663,-0.21451305,-0.8279044,0.9993321
0.9999809,0.1575243,0.9998318,0.69870377,0.9994514,-0.23483135,-0.83162344,0.99924284
0.99998444,0.1466104,0.99979967,0.73335713,0.9994851,-0.27980003,-0.82486606,0.999403
0.99998677,0.16188048,0.99984,0.74396515,0.99939764,-0.26052022,-0.82576954,0.9992493
0.99998146,0.1278298,0.99981576,0.6896987,0.99933463,-0.28063127,-0.8390889,0.9991282
0.9999884,0.21760467,0.9320025,0.6265428,0.9998279,-0.1669342,0.994185,0.9993439
0.9999819,0.19941816,0.8930253,0.5838399,0.9997851,-0.14060882,0.99576795,0.9994194
0.9999868,0.21910836,0.9198203,0.64459455,0.99980694,-0.1514463,0.99513173,0.9999846
0.9999822,0.11910859,0.9998051,0.61947316,0.99954057,-0.16053537,-0.8374486,0.9993394
0.999986,0.2297622,0.9494374,0.7397239,0.9998107,-0.208181,0.9946167,0.99997973
0.99999094,0.21938843,0.95242417,0.6531979,0.9998306,-0.17793359,0.99225384,0.9994203
0.999984,0.16393414,0.9998242,0.74411,0.9994358,-0.2575532,-0.82774854,0.99939203
0.9999842,0.16170716,0.9998334,0.7016462,0.99942774,-0.21857505,-0.82958484,0.99929714
0.9999874,0.19523865,0.9262363,0.538319,0.9998278,-0.13569455,0.99320894,0.9993325
0.9999817,0.11074625,0.9997699,0.57203686,0.9995571,-0.20301908,-0.83285034,0.99932724
0.9999897,0.21890624,0.9577861,0.71964073,0.9998063,-0.23287329,0.99260765,0.9991145
0.999984,0.15212679,0.9998332,0.7039776,0.99945873,-0.21139447,-0.83035135,0.99934846
0.9999883,0.21314815,0.9467816,0.6510144,0.99984735,-0.16401932,0.99378943,0.99979174
0.9999879,0.20579267,0.94095904,0.7008139,0.999801,-0.20748186,0.99412626,0.9993541
0.99998945,0.21470188,0.95422053,0.7085619,0.9998267,-0.24616498,0.9925626,0.9998359
0.9999849,0.12629053,0.9998122,0.7101262,0.99946606,-0.26238033,-0.83268845,0.99917436
0.9999889,0.22571741,0.9641292,0.70933104,0.99984956,-0.20026515,0.9903975,0.99979955
0.9999883,0.20456839,0.9341739,0.6805676,0.9998049,-0.16883816,0.9944768,0.99980146
0.9999887,0.16002011,0.9997758,0.713534,0.999553,-0.22930503,-0.8224383,0.99949473
0.99998707,0.23993205,0.9514149,0.70741284,0.9998178,-0.17830163,0.99377704,0.99986285
0.99998707,0.20028819,0.91335905,0.52712315,0.99984986,-0.060800664,0.99458635,0.9996947
0.9999852,0.12368729,0.99980056,0.7631532,0.9993854,-0.32691762,-0.8289574,0.99925745
0.9999869,0.21704957,0.89539945,0.6647564,0.999819,-0.09455412,0.9970736,0.9999697
0.9999859,0.22278142,0.9150872,0.7067324,0.9998112,-0.16807145,0.99652237,0.9993288
0.9999847,0.2263,0.92493767,0.6887301,0.99983895,-0.10723101,0.99617475,0.99923366
0.999986,0.19920956,0.8968509,0.52485245,0.9998243,-0.16320817,0.99514294,0.99998957
0.99998486,0.12542914,0.9997636,0.64953697,0.9996457,-0.23353252,-0.8283586,0.99941087
0.9999889,0.20804667,0.93931395,0.61245733,0.99983084,-0.15098736,0.9937617,0.99997276
0.9999858,0.15043867,0.9998207,0.7354334,0.99942106,-0.2408394,-0.8294104,0.99933463
0.9999883,0.18866119,0.9348623,0.68164337,0.9997832,-0.19681217,0.994164,0.9994059
0.99998766,0.1493507,0.9997922,0.6776638,0.9994743,-0.26710838,-0.83033204,0.9992508
0.99998605,0.19970872,0.895014,0.48892638,0.99985015,-0.092658296,0.9953718,0.9999898
0.99999034,0.20916077,0.9400051,0.66662437,0.9998339,-0.21061428,0.9931667,0.9999994
0.99999017,0.23435515,0.9626703,0.7612355,0.9997942,-0.18495587,0.99332446,0.9999854
0.9999875,0.22461237,0.952761,0.6952183,0.9998314,-0.16072346,0.9936641,0.9992754
0.99998844,0.22281283,0.96615046,0.67553055,0.9997962,-0.21578668,0.988809,0.99933964
0.99998474,0.16867249,0.99985325,0.760877,0.999428,-0.20920134,-0.82364833,0.99943405
0.9999866,0.2073303,0.92302465,0.673038,0.99980336,-0.16815728,0.9951386,0.99936324
0.9999886,0.22329721,0.95622635,0.7312012,0.99983555,-0.20425305,0.99377143,0.9997862
0.99998724,0.19082113,0.94610107,0.57678473,0.99978966,-0.18834087,0.98877037,0.9999982
0.9999923,0.22723816,0.9689911,0.8125777,0.9997406,-0.2889823,0.9909453,0.9993503
0.99998844,0.22119182,0.9596319,0.69049907,0.99984056,-0.16558301,0.9923001,0.9999918
0.9999856,0.20383272,0.91719514,0.5888265,0.9997984,-0.13896662,0.9947065,0.9993473
0.9999845,0.14567125,0.9998309,0.74205005,0.9994653,-0.2732366,-0.8247156,0.99930966
0.99998325,0.19431308,0.8758062,0.455621,0.9998271,-0.08982201,0.9955891,0.9998744
0.99998325,0.20576875,0.84717554,0.47837892,0.9998158,-0.08068659,0.99699646,0.99989873
0.99998575,0.20926051,0.9002208,0.54224837,0.99981797,-0.1104458,0.9951288,0.99997705
0.9999877,0.22426309,0.95947385,0.7644249,0.9997917,-0.25463393,0.9922967,0.99989694
0.999987,0.22750507,0.9507266,0.6944879,0.99983454,-0.18848707,0.99444956,0.99925286
0.9999838,0.21840267,0.88149434,0.60068095,0.9998016,-0.12647855,0.996664,0.99997157
0.9999839,0.15306428,0.99982625,0.73967904,0.99951285,-0.26454628,-0.8233631,0.9993301
0.9999797,0.11727729,0.999763,0.5218335,0.99956876,-0.19560567,-0.8428801,0.9991808
0.9999882,0.13068034,0.99977255,0.68347025,0.9995454,-0.2442521,-0.8287438,0.9993731
0.99998695,0.14203319,0.99979454,0.6239048,0.9994989,-0.16359203,-0.8329965,0.9994422
0.9999892,0.20681757,0.94622153,0.6583432,0.9998171,-0.17031097,0.9933101,0.9993814
0.9999875,0.2275159,0.9500511,0.68675804,0.9998344,-0.14480317,0.9938595,0.99918926
0.99998194,0.13424036,0.99981517,0.66671884,0.99940884,-0.23611957,-0.8404721,0.9992418
0.99998754,0.2217567,0.95343447,0.7194687,0.9998146,-0.20809597,0.9929874,0.99941653
0.99998385,0.16173868,0.9998388,0.7741811,0.99934924,-0.3298456,-0.8274012,0.99925226
0.9999872,0.20193374,0.9541486,0.65584445,0.99985033,-0.17228617,0.99179953,0.99940014
0.9999815,0.115755156,0.99978125,0.6611866,0.99958104,-0.21305333,-0.8285245,0.99943113
0.99998474,0.19514182,0.87852836,0.4187985,0.9998676,-0.009394064,0.99617136,0.99993753
0.9999897,0.2290397,0.9552651,0.70945454,0.9998399,-0.14742528,0.9941282,0.99937165
0.99999076,0.20208518,0.94842947,0.63345337,0.9998619,-0.21262097,0.99034494,0.99917734
0.9999821,0.13763936,0.99979365,0.62091684,0.9995327,-0.18218619,-0.8328072,0.9995155
0.99998504,0.14113668,0.99980366,0.6205313,0.9994863,-0.17845891,-0.83267444,0.99928886
0.9999862,0.15895371,0.99980825,0.74013436,0.99938226,-0.2795419,-0.8302951,0.9993196
0.99998266,0.13324423,0.9998223,0.6857811,0.9994069,-0.2538064,-0.83502626,0.99915326
0.99998397,0.14929093,0.9998237,0.760655,0.9993453,-0.2947917,-0.8274619,0.99922144
0.9999877,0.16656093,0.99981046,0.71488345,0.9994778,-0.22278918,-0.8259835,0.99948436
0.99998504,0.17462851,0.9998334,0.7751236,0.999392,-0.2878597,-0.82517457,0.9993729
0.9999889,0.23247741,0.9627672,0.774133,0.99983376,-0.21270554,0.9931628,0.99916065
0.99998546,0.13493295,0.9997633,0.6336682,0.9995391,-0.19472155,-0.8313141,0.99950904
0.999989,0.20541078,0.92575157,0.64615357,0.9998038,-0.14347291,0.99469566,0.99985904
0.9999852,0.14394434,0.99980736,0.6435762,0.9994404,-0.20748982,-0.83417857,0.9992589
0.9999869,0.21358418,0.9363522,0.6796583,0.99983895,-0.1540082,0.9953884,0.99923015
0.9999865,0.21170826,0.9248519,0.6098338,0.99980307,-0.14067382,0.99466413,0.9997518
0.9999869,0.2006425,0.920094,0.5028166,0.9998178,-0.12685533,0.9932182,0.9998563
0.99998546,0.19207726,0.92679983,0.5714762,0.9998057,-0.13372064,0.9943302,0.99917483
0.9999843,0.16389295,0.99985397,0.78232557,0.99939907,-0.2757446,-0.82167757,0.9992993
0.99998456,0.21758428,0.9325266,0.647545,0.9997909,-0.13858262,0.9944855,0.999366
0.99998564,0.10673332,0.9997469,0.52544427,0.99957764,-0.16315559,-0.8317938,0.9993217
0.9999819,0.17033266,0.9998479,0.8039397,0.9993941,-0.30604997,-0.8265997,0.99934906
0.99998647,0.15946531,0.9998121,0.68948925,0.99955475,-0.21140487,-0.8267451,0.9992794
0.99998945,0.21676233,0.92931676,0.66799724,0.999831,-0.1809969,0.9953024,0.9998298
0.9999888,0.19031079,0.95372975,0.5996776,0.99978536,-0.17192072,0.98815876,0.9991215
0.99998486,0.12962231,0.9997873,0.6207192,0.99947906,-0.22791404,-0.8415382,0.9991271
0.9999898,0.19702543,0.94857067,0.62221825,0.99986255,-0.1733196,0.98981214,0.99920326
0.99998605,0.13372844,0.9998322,0.76671684,0.9995091,-0.2880935,-0.8195152,0.9992342
0.99998397,0.21843778,0.9319092,0.7207873,0.99982405,-0.17316143,0.99603236,0.99996865
0.99998933,0.22045888,0.94594216,0.70626986,0.99977624,-0.19644608,0.9938521,0.9991248
0.9999863,0.2112314,0.95279807,0.6220504,0.99983215,-0.15627703,0.9906546,0.9998503
0.99998343,0.21018368,0.8461999,0.5071585,0.9998335,-0.03102378,0.9974293,0.999993
0.9999817,0.13884977,0.99980694,0.69453585,0.9994875,-0.25671998,-0.8336085,0.999247
0.9999887,0.16591524,0.9998218,0.7359642,0.99943113,-0.27364573,-0.8240298,0.99933743
0.9999859,0.13192976,0.99981445,0.6981712,0.9995067,-0.23031919,-0.82602835,0.9993793
0.99998987,0.21442409,0.9267193,0.6136964,0.99981934,-0.11786644,0.9946657,0.99986243
0.99998665,0.22526428,0.93865925,0.650626,0.9998392,-0.16323847,0.9942748,0.99996495
0.999985,0.21898957,0.931199,0.72778964,0.99981475,-0.14447574,0.9964094,0.9998436
0.99998593,0.20515676,0.9291741,0.5860034,0.9998333,-0.1503017,0.9941416,0.99987227
0.9999848,0.14643912,0.9998178,0.77217346,0.9993518,-0.2733124,-0.8273619,0.99941033
0.999991,0.22194462,0.9453107,0.6611123,0.99983597,-0.16127495,0.99384797,0.9998749
0.99998623,0.23781936,0.9395559,0.7929225,0.99978274,-0.16197564,0.99655414,0.9998639
0.99998456,0.1563157,0.9998285,0.67841387,0.99953336,-0.22493748,-0.8326019,0.999184
0.99998724,0.22011428,0.9495806,0.7162236,0.99979496,-0.1941655,0.99423766,0.9998281
0.9999894,0.20988218,0.9534272,0.69862974,0.99983686,-0.21142182,0.99129486,0.99935776
0.99998,0.112695806,0.99979526,0.49017122,0.9995637,-0.08395079,-0.8414616,0.99925774
0.99998665,0.21698068,0.9439445,0.65947783,0.9998444,-0.154239,0.9939101,0.9998643
0.9999862,0.16675518,0.9998261,0.7057836,0.99943215,-0.23776014,-0.8258211,0.99930346
0.99998844,0.22329777,0.96788895,0.7113156,0.9998146,-0.2002087,0.9909524,0.999326
0.9999832,0.14637397,0.99979424,0.60476345,0.99955434,-0.18872775,-0.8364154,0.99925977
0.99998695,0.1880081,0.99985266,0.8388149,0.9992582,-0.3309613,-0.81036353,0.999279
0.99998283,0.1481956,0.99981683,0.5914007,0.9995368,-0.14399926,-0.8357393,0.9992357
0.9999886,0.19610982,0.9998136,0.7259178,0.9995082,-0.22281592,-0.8206622,0.99945265
0.9999875,0.20509693,0.91490495,0.50292045,0.9998469,-0.0923263,0.99430996,0.9999791
0.9999891,0.22867495,0.9679399,0.7221782,0.9997945,-0.21316645,0.9901296,0.99933076
0.9999849,0.20769823,0.9303897,0.63493013,0.99981594,-0.120000355,0.9950213,0.999293
0.9999883,0.22089835,0.95227855,0.6986885,0.9997726,-0.20854083,0.99188364,0.9998516
0.99998623,0.21774308,0.91933656,0.726917,0.99980575,-0.15025565,0.9968082,0.99954265
0.9999872,0.21299364,0.9592392,0.6785918,0.9998162,-0.23524924,0.990367,0.99996537
0.9999869,0.14968967,0.9998131,0.67300296,0.99951446,-0.2244166,-0.83144337,0.9991915
0.99998134,0.17589217,0.9998407,0.7428994,0.9993506,-0.2624071,-0.82766163,0.99929243
0.99998856,0.19290595,0.9321842,0.42870772,0.9998482,-0.10351896,0.98971766,0.9992991
0.9999882,0.22307111,0.9360952,0.666787,0.99979633,-0.14374039,0.994624,0.99948424
0.9999882,0.23602161,0.96979076,0.7909841,0.9998152,-0.24800377,0.99152124,0.9998521
0.9999882,0.21478848,0.9178635,0.5969182,0.9997709,-0.13112083,0.99502003,0.9992475
0.99998385,0.113894455,0.9997999,0.6224576,0.99956673,-0.18382253,-0.8320148,0.9993046
0.99998283,0.19148742,0.9175846,0.4631305,0.9998047,-0.1284804,0.9933893,0.9999986
0.999985,0.11455999,0.99977446,0.5824467,0.9995615,-0.19351822,-0.8340948,0.99936086
0.9999879,0.1476221,0.9998304,0.76534617,0.9994391,-0.2583007,-0.82325745,0.99933356
0.9999857,0.13095859,0.9998041,0.6128245,0.9995661,-0.17307954,-0.8330349,0.9992549
0.9999883,0.2001194,0.92868835,0.62566894,0.99984765,-0.12654254,0.9954717,0.999351
0.9999852,0.14341845,0.9998123,0.69427806,0.9995552,-0.19980302,-0.8256391,0.99947715
0.9999891,0.2255615,0.9611519,0.75136405,0.99981207,-0.2400927,0.9906892,0.9999585
0.9999849,0.13378634,0.99979216,0.6198143,0.99950165,-0.18634,-0.83424723,0.9993717
0.99998116,0.10747767,0.9998161,0.67206883,0.999396,-0.26640397,-0.8343507,0.9990357
0.9999821,0.1354875,0.9998014,0.6221595,0.999412,-0.23212352,-0.838401,0.9991594
0.99998575,0.19284122,0.9132462,0.3726549,0.9998658,-0.03798966,0.99284726,0.99931943
0.99998504,0.21580984,0.9303321,0.6500388,0.9998204,-0.13375601,0.99566615,0.9991802
0.99998593,0.15079327,0.9998018,0.694227,0.9994654,-0.18312287,-0.83240587,0.9995499
0.99998844,0.14640877,0.9998161,0.76348305,0.99931294,-0.31541872,-0.82669586,0.99919033
0.99998504,0.14278232,0.99980944,0.67630345,0.99948114,-0.18735634,-0.8330664,0.99934906
0.9999844,0.13706836,0.999808,0.6540433,0.99949247,-0.22609635,-0.83325344,0.99920535
0.99998933,0.22963107,0.93888646,0.78380316,0.99977875,-0.23465793,0.9958375,0.9999572
0.9999884,0.19985458,0.9327606,0.63151485,0.9998351,-0.16122772,0.9938009,0.9999464
0.999986,0.21692246,0.91369265,0.6439674,0.999808,-0.12811366,0.99559337,0.9993933
0.99998677,0.16647191,0.9998455,0.8036325,0.9993192,-0.3017832,-0.819726,0.9992621
0.9999891,0.22060157,0.9671144,0.6830388,0.99982125,-0.1914464,0.98863196,0.9998078
0.9999822,0.10693346,0.9998012,0.6264954,0.99950933,-0.1998293,-0.83443713,0.9992875
0.99998915,0.18751736,0.9415764,0.5471047,0.999798,-0.19140309,0.98916614,0.99931484
0.9999853,0.12168137,0.9997842,0.63316405,0.99955374,-0.22893935,-0.8341998,0.999226
0.99998844,0.22026317,0.9482268,0.7181542,0.99979013,-0.22439155,0.9924995,0.9999992
0.999987,0.21965143,0.9405367,0.6586827,0.99981254,-0.12904151,0.99502313,0.9998366
0.99999017,0.19995506,0.9401938,0.60145426,0.9998087,-0.1827201,0.9921279,0.9999456
0.9999798,0.1290613,0.9998112,0.57466424,0.99954355,-0.12469764,-0.8368118,0.99942327
0.99998635,0.19512507,0.9076364,0.43637902,0.9998325,-0.08660673,0.99352473,0.99984837
0.9999823,0.1289652,0.9997984,0.6234635,0.999479,-0.18917888,-0.83656585,0.9993724
0.99998623,0.13729072,0.9998096,0.6971968,0.9995317,-0.2036129,-0.82609546,0.9994259
0.99998266,0.13196164,0.9998005,0.6933229,0.99938506,-0.25999558,-0.8364798,0.99933404
0.99998873,0.21458745,0.9532824,0.65686285,0.9998593,-0.18227485,0.9914288,0.9993769
0.9999881,0.23277004,0.9609131,0.777597,0.99980646,-0.22906968,0.9936431,0.99929386
0.99998885,0.21195221,0.92199534,0.7056799,0.99977875,-0.1898511,0.995691,0.999873
0.99998766,0.21502745,0.9065177,0.56887555,0.9998351,-0.1295331,0.99535924,0.999419
0.9999875,0.1622356,0.9998294,0.7382505,0.9994446,-0.24289328,-0.82956034,0.99937433
0.99998707,0.20095637,0.9196502,0.49862924,0.99986166,-0.0936476,0.992989,0.9994323
0.99998665,0.117927395,0.9997507,0.5735613,0.9995569,-0.17095487,-0.8301522,0.99941975
0.9999871,0.20536995,0.95416266,0.652199,0.99984574,-0.1994615,0.99207246,0.99944454
0.99998975,0.21512432,0.9517775,0.7368485,0.9997864,-0.19191831,0.9936486,0.9999623
0.99998397,0.14058451,0.9998089,0.6766157,0.99949884,-0.23527485,-0.83108634,0.99928504
0.9999844,0.17261717,0.99983144,0.74575484,0.99944305,-0.26224604,-0.82609266,0.99922144
0.99998283,0.15468685,0.9998145,0.791133,0.9992314,-0.33048415,-0.8246173,0.9993444
0.9999858,0.13696587,0.9997824,0.5770179,0.99942476,-0.15190643,-0.83731395,0.9993466
0.99998623,0.2134378,0.92645836,0.71206105,0.9997563,-0.15680599,0.9960858,0.9992213
0.9999832,0.17936534,0.99985766,0.81585824,0.9993943,-0.2547329,-0.8152146,0.9995603
0.99998534,0.14768924,0.9998237,0.694119,0.9993939,-0.23191147,-0.829369,0.9993184
0.9999875,0.21046914,0.9129444,0.54378605,0.99980384,-0.1371336,0.99449366,0.99999976
0.9999812,0.12835306,0.9997958,0.61957985,0.99947035,-0.22585917,-0.8414456,0.9992398
0.9999894,0.23017639,0.96275234,0.7546375,0.99980587,-0.2757299,0.9918872,0.9998678
0.9999908,0.18847002,0.9998243,0.74251086,0.99948615,-0.21854767,-0.814121,0.99943036
0.99998385,0.1498945,0.9998157,0.702502,0.9994558,-0.2698951,-0.83172417,0.9992081
0.9999909,0.22355708,0.96202415,0.7526135,0.9998483,-0.21534093,0.9916775,0.9992654
0.9999868,0.12840417,0.99978036,0.6154295,0.99949956,-0.2124326,-0.8358448,0.9992555
0.9999894,0.1992146,0.9398537,0.6316531,0.99980414,-0.1635997,0.9938156,0.99998033
0.99998623,0.24422696,0.95695263,0.74394995,0.9998292,-0.19023767,0.9945892,0.9999869
0.9999884,0.15058543,0.99983364,0.7854782,0.99945825,-0.29322475,-0.82200766,0.99930495
0.9999851,0.13910319,0.99979913,0.7264252,0.99938333,-0.2789236,-0.83271074,0.9993014
0.9999848,0.11733804,0.9998055,0.6507921,0.99952996,-0.21069203,-0.8318571,0.99933255
0.9999869,0.21852382,0.9123843,0.66293395,0.9997974,-0.12922625,0.9963067,0.9997839
0.99998873,0.22155654,0.93534815,0.7060622,0.9998323,-0.13857996,0.9956431,0.99984205
0.99998766,0.19872363,0.926415,0.6426731,0.99982595,-0.13759202,0.99526364,0.99996746
0.9999917,0.23772061,0.97742164,0.7844902,0.9997004,-0.31412813,0.9840544,0.99901175
0.999987,0.16905078,0.9998293,0.7703618,0.9992962,-0.2948911,-0.8282281,0.99916345
0.9999881,0.20439081,0.9424864,0.60758364,0.99982303,-0.16894464,0.9923602,0.99996144
0.99998957,0.20251341,0.8916916,0.60092723,0.9998473,-0.1331051,0.9963626,0.9991745
0.99998766,0.20627481,0.93768394,0.6989031,0.9997621,-0.20659249,0.99478376,0.999409
0.9999883,0.2095232,0.95870894,0.6184511,0.999846,-0.19862716,0.98960555,0.99914515
0.9999879,0.14321703,0.9997766,0.6700004,0.9995353,-0.24728934,-0.8315643,0.9993806
0.99998105,0.15461256,0.9998134,0.6180421,0.99953616,-0.13159312,-0.8358816,0.9994361
0.99998516,0.14123234,0.9998181,0.6951797,0.99952626,-0.19857924,-0.8357452,0.99927974
0.9999862,0.16475439,0.99983704,0.7859916,0.9994032,-0.28538674,-0.82083625,0.9993193
0.99998397,0.19989951,0.9004017,0.5614403,0.9997878,-0.104538545,0.9962421,0.999975
0.99998575,0.12728518,0.9997699,0.64201236,0.99950165,-0.20055644,-0.8295977,0.9994713
0.9999846,0.14364856,0.99979466,0.6687826,0.9995261,-0.2197478,-0.831321,0.99935627
0.99998647,0.19399875,0.9220903,0.5687208,0.99981695,-0.10599907,0.99494636,0.99926883
0.9999851,0.19373347,0.89966786,0.5493967,0.9998529,-0.10349763,0.99554855,0.99980557
0.9999883,0.1840474,0.91776437,0.55644274,0.999816,-0.16510722,0.9945572,0.9993635
0.99998,0.15662773,0.9998251,0.68996763,0.9994389,-0.2464418,-0.83261216,0.99920064
0.9999821,0.13972898,0.99980736,0.63778895,0.99954224,-0.19868879,-0.83564293,0.9991829
0.9999857,0.18733631,0.94983566,0.5817948,0.9998472,-0.16531499,0.99052036,0.9990185
0.99998856,0.2227416,0.9588008,0.7602476,0.9998133,-0.22809073,0.99295574,0.99942786
0.99998766,0.20350997,0.9313166,0.58536845,0.9998387,-0.119901985,0.99510956,0.99939656
0.99998736,0.23262328,0.95508915,0.6757184,0.9997594,-0.2089723,0.9913901,0.99985296
0.9999877,0.20528977,0.8964262,0.44100508,0.9998297,-0.07914641,0.99472696,0.99986255
0.99998754,0.23491979,0.93555564,0.779241,0.99976623,-0.22119918,0.99630713,0.9998124
0.9999921,0.20496187,0.9661091,0.68150127,0.9998066,-0.27582487,0.98586994,0.9999858
0.999988,0.19094038,0.9366352,0.459763,0.9998445,-0.119481705,0.99096185,0.999327
0.9999872,0.20756693,0.9426843,0.65394545,0.9998444,-0.17404012,0.992849,0.99934447
0.9999883,0.16931124,0.9998268,0.7130754,0.9995576,-0.19779487,-0.8204501,0.99940217
0.999986,0.14816748,0.99978244,0.6913419,0.99952126,-0.26959607,-0.83205616,0.99931747
0.99998194,0.13298422,0.9998178,0.68282384,0.9995185,-0.2112379,-0.82883275,0.99927276
0.99998486,0.23320444,0.9309908,0.78353995,0.99979043,-0.21210767,0.99690366,0.999343
0.9999818,0.16010165,0.99983394,0.68294615,0.99949634,-0.20641595,-0.83414173,0.99922395
0.9999841,0.1447786,0.99981254,0.6697493,0.999474,-0.20076367,-0.8312218,0.9993199
0.99998415,0.21130352,0.88990825,0.49012136,0.99982935,-0.046572693,0.996012,0.99928856
0.99998564,0.11527169,0.9997673,0.62675726,0.9995845,-0.18998213,-0.82720625,0.9994964
0.99997854,0.086565085,0.99978024,0.571833,0.9995281,-0.2044215,-0.8355241,0.9992489
0.999985,0.21558917,0.8457904,0.6057935,0.99982494,-0.060806468,0.9977571,0.9992757
0.99998164,0.12900075,0.9998455,0.7567835,0.99933106,-0.2741832,-0.8263491,0.99927837
0.99998784,0.20222777,0.92440045,0.5215867,0.9998469,-0.1114682,0.9938488,0.9992619
0.9999831,0.15523933,0.9998273,0.7388762,0.99943006,-0.28923017,-0.8299991,0.9992051
0.99998903,0.18618359,0.9998492,0.75902694,0.9995164,-0.18978904,-0.8159225,0.9994171
0.9999852,0.15182656,0.9998385,0.76599705,0.9994159,-0.26614264,-0.82378125,0.9993458
0.9999884,0.22923213,0.95832473,0.76550484,0.9997963,-0.19690512,0.994152,0.99930406
0.9999848,0.13750483,0.9998134,0.650797,0.999584,-0.16041464,-0.83243084,0.99931794
0.999982,0.17768863,0.9998561,0.79040515,0.99937594,-0.28593,-0.8233707,0.9991902
0.9999904,0.21082139,0.9625084,0.74024296,0.99977756,-0.2566093,0.9916248,0.9999752
0.9999832,0.13555571,0.9998124,0.65529263,0.9994421,-0.19084306,-0.8324185,0.9992381
0.9999849,0.12841247,0.9997867,0.62216103,0.9995898,-0.19144745,-0.8319389,0.9993258
0.99999046,0.21341582,0.96058816,0.7642812,0.9998393,-0.21104789,0.9926608,0.9998842
0.99999,0.24624296,0.9674365,0.7308045,0.99987507,-0.15744598,0.9927993,0.99940765
0.9999915,0.22343302,0.9624821,0.7364186,0.999849,-0.21635379,0.99270964,0.9999484
0.99998766,0.21625799,0.907624,0.6557091,0.9998181,-0.18208162,0.99620044,0.9998703
0.99998546,0.123953156,0.9997689,0.5231231,0.9995899,-0.12930056,-0.8324729,0.999418
0.9999873,0.16379812,0.9998034,0.6129322,0.9995307,-0.14243579,-0.8347148,0.9993993
0.9999846,0.14887537,0.99982107,0.70874876,0.9994488,-0.23764805,-0.8308646,0.9993129
0.9999836,0.13488723,0.99980015,0.62828815,0.99940324,-0.23169525,-0.84100145,0.9991697
0.99998724,0.15908037,0.9998052,0.7549336,0.99936324,-0.30477497,-0.83186907,0.99921334
0.99998873,0.19892341,0.9213939,0.5175274,0.9998461,-0.095824316,0.99292094,0.99998343
0.9999863,0.20015095,0.92203707,0.5806136,0.9998365,-0.1595191,0.99476016,0.9991452
0.99998677,0.20860456,0.9281577,0.61002076,0.99977034,-0.18074246,0.993901,0.9992721
0.9999915,0.26053512,0.9839009,0.8717019,0.9997987,-0.3367976,0.98974866,0.9992933
0.99998605,0.1679907,0.9998328,0.6957141,0.9994685,-0.19936132,-0.8320986,0.9993048
0.9999862,0.15370151,0.99978435,0.6321838,0.99947447,-0.22097899,-0.8404472,0.9991449
0.99997526,0.11307574,0.9997951,0.59102523,0.99951494,-0.19853231,-0.84038275,0.99929297
0.99998504,0.16712011,0.99984926,0.78696436,0.9993566,-0.26425582,-0.8206322,0.99938506
0.99998575,0.20069554,0.8844549,0.5091836,0.99984145,-0.09235213,0.9960279,0.99981636
0.99998784,0.11780934,0.99975103,0.5686991,0.999564,-0.20272093,-0.8372456,0.9992719
0.9999875,0.21184082,0.87735593,0.52322066,0.9998331,-0.07694423,0.99613434,0.9993409
0.999988,0.13060182,0.9998073,0.6368815,0.9996361,-0.16328682,-0.82671833,0.9993498
0.9999853,0.20032819,0.89974743,0.50548965,0.999834,-0.07762004,0.995254,0.9992503
0.99998426,0.22229457,0.94360715,0.6555981,0.99980205,-0.12847215,0.9930648,0.99998236
0.999984,0.15571764,0.99982274,0.69291127,0.9994245,-0.22361869,-0.83308977,0.9993183
0.99998295,0.1250582,0.9997927,0.6216501,0.9995498,-0.1902117,-0.8329028,0.99926853
0.9999854,0.2160849,0.9029105,0.5607674,0.9998387,-0.11756775,0.9956397,0.99998957
0.99998343,0.113377005,0.99978113,0.5921525,0.9995853,-0.20661654,-0.8341897,0.99923617
0.99998164,0.15623955,0.9998223,0.6194873,0.9995096,-0.1658297,-0.8351415,0.9992218
0.9999824,0.20457405,0.91301024,0.6160579,0.9998202,-0.15780239,0.99526554,0.9992432
0.9999864,0.21381994,0.92847294,0.58580756,0.99982107,-0.10412679,0.9943375,0.9998539
0.99998605,0.13255551,0.9997919,0.7107421,0.99949753,-0.2632495,-0.8259963,0.9993832
0.99999005,0.20050885,0.9458312,0.6089076,0.99979347,-0.20519769,0.9912042,0.99985987
0.9999862,0.15812197,0.99983203,0.70973647,0.9995409,-0.19875206,-0.8254856,0.9992342
0.99998885,0.21379484,0.93621004,0.64305365,0.9997942,-0.13739507,0.9943722,0.99998176
0.9999854,0.16801111,0.9998572,0.82082605,0.9992969,-0.30514446,-0.8164813,0.9994043
0.9999814,0.115202785,0.9997858,0.5755313,0.99938756,-0.16753171,-0.84033334,0.9993439
0.9999854,0.11571067,0.99978536,0.63131833,0.9995856,-0.20851785,-0.83079565,0.99928826
0.9999871,0.11736917,0.99976754,0.6246929,0.99952585,-0.16855292,-0.83154935,0.99951833
0.9999796,0.11309327,0.99977785,0.529735,0.9995352,-0.18240927,-0.8395759,0.9992538
0.99998933,0.21087638,0.9281728,0.59743845,0.99984,-0.14665918,0.99360865,0.9993582
0.99998367,0.12511124,0.99978733,0.6273025,0.99944025,-0.22381996,-0.8375827,0.9991763
0.99998766,0.16512068,0.99982154,0.736832,0.9995105,-0.19797136,-0.81785804,0.99947464
0.99998796,0.22608832,0.9409711,0.7268955,0.9998407,-0.17067543,0.9956825,0.99935544
0.99998814,0.20936157,0.93823487,0.577098,0.99984425,-0.15036543,0.99135995,0.9999806
0.9999879,0.21863945,0.947181,0.71849346,0.9998008,-0.158325,0.99492,0.99999857
0.9999854,0.16494837,0.9998271,0.74508154,0.99947894,-0.27777207,-0.82209766,0.99927175
0.9999872,0.15851513,0.9998127,0.72097385,0.99953556,-0.27178666,-0.8235439,0.9992447
0.99998283,0.11237916,0.999778,0.5580691,0.9995388,-0.18059799,-0.8392198,0.99925464
0.9999895,0.22547023,0.94590867,0.70805216,0.9998501,-0.21587613,0.9939849,0.9998441
0.99998903,0.23706062,0.9603243,0.7678237,0.99980026,-0.24372214,0.99309003,0.9999857
0.9999827,0.12797718,0.99982244,0.6919385,0.999552,-0.21136664,-0.8299569,0.9992846
0.9999851,0.16398484,0.9998366,0.7476787,0.9994536,-0.2624756,-0.8243444,0.99923134
0.9999912,0.22926997,0.9648067,0.7587209,0.99979043,-0.22130749,0.9912823,0.99928147
0.99998707,0.13110328,0.99980545,0.6395019,0.99952704,-0.21848603,-0.8322457,0.99918026
0.99999064,0.20296545,0.9603133,0.6222348,0.9998386,-0.17066386,0.9886452,0.9998724
0.9999828,0.14247158,0.9998443,0.7477673,0.9994157,-0.28734216,-0.82952595,0.9991043
0.99998474,0.123824015,0.9998123,0.66474026,0.99957335,-0.20357113,-0.83001935,0.99934316
0.9999845,0.13125679,0.9997655,0.5686002,0.99965507,-0.1617773,-0.8311373,0.9993053
0.99998796,0.22097029,0.96261406,0.69696707,0.9997993,-0.21012539,0.99064344,0.9999796
0.9999852,0.13956472,0.9997762,0.5917415,0.99954075,-0.17601861,-0.8340804,0.9993622
0.99998385,0.14032766,0.999834,0.7322911,0.99940085,-0.24845631,-0.8275873,0.9993497
0.99999124,0.2034598,0.95923394,0.6713316,0.99982774,-0.21674918,0.98878074,0.9999552
0.99999017,0.21088044,0.94783354,0.6633097,0.9998162,-0.20842013,0.9920115,0.99998647
0.99998784,0.15497291,0.9997978,0.7190244,0.9995296,-0.19691792,-0.8219048,0.9995516
0.99998724,0.13250972,0.99977964,0.6601999,0.9995026,-0.23874564,-0.8295807,0.9993424
0.999986,0.2045948,0.917762,0.5252284,0.9998331,-0.08681205,0.99362874,0.9992013
0.9999879,0.20541422,0.9313871,0.6702684,0.9998328,-0.1711953,0.9946839,0.99932605
0.9999835,0.14230971,0.9998098,0.71517676,0.9994708,-0.2571732,-0.8304283,0.99931496
0.9999862,0.20371999,0.89144635,0.59661174,0.9998373,-0.08292273,0.9967092,0.99987525
0.9999871,0.20554729,0.92188495,0.5922913,0.9997905,-0.12207633,0.99402934,0.9994149
0.999987,0.13327794,0.99979347,0.719709,0.99946266,-0.2743889,-0.8259435,0.999325
0.9999909,0.23786777,0.9599219,0.7748729,0.9998035,-0.22065324,0.9936545,0.9998935
0.9999876,0.12735973,0.999776,0.6436762,0.99948144,-0.21565415,-0.83689725,0.9992912
0.99998605,0.13078418,0.9997985,0.5958325,0.9995543,-0.1803351,-0.8329593,0.99921477
0.9999821,0.15493931,0.9998417,0.7249137,0.99949884,-0.25587216,-0.83345777,0.99925464
0.99998224,0.14685805,0.99983156,0.7340231,0.99940187,-0.2562914,-0.8316659,0.9992614
0.9999818,0.14093864,0.9998137,0.6936538,0.99945307,-0.24378128,-0.8334503,0.99929446
0.999984,0.13019489,0.9998082,0.65356624,0.99949354,-0.21629813,-0.83478177,0.9992279
0.9999862,0.20052794,0.9135852,0.57404566,0.9998181,-0.13855228,0.995158,0.99998367
0.99998397,0.14251406,0.9998288,0.75541383,0.9994443,-0.25287992,-0.82795024,0.9993892
0.9999852,0.15257692,0.99980813,0.7258489,0.9993505,-0.2782811,-0.8332554,0.99921346
0.99998534,0.11887038,0.99980193,0.65591097,0.99952173,-0.2169171,-0.8339259,0.99925715
0.99997854,0.12128181,0.99980164,0.5800835,0.9995644,-0.15132935,-0.8357612,0.99934673
0.99998647,0.1492518,0.99982315,0.70582235,0.99949497,-0.21127114,-0.8297255,0.9993375
0.99998635,0.16387405,0.9998245,0.7612937,0.9993873,-0.2870911,-0.8255843,0.99936855
0.9999895,0.19622476,0.90826565,0.4804627,0.9998431,-0.08628375,0.99372905,0.9999807
0.99998116,0.14165898,0.9998159,0.6546434,0.99950135,-0.19148488,-0.83676237,0.99934494
0.9999878,0.13733417,0.99977696,0.68052995,0.9994572,-0.24439353,-0.8313552,0.99937934
0.99998695,0.14702263,0.9998224,0.74233603,0.99952346,-0.27639326,-0.8287225,0.9992225
0.9999799,0.13484317,0.9998176,0.5691684,0.9995554,-0.16941336,-0.84218913,0.9991861
0.9999874,0.19920477,0.9055246,0.5613477,0.9998342,-0.13590766,0.99560225,0.99994314
0.9999871,0.19882019,0.9307342,0.607304,0.99981225,-0.15136765,0.9939092,0.999971
0.9999888,0.21693511,0.9481992,0.7147683,0.9998414,-0.16712672,0.994523,0.9992389
0.9999845,0.15271553,0.9998327,0.7244415,0.9994717,-0.20319487,-0.8260149,0.99936026
0.99998933,0.23956048,0.96662116,0.7672008,0.9997892,-0.27738258,0.9918795,0.99996775
0.9999829,0.12955436,0.9998102,0.7196522,0.99939847,-0.25822905,-0.83502215,0.99927557
0.99998754,0.20482458,0.93172616,0.66901433,0.99982697,-0.1811881,0.9948465,0.9993488
0.9999868,0.208461,0.91091603,0.5252327,0.99985015,-0.071955435,0.9948414,0.99917096
0.9999885,0.20535415,0.9079349,0.6084542,0.9998177,-0.1218388,0.99574995,0.9994214
0.99998295,0.14083035,0.99983793,0.7474608,0.9993895,-0.27116954,-0.83267736,0.99912703
0.9999853,0.12762873,0.9997757,0.61271787,0.99956787,-0.18431036,-0.83071274,0.99944866
0.9999873,0.19704494,0.9998487,0.831419,0.9993996,-0.3162523,-0.8166121,0.99941385
0.9999871,0.21194574,0.9695975,0.6918061,0.99984854,-0.20692119,0.9872417,0.9999998
0.9999873,0.16241556,0.9998167,0.6910356,0.99950373,-0.20651498,-0.8250847,0.99932903
0.99998564,0.20332992,0.92804945,0.6083408,0.9998117,-0.15744546,0.9943928,0.9998145
0.9999853,0.2122885,0.99988216,0.8877968,0.9991715,-0.377687,-0.798871,0.9994266
0.99998385,0.11051066,0.9997499,0.50310975,0.9996129,-0.1486411,-0.8357142,0.9992574
0.99998784,0.20594244,0.9359491,0.6830573,0.99985784,-0.11420703,0.9955468,0.9999805
0.99998707,0.22488756,0.9532662,0.69926846,0.999843,-0.18836395,0.99316907,0.9998281
0.9999848,0.14124662,0.99981356,0.6214272,0.99961317,-0.18065055,-0.8301269,0.99922854
0.9999877,0.20598713,0.9289182,0.55701435,0.99980277,-0.13321096,0.99318177,0.9992947
0.9999863,0.1708843,0.9998423,0.7805994,0.9993634,-0.26572937,-0.820774,0.9993388
0.99998474,0.13751316,0.9997574,0.6201645,0.99950105,-0.20521945,-0.8388405,0.9993264
0.9999893,0.2095314,0.9417935,0.6510148,0.99976146,-0.2391041,0.992308,0.9993589
0.9999888,0.23008816,0.9605827,0.6676973,0.99982435,-0.16562027,0.9907212,0.9992323
0.9999835,0.100309044,0.99982214,0.62390995,0.9995587,-0.19773142,-0.830909,0.9991538
0.9999834,0.13645746,0.9997982,0.60264546,0.9994869,-0.15332463,-0.83757627,0.999373
0.9999851,0.18383312,0.99984384,0.7716937,0.9994469,-0.27104622,-0.82414156,0.99927425
0.9999842,0.11575125,0.99979025,0.6161803,0.99948186,-0.20380394,-0.8348624,0.9992385
0.999986,0.16298854,0.9998197,0.77866673,0.9994642,-0.30183735,-0.82309484,0.99936867
0.9999857,0.15515138,0.9998174,0.67945707,0.9994619,-0.25733957,-0.830359,0.99911666
0.9999881,0.23940267,0.97578526,0.73929536,0.9998473,-0.2246964,0.9891582,0.99937576
0.9999873,0.19844799,0.9215783,0.5635226,0.99983174,-0.14017816,0.9941843,0.9992378
0.9999904,0.17050292,0.9998255,0.7664964,0.9995226,-0.26080096,-0.81354463,0.999341
0.9999863,0.14261556,0.9997829,0.57062995,0.9996105,-0.14364786,-0.8306833,0.99932677
0.99998754,0.18581504,0.9998305,0.75502294,0.99947566,-0.22369547,-0.82137316,0.99939615
0.99998856,0.2157248,0.9559397,0.68821394,0.99982363,-0.22930215,0.9922349,0.9999995
0.9999871,0.16119461,0.9998103,0.73189235,0.9994681,-0.26274708,-0.8253228,0.99933094
0.99998313,0.11455744,0.9997922,0.6982273,0.9994376,-0.27783042,-0.83698416,0.99922943
0.999981,0.15827395,0.99985504,0.7878461,0.99932694,-0.2730317,-0.8251502,0.99944
0.9999892,0.19127089,0.91639656,0.44681063,0.99983853,-0.1209934,0.9923531,0.99986124
0.9999875,0.17497337,0.99986035,0.81716704,0.99943244,-0.31649387,-0.8161754,0.9991557
0.99998695,0.13819574,0.9998032,0.6892241,0.9994643,-0.2747635,-0.8319377,0.99914175
0.9999861,0.13366929,0.9997911,0.6466389,0.999446,-0.24479668,-0.834202,0.99916303
0.9999851,0.13907692,0.99982333,0.6538445,0.9995406,-0.19802046,-0.8326067,0.99928665
0.9999872,0.20681609,0.9351523,0.5306374,0.9998401,-0.102049395,0.9940898,0.99990207
0.99998724,0.20216243,0.93066734,0.621213,0.9998624,-0.14968169,0.9945081,0.99973387
0.9999872,0.20961998,0.91288906,0.68947905,0.99979335,-0.17767468,0.9959526,0.99917
0.99998707,0.14616075,0.999787,0.6539061,0.99946815,-0.20705397,-0.8330294,0.9993474
0.9999846,0.15860084,0.99983084,0.74639916,0.99946314,-0.27840602,-0.82659763,0.9992292
0.9999851,0.13553813,0.99981177,0.64242446,0.9995367,-0.1876816,-0.82753384,0.99922717
0.99998206,0.13319351,0.99981314,0.72670937,0.999457,-0.28654757,-0.83052355,0.9992209
0.9999837,0.19934475,0.92428863,0.51213616,0.99986154,-0.044728477,0.9944865,0.99924695
0.9999874,0.23989935,0.9402547,0.71588635,0.9998218,-0.13214697,0.99581426,0.9996602
0.9999902,0.2119879,0.9398912,0.73459363,0.9997938,-0.22550009,0.9948801,0.99921876
0.99998766,0.20981461,0.93650454,0.578763,0.99983925,-0.15572317,0.9929797,0.99927956
0.9999844,0.13794278,0.9998114,0.70727915,0.99944115,-0.25228515,-0.8333492,0.9993561
0.9999872,0.20086537,0.9307449,0.59429944,0.99983746,-0.105951004,0.9944818,0.999845
0.99998885,0.22441176,0.95040315,0.70087755,0.9998217,-0.20406866,0.9939806,0.9992988
0.9999844,0.1352823,0.9998116,0.6499934,0.9994314,-0.20981601,-0.8362187,0.9992457
0.99998885,0.2363996,0.948977,0.7618042,0.9997994,-0.2199858,0.99491996,0.99939656
0.9999868,0.19847892,0.88090265,0.40995362,0.9998198,-0.08647281,0.9950735,0.99997354
0.9999866,0.22090179,0.9525787,0.67422533,0.99983835,-0.20352182,0.99208856,0.9991038
0.9999846,0.15501761,0.99982667,0.69538486,0.999514,-0.2074802,-0.82844543,0.999339
0.9999881,0.22192688,0.95019776,0.7188005,0.99980515,-0.21526265,0.9933786,0.99993306
0.99998766,0.19553396,0.92110246,0.5794291,0.9998372,-0.12434308,0.994123,0.9990967
0.99998474,0.12278969,0.9997929,0.69285715,0.99950033,-0.26851028,-0.8281901,0.9993846
0.9999837,0.12624884,0.9998128,0.67076623,0.9995088,-0.21313888,-0.8307828,0.9993127
0.99998814,0.2142113,0.9491472,0.6416021,0.9998238,-0.1724457,0.9917782,0.99986356
0.99998426,0.1997825,0.91825515,0.5824261,0.9998353,-0.07891271,0.99502134,0.999984
0.9999869,0.16321154,0.9998226,0.7308121,0.9994903,-0.28583053,-0.8243207,0.9993502
0.9999882,0.2008042,0.94937617,0.63990444,0.99981225,-0.21152529,0.99259406,0.9997058
0.99998635,0.23166087,0.95741856,0.7059984,0.9998456,-0.15873805,0.9934798,0.9991949
0.99998367,0.14918916,0.9997964,0.6131129,0.9995004,-0.19961609,-0.83464634,0.99931705
0.99998444,0.14186165,0.99981046,0.6440555,0.9995172,-0.17639175,-0.8355553,0.99935997
0.99998504,0.1800024,0.9998471,0.7729599,0.99942267,-0.22961566,-0.81764627,0.9993701
0.9999847,0.16005936,0.99981034,0.7202891,0.9994653,-0.28938326,-0.83010155,0.9991098
0.99998343,0.121594906,0.99978006,0.6422367,0.99959314,-0.21099035,-0.8284644,0.9993502
0.9999856,0.19202098,0.9447724,0.57275975,0.9998538,-0.14595513,0.991787,0.99991167
0.99998826,0.16484591,0.99982035,0.700572,0.9994657,-0.18364932,-0.826568,0.9994392
0.99998647,0.21670836,0.9259,0.63065517,0.9998316,-0.115634866,0.9954136,0.9993292
0.9999779,0.1649603,0.9998387,0.72759825,0.9992753,-0.25202444,-0.83322114,0.9992092
0.9999853,0.2116993,0.93198055,0.6386211,0.99980235,-0.17992787,0.9943423,0.9998454
0.99998224,0.10838188,0.9997705,0.46797675,0.99949604,-0.12877119,-0.84433043,0.99929434
0.9999837,0.21080899,0.90955293,0.60095704,0.99979544,-0.12646215,0.9954123,0.99987036
0.99998945,0.21779105,0.94941324,0.64262605,0.99986297,-0.1513154,0.9924353,0.99937665
0.99998826,0.19804506,0.93282264,0.53555775,0.99982125,-0.12743072,0.9934883,0.9997125
0.99998254,0.1406177,0.9998565,0.7782762,0.99954236,-0.22610545,-0.8183347,0.9994712
0.99998796,0.19232342,0.92727053,0.5756688,0.9998405,-0.140659,0.9935294,0.9991624
0.9999845,0.14035696,0.9998268,0.74872875,0.9993978,-0.25797763,-0.8265713,0.999417
0.99998516,0.15106316,0.99981594,0.7462342,0.9994229,-0.2808592,-0.82388127,0.9993761
0.99998844,0.21005951,0.9243841,0.5484518,0.99980396,-0.14961092,0.9934273,0.99927527
0.9999906,0.22692941,0.9637796,0.76113427,0.9998447,-0.20338115,0.9939343,0.9999787
0.9999857,0.14254846,0.9998127,0.72657585,0.99942976,-0.29928836,-0.8303649,0.9991858
0.9999884,0.19779564,0.91780835,0.55108505,0.9998058,-0.10957026,0.9933046,0.9992984
0.999986,0.1656733,0.99983037,0.7217089,0.9995411,-0.2319884,-0.8205987,0.99930257
0.9999844,0.12732095,0.99981415,0.7162945,0.99941033,-0.28474537,-0.83085585,0.99930674
0.9999832,0.1614579,0.9998205,0.74086165,0.9994491,-0.25381136,-0.8240744,0.9993886
0.9999854,0.11071823,0.9997867,0.6962028,0.99948436,-0.299935,-0.83299154,0.99921477
0.9999873,0.23381019,0.9606011,0.7912901,0.9998389,-0.18664797,0.9946903,0.9993892
0.9999884,0.2103668,0.91441464,0.6059338,0.9998246,-0.15179618,0.99503803,0.9994704
0.9999876,0.14421664,0.9998135,0.64571816,0.9996108,-0.15729563,-0.82845676,0.9994042
0.99998736,0.15596777,0.9998358,0.7725538,0.9994681,-0.25903922,-0.82169956,0.9994301
0.9999903,0.20968503,0.9356678,0.61324394,0.99978495,-0.19173488,0.991967,0.9999678
0.9999893,0.19818461,0.939693,0.5621201,0.999848,-0.15100314,0.9922834,0.9993265
0.9999848,0.12097462,0.9997984,0.67005813,0.99948,-0.2424624,-0.83492345,0.99914455
0.99998635,0.13167676,0.9998075,0.6906004,0.99950325,-0.24268967,-0.83220446,0.9992724
0.9999778,0.15802902,0.99983716,0.744601,0.9993973,-0.27706793,-0.8326184,0.99929047
0.9999858,0.16403884,0.9998255,0.692606,0.9995189,-0.20721872,-0.8310911,0.99937487
0.999982,0.1339227,0.9998135,0.6685364,0.9994472,-0.22090381,-0.83321023,0.9992465
0.99999017,0.20456153,0.9583024,0.76138186,0.9997551,-0.27238476,0.9907803,0.9993197
0.9999908,0.21834938,0.9578599,0.71084744,0.9997976,-0.23075204,0.99091774,0.99930817
0.9999856,0.18040009,0.99986833,0.79176986,0.9993502,-0.2443062,-0.81937915,0.99926615
0.9999837,0.13801636,0.9998154,0.66272354,0.99942917,-0.21347867,-0.8347336,0.999138
0.9999906,0.23398133,0.96024764,0.75324756,0.9996747,-0.25552234,0.9904653,0.99923253
0.99998087,0.1220942,0.99981004,0.667664,0.9994188,-0.26909876,-0.83828247,0.9992204
0.9999873,0.2014425,0.9398638,0.64446545,0.9997882,-0.18930748,0.9934341,0.9999995
0.9999896,0.2034641,0.94311976,0.7082427,0.99979633,-0.21965045,0.9938949,0.99936897
0.99998254,0.15326811,0.9998106,0.7142414,0.9992963,-0.278956,-0.8367596,0.99926794
0.9999878,0.2050148,0.92762727,0.6556374,0.99981135,-0.14799283,0.99438506,0.99924606
0.9999874,0.20131564,0.9253543,0.5456747,0.99985814,-0.09878496,0.99426275,0.9993353
0.999987,0.15504606,0.9998141,0.72319394,0.99935174,-0.25895044,-0.8316635,0.9992879
0.9999857,0.18285629,0.9998533,0.779509,0.9994653,-0.26519778,-0.81717026,0.99933916
0.99998355,0.21327414,0.9118966,0.6187521,0.9998051,-0.144708,0.99563015,0.99947727
0.99998283,0.13374993,0.9998344,0.72914624,0.999439,-0.29160684,-0.832177,0.9989772
0.9999865,0.13234219,0.9998052,0.6652021,0.9994134,-0.23191698,-0.8367775,0.99930704
0.99998826,0.21829788,0.95662755,0.73292196,0.9998298,-0.15504152,0.99435264,0.9994233
0.9999898,0.21336259,0.95332754,0.6727786,0.9997913,-0.22496526,0.99111253,0.9998051
0.9999866,0.21341154,0.9042927,0.5536028,0.9997884,-0.12652637,0.99522614,0.99985945
0.99998677,0.14017795,0.9998222,0.8045431,0.99919635,-0.35597098,-0.8245837,0.9992596
0.99998474,0.12603529,0.9998016,0.67052597,0.99951816,-0.21545392,-0.8329947,0.9992344
0.9999841,0.122219175,0.99979466,0.61622643,0.9995072,-0.18100458,-0.83453995,0.99937737
0.9999879,0.17066973,0.9998239,0.81898946,0.99924314,-0.35009217,-0.8221172,0.99932384
0.9999818,0.12780868,0.9998022,0.6018268,0.9995015,-0.14692615,-0.8412345,0.99942476
0.9999885,0.22714253,0.9304952,0.69197345,0.999867,-0.14822498,0.9954227,0.99925625
0.9999897,0.26282856,0.9797204,0.82611334,0.9998443,-0.2428728,0.989905,0.9992493
0.9999847,0.18303382,0.93370074,0.5552026,0.99984986,-0.118443884,0.99308807,0.99986905
0.9999827,0.11815303,0.99980557,0.63846314,0.9995339,-0.20716019,-0.8345977,0.9991857
0.9999862,0.123452455,0.99981105,0.68662167,0.99956304,-0.2287639,-0.8312903,0.99931234
0.9999857,0.20334649,0.96083385,0.6604283,0.99984336,-0.16023804,0.99211836,0.9998789
0.99998313,0.14826398,0.99982405,0.7183111,0.99942577,-0.2520558,-0.8290453,0.9992603
0.99998826,0.21669388,0.9409848,0.6879196,0.9998069,-0.18329756,0.99429417,0.9993706
0.9999859,0.21492954,0.9081265,0.6051264,0.9998124,-0.13423918,0.99576604,0.9997064
0.9999858,0.1925741,0.94814664,0.57447934,0.99979264,-0.19096857,0.9911891,0.9993171
0.999987,0.2002686,0.8879001,0.4656675,0.99986356,-0.037211135,0.9956958,0.99928844
0.9999823,0.15173957,0.99980533,0.6495633,0.99946564,-0.216991,-0.8335727,0.9992199
0.999983,0.1266669,0.9997983,0.67561424,0.99948156,-0.23483883,-0.83183515,0.999384
0.99998146,0.16921538,0.99983484,0.68227255,0.9995781,-0.15084468,-0.82541656,0.9994535
0.9999878,0.19850272,0.9163436,0.5131492,0.9998195,-0.09893797,0.9944985,0.9998583
0.9999844,0.2164245,0.8937504,0.64393926,0.99978566,-0.09075941,0.9971686,0.9999056
0.99998516,0.15413569,0.99982005,0.72420776,0.99944746,-0.27690294,-0.8292852,0.9991686
0.9999848,0.16318625,0.9998464,0.81094265,0.99942404,-0.2703687,-0.8171886,0.99949837
0.9999878,0.23028426,0.9475586,0.72004974,0.9998035,-0.18211286,0.99462724,0.9999798
0.9999821,0.13545191,0.99980855,0.73792195,0.9993491,-0.25335008,-0.82942057,0.99943
0.99998206,0.14577694,0.99982977,0.755496,0.99948895,-0.2523839,-0.82597685,0.99942696
0.99998534,0.19824257,0.9054333,0.569301,0.99981016,-0.09054228,0.9952303,0.9999562
0.9999878,0.14854106,0.9997919,0.68693805,0.99943274,-0.2555163,-0.8349077,0.9991591
0.9999849,0.19955054,0.92389596,0.5711497,0.99984676,-0.082076535,0.9944424,0.99998987
0.999987,0.14237672,0.9998083,0.684355,0.99952537,-0.22497961,-0.82803565,0.9992495
0.9999835,0.15370637,0.99980986,0.6305442,0.9994566,-0.15605167,-0.8360375,0.9994531
0.99998707,0.15187527,0.99980074,0.7322867,0.9995018,-0.26028585,-0.8236628,0.99934894
0.9999875,0.21693268,0.94106513,0.65947855,0.9998441,-0.15392128,0.99437445,0.9999729
0.9999896,0.19953382,0.9528089,0.6485158,0.99984556,-0.1537947,0.99129474,0.99926543
0.99998766,0.12709874,0.9997746,0.67024875,0.9994859,-0.2256531,-0.8311165,0.9993402
0.9999877,0.20721784,0.9107522,0.5039981,0.9998625,-0.10302907,0.9942554,0.9992095
0.9999902,0.22133169,0.9358436,0.7251728,0.9998289,-0.16419691,0.99598014,0.999968
0.9999855,0.16049722,0.99983615,0.7552758,0.99945366,-0.25419492,-0.8234606,0.9993345
0.9999897,0.21465467,0.95134825,0.7382718,0.99981487,-0.19922578,0.9942582,0.99927837
0.99998677,0.15522598,0.9998,0.67339945,0.99939626,-0.23582494,-0.831268,0.99920166
0.9999871,0.1363524,0.99980813,0.687709,0.9994842,-0.23395643,-0.8327364,0.99918497
0.9999878,0.22775686,0.9265743,0.7017641,0.9997236,-0.19053301,0.9952355,0.99984246
0.9999847,0.16338758,0.99984056,0.75942415,0.999356,-0.26158738,-0.82781315,0.99934465
0.99998796,0.22884555,0.9358623,0.75183797,0.99973685,-0.19749781,0.99589807,0.9998602
0.9999875,0.15813166,0.9998086,0.7097557,0.9994347,-0.21711177,-0.82572585,0.99942464
0.9999886,0.23444489,0.96554744,0.7353662,0.99983376,-0.21810982,0.99225897,0.9990839
0.9999853,0.22191317,0.96524566,0.722859,0.99985796,-0.17045136,0.99136996,0.99911076
0.9999904,0.23263447,0.9637888,0.77595985,0.9998006,-0.23955809,0.9921724,0.99929047
0.9999876,0.15572749,0.99979764,0.7080394,0.99952745,-0.24238993,-0.82893586,0.99936414
0.99998075,0.12856421,0.99977916,0.70026124,0.9993302,-0.278611,-0.8267593,0.9993459
0.9999879,0.20720166,0.93056434,0.6344527,0.99980867,-0.13720126,0.9940557,0.999938
0.9999798,0.10860772,0.9998013,0.6157229,0.9994684,-0.20336412,-0.8367079,0.99927086
0.9999901,0.2378848,0.96118134,0.8012222,0.99978995,-0.25479698,0.99391764,0.9992505
0.9999847,0.13802879,0.9997873,0.622893,0.9995733,-0.17499974,-0.83256507,0.9994391
0.9999867,0.15010978,0.9998094,0.75076276,0.9994169,-0.27561897,-0.82693154,0.99942136
0.999987,0.2249814,0.9616614,0.719551,0.9998427,-0.21248876,0.99163544,0.9999646
0.9999859,0.10464574,0.99978703,0.60741657,0.9994638,-0.21403076,-0.8407943,0.9991305
0.99998534,0.15847869,0.99982405,0.7374178,0.99945694,-0.24015406,-0.8246951,0.99938166
0.9999915,0.24394082,0.96688163,0.7238928,0.999848,-0.2061225,0.9910252,0.99999785
0.9999924,0.20921001,0.9565684,0.7487681,0.9998388,-0.25541338,0.9924024,0.9992425
0.9999875,0.22602195,0.96234256,0.7593925,0.99984556,-0.20869882,0.99290234,0.9999625
0.9999844,0.13206929,0.99980015,0.6158848,0.9995896,-0.18106757,-0.83783984,0.9991769
0.99998707,0.12815244,0.9997906,0.6264421,0.9994938,-0.1867957,-0.8348197,0.9993415
0.9999852,0.15908688,0.9998374,0.7385696,0.9993893,-0.25330904,-0.82455134,0.9993647
0.9999864,0.13898617,0.99980825,0.69441545,0.9994905,-0.21711355,-0.8239321,0.9994107
0.9999872,0.149486,0.9998157,0.7813213,0.99931353,-0.3360541,-0.8259175,0.9993227
0.9999881,0.19285773,0.93498737,0.62783074,0.9998129,-0.16470869,0.9933878,0.9994538
0.9999837,0.14079534,0.99982274,0.70931184,0.9994312,-0.24889058,-0.8310178,0.9992018
0.9999874,0.20973773,0.94743615,0.7219161,0.99981767,-0.20329373,0.99383056,0.99991477
0.99998456,0.12781216,0.9998081,0.5848129,0.99957377,-0.14615002,-0.83743906,0.99929184
0.9999864,0.14359298,0.9998036,0.6865189,0.99951786,-0.22225533,-0.82788247,0.9993817
0.9999888,0.15109926,0.9998205,0.75494975,0.9994704,-0.26811472,-0.8232938,0.99938303
0.99998695,0.17780675,0.9998093,0.70824945,0.99940443,-0.2645343,-0.82835555,0.9992013
0.99999017,0.22651513,0.95126116,0.7367215,0.9997959,-0.17844939,0.99421024,0.9993212
0.99998564,0.12057572,0.9998012,0.5697391,0.99959254,-0.12088103,-0.8324173,0.9994083
0.99998665,0.14330944,0.9998153,0.74663526,0.999377,-0.2752493,-0.828591,0.99924374
0.99998343,0.14557678,0.99981207,0.7165822,0.99939066,-0.26773873,-0.83212394,0.99930954
0.99998486,0.13992451,0.9998023,0.72966033,0.9993726,-0.2568149,-0.83201444,0.999365
0.99999,0.22330402,0.9528314,0.7408722,0.99978197,-0.24340199,0.9928935,0.9999621
0.9999874,0.24104106,0.96658957,0.77096355,0.9997977,-0.26035646,0.99294615,0.9998532
0.9999852,0.14486271,0.99980116,0.71139693,0.999414,-0.27279457,-0.8325819,0.99924415
0.9999785,0.11004669,0.9997561,0.4314599,0.9996031,-0.115788944,-0.84061164,0.9992966
0.99998313,0.19661297,0.9245833,0.6228033,0.9998377,-0.10705102,0.99501324,0.99985504
0.99998575,0.2112812,0.9152058,0.6006988,0.9998453,-0.10325819,0.9954884,0.99974674
0.9999893,0.21643615,0.97545785,0.68858993,0.99982744,-0.22459978,0.98473793,0.9994509
0.9999858,0.23761198,0.94802165,0.7883316,0.9997486,-0.22452106,0.99590623,0.9999804
0.9999878,0.24052927,0.92817473,0.73992336,0.9998084,-0.19394994,0.9959961,0.9993317
0.9999847,0.14795783,0.9998038,0.6758748,0.99941486,-0.21263343,-0.83396566,0.9993974
0.9999826,0.1492088,0.99981314,0.7003392,0.9994363,-0.2159138,-0.8325177,0.9994068
0.9999861,0.21887343,0.95943993,0.7247118,0.99984974,-0.16120845,0.99297357,0.99935365
0.9999863,0.18150032,0.99985206,0.75629413,0.99938613,-0.23466128,-0.8225123,0.9993516
0.99998736,0.22041596,0.9659802,0.671563,0.9998191,-0.22112836,0.98838884,0.9998424
0.99998975,0.20267938,0.9564142,0.65753096,0.99979234,-0.20236914,0.9891073,0.99930394
0.9999862,0.16271465,0.99980134,0.6767007,0.99948645,-0.21242997,-0.83148086,0.999356
0.99998385,0.13511327,0.999829,0.72713757,0.99941885,-0.2688232,-0.8312541,0.99923474
0.99998367,0.13661253,0.9998059,0.6506341,0.9995921,-0.16388676,-0.8340556,0.99937314
0.99998415,0.14263418,0.9998067,0.69442034,0.9994765,-0.26054978,-0.8316147,0.99907625
0.9999874,0.21479218,0.94875187,0.7218976,0.9997799,-0.2421571,0.9940519,0.9992289
0.99998826,0.23237075,0.9712485,0.7443435,0.9998369,-0.21292937,0.9912741,0.99917746
0.9999881,0.21308656,0.9537678,0.69517744,0.99978435,-0.21135382,0.99247515,0.9999911
0.9999861,0.22537506,0.9229478,0.6523445,0.999835,-0.12791538,0.9953744,0.9992705
0.9999861,0.14049783,0.9998296,0.75816095,0.99942493,-0.24581018,-0.82410884,0.9994282
0.9999869,0.13980284,0.99981713,0.7315069,0.9994774,-0.26988158,-0.82589114,0.9992277
0.9999865,0.1386086,0.9997893,0.6528612,0.9995292,-0.19401912,-0.83281094,0.9993817
0.99998707,0.15061109,0.99981207,0.70299274,0.9994443,-0.22887778,-0.83106804,0.99937403
0.99998486,0.13509694,0.9998229,0.70943505,0.9994879,-0.20860037,-0.82373935,0.9993648
0.9999841,0.15135105,0.9998321,0.7707905,0.9993861,-0.28745466,-0.8303162,0.9993253
0.999989,0.24420437,0.9750669,0.7874056,0.9998308,-0.25725076,0.989445,0.99934125
0.99998766,0.21166775,0.9438477,0.7112675,0.9998541,-0.18969953,0.99407375,0.99997115
0.9999825,0.13231558,0.9998044,0.6532973,0.9994644,-0.1881845,-0.834814,0.99940056
0.9999815,0.15339151,0.9998259,0.68586326,0.9994187,-0.22582158,-0.8327015,0.999282
0.999983,0.16570032,0.99982834,0.6691017,0.9994542,-0.21377648,-0.832114,0.99921674
0.9999893,0.21265364,0.9326765,0.64023095,0.9997708,-0.16455723,0.9945548,0.99940175
0.9999827,0.13272029,0.99980724,0.66673565,0.999387,-0.22420634,-0.8356399,0.9993665
0.99998605,0.15690844,0.9286085,0.30145368,0.99986297,-0.059048448,0.9890386,0.99912167
0.9999892,0.24228045,0.964988,0.7973239,0.9998025,-0.18861681,0.9942896,0.9998401
0.9999889,0.22908436,0.9632385,0.73306936,0.9998087,-0.19875795,0.99211305,0.99936527
0.9999853,0.2109736,0.88123584,0.49796197,0.9998129,-0.100347616,0.9956713,0.99998677
0.99998605,0.22555932,0.9381254,0.7177435,0.999794,-0.16713627,0.99596334,0.99998504
0.9999897,0.21326984,0.94395685,0.6901683,0.9998595,-0.15919206,0.994734,0.99944234
0.99998844,0.229346,0.93817395,0.75296855,0.9997933,-0.2136388,0.99576294,0.99999917
0.99998885,0.2312806,0.97186726,0.74265355,0.9998376,-0.21377385,0.9907418,0.9992398
0.9999854,0.15305054,0.9998123,0.7194375,0.9994565,-0.23133242,-0.8296908,0.9994219
0.99999166,0.23514245,0.9792778,0.7919218,0.999744,-0.3124855,0.98042023,0.99999374
0.99998856,0.21623053,0.9253777,0.6527005,0.99974024,-0.19431357,0.99442244,0.9993056
0.999987,0.15160826,0.9998269,0.7263011,0.9994998,-0.2321855,-0.8252199,0.9993466
0.99998546,0.2087919,0.935308,0.64065474,0.99983263,-0.13428709,0.9943694,0.99913317
0.9999869,0.12741354,0.999782,0.6500611,0.999451,-0.23798569,-0.8352245,0.99922335
0.99998635,0.22002558,0.95882666,0.6333437,0.99986607,-0.14846721,0.9921686,0.9993738
0.99998444,0.15179554,0.99983585,0.75087786,0.9993762,-0.25159395,-0.82787055,0.9993341
0.9999867,0.16871808,0.9998296,0.73133314,0.99952537,-0.24336751,-0.8298619,0.9992594
0.99998826,0.12160606,0.9997706,0.7395549,0.9993516,-0.33215323,-0.8265097,0.99927896
0.99998957,0.22732049,0.9704609,0.74399114,0.9998128,-0.24499421,0.9906071,0.99988323
0.9999909,0.21188083,0.9568861,0.73231816,0.9998652,-0.18322997,0.9930794,0.99997425
0.9999875,0.23213094,0.9664936,0.76879203,0.99980277,-0.24605832,0.9917414,0.9998097
0.99998474,0.14786986,0.9998308,0.7754853,0.99950415,-0.25859562,-0.82118714,0.99947095
0.9999851,0.14421493,0.9997816,0.6360185,0.9994728,-0.23189156,-0.83330816,0.9993246
0.9999793,0.11283342,0.99977803,0.61910117,0.9995631,-0.22454932,-0.83051354,0.9993398
0.9999827,0.15973298,0.9998467,0.77160406,0.9994496,-0.27279952,-0.8245558,0.99927497
0.9999831,0.11466355,0.9998008,0.5812682,0.99954647,-0.15345442,-0.8362232,0.999297
0.9999876,0.16510262,0.9997995,0.678538,0.99958396,-0.19417952,-0.8244412,0.999359
0.9999774,0.11357772,0.9998048,0.63677835,0.9993442,-0.25464296,-0.84432995,0.999106
0.9999837,0.15235741,0.9998168,0.7192652,0.9993741,-0.28785816,-0.83575654,0.9992159
0.9999898,0.21194905,0.9600528,0.7436334,0.999836,-0.20655097,0.9931395,0.99976313
0.99998355,0.21205704,0.9208029,0.5905676,0.9998455,-0.099688254,0.9948036,0.99986666
0.9999862,0.17684372,0.99984753,0.8025557,0.9992325,-0.30625084,-0.8195161,0.99929976
0.9999831,0.13397099,0.99976844,0.60608715,0.9995591,-0.20719482,-0.8333825,0.999356
0.99998635,0.21984155,0.9108447,0.6283028,0.9997566,-0.17342475,0.99547863,0.99930954
0.9999872,0.13898522,0.9998048,0.66570854,0.99954385,-0.20985131,-0.8309432,0.9992895
0.99998933,0.2050418,0.94347507,0.697489,0.99983364,-0.21017049,0.99295306,0.99937636
0.9999832,0.11844195,0.9998129,0.7001692,0.9994356,-0.2564018,-0.83127075,0.9993078
0.9999862,0.1362489,0.9998108,0.6891023,0.99949044,-0.22732383,-0.83165646,0.9992521
0.9999853,0.21104105,0.9163402,0.57274866,0.99982643,-0.100096636,0.9955681,0.9999926
0.99999124,0.22332579,0.96448004,0.6786586,0.9998597,-0.15158318,0.98994297,0.99933094
0.99999005,0.21757162,0.946768,0.7117077,0.99978954,-0.22236331,0.9941542,0.9993524
0.99998564,0.14858155,0.9998051,0.6783103,0.9994736,-0.2565623,-0.8378531,0.99905163
0.9999841,0.15695238,0.99983555,0.77116483,0.99937487,-0.29951409,-0.82903457,0.9991522
0.99998367,0.11565663,0.9997927,0.685817,0.9994606,-0.24904966,-0.828644,0.9994318
0.99998146,0.12925132,0.9997889,0.6336078,0.9995507,-0.15821834,-0.8303711,0.9995156
0.99998903,0.21090798,0.9376269,0.6084692,0.9998067,-0.12276095,0.9936165,0.99924314
0.99998605,0.16143544,0.9998353,0.78258026,0.9993634,-0.2819678,-0.8238276,0.9993388
0.9999842,0.13849531,0.9998184,0.65568435,0.999362,-0.23833461,-0.8346385,0.99914664
0.9999892,0.1923122,0.94321567,0.66193616,0.9998242,-0.16104063,0.99314576,0.9993786
0.999986,0.14823364,0.9998033,0.585168,0.99957305,-0.12926733,-0.8366687,0.99929285
0.99998367,0.13014938,0.99981457,0.64958197,0.99956685,-0.20728908,-0.82928836,0.9990823
0.9999841,0.10988986,0.99978316,0.5878893,0.99952173,-0.18053047,-0.8363433,0.99932164
0.99998605,0.15152474,0.9998153,0.64985895,0.9994366,-0.20780316,-0.8315094,0.99927324
0.99998415,0.18113744,0.9259808,0.47956425,0.9998182,-0.10362805,0.9935418,0.999199
0.9999854,0.15287746,0.99980664,0.64974356,0.9995453,-0.1957237,-0.83151567,0.9993151
0.9999919,0.21662961,0.96349806,0.69179666,0.9998223,-0.2342704,0.9889929,0.99994916
0.99998796,0.1427702,0.9998056,0.73011976,0.9995367,-0.281248,-0.8265989,0.9991683
0.9999887,0.15403984,0.99981135,0.7288451,0.9995179,-0.22530626,-0.8193552,0.9993495
0.9999851,0.12896247,0.9998275,0.6640322,0.9995145,-0.18062466,-0.82862407,0.99931604
0.99998575,0.19856246,0.90545267,0.5576403,0.99980664,-0.09819125,0.995573,0.9998713
0.9999843,0.14056821,0.9997983,0.7016246,0.99947554,-0.24309485,-0.8288682,0.9993975
0.9999809,0.11729548,0.99979746,0.6349405,0.999409,-0.21853507,-0.84180564,0.99919707
0.9999822,0.13317579,0.99981683,0.6715904,0.9994405,-0.22049662,-0.83316386,0.9992738
0.9999892,0.23880042,0.9529122,0.7786483,0.99982065,-0.20249167,0.9949641,0.99999034
0.9999875,0.14666978,0.9998116,0.7018293,0.99952745,-0.22745691,-0.8256676,0.99940974
0.9999841,0.13700072,0.99979913,0.6599039,0.99948543,-0.2044475,-0.836021,0.9993674
0.9999781,0.15796463,0.99982196,0.6970587,0.9994338,-0.22501534,-0.8369442,0.99933404
0.99998873,0.21561694,0.9420022,0.6550264,0.9998146,-0.15553042,0.9933397,0.9999705
0.9999851,0.10901627,0.9997765,0.6068634,0.99955016,-0.18896013,-0.83627677,0.99929696
0.99999076,0.20976856,0.93356276,0.5422547,0.9998471,-0.14125468,0.99170923,0.999257
0.9999895,0.22188969,0.9616753,0.7473223,0.9998398,-0.20283012,0.9918681,0.9998501
0.99998546,0.21181823,0.9333639,0.6261971,0.9998309,-0.17612456,0.99400514,0.9998978
0.9999863,0.2363193,0.9688113,0.72007716,0.9998091,-0.20642424,0.9898574,0.9999774
0.9999809,0.16172063,0.9998612,0.7747394,0.9994465,-0.254617,-0.81979334,0.99923146
0.99998623,0.1306927,0.9997964,0.6833451,0.99956757,-0.20554441,-0.82776225,0.9994377
0.9999827,0.11397238,0.99979043,0.5929441,0.99953234,-0.1879866,-0.8351746,0.99921167
0.9999863,0.18855116,0.99984944,0.8165566,0.9993686,-0.29703537,-0.8110666,0.9993462
0.9999856,0.15898687,0.999818,0.6602595,0.9995428,-0.17061646,-0.8255078,0.9993571
0.99999124,0.22528672,0.96955884,0.73045987,0.99981207,-0.2754227,0.99016,0.9994132
0.99998516,0.12828302,0.9997963,0.56169486,0.9994899,-0.14508918,-0.8424758,0.9992422
0.999985,0.14152005,0.9997921,0.72792923,0.99939644,-0.3063649,-0.8322452,0.99923617
0.99998176,0.13938834,0.999823,0.68234855,0.9994682,-0.22939748,-0.83589214,0.9992261
0.9999842,0.18201017,0.90536064,0.5120593,0.9998438,-0.07165835,0.9954622,0.99904394
0.9999853,0.21202949,0.917912,0.6259414,0.9998217,-0.13690667,0.9954843,0.99942416
0.9999839,0.124522924,0.9997597,0.5309146,0.9995202,-0.16443513,-0.83392775,0.9993549
0.9999848,0.12745394,0.9998083,0.64159733,0.99952453,-0.20893115,-0.83567894,0.99925536
0.99998516,0.13437685,0.9997896,0.6749095,0.9994591,-0.25034732,-0.8307572,0.99935514
0.9999923,0.2263789,0.94737846,0.75545263,0.9997921,-0.23376223,0.99382657,0.99993014
0.9999882,0.19959153,0.91062737,0.5897547,0.99982977,-0.12896575,0.99517417,0.9999657
0.999991,0.22319376,0.96871996,0.63557696,0.99986607,-0.17200074,0.9859702,0.9993625
0.99998224,0.13244915,0.9998289,0.6868132,0.99951327,-0.25360778,-0.8305217,0.9990469
0.99999034,0.20055933,0.93695796,0.6044711,0.9998154,-0.19983104,0.9922543,0.9999809
0.99998945,0.19124055,0.9478342,0.547313,0.99986553,-0.14144874,0.9909213,0.99932784
0.9999843,0.16875851,0.99985343,0.8138674,0.9992444,-0.3161146,-0.8221377,0.99927366
0.99998766,0.23041274,0.913129,0.76152664,0.9998019,-0.17053185,0.9975839,0.9999092
0.99998474,0.15241277,0.9997985,0.7227047,0.99950194,-0.26010203,-0.82763886,0.9994348
0.9999897,0.21149151,0.9523676,0.7450414,0.9998279,-0.24106018,0.9925282,0.99980223
0.99998486,0.17972694,0.9131789,0.4135639,0.9998601,-0.074945346,0.9938538,0.9999601
0.99998206,0.16247603,0.99982554,0.6579319,0.9994607,-0.19004239,-0.83487517,0.9991643
0.99998456,0.15588953,0.9998317,0.738022,0.999475,-0.22654141,-0.82517046,0.9993384
0.99998236,0.13094084,0.999816,0.6427216,0.9994456,-0.21060961,-0.83696103,0.9991907
0.99998766,0.21272053,0.9220822,0.5341148,0.99982995,-0.11393489,0.9941032,0.9999363
0.999987,0.17617957,0.99983364,0.724067,0.9995289,-0.23943439,-0.8252696,0.9992351
0.9999874,0.14337121,0.99982727,0.7090628,0.99943495,-0.2435804,-0.82798684,0.9992063
0.9999906,0.21112461,0.97542477,0.71896905,0.9998109,-0.23385538,0.98277915,0.99984
0.99998814,0.22313398,0.94070685,0.68409646,0.9998316,-0.17280534,0.9944101,0.9998789
0.99998915,0.21002913,0.89985794,0.5316043,0.99981654,-0.086232826,0.9951079,0.99986166
0.9999859,0.15062097,0.9998236,0.6974523,0.99947834,-0.19661795,-0.8270274,0.99936616
0.9999872,0.20727801,0.9009058,0.49745286,0.99983585,-0.109313235,0.9949395,0.999424
0.9999848,0.1575088,0.99982667,0.6898154,0.99948275,-0.20748614,-0.82696956,0.99931705
0.99998593,0.21469893,0.9053836,0.65587676,0.9997984,-0.12876858,0.9968863,0.99904543
0.9999818,0.13824321,0.9998249,0.7312196,0.9994599,-0.27602044,-0.8327242,0.9991248
0.9999846,0.14711045,0.9997923,0.7024313,0.9993784,-0.2600863,-0.83037144,0.99932814
0.999984,0.19854246,0.9216306,0.54750705,0.99984455,-0.11187995,0.9951257,0.99922544
0.9999889,0.20971173,0.9434854,0.69357276,0.99980307,-0.20668001,0.9942607,0.9999968
0.99999017,0.23411779,0.9518516,0.7888211,0.9997616,-0.2429695,0.99529964,0.9992709
0.99998665,0.15068455,0.9998176,0.7382487,0.9994504,-0.24814397,-0.82696676,0.9994002
0.9999862,0.17764395,0.999844,0.7801335,0.99948883,-0.26452914,-0.8158376,0.99940354
0.99998987,0.22580823,0.9481916,0.71786857,0.9998349,-0.21002378,0.99386454,0.9993698
0.9999855,0.117257036,0.9998137,0.72609794,0.99943495,-0.25743648,-0.8265976,0.99931824
0.999983,0.13813105,0.9998246,0.72171915,0.9993959,-0.28768998,-0.83769614,0.99917966
0.99998355,0.13502736,0.9997924,0.59008634,0.9994879,-0.20650093,-0.8400992,0.999153
0.999985,0.20786649,0.89424515,0.5841052,0.9998128,-0.10581663,0.99596345,0.99937254
0.99998915,0.23499638,0.9729403,0.76395047,0.999836,-0.2417125,0.99059623,0.999453
0.9999792,0.10000681,0.9997535,0.546891,0.9995338,-0.19241169,-0.8367095,0.9993679
0.99998885,0.19649427,0.9049667,0.51205546,0.99982274,-0.1250697,0.99380654,0.9998762
0.99998707,0.22030811,0.898324,0.66140723,0.9997362,-0.19156112,0.9962391,0.9998714
0.9999855,0.13643853,0.99982667,0.7129489,0.9994869,-0.2324843,-0.83398366,0.999264
0.9999836,0.13289277,0.9998277,0.73166215,0.99946374,-0.26898465,-0.829314,0.999259
0.99998605,0.21721664,0.917623,0.6247697,0.9997906,-0.12072766,0.9958789,0.9992598
0.9999867,0.16150793,0.99982977,0.75029016,0.9994216,-0.23132502,-0.8247783,0.999447
0.99998677,0.20041628,0.94133097,0.5263091,0.9998183,-0.10822698,0.9904124,0.9999906
0.99998856,0.21343245,0.91970307,0.70838296,0.9997613,-0.21819714,0.9960007,0.9999781
0.99998826,0.12901397,0.9997964,0.70502543,0.99948156,-0.26083753,-0.83283293,0.9993625
0.999986,0.15086076,0.9998266,0.7573348,0.9994198,-0.28772667,-0.83082515,0.9992022
0.9999872,0.18491839,0.9404063,0.6087965,0.99983597,-0.17214774,0.9917443,0.99927765
0.9999821,0.13448218,0.99980414,0.7232463,0.99945617,-0.2550654,-0.83191574,0.9993922
0.9999853,0.15202923,0.99980146,0.69467854,0.999504,-0.23246236,-0.8316245,0.9993303
0.99998665,0.21955913,0.90274036,0.62132865,0.99980676,-0.12907203,0.99616325,0.99988383
0.999986,0.14395554,0.99979544,0.6597189,0.9995051,-0.20041285,-0.83269167,0.9993041
0.9999862,0.20658453,0.9238449,0.653878,0.99984646,-0.11803507,0.9958444,0.9999986
0.9999869,0.22104955,0.9567571,0.747846,0.9997894,-0.20168503,0.9932672,0.99930304
0.99998397,0.15399225,0.99983686,0.7185776,0.99947196,-0.21726152,-0.8298784,0.99938524
0.9999849,0.20311739,0.9220882,0.58272207,0.9997687,-0.17447257,0.9944395,0.99985486
0.99998516,0.21748526,0.94626194,0.6899719,0.9998228,-0.12831718,0.9948386,0.9992556
0.9999871,0.19554089,0.9290245,0.5972345,0.9997812,-0.15339236,0.9933739,0.99925035
0.99998647,0.17266893,0.9998414,0.743703,0.9994892,-0.21809214,-0.82262987,0.9994342
0.99998885,0.16058894,0.99980795,0.7667891,0.99937654,-0.30976358,-0.8220045,0.9992651
0.9999871,0.21997553,0.95216566,0.6941544,0.999841,-0.18342541,0.99233806,0.9992776
0.99998856,0.19087413,0.9220952,0.548719,0.9997909,-0.1330534,0.99367,0.9999625
0.9999879,0.2065491,0.9332885,0.61981755,0.99983007,-0.10156638,0.9943841,0.99929726
0.99998426,0.24114709,0.9544258,0.74541223,0.99980897,-0.167958,0.99526477,0.99996674
0.9999888,0.21992896,0.9413842,0.73006296,0.9997461,-0.23258851,0.99464095,0.9993506
0.99998444,0.1242965,0.9997837,0.69012284,0.99949247,-0.25255427,-0.8278519,0.9993532
0.9999879,0.119501755,0.99978596,0.64231515,0.9995062,-0.24939786,-0.83571994,0.9990484
0.9999853,0.20378758,0.9076865,0.56920516,0.999849,-0.09560171,0.9954846,0.9994052
0.99998754,0.21490702,0.9409167,0.6784598,0.9997843,-0.21113639,0.9938686,0.99984527
0.99998903,0.21862373,0.93373406,0.6409329,0.99981195,-0.13862237,0.9939118,0.99938846
0.9999842,0.151744,0.9998259,0.6336534,0.9994827,-0.21222766,-0.83254766,0.99909675
0.9999882,0.23022114,0.9393416,0.6778035,0.99977565,-0.14466366,0.9952886,0.999978
0.99998873,0.21107635,0.92536527,0.6535653,0.9998126,-0.12315126,0.99550325,0.9999882
0.99998325,0.225097,0.93135816,0.7176295,0.99979603,-0.1733443,0.9959716,0.9993999
0.9999877,0.2465476,0.97343737,0.7709394,0.99980724,-0.26379412,0.9899718,0.99992687
0.9999908,0.21520413,0.9673365,0.73830193,0.99984807,-0.22202307,0.98994845,0.9993589
0.99998367,0.19304575,0.9998639,0.8090142,0.9993554,-0.28321466,-0.82229686,0.9991812
0.99998623,0.16494736,0.9998253,0.69890386,0.99957746,-0.18340677,-0.8233654,0.9993167
0.9999876,0.20786773,0.964146,0.7344754,0.9997871,-0.26018804,0.98992366,0.99981606
0.9999873,0.23145172,0.9494741,0.7716708,0.9998239,-0.1978333,0.9954507,0.999232
0.9999875,0.15728618,0.9998183,0.7567338,0.9993772,-0.25850195,-0.8263515,0.9994376
0.99998957,0.16418253,0.9998067,0.69451284,0.99953943,-0.20359455,-0.82436657,0.999431
0.999982,0.12811805,0.99979323,0.6813416,0.9994473,-0.2746894,-0.83471537,0.99916804
0.99998695,0.14068891,0.9997701,0.697621,0.9994491,-0.2850873,-0.83154166,0.99927545
0.9999876,0.2057111,0.9376686,0.6308019,0.99985695,-0.18127055,0.9938986,0.99928516
0.99998504,0.13423122,0.9997958,0.68471915,0.9994064,-0.25396073,-0.8334146,0.9993568
0.9999897,0.24438897,0.97134113,0.7657619,0.99980205,-0.2544609,0.9894703,0.9999921
0.99998564,0.21674325,0.8933677,0.5566025,0.99982685,-0.09555797,0.9960373,0.9992686
0.99998873,0.22513686,0.95219386,0.67068607,0.9997877,-0.2108911,0.9921891,0.9993787
0.9999871,0.13070108,0.99978536,0.60313106,0.9995566,-0.20062925,-0.83627445,0.99926287
0.99998885,0.19537261,0.94598055,0.5854871,0.9998167,-0.17069106,0.99006635,0.99930924
0.9999857,0.122382276,0.9997784,0.6363024,0.9995232,-0.22783566,-0.8313269,0.9992719
0.99998945,0.14811547,0.999821,0.70215476,0.9995655,-0.20653425,-0.8273081,0.9992905
0.99999046,0.21351393,0.943384,0.6733175,0.99984986,-0.19714317,0.99334824,0.99987113
0.99998283,0.15900162,0.99982023,0.69776446,0.99951935,-0.21697983,-0.8348564,0.9993094
0.9999846,0.1272575,0.9997713,0.5688171,0.9995352,-0.19041534,-0.83478194,0.9993488
0.99998844,0.20750743,0.8884808,0.58277404,0.9998173,-0.07251459,0.9968355,0.99999946
0.9999858,0.14323805,0.99980885,0.68739784,0.99950814,-0.21730602,-0.82949257,0.99932265
0.99998695,0.14940938,0.99981076,0.72321635,0.99933165,-0.26630548,-0.8296262,0.9993508
0.9999867,0.20319423,0.906363,0.52614325,0.99983895,-0.08843316,0.9952527,0.99932003
0.9999909,0.21235387,0.96483094,0.6815406,0.9998511,-0.20126271,0.9874417,0.9993921
0.9999839,0.19099078,0.9328112,0.53732014,0.9998395,-0.13483773,0.99364924,0.99983275
0.99998546,0.18527746,0.99986434,0.8465539,0.99926853,-0.32208368,-0.8118925,0.99939257
0.999982,0.11670498,0.9997816,0.58065844,0.9995246,-0.19337499,-0.83874744,0.99928576
0.9999869,0.20810187,0.9430091,0.75475705,0.9998307,-0.19545175,0.9944873,0.99985206
0.9999865,0.22934654,0.9077191,0.6908498,0.99976796,-0.19754063,0.9966399,0.99997205
0.9999865,0.113715075,0.99980634,0.69940007,0.9994987,-0.2705441,-0.8313168,0.9989811
0.9999857,0.16736671,0.9998166,0.6828809,0.99954104,-0.21218804,-0.8261854,0.9993423
0.9999871,0.22741744,0.95233345,0.7452842,0.9998203,-0.18989629,0.9950064,0.9993498
0.99998754,0.15694608,0.99982136,0.77446985,0.999435,-0.29642862,-0.82187533,0.99924874
0.9999888,0.17704402,0.99981827,0.7792885,0.99945915,-0.30357352,-0.8189524,0.99933726
0.9999872,0.13874327,0.9998103,0.6467751,0.9996064,-0.17727447,-0.82976484,0.99925154
0.9999872,0.13800022,0.9997993,0.6293364,0.99945945,-0.2211754,-0.8347162,0.9991374
0.99998164,0.1044213,0.99980366,0.646657,0.99943274,-0.24377552,-0.83799124,0.99929506
0.99998456,0.2096303,0.9464192,0.67240727,0.99979514,-0.17403506,0.9931895,0.9992666
0.99999034,0.2387065,0.9562571,0.73350966,0.9997542,-0.27457532,0.9930712,0.9990977
0.9999877,0.18016766,0.9998494,0.8419197,0.9992582,-0.34151584,-0.8155324,0.99931026
0.99998766,0.20196876,0.95163786,0.5958156,0.999794,-0.19545864,0.98999494,0.99944055
0.9999891,0.21223566,0.96831304,0.70856553,0.9998463,-0.2100434,0.9897838,0.9999035
0.9999884,0.15809382,0.9998285,0.7763546,0.9993841,-0.29300156,-0.82071275,0.99930334
0.99999046,0.22345379,0.968619,0.70206213,0.99980503,-0.25533456,0.986396,0.9993582
0.9999843,0.12474537,0.99980795,0.70265746,0.99939656,-0.28955013,-0.8362854,0.99918985
0.9999822,0.12229647,0.99981654,0.6617243,0.9995477,-0.2213517,-0.83479804,0.9991811
0.9999902,0.19037254,0.95726657,0.5910163,0.9998487,-0.19751282,0.9873437,0.9993167
0.99998456,0.1336902,0.99981266,0.6738975,0.99951154,-0.25067234,-0.83479893,0.99913085
0.9999837,0.12931617,0.9998101,0.6563937,0.999552,-0.22730902,-0.83491856,0.99912715
0.9999866,0.12691861,0.99978596,0.623257,0.9995457,-0.1857221,-0.83324236,0.99931043
0.9999856,0.21212864,0.87677664,0.5029779,0.99981004,-0.042344082,0.99615157,0.9999789
0.9999807,0.10365079,0.9997784,0.57382596,0.9995342,-0.20703077,-0.8400583,0.9991251
0.99998504,0.15591499,0.9998286,0.76522857,0.9993107,-0.30158183,-0.8300905,0.99927497
0.99998677,0.19358437,0.95664495,0.59453213,0.9998272,-0.18124712,0.9885737,0.9994156
0.9999871,0.15844795,0.99981487,0.6509367,0.999459,-0.18480676,-0.82882226,0.9993831
0.99998724,0.21080694,0.9481911,0.67812407,0.9998021,-0.15303387,0.99309266,0.9999438
0.9999847,0.15014663,0.99980855,0.71576345,0.999362,-0.25155094,-0.8327657,0.9994265
0.9999782,0.13377307,0.9998177,0.69328094,0.99939376,-0.27352613,-0.8334361,0.99920547
0.99998856,0.2308362,0.9665261,0.73270726,0.99982536,-0.23283978,0.9910508,0.9999735
0.9999898,0.21228628,0.9427808,0.6132624,0.99980235,-0.1848903,0.9925762,0.9999775
0.9999856,0.1518374,0.99981934,0.71287346,0.9995524,-0.21674284,-0.82515186,0.9993338
0.9999857,0.20190738,0.93629295,0.6833133,0.99980325,-0.19438083,0.99464804,0.99926084
0.9999856,0.24271812,0.96608824,0.7894272,0.9998338,-0.21554935,0.9935859,0.9998708
0.9999835,0.11183722,0.9997777,0.58695626,0.99963266,-0.17104472,-0.8313234,0.999358
0.99998796,0.19657539,0.92408806,0.5578098,0.9998327,-0.13593923,0.9937104,0.99929106
0.99999076,0.22033674,0.96082836,0.7181371,0.9997989,-0.23551172,0.9908521,0.99999934
0.9999813,0.122686155,0.9998114,0.6880441,0.9993003,-0.27628556,-0.84072495,0.9991178
0.99998313,0.14973141,0.9998289,0.70844066,0.9994362,-0.21027653,-0.8300235,0.9993827
0.9999869,0.1383255,0.9997899,0.6717153,0.99952483,-0.2683962,-0.8325686,0.99926007
0.99998677,0.21567242,0.9523864,0.672552,0.9998502,-0.18538852,0.9932017,0.9993279
0.99998754,0.21424827,0.9238865,0.66911316,0.99979895,-0.13910542,0.9958104,0.99999535
0.9999859,0.20075065,0.94676846,0.61884516,0.99984425,-0.16788678,0.99185205,0.9993097
0.99998665,0.22469239,0.9441271,0.76439065,0.999827,-0.20056131,0.99502337,0.9999993
0.99998224,0.14821059,0.9998055,0.6221204,0.9995384,-0.16197333,-0.8336664,0.9992906
0.9999895,0.21664292,0.93927366,0.67814124,0.99979085,-0.20224126,0.99406743,0.99957484
0.9999829,0.11511651,0.9998287,0.68560445,0.999414,-0.22256944,-0.8356863,0.99914724
0.99998343,0.14585403,0.9997984,0.63059604,0.9994137,-0.1769273,-0.8334373,0.9994195
0.99998814,0.20281309,0.90682465,0.50873184,0.99982953,-0.11124184,0.9939738,0.999937
0.9999856,0.10999593,0.99974805,0.5419905,0.9995141,-0.19804156,-0.83975756,0.99929714
0.99998343,0.1348724,0.9998,0.70332795,0.999523,-0.25375307,-0.8262793,0.99937785
0.9999889,0.20374009,0.9218162,0.63524216,0.9998298,-0.15776615,0.9947396,0.9992539
0.9999876,0.15881492,0.9998054,0.7117803,0.9995487,-0.2265411,-0.8270959,0.9994088
0.9999889,0.23392765,0.9565946,0.74826795,0.9997931,-0.24565578,0.99310946,0.9998602
0.9999869,0.12501678,0.99978197,0.6060004,0.9995413,-0.15761727,-0.83210945,0.99943227
0.99998933,0.14823736,0.9997759,0.6178482,0.9995995,-0.15008253,-0.8239112,0.99943185
0.99998707,0.1622423,0.99983615,0.77783203,0.99950784,-0.28333333,-0.82053226,0.9992733
0.99998814,0.22752061,0.9499675,0.77563316,0.999724,-0.29183674,0.9931848,0.9998989
0.9999826,0.14727435,0.9998048,0.6887312,0.999498,-0.24721375,-0.8367592,0.9992781
0.99998504,0.1501156,0.999811,0.72269225,0.9994413,-0.24399208,-0.82786477,0.99932754
0.99998677,0.1874809,0.9998128,0.7061247,0.99943686,-0.25641736,-0.8298535,0.9992271
0.99998766,0.13967857,0.9997956,0.6233251,0.999558,-0.20148036,-0.8313867,0.99916697
0.9999851,0.12455942,0.9997733,0.6347443,0.9994625,-0.20954277,-0.8346452,0.9993364
0.9999865,0.20545259,0.947796,0.59346986,0.9998207,-0.15254223,0.99157846,0.9999929
0.9999893,0.18085489,0.9998271,0.7628776,0.9994787,-0.25571898,-0.8183324,0.99942684
0.99998903,0.22285524,0.96162736,0.7386919,0.9997568,-0.19485472,0.99234146,0.99939895
0.9999886,0.2138196,0.92197376,0.67394483,0.9998141,-0.16365702,0.9956619,0.999376
0.99998635,0.15811251,0.999843,0.7493839,0.9994535,-0.20378064,-0.8224739,0.99946153
0.9999875,0.15969348,0.99984384,0.72973454,0.999482,-0.24859615,-0.8269195,0.99923515
0.9999872,0.18782772,0.9998505,0.8304888,0.9993865,-0.2932395,-0.81246436,0.9994853
0.9999842,0.16082259,0.9998147,0.67158437,0.9994146,-0.18630739,-0.8333138,0.99941576
0.9999881,0.17296048,0.99983585,0.76594675,0.9994728,-0.24453792,-0.8179285,0.9993684
0.9999868,0.15343514,0.999789,0.6875887,0.9994138,-0.24267262,-0.83310014,0.9993516
0.99998647,0.1386393,0.9997645,0.55529666,0.9995494,-0.18213764,-0.83795714,0.99913245
0.99998325,0.14665973,0.9998305,0.7152994,0.9994602,-0.24337912,-0.8312745,0.9992821
0.9999849,0.21388265,0.90562487,0.54521763,0.9998419,-0.104819745,0.9950089,0.99994457
0.99998677,0.21149658,0.95135415,0.6324372,0.9998273,-0.15161681,0.9931473,0.9992632
0.9999881,0.21837072,0.92448694,0.57798326,0.9998539,-0.09389414,0.99435955,0.99929166
0.99998605,0.20485006,0.9375569,0.6063391,0.9998066,-0.15469891,0.99249905,0.9991993
0.99998856,0.19421001,0.93547946,0.5451329,0.99984,-0.089919485,0.99236196,0.9992454
0.9999882,0.23132212,0.9644851,0.7237575,0.99984175,-0.20293719,0.9924107,0.999914
0.9999856,0.121715106,0.9997919,0.69547164,0.9994836,-0.24461602,-0.8299724,0.9993198
0.999987,0.21327692,0.9255198,0.720199,0.9998116,-0.16193303,0.99656105,0.9999758
0.999989,0.21472783,0.9617854,0.7604286,0.99982625,-0.22902653,0.99204767,0.9999955
0.9999838,0.1528645,0.99981207,0.5955076,0.9995005,-0.17559035,-0.83406466,0.9991283
0.9999856,0.19792606,0.9287109,0.45018864,0.9998376,-0.0811482,0.99188805,0.99926424
0.9999856,0.17252806,0.9998271,0.76066864,0.99947596,-0.27260533,-0.8225266,0.99938256
0.99998385,0.12971632,0.99978364,0.60654366,0.9995664,-0.19390143,-0.835964,0.9992679
0.99999,0.20889758,0.945908,0.6469846,0.9998361,-0.14878902,0.9935497,0.99987483
0.99998426,0.2114263,0.93709904,0.6091851,0.99985725,-0.07819628,0.9941517,0.9993085
0.9999852,0.16101213,0.9998351,0.7466975,0.99952376,-0.24401365,-0.8258456,0.9993496
0.9999853,0.2091221,0.9449104,0.6286272,0.9998181,-0.16239992,0.99104273,0.9999513
0.9999896,0.22834523,0.9580283,0.7859082,0.99977326,-0.2493483,0.99335825,0.99987817
0.9999854,0.1520575,0.9998287,0.77451026,0.9994406,-0.30497026,-0.8269343,0.99930555
0.9999879,0.20593695,0.9112528,0.5619062,0.99979085,-0.14974044,0.9943744,0.99929124
0.99998784,0.21517782,0.9583063,0.7113644,0.9998081,-0.20088731,0.99222267,0.9993095
0.99999076,0.2208893,0.93890464,0.71811324,0.9998217,-0.20208448,0.994858,0.9999835
0.9999865,0.21637839,0.95691764,0.7411034,0.9998263,-0.21020684,0.99347556,0.9993591
0.99998724,0.22589454,0.92903155,0.6998178,0.9998251,-0.16788574,0.9961631,0.99940276
0.9999906,0.20760931,0.9610503,0.687379,0.9998348,-0.193615,0.99129045,0.9999994
0.9999886,0.2151808,0.9431863,0.59176093,0.99986273,-0.14565293,0.99277335,0.9999212
0.99998575,0.14712398,0.9997762,0.52197176,0.99963206,-0.120964505,-0.83477235,0.9993438
0.99998975,0.1989265,0.9574854,0.67704713,0.99981165,-0.21213232,0.99016196,0.9999996
0.99998784,0.22012116,0.95769477,0.67952204,0.9997925,-0.22634785,0.99010336,0.99998975
0.9999886,0.20777668,0.93852365,0.633762,0.99980676,-0.2011046,0.9940669,0.999302
0.99998486,0.13306282,0.9998301,0.67322236,0.9994718,-0.18466647,-0.83096,0.99928963
0.99999034,0.21497001,0.9690107,0.71560407,0.99985844,-0.21171755,0.9895894,0.99942726
0.99998605,0.14234176,0.999819,0.7430619,0.9994711,-0.2610685,-0.82760423,0.9993156
0.99998564,0.15124433,0.9998222,0.7390926,0.99938977,-0.26943675,-0.83186233,0.9993328
0.9999903,0.22746533,0.94348127,0.78023916,0.99982095,-0.19973402,0.9953098,0.9999553
0.99999046,0.24090172,0.95519584,0.77195156,0.9997901,-0.26906422,0.994411,0.99925166
0.99998593,0.23397677,0.9310748,0.7330236,0.999828,-0.10029312,0.99668586,0.99931616
0.999989,0.21101214,0.95177543,0.65609777,0.99983025,-0.16732173,0.9912465,0.9991612
0.99998647,0.13727583,0.99979895,0.6512557,0.9995724,-0.23082367,-0.83484817,0.99917597
0.99998933,0.1957042,0.9402073,0.58067465,0.9998718,-0.1318628,0.9914133,0.99984914
0.99998707,0.22499594,0.9146602,0.6800004,0.99984616,-0.14824049,0.99676126,0.99998164
0.9999884,0.22534174,0.9433865,0.78293264,0.9997997,-0.25044835,0.9957789,0.99926114
0.99998504,0.10971279,0.9997653,0.60885805,0.9995884,-0.20356998,-0.83411574,0.99935997
0.9999854,0.11439741,0.99975896,0.5860076,0.99951047,-0.1982409,-0.8329873,0.9992444
0.9999857,0.15186782,0.9998371,0.7623707,0.99934393,-0.2797967,-0.82358116,0.99926496
0.9999824,0.14144196,0.99980575,0.70416,0.9993876,-0.24418776,-0.8319802,0.9993142
0.9999797,0.112631515,0.99978244,0.5900706,0.9995373,-0.22164331,-0.8399114,0.99910396
0.99999106,0.21304238,0.9556434,0.7007053,0.9997969,-0.21674071,0.99130243,0.99985474
0.9999903,0.21593554,0.9596477,0.662269,0.9998259,-0.17599218,0.9911525,0.9993064
0.99998486,0.12791663,0.9997862,0.6045126,0.99953204,-0.19786704,-0.83437735,0.9992537
0.99998754,0.20574175,0.8913621,0.6126925,0.99979955,-0.10662388,0.9966155,0.9991356
0.9999832,0.1501786,0.9998325,0.7138058,0.9993909,-0.25499636,-0.833919,0.99915093
0.9999879,0.20779517,0.945345,0.5759473,0.9998476,-0.10963221,0.9930372,0.99921876
0.9999883,0.19077891,0.93366754,0.5216627,0.99984574,-0.12601696,0.9939694,0.99994177
0.99998456,0.1519179,0.99982065,0.7355063,0.99926263,-0.28784922,-0.82912505,0.9992289
0.9999804,0.18470518,0.99986315,0.8023295,0.9993326,-0.26449516,-0.8172673,0.999416
0.99998724,0.15919627,0.99981177,0.7162514,0.999405,-0.2896721,-0.8340906,0.9990714
0.99998564,0.12946203,0.9997908,0.5838294,0.999599,-0.14460784,-0.833206,0.99934304
0.9999862,0.1869571,0.9142522,0.50234616,0.99982333,-0.11807834,0.994076,0.9999995
0.9999859,0.1379324,0.9998086,0.7291557,0.99943674,-0.21985622,-0.8267682,0.99949735
0.9999864,0.14196874,0.9997993,0.71120214,0.999491,-0.2692749,-0.82649755,0.999292
0.9999818,0.16015847,0.99983233,0.71318126,0.9994733,-0.24729405,-0.83209926,0.9992281
0.9999845,0.15000486,0.9998113,0.67790407,0.9995088,-0.19023448,-0.830468,0.99941003
0.9999786,0.10311784,0.9997755,0.5054491,0.9995373,-0.1586794,-0.84224916,0.99922365
0.99998814,0.21198559,0.89662945,0.62528604,0.9998363,-0.11012704,0.9963776,0.99934196
0.9999847,0.15629269,0.999833,0.7248323,0.9994252,-0.22263838,-0.82677895,0.99942917
0.99998856,0.1778088,0.9998208,0.73709893,0.9994107,-0.24460888,-0.8294473,0.9993439
0.9999858,0.154123,0.9998177,0.75511825,0.9993248,-0.27652818,-0.82858104,0.99940413
0.9999872,0.2094093,0.86508137,0.58214253,0.9997961,-0.1383354,0.99672276,0.99999905
0.9999876,0.19637848,0.9234606,0.5962236,0.9997905,-0.109514505,0.9938465,0.99996924
0.99998915,0.17116067,0.9998068,0.68701476,0.99953413,-0.19516289,-0.82342875,0.9993625
0.9999819,0.11021474,0.9997562,0.55637914,0.9995671,-0.19354244,-0.83533573,0.9992491
0.99998724,0.14383471,0.999802,0.69315755,0.9994412,-0.24474241,-0.8297754,0.9991734
0.99998635,0.21013103,0.91329306,0.58763385,0.9997891,-0.14290491,0.9953629,0.9994638
0.9999845,0.17226619,0.99982464,0.72983515,0.9994304,-0.22240396,-0.82224,0.99944973
0.9999852,0.18091291,0.9998587,0.8369669,0.9993085,-0.3173682,-0.8084093,0.99940234
0.99998516,0.21001652,0.86797786,0.4859155,0.9998509,-0.06496105,0.9967128,0.9998495
0.9999862,0.12933111,0.9997639,0.63121283,0.9995058,-0.19150929,-0.83191204,0.9994012
0.9999886,0.22728808,0.9570903,0.7623371,0.9998186,-0.20929782,0.9940164,0.99997175
0.99998504,0.21506049,0.94287395,0.66095686,0.9998117,-0.18279888,0.9934502,0.9998531
0.9999873,0.21974441,0.94041103,0.74154896,0.99980456,-0.13392764,0.99630374,0.9993558
0.9999891,0.19677298,0.9435311,0.6582067,0.9998141,-0.20884246,0.9930338,0.99994314
0.99998456,0.1392078,0.9998211,0.75641775,0.9994431,-0.2899266,-0.82760626,0.99930334
0.9999878,0.20882207,0.9365727,0.6859572,0.99980706,-0.14686286,0.9948671,0.99928945
0.9999859,0.120136805,0.9997962,0.61366916,0.9994399,-0.19879617,-0.8360092,0.99924207
0.99999154,0.20959614,0.9455664,0.6579608,0.9997958,-0.19317067,0.9929878,0.9998502
0.99998707,0.1284854,0.99977326,0.5560805,0.99951047,-0.17737007,-0.83540684,0.9992498
0.99999,0.21095496,0.95694065,0.6521902,0.9998583,-0.18786314,0.9909256,0.99999195
0.99998784,0.20355591,0.92200893,0.6534884,0.9998242,-0.12060836,0.99581677,0.9991841
0.9999889,0.21575046,0.95701855,0.7256417,0.9998333,-0.18214943,0.99311215,0.9993545
0.99998164,0.15932506,0.9998405,0.74089026,0.999523,-0.24632487,-0.82580525,0.9993077
0.99998593,0.12480637,0.99980664,0.6446295,0.9994475,-0.19213967,-0.8337538,0.9993282
0.99998754,0.21738274,0.93089443,0.68187815,0.99981594,-0.110258564,0.9957373,0.9993269
0.99998367,0.21095134,0.91969347,0.5572617,0.9998122,-0.1440993,0.99435216,0.9999888
0.99998456,0.19756113,0.882647,0.5441631,0.9998129,-0.1195029,0.9953406,0.99933976
0.9999863,0.13883297,0.9998236,0.7738431,0.99936295,-0.2991083,-0.8297861,0.99931365
0.9999865,0.1450368,0.9997912,0.7589843,0.99943256,-0.32719544,-0.827705,0.9993332
0.99998504,0.16768041,0.99984103,0.78725547,0.99941653,-0.32036626,-0.82459825,0.9992071
0.99998844,0.21563786,0.94027925,0.6741231,0.99973947,-0.21842042,0.99373645,0.9991793
0.9999898,0.2330115,0.9456334,0.6583668,0.99980575,-0.20668095,0.99207056,0.99943715
0.9999848,0.11894535,0.9997723,0.59673226,0.9995366,-0.21131921,-0.83276856,0.9992957
0.9999885,0.20587502,0.9105594,0.5280465,0.99978787,-0.12080576,0.9934673,0.9999992
0.9999868,0.21272343,0.9270197,0.65138435,0.99981135,-0.13467073,0.99442536,0.9993503
0.99998415,0.1332017,0.9998157,0.6609976,0.99944687,-0.22086947,-0.83480555,0.9993044
0.99999005,0.20663068,0.95866346,0.66651547,0.9997818,-0.22618105,0.989392,0.99982744
0.99998605,0.13821778,0.9997751,0.6053916,0.9995119,-0.20412166,-0.8400046,0.99916524
0.9999812,0.13018382,0.9997951,0.6160873,0.9994941,-0.19931495,-0.8344884,0.99926144
0.9999835,0.12164344,0.9998051,0.66681576,0.9994186,-0.24260205,-0.8379835,0.9992028
0.99999046,0.20892839,0.9532783,0.6363092,0.9998289,-0.1737271,0.9910552,0.99999976
0.9999899,0.188433,0.99983525,0.8136616,0.99941605,-0.29609054,-0.80848056,0.999451
0.99998766,0.15368775,0.9998113,0.67604625,0.9995806,-0.18382339,-0.8260583,0.99933636
0.99998313,0.12250334,0.99980795,0.6515491,0.99953914,-0.19937612,-0.83476573,0.9993315
0.9999883,0.22745174,0.9681366,0.74083257,0.99979544,-0.24644543,0.98845875,0.999859
0.9999848,0.14625621,0.9998081,0.6677112,0.99951094,-0.19370258,-0.8331233,0.99943227
0.9999862,0.20829572,0.94615144,0.6626019,0.9998067,-0.17768161,0.9935288,0.99996823
0.99998486,0.13630866,0.99980026,0.6703739,0.9994562,-0.22371733,-0.83491,0.99930245
0.9999862,0.20828937,0.9205901,0.659516,0.99979496,-0.16020909,0.995953,0.99985844
0.9999863,0.15827224,0.9998099,0.6798085,0.9995372,-0.21025306,-0.829101,0.9992796
0.99999154,0.21047859,0.9684307,0.70995164,0.999812,-0.27041632,0.9860639,0.99996036
0.99998665,0.14664565,0.99978846,0.68825865,0.99948424,-0.25278965,-0.82947683,0.99937266
0.9999855,0.21150252,0.9053463,0.6461446,0.9998156,-0.16216822,0.99590015,0.9992842
0.99998456,0.13722642,0.99982446,0.76606745,0.99939424,-0.26473495,-0.8250616,0.99947006
0.9999895,0.23540297,0.975426,0.75519776,0.9997983,-0.2531093,0.98775315,0.9993484
0.99998343,0.10940535,0.9997814,0.57692564,0.9995246,-0.19391544,-0.83895624,0.9993052
0.99998593,0.1369299,0.999805,0.7070293,0.99945694,-0.21031103,-0.82669944,0.9994784
0.99998695,0.14963786,0.99979705,0.66261446,0.9994935,-0.21245587,-0.8302736,0.99938476
0.99998325,0.12535498,0.9997941,0.6189995,0.99955976,-0.18945473,-0.83367,0.99923617
0.9999887,0.16453876,0.9998226,0.7314694,0.99940205,-0.21183519,-0.82106954,0.99944264
0.99998534,0.12487097,0.9997984,0.6612096,0.9995249,-0.22356524,-0.8325143,0.99920475
0.99998516,0.14611731,0.99979675,0.6452517,0.9995336,-0.20998825,-0.8327488,0.99932057
0.9999894,0.19490963,0.90962243,0.5589547,0.9997804,-0.14063215,0.994673,0.9995271
0.9999901,0.1927852,0.9211476,0.48778325,0.9998345,-0.13616887,0.9921745,0.99926054
0.9999868,0.15149309,0.99981725,0.6518142,0.99957114,-0.1420852,-0.82730985,0.9993651
0.99998784,0.16124198,0.99981385,0.7143204,0.9995144,-0.22010757,-0.8266063,0.9994328
0.9999878,0.20827518,0.94349325,0.5367648,0.99987084,-0.07434478,0.9919374,0.9998647
0.9999849,0.15590903,0.99982774,0.6996723,0.9995284,-0.20054074,-0.82548,0.9993647
0.9999885,0.22679523,0.93864715,0.7314904,0.9997967,-0.21109597,0.99541235,0.999961
0.9999878,0.22213534,0.94386625,0.68617046,0.9998107,-0.18898799,0.99377096,0.99983406
0.9999841,0.20455727,0.9245294,0.63279724,0.9997945,-0.16977671,0.9946784,0.99924445
0.9999872,0.23198615,0.95975214,0.7369002,0.99986345,-0.16169311,0.9944866,0.99987674
0.99998605,0.22550403,0.91544443,0.6804451,0.9998217,-0.1130699,0.99615,0.99928594
0.99998593,0.1305491,0.9997782,0.6742499,0.9994791,-0.26564965,-0.8332512,0.9991905
0.99998313,0.2066712,0.92247546,0.56438607,0.9998306,-0.109053835,0.9947305,0.9999491
0.99999034,0.21738108,0.94229656,0.71868277,0.9997718,-0.22648212,0.99374485,0.99996376
0.9999887,0.15873137,0.9998403,0.78115046,0.9994369,-0.26999795,-0.8204942,0.9994181
0.9999878,0.17478791,0.999844,0.81393075,0.99929875,-0.2891806,-0.815685,0.99936706
0.9999866,0.2099122,0.92735136,0.6562518,0.9997768,-0.16944902,0.99477565,0.9994556
0.99998975,0.21138903,0.95286936,0.67186606,0.99979335,-0.21167988,0.99101275,0.9998607
0.9999877,0.20954654,0.93462384,0.6638252,0.9998236,-0.14991775,0.9950508,0.9994551
0.9999842,0.14527403,0.999822,0.7132262,0.99943894,-0.22694124,-0.8303951,0.99938744
0.9999893,0.26203987,0.9681162,0.8174515,0.9998044,-0.24621852,0.9941168,0.9994328
0.9999894,0.21593517,0.94713366,0.6772233,0.99985576,-0.17313379,0.9938765,0.9993823
0.9999877,0.14064951,0.9998143,0.74897796,0.9993719,-0.264641,-0.8286221,0.99941885
0.9999908,0.21143666,0.94402695,0.67427814,0.9997645,-0.19661717,0.9933424,0.9993584
0.9999822,0.14996183,0.9998371,0.74162865,0.99943453,-0.26024276,-0.82951814,0.9993553
0.9999898,0.20670107,0.92700416,0.70415205,0.9998277,-0.20967518,0.9957103,0.99994296
0.9999881,0.2343474,0.9521644,0.75537086,0.99978155,-0.19263186,0.9942071,0.9999896
0.9999844,0.14984632,0.9998278,0.72416306,0.9995097,-0.24863392,-0.82751864,0.9992431
0.99998796,0.22786213,0.95880204,0.7267109,0.99987483,-0.16263843,0.99384856,0.99999744
0.99998456,0.15235022,0.9998313,0.70758617,0.9993919,-0.202081,-0.8249769,0.9994169
0.99998647,0.18370892,0.99987537,0.81472784,0.99952465,-0.21707138,-0.81263804,0.9994403
0.9999877,0.18737935,0.9559196,0.69619054,0.99982977,-0.19154368,0.9922434,0.99928653
0.9999869,0.21672958,0.90954226,0.6332216,0.9998329,-0.121172205,0.996323,0.99999964
0.99998826,0.122317106,0.99975985,0.6759119,0.9994835,-0.2340899,-0.8326069,0.99944365
0.9999847,0.21872763,0.95331347,0.6770793,0.99984264,-0.15758115,0.9932968,0.9993494
0.99998873,0.2311186,0.96040493,0.7736868,0.99979204,-0.26031882,0.9930442,0.99999964
0.99998635,0.1978428,0.9007686,0.5677649,0.9998523,-0.050199136,0.99612284,0.9999973
0.9999814,0.1384621,0.9998014,0.5973717,0.99956906,-0.14561741,-0.8382088,0.9994401
0.99998754,0.19556804,0.913951,0.52392125,0.99983656,-0.09697302,0.99427414,0.99971235
0.99998385,0.13817714,0.9998021,0.696753,0.99947417,-0.2791501,-0.8353439,0.9992541
0.99998564,0.11939706,0.9997984,0.60964286,0.99951184,-0.18614927,-0.8353206,0.99934745
0.99998516,0.16678335,0.99983793,0.77830607,0.9994897,-0.28849244,-0.82436615,0.999202
0.9999837,0.12120467,0.9997923,0.5926989,0.99947846,-0.1547335,-0.8371086,0.9992866
0.9999862,0.14381933,0.9998261,0.76541644,0.99937844,-0.26164865,-0.8239086,0.9993771
0.999989,0.208487,0.9423945,0.711028,0.99977857,-0.23487,0.99339455,0.99999964
0.99998564,0.1677656,0.9998175,0.7426421,0.9993754,-0.25739866,-0.82781184,0.9994104
0.99998707,0.121892765,0.999759,0.58873487,0.9995032,-0.18510205,-0.8342941,0.9992925
0.99998444,0.13614573,0.9998073,0.6489632,0.99951905,-0.1942213,-0.8331316,0.999294
0.99998254,0.15697145,0.9998234,0.70550185,0.9993533,-0.25488064,-0.8352747,0.99917144
0.9999893,0.22296159,0.95954275,0.67056334,0.99983543,-0.19746092,0.99122196,0.99984366
0.9999835,0.13387646,0.99980956,0.7022803,0.99946344,-0.25399563,-0.83187413,0.9993766
0.9999855,0.24126802,0.9453734,0.77054256,0.9997933,-0.19098978,0.995374,0.99915
0.9999845,0.16869417,0.9998423,0.8003145,0.9994081,-0.2622413,-0.8193828,0.99946797
0.99998707,0.2249633,0.94021034,0.6329154,0.99983376,-0.11934772,0.9937789,0.999974
0.9999814,0.2007945,0.8754162,0.5366751,0.9998125,-0.04922819,0.99683255,0.9992135
0.999985,0.21276051,0.95835805,0.66595995,0.9998439,-0.10974519,0.99165744,0.99987215
0.999987,0.22722058,0.9608801,0.7054268,0.9998348,-0.2037465,0.993376,0.9999996
0.99998975,0.22465998,0.97516906,0.78197134,0.9998023,-0.25859177,0.989199,0.99978286
0.9999832,0.16099878,0.9998273,0.70724773,0.9994983,-0.1991915,-0.8264265,0.99931973
0.9999851,0.11325232,0.9997649,0.5817666,0.99957436,-0.21864937,-0.83607465,0.99917346
0.9999865,0.22484422,0.94488376,0.7343203,0.9997983,-0.20746674,0.99494237,0.99930924
0.9999864,0.20556246,0.86646056,0.5199094,0.99981964,-0.07132532,0.9965449,0.9993194
0.9999865,0.21541385,0.9430545,0.65883034,0.999793,-0.16481328,0.9934785,0.9999849
0.9999885,0.22001398,0.90621704,0.68223274,0.9998079,-0.1418894,0.99693435,0.9997662
0.99998206,0.14744256,0.9998052,0.6393796,0.99945754,-0.19003657,-0.8340044,0.9993473
0.9999899,0.20690957,0.965817,0.6324915,0.99985695,-0.18385798,0.9872662,0.9993093
0.9999846,0.2007189,0.9057483,0.55258936,0.9998032,-0.11202416,0.99540585,0.9993235
0.99998593,0.21137011,0.95438,0.576569,0.9998456,-0.14222862,0.989122,0.99929166
0.99998724,0.2066425,0.9139044,0.67681086,0.9997853,-0.1492655,0.99548805,0.9999997
0.99998856,0.22444731,0.9551275,0.772807,0.9997656,-0.21846335,0.9928513,0.9993681
0.9999887,0.21227251,0.9542711,0.6601611,0.9998501,-0.15796669,0.9923166,0.9999669
0.9999854,0.21059634,0.89760214,0.5744926,0.99980444,-0.10297777,0.9955163,0.99976724
0.9999849,0.17640185,0.99983966,0.76326305,0.9993611,-0.25214836,-0.8230482,0.99930197
0.99998784,0.2020227,0.92487246,0.639133,0.9997942,-0.13390988,0.9944489,0.99976057
0.99998677,0.21861266,0.9422071,0.68355846,0.9997862,-0.17607729,0.9941804,0.99997485
0.99998677,0.20783564,0.9575532,0.56646216,0.99986035,-0.14389782,0.98961455,0.9993564
0.99998957,0.17374414,0.9998383,0.7666053,0.9995204,-0.25423098,-0.8224557,0.99933594
0.9999816,0.1219085,0.9997852,0.5872052,0.99942535,-0.17997666,-0.8404254,0.99926794
0.9999877,0.20337984,0.9040849,0.52584505,0.9998292,-0.10727317,0.9951718,0.9998485
0.99998796,0.19900933,0.94157267,0.6345223,0.9997918,-0.17399743,0.9917072,0.9999773
0.99998707,0.21055453,0.9205272,0.606104,0.9998041,-0.14751808,0.9953404,0.999815
0.9999861,0.21222688,0.8889528,0.6131991,0.9998117,-0.12148573,0.99690026,0.99998957
0.999987,0.20586781,0.9319196,0.6970625,0.9998208,-0.22473131,0.994345,0.99936837
0.99998593,0.14540434,0.9998215,0.72163916,0.9994766,-0.22976469,-0.8280277,0.99934417
0.99998236,0.1693583,0.99984556,0.75750077,0.99948674,-0.23543717,-0.8221451,0.9994146
0.99998426,0.20603673,0.81592596,0.3248885,0.9998085,-0.03782,0.9964836,0.9998425
0.99998885,0.16989242,0.9998274,0.7884616,0.99935395,-0.2827206,-0.8269343,0.99938047
0.9999861,0.14766373,0.9997917,0.65087974,0.9994614,-0.21240094,-0.83576256,0.99930197
0.99998826,0.16637659,0.99982125,0.7697387,0.9994311,-0.28108457,-0.82074606,0.9992784
0.99998945,0.22891012,0.9580884,0.7808324,0.99984807,-0.19469862,0.99349856,0.99997836
0.9999848,0.16038902,0.99984556,0.76329505,0.9994447,-0.23718098,-0.82205534,0.9993375
0.9999868,0.16225258,0.9998512,0.8097809,0.9993751,-0.30410585,-0.8186833,0.99928015
0.99998635,0.21318433,0.92533463,0.6661086,0.99978,-0.13424522,0.9955375,0.9999899
0.9999882,0.23190495,0.9644186,0.75340044,0.9998082,-0.20541422,0.99174213,0.99955386
0.9999878,0.16537887,0.99982136,0.740752,0.9994879,-0.24495651,-0.8248639,0.99931276
0.99998873,0.21883161,0.9450967,0.6238532,0.99982506,-0.15881991,0.9920016,0.9992998
0.99998,0.09132786,0.99972934,0.40803197,0.9997056,-0.13017084,-0.83174646,0.99929345
0.999989,0.21797436,0.9573977,0.64451253,0.99984974,-0.1460071,0.9916351,0.99997735
0.9999857,0.1624507,0.9998293,0.74177265,0.9995283,-0.20131882,-0.8190969,0.99951756
0.99998724,0.21344851,0.94878685,0.6990783,0.99982166,-0.20109221,0.9940395,0.9992758
0.99998766,0.22856073,0.9451725,0.70315224,0.9998237,-0.14697537,0.99420094,0.9992748
0.99998754,0.1604786,0.9998286,0.7129345,0.9995359,-0.21756478,-0.82294285,0.99924487
0.9999825,0.09776283,0.99978274,0.5312315,0.9995928,-0.15793552,-0.8338591,0.9993507
0.99998635,0.13273871,0.9997988,0.7134,0.9994221,-0.24203338,-0.82579786,0.9994312
0.9999837,0.17061119,0.99985135,0.8119977,0.99933136,-0.3233951,-0.8246496,0.9993076
0.99998695,0.14812501,0.99981916,0.7322764,0.9994135,-0.24761237,-0.82969147,0.9993975
0.9999846,0.14177907,0.99983597,0.7113863,0.9994942,-0.23826875,-0.8292917,0.9992544
0.9999903,0.22260115,0.9406452,0.6999649,0.999805,-0.1701097,0.9946371,0.99996954
0.99998903,0.22287707,0.9456321,0.760388,0.99984574,-0.18693131,0.99572635,0.9999645
0.99998516,0.12592727,0.9998084,0.7126379,0.9994419,-0.27135304,-0.8319387,0.9992735
0.9999829,0.13306127,0.99979943,0.68067807,0.9995345,-0.2696666,-0.83035165,0.999326
0.9999865,0.19406426,0.9998386,0.7698419,0.99946374,-0.24130574,-0.8231846,0.9994378
0.9999852,0.1600746,0.9998171,0.71136475,0.9994205,-0.26676995,-0.83026206,0.9991609
0.9999875,0.15972377,0.99981254,0.7522408,0.9994293,-0.29233438,-0.8245628,0.9992736
0.99998736,0.12977916,0.9998038,0.7306087,0.9995624,-0.2768548,-0.82295895,0.99932635
0.9999882,0.20702505,0.909887,0.5428494,0.99986124,-0.08423324,0.99519587,0.99906266
0.99998295,0.12460188,0.9997936,0.6746787,0.9994898,-0.2586113,-0.827537,0.9991165
0.99998564,0.13346902,0.9998044,0.7329608,0.99919933,-0.31282267,-0.83684456,0.99917984
0.9999844,0.15956564,0.9998359,0.7476903,0.9994214,-0.26194215,-0.8247334,0.99933034
0.9999883,0.17985588,0.99983776,0.80859923,0.9993427,-0.30757597,-0.8176194,0.9992875
0.999985,0.13384596,0.9997956,0.68718475,0.99942976,-0.23364559,-0.83284307,0.9993463
0.9999881,0.21057814,0.92381144,0.6430891,0.99981135,-0.16992143,0.99460477,0.9993437
0.9999863,0.21267144,0.9259437,0.6661408,0.99982744,-0.14589085,0.9954423,0.9992733
0.99998516,0.19243193,0.91124284,0.4659828,0.9998351,-0.12177742,0.9929329,0.9992203
0.99998426,0.13548149,0.9998144,0.67897487,0.9995736,-0.21191956,-0.8292979,0.99923086
0.9999856,0.139151,0.9998104,0.6863654,0.9993962,-0.24634293,-0.8310308,0.9992941
0.99998647,0.22463912,0.93640447,0.7168235,0.9998501,-0.15035124,0.99550253,0.9993285
0.9999875,0.20416795,0.88358945,0.54035306,0.9998366,-0.053535488,0.9962376,0.9994061
0.99998176,0.14141716,0.9998135,0.6468767,0.99946934,-0.20048863,-0.8354823,0.9992824
0.9999868,0.20667973,0.9212635,0.57007265,0.9998089,-0.15287128,0.9943465,0.99948436
0.9999868,0.2103689,0.9357823,0.6425015,0.9998021,-0.1844693,0.9935241,0.99940467
0.99998003,0.14384545,0.99982184,0.67604923,0.9994184,-0.21332131,-0.83809847,0.99939495
0.9999859,0.14878182,0.99981856,0.69817895,0.9993784,-0.26518074,-0.8346666,0.99918085
0.99998903,0.20917898,0.9518374,0.6646306,0.9998235,-0.12551685,0.99366266,0.9992599
0.9999865,0.18586133,0.92816496,0.53464764,0.99984574,-0.08573456,0.99391514,0.99999845
0.9999841,0.111109756,0.99976444,0.66764283,0.99954873,-0.24714808,-0.8303803,0.99944687
0.9999878,0.19869758,0.9134792,0.5178011,0.99982816,-0.105774164,0.9943979,0.99995315
0.9999892,0.27153975,0.96746236,0.8198197,0.9997876,-0.25623474,0.99341667,0.9992372
0.99998814,0.13284953,0.9997694,0.60852,0.99958736,-0.21609013,-0.827905,0.99925506
0.99998903,0.19827701,0.94625986,0.6207039,0.99980986,-0.18830949,0.9916481,0.99894
0.9999838,0.15886235,0.9998403,0.7489371,0.9994797,-0.2379821,-0.8254777,0.9992583
0.99998933,0.16971506,0.9998296,0.80841786,0.999278,-0.31981513,-0.81945693,0.99925333
0.9999881,0.15704148,0.99983823,0.7750282,0.9994578,-0.2718502,-0.81829846,0.9993284
0.99998784,0.14407943,0.9998229,0.76474565,0.9994117,-0.29356977,-0.8261106,0.99929166
0.9999872,0.20566404,0.9446016,0.6469783,0.99978745,-0.22260524,0.9919104,0.9994705
0.9999889,0.20350756,0.92973316,0.57076514,0.99985415,-0.09216522,0.9943586,0.99986887
0.999982,0.13678718,0.99979734,0.647445,0.99950796,-0.23387842,-0.8433013,0.99910367
0.9999864,0.21650055,0.9381413,0.74228704,0.9998268,-0.20826028,0.9958718,0.9998312
0.99998885,0.18862347,0.9998507,0.8200499,0.9993639,-0.28584588,-0.8153988,0.99943465
0.9999863,0.142809,0.9997941,0.73902786,0.9994564,-0.2938292,-0.8267595,0.9994138
0.99998707,0.19160546,0.93900657,0.5005059,0.9998576,-0.13337435,0.99105954,0.9991742
0.9999854,0.19988552,0.88869655,0.5752722,0.99981207,-0.12017369,0.9965553,0.9999575
0.9999892,0.22223024,0.9525697,0.72037446,0.9998525,-0.15702331,0.994465,0.9998288
0.999989,0.21127845,0.9636296,0.7301473,0.9998236,-0.20439097,0.9910669,0.9992596
0.99999034,0.20627609,0.92284966,0.6254332,0.9997532,-0.20186928,0.99316573,0.9997471
0.9999865,0.21125343,0.9398578,0.5513525,0.9998569,-0.113089904,0.9921432,0.99932903
0.9999864,0.19422151,0.9036888,0.48863563,0.9998236,-0.11695859,0.9947392,0.9994796
0.99998266,0.14005928,0.9998405,0.72955644,0.9994308,-0.24888133,-0.82862175,0.9992224
0.9999861,0.21574096,0.9280673,0.672562,0.99978065,-0.19630332,0.9956219,0.99922186
0.9999855,0.22609687,0.94083405,0.6567443,0.9998551,-0.13653722,0.99382013,0.9999814
0.9999897,0.20544839,0.9452151,0.5675202,0.99984664,-0.13138542,0.9927035,0.99993557
0.9999882,0.14211255,0.9998024,0.7291411,0.99947304,-0.27489117,-0.82670796,0.999282
0.99998635,0.2186023,0.9107518,0.6930144,0.9997979,-0.13057543,0.99637705,0.99978983
0.99998784,0.21978423,0.9234965,0.75789547,0.9998063,-0.18471171,0.9965889,0.9998632
0.99998546,0.123287074,0.9997938,0.69815564,0.9994582,-0.2836605,-0.8348564,0.9991887
0.99998766,0.15231438,0.99979925,0.6589092,0.99948514,-0.2016142,-0.8347792,0.9992586
0.99997896,0.12000671,0.9997949,0.5872469,0.999529,-0.1782715,-0.83501303,0.9992178
0.99999017,0.224685,0.9530714,0.70243764,0.9998244,-0.20016134,0.99076116,0.99926585
0.9999873,0.2118695,0.9184845,0.67751896,0.999778,-0.16536035,0.9960294,0.9998577
0.99998605,0.12911244,0.99980927,0.64300567,0.9995592,-0.20748095,-0.83136636,0.9992615
0.9999844,0.12204253,0.9998009,0.6269231,0.9994944,-0.19940136,-0.8372685,0.99921024
0.99998945,0.20805374,0.93130106,0.6390922,0.9998043,-0.13812765,0.9950017,0.9997331
0.9999894,0.21007887,0.94862986,0.624859,0.9998384,-0.17265938,0.99186116,0.99995893
0.9999827,0.17654051,0.99984056,0.73928595,0.999405,-0.25939244,-0.8290724,0.99926645
0.99998647,0.20463982,0.9593916,0.70093954,0.9997575,-0.22046424,0.99068904,0.9999998
0.9999815,0.14474627,0.9998208,0.69635177,0.99937576,-0.24823992,-0.83425313,0.99930775
0.99998516,0.21603847,0.8958996,0.6146735,0.9998444,-0.073537655,0.996609,0.99990726
0.9999902,0.19100425,0.942724,0.5966011,0.99983644,-0.20084478,0.99213773,0.99997985
0.9999868,0.1420592,0.9998022,0.6986312,0.9994345,-0.23489788,-0.8331089,0.9993213
0.99998593,0.2278928,0.9438207,0.73944443,0.99983543,-0.17099872,0.99561435,0.9993743
0.9999851,0.1360641,0.99980915,0.6994004,0.9994093,-0.25539312,-0.8319953,0.9991622
0.99998415,0.15052806,0.99981123,0.64994395,0.99956375,-0.19143835,-0.8312645,0.99930096
0.99998784,0.1939142,0.99985045,0.82912683,0.9992944,-0.27880692,-0.8067266,0.9995014
0.99998367,0.15025835,0.9998141,0.68135244,0.99947155,-0.23311813,-0.8337897,0.9992425
0.99999046,0.24178685,0.9634212,0.82498765,0.9997896,-0.22589006,0.99507165,0.99999315
0.9999823,0.13574287,0.9998353,0.70391726,0.99940467,-0.24786215,-0.83462155,0.99920493
0.999987,0.2180795,0.92605585,0.63607043,0.99982685,-0.10269546,0.99566305,0.999854
0.9999876,0.16917482,0.9998195,0.7404376,0.9994572,-0.24550332,-0.8236836,0.99949354
0.9999877,0.20795766,0.9363299,0.6051685,0.9998193,-0.12773286,0.99384075,0.999999
0.99998796,0.22339167,0.9597528,0.71542597,0.9998298,-0.19111446,0.99416053,0.99983674
0.9999856,0.22206107,0.92674124,0.69443893,0.99980986,-0.12267299,0.9965019,0.9994064
0.9999847,0.1583782,0.99984497,0.77472925,0.99939907,-0.27647975,-0.8284145,0.99929535
0.9999909,0.22710685,0.9660327,0.6537659,0.9998377,-0.22586533,0.9881846,0.99995375
0.9999882,0.16856836,0.999834,0.77767986,0.9994719,-0.26478025,-0.8214474,0.99925566
0.999988,0.23852088,0.9557905,0.76214015,0.99978924,-0.18318461,0.99397784,0.99930364
0.99999005,0.24094437,0.9755229,0.77866936,0.9998253,-0.21102373,0.9887818,0.99940115
0.99998534,0.1356531,0.9997972,0.70743185,0.9995813,-0.2546507,-0.82563937,0.99925625
0.9999847,0.12880065,0.9997963,0.65896916,0.9995718,-0.21383141,-0.83435035,0.99926996
0.9999861,0.20921911,0.93688375,0.7191609,0.9998114,-0.20449892,0.99495274,0.99941635
0.99998903,0.21543723,0.94193524,0.6698184,0.99982744,-0.19045915,0.9939903,0.99935126
0.9999864,0.20798956,0.9555409,0.6629808,0.99981743,-0.19185783,0.9919514,0.9999997
0.99998486,0.16413538,0.9998282,0.68949485,0.9994074,-0.20838588,-0.82945645,0.99932104
0.9999862,0.21118239,0.93258166,0.64830947,0.99980086,-0.11290752,0.99521327,0.9994658
0.9999905,0.22406474,0.95800525,0.73186654,0.9997975,-0.19170536,0.99281037,0.99941117
0.99998987,0.20008808,0.94242936,0.61606574,0.9998112,-0.16622059,0.99105084,0.9999993
0.99999034,0.23930933,0.98116326,0.73891425,0.9998508,-0.21635473,0.9835647,0.99938333
0.999987,0.20392466,0.95788556,0.64065063,0.9998215,-0.17301235,0.98927253,0.9991918
0.99998176,0.12774685,0.9997996,0.6526985,0.9995131,-0.24119604,-0.83781374,0.9991859
0.99998516,0.14270349,0.9997985,0.68864846,0.9995487,-0.25177225,-0.8291743,0.99926907
0.9999877,0.21640058,0.9073508,0.6079138,0.99977964,-0.12197315,0.9953923,0.9992773
0.99998623,0.16829643,0.99984586,0.7624019,0.99947256,-0.23933859,-0.8250831,0.999249
0.99998844,0.15342091,0.99979764,0.70369256,0.99946874,-0.24815466,-0.82704425,0.9993567
0.9999845,0.12544371,0.99979174,0.60148156,0.9995107,-0.18594247,-0.83995897,0.9993102
0.99998295,0.1641783,0.9998372,0.75695646,0.99937266,-0.27417526,-0.82684636,0.99935704
0.99998486,0.10654703,0.9997599,0.657203,0.9995144,-0.24448279,-0.82418776,0.9993187
0.99998134,0.14147788,0.99981374,0.6926284,0.9994619,-0.21871169,-0.83542764,0.9994061
0.9999856,0.153227,0.9998075,0.7004682,0.9994712,-0.24623401,-0.83324933,0.9993552
0.999987,0.14099698,0.99981385,0.74607956,0.99931836,-0.28069305,-0.83156693,0.9991968
0.9999835,0.15422864,0.9998137,0.66301626,0.9994413,-0.22151126,-0.8345736,0.9991691
0.9999882,0.22694834,0.9481621,0.7308452,0.99983406,-0.20012544,0.99456376,0.99920297
0.9999872,0.14541993,0.99981713,0.69847876,0.9995709,-0.20175052,-0.82730985,0.9992962
0.99998885,0.21480238,0.9273061,0.6617866,0.9998284,-0.1687778,0.994938,0.99925727
0.9999838,0.118336484,0.99977297,0.58297384,0.9995517,-0.19838142,-0.8370577,0.9992639
0.9999878,0.19758703,0.91976744,0.6109202,0.9998187,-0.168983,0.99487275,0.9998449
0.99998784,0.21014808,0.9665806,0.7027972,0.9998393,-0.20354879,0.9893461,0.9999819
0.9999894,0.21713641,0.95677775,0.61923206,0.99987614,-0.13820434,0.9908357,0.99986464
0.9999867,0.22007416,0.9440121,0.71522474,0.9997853,-0.18452236,0.99401444,0.99997836
0.99998575,0.138827,0.99981755,0.7804835,0.99938035,-0.32959208,-0.8250269,0.9993221
0.99998367,0.13960628,0.99980426,0.6839056,0.99948865,-0.24570674,-0.83333606,0.9993342
0.99998474,0.1670726,0.99982935,0.7313077,0.9994116,-0.25371045,-0.8260341,0.99934256
0.99998516,0.20974298,0.9412998,0.63830304,0.99981886,-0.16054294,0.99298537,0.99931633
0.99998236,0.121639535,0.9997873,0.58626235,0.99959195,-0.16364342,-0.8338832,0.99931616
0.9999878,0.1975674,0.9254491,0.50807977,0.999822,-0.13143091,0.9929514,0.999283
0.99998224,0.12597083,0.9998152,0.66628873,0.99952,-0.21227854,-0.82989335,0.9992738
0.9999863,0.20843786,0.91317385,0.6327617,0.9998013,-0.17019144,0.9959087,0.9991372
0.99998957,0.21652545,0.9324085,0.6279564,0.99983776,-0.1372603,0.99486166,0.9997292
0.9999884,0.20688769,0.95408523,0.6915857,0.99982536,-0.19926716,0.99318844,0.999436
0.9999832,0.16742891,0.99984056,0.7630603,0.99945277,-0.27675685,-0.8295504,0.99928707
0.99998355,0.123838745,0.99979526,0.6034451,0.9995366,-0.21667378,-0.83465433,0.99919873
0.99998343,0.14073738,0.99980354,0.70018816,0.9994012,-0.2894817,-0.8344884,0.99924415
0.99998754,0.20769002,0.9279492,0.6614591,0.99981695,-0.19287163,0.9953439,0.99997646
0.99998355,0.117785566,0.9997747,0.6185211,0.99946785,-0.2417871,-0.83765393,0.9992428
0.99998826,0.15584655,0.9998257,0.7741401,0.9993914,-0.2883067,-0.8276121,0.9992932
0.99998814,0.21759169,0.94751734,0.7240283,0.99977523,-0.18789868,0.99380976,0.99926275
0.9999868,0.211099,0.87797135,0.54468465,0.9998196,-0.039181363,0.99683,0.99926215
0.99998045,0.10143526,0.99971724,0.48876005,0.99958163,-0.16575208,-0.8416123,0.9993154
0.999984,0.1278448,0.9997827,0.5892774,0.999587,-0.20824169,-0.8368531,0.99914473
0.9999884,0.21321002,0.9523021,0.64490676,0.9998179,-0.17343847,0.9916958,0.9998985
0.99998647,0.12711999,0.9997974,0.71024334,0.9994902,-0.26798683,-0.83097696,0.9992953
0.9999861,0.15215866,0.9998023,0.6225695,0.999581,-0.1904384,-0.8334662,0.9992056
0.9999874,0.20950404,0.91363364,0.6250278,0.99984586,-0.10285257,0.9958586,0.99996316
0.9999793,0.12951718,0.99979645,0.6703622,0.9994376,-0.24209717,-0.8346804,0.9993017
0.99998677,0.1427849,0.9997799,0.7133104,0.9994459,-0.3028383,-0.83359325,0.9992524
0.99998546,0.2143889,0.9120707,0.68771315,0.9998053,-0.15608321,0.99600947,0.9999653
0.99998313,0.12720267,0.9997811,0.60586464,0.99942374,-0.21960342,-0.8427572,0.9991758
0.9999891,0.23635289,0.9772541,0.7917386,0.9998171,-0.27422047,0.9888981,0.9999668
0.99998647,0.15132779,0.999802,0.75800973,0.99942815,-0.27682343,-0.8194828,0.99941707
0.999984,0.13741931,0.99979234,0.61877584,0.9995472,-0.19898854,-0.83821326,0.999145
0.9999854,0.18792044,0.92528814,0.5343707,0.9998268,-0.09917187,0.99403673,0.9999579
0.99998385,0.15279153,0.9998075,0.68681175,0.99946016,-0.21065503,-0.8350754,0.99940056
0.99998516,0.19636188,0.89892745,0.4691801,0.9998299,-0.06041491,0.99529994,0.9999817
0.9999871,0.21938956,0.8706852,0.5736656,0.99980736,-0.10434631,0.9967964,0.99996704
0.99998736,0.20963931,0.92579293,0.59025824,0.99986553,-0.11898372,0.99434793,0.9992037
0.99998754,0.12902974,0.99981236,0.5951009,0.99950695,-0.13289545,-0.83321416,0.99932325
0.9999876,0.22643748,0.9575512,0.71210253,0.9998412,-0.20506234,0.99198127,0.9999536
0.9999886,0.19237237,0.90116733,0.2825468,0.99985886,-0.061873388,0.99254066,0.99999756
0.9999866,0.21074474,0.95210344,0.70327413,0.9998191,-0.18978971,0.99247825,0.99998933
0.9999801,0.1047034,0.9997589,0.47343642,0.99954385,-0.12758707,-0.8452692,0.9992293
0.9999886,0.21506009,0.9478437,0.6283549,0.99979496,-0.15123975,0.9924184,0.999268
0.9999844,0.14955597,0.9998305,0.73202944,0.9993422,-0.2739517,-0.8342018,0.9992028
0.99998444,0.09955107,0.99976337,0.6193322,0.999548,-0.2664328,-0.82950413,0.99921054
0.99998724,0.20271939,0.93275064,0.57976556,0.9998263,-0.108631335,0.9944111,0.9999796
0.99998313,0.20123148,0.9131975,0.57305455,0.99984336,-0.11081134,0.99493057,0.9991812
0.99998844,0.20811908,0.9506035,0.5156584,0.9998393,-0.15663797,0.9888163,0.99996674
0.9999873,0.17420548,0.99982804,0.7601813,0.9994793,-0.2572299,-0.82135946,0.99937046
0.99998313,0.15510552,0.9998343,0.73940635,0.99937165,-0.26786572,-0.8284343,0.99931717
0.9999866,0.13827537,0.9998224,0.68092436,0.9994901,-0.2024753,-0.82809836,0.99924284
0.9999829,0.16125114,0.99982977,0.7550415,0.9993244,-0.2876388,-0.8300052,0.9993749
0.9999834,0.124442086,0.99981135,0.7411865,0.9994508,-0.3086417,-0.8275564,0.99935067
0.9999852,0.13404062,0.99981993,0.7087463,0.9993312,-0.24305731,-0.8344907,0.9993002
0.9999856,0.14459066,0.999813,0.7259618,0.9994303,-0.26081327,-0.8316699,0.9993465
0.9999902,0.20990473,0.95374197,0.75431216,0.9997943,-0.25684172,0.9934199,0.99945176
0.9999854,0.16407543,0.99982816,0.75120455,0.99939835,-0.22993591,-0.82109153,0.99944764
0.9999847,0.13215122,0.9997904,0.6134621,0.9995632,-0.18969832,-0.83801776,0.99928504
0.9999833,0.13986085,0.9998027,0.6547674,0.99940753,-0.22020459,-0.83558303,0.99939376
0.99998844,0.21335067,0.95111364,0.6696962,0.9998001,-0.19595836,0.99127954,0.99932176
0.99998564,0.13816996,0.9998146,0.70155203,0.99949473,-0.24172273,-0.8318061,0.9992214
0.9999862,0.14541234,0.9998149,0.68268037,0.99954647,-0.1996172,-0.8224412,0.999342
0.99998224,0.14209688,0.99980724,0.6395818,0.9994854,-0.20347139,-0.8332149,0.9992646
0.99998724,0.20625986,0.9047204,0.4796933,0.9998388,-0.05938831,0.994721,0.9993827
0.99998516,0.1294836,0.9997889,0.67853606,0.9994129,-0.23405984,-0.83164036,0.999398
0.9999827,0.14200851,0.9997942,0.6036618,0.9995135,-0.18560451,-0.8384775,0.99926054
0.99998796,0.19651914,0.93329084,0.55479777,0.99984807,-0.14590557,0.99285364,0.99983937
0.99998707,0.20037895,0.9180132,0.5458131,0.9998146,-0.12874018,0.9937666,0.9993087
0.9999863,0.2058159,0.9481052,0.54185706,0.999836,-0.11007129,0.99148035,0.9991854
0.999986,0.14952333,0.999794,0.609539,0.99951,-0.17459728,-0.8327278,0.99928725
0.9999858,0.15848282,0.99982905,0.7257811,0.9994951,-0.22032538,-0.8228352,0.99936754
0.9999812,0.13461562,0.99978554,0.56831723,0.99946195,-0.140745,-0.83431363,0.9994102
0.9999782,0.13917363,0.99983484,0.5961238,0.99953,-0.12299455,-0.8359186,0.99931985
0.99998784,0.14213133,0.9998233,0.7504449,0.9993703,-0.29534504,-0.8279848,0.99910784
0.9999913,0.19170399,0.96808463,0.59600204,0.999861,-0.14542076,0.9855734,0.99909776
0.9999895,0.13470112,0.99979407,0.6878722,0.99955046,-0.19338967,-0.8233048,0.9994791
0.99998647,0.13722105,0.9997891,0.7011765,0.9994065,-0.2688948,-0.8254892,0.9993548
0.9999866,0.21417251,0.9442811,0.66407144,0.9997897,-0.18133716,0.99282527,0.9999889
0.9999815,0.13789494,0.99981105,0.72140026,0.9994451,-0.2575334,-0.82385427,0.99936944
0.9999831,0.15181676,0.9998236,0.77677035,0.99937445,-0.3210218,-0.82512033,0.9992953
0.9999881,0.22364275,0.95899075,0.73243654,0.99986184,-0.18766895,0.99352294,0.99998045
0.9999892,0.22757518,0.9691737,0.7968063,0.9997926,-0.2662102,0.9921167,0.999401
0.9999885,0.20823938,0.9411895,0.6488795,0.9998258,-0.16016905,0.99440384,0.99933016
0.99998736,0.24339178,0.9537606,0.77042896,0.99985033,-0.18502523,0.9954449,0.99930835
0.9999887,0.21037307,0.94620955,0.6692317,0.9998061,-0.20252725,0.9933548,0.99921274
0.99998975,0.21829334,0.9543216,0.7357244,0.9998026,-0.22114854,0.99336576,0.9998414
0.9999901,0.24289317,0.9656683,0.79941297,0.99981385,-0.24968047,0.9932987,0.999387
0.99998873,0.20955758,0.94051224,0.6041051,0.9998622,-0.12740654,0.9925006,0.9998609
0.9999865,0.21076843,0.9467516,0.6855887,0.99983203,-0.156063,0.99302024,0.99929625
0.9999889,0.1935264,0.93198365,0.56454515,0.9998485,-0.11505017,0.9926682,0.9993974
0.9999861,0.12600672,0.999798,0.6736236,0.99955577,-0.2041279,-0.82522947,0.99939317
0.9999888,0.1306201,0.9998059,0.74079,0.99943876,-0.24564686,-0.82618856,0.9994042
0.99998814,0.22971113,0.9586532,0.6997191,0.9998007,-0.21157412,0.99104464,0.99984777
0.9999876,0.21472904,0.95536643,0.6475519,0.9998326,-0.17229241,0.990061,0.9993371
0.99998343,0.13535488,0.99979323,0.648365,0.9994919,-0.22368214,-0.830397,0.9993206
0.99998546,0.1486594,0.9997997,0.62275934,0.9995039,-0.19332418,-0.8378751,0.9993458
0.9999882,0.20480366,0.9414749,0.6079614,0.99981755,-0.15453611,0.99293107,0.9993655
0.99998724,0.21868695,0.9293598,0.64799917,0.99981505,-0.16152242,0.9951038,0.9998752
0.9999873,0.15948978,0.9998173,0.745893,0.99935925,-0.31395403,-0.83195925,0.99914694
0.9999848,0.2020923,0.8979246,0.5567002,0.99984473,-0.0028329564,0.99701065,0.99912626
0.99998695,0.15885411,0.9998202,0.753284,0.9994405,-0.27490106,-0.82396936,0.99935347
0.99999154,0.18284252,0.96688956,0.64736927,0.99981064,-0.24391426,0.97991526,0.9993269
0.99998784,0.21804982,0.953336,0.6467581,0.9998306,-0.1711749,0.99205256,0.99993783
0.99998355,0.13736881,0.99980026,0.6713361,0.9994849,-0.24748366,-0.83504313,0.99920547
0.999986,0.16765021,0.9998395,0.792765,0.99941117,-0.29356802,-0.8239164,0.99942225
0.9999874,0.22692473,0.9419476,0.79313415,0.99979913,-0.22623542,0.99614817,0.9993688
0.9999839,0.103711404,0.9997909,0.62510616,0.9994725,-0.25994012,-0.83890253,0.99908054
0.99998975,0.18961465,0.99984735,0.8488356,0.9992725,-0.33639836,-0.81017244,0.99941
0.99998164,0.1584165,0.99983436,0.68750155,0.9994504,-0.21060365,-0.83549565,0.9991925
0.9999893,0.2255682,0.95564604,0.7196,0.99981785,-0.20094362,0.9937031,0.99994266
0.99998075,0.13897316,0.9998121,0.65320814,0.99944323,-0.2045429,-0.836382,0.99936056
0.99998623,0.21314923,0.94000375,0.6836087,0.99982387,-0.1747119,0.994652,0.99988574
0.9999839,0.20795009,0.89536905,0.6008982,0.99979347,-0.13942525,0.9954698,0.9999888
0.99998844,0.25255075,0.96508133,0.82327235,0.99977094,-0.26338908,0.9935287,0.9994284
0.99998313,0.16014172,0.9998188,0.7120526,0.9994532,-0.2228771,-0.83004785,0.9993887
0.9999844,0.11677153,0.9998064,0.6303493,0.9995608,-0.20815974,-0.8320549,0.99930125
0.9999859,0.13759556,0.99980307,0.68799996,0.9995285,-0.22137979,-0.8295955,0.9994069
0.9999871,0.19716167,0.95188177,0.661911,0.9998015,-0.20409128,0.9918497,0.99930364
0.99998623,0.21346226,0.93078965,0.5821055,0.999807,-0.15543957,0.9938712,0.9999846
0.9999828,0.15318874,0.99985087,0.80389094,0.999264,-0.27120867,-0.8220462,0.9994607
0.9999897,0.21140814,0.9521752,0.6922601,0.9998196,-0.21323723,0.99289817,0.99931455
0.9999916,0.23283844,0.9674793,0.8274249,0.9997476,-0.30251473,0.9921138,0.99933285
0.9999898,0.20134369,0.946295,0.6150465,0.999849,-0.18858804,0.9922767,0.9999399
0.9999833,0.20265637,0.8840983,0.4933924,0.9998179,-0.064055905,0.99589103,0.99916637
0.99998635,0.20051603,0.9097974,0.62081814,0.99982697,-0.13080363,0.9958717,0.9998269
0.99999005,0.2314736,0.95842284,0.812847,0.9997971,-0.27388668,0.994664,0.9993287
0.99998206,0.14908496,0.99981594,0.72522223,0.99950796,-0.23113787,-0.8294377,0.9994658
0.9999881,0.13948557,0.9998272,0.73484254,0.99943334,-0.26364833,-0.82594573,0.99922943
0.99998313,0.19905414,0.9409066,0.6890424,0.999816,-0.13582458,0.99463934,0.9998542
0.99998623,0.20114623,0.93587077,0.64167106,0.9998396,-0.11895929,0.99395853,0.9999352
0.9999869,0.2043088,0.9129375,0.58559597,0.99979216,-0.14277309,0.99440026,0.99986696
0.9999824,0.1340341,0.9998202,0.5896871,0.999511,-0.17397813,-0.8397816,0.9990671
0.9999834,0.1704434,0.9998526,0.78669983,0.9994102,-0.27007535,-0.8252834,0.9992575
0.99998915,0.21685444,0.9562546,0.72821885,0.99983716,-0.19572476,0.9925237,0.99998504
0.9999906,0.22372591,0.9620017,0.6882369,0.9998485,-0.21084447,0.9906706,0.9999761
0.99998647,0.20576987,0.8776501,0.45177332,0.99982506,-0.0842844,0.99543506,0.9999568
0.99998385,0.10668371,0.9997264,0.47883806,0.9995332,-0.17363249,-0.83838224,0.9992724
0.9999843,0.13085106,0.9997812,0.6575638,0.99953455,-0.21501023,-0.8258474,0.99938685
0.99998707,0.14981745,0.99982387,0.75520647,0.99941605,-0.2689505,-0.82495266,0.99924755
0.999989,0.21437863,0.96014994,0.66820145,0.9998326,-0.20073453,0.9907825,0.99913055
0.9999881,0.21356115,0.9508864,0.7158923,0.9998175,-0.23003817,0.9940195,0.99929523
0.99998826,0.15045552,0.99979544,0.62809813,0.99949867,-0.1968196,-0.83304083,0.9992463
0.9999859,0.1921639,0.99984574,0.8104638,0.99946463,-0.3036283,-0.82004017,0.99924994
0.99998724,0.14815035,0.9998186,0.76877534,0.99933946,-0.2794119,-0.82401186,0.99942017
0.9999854,0.10397865,0.9997765,0.6375706,0.99954015,-0.22484626,-0.8341048,0.9993322
0.9999877,0.20637645,0.9371979,0.61073667,0.99984634,-0.13640678,0.99288577,0.9998626
0.9999848,0.12869725,0.99980253,0.71512735,0.99930197,-0.2827926,-0.8323231,0.9991896
0.99999076,0.2165374,0.97161716,0.7545414,0.99980175,-0.27859402,0.98621523,0.9993461
0.9999857,0.14869641,0.9998011,0.6388935,0.99955606,-0.18694918,-0.82775784,0.999323
0.9999795,0.1377438,0.9998467,0.74812245,0.99931955,-0.28275836,-0.83340347,0.99923086
0.9999885,0.20834312,0.9444666,0.6976954,0.99982995,-0.21660507,0.9946357,0.9998252
0.9999893,0.23229596,0.90247613,0.61123097,0.9998298,-0.13365465,0.9959588,0.99963826
0.9999875,0.21620655,0.93346643,0.66423666,0.9998111,-0.18440415,0.9946078,0.999962
0.99998486,0.15859738,0.99982363,0.70964295,0.9994676,-0.25892752,-0.8282227,0.9992117
0.99998575,0.20779248,0.87696195,0.591022,0.9998225,-0.105889045,0.9970994,0.9993498
0.99998826,0.14003964,0.99979645,0.7261682,0.9994314,-0.28093016,-0.829061,0.9993511
0.9999852,0.14264259,0.99982625,0.7328736,0.9994845,-0.29615736,-0.8309243,0.99906415
0.99999195,0.21038082,0.9663136,0.7290292,0.9998355,-0.2703785,0.98882717,0.9994098
0.99998796,0.21625927,0.9320634,0.68363094,0.9998377,-0.1281231,0.99519205,0.9992108
0.9999878,0.23377387,0.96150285,0.7696113,0.9998106,-0.2374049,0.9940505,0.9992902
0.99998605,0.20401075,0.89309037,0.6213497,0.99979043,-0.09725008,0.99642533,0.9992169
0.9999842,0.21384151,0.88376004,0.6234509,0.99979043,-0.15267874,0.9961024,0.9994163
0.9999848,0.1569869,0.9998308,0.76328254,0.99940413,-0.27428097,-0.82433635,0.9993221
0.9999861,0.21200007,0.92062837,0.61339736,0.9998361,-0.13117823,0.99564826,0.9991696
0.99998707,0.19413811,0.9151656,0.48863885,0.9998195,-0.116769694,0.9936122,0.9992142
0.9999859,0.14324649,0.9997894,0.68386126,0.9994421,-0.26976532,-0.8358236,0.99926037
0.9999883,0.1922447,0.9433739,0.51320916,0.9998298,-0.16057217,0.9880829,0.9993701
0.9999867,0.23864551,0.9390248,0.7189262,0.99980986,-0.16365366,0.99574196,0.99986625
0.9999817,0.12938447,0.99977154,0.5136129,0.9996389,-0.105357856,-0.837312,0.99937886
0.99997836,0.11378106,0.9997847,0.6114112,0.9994567,-0.2480755,-0.8400612,0.99919313
0.99998707,0.14118564,0.9997746,0.70149744,0.9994254,-0.2520729,-0.8339051,0.99943334
0.9999845,0.14006141,0.99978137,0.5907972,0.99947554,-0.17220005,-0.8410436,0.99932855
0.9999884,0.24470814,0.95790535,0.8242131,0.99978346,-0.2605559,0.99560994,0.9998472
0.99998736,0.17239942,0.9998291,0.75537837,0.9994123,-0.25398773,-0.8240999,0.9993306
0.9999863,0.15486328,0.9998277,0.75495327,0.9994932,-0.27444446,-0.8277815,0.99927783
0.9999884,0.15594968,0.9998238,0.7856102,0.999421,-0.31943437,-0.8254591,0.99916136
0.9999862,0.22463287,0.96290505,0.6934269,0.99986506,-0.21625899,0.9921908,0.99935114
0.99998313,0.14418086,0.9998051,0.66027015,0.9995739,-0.20974962,-0.8335791,0.99932235
0.9999865,0.23571421,0.9249015,0.7132726,0.99979603,-0.1526683,0.99619037,0.999358
0.9999818,0.14762487,0.99980485,0.654325,0.999462,-0.21703571,-0.8330786,0.9993242
0.99998796,0.21808079,0.9543091,0.6808363,0.9997864,-0.19815145,0.99123377,0.999991
0.9999846,0.13136937,0.9998014,0.67081225,0.99949896,-0.2341514,-0.8350483,0.9992524
0.99998367,0.13900438,0.9998274,0.6816021,0.9994386,-0.2206544,-0.83423346,0.9991691
0.99998766,0.15071027,0.99980843,0.73030484,0.99942064,-0.26273197,-0.82888854,0.9993364
0.99999017,0.21956022,0.95517844,0.7946283,0.99973905,-0.2598592,0.9945946,0.9992566
0.9999886,0.15663372,0.99981517,0.7204375,0.99944156,-0.2268842,-0.826282,0.9993238
0.99998486,0.19732067,0.882447,0.3540117,0.9998247,-0.0654772,0.99383986,0.9993638
0.9999854,0.12670602,0.9997707,0.5919365,0.9995957,-0.1844383,-0.831715,0.99939114
0.99998796,0.21086763,0.9533272,0.64613694,0.9998334,-0.18822184,0.9912755,0.99979377
0.9999891,0.22186472,0.96728647,0.73434824,0.9998135,-0.26652327,0.988368,0.9991658
0.99998015,0.138421,0.9998333,0.6164604,0.9995966,-0.11761765,-0.83562493,0.999317
0.9999882,0.18762761,0.9115712,0.5041795,0.9998356,-0.1253861,0.99343437,0.9999094
0.99998194,0.13267279,0.9997882,0.63410634,0.9995207,-0.257985,-0.8382298,0.9990009
0.9999866,0.23571827,0.96295506,0.7395047,0.99980944,-0.22891355,0.99143404,0.99945086
0.9999837,0.14687252,0.99982315,0.69150037,0.9994946,-0.22749153,-0.8305571,0.9992321
0.9999835,0.11218978,0.9997798,0.52155423,0.9995427,-0.1071346,-0.83922625,0.9994728
0.99998754,0.19453096,0.9288445,0.5360698,0.99986255,-0.11514843,0.9941323,0.9991809
0.99998736,0.20830777,0.9341873,0.68746364,0.9998078,-0.13276723,0.9947456,0.99938595
0.9999823,0.15614456,0.99982595,0.65591514,0.9995215,-0.13127641,-0.8236049,0.99947816
0.99998426,0.13740048,0.9998133,0.7172205,0.99944043,-0.2977981,-0.83500856,0.99912125
0.9999829,0.14800966,0.9998044,0.5494969,0.999528,-0.1372287,-0.83539915,0.99921775
0.99998903,0.22429466,0.9627094,0.69766897,0.99984384,-0.19509156,0.99106747,0.99999887
0.99998313,0.12743734,0.99980754,0.68864185,0.99949616,-0.2893923,-0.8317455,0.9990494
0.99998283,0.14584354,0.99981356,0.70392984,0.9994435,-0.22377154,-0.8346859,0.9993356
0.9999834,0.1375432,0.99982476,0.7209984,0.99937016,-0.28214815,-0.8351377,0.99919873
0.9999913,0.20810102,0.94487846,0.6928438,0.9998118,-0.20008874,0.9935675,0.9996805
0.9999839,0.16247702,0.99981165,0.6535554,0.9995708,-0.13729312,-0.8288579,0.9995633
0.9999867,0.14701435,0.99981856,0.70174456,0.99946964,-0.2421162,-0.8276279,0.9992131
0.9999884,0.13897945,0.9997902,0.73869765,0.99944526,-0.29055077,-0.8236579,0.99937004
0.9999875,0.13512178,0.99982166,0.6554122,0.99953294,-0.17142895,-0.83004224,0.9993317
0.9999863,0.13493775,0.9998071,0.759969,0.99945426,-0.33595306,-0.8259232,0.99924654
0.9999841,0.13461125,0.9997929,0.64988995,0.9995445,-0.16208598,-0.83377624,0.9994344
0.9999851,0.121272266,0.99978393,0.64084136,0.9994424,-0.27057564,-0.8350623,0.9991951
0.99998534,0.13506371,0.9998031,0.70024145,0.99951327,-0.23480949,-0.8260058,0.99934673
0.9999845,0.13307638,0.99980205,0.6503718,0.9995374,-0.17705695,-0.83131766,0.9994361
0.99998677,0.20066422,0.8989876,0.59198904,0.999848,-0.091257684,0.99620354,0.9999734
0.9999852,0.13401674,0.9998159,0.7211001,0.99947304,-0.22085024,-0.8305443,0.99929374
0.9999847,0.21439183,0.933638,0.67918116,0.99981564,-0.16950087,0.9957799,0.99992335
0.9999877,0.1566127,0.9998162,0.70228624,0.99941504,-0.22247024,-0.82725656,0.9993572
0.9999868,0.22892359,0.9228627,0.65154123,0.99981135,-0.16879834,0.99528515,0.9994504
0.9999851,0.14058793,0.99980694,0.6047798,0.99959964,-0.18731397,-0.83044314,0.99918854
0.9999882,0.22327226,0.95852005,0.6613312,0.99985576,-0.15522744,0.9924025,0.99939126
0.9999875,0.2238642,0.92903244,0.695536,0.9997913,-0.18831831,0.99598116,0.9998358
0.9999744,0.11747062,0.99980634,0.56456167,0.9995324,-0.17055877,-0.8389502,0.99927026
0.9999849,0.21396191,0.9289922,0.6796117,0.9998231,-0.15047999,0.99580497,0.99986714
0.9999881,0.22793545,0.960257,0.7642752,0.99983335,-0.18211202,0.9944028,0.99933356
0.9999837,0.13470389,0.9998012,0.63918173,0.99953306,-0.19955511,-0.83572,0.99934816
0.999986,0.16678384,0.9998383,0.8060392,0.9993667,-0.27854908,-0.8185251,0.9994923
0.9999813,0.12821513,0.99981385,0.74707305,0.99935,-0.33625048,-0.8325415,0.99914974
0.9999863,0.2002391,0.93918383,0.6380973,0.9998085,-0.20764253,0.9928411,0.99994445
0.99998426,0.21567592,0.9118748,0.6212376,0.99982166,-0.10517081,0.9961898,0.9993504
0.99998504,0.1470906,0.99979943,0.70163953,0.99948627,-0.2276207,-0.8270845,0.99941397
0.9999894,0.1873993,0.9275958,0.5223665,0.99981946,-0.1592552,0.9912237,0.9991426
0.9999884,0.19710805,0.94703996,0.6212366,0.99983174,-0.18966725,0.9926981,0.99914336
0.99998754,0.123013236,0.99978924,0.6033746,0.99956834,-0.13564537,-0.83162785,0.9994667
0.9999841,0.11186274,0.9997877,0.6840745,0.9994686,-0.2789604,-0.8320678,0.9992934
0.99999046,0.18950237,0.9493449,0.68376064,0.9998039,-0.25516587,0.991692,0.99933237
0.99998134,0.1495541,0.99982095,0.6075611,0.99954087,-0.1689182,-0.8331376,0.9991201
0.9999835,0.13531111,0.99979824,0.6140094,0.99954903,-0.16863906,-0.83333534,0.9992734
0.9999839,0.13882945,0.9998243,0.72996604,0.9994285,-0.21529835,-0.8273064,0.99939513
0.99998707,0.20140857,0.91174686,0.4386477,0.99985373,-0.102329694,0.99349207,0.9992293
0.9999889,0.20648067,0.9344465,0.6731568,0.99984753,-0.16614562,0.9944597,0.99975795
0.99998534,0.14136401,0.99982375,0.7551552,0.9994367,-0.2971445,-0.82406163,0.9992505
0.99998975,0.23591273,0.95861673,0.75926745,0.99984264,-0.23564337,0.9932396,0.9999735
0.99998975,0.19511952,0.9103809,0.5507598,0.99980927,-0.15265004,0.9943993,0.9993312
0.9999841,0.12732409,0.9998158,0.73909026,0.99949294,-0.2721522,-0.824716,0.9993888
0.9999851,0.13142397,0.99980706,0.7093464,0.99940073,-0.24191478,-0.8352959,0.9993839
0.9999872,0.2236977,0.9606825,0.72874194,0.9998413,-0.20243636,0.99281424,0.9991988
0.9999871,0.20226526,0.91285986,0.65074384,0.9998453,-0.14782467,0.9964056,0.99938214
0.99998754,0.20389046,0.9294845,0.6460958,0.9998505,-0.14566487,0.9949374,0.99999976
0.9999865,0.20149787,0.94074124,0.5732534,0.99984443,-0.14877605,0.99278885,0.99983686
0.9999889,0.15961547,0.99982405,0.74167526,0.9994583,-0.24720849,-0.8225806,0.9993581
0.9999907,0.22020039,0.9588641,0.756057,0.99980414,-0.25678554,0.9934483,0.9999799
0.9999875,0.20851046,0.91654855,0.6956601,0.99981886,-0.17036374,0.996256,0.99934894
0.99998564,0.15210582,0.9998171,0.70826614,0.99948615,-0.21775089,-0.83274555,0.999335
0.99998903,0.20669195,0.93267804,0.6436489,0.99980503,-0.16226487,0.9940333,0.9999333
0.9999818,0.14064535,0.9998031,0.7040947,0.9993701,-0.25315455,-0.83392155,0.99940693
0.9999826,0.13000615,0.9997961,0.67672336,0.99943525,-0.24917029,-0.8352054,0.9993039
0.99999017,0.20265773,0.9397196,0.5370498,0.99984473,-0.11886046,0.9926616,0.99996847
0.9999879,0.15411896,0.999837,0.7897099,0.9993717,-0.29826528,-0.81705356,0.99932057
0.9999829,0.12969999,0.99981284,0.69160354,0.99945337,-0.27528396,-0.833513,0.9990812
0.9999858,0.1955524,0.925962,0.4985256,0.99986464,-0.116307825,0.99275744,0.99996006
0.9999845,0.15924805,0.99984056,0.7161031,0.999555,-0.19043435,-0.82405293,0.9992879
0.99998814,0.20006946,0.9467485,0.65009755,0.9998288,-0.17744644,0.9929115,0.99918664
0.99998754,0.17959224,0.99985254,0.8324487,0.9992584,-0.3149297,-0.8175835,0.9993818
0.9999868,0.12835915,0.99978894,0.695778,0.99936116,-0.27725795,-0.82868475,0.99933004
0.99998945,0.21082821,0.9374167,0.5009267,0.99986655,-0.09151123,0.9926721,0.99986196
0.9999878,0.19860245,0.94766796,0.55616665,0.9998346,-0.13467124,0.9918164,0.99922335
0.9999893,0.19353679,0.9397333,0.5387147,0.9998376,-0.18057545,0.9896106,0.99991053
0.99998426,0.2025515,0.8709448,0.40669116,0.9998203,-0.032875475,0.9959404,0.99998367
0.9999916,0.23127887,0.96204835,0.71716523,0.9998079,-0.20701745,0.9913241,0.9993137
0.99998856,0.23964211,0.9605455,0.72875565,0.99984884,-0.20107065,0.99263823,0.99995375
0.999989,0.22170278,0.9579923,0.71475714,0.9998051,-0.21989147,0.99209327,0.9998657
0.9999883,0.1457321,0.9998155,0.75910985,0.99946576,-0.28718558,-0.8291782,0.99922955
0.99998534,0.15459865,0.99982786,0.7381103,0.9994316,-0.2741621,-0.82807285,0.9992586
0.99998766,0.20650695,0.95551056,0.6556901,0.99982136,-0.20114893,0.9913944,0.99916655
0.9999899,0.21179713,0.9205421,0.55458355,0.999783,-0.11743781,0.9937278,0.9992336
0.9999863,0.20755629,0.93756926,0.69736457,0.9998359,-0.20183034,0.9950109,0.9993257
0.9999846,0.11704352,0.9997642,0.6820793,0.99943346,-0.253236,-0.83081037,0.9994095
0.9999878,0.218603,0.8834416,0.58121157,0.99980813,-0.105518915,0.9965835,0.9998595
0.9999884,0.21329542,0.964434,0.66633797,0.99980205,-0.20246963,0.9896395,0.9999753
0.9999867,0.14986672,0.99980223,0.6355088,0.99953055,-0.18996394,-0.8297944,0.9993002
0.99998945,0.23169316,0.9557739,0.74114746,0.9997723,-0.25233498,0.9922716,0.99946856
0.99998444,0.23831333,0.94291496,0.77507204,0.999821,-0.2174815,0.9961952,0.99934876
0.99998546,0.14743353,0.9998145,0.63706523,0.999528,-0.17751828,-0.83253396,0.99924743
0.99998516,0.20879728,0.89456075,0.58445716,0.99982375,-0.106966294,0.9963734,0.9999823
0.99998474,0.1472112,0.99982107,0.7442627,0.9994208,-0.24010235,-0.82321334,0.9994175
0.99998826,0.21507278,0.8751802,0.48585662,0.9998103,-0.07680617,0.99638677,0.9999641
0.999986,0.1844962,0.9998486,0.8064797,0.999377,-0.30278152,-0.82007515,0.99931705
0.9999861,0.20258623,0.9319637,0.6397989,0.9998401,-0.14523233,0.99384665,0.99996644
0.9999874,0.19584246,0.957454,0.6708305,0.99982095,-0.20013161,0.9904697,0.9999678
0.99998397,0.11322161,0.999784,0.6996455,0.99945885,-0.31150994,-0.8309964,0.99920475
0.9999856,0.20807539,0.912054,0.5849714,0.9998311,-0.13867214,0.9954443,0.99986583
0.9999844,0.10872826,0.9997743,0.5960097,0.99945086,-0.22713418,-0.8398945,0.9991657
0.9999881,0.21895024,0.9663413,0.66088843,0.9998566,-0.1557346,0.98817635,0.99912584
0.999982,0.101621225,0.99977434,0.5810729,0.9995914,-0.20976025,-0.8337606,0.99925625
0.99998516,0.2158936,0.92386675,0.5742977,0.9998463,-0.09331116,0.9945009,0.9999993
0.999986,0.14980923,0.99979055,0.6526749,0.9994828,-0.18319088,-0.83487844,0.9994662
0.9999885,0.22346503,0.96040994,0.7006458,0.99980867,-0.23397085,0.99204963,0.9998535
0.9999916,0.20901845,0.96119463,0.7568695,0.99983525,-0.22937328,0.9919708,0.99927634
0.99998945,0.23873596,0.9557687,0.75872344,0.999783,-0.2434163,0.9938257,0.99985814
0.99998,0.09810363,0.99978054,0.4852603,0.999568,-0.14552198,-0.83733857,0.99930197
0.9999855,0.14974812,0.9998289,0.6992096,0.9995092,-0.22479042,-0.826446,0.9991414
0.99998915,0.2089159,0.93971753,0.61712545,0.99983126,-0.14505224,0.99318594,0.9998518
0.9999885,0.1933983,0.91831565,0.46182206,0.99984497,-0.090154275,0.99274355,0.9998905
0.99998826,0.21802302,0.92932117,0.671881,0.9998129,-0.20023125,0.9942337,0.99933785
0.9999887,0.2032799,0.95971346,0.6197841,0.99983305,-0.16825114,0.99054843,0.9994557
0.999989,0.18775775,0.99981856,0.74081737,0.9993947,-0.2750381,-0.8258015,0.99926025
0.99998915,0.21302132,0.9533022,0.70753545,0.99979746,-0.2062165,0.9927956,0.9999724
0.9999916,0.24954617,0.96646976,0.8013114,0.999749,-0.255483,0.9928568,0.99932814
0.9999858,0.18843344,0.9307549,0.51689494,0.99983275,-0.06691207,0.9934367,0.9999904
0.9999872,0.21102339,0.93032914,0.5305233,0.9998278,-0.13735344,0.9927853,0.99998516
0.9999876,0.2140908,0.92051107,0.62831724,0.9998189,-0.15418038,0.9942924,0.9992625
0.99998456,0.12698297,0.99979216,0.67985535,0.99945563,-0.25922066,-0.8309158,0.9992956
0.9999878,0.20832913,0.9375846,0.61789656,0.99985117,-0.14231075,0.9945376,0.9993342
0.9999869,0.22020498,0.914945,0.713838,0.999759,-0.15677148,0.9968771,0.99999154
0.99998236,0.15405056,0.9998314,0.71918595,0.9994689,-0.23762022,-0.8237412,0.99930626
0.99998355,0.13077436,0.9997872,0.53408587,0.9995963,-0.12863217,-0.83602726,0.9993565
0.9999896,0.1624236,0.99981344,0.68721575,0.9994394,-0.23263732,-0.8302493,0.9992779
0.99998647,0.16114935,0.999838,0.78655976,0.9993792,-0.31631574,-0.8237126,0.99926925
0.9999861,0.1412544,0.99981934,0.6791645,0.9995043,-0.20154536,-0.82993025,0.9992532
0.9999829,0.14244784,0.99982023,0.7342452,0.99937695,-0.27674708,-0.8283782,0.9992693
0.9999852,0.1295449,0.99979687,0.6498027,0.9995261,-0.25154078,-0.83699125,0.99916124
0.9999845,0.16596162,0.99986,0.7929582,0.99919796,-0.29892915,-0.8208327,0.99924505
0.99998295,0.12323698,0.9997927,0.62625694,0.99945074,-0.21664287,-0.8394543,0.99917597
0.99998707,0.20207086,0.91583794,0.63499296,0.9997852,-0.16827917,0.99545676,0.9994701
0.999985,0.12109379,0.9997941,0.6165543,0.99946696,-0.17602158,-0.8320327,0.99939674
0.9999843,0.16498639,0.9998276,0.6527568,0.9995354,-0.15781343,-0.8293337,0.99937075
0.99998236,0.1424133,0.999782,0.6421138,0.9995272,-0.2255933,-0.8359727,0.9993292
0.99998534,0.20255932,0.93169624,0.5611582,0.99979454,-0.16091566,0.9934829,0.99977684
0.99998415,0.14320384,0.9997895,0.61814547,0.99955386,-0.17916122,-0.8358008,0.9993552
0.99998957,0.19249201,0.9393475,0.4673273,0.9998806,-0.083394915,0.99065125,0.9992281
0.99998724,0.13063191,0.99978125,0.6458764,0.9995258,-0.22441946,-0.8314171,0.99930894
0.99998695,0.21171911,0.9171489,0.66545206,0.999799,-0.1966197,0.99551034,0.99994206
0.9999854,0.12264835,0.9997846,0.6238348,0.99956906,-0.23122774,-0.8329329,0.99918157
0.99998754,0.13414788,0.9997934,0.72627246,0.9993377,-0.30091405,-0.83330894,0.99927914
0.99998635,0.13122103,0.9998087,0.6286389,0.9994702,-0.19946535,-0.83236694,0.9992212
0.9999867,0.15477721,0.99980223,0.6321132,0.9995159,-0.19080162,-0.8300686,0.9992184
0.99998564,0.1489835,0.9997994,0.66749686,0.99950314,-0.25179344,-0.83236414,0.99917084
0.9999839,0.13412985,0.99980223,0.70371604,0.9994861,-0.28434205,-0.831046,0.9991456
0.99998885,0.2131667,0.931888,0.6777577,0.9998257,-0.1355528,0.9943115,0.99998856
0.99998844,0.16754243,0.9998187,0.70458186,0.9994725,-0.2072594,-0.8261942,0.9993253
0.99998486,0.22178274,0.88003916,0.5488816,0.99982095,-0.076317154,0.9964481,0.9993292
0.9999904,0.22436523,0.95536697,0.72358626,0.9997537,-0.21872233,0.99168164,0.9999962
0.9999812,0.11033132,0.9997408,0.5568012,0.9995216,-0.21301025,-0.83930784,0.999252
0.99998707,0.21865176,0.9557912,0.66316795,0.99982816,-0.16013789,0.99170727,0.9992206
0.99998677,0.22434132,0.9464196,0.7881546,0.99978375,-0.21977071,0.99587876,0.9993545
0.99998987,0.1442791,0.9997712,0.6915974,0.9995303,-0.24580318,-0.823326,0.9994115
0.99997514,0.09372109,0.9997877,0.46361452,0.9995682,-0.089588925,-0.8423547,0.9992562
0.99998814,0.21515559,0.95715296,0.6783704,0.9998143,-0.18300807,0.99160373,0.99985975
0.9999884,0.22837162,0.9566214,0.7217339,0.99983287,-0.18799171,0.9928901,0.99936163
0.9999875,0.20713036,0.8908093,0.5281728,0.99983954,-0.11764486,0.9956741,0.99975824
0.99998736,0.2004902,0.9148014,0.5598545,0.99985,-0.08038022,0.99450624,0.999948
0.9999857,0.12522623,0.99976903,0.6069323,0.99950767,-0.20710489,-0.8326315,0.9993679
0.9999907,0.26699585,0.97387296,0.8437721,0.9997823,-0.2531427,0.9925998,0.9993229
0.9999892,0.20881991,0.9611525,0.6207987,0.99988633,-0.1763822,0.9889282,0.9999854
0.99998635,0.15279573,0.9998126,0.71389973,0.99943304,-0.22982885,-0.8298263,0.99942017
0.9999818,0.10831346,0.9998033,0.65731037,0.9995443,-0.20234796,-0.82989997,0.9992966
0.9999868,0.20629586,0.9167064,0.68634033,0.9997864,-0.19122635,0.9958311,0.9999608
0.99998516,0.21563444,0.91374654,0.6437683,0.99981713,-0.12185065,0.99636203,0.99997693
0.9999909,0.23604392,0.96068096,0.8207021,0.99980694,-0.27027422,0.9938559,0.99928135
0.99998236,0.24405451,0.94846815,0.7805268,0.9998014,-0.18442944,0.996091,0.9998323
0.99998814,0.21107294,0.91252166,0.6527344,0.9998004,-0.16921781,0.9961814,0.9999846
0.9999841,0.15010679,0.9997982,0.66887784,0.9994546,-0.2222299,-0.83188474,0.99939936
0.99997735,0.125053,0.9997824,0.60271317,0.9995641,-0.19968766,-0.8374607,0.9993491
0.9999848,0.22180311,0.91244256,0.62369555,0.99977267,-0.157925,0.9956678,0.9992594
0.99998266,0.12810944,0.9997309,0.54989594,0.9995108,-0.17402773,-0.83480394,0.9994394
0.99998707,0.21408148,0.9559264,0.65878034,0.99980444,-0.16828354,0.99141645,0.99919635
0.9999869,0.17432685,0.9998292,0.69903386,0.9995543,-0.17845081,-0.82228047,0.9994527
0.9999842,0.1469562,0.99980485,0.6851143,0.99953806,-0.20785771,-0.8300538,0.9993664
0.99998295,0.15882444,0.9998285,0.7680961,0.9993589,-0.24554045,-0.82531714,0.99953556
0.9999887,0.22776268,0.9498178,0.6157565,0.9998676,-0.13858046,0.99325526,0.9993064
0.9999872,0.12793238,0.99976134,0.6492417,0.9995446,-0.22423603,-0.8284003,0.9993937
0.99998367,0.14372793,0.9998014,0.695277,0.9993978,-0.24540888,-0.8360224,0.9993851
0.9999901,0.2209502,0.95807785,0.75350565,0.999805,-0.22428288,0.99195147,0.9999482
0.99998426,0.17665508,0.99982446,0.71412444,0.999532,-0.18191518,-0.8239461,0.99952275
0.9999889,0.20710024,0.93875813,0.72736025,0.99982303,-0.19521779,0.99474925,0.99987805
0.99998593,0.21082906,0.9064488,0.60820735,0.99978286,-0.12412466,0.99605286,0.99999934
0.9999877,0.22620618,0.9280278,0.6997918,0.99980575,-0.20915619,0.9953462,0.9999608
0.99998695,0.13253339,0.9997857,0.6696436,0.99955744,-0.26091138,-0.83150303,0.9992016
0.9999826,0.18985578,0.99984926,0.7935571,0.9993868,-0.28526288,-0.8242135,0.99939966
0.99998647,0.21043126,0.93261415,0.6602309,0.9998447,-0.1318335,0.995825,0.9992507
0.999986,0.14018774,0.9998164,0.69967633,0.9994955,-0.26337218,-0.831004,0.99919903
0.9999796,0.115041874,0.99983466,0.6329231,0.9994811,-0.21225025,-0.8385227,0.99902755
0.9999878,0.19651507,0.90220416,0.64720774,0.99977374,-0.16904818,0.9960524,0.9999923
0.9999839,0.20402385,0.9014745,0.46638393,0.9998254,-0.06868057,0.99516916,0.9994321
0.9999879,0.18914762,0.99984956,0.7796661,0.9994809,-0.23483762,-0.81401885,0.99937373
0.99998456,0.1211613,0.9998195,0.68989,0.99947286,-0.25964502,-0.8343145,0.99908745
0.99998957,0.22615874,0.960492,0.70389366,0.9998449,-0.18323964,0.99046594,0.99932516
0.99998516,0.20452243,0.90627503,0.5626572,0.9997981,-0.11657761,0.994506,0.99938637
0.99998546,0.20550133,0.92648387,0.61935484,0.9998154,-0.124598324,0.99547994,0.9994091
0.9999835,0.15210196,0.9998189,0.6883664,0.9995231,-0.19912426,-0.82867825,0.9993696
0.99998486,0.15413795,0.9998314,0.7533848,0.9994508,-0.27019992,-0.82795036,0.99928224
0.9999874,0.21484396,0.9250365,0.63142127,0.99983126,-0.14757378,0.99558043,0.99926066
0.99998486,0.13780493,0.9998035,0.64889014,0.99940646,-0.2002431,-0.8408149,0.9992853
0.99998903,0.20315161,0.9247382,0.65007275,0.9998087,-0.14374264,0.99589795,0.9998519
0.99998003,0.16436927,0.9998221,0.6902443,0.9994969,-0.20041935,-0.8326754,0.9993722
0.9999888,0.22178844,0.91675353,0.6215225,0.99981487,-0.122662,0.9953173,0.999839
0.9999829,0.15009306,0.9998179,0.7287384,0.9994141,-0.2931679,-0.83448815,0.99924976
0.99998456,0.21437252,0.89683646,0.64046884,0.9998438,-0.08252936,0.99711186,0.99938
0.9999868,0.14978383,0.99982494,0.73020554,0.99947137,-0.26794428,-0.8254802,0.9992203
0.9999817,0.11255304,0.99978,0.63819265,0.99952775,-0.22618353,-0.8346517,0.99929696
0.99998885,0.2142526,0.96432537,0.7294661,0.99980766,-0.23413418,0.98941284,0.99935967
0.9999882,0.24031639,0.9542631,0.72458076,0.99980056,-0.19083507,0.9938363,0.9998836
0.9999894,0.21822335,0.9560426,0.6832482,0.99976194,-0.21907562,0.98922753,0.9999647
0.9999876,0.19132678,0.930691,0.47827628,0.9998408,-0.12929776,0.99206215,0.99997413
0.99998933,0.21529627,0.93202454,0.67191494,0.9998187,-0.17144518,0.9947901,0.99938273
0.9999827,0.13726367,0.9997969,0.6573235,0.999501,-0.19893728,-0.8316825,0.9994199
0.999988,0.20958605,0.9399463,0.6313758,0.99981093,-0.1650719,0.9936247,0.999846
0.9999837,0.15295392,0.9998343,0.7212511,0.9994402,-0.23934177,-0.83209985,0.9992494
0.99998444,0.16054247,0.9998117,0.6542565,0.9994605,-0.18505608,-0.8314409,0.999399
0.9999846,0.14324756,0.99980277,0.7472427,0.99936515,-0.26901612,-0.829396,0.9994977
0.9999885,0.22307838,0.93954384,0.68925,0.9998232,-0.17343654,0.994638,0.99933666
0.9999883,0.1638503,0.9998051,0.75315017,0.9994373,-0.3055655,-0.82431984,0.9991929
0.9999807,0.105514936,0.999796,0.55425274,0.9995322,-0.1536141,-0.8419521,0.9992967
0.9999848,0.15071659,0.9998234,0.7365154,0.99945974,-0.24156682,-0.8268314,0.9993907
0.99998474,0.10213372,0.99976975,0.5916246,0.99953145,-0.19245568,-0.8316979,0.9993756
0.99998415,0.15424511,0.999809,0.6892487,0.9995198,-0.18789476,-0.8233568,0.9994738
0.99998426,0.16463004,0.99982387,0.7242435,0.9994394,-0.26038054,-0.83163816,0.99924684
0.9999864,0.21106124,0.89738154,0.48678014,0.99980754,-0.09549528,0.9949651,0.9993523
0.9999816,0.21914457,0.8658988,0.55617774,0.9997978,-0.085070364,0.99705,0.9999282
0.99998593,0.13491367,0.9997958,0.71473885,0.99947023,-0.27011117,-0.828019,0.99933165
0.9999907,0.2172642,0.9575126,0.70283663,0.9998552,-0.21287492,0.9918626,0.999333
0.9999899,0.21094656,0.9362918,0.68077976,0.9998018,-0.18575855,0.99410385,0.9999824
0.9999888,0.21890785,0.9410667,0.6863327,0.9997956,-0.1714098,0.9944304,0.9994292
0.99998415,0.1352789,0.9997832,0.675296,0.99943596,-0.23682895,-0.8356347,0.99942946
0.99998236,0.14214475,0.9998069,0.6677892,0.99942404,-0.25873217,-0.8411344,0.9990443
0.99998814,0.21888167,0.9703736,0.7580832,0.9998151,-0.20509295,0.99039435,0.99944735
0.99998635,0.22388928,0.92826176,0.69492817,0.9997777,-0.18256715,0.9952282,0.9992581
0.99998564,0.20927776,0.9389397,0.6704079,0.9998046,-0.16878207,0.9941687,0.9997265
0.9999864,0.15264492,0.99981666,0.6982951,0.99944526,-0.2548655,-0.83402574,0.9991065
0.9999848,0.12755725,0.9997931,0.6174334,0.9995755,-0.14399372,-0.8313881,0.99941975
0.99998915,0.2586163,0.97462386,0.8431425,0.9997936,-0.25558248,0.9937133,0.9994266
0.999988,0.19363491,0.92370707,0.52268815,0.9998466,-0.10301169,0.9933943,0.9992988
0.9999817,0.11223836,0.99975073,0.5482683,0.9995565,-0.20322266,-0.83865386,0.9991927
0.9999823,0.11069998,0.99977916,0.57526946,0.9995738,-0.18122582,-0.8368199,0.9993199
0.99997973,0.15648447,0.9998257,0.6740832,0.9995256,-0.2146687,-0.83348,0.999244
0.9999878,0.20609103,0.93420184,0.52208346,0.99986315,-0.09752444,0.9928716,0.9992996
0.99998736,0.19509755,0.9314079,0.5578157,0.999802,-0.123506084,0.9930334,0.99929297
0.99998784,0.18134779,0.9998156,0.75088876,0.9994826,-0.2226137,-0.8201915,0.9995777
0.99998665,0.21910116,0.9113376,0.62841815,0.9998184,-0.07642417,0.9960057,0.99938965
0.99998355,0.12958598,0.9997817,0.5434767,0.9995151,-0.13791366,-0.83971876,0.99935335
0.99998224,0.1489454,0.9997833,0.6190258,0.9995124,-0.14609186,-0.83485216,0.9995201
0.99998736,0.21797876,0.95846224,0.70332694,0.9997982,-0.19439705,0.99170095,0.9998468
0.99998355,0.20151556,0.92694896,0.5661297,0.9997681,-0.12711802,0.9935347,0.999232
0.9999862,0.15377185,0.9998396,0.7890204,0.9993621,-0.24693622,-0.8231857,0.9995188
0.99999,0.2152444,0.9451385,0.6896583,0.9998279,-0.16860501,0.9929673,0.9992375
0.9999885,0.21354306,0.9291643,0.6796235,0.9998253,-0.15566434,0.99546355,0.99933743
0.9999869,0.14031173,0.99981654,0.7149389,0.9993909,-0.25141242,-0.8284641,0.9993358
0.9999833,0.13736361,0.9998173,0.6911149,0.9995105,-0.21411003,-0.82645965,0.9993383
0.9999873,0.21662487,0.93845904,0.65805805,0.9998267,-0.13282898,0.9949963,0.99933517
0.999988,0.16223074,0.99981904,0.706495,0.9993653,-0.25842628,-0.83295035,0.9991248
0.9999847,0.12645371,0.9997773,0.69406015,0.9995128,-0.25902078,-0.8279288,0.9993473
0.9999847,0.21256925,0.9424456,0.71386003,0.9998375,-0.15570714,0.9951603,0.9992658
0.9999897,0.13289107,0.99978274,0.663769,0.999515,-0.18087743,-0.8266517,0.9994908
0.99998486,0.12449443,0.9997714,0.6314116,0.9995569,-0.19953845,-0.82719195,0.99947166
0.9999834,0.14672756,0.9998249,0.6893269,0.99950445,-0.18109328,-0.83128864,0.9994051
0.999983,0.105114475,0.9997968,0.60100055,0.99951106,-0.17688861,-0.8361347,0.9992777
0.9999852,0.16300975,0.99981457,0.66958576,0.9994596,-0.21692121,-0.83412194,0.99919295
0.9999846,0.13037397,0.99979734,0.64710176,0.99950534,-0.19951808,-0.8367204,0.9992556
0.999989,0.22685508,0.95758814,0.7218774,0.9997715,-0.22173938,0.99205583,0.9993381
0.9999836,0.12891139,0.9998059,0.56822073,0.9995885,-0.14423192,-0.83424944,0.9991327
0.9999892,0.21176042,0.9240031,0.6956962,0.99976164,-0.19277789,0.99577814,0.99991566
0.9999866,0.20483167,0.9187466,0.62075764,0.9998514,-0.10825064,0.9960263,0.9994059
0.9999809,0.106584065,0.9997843,0.5587051,0.9995162,-0.15574613,-0.8363823,0.9993664
0.9999833,0.117629096,0.9997926,0.62292284,0.9995831,-0.17901024,-0.82822806,0.99937505
0.9999873,0.1555046,0.99982256,0.73821235,0.9994542,-0.23484978,-0.82795715,0.9994455
0.9999868,0.20500942,0.935234,0.71175015,0.999779,-0.22590625,0.99365276,0.9998472
0.99998516,0.12016453,0.9997744,0.6220113,0.9995506,-0.23193319,-0.83260125,0.9993254
0.9999873,0.14728647,0.9998197,0.7155922,0.999415,-0.20739293,-0.8279333,0.99946904
0.99998945,0.16722912,0.9998144,0.7260488,0.99952954,-0.23710042,-0.8249545,0.99935806
0.99998367,0.20638967,0.8784356,0.57636154,0.9998329,-0.08530084,0.99725837,0.99941224
0.9999798,0.14458832,0.99983233,0.6468396,0.9995557,-0.16349027,-0.8323815,0.9993244
0.99998784,0.2160497,0.964372,0.62616456,0.9998441,-0.18473512,0.9895982,0.99999976
0.99998707,0.15700889,0.99979275,0.67449486,0.9994218,-0.19196461,-0.8332026,0.99941784
0.9999862,0.23944743,0.9555153,0.7763504,0.9997596,-0.22739872,0.99383885,0.9993053
0.9999857,0.12940243,0.99978316,0.5673202,0.99957854,-0.15128201,-0.8346969,0.9992751
0.9999852,0.12452254,0.99979883,0.61511075,0.99959093,-0.1571939,-0.83050346,0.9992991
0.99998504,0.15184459,0.9998091,0.74016666,0.99937916,-0.26827577,-0.8273011,0.999295
0.9999865,0.18747473,0.9108946,0.54778516,0.9998137,-0.1399891,0.9948166,0.99927294
0.99998605,0.22268678,0.9444482,0.6993661,0.99982136,-0.18572296,0.994724,0.9993069
0.99998605,0.19892466,0.9131118,0.56229115,0.99981827,-0.156954,0.99419343,0.99985504
0.9999869,0.16364974,0.99984056,0.8384216,0.999357,-0.382086,-0.8181063,0.9992637
0.99998534,0.15738061,0.9998189,0.6843356,0.9994987,-0.2195367,-0.83424735,0.9993093
0.99997836,0.12725873,0.99980396,0.57128584,0.9995351,-0.13886064,-0.8387337,0.9993232
0.9999864,0.20378946,0.9166539,0.66604596,0.9998106,-0.17378628,0.9959223,0.9992166
0.9999854,0.21196182,0.9124885,0.62230384,0.9997923,-0.12589128,0.99570376,0.99925804
0.9999873,0.21515414,0.95551735,0.6670853,0.9998143,-0.17610008,0.9922392,0.99984884
0.99998945,0.17413442,0.99982774,0.79507315,0.9993635,-0.2912403,-0.8199824,0.99935746
0.9999853,0.15134715,0.9998086,0.7196312,0.9994638,-0.26651973,-0.8277402,0.99934274
0.9999878,0.20329279,0.92316985,0.5904143,0.99982446,-0.15670569,0.9937002,0.99995875
0.9999826,0.11209013,0.9997708,0.61546344,0.9995514,-0.22212406,-0.8309181,0.99929315
0.9999839,0.14996988,0.9998213,0.7364211,0.9993349,-0.29269964,-0.83242905,0.9992624
0.9999828,0.17552684,0.99985915,0.7906487,0.99934036,-0.27717414,-0.8221906,0.9993467
0.9999824,0.14323373,0.999808,0.6484953,0.999506,-0.18362553,-0.83730745,0.9993738
0.99998546,0.20841488,0.8774702,0.60112554,0.99980044,-0.11001322,0.9967565,0.99992996
0.99998564,0.16553336,0.9998356,0.78081065,0.99933654,-0.30167794,-0.82227093,0.9991407
0.99998873,0.16954753,0.9998216,0.7895605,0.9994292,-0.27015632,-0.81681484,0.9994846
0.99998593,0.21724828,0.9152813,0.647621,0.999806,-0.19117892,0.99581546,0.9998721
0.99998903,0.21004501,0.9479893,0.6716407,0.999845,-0.20809369,0.9924304,0.9994124
0.9999873,0.18828318,0.9505613,0.56381804,0.99984944,-0.09233867,0.99144965,0.9993396
0.9999884,0.20838238,0.9516767,0.731837,0.9998092,-0.19269551,0.9938585,0.99919695
0.99998593,0.11937594,0.9997589,0.59662265,0.9995385,-0.20262025,-0.8342626,0.9992708
0.9999873,0.22081076,0.93705744,0.6668478,0.9998363,-0.1544429,0.9946298,0.9998416
0.99998605,0.20654373,0.9254168,0.68224776,0.9997937,-0.17828807,0.994636,0.99925965
0.99998873,0.2074071,0.9661014,0.6373989,0.999845,-0.13027841,0.9897609,0.99994534
0.99998873,0.21477981,0.92661023,0.6528843,0.99978894,-0.18912268,0.99480027,0.9997904
0.9999856,0.20901255,0.938651,0.7039247,0.99982166,-0.18046275,0.9947684,0.99997354
0.99998647,0.15530218,0.9998279,0.7452032,0.9994765,-0.24303697,-0.8242812,0.9994177
0.9999822,0.15995015,0.9998316,0.76194644,0.9993183,-0.28428003,-0.82774407,0.99929726
0.9999872,0.24717279,0.9555822,0.7391204,0.9997907,-0.20889913,0.99354386,0.999401
0.9999888,0.20290965,0.92453295,0.5814387,0.9998084,-0.15804523,0.9932719,0.999319
0.99998593,0.22243427,0.9562447,0.7548311,0.9998093,-0.17815152,0.99420786,0.99995005
0.99999064,0.22353992,0.947799,0.6679777,0.99982536,-0.188366,0.9928921,0.99922544
0.9999855,0.1858308,0.9998504,0.8030034,0.9993668,-0.3026233,-0.82086027,0.9992797
0.9999848,0.18087493,0.9998364,0.76804084,0.9993273,-0.28748098,-0.82453036,0.99926215
0.99998784,0.22433631,0.95244396,0.67798865,0.9998407,-0.15076843,0.9941917,0.99949104
0.9999874,0.19849989,0.9258449,0.64261115,0.99982923,-0.18920934,0.99441713,0.9999514
0.99998724,0.22710688,0.9656257,0.73648363,0.999851,-0.20010793,0.99192166,0.99986243
0.9999861,0.19998501,0.9342233,0.6739385,0.9998,-0.1668534,0.99504435,0.9992042
0.9999898,0.21618274,0.9672393,0.7684158,0.9998014,-0.2037427,0.99046457,0.9998898
0.99998236,0.16135721,0.9998432,0.75151515,0.99935603,-0.24289162,-0.8279354,0.99937546
0.9999821,0.118496954,0.9997943,0.67331094,0.9994827,-0.28066075,-0.8378089,0.9990238
0.9999899,0.2177693,0.9419945,0.72505385,0.9997923,-0.2001307,0.9943611,0.9993887
0.9999901,0.1935008,0.9481824,0.595407,0.9998338,-0.14347787,0.99014795,0.99929935
0.9999862,0.15304545,0.9998001,0.64639944,0.99956214,-0.16223983,-0.8286075,0.9993902
0.9999893,0.21316163,0.9469481,0.70130956,0.99984515,-0.20309761,0.99327576,0.99936336
0.99998915,0.1981378,0.93799376,0.53287786,0.99986047,-0.10910881,0.9923029,0.99919444
0.99998164,0.114057414,0.9997895,0.5487288,0.9995803,-0.19391328,-0.8351795,0.9991329
0.999987,0.20846781,0.9216026,0.6313765,0.9998489,-0.078152604,0.9960112,0.99929595
0.999984,0.15811472,0.9998532,0.7994714,0.9993635,-0.30189037,-0.82472765,0.9993115
0.9999802,0.114169985,0.99978817,0.5447874,0.99948764,-0.12930307,-0.84019506,0.99938405
0.9999895,0.1404028,0.99978364,0.72100794,0.99954754,-0.26958385,-0.8255039,0.999411
0.9999879,0.14446081,0.999819,0.70101154,0.9995535,-0.2271531,-0.82470804,0.9992603
0.99998736,0.21512766,0.89197034,0.5837625,0.99982524,-0.0902064,0.99634945,0.9999393
0.9999838,0.13714477,0.99981123,0.6903789,0.99945915,-0.23467483,-0.83733356,0.99927086
0.99998856,0.13686673,0.9997907,0.65254796,0.9994985,-0.23190843,-0.83551186,0.9991348
0.9999851,0.16623715,0.99982196,0.68511075,0.99951106,-0.19961438,-0.8292391,0.9993097
0.99998516,0.2050803,0.9043516,0.53352183,0.99981046,-0.092264086,0.99504596,0.99933827
0.9999871,0.16994035,0.9998458,0.72882473,0.9995243,-0.20986378,-0.8265742,0.9992456
0.9999897,0.14599779,0.9997895,0.6736622,0.99956137,-0.22184502,-0.82597125,0.99933
0.99998295,0.1648369,0.99982077,0.7239671,0.9992529,-0.27289906,-0.8317238,0.99927306
0.9999887,0.22240455,0.9587387,0.67163634,0.9998468,-0.18111317,0.99135375,0.99999195
0.99998546,0.14160046,0.99981266,0.6931448,0.9993879,-0.23078045,-0.8331314,0.9992526
0.999987,0.19622873,0.9312947,0.5574038,0.9998173,-0.14256117,0.9930213,0.9991308
0.9999905,0.19467638,0.95333457,0.6588077,0.99978083,-0.25416285,0.9906798,0.99989283
0.9999899,0.2184362,0.94490063,0.63826334,0.9998355,-0.16240242,0.99189335,0.9992118
0.99998647,0.22626463,0.9434116,0.7367909,0.9997947,-0.20519756,0.99480677,0.9993014
0.9999869,0.15278141,0.99982244,0.7826071,0.99936026,-0.33754832,-0.824759,0.9991173
0.9999825,0.10598677,0.999788,0.5536335,0.9996029,-0.15173945,-0.83579654,0.99932224
0.9999866,0.13975464,0.99979824,0.74637747,0.9993284,-0.2804188,-0.82615787,0.9994366
0.99999136,0.2103377,0.9478805,0.5729614,0.999864,-0.13720056,0.99111384,0.99928516
0.9999839,0.16858444,0.9998459,0.76314837,0.9993774,-0.28831545,-0.82690483,0.9990658
0.999983,0.12063387,0.9997663,0.5469854,0.9996476,-0.15697122,-0.8307086,0.9992859
0.9999848,0.14397469,0.9998191,0.72690606,0.9994605,-0.25040427,-0.8305754,0.99936545
0.99998564,0.16156265,0.99981976,0.748116,0.9993588,-0.27723372,-0.8307782,0.999216
0.99998546,0.21594459,0.94046456,0.7152554,0.9998052,-0.18858302,0.99512607,0.99921453
0.99999017,0.14198773,0.9997561,0.65643984,0.9994254,-0.21336284,-0.83153486,0.99941957
0.9999868,0.1329606,0.9997978,0.6930562,0.9994716,-0.2495028,-0.833336,0.999334
0.99998635,0.13686684,0.9998189,0.74433887,0.99945116,-0.25648484,-0.8259089,0.9994028
0.9999826,0.21476083,0.92246795,0.681749,0.9997956,-0.12770443,0.99645704,0.99969465
0.9999828,0.10560844,0.999774,0.5999868,0.999518,-0.2274305,-0.83350235,0.99930274
0.9999867,0.2135111,0.9154619,0.6483665,0.99979097,-0.18602228,0.9953132,0.99985826
0.9999839,0.13824917,0.99980277,0.6620259,0.9994666,-0.22100578,-0.8338114,0.99921554
0.9999873,0.20878802,0.9313123,0.66880953,0.9998464,-0.12189814,0.99527246,0.99930763
0.9999876,0.19446434,0.9012811,0.59848064,0.9997951,-0.16765134,0.9950691,0.9998437
0.9999896,0.2277215,0.9689246,0.79447997,0.9997555,-0.26941526,0.989831,0.99914837
0.9999861,0.23292147,0.95052594,0.7271391,0.99979466,-0.19896032,0.99376476,0.99986297
0.9999851,0.17987938,0.9998425,0.8072297,0.99928063,-0.2845634,-0.8199461,0.9994026
0.9999837,0.13725589,0.9997912,0.61969393,0.9994687,-0.23255669,-0.83718634,0.9991778
0.999987,0.13268065,0.99979955,0.685403,0.9995742,-0.23741151,-0.8272048,0.9993919
0.9999878,0.19822128,0.9467945,0.6837498,0.99981976,-0.15285519,0.9940464,0.9993781
0.999986,0.13018197,0.99978364,0.6446229,0.9994895,-0.25369382,-0.8370839,0.99908143
0.9999864,0.11918451,0.9997822,0.59277254,0.99946785,-0.21879064,-0.8352988,0.99909776
0.9999907,0.22015594,0.95957065,0.6802136,0.99987197,-0.15147643,0.99132204,0.99932647
0.99998444,0.20830792,0.9343142,0.57468843,0.9998568,-0.07562001,0.9945698,0.99996346
0.9999864,0.16227083,0.99980795,0.6815611,0.9994678,-0.18797216,-0.82758284,0.9994178
0.9999851,0.17018235,0.99983776,0.74568224,0.99957144,-0.22323163,-0.8217286,0.9994218
0.9999891,0.24380554,0.965333,0.8175852,0.99977523,-0.23567326,0.9940905,0.9993407
0.9999877,0.21383376,0.92696285,0.71100175,0.99975395,-0.23071724,0.9952419,0.9998519
0.999989,0.1983207,0.95217264,0.6690647,0.99985135,-0.18975328,0.99252397,0.9999835
0.9999868,0.21485056,0.9440749,0.65705836,0.99978536,-0.2183109,0.99249136,0.99951017
0.99998444,0.13496916,0.9997899,0.65247744,0.9995381,-0.19841614,-0.8350922,0.9993644
0.9999837,0.15014638,0.9998283,0.7210214,0.9994364,-0.21550305,-0.8308163,0.9994246
0.99999005,0.22834978,0.9736306,0.7321156,0.99980664,-0.21862574,0.98689413,0.9993328
0.99998724,0.20591547,0.9208987,0.6095729,0.9998341,-0.12022185,0.99477226,0.9998618
0.99998915,0.20901911,0.9471743,0.65565425,0.9998466,-0.1598095,0.99348706,0.9998777
0.99998885,0.20248424,0.8939644,0.52689254,0.99985945,-0.08865719,0.99526066,0.99937713
0.9999904,0.22076054,0.94452894,0.7149675,0.99984825,-0.20685755,0.9948926,0.99931
0.9999855,0.13929178,0.9997901,0.69739777,0.99948317,-0.24521115,-0.8321605,0.9994702
0.99998665,0.20319232,0.92365265,0.6355679,0.99978673,-0.1740911,0.993979,0.999848
0.99998915,0.22070745,0.91055715,0.6790619,0.99980193,-0.15812527,0.9963825,0.99999976
0.9999869,0.2219899,0.93320143,0.7193085,0.9998071,-0.17318352,0.9961915,0.9992643
0.99998844,0.12263036,0.99975675,0.65642333,0.9994923,-0.23331234,-0.83054864,0.9994422
0.9999835,0.13411322,0.99978465,0.5131371,0.999638,-0.13887699,-0.8374774,0.99920547
0.9999858,0.17001548,0.9998479,0.79254025,0.9993842,-0.28743455,-0.8227614,0.99929225
0.99998564,0.14277072,0.99978817,0.5657414,0.9995546,-0.15653197,-0.83664477,0.99931806
0.9999838,0.15680279,0.9998337,0.7483862,0.99947274,-0.23601991,-0.8233975,0.9994539
0.99999166,0.20513162,0.9728993,0.76387376,0.99977833,-0.29252228,0.98651016,0.9999401
0.99998325,0.115216106,0.999806,0.6735358,0.99954206,-0.23842108,-0.8344532,0.9992518
0.9999877,0.1734958,0.9998286,0.7599706,0.999457,-0.25173366,-0.82077944,0.999392
0.9999866,0.13516584,0.9998014,0.730824,0.9994383,-0.29403755,-0.82914805,0.9992951
0.9999846,0.21752255,0.89208853,0.58146024,0.99981177,-0.11885579,0.9962903,0.9999653
0.9999842,0.17522079,0.99983644,0.8044386,0.9992492,-0.3264507,-0.82291687,0.9992159
0.9999871,0.17863113,0.9998544,0.77463067,0.9994689,-0.25372267,-0.8233005,0.9992335
0.9999896,0.2309821,0.9507016,0.75049496,0.9997961,-0.22349562,0.9949791,0.99945176
0.99998605,0.22566031,0.8900766,0.5856582,0.9998114,-0.08342734,0.9967332,0.9994171
0.9999832,0.13102905,0.99979496,0.61455154,0.9994772,-0.21367879,-0.83645725,0.99927646
0.9999846,0.124375306,0.99978864,0.6847341,0.99943924,-0.27821276,-0.83586675,0.9991042
0.9999812,0.12487138,0.99979216,0.6307247,0.99947125,-0.20033641,-0.83499813,0.99940497
0.99998945,0.25045273,0.9683968,0.7998072,0.99980164,-0.2752843,0.99265194,0.99983907
0.99998724,0.20502138,0.94702375,0.5820825,0.9997957,-0.18465938,0.9917688,0.9991879
0.9999799,0.14081529,0.99981374,0.653389,0.99946356,-0.20952345,-0.83458006,0.9992501
0.99998933,0.21421504,0.9537477,0.7190083,0.9997901,-0.25493243,0.99253625,0.9992418
0.99998134,0.13095513,0.9998113,0.6498175,0.99942553,-0.21057019,-0.83826935,0.99920017
0.9999827,0.20505972,0.8937882,0.5159518,0.9998239,-0.0759819,0.99599934,0.999286
0.99998605,0.14002693,0.99981046,0.68035465,0.99947494,-0.21875851,-0.8343415,0.9992763
0.99998504,0.18542752,0.92564654,0.47526616,0.9998386,-0.16555917,0.99173206,0.9999573
0.9999885,0.2012097,0.94674504,0.6559044,0.99983066,-0.19118592,0.99140006,0.99996746
0.9999862,0.14732866,0.9998038,0.6884448,0.9993676,-0.24659663,-0.8286109,0.99933124
0.9999859,0.13012332,0.9998274,0.7125223,0.9995384,-0.26019457,-0.82640827,0.9991999
0.99998504,0.14650646,0.9998183,0.7294498,0.9994004,-0.2706582,-0.8328584,0.99933076
0.9999882,0.22050223,0.9404705,0.59557647,0.9998474,-0.104045175,0.99374086,0.999862
0.9999803,0.12762266,0.9998171,0.6629032,0.9994308,-0.23594604,-0.83844376,0.99919593
0.99998933,0.2265404,0.96399516,0.7907751,0.9998029,-0.25781846,0.99309784,0.9999992
0.9999895,0.20139946,0.92199147,0.56783056,0.99982315,-0.12939367,0.99467534,0.9998427
0.99998564,0.15724939,0.99981666,0.721635,0.99941486,-0.23242797,-0.8272265,0.99937975
0.99998486,0.1941413,0.87976,0.49881324,0.9998167,-0.10215338,0.9955796,0.9993896
0.99997586,0.08570605,0.99977213,0.47793046,0.9995924,-0.15352371,-0.83757424,0.9992576
0.9999881,0.14356862,0.99981743,0.71951395,0.99944115,-0.29454276,-0.8303686,0.99896765
0.99998707,0.18282607,0.99983656,0.7342365,0.99944115,-0.23503582,-0.8297063,0.99941397
0.9999897,0.24861804,0.9808882,0.79093945,0.99978065,-0.23537001,0.9858027,0.99983335
0.999985,0.1411805,0.99981403,0.668982,0.9994643,-0.2020679,-0.8338885,0.99920434
0.9999867,0.17077433,0.9998232,0.73308384,0.99952626,-0.24518485,-0.82073534,0.99936545
0.9999906,0.22071286,0.9624563,0.69959044,0.99983597,-0.16111846,0.9914988,0.9998516
0.99998707,0.19832852,0.9306264,0.59054494,0.99979967,-0.16655363,0.99360645,0.9999763
0.9999884,0.21776909,0.9220222,0.69824475,0.99980074,-0.1680333,0.99603844,0.99997693
0.99998057,0.1322973,0.9998235,0.6763247,0.9994697,-0.20577197,-0.83444476,0.9992779
0.9999851,0.2072413,0.94505084,0.60150266,0.9998476,-0.099608585,0.99365383,0.999832
0.9999889,0.2234041,0.9635105,0.7279018,0.9998081,-0.1879149,0.9917449,0.9992836
0.9999838,0.16424583,0.9998342,0.7379833,0.9993383,-0.26403138,-0.827332,0.9992913
0.9999889,0.21712466,0.8983028,0.6715635,0.9997877,-0.20647103,0.996379,0.99939424
0.9999844,0.11619797,0.99978375,0.6002513,0.99953467,-0.18772689,-0.8369542,0.9993395
0.9999847,0.13771962,0.99980587,0.6398533,0.99951655,-0.197827,-0.83422226,0.99931806
0.99998325,0.1621959,0.9998323,0.6956583,0.99945074,-0.1824202,-0.83205736,0.99943197
0.999989,0.16681977,0.99981195,0.7816596,0.99938196,-0.30391386,-0.8183108,0.99938446
0.9999894,0.21244551,0.9258299,0.5562545,0.9998561,-0.101538874,0.9945511,0.9993037
0.9999897,0.2386333,0.9676558,0.77029574,0.999834,-0.20567383,0.9926319,0.99986535
0.9999865,0.19383708,0.9263903,0.5739571,0.9998485,-0.111259736,0.99358934,0.9999676
0.999986,0.13181423,0.99978864,0.63984716,0.99961245,-0.16998526,-0.8278494,0.99945205
0.99998313,0.15093374,0.99981457,0.747805,0.9993672,-0.2564575,-0.82723504,0.9993705
0.9999832,0.15783328,0.9998218,0.69907236,0.99947006,-0.21524128,-0.83522135,0.99938
0.9999811,0.13039401,0.999817,0.67967725,0.9994095,-0.21734956,-0.8342921,0.99928105
0.9999828,0.18596733,0.9998467,0.79635185,0.9993232,-0.2855312,-0.81883276,0.9993437
0.99998486,0.15363784,0.9998062,0.68603754,0.9994212,-0.20641054,-0.83273005,0.99942213
0.9999845,0.15477273,0.99984235,0.7477626,0.9994568,-0.25521654,-0.8222789,0.99923646
0.999984,0.14422949,0.9998043,0.66801906,0.9995114,-0.19774333,-0.83366525,0.99937993
0.99998677,0.16149326,0.9998112,0.75978935,0.99943894,-0.28302276,-0.8250132,0.9994364
0.99998367,0.16439787,0.9998263,0.7809612,0.99930996,-0.30726475,-0.8300799,0.9992262
0.99998736,0.21430936,0.92163634,0.5770864,0.99984217,-0.106913514,0.9940337,0.99949366
0.9999806,0.116134584,0.9998038,0.6509562,0.9995397,-0.19364,-0.8377874,0.9992483
0.9999877,0.16027401,0.9998401,0.71477026,0.9995903,-0.16734195,-0.82265335,0.99939305
0.9999871,0.15451087,0.999824,0.7859933,0.99936,-0.3196898,-0.82444215,0.99937075
0.9999859,0.20360127,0.9495586,0.6131711,0.9998105,-0.18231627,0.9916031,0.99922067
0.9999873,0.2231649,0.9247784,0.705274,0.9998148,-0.14259654,0.9958746,0.99950075
0.9999878,0.21775867,0.959219,0.63810486,0.999839,-0.17613262,0.9880602,0.99991286
0.9999841,0.1289086,0.9998241,0.6718802,0.99951816,-0.2089214,-0.83689785,0.9992661
0.99998546,0.21102254,0.92197204,0.6282275,0.99982613,-0.10806793,0.99567455,0.99998003
0.99998665,0.22714299,0.9507763,0.7211715,0.9997863,-0.15755735,0.99402845,0.99992895
0.99998826,0.24120374,0.9468781,0.84078676,0.9998065,-0.20927642,0.9967448,0.9999703
0.9999857,0.19102184,0.95987445,0.5270114,0.9998284,-0.1766185,0.98556924,0.9993221
0.99998707,0.19005294,0.9117571,0.57123864,0.99981993,-0.13284871,0.99522156,0.9999585
0.9999881,0.21838331,0.94782203,0.75228333,0.99979836,-0.23522995,0.9941514,0.9994222
0.999984,0.15468872,0.9998178,0.6957323,0.99945086,-0.23653153,-0.832013,0.99921024
0.9999888,0.21108633,0.9573233,0.63627595,0.9998198,-0.16955444,0.99205726,0.9999699
0.99998176,0.14183651,0.9998342,0.72324085,0.9993287,-0.2743555,-0.83467627,0.9992673
0.99998707,0.20641299,0.9444995,0.6565223,0.99983466,-0.18844527,0.99373895,0.9999546
0.9999835,0.1777228,0.99983096,0.6824447,0.9994661,-0.16148345,-0.82964385,0.9994554
0.99998754,0.14359374,0.99981457,0.7391023,0.9993804,-0.27973428,-0.83289784,0.9992702
0.9999833,0.101701565,0.99980664,0.61754346,0.999556,-0.17136462,-0.8336882,0.9993026
0.9999866,0.15403645,0.9998208,0.722127,0.9995277,-0.17951453,-0.8214176,0.999419
0.9999824,0.11605644,0.9997923,0.6167129,0.9994837,-0.2511348,-0.8339853,0.9990955
0.99998647,0.22157998,0.9310443,0.68667793,0.9998219,-0.16495101,0.9953561,0.9994118
0.9999861,0.13977015,0.9998223,0.78804964,0.9992116,-0.331789,-0.82846534,0.99919724
0.9999859,0.11444099,0.99978113,0.5832561,0.9995691,-0.1747516,-0.83626837,0.9992585
0.9999864,0.19975446,0.89511466,0.5224322,0.99976474,-0.13496405,0.9945271,0.99999976
0.99998975,0.21638802,0.955285,0.7807867,0.9998376,-0.22097261,0.9930206,0.9999507
0.99999,0.20110969,0.951891,0.57669663,0.99983424,-0.14315572,0.98876524,0.99931455
0.99998456,0.13984779,0.99980307,0.67037606,0.9994974,-0.23459716,-0.82998055,0.9992878
0.99998575,0.21069084,0.9243523,0.57915866,0.9998297,-0.14980717,0.99448097,0.9998579
0.99998444,0.13844182,0.99978745,0.7018938,0.99939924,-0.2660003,-0.8325569,0.99934477
0.99998194,0.15906067,0.9998169,0.7290586,0.9994313,-0.26058146,-0.83089083,0.99943584
0.99998313,0.1647913,0.9998382,0.7218243,0.9994154,-0.20545459,-0.83348733,0.99939734
0.9999878,0.21133083,0.9536907,0.6847332,0.9998425,-0.11179318,0.99349934,0.9999389
0.99998593,0.19593382,0.9375625,0.63388467,0.9998378,-0.13413425,0.99411213,0.9999998
0.99998677,0.18965484,0.9347235,0.5617427,0.99979526,-0.18375653,0.99149287,0.9999884
0.9999831,0.1262596,0.9997782,0.6269014,0.9995132,-0.21951254,-0.8369895,0.99932104
0.9999896,0.23022772,0.9620579,0.82736236,0.9997986,-0.2447196,0.9943937,0.99994844
0.99998343,0.1549592,0.99981135,0.6912675,0.99952877,-0.19601585,-0.83009267,0.99942344
0.9999838,0.10720535,0.9997849,0.5235012,0.99955875,-0.118310064,-0.83323514,0.9993704
0.9999894,0.20942204,0.971253,0.6956191,0.9998454,-0.21470942,0.9851895,0.9999315
0.99998575,0.22719057,0.9494058,0.7042204,0.9998199,-0.13394512,0.9939813,0.99936306
0.9999856,0.21346922,0.91424626,0.6395673,0.9998151,-0.08519831,0.99632144,0.99997896
0.99998987,0.1995364,0.94551706,0.6886711,0.9998434,-0.16109902,0.99385935,0.99994606
0.9999884,0.20377716,0.9156599,0.5867174,0.99980813,-0.13785708,0.9944388,0.9999761
0.999987,0.20049122,0.92313194,0.5149812,0.99986386,-0.076444365,0.99450064,0.99939156
0.9999837,0.1210954,0.999791,0.67063046,0.9994983,-0.24859066,-0.83492386,0.9993265
0.99998486,0.15965477,0.99983203,0.7235452,0.99945205,-0.20515819,-0.8303832,0.99938244
0.9999857,0.13970797,0.9998128,0.6893667,0.99948394,-0.23370619,-0.8360461,0.9992247
0.9999868,0.20402065,0.91825414,0.56905305,0.99985397,-0.106304795,0.9948133,0.99990964
0.9999862,0.16506791,0.9998283,0.76955944,0.999379,-0.28330335,-0.8247409,0.9992609
0.9999888,0.18676627,0.9529823,0.5945686,0.9998162,-0.1831902,0.9892497,0.999961
0.99998385,0.14015344,0.99980414,0.6611693,0.9994738,-0.21683052,-0.8355047,0.99933356
0.9999814,0.12054409,0.99978966,0.56456125,0.99947596,-0.1843816,-0.8409952,0.99919516
0.99998885,0.23421189,0.962398,0.8066433,0.99983275,-0.24152936,0.9943489,0.99935037
0.9999849,0.1354025,0.999804,0.68679696,0.9994967,-0.23139353,-0.8366667,0.9993398
0.99998164,0.116933085,0.9997946,0.6762615,0.99941486,-0.26477045,-0.8353926,0.9993265
0.99998724,0.22334051,0.94856644,0.75034064,0.99983567,-0.21061616,0.9948151,0.9999601
0.99998796,0.1887765,0.9235441,0.49036777,0.9998551,-0.08575316,0.9930608,0.99920815
0.9999884,0.1933461,0.9364829,0.5755023,0.999819,-0.13911898,0.9918882,0.9994363
0.99999046,0.21093936,0.93932664,0.68599194,0.9998286,-0.16203232,0.9949932,0.9998416
0.99998856,0.21146935,0.94202584,0.75337094,0.9998135,-0.1648278,0.9957366,0.9999997
0.9999873,0.21644793,0.94373816,0.6398585,0.9998394,-0.13757889,0.9917313,0.99935496
0.9999881,0.22312652,0.91741025,0.6609123,0.99979746,-0.1471092,0.9963534,0.99934334
0.9999881,0.22388296,0.946792,0.7272817,0.99980366,-0.19739284,0.9942272,0.9995261
0.99999034,0.22345497,0.9630416,0.73639905,0.9997798,-0.1860141,0.9925339,0.9993074
0.99999034,0.24567832,0.9601954,0.7836726,0.9998124,-0.21168756,0.9945668,0.99984354
0.9999878,0.1985973,0.9214532,0.50747997,0.99981236,-0.111316554,0.993532,0.9999491
0.9999871,0.15576507,0.9997882,0.72782075,0.99943846,-0.25855222,-0.8290194,0.99948996
0.9999875,0.13390924,0.9997936,0.7034226,0.99949485,-0.24521206,-0.8229549,0.9993715
0.9999906,0.21401824,0.93947667,0.6190101,0.9998465,-0.15477432,0.993138,0.999381
0.99998486,0.12795545,0.9997965,0.6819199,0.9995098,-0.24744001,-0.8340603,0.9991987
0.9999857,0.15046942,0.9998204,0.72727,0.9994059,-0.2894739,-0.8297101,0.99920356
0.99998695,0.20169215,0.9216976,0.58804715,0.99980646,-0.15765014,0.9938156,0.999894
0.99998003,0.12262202,0.9998182,0.65344435,0.9995504,-0.17980383,-0.832,0.9993627
0.99998504,0.10767833,0.9997788,0.5679164,0.9996059,-0.19331488,-0.83034164,0.99922836
0.9999853,0.13762823,0.9998009,0.6353452,0.9995424,-0.18530731,-0.83110356,0.9993701
0.9999811,0.15904862,0.99981534,0.71022284,0.99938977,-0.23876344,-0.8338572,0.9993873
0.99998283,0.10518494,0.99979293,0.6496216,0.9994916,-0.25455233,-0.83520615,0.99918264
0.99999076,0.21909052,0.9385492,0.63384813,0.9998499,-0.11274646,0.9938337,0.9999752
0.99998724,0.17271906,0.9998301,0.7760993,0.9994073,-0.29089782,-0.8223189,0.99935716
0.99999064,0.21975803,0.9722742,0.799819,0.9998054,-0.25619057,0.9893334,0.9999994
0.9999855,0.2070896,0.8690764,0.46329638,0.9998233,-0.06719659,0.99600935,0.9993249
0.9999871,0.1448388,0.99981713,0.6725936,0.9994754,-0.16769731,-0.831398,0.9994527
0.9999859,0.15360379,0.9998222,0.7491998,0.9993981,-0.26664293,-0.8247181,0.999348
0.99998647,0.15329024,0.9998365,0.76790744,0.9994799,-0.2534082,-0.8214812,0.99943084
0.9999886,0.2279233,0.9581598,0.71656525,0.9998592,-0.16928622,0.9938833,0.99996233
0.999987,0.20965874,0.9337506,0.6845404,0.99982965,-0.1314625,0.99545914,0.99933803
0.99998707,0.22001517,0.9462956,0.64418167,0.99985623,-0.1822847,0.9921788,0.99928415
0.99998367,0.23147343,0.9237411,0.74506116,0.9997256,-0.14846022,0.9969498,0.99930394
0.99999046,0.21353883,0.9673351,0.71619767,0.99981815,-0.25247768,0.988275,0.9993078
0.9999834,0.14716871,0.9998126,0.68075395,0.99950325,-0.19719037,-0.8304229,0.9993809
0.9999849,0.20742314,0.9144156,0.5632581,0.9998621,-0.053971924,0.99587864,0.9999928
0.9999868,0.2087218,0.94468075,0.63768864,0.99980223,-0.13946614,0.9930975,0.9994931
0.99998397,0.12708545,0.9998321,0.71936405,0.99944085,-0.25172424,-0.8304875,0.99914885
0.9999894,0.24914728,0.96638346,0.81401026,0.99978715,-0.23013633,0.99375296,0.99932873
0.9999876,0.17017104,0.9998242,0.790078,0.9993549,-0.29058486,-0.81979376,0.99941295
0.99999046,0.23379895,0.9788315,0.7837727,0.99984485,-0.2586855,0.9860246,0.9993352
0.99998456,0.22625408,0.96063924,0.6498925,0.99981797,-0.16789886,0.9904174,0.9992716
0.9999839,0.15767156,0.9998348,0.70040894,0.99953634,-0.20115344,-0.8273195,0.9993398
0.9999893,0.19939618,0.9365613,0.45921218,0.9998714,-0.063609354,0.99121684,0.9992314
0.99998415,0.13088615,0.99977726,0.596006,0.9995465,-0.12514158,-0.83363163,0.99953574
0.999984,0.13187924,0.9997686,0.6276665,0.9995989,-0.19366194,-0.8300165,0.99942714
0.9999905,0.23847787,0.9642512,0.7585474,0.9998048,-0.22449405,0.991843,0.9998711
0.9999841,0.12641148,0.9997969,0.69543916,0.9994899,-0.23962313,-0.8289845,0.9993457
0.9999865,0.15042269,0.99979967,0.6579525,0.9995161,-0.2174496,-0.8331006,0.9991083
0.9999867,0.20061225,0.90560275,0.4620753,0.9998408,-0.0623298,0.9945159,0.99914837
0.9999892,0.21811272,0.93830794,0.6761688,0.9998012,-0.1904866,0.9936146,0.99971604
0.9999869,0.21901307,0.95277214,0.64602387,0.9998476,-0.14142866,0.992949,0.9990714
0.99999094,0.19525144,0.9563374,0.5459551,0.9998299,-0.16574264,0.9873966,0.9999712
0.9999817,0.10197022,0.9997903,0.5715692,0.99957603,-0.20180741,-0.8366634,0.9991359
0.99999,0.199018,0.93850005,0.6192377,0.99983495,-0.14719252,0.99300116,0.99980885
0.99998647,0.13260697,0.9997759,0.6682466,0.9994939,-0.24318229,-0.8315568,0.9992881
0.9999901,0.23344709,0.95250475,0.72544163,0.9998238,-0.16995363,0.9937133,0.99997205
0.99998474,0.21880253,0.9239326,0.53471774,0.9998222,-0.11677506,0.99432576,0.99927074
0.9999885,0.2022872,0.93834436,0.64777625,0.99986553,-0.19344823,0.9932233,0.9999857
0.99998564,0.19634739,0.87621707,0.3961852,0.99987024,-0.060970813,0.9953232,0.9999712
0.9999867,0.12045827,0.99976635,0.58182204,0.9996332,-0.1760177,-0.83128095,0.99940825
0.99998677,0.14757414,0.99981236,0.7332524,0.99948007,-0.25760546,-0.82740223,0.9992781
0.99998677,0.20133534,0.92789966,0.55910265,0.9998259,-0.13367875,0.99336994,0.99981284
0.9999878,0.1746422,0.99983615,0.730788,0.9994396,-0.22090356,-0.8230072,0.9993598
0.999989,0.20292217,0.94762504,0.6247836,0.99982834,-0.2201015,0.9911949,0.99982595
0.9999894,0.200724,0.95626706,0.75950336,0.99980414,-0.19917504,0.99378216,0.9993373
0.99998885,0.19944976,0.9258772,0.59073925,0.9998298,-0.1146973,0.99477667,0.99944055
0.99998736,0.22531594,0.9635927,0.6789722,0.99982154,-0.2158868,0.99041766,0.9992083
0.99998254,0.15418285,0.9998349,0.6894084,0.9994391,-0.2213941,-0.83206,0.99921685
0.9999855,0.20401114,0.93566555,0.63119173,0.9998235,-0.15450679,0.9934217,0.99999017
0.9999881,0.19148941,0.9367992,0.5568863,0.9998384,-0.15644693,0.99257284,0.99996936
0.9999821,0.12706454,0.99980897,0.6059935,0.9995473,-0.16490312,-0.835444,0.99924487
0.9999778,0.14328305,0.9998263,0.7003248,0.9994717,-0.2264627,-0.83733267,0.9993818
0.9999882,0.20609991,0.9130805,0.5543071,0.9998258,-0.13077861,0.9947119,0.9993799
0.9999894,0.20790036,0.9362603,0.65144193,0.99979556,-0.18825397,0.99273854,0.99927926
0.99998385,0.21558243,0.9053215,0.6272273,0.9998289,-0.055949796,0.9966783,0.9999992
0.9999912,0.24976778,0.9793533,0.848982,0.99979264,-0.2999836,0.9914705,0.999151
0.9999913,0.21597739,0.95251137,0.7757766,0.9998105,-0.19938508,0.9944842,0.9998488
0.9999856,0.18616095,0.9431659,0.5633075,0.9997859,-0.13153262,0.99118805,0.9999471
0.9999803,0.13483615,0.99982804,0.6742352,0.99951345,-0.19198677,-0.8286598,0.9993791
0.9999875,0.23244281,0.9705951,0.6925255,0.9998086,-0.21224555,0.98703223,0.99997073
0.9999857,0.14805831,0.9998184,0.7048495,0.99952376,-0.22286198,-0.82598627,0.9993777
0.9999873,0.13240078,0.99979484,0.67455167,0.9993727,-0.24356067,-0.8380413,0.99920064
0.99998796,0.21201263,0.9555169,0.6526126,0.99983776,-0.21665877,0.9897383,0.9992326
0.9999878,0.21491812,0.89733124,0.6271312,0.99975127,-0.16025482,0.99573684,0.99924934
0.9999826,0.1552548,0.9998249,0.6820911,0.9994771,-0.19010654,-0.8265008,0.9994181
0.9999801,0.088344544,0.99978036,0.55822,0.999497,-0.22187132,-0.83578384,0.9992042
0.9999881,0.22664104,0.9654252,0.7082236,0.99981517,-0.19050987,0.9897924,0.9993549
0.99998677,0.15053722,0.99981594,0.71562374,0.9994657,-0.2362553,-0.8296399,0.9993324
0.9999855,0.19989814,0.9068549,0.54871297,0.99981076,-0.12784347,0.9955041,0.9998112
0.9999867,0.20433378,0.90928763,0.63824594,0.9998215,-0.13529119,0.9957215,0.99928623
0.9999902,0.20692703,0.9610098,0.65885484,0.9998382,-0.1690741,0.98985815,0.9992018
0.99998593,0.1483221,0.999811,0.7084848,0.99948615,-0.21697128,-0.8275284,0.99945307
0.99998885,0.14457761,0.99978626,0.70949984,0.99940896,-0.26372045,-0.8288412,0.9992872
0.99999046,0.23462415,0.9602808,0.67560315,0.9998594,-0.12355986,0.9922003,0.9999794
0.9999842,0.16132987,0.9998331,0.7527157,0.99933815,-0.23710984,-0.82924527,0.9994086
0.9999842,0.16372856,0.99982667,0.723024,0.9994178,-0.20329818,-0.8258875,0.9994445
0.99998873,0.21921627,0.94518477,0.7081815,0.999812,-0.17458835,0.9943582,0.9994053
0.9999827,0.115448534,0.9997801,0.5640187,0.9994813,-0.19042327,-0.83864677,0.99925387
0.99998724,0.13514443,0.9997843,0.635297,0.9996163,-0.1831673,-0.82645196,0.9994185
0.99998325,0.10393493,0.9997907,0.6312208,0.99956703,-0.19619907,-0.82999134,0.99930906
0.9999872,0.20702094,0.9210224,0.6363239,0.99981886,-0.16627835,0.9953326,0.999217
0.9999895,0.20848438,0.9540483,0.677922,0.9998177,-0.19654885,0.9929053,0.9993032
0.9999898,0.21430886,0.9471164,0.7390338,0.9998036,-0.2282363,0.9939045,0.9999961
0.9999888,0.21697043,0.93682677,0.7122464,0.9997973,-0.18396258,0.99504423,0.99987584
0.99998754,0.19869497,0.9011915,0.6001823,0.99981916,-0.11865904,0.9956686,0.99999946
0.9999883,0.17196034,0.9998288,0.7701995,0.99940735,-0.2674638,-0.821857,0.9994169
0.99998826,0.24861223,0.9597916,0.7974138,0.9997882,-0.25434643,0.994776,0.9999994
0.9999851,0.17481495,0.99982536,0.7080302,0.99936366,-0.22204384,-0.8258968,0.99934036
0.99998486,0.1419724,0.9998222,0.73883975,0.9993628,-0.27796528,-0.83267444,0.9992712
0.99998134,0.1388255,0.99981564,0.64477724,0.999476,-0.22210473,-0.83520883,0.9991378
0.99998623,0.1919833,0.92344254,0.47852686,0.9998438,-0.09291311,0.9925749,0.99937713
0.99998623,0.12726718,0.99977076,0.62325466,0.9995561,-0.1726312,-0.833671,0.99947625
0.9999872,0.21880051,0.94766915,0.75550616,0.9997934,-0.18265925,0.9953902,0.99986774
0.99998254,0.14907408,0.9998412,0.7266978,0.99936897,-0.22375348,-0.83030015,0.99939436
0.9999859,0.15827537,0.99982107,0.74452454,0.9994634,-0.2438659,-0.83084714,0.999426
0.9999874,0.24440172,0.9703699,0.7523881,0.9998564,-0.15311934,0.9913854,0.9999532
0.99998814,0.2253408,0.9485724,0.7491105,0.9997774,-0.22585051,0.9941678,0.99938786
0.99998546,0.14704925,0.99981683,0.6982974,0.999483,-0.19475059,-0.8322592,0.9994682
0.9999886,0.20799905,0.9380369,0.6183222,0.9998304,-0.16498163,0.99330753,0.99985164
0.99998945,0.205467,0.9454191,0.6640236,0.9998071,-0.17910881,0.9932626,0.99995524
0.9999857,0.17295481,0.9998389,0.78043056,0.9994668,-0.29041618,-0.81872976,0.9993931
0.99998903,0.20469297,0.93754977,0.6534426,0.9997924,-0.19895957,0.99359393,0.9993365
0.9999886,0.19686899,0.90818155,0.39260352,0.99982905,-0.095684126,0.99334025,0.99944127
0.9999895,0.2049098,0.92690766,0.611615,0.99982303,-0.14484985,0.9944661,0.9999994
0.9999838,0.12990627,0.99978137,0.60599625,0.999557,-0.1949801,-0.832608,0.99934316
0.9999831,0.14706503,0.9998208,0.7192259,0.99946785,-0.23584455,-0.82954156,0.99938357
0.9999885,0.23074712,0.9583745,0.7783442,0.99979645,-0.24268411,0.99409246,0.99996245
0.999983,0.13763188,0.9998119,0.6719079,0.9994019,-0.20358764,-0.8349581,0.99946
0.9999871,0.14908694,0.9998333,0.6820823,0.9994768,-0.20536225,-0.8251966,0.9992614
0.99998623,0.23419605,0.9641365,0.76730067,0.9998346,-0.23076817,0.99209154,0.99979013
0.9999899,0.1994967,0.9223166,0.56802994,0.9998166,-0.1511281,0.9938695,0.99997693
0.99998635,0.16400513,0.99983066,0.7347725,0.99948734,-0.1959477,-0.82313395,0.99945116
0.9999905,0.2208389,0.9640062,0.7759274,0.9998225,-0.24482906,0.99178123,0.9998519
0.9999851,0.1696374,0.99983907,0.7585741,0.99943125,-0.2634198,-0.8263363,0.9992679
0.9999882,0.20824079,0.8845932,0.46443877,0.9997974,-0.0631287,0.9949854,0.99927634
0.99998415,0.15868889,0.99982023,0.7204207,0.9994707,-0.22384447,-0.8276423,0.99942255
0.9999829,0.13784832,0.99979866,0.63233364,0.9995495,-0.1993355,-0.8362012,0.9993318
0.9999845,0.14296651,0.9998074,0.6495333,0.99952364,-0.19586198,-0.83150077,0.999366
0.99999034,0.20837756,0.9419076,0.7424442,0.99976647,-0.26362255,0.9949047,0.9998237
0.99997705,0.13220276,0.9997897,0.59989184,0.99951357,-0.23142554,-0.839307,0.9992092
0.9999846,0.12148714,0.999783,0.6534506,0.99944454,-0.25244963,-0.8387419,0.99922174
0.99998844,0.21897337,0.92367023,0.64930785,0.99983823,-0.17293307,0.99537784,0.99990124
0.99998534,0.13391006,0.9997927,0.6501403,0.99950016,-0.2110006,-0.8332597,0.9993085
0.9999819,0.22282352,0.9342623,0.7091463,0.9998081,-0.12420553,0.9963755,0.99985117
0.9999883,0.17635646,0.9477292,0.45106173,0.99982846,-0.13507825,0.9869972,0.9994153
0.99998754,0.2256463,0.9473944,0.68225825,0.9998197,-0.19785735,0.99366474,0.9998548
0.99998605,0.14517443,0.99980325,0.7623258,0.9993298,-0.30071902,-0.83008206,0.9993473
0.99998516,0.14108966,0.99978745,0.6300671,0.9995211,-0.17441799,-0.8360453,0.9994518
0.9999831,0.13778137,0.9997844,0.6260477,0.99955887,-0.21192035,-0.8368515,0.99936885
0.9999892,0.22717106,0.9742033,0.7825061,0.9998505,-0.24078651,0.990101,0.9993883
0.9999894,0.21299063,0.9610723,0.6967617,0.9998612,-0.17311423,0.99225605,0.9999836
0.9999846,0.1621365,0.9998249,0.6944587,0.9994235,-0.19064629,-0.8330337,0.9993758
0.9999896,0.21561337,0.95176154,0.64559275,0.999855,-0.16517282,0.99088854,0.99936855
0.9999891,0.18019168,0.99984336,0.7787292,0.9994042,-0.25092688,-0.816596,0.9993291
0.9999886,0.20240283,0.9519839,0.5148908,0.9998367,-0.1714371,0.9880971,0.9992114
0.99998516,0.21383345,0.949612,0.6848545,0.99983096,-0.15713283,0.9949265,0.9998717
0.9999837,0.17745802,0.99984205,0.71817976,0.9994964,-0.21275027,-0.826081,0.99930286
0.99998695,0.20647205,0.95190185,0.6251385,0.99984485,-0.14162706,0.9926784,0.9998502
0.999986,0.1383972,0.9997897,0.6565782,0.9995575,-0.22394003,-0.8295078,0.9993556
0.99998695,0.20761093,0.94125885,0.6046366,0.99981,-0.1754752,0.9929825,0.9991522
0.9999907,0.22410373,0.9695076,0.7810478,0.9997919,-0.27941838,0.99005383,0.9993206
0.99998593,0.14437138,0.99979675,0.67325974,0.9994883,-0.17871997,-0.82676005,0.9995032
0.9999863,0.20806229,0.9643168,0.71915114,0.9998703,-0.18881863,0.9916407,0.9998176
0.9999835,0.16860999,0.9998201,0.7006717,0.99949825,-0.16979124,-0.82677513,0.999471
0.9999858,0.20237026,0.91165876,0.6382467,0.99981934,-0.16854063,0.99591047,0.9998333
0.9999869,0.22913021,0.96084154,0.7502686,0.9998366,-0.22448528,0.992938,0.9993935
0.9999871,0.21015975,0.92921996,0.6554348,0.999856,-0.13862696,0.9946715,0.99946284
0.9999844,0.21748939,0.9520091,0.68304366,0.99984837,-0.12562476,0.99400073,0.999989
0.9999886,0.21911503,0.8895099,0.5791238,0.9998287,-0.08890347,0.99640274,0.99997646
0.99998844,0.1476587,0.9997837,0.6383718,0.9995023,-0.2264342,-0.8324709,0.9992794
0.9999854,0.14129514,0.99981064,0.6888927,0.99945736,-0.20350204,-0.83138394,0.999386
0.99998677,0.17124394,0.9998281,0.72893775,0.9995067,-0.22427174,-0.8247317,0.9993054
0.9999869,0.19911698,0.9194334,0.52584016,0.9998526,-0.0897075,0.99379754,0.999252
0.999986,0.21059841,0.93662465,0.59568703,0.9998588,-0.13434115,0.99299395,0.9999684
0.9999881,0.13150606,0.9997856,0.6982938,0.999613,-0.22400717,-0.82366705,0.9995083
0.9999829,0.13390973,0.9998058,0.66633594,0.99946225,-0.23680773,-0.837504,0.9992052
0.99998933,0.22072564,0.9586914,0.7606653,0.9998142,-0.18030815,0.9937528,0.9993715
0.999989,0.18711002,0.9524456,0.65176594,0.99984056,-0.2065322,0.99068046,0.9997884
0.9999808,0.09712996,0.99977005,0.4746947,0.99959123,-0.14906251,-0.8345407,0.9993525
0.9999885,0.21167295,0.9675494,0.72796905,0.9998336,-0.22882588,0.9905749,0.99994785
0.9999826,0.13260114,0.9997943,0.5414479,0.99953955,-0.1250273,-0.83839977,0.9992982
0.99998784,0.21273874,0.94590276,0.66679347,0.99981964,-0.1994721,0.9931522,0.99986243
0.99998516,0.16995111,0.99983585,0.78325796,0.99937654,-0.27881512,-0.81984746,0.999389
0.99998766,0.21196263,0.9178995,0.5975026,0.9998038,-0.12363859,0.99500513,0.99939346
0.9999891,0.22181676,0.9642056,0.74457777,0.9998322,-0.23023675,0.99089724,0.9998577
0.9999839,0.14633414,0.99982345,0.7173693,0.9993934,-0.25585264,-0.83166695,0.9991853
0.99998754,0.20917723,0.94081825,0.61385036,0.99987346,-0.08147112,0.99411154,0.9999992
0.99998564,0.12469881,0.99977756,0.629205,0.999556,-0.25606075,-0.8389266,0.99925786
0.99998814,0.23338774,0.961269,0.7808329,0.99980575,-0.230951,0.99298793,0.9998669
0.9999837,0.12774424,0.9998034,0.6693547,0.9994029,-0.27787265,-0.8395172,0.99901617
0.99998266,0.13908944,0.99980104,0.6310401,0.99953467,-0.17446104,-0.83037883,0.9993482
0.9999901,0.21483494,0.93964005,0.58363587,0.9998177,-0.19594117,0.99146986,0.99935526
0.9999873,0.15985516,0.999821,0.7061021,0.9994973,-0.21968408,-0.8248633,0.9993647
0.999986,0.14058988,0.9997933,0.68266726,0.99951816,-0.2669865,-0.8343625,0.9992977
0.9999804,0.12961537,0.99980944,0.67250985,0.9994745,-0.23143132,-0.8340747,0.9993525
0.9999845,0.16352977,0.99984705,0.7638898,0.9993211,-0.27329668,-0.82576454,0.9992685
0.9999873,0.20373957,0.9534748,0.7088109,0.99983096,-0.18346867,0.99382156,0.9999807
0.9999837,0.14360341,0.9997788,0.61891997,0.99952334,-0.19558424,-0.8341725,0.99937326
0.9999823,0.20103334,0.87816215,0.5245867,0.9998082,-0.07116019,0.9967292,0.9998313
0.9999882,0.20528813,0.94134474,0.61200094,0.9998185,-0.1590741,0.99283093,0.99931026
0.999988,0.2179137,0.9551053,0.76764023,0.99981,-0.22609404,0.993946,0.999886
0.99999034,0.22055882,0.9710592,0.72137666,0.9998127,-0.1813126,0.9880341,0.9999751
0.999986,0.15721206,0.9998137,0.6640901,0.99956954,-0.19409853,-0.8302726,0.99932057
0.9999848,0.16619895,0.99982226,0.70984143,0.9994351,-0.23991545,-0.8314812,0.999311
0.9999844,0.13391161,0.999798,0.5907514,0.9996205,-0.13561806,-0.8339566,0.99908936
0.9999876,0.1487352,0.9998017,0.70345986,0.999562,-0.21268298,-0.8268078,0.9994524
0.9999906,0.22027874,0.9532663,0.72180307,0.99978477,-0.2489725,0.9917216,0.9993076
0.99998343,0.12674083,0.99981624,0.72431743,0.9994868,-0.22446717,-0.8304594,0.99938947
0.99998796,0.19691761,0.9177778,0.5473707,0.999849,-0.107135735,0.99463636,0.999896
0.9999843,0.17298844,0.99984074,0.8025888,0.9993524,-0.3175994,-0.8252966,0.9993138
0.9999869,0.15434925,0.99981195,0.68520635,0.9994167,-0.22480376,-0.83101106,0.99927783
0.99998754,0.20456274,0.8984715,0.48434046,0.99985343,-0.08858232,0.9953658,0.99985254
0.9999839,0.15769568,0.99980235,0.7301837,0.9994147,-0.26001084,-0.8289803,0.9994288
0.99998784,0.14971204,0.99979967,0.6799511,0.9995498,-0.24319609,-0.82824486,0.9991098
0.9999864,0.19703093,0.9471679,0.60482836,0.9998636,-0.16067821,0.99030447,0.99978346
0.99998003,0.14268063,0.999808,0.6630247,0.99941003,-0.20916152,-0.8339939,0.9992547
0.9999873,0.2456169,0.95627534,0.795529,0.9997871,-0.25471857,0.9941482,0.99984336
0.9999869,0.15130448,0.999783,0.6620686,0.9994568,-0.2069226,-0.8348989,0.99939716
0.99998665,0.222852,0.9550867,0.57400304,0.9998537,-0.11026857,0.99159366,0.999972
0.999986,0.20336947,0.93753916,0.5845042,0.9998118,-0.13913783,0.99241245,0.9999112
0.9999883,0.22056237,0.9077978,0.6114501,0.99978524,-0.14450963,0.99582213,0.9998474
0.99998367,0.14881456,0.9998155,0.7126665,0.99946374,-0.25548136,-0.83143383,0.9993165
0.999985,0.12216736,0.99979496,0.70105803,0.99941564,-0.27404985,-0.82955337,0.99925464
0.9999859,0.18781619,0.9998492,0.85085946,0.99923676,-0.3740959,-0.81790537,0.99927485
0.999988,0.19603786,0.9249485,0.59118813,0.9998136,-0.17969309,0.99330604,0.9999757
0.99998474,0.14741324,0.99980557,0.7173289,0.9995486,-0.23237973,-0.8257899,0.9993387
0.9999885,0.22658895,0.9416279,0.66581184,0.9997965,-0.13098049,0.994565,0.9994672
0.9999889,0.23543833,0.94487196,0.7354034,0.9997698,-0.19844514,0.9946438,0.9995001
0.9999847,0.13403259,0.9998005,0.64838564,0.9994991,-0.22306658,-0.83494747,0.9992162
0.9999856,0.19506866,0.99984926,0.74695945,0.9994493,-0.2576955,-0.8213875,0.9992324
0.9999865,0.21184747,0.92027956,0.6705549,0.99981004,-0.17410494,0.9955106,0.99924916
0.9999859,0.15812683,0.99984366,0.7919148,0.9994049,-0.34537193,-0.8263263,0.99903435
0.9999892,0.22697121,0.9509145,0.72483087,0.99979687,-0.2100283,0.99371606,0.9991768
0.999988,0.17817268,0.9998474,0.7707119,0.99944,-0.22092238,-0.8217011,0.9994363
0.99998635,0.15625918,0.9998301,0.7416853,0.99953216,-0.23543788,-0.8207247,0.99922687
0.9999838,0.11256855,0.99980557,0.64289856,0.99945295,-0.19774444,-0.83618295,0.9993025
0.9999844,0.14091425,0.99978226,0.6021066,0.99946576,-0.18642749,-0.8350018,0.99936223
0.9999857,0.13096641,0.99981123,0.70475984,0.9995171,-0.27982932,-0.835633,0.99919754
0.9999846,0.17399731,0.9998307,0.7990807,0.9993752,-0.3215356,-0.822446,0.9992735
0.99998647,0.22076386,0.9307507,0.6828421,0.9998205,-0.17118289,0.9957332,0.99934036
0.9999863,0.109545425,0.9997771,0.631309,0.99944633,-0.23067196,-0.8335567,0.9992878
0.99998355,0.13771138,0.99982864,0.69141173,0.9995418,-0.20120995,-0.8306582,0.999397
0.9999885,0.1897194,0.92671347,0.56889963,0.99981606,-0.13583031,0.9938648,0.99930716
0.99998575,0.1605992,0.9998272,0.7021539,0.99952686,-0.20111057,-0.82679725,0.9993823
0.9999856,0.1467246,0.9998213,0.73940706,0.9994072,-0.27917555,-0.83033746,0.99927354
0.99998873,0.22597212,0.94816005,0.75589645,0.9997786,-0.21051027,0.99539137,0.99936444
0.99999017,0.2375822,0.9634303,0.8230258,0.9997463,-0.2919046,0.99433845,0.99984956
0.99998516,0.14975297,0.9998318,0.7528399,0.9993988,-0.27386564,-0.8336695,0.9992666
0.9999857,0.21311785,0.9238518,0.6499287,0.9997674,-0.1426538,0.99548036,0.99932885
0.99998736,0.22352448,0.9596471,0.73968315,0.99981624,-0.20523643,0.9931204,0.9999751
0.9999863,0.20417544,0.9348884,0.6126418,0.99983424,-0.15768121,0.99357164,0.9998386
0.9999857,0.13094743,0.9998318,0.74538434,0.99945396,-0.26230374,-0.8260532,0.9991739
0.9999896,0.2290174,0.954449,0.7105437,0.9998087,-0.23048976,0.9928784,0.99943095
0.9999859,0.22218004,0.89011705,0.55326545,0.9998175,-0.10832002,0.99624586,0.9993223
0.9999788,0.10801908,0.999772,0.5626159,0.9995588,-0.19489974,-0.83612025,0.9992329
0.99998355,0.11775629,0.99976903,0.50147676,0.99958813,-0.142306,-0.8356184,0.9992629
0.9999897,0.21918173,0.96224564,0.6577939,0.99983907,-0.1632297,0.98895514,0.9998643
0.9999899,0.21842314,0.9459739,0.7169522,0.999777,-0.22039428,0.9935695,0.99934155
0.99998385,0.13727923,0.9998296,0.7077528,0.9994076,-0.23782767,-0.8348697,0.999192
0.9999867,0.18953057,0.94290614,0.54035467,0.9998414,-0.10132034,0.9915439,0.9999627
0.99998724,0.20724198,0.92296636,0.5628439,0.9998048,-0.14946535,0.9936257,0.9998411
0.9999834,0.116532825,0.9997885,0.6009002,0.9996319,-0.17173448,-0.83130705,0.9994076
0.999988,0.21683095,0.9539653,0.6956562,0.999831,-0.16808975,0.993231,0.9993075
0.9999898,0.20304237,0.9467631,0.5464444,0.9998112,-0.1707455,0.98903525,0.99921066
0.9999834,0.14730965,0.99981815,0.616866,0.99955076,-0.15027569,-0.8323882,0.9993095
0.999984,0.15575154,0.99982023,0.6485616,0.9994771,-0.20858766,-0.8344767,0.9991572
0.9999892,0.20703572,0.95670724,0.67943335,0.9997933,-0.21487282,0.9915051,0.9998626
0.99998635,0.2329629,0.945183,0.735868,0.99980533,-0.14467587,0.99558115,0.99983484
0.9999879,0.14298487,0.9997999,0.70245934,0.99947464,-0.24906965,-0.82993734,0.99931705
0.99998945,0.20355555,0.9691018,0.6336012,0.9998554,-0.19405669,0.9850758,0.9993579
0.9999858,0.21819466,0.938388,0.66809344,0.99982506,-0.14275032,0.9946015,0.99911463
0.999988,0.21023954,0.94357955,0.6456777,0.99982524,-0.17477095,0.9929691,0.99926317
0.9999885,0.2120194,0.930661,0.680278,0.9998017,-0.18102151,0.99366635,0.9992316
0.99998456,0.21187834,0.91552377,0.7110252,0.9998461,-0.12388994,0.9969742,0.9999832
0.9999892,0.21035849,0.9412586,0.6999233,0.99981374,-0.18017574,0.9939336,0.99987906
0.99998796,0.22620669,0.9727697,0.7743684,0.9998437,-0.19421072,0.9911796,0.9999709
0.9999797,0.14215069,0.99980295,0.6234958,0.9995329,-0.18139279,-0.8367615,0.9992653
0.9999843,0.15632665,0.99981076,0.6588682,0.9994831,-0.1974403,-0.8330004,0.99934787
0.99998474,0.1600706,0.9998472,0.76260835,0.99944204,-0.27548274,-0.8229762,0.9992307
0.9999904,0.21174672,0.9599154,0.74332225,0.9997892,-0.19792508,0.9929169,0.9999351
0.9999887,0.2381199,0.9457907,0.79368746,0.9998101,-0.2188776,0.9960175,0.999992
0.9999881,0.21293135,0.9265049,0.6764168,0.999791,-0.16100772,0.9951716,0.99985284
0.9999845,0.13659623,0.99979514,0.6683131,0.99943125,-0.25378028,-0.834095,0.99922204
0.99998504,0.16755375,0.9998221,0.7471137,0.999268,-0.28868157,-0.8308498,0.9991536
0.9999823,0.1368755,0.99982077,0.69631344,0.99947447,-0.23141155,-0.8329152,0.9992886
0.9999877,0.23499236,0.93205094,0.70261335,0.9998173,-0.15347604,0.99550444,0.99928653
0.99998635,0.20788217,0.9279457,0.66166663,0.99982506,-0.09069855,0.99524456,0.9999145
0.99998707,0.10750978,0.99975157,0.5160495,0.9996407,-0.16185692,-0.8299831,0.9992884
0.9999835,0.14376359,0.99983335,0.7123102,0.99946064,-0.23700741,-0.82896495,0.9993113
0.9999844,0.095542274,0.9997624,0.56111515,0.9996507,-0.15745556,-0.8312615,0.9994007
0.99998695,0.20018372,0.90022135,0.57305276,0.9997294,-0.16524391,0.99448735,0.99937654
0.99998814,0.2172638,0.9561309,0.72246945,0.99986744,-0.17799619,0.9936755,0.99999934
0.99998677,0.18485638,0.9998468,0.79174215,0.9993475,-0.2635287,-0.81898284,0.99946743
0.99998623,0.12647744,0.99980754,0.7309425,0.9994057,-0.27539924,-0.82987577,0.9993329
0.9999905,0.15607429,0.999807,0.7126498,0.9995803,-0.21727663,-0.8254427,0.99935627
0.99998236,0.16857415,0.99981195,0.7144531,0.9994923,-0.26305807,-0.82833433,0.9991984
0.9999846,0.18328261,0.93359417,0.38965562,0.9998594,-0.07492568,0.9913758,0.9999988
0.99998885,0.21319614,0.9339268,0.64266384,0.9997934,-0.19566658,0.9945483,0.99995995
0.99998605,0.21344595,0.93632126,0.63501155,0.99980456,-0.14213522,0.9939397,0.9999775
0.9999855,0.13235727,0.99980336,0.67548156,0.99953955,-0.19374736,-0.82990086,0.99940574
0.99998933,0.19514982,0.93923926,0.58554304,0.99985176,-0.12626566,0.99313146,0.9999887
0.99998707,0.20152073,0.92747355,0.53176224,0.9998212,-0.11463049,0.99352825,0.99921733
0.99998856,0.2125419,0.9494491,0.61544216,0.9998323,-0.16827561,0.9911099,0.99925476
0.9999833,0.13362664,0.99981356,0.65138924,0.9994895,-0.19143079,-0.8379246,0.9992874
0.9999834,0.13109303,0.9998035,0.69356453,0.9994166,-0.22694881,-0.8374349,0.9993763
0.9999883,0.17348418,0.99983454,0.80253965,0.9994279,-0.2936969,-0.8144034,0.9993194
0.9999806,0.13673738,0.99979633,0.60141784,0.9994973,-0.19436455,-0.8345159,0.9993088
0.99998593,0.14457496,0.99979836,0.72970974,0.9993935,-0.26805174,-0.82855064,0.9994396
0.9999849,0.14930053,0.9997832,0.64993495,0.9995123,-0.18549597,-0.8366238,0.9995016
0.9999839,0.20484495,0.91209054,0.620668,0.99979264,-0.12516509,0.99575233,0.99927026
0.99998504,0.19767411,0.8960058,0.4730872,0.99980336,-0.12355445,0.99475676,0.9994436
0.9999885,0.21342912,0.92852926,0.62624,0.99984103,-0.1428514,0.9945265,0.99986875
0.9999857,0.22356394,0.8997771,0.65650594,0.99980533,-0.13999563,0.99699295,0.9993012
0.9999856,0.16623512,0.9998285,0.7746012,0.9993661,-0.29372907,-0.82291067,0.9992811
0.999989,0.20181857,0.9610082,0.6601491,0.9998436,-0.19091813,0.98858225,0.9999533
0.9999888,0.20495567,0.9195087,0.6554628,0.999748,-0.19625697,0.9953538,0.99991184
0.9999827,0.12861049,0.99981433,0.68066835,0.9994878,-0.22940521,-0.83459765,0.9993404
0.9999871,0.20997234,0.90690863,0.56261635,0.99983895,-0.10156977,0.99518794,0.9992376
0.99998885,0.20327236,0.93232435,0.63167703,0.9997497,-0.18901974,0.9933431,0.99997026
0.9999882,0.2509728,0.97121435,0.7709261,0.999818,-0.22116688,0.99106693,0.9999861
0.99999005,0.21558268,0.9616179,0.7630049,0.9998225,-0.26309475,0.9919338,0.9999838
0.99998707,0.22184628,0.9329771,0.7035544,0.99977744,-0.1748597,0.994842,0.99984866
0.9999818,0.12646468,0.99980503,0.65801215,0.99945694,-0.23030336,-0.8365593,0.99922955
0.99998546,0.16955641,0.9998131,0.669547,0.9995222,-0.18650049,-0.8264357,0.99945253
0.99998724,0.22590512,0.8764354,0.54744005,0.99981385,-0.09798757,0.99707794,0.9993427
0.9999886,0.1759068,0.9998516,0.80249345,0.9993738,-0.29404467,-0.8199259,0.999383
0.99999076,0.23882422,0.9712742,0.7990246,0.9998037,-0.30556685,0.9906284,0.9993171
0.99998856,0.15586202,0.9998143,0.7412869,0.99941605,-0.31573954,-0.8281616,0.9991667
0.99998873,0.22035867,0.961347,0.6964191,0.9998099,-0.19343261,0.9924395,0.99993616
0.9999859,0.18395679,0.9998582,0.81116176,0.99938804,-0.30072534,-0.81737727,0.99921817
0.9999855,0.14698586,0.99979603,0.652668,0.9995182,-0.18335946,-0.8312735,0.99940664
0.9999912,0.2341476,0.975377,0.80738807,0.9997602,-0.3066455,0.98877686,0.99995273
0.9999898,0.22887419,0.94377625,0.665401,0.9998137,-0.16836451,0.99333495,0.9993583
0.9999858,0.20429106,0.90952396,0.52634346,0.9998493,-0.104008466,0.9951618,0.9992886
0.99998784,0.16405089,0.9998182,0.77305,0.9994048,-0.31351352,-0.82375115,0.9992253
0.99998665,0.16338222,0.9998198,0.7340199,0.99940944,-0.24543086,-0.82950926,0.99938244
0.99998564,0.22666433,0.9212182,0.7600324,0.99977404,-0.16240764,0.99695814,0.9999592
0.99998444,0.2233251,0.95629036,0.68990946,0.9998345,-0.14357916,0.9929099,0.99993515
0.99998915,0.2289043,0.94918,0.68799126,0.9997997,-0.2004941,0.9934982,0.99925786
0.99998605,0.14181463,0.9998108,0.7236672,0.99948543,-0.28072008,-0.8303381,0.9992746
0.99998224,0.12596326,0.9998186,0.71685815,0.99947435,-0.27536198,-0.8312539,0.9991787
0.99998754,0.15535541,0.9998145,0.71841073,0.99943835,-0.21994916,-0.82558024,0.9994462
0.99998295,0.14554346,0.99983215,0.7989277,0.99935174,-0.33812898,-0.8202611,0.99923
0.9999837,0.13453323,0.9998027,0.7085983,0.99939054,-0.26327974,-0.8340277,0.9992842
0.9999826,0.20130183,0.9339106,0.545764,0.99979657,-0.100769155,0.99344945,0.9992852
0.9999856,0.15555447,0.9998137,0.760552,0.9994525,-0.27419204,-0.82614547,0.99942464
0.99998695,0.14830321,0.9997976,0.6995367,0.9993427,-0.26036066,-0.83211887,0.99921334
0.99998695,0.2055898,0.9486809,0.619486,0.9998488,-0.13509177,0.9929455,0.9993644
0.9999859,0.20663176,0.91219497,0.65346384,0.9998382,-0.13601294,0.99573225,0.9999719
0.9999862,0.19364856,0.8855004,0.51094115,0.99979275,-0.11964193,0.99538,0.99921393
0.99998945,0.21674676,0.9227137,0.6319065,0.9998277,-0.17145279,0.9954458,0.999248
0.9999872,0.15460494,0.99983877,0.7533491,0.999333,-0.25533152,-0.82818264,0.999279
0.99998134,0.15970136,0.9998382,0.72825956,0.99944025,-0.25019547,-0.8282513,0.99926656
0.9999866,0.12843145,0.99982077,0.69679767,0.9995261,-0.22011535,-0.8284,0.9992403
0.99998504,0.13753489,0.99980813,0.7409394,0.99931836,-0.29865363,-0.83109295,0.99921405
0.99998903,0.2293067,0.9452361,0.71573865,0.99985397,-0.12880169,0.9954965,0.999326
0.999987,0.22548604,0.9571991,0.6648069,0.9997865,-0.1895037,0.99112064,0.99919045
0.9999827,0.13265744,0.9998222,0.6843376,0.99957067,-0.21202321,-0.83305925,0.9992728
0.99998313,0.15096356,0.9998326,0.7500794,0.99927914,-0.27615657,-0.8283926,0.9991965
0.9999865,0.22106197,0.9531787,0.67225814,0.99984205,-0.14461417,0.99426377,0.9999612
0.9999894,0.19107342,0.9405445,0.51651555,0.99986035,-0.13074434,0.9918085,0.9993786
0.99998003,0.110844806,0.9998137,0.5870693,0.9995572,-0.15781829,-0.83972263,0.99922043
0.9999888,0.2097268,0.9146463,0.5925972,0.99980944,-0.14712211,0.9956036,0.99990094
0.9999848,0.16833074,0.99980545,0.58983433,0.9995917,-0.13258225,-0.83122236,0.9994004
0.9999839,0.16720733,0.9998169,0.689525,0.99946296,-0.21586686,-0.8310218,0.9993418
0.99997926,0.14274819,0.9998188,0.6965582,0.999387,-0.24311408,-0.8308506,0.9992757
0.9999891,0.20155911,0.9225943,0.53374106,0.99981683,-0.15186739,0.9930503,0.9992635
0.999985,0.23163572,0.9529517,0.71947706,0.99978346,-0.1979668,0.993502,0.99936444
0.9999867,0.14125346,0.99979544,0.7045795,0.9995152,-0.26709455,-0.83380014,0.9991806
0.9999868,0.21063228,0.9430968,0.67579275,0.99977773,-0.18994464,0.9936437,0.9993892
0.99998516,0.12754248,0.99976903,0.57161987,0.9995758,-0.17346394,-0.83552015,0.99929506
0.99999124,0.24791288,0.98064387,0.8238797,0.9997905,-0.29254344,0.98804814,0.99998826
0.99998194,0.15534295,0.9998088,0.7053886,0.99946797,-0.27344757,-0.8342848,0.9990767
0.9999865,0.20290144,0.92494756,0.5663165,0.99980277,-0.14918642,0.99416673,0.99985856
0.99998736,0.21867862,0.92890096,0.6209102,0.9998198,-0.17311671,0.9945683,0.99998134
0.9999851,0.12962985,0.99978304,0.60971475,0.999606,-0.12753482,-0.82810235,0.99952114
0.99998605,0.19254784,0.9132568,0.6384351,0.99981576,-0.12525266,0.9956776,0.9999755
0.999989,0.2186008,0.969185,0.73454,0.9998304,-0.17252728,0.99098516,0.9998907
0.99998933,0.20514207,0.94994646,0.692955,0.99980414,-0.21386866,0.9925373,0.99996907
0.99998873,0.16206516,0.9998011,0.7477623,0.9995276,-0.25698045,-0.81964433,0.999458
0.9999878,0.21687528,0.93722546,0.6606722,0.9998462,-0.15428284,0.99433935,0.9992613
0.9999883,0.22065945,0.95539105,0.6376312,0.9997735,-0.1777639,0.99129057,0.9999912
0.9999856,0.15051763,0.99981767,0.7442774,0.99932754,-0.30102283,-0.8307471,0.9991632
0.9999838,0.12080444,0.9998006,0.65656686,0.99941415,-0.23193076,-0.8377801,0.9992882
0.99998707,0.17171629,0.99982965,0.73763406,0.999493,-0.2624948,-0.82370186,0.9992358
0.99998635,0.1592363,0.99981725,0.6889049,0.9994513,-0.23064177,-0.83116513,0.99927837
0.99998176,0.14144535,0.99980325,0.65549093,0.9994821,-0.17474142,-0.8328017,0.99943507
0.9999878,0.13085018,0.99980015,0.7160446,0.9994545,-0.2536755,-0.82541114,0.9992764
0.99999,0.212698,0.9311708,0.5824986,0.9998446,-0.13255411,0.9938095,0.9991129
0.99998564,0.18519534,0.86525226,0.30495107,0.9998352,-0.014166137,0.9946586,0.99997365
0.99998474,0.19945602,0.8841702,0.3942117,0.99983287,-0.07324824,0.9951061,0.99923325
0.99998605,0.15282847,0.9998413,0.748824,0.9994824,-0.23841737,-0.82477254,0.99931943
0.9999871,0.20453617,0.88643426,0.57115924,0.99979883,-0.090475716,0.9967221,0.9999989
0.99998575,0.16317351,0.99981904,0.75305223,0.99937403,-0.26202098,-0.8266889,0.99941677
0.9999869,0.21928409,0.94264126,0.61265373,0.9998684,-0.11619011,0.99407774,0.99984336
0.9999885,0.23220208,0.94883865,0.6718096,0.9998198,-0.15330659,0.9937394,0.9998463
0.99998546,0.20218225,0.9337109,0.60017335,0.99980277,-0.14711964,0.99329746,0.999744
0.9999863,0.16151972,0.9998283,0.755681,0.9994502,-0.24995872,-0.81678975,0.99938065
0.9999871,0.2043827,0.90950364,0.5573845,0.9998434,-0.083665304,0.9955072,0.9999384
0.99998736,0.14108717,0.99978447,0.69988275,0.9995294,-0.23772077,-0.8275952,0.9994269
0.9999847,0.20811604,0.9015633,0.55938953,0.9998191,-0.073415585,0.99621016,0.99999374
0.9999755,0.14166836,0.9998247,0.62981784,0.99946725,-0.17873754,-0.83813083,0.99928206
0.99998426,0.14508177,0.9998237,0.72659564,0.99940395,-0.2133803,-0.82925606,0.99943197
0.9999864,0.23855302,0.9658037,0.7799609,0.999809,-0.27015802,0.9919687,0.99998295
0.9999885,0.12490843,0.9997729,0.7069242,0.9994958,-0.28639564,-0.8273876,0.999325
0.99998647,0.19174851,0.92640567,0.51614535,0.9998579,-0.08894605,0.9941541,0.99986655
0.99998915,0.23227397,0.9653658,0.7949299,0.99982595,-0.26527125,0.9923392,0.999934
0.9999821,0.12790932,0.9997927,0.6169224,0.99944615,-0.22730727,-0.83689094,0.99915123
0.99998885,0.22037347,0.93993187,0.7352588,0.99980074,-0.1642556,0.9954263,0.9999636
0.99998665,0.2156844,0.95401347,0.6375383,0.99986017,-0.1285992,0.99261266,0.9999786
0.99998325,0.1479887,0.99980026,0.5964247,0.9995625,-0.15866399,-0.83412784,0.99933445
0.99998933,0.21292508,0.95606166,0.7291453,0.99981254,-0.24809584,0.99305916,0.9998425
0.99998665,0.21746251,0.93401563,0.6604272,0.9997913,-0.18243936,0.99390846,0.9999914
0.99998915,0.25291634,0.98005015,0.8042654,0.9997338,-0.28349885,0.9878842,0.99993134
0.9999903,0.23407373,0.9641944,0.76400405,0.99979836,-0.25262508,0.990831,0.9991095
0.99998873,0.20970781,0.9345969,0.62626934,0.99985325,-0.10920042,0.99465656,0.99937075
0.99998665,0.20823586,0.9169708,0.610697,0.9997899,-0.15848707,0.9947855,0.9999619
0.99998635,0.20073308,0.9181397,0.5794537,0.99985087,-0.12044191,0.99505603,0.99996823
0.99999005,0.17980579,0.999823,0.75836086,0.99953514,-0.24291,-0.8181876,0.9994588
0.99998486,0.2127113,0.92745733,0.73982877,0.9997559,-0.20382802,0.9960385,0.9998328
0.99998695,0.20391999,0.9371229,0.5636406,0.9998121,-0.16000016,0.9920992,0.9992105
0.9999887,0.18481986,0.9400073,0.58667576,0.9998296,-0.14672387,0.9918761,0.9993768
0.9999864,0.16174793,0.9998319,0.68047714,0.9996006,-0.1491773,-0.8239922,0.9993063
0.9999815,0.11893375,0.99977225,0.6333754,0.99959666,-0.2363361,-0.83314043,0.99925536
0.9999864,0.16540033,0.9998332,0.7376486,0.9995177,-0.19253165,-0.81886935,0.9994389
0.9999857,0.15723857,0.99981165,0.7423226,0.9995218,-0.26928997,-0.82515824,0.99932307
0.9999858,0.15930863,0.99983406,0.7726587,0.99939924,-0.294044,-0.8229713,0.99936646
0.99998266,0.17626305,0.99985594,0.82057774,0.9992823,-0.33771127,-0.8230754,0.9992697
0.99998236,0.10930544,0.99977756,0.53343445,0.9995725,-0.14490084,-0.8331517,0.99936074
0.9999833,0.17517877,0.99983376,0.76907986,0.9993798,-0.263197,-0.8197303,0.99941087
0.9999851,0.12347975,0.9997979,0.65871704,0.99947566,-0.23449786,-0.83633524,0.9991705
0.99998766,0.15906437,0.99982923,0.7925483,0.9993204,-0.32574216,-0.8211446,0.999222
0.9999879,0.16947122,0.999832,0.76973975,0.99939203,-0.25481656,-0.82261264,0.9994276
0.999988,0.23935989,0.9620563,0.77721846,0.9998444,-0.1945055,0.9940607,0.9998351
0.99998885,0.2218165,0.94944596,0.73210454,0.99982256,-0.190507,0.99444014,0.9999788
0.9999867,0.19262661,0.9361907,0.5362318,0.99985653,-0.11311892,0.99240786,0.99917823
0.99998575,0.14265436,0.9998169,0.7013241,0.9994436,-0.22094002,-0.82982373,0.9993295
0.99998754,0.21087825,0.9230697,0.6613634,0.9997894,-0.16893601,0.994991,0.99926615
0.9999854,0.21807703,0.9392231,0.7055166,0.9998019,-0.15192762,0.9948362,0.9993531
0.9999889,0.22671379,0.9581018,0.72843367,0.9998275,-0.22132336,0.99263114,0.9991869
0.99998635,0.122540206,0.9998064,0.6874347,0.9994138,-0.2435859,-0.83271587,0.99933606
0.9999873,0.22668569,0.95982695,0.69564056,0.9998415,-0.21507224,0.9930003,0.9993411
0.9999861,0.22107357,0.943474,0.7531326,0.9998047,-0.19204246,0.9950282,0.99991
0.9999875,0.19633017,0.9488074,0.6132489,0.99977326,-0.18341334,0.9892152,0.9999669
0.9999875,0.20269163,0.9045118,0.6384086,0.9998078,-0.1448546,0.9957618,0.99948275
0.9999889,0.22936359,0.95193833,0.7066753,0.99982065,-0.20794696,0.99334383,0.99990326
0.9999846,0.115563355,0.9997571,0.55714345,0.9994975,-0.17778201,-0.8382848,0.9993473
0.999985,0.15836303,0.9998102,0.70851326,0.9994075,-0.26231238,-0.83487636,0.99919564
0.99998677,0.1648984,0.9998205,0.72337,0.9995128,-0.24620798,-0.8274551,0.99926996
0.9999895,0.20018214,0.9335489,0.66835934,0.99980676,-0.19546445,0.9945586,0.99992436
0.9999832,0.17572269,0.9998295,0.6969627,0.9995085,-0.18802373,-0.8325172,0.9994206
0.99998903,0.24695745,0.97690755,0.82229286,0.9998299,-0.20395626,0.9906703,0.99919623
0.99998975,0.22746947,0.96615595,0.70497584,0.9998324,-0.21189365,0.99049956,0.9992644
0.9999877,0.21364737,0.95387894,0.6966462,0.99982566,-0.19351056,0.991835,0.99941415
0.9999926,0.2323965,0.9640285,0.81511724,0.9998059,-0.29319072,0.9929797,0.99986166
0.99998975,0.21962257,0.94352096,0.6781464,0.9998259,-0.20916049,0.9940333,0.99993336
0.99998266,0.14337553,0.9998182,0.68465984,0.9994965,-0.19753979,-0.8304046,0.9993447
0.999985,0.16319732,0.99982333,0.6991695,0.9994971,-0.22563134,-0.82955533,0.99926746
0.9999902,0.20550264,0.95472974,0.64968723,0.999816,-0.19988094,0.99060965,0.9991732
0.99998814,0.19775075,0.9347987,0.5219091,0.99981815,-0.17081866,0.99063677,0.9993991
0.99998856,0.20624684,0.9330262,0.61959064,0.9998132,-0.16443312,0.99395466,0.99933445
0.9999914,0.21525441,0.9542256,0.7341869,0.99977374,-0.24129942,0.9924744,0.9992898
0.99998397,0.12963459,0.99977744,0.6964834,0.9995272,-0.2308092,-0.82310843,0.99954784
0.9999857,0.20897855,0.94637203,0.58413184,0.99982095,-0.13639297,0.9916646,0.9999995
0.9999882,0.20538025,0.9155632,0.6087774,0.9998367,-0.13451003,0.99558985,0.9999916
0.9999907,0.19167273,0.928022,0.44744086,0.9998474,-0.08299929,0.991719,0.9999858
0.9999873,0.14267747,0.9997826,0.6302469,0.9995441,-0.1973099,-0.83060837,0.9993336
0.99998796,0.20748605,0.94491094,0.70119333,0.9998358,-0.13908873,0.9946706,0.9994134
0.9999896,0.23246653,0.94342524,0.7535632,0.99978626,-0.2274078,0.99512947,0.9993417
0.99998534,0.19793396,0.9521745,0.64687276,0.9998298,-0.1737477,0.99195117,0.99947745
0.9999864,0.22139427,0.954957,0.7196075,0.9998273,-0.1913933,0.9934718,0.99984753
0.9999903,0.21025346,0.94532067,0.68468183,0.9998109,-0.19020446,0.99333584,0.999267
0.999988,0.12362499,0.99976444,0.6487341,0.99947697,-0.24711095,-0.8334155,0.99931353
0.9999839,0.1869913,0.90103644,0.5220802,0.9998195,-0.092392564,0.9952222,0.99998707
0.99998504,0.1290506,0.9998216,0.7434995,0.9994803,-0.27820462,-0.82529354,0.99921465
0.9999882,0.20335875,0.94428146,0.6561717,0.99982035,-0.18302225,0.9925346,0.9992943
0.99998444,0.14313757,0.9997883,0.5882646,0.99955314,-0.23279801,-0.8370604,0.9990245
0.9999832,0.1333077,0.99983436,0.745139,0.9994522,-0.28172374,-0.8328905,0.9992235
0.9999858,0.1321784,0.99981517,0.7044226,0.999494,-0.22041677,-0.8296877,0.99933
0.99998695,0.22197616,0.9436285,0.71778655,0.9998435,-0.19915237,0.99431,0.9998915
0.99998474,0.20394911,0.84614336,0.34679115,0.99982846,0.005020941,0.9961149,0.9999748
0.9999862,0.23981622,0.94120634,0.7642081,0.9998429,-0.1875546,0.99635726,0.9993636
0.9999885,0.21279742,0.9372322,0.56541884,0.99987155,-0.13553798,0.99328184,0.9993389
0.99998516,0.11502402,0.9997915,0.6588197,0.9995035,-0.23965177,-0.8336484,0.9993549
0.9999845,0.16245282,0.99983317,0.7643566,0.9993583,-0.27236673,-0.8267461,0.9993179
0.9999889,0.21528727,0.93052,0.65297973,0.9998527,-0.14870486,0.99473375,0.99941474
0.9999854,0.13847625,0.9998023,0.7258726,0.9993311,-0.28731427,-0.8302461,0.99924594
0.9999898,0.21802561,0.9730199,0.7239009,0.9997928,-0.22354357,0.98527944,0.9999959
0.99997807,0.11551496,0.9997958,0.5414406,0.99944115,-0.15383068,-0.84211266,0.9992894
0.9999848,0.17398481,0.9998511,0.7776372,0.9994156,-0.25199485,-0.8239341,0.9992906
0.99998677,0.20065175,0.9343201,0.59602946,0.9998192,-0.16275169,0.99280304,0.99986845
0.99998987,0.23447366,0.9661504,0.75705594,0.99985987,-0.21975923,0.9915154,0.9994592
0.9999827,0.14251354,0.9998396,0.73011667,0.99954456,-0.27544686,-0.8211712,0.9991994
0.99998665,0.20184396,0.89192903,0.47003558,0.99985355,-0.069090515,0.9959256,0.9999808
0.99998605,0.17718028,0.9998372,0.7756027,0.99938816,-0.26402375,-0.8229308,0.9994171
0.9999874,0.22791703,0.95758545,0.745077,0.99978286,-0.23268344,0.99267983,0.999952
0.9999845,0.16503158,0.9998221,0.7508441,0.9993163,-0.2769583,-0.8269883,0.99930817
0.99999034,0.21636693,0.9398975,0.6636491,0.999839,-0.1415324,0.9942146,0.999978
0.9999869,0.22119592,0.930042,0.71710926,0.9998232,-0.114953354,0.99616617,0.9998674
0.99998873,0.1598084,0.99980867,0.7159158,0.99949646,-0.21601307,-0.8266177,0.99943113
0.99998844,0.21579593,0.93364394,0.6758301,0.9998387,-0.18012239,0.9940584,0.9993614
0.99998903,0.23341769,0.97293586,0.78750277,0.99982697,-0.21473421,0.99163127,0.99997365
0.99998885,0.19933033,0.9314659,0.53232664,0.99982274,-0.15478174,0.99184394,0.99997145
0.9999892,0.17063032,0.9998191,0.81731915,0.9993565,-0.32084712,-0.81762046,0.99945045
0.99998873,0.20364442,0.96542645,0.6387787,0.9998051,-0.20785269,0.98674864,0.9997609
0.9999896,0.16688521,0.9998102,0.7547846,0.99943984,-0.26933387,-0.8285123,0.99936944
0.99998975,0.20854561,0.9498075,0.6571144,0.9998041,-0.18150723,0.9926469,0.99936026
0.9999862,0.22515762,0.9412187,0.66164744,0.99979854,-0.15121162,0.99446595,0.9994767
0.9999844,0.16184118,0.9998178,0.7268995,0.999376,-0.23611109,-0.83512414,0.9994031
0.99998397,0.116373226,0.9997908,0.63439167,0.9995575,-0.23165073,-0.82848936,0.9992678
0.9999848,0.17824961,0.9998362,0.7499913,0.99930114,-0.27464634,-0.83005553,0.9993214
0.99998504,0.1324305,0.9997821,0.616569,0.9995384,-0.19314955,-0.83594745,0.9993587
0.9999869,0.1504924,0.9998131,0.6757314,0.99951625,-0.21027309,-0.83022636,0.99924904
0.9999892,0.19536616,0.93176234,0.5021536,0.9998313,-0.14614873,0.99126893,0.99998903
0.9999902,0.21308605,0.96453476,0.66745615,0.9998038,-0.22103152,0.9881544,0.99938184
0.9999846,0.20261908,0.9202522,0.61318874,0.9998102,-0.1472237,0.99517125,0.9991933
0.99998647,0.13717061,0.99981475,0.7339537,0.99939847,-0.26843396,-0.830518,0.9992905
0.9999862,0.12972692,0.9997732,0.61298037,0.999402,-0.22421375,-0.8398885,0.99922615
0.9999896,0.2057698,0.92944777,0.5683043,0.9998565,-0.13179016,0.99299234,0.99994296
0.999987,0.16864972,0.9998365,0.7605264,0.9995181,-0.25248003,-0.82144964,0.99931425
0.9999834,0.17800562,0.99985,0.7580369,0.9994524,-0.23053363,-0.8272629,0.99932146
0.99999,0.21721128,0.96812034,0.6751504,0.99974716,-0.2518438,0.9849924,0.99921787
0.9999798,0.09583084,0.99978894,0.5549272,0.9995296,-0.20439789,-0.8375915,0.99907464
0.99998933,0.21504143,0.9631781,0.74882483,0.99981093,-0.24606386,0.99137723,0.999871
0.99999034,0.22380143,0.96327114,0.65618944,0.99985534,-0.17250171,0.99164104,0.99997616
0.99998677,0.19648324,0.9062738,0.5542443,0.9998073,-0.14805011,0.9952678,0.9992218
0.99998295,0.116206296,0.9997906,0.6795906,0.99946326,-0.2671226,-0.8268697,0.9992892
0.9999891,0.2016377,0.92203414,0.6323912,0.9998291,-0.17224082,0.9951149,0.9994558
0.9999874,0.25230828,0.9711964,0.77895224,0.9996798,-0.2739958,0.9899261,0.9994619
0.99998385,0.13645226,0.9998045,0.68649304,0.99950486,-0.22689123,-0.8306728,0.9993887
0.9999848,0.22560662,0.929375,0.68228924,0.99978685,-0.13807656,0.99600685,0.9992299
0.99998385,0.14339815,0.9997999,0.6930984,0.99942553,-0.2560489,-0.83249205,0.9992877
0.99998534,0.17830752,0.99986225,0.8049005,0.9993572,-0.2939449,-0.8239099,0.9992208
0.99998534,0.124360405,0.9998085,0.6356909,0.9994647,-0.2076812,-0.836991,0.9991483
0.99998647,0.19373381,0.92322475,0.67412996,0.9998105,-0.22042662,0.9953076,0.9999576
0.99998724,0.22995786,0.93984085,0.7437222,0.9998227,-0.18228674,0.99581593,0.9994363
0.9999892,0.14000037,0.99981016,0.77588797,0.99945736,-0.29874778,-0.82284397,0.9993523
0.99998784,0.21586789,0.94515395,0.6925485,0.9997889,-0.15851556,0.9942215,0.99943703
0.99998784,0.22077736,0.93687093,0.7290016,0.9997759,-0.22382255,0.99554884,0.9991302
0.99998736,0.20356053,0.9412654,0.6511583,0.9998594,-0.12815839,0.9935572,0.9998625
0.999986,0.15882802,0.99982077,0.7491865,0.9994132,-0.28162348,-0.82452923,0.9992114
0.999987,0.20929645,0.92218333,0.58908445,0.99980336,-0.14406592,0.99419653,0.9993729
0.9999869,0.15074603,0.9998131,0.73593676,0.99947166,-0.27097964,-0.8307421,0.9993913
0.9999903,0.21116704,0.94289917,0.6663865,0.99984705,-0.15464355,0.99340975,0.9999712
0.9999911,0.20723076,0.9536885,0.596854,0.9998155,-0.17065245,0.98934,0.999981
0.99998766,0.14958817,0.9998055,0.7651184,0.9993144,-0.3078942,-0.82898694,0.9993351
0.99998665,0.1896006,0.95029616,0.62919,0.99981177,-0.1800893,0.99099284,0.99989617
0.9999848,0.11329389,0.9997688,0.5768955,0.99956983,-0.1939437,-0.8353409,0.9992726
0.99998647,0.20443687,0.9211819,0.5730264,0.9998341,-0.14205587,0.99439234,0.9993718
0.9999857,0.19522819,0.91401094,0.4276662,0.9998099,-0.10296652,0.9932384,0.9999901
0.99998456,0.15339023,0.99983984,0.74518025,0.9994197,-0.24688262,-0.829456,0.9993448
0.999989,0.22801477,0.9731253,0.74657214,0.9998139,-0.2588571,0.9889053,0.9998339
0.9999834,0.22315645,0.9303054,0.7271044,0.99979573,-0.17869316,0.99618995,0.99932677
0.99998814,0.20291984,0.9296133,0.6370481,0.99980146,-0.15314962,0.99401236,0.99921525
0.9999816,0.12985848,0.9998058,0.69844115,0.99932575,-0.25993705,-0.83808464,0.9992772
0.9999861,0.20318915,0.923848,0.59868443,0.9998548,-0.05814461,0.9953987,0.99929893
0.99998796,0.17457627,0.9998299,0.7440225,0.9993255,-0.26200497,-0.8226787,0.99933636
0.99998724,0.21235143,0.8686675,0.5171883,0.99982,-0.0737432,0.99668324,0.99985254
0.9999852,0.2164864,0.90664214,0.63534665,0.9998053,-0.13024525,0.99582833,0.99924517
0.99998933,0.21094172,0.91621286,0.5965314,0.99982566,-0.1390543,0.9947323,0.9993896
0.9999847,0.15528965,0.99982935,0.7484616,0.9994672,-0.2604308,-0.82610965,0.9993547
0.99998546,0.14584492,0.9998292,0.75545144,0.99938464,-0.28642672,-0.82612914,0.9991917
0.9999873,0.20749669,0.9350464,0.63014233,0.99981,-0.20649722,0.9931944,0.99936736
0.99998844,0.1793906,0.99984556,0.8030391,0.9993852,-0.27174148,-0.81819916,0.9994101
0.99998736,0.14187932,0.9998267,0.7641685,0.99943453,-0.29627627,-0.82337415,0.9992512
0.9999829,0.12270659,0.99978644,0.5733424,0.9995044,-0.16379932,-0.84004605,0.9993739
0.99998283,0.14029163,0.9997989,0.55672085,0.99955314,-0.13054089,-0.83768576,0.99930227
0.9999892,0.24198282,0.9654217,0.8059826,0.9998114,-0.2241084,0.9933053,0.9999895
0.99998504,0.14144336,0.99980295,0.6862291,0.9993262,-0.24664316,-0.8368695,0.9992007
0.99998444,0.17011318,0.9998616,0.7926884,0.9993477,-0.2540312,-0.822533,0.9993031
0.9999856,0.16543287,0.99983335,0.7694267,0.99927676,-0.28160244,-0.82782614,0.999262
0.99998564,0.12065061,0.99976766,0.6218992,0.9995155,-0.20547354,-0.8307738,0.99939805
0.9999834,0.14518058,0.9998171,0.76840687,0.9993905,-0.27791753,-0.8262676,0.99943644
0.99998844,0.22286233,0.93029493,0.6491194,0.9998123,-0.18344018,0.99484783,0.9999984
0.99998903,0.23503368,0.9551704,0.74460924,0.9997981,-0.18522969,0.99400187,0.9997998
0.99998903,0.23481388,0.9644169,0.7706783,0.99980974,-0.2733071,0.9917226,0.999854
0.9999863,0.22155365,0.93573284,0.63657093,0.9997946,-0.1281947,0.99458104,0.99926245
0.99999,0.23004371,0.95848805,0.7567751,0.9998007,-0.23602493,0.99258757,0.9999486
0.9999894,0.20329753,0.93767923,0.6390401,0.99980253,-0.15495688,0.9936507,0.9992652
0.9999883,0.21176377,0.92781013,0.62183595,0.9998223,-0.15851265,0.99461716,0.9992759
0.99998623,0.14863217,0.99983317,0.73954165,0.9993409,-0.2666708,-0.83578694,0.9992252
0.9999892,0.2092019,0.93413925,0.6589954,0.99982697,-0.18261325,0.99389046,0.9999571
0.99998707,0.116055176,0.9997802,0.57831526,0.99958664,-0.17672016,-0.83317435,0.99937034
0.9999889,0.1967822,0.9575087,0.6374085,0.99978226,-0.21266803,0.98861533,0.99929535
0.9999902,0.22062463,0.95947707,0.69192815,0.9998309,-0.22398068,0.99082196,0.9992674
0.9999868,0.1625109,0.9998364,0.7436101,0.9994444,-0.25234184,-0.8231315,0.9992378
0.99998343,0.14222369,0.99981034,0.6276845,0.9995123,-0.17255616,-0.83430785,0.9993131
0.9999864,0.20518787,0.93611854,0.6211945,0.9998163,-0.16106388,0.99396515,0.9999827
0.99998707,0.20132561,0.9150915,0.5168487,0.9998412,-0.09314314,0.9943756,0.99917066
0.9999876,0.22012633,0.9341485,0.6000328,0.9998398,-0.10214251,0.99521804,0.99999887
0.99998707,0.21885504,0.8771175,0.46340042,0.99982125,-0.077949606,0.9958313,0.9992859
0.9999862,0.13319749,0.99976486,0.5956752,0.9994759,-0.16417554,-0.8353863,0.99941844
0.9999893,0.2118585,0.9464316,0.7503133,0.99983704,-0.1993639,0.9943689,0.9991736
0.99998856,0.21485783,0.95359796,0.6543252,0.99985826,-0.13340506,0.99206966,0.99978405
0.9999857,0.22988002,0.92147106,0.73158336,0.9997974,-0.16587749,0.9968332,0.9998163
0.999986,0.17069118,0.99984217,0.7987307,0.99925673,-0.26480913,-0.8172539,0.9993984
0.9999827,0.15162581,0.9998233,0.7132472,0.99936044,-0.2543689,-0.830993,0.9994114
0.9999865,0.12128069,0.99979275,0.6906326,0.9994982,-0.23346427,-0.8262002,0.99949646
0.99998873,0.22199129,0.9132143,0.6985288,0.99976414,-0.19258942,0.9958195,0.99931246
0.9999867,0.2009224,0.91230553,0.64884347,0.99979883,-0.14865033,0.99564165,0.99987316
0.99998635,0.20351505,0.93496877,0.5981537,0.9998377,-0.14316486,0.99289197,0.9998646
0.99998987,0.22213593,0.9575485,0.7429781,0.99981695,-0.26634026,0.992388,0.9998716
0.9999883,0.2112962,0.91744596,0.64767766,0.99983186,-0.1499556,0.9957092,0.9999875
0.99998766,0.21789718,0.96426296,0.74272573,0.99981767,-0.21564516,0.9913415,0.99997604
0.999987,0.23993385,0.9549464,0.7877531,0.9998089,-0.2161687,0.9955543,0.99930936
0.9999844,0.16693324,0.99981034,0.6802675,0.9994677,-0.23502706,-0.8338498,0.99934053
0.9999837,0.20757018,0.8906519,0.5981467,0.9998097,-0.08638153,0.9967533,0.99931616
0.9999822,0.16670687,0.99983424,0.71246785,0.99950826,-0.2160012,-0.8263701,0.99925095
0.9999841,0.13409886,0.9998123,0.665727,0.9994338,-0.21198258,-0.83798367,0.99931616
0.9999897,0.20573603,0.96564806,0.6590036,0.9998263,-0.21348315,0.9862376,0.9993877
0.9999794,0.11831665,0.99976283,0.50391376,0.99953204,-0.15827231,-0.84001935,0.9993275
0.9999862,0.14063352,0.9997914,0.66708934,0.9994249,-0.22814971,-0.834793,0.9993894
0.9999809,0.09554151,0.9997536,0.49655926,0.9995156,-0.18260172,-0.8409864,0.99927294
0.99998677,0.20574883,0.97230804,0.6454536,0.9998288,-0.23732889,0.9836092,0.99985164
0.9999838,0.13031887,0.9998133,0.658816,0.9993712,-0.2475663,-0.8421749,0.9990897
0.9999855,0.21730444,0.957822,0.721038,0.9998265,-0.18881378,0.9925692,0.99985373
0.99998224,0.1682288,0.9998421,0.743702,0.9994124,-0.25012463,-0.82794654,0.9992769
0.99998283,0.14711718,0.99981475,0.70436597,0.99944913,-0.24470228,-0.83212197,0.9993339
0.9999888,0.19887067,0.91969544,0.4591983,0.999849,-0.12541638,0.99220335,0.9997767
0.9999907,0.23421395,0.963091,0.7194538,0.99983096,-0.23049854,0.99080074,0.99943006
0.9999902,0.20982505,0.9487834,0.6908867,0.9997955,-0.22839718,0.99316907,0.99996585
0.99998873,0.20683889,0.93032336,0.6196683,0.9998148,-0.12722762,0.9940631,0.9993225
0.99998415,0.11780382,0.9997872,0.5953213,0.99952203,-0.18031178,-0.83434695,0.99927235
0.999988,0.21380797,0.96456206,0.70489955,0.99983567,-0.19730471,0.98939544,0.99938565
0.9999902,0.2182782,0.9484374,0.6728883,0.9998154,-0.1514011,0.99349666,0.99998194
0.99998945,0.19120272,0.91984075,0.5398052,0.9998663,-0.08591145,0.99408406,0.99987173
0.9999892,0.22325034,0.96531683,0.7190491,0.99982107,-0.23785417,0.99000484,0.99997187
0.99998534,0.13960941,0.99981254,0.63738483,0.9994792,-0.18800597,-0.83829486,0.99929583
0.999987,0.20172717,0.9011535,0.5696081,0.9998468,-0.090356745,0.9962404,0.99913645
0.99998426,0.15016136,0.9998217,0.6677444,0.9994288,-0.21287142,-0.8389169,0.9992213
0.9999891,0.21486704,0.95407724,0.717105,0.9998375,-0.20761107,0.993189,0.99914235
0.99998844,0.21545468,0.9499909,0.6906698,0.9997917,-0.21263434,0.99216914,0.9999751
0.99998534,0.14295894,0.9998067,0.6839566,0.99952406,-0.25168622,-0.83183116,0.9992486
0.99998564,0.12973665,0.9998158,0.7520418,0.9994763,-0.25785965,-0.82711387,0.99940836
0.9999866,0.23678437,0.9426431,0.7802665,0.99982136,-0.2173918,0.9955642,0.9995099
0.9999843,0.1614067,0.99984914,0.78776586,0.9994239,-0.26700896,-0.8174679,0.9993674
0.99998885,0.20983455,0.9269028,0.58058965,0.9998468,-0.08841739,0.9950526,0.99931127
0.99998146,0.14861093,0.99982184,0.7480334,0.9993649,-0.28311148,-0.8284185,0.9993659
0.9999886,0.21825895,0.95423424,0.7268661,0.99977094,-0.22988795,0.9924654,0.9998328
0.99998343,0.125849,0.9997979,0.6800135,0.9995211,-0.21823564,-0.8326426,0.99939084
0.9999891,0.2218418,0.96218586,0.6708734,0.9998028,-0.1861357,0.9896794,0.9993329
0.9999898,0.1869958,0.9410715,0.65449995,0.9997714,-0.18776697,0.99355465,0.99931896
0.9999877,0.21146598,0.93930024,0.62325203,0.9998356,-0.16324493,0.9925783,0.9993387
0.9999866,0.20514522,0.9253855,0.5773803,0.9998137,-0.13539527,0.99432427,0.9999673
0.9999866,0.14472161,0.9998027,0.6667597,0.9995223,-0.20748657,-0.83437735,0.999364
0.999985,0.15746443,0.9998153,0.7271942,0.9994628,-0.2782032,-0.8288302,0.99931973
0.9999822,0.11540266,0.99977314,0.5402669,0.99948037,-0.19182087,-0.84227884,0.999243
0.99998695,0.16106574,0.9998387,0.74273634,0.9994495,-0.24401037,-0.8237083,0.99929273
0.99998873,0.14845443,0.99982643,0.73954093,0.99949145,-0.2729051,-0.8281159,0.9992112
0.9999896,0.22999409,0.96790165,0.7493043,0.9998108,-0.23661649,0.99088275,0.9998463
0.99998826,0.22198714,0.9488071,0.72070765,0.9998147,-0.19481544,0.9936533,0.9993791
0.9999867,0.12442686,0.999789,0.657986,0.99953735,-0.23167343,-0.8328531,0.9992658
0.99998826,0.22419736,0.9237467,0.69321245,0.9997571,-0.17866884,0.9959603,0.999985
0.99998456,0.13872458,0.9997797,0.6338367,0.9995817,-0.2007293,-0.8352965,0.9992945
0.9999855,0.16103081,0.9998333,0.7034932,0.99951977,-0.21895245,-0.8229746,0.99933916
0.9999899,0.23477377,0.915048,0.75451535,0.9997871,-0.16166203,0.99710226,0.9998546
0.99999046,0.21668933,0.9540957,0.69713306,0.9998488,-0.22566308,0.9923884,0.9999352
0.999987,0.14737822,0.99982274,0.7578335,0.9994462,-0.26696658,-0.8211688,0.99940985
0.9999824,0.11603048,0.9997595,0.570059,0.99960035,-0.19566698,-0.8338344,0.99925536
0.99998605,0.21342057,0.9418576,0.57504356,0.9998326,-0.087504186,0.9936554,0.99992394
0.99998766,0.20815496,0.95643294,0.6444529,0.99984235,-0.20115991,0.9905445,0.9999735
0.99998444,0.15510336,0.99983525,0.73538554,0.9995509,-0.247874,-0.8276344,0.9992596
0.9999869,0.19802073,0.909912,0.64663607,0.999839,-0.17222665,0.99530154,0.99987876
0.99998415,0.14257614,0.9998328,0.755023,0.999357,-0.27589282,-0.8290609,0.99928933
0.9999869,0.14420868,0.9997817,0.6782818,0.9994204,-0.24205436,-0.8291478,0.99939793
0.9999847,0.14850654,0.9998145,0.63488567,0.9995615,-0.18110928,-0.8299961,0.99932605
0.99998736,0.116937466,0.9997782,0.6441982,0.999528,-0.23578784,-0.8355505,0.999251
0.99998593,0.22229868,0.94550264,0.69533384,0.99983644,-0.15897626,0.9944036,0.9991675
0.99999017,0.22612965,0.9584661,0.7758713,0.9998029,-0.22183935,0.99371564,0.9994246
0.9999869,0.21894963,0.9647865,0.6808336,0.99984485,-0.21054043,0.9901886,0.99994004
0.99998534,0.13476127,0.99980074,0.66474223,0.99954504,-0.2322324,-0.8333732,0.9992931
0.999985,0.15490054,0.9998299,0.70895886,0.9993775,-0.21424237,-0.83263856,0.9992287
0.99998504,0.13223298,0.9997924,0.6698616,0.9994566,-0.23893823,-0.835776,0.9993139
0.9999815,0.13417755,0.9998053,0.65384305,0.9994375,-0.20188986,-0.83972263,0.9993268
0.99998516,0.14513746,0.99981165,0.7267574,0.99927497,-0.24944109,-0.8332364,0.99932575
0.99998885,0.18369505,0.99983704,0.80935705,0.99951,-0.29964727,-0.8112297,0.999403
0.9999876,0.14434008,0.999785,0.6688026,0.9994637,-0.2605593,-0.83267796,0.99918175
0.9999842,0.17602839,0.99984205,0.7375649,0.9994456,-0.19799589,-0.8237202,0.9993957
0.99998724,0.2053463,0.92518836,0.5321812,0.9998439,-0.06600316,0.9947887,0.9991302
0.99998754,0.21590908,0.94390416,0.67813426,0.9997903,-0.19945668,0.99296016,0.9992353
0.999984,0.21780445,0.9131475,0.7152597,0.9998063,-0.1687899,0.9966061,0.99999976
0.99998826,0.21632802,0.933548,0.691993,0.9997988,-0.17716382,0.99553835,0.9993365
0.99998283,0.20852172,0.88339114,0.50216746,0.99984974,-0.04164148,0.996197,0.99936813
0.99998444,0.13724092,0.9998031,0.68286395,0.999548,-0.21027233,-0.8291168,0.9993964
0.9999861,0.15024087,0.9998141,0.7450385,0.9994391,-0.27287358,-0.82990384,0.99931574
0.9999872,0.23302783,0.9232638,0.7464207,0.9998032,-0.15859754,0.9962995,0.99929523
0.99998707,0.18952262,0.93322176,0.4147983,0.99984586,-0.08785013,0.9914586,0.99989504
0.9999853,0.16038795,0.99982715,0.73633444,0.9994424,-0.23401703,-0.8213326,0.99934536
0.99998796,0.23295055,0.9597243,0.75123674,0.9998167,-0.24666454,0.9932776,0.9998544
0.99998516,0.17509906,0.99985814,0.82924485,0.99920183,-0.32093534,-0.81822515,0.9993076
0.999991,0.20969504,0.960247,0.6678417,0.999799,-0.23074307,0.98984605,0.9998257
0.9999846,0.14924367,0.99980146,0.6733971,0.99953425,-0.1652352,-0.8279997,0.9994898
0.9999875,0.11961074,0.99976975,0.6474971,0.99948776,-0.22121276,-0.83382165,0.99931663
0.9999843,0.14496809,0.99984264,0.7963567,0.9993491,-0.30389363,-0.8231821,0.99931407
0.99998355,0.13307533,0.9998067,0.67896163,0.9994279,-0.27100593,-0.83418196,0.99918276
0.9999911,0.1999819,0.9559365,0.668259,0.99979913,-0.23830473,0.9890569,0.99934655
0.9999851,0.10561961,0.99974334,0.628193,0.99945766,-0.23517095,-0.8343253,0.99945724
0.9999899,0.21023722,0.95496666,0.60000324,0.99983263,-0.19982815,0.98873276,0.9992741
0.9999806,0.11731076,0.99981093,0.6599382,0.99951243,-0.22297373,-0.83371085,0.9993035
0.9999888,0.2042767,0.89998704,0.5277282,0.9997789,-0.07799464,0.995094,0.999366
0.99998957,0.22238384,0.9571989,0.708426,0.99978286,-0.21828552,0.9923904,0.9999792
0.99999094,0.21439143,0.96104616,0.72986615,0.9997835,-0.2801091,0.98975587,0.9999835
0.99998236,0.09913984,0.999749,0.5323629,0.99957573,-0.16486998,-0.8334142,0.99936265
0.9999895,0.2057747,0.94124913,0.66441905,0.9998069,-0.23962352,0.99235135,0.9999664
0.99998707,0.2335929,0.9491252,0.73979783,0.9998064,-0.17166087,0.9942418,0.9999695
0.9999872,0.21228905,0.9032769,0.56384933,0.99985206,-0.10725287,0.9955438,0.9992916
0.99999064,0.2058824,0.941393,0.69412243,0.9998257,-0.14346083,0.99477917,0.99997663
0.9999844,0.11091557,0.99975586,0.48978436,0.9995852,-0.1372981,-0.8394217,0.9993486
0.999988,0.20749004,0.9426815,0.6656666,0.9998005,-0.1944533,0.9926292,0.999849
0.99998194,0.13291988,0.9998284,0.6882138,0.99943054,-0.2365887,-0.8385325,0.99924546
0.99998593,0.21766102,0.90364075,0.5712544,0.999833,-0.066856116,0.9962379,0.999192
0.99998796,0.20416354,0.9379231,0.6220976,0.9998211,-0.17968273,0.99265903,0.9999706
0.9999867,0.1891459,0.9297823,0.43346938,0.9998259,-0.1055055,0.99197483,0.999104
0.99998766,0.16107732,0.99982554,0.79090124,0.9994645,-0.28525174,-0.8188481,0.9994534
0.9999844,0.1938061,0.9351818,0.56971276,0.9998049,-0.17235813,0.99306834,0.9998648
0.9999911,0.21500923,0.9677947,0.75861776,0.9998334,-0.2317378,0.99060035,0.9993061
0.9999866,0.21807474,0.94104874,0.6764002,0.9998129,-0.14874947,0.9944716,0.9994901
0.9999907,0.21254227,0.94853586,0.7316091,0.9997912,-0.24397503,0.994365,0.999449
0.9999846,0.1258272,0.999828,0.7141838,0.9994425,-0.26676518,-0.8330807,0.99912155
0.9999843,0.15420927,0.9998264,0.69734204,0.99952215,-0.19348225,-0.8272646,0.99948746
0.9999893,0.23074862,0.95867985,0.7561524,0.9998184,-0.2321569,0.9932752,0.9992729
0.99998856,0.2264325,0.9677539,0.70157516,0.9998208,-0.21396188,0.9903297,0.99995214
0.9999905,0.23027994,0.96277326,0.7642979,0.99982154,-0.2294292,0.9926185,0.99931264
0.9999886,0.21610834,0.9558964,0.71786565,0.9998337,-0.23224905,0.9932587,0.9998397
0.99999017,0.22528546,0.96418405,0.7374623,0.99981964,-0.24300396,0.9918818,0.99947673
0.9999881,0.14084455,0.99981266,0.7664361,0.9994307,-0.2831602,-0.82338333,0.99939483
0.99998546,0.13360366,0.9997977,0.63939416,0.9995365,-0.20780185,-0.8332093,0.99921584
0.9999874,0.15974817,0.9998052,0.7567559,0.99938774,-0.2782884,-0.8208529,0.9993629
0.99998885,0.2240932,0.965502,0.6678773,0.9998538,-0.18747926,0.9897774,0.99931735
0.9999881,0.19661154,0.9315783,0.5858658,0.99982214,-0.16608109,0.99319434,0.9993305
0.99998885,0.21550123,0.9528777,0.73922145,0.99982125,-0.20532422,0.99418014,0.9999909
0.99998945,0.22556512,0.95111513,0.7029394,0.9997651,-0.22173847,0.9930466,0.9998558
0.999987,0.15542299,0.9998277,0.7792667,0.99932307,-0.32020494,-0.82508016,0.9992864
0.99998385,0.12927786,0.9997897,0.55359447,0.99960315,-0.13504729,-0.83444905,0.9992983
0.99999005,0.23887154,0.9804124,0.8015132,0.99987006,-0.20673087,0.98890865,0.9998511
0.99998516,0.14466777,0.99981153,0.7065965,0.99944067,-0.2850971,-0.83495903,0.999086
0.9999816,0.18339756,0.99984825,0.6988282,0.99947274,-0.20967868,-0.8344599,0.99930227
0.999989,0.22448094,0.9573763,0.7430824,0.9998447,-0.23034388,0.9933473,0.9994146
0.99998724,0.19849166,0.93196934,0.5885924,0.99981534,-0.21152347,0.9922669,0.9991182
0.99998486,0.2019316,0.9330162,0.5598167,0.9998633,-0.11648598,0.99324584,0.9993993
0.99998885,0.13094695,0.99977726,0.66356474,0.99947953,-0.23968385,-0.83276975,0.99933857
0.9999849,0.11019575,0.999756,0.581463,0.9995655,-0.2062755,-0.83136773,0.9993299
0.99998736,0.16663647,0.99982977,0.77085173,0.999454,-0.2675509,-0.82387215,0.9994126
0.99998426,0.12147035,0.9997977,0.6595402,0.99957967,-0.21767808,-0.8323648,0.9993172
0.9999836,0.12835716,0.9997708,0.6655149,0.99948746,-0.28248748,-0.8336988,0.9991517
0.9999893,0.22983524,0.93563116,0.7203486,0.99980646,-0.18663256,0.99498725,0.9991564
0.99998623,0.2077885,0.9296705,0.64802814,0.9998371,-0.14058498,0.9947628,0.99934745
0.9999854,0.15278096,0.99980444,0.68607414,0.9994718,-0.22475208,-0.835726,0.9993096
0.9999882,0.209647,0.9367331,0.6724707,0.999841,-0.15582709,0.9946306,0.99934876
0.9999837,0.22308266,0.9030518,0.66394854,0.9998333,-0.1428692,0.9959654,0.9990665
0.9999854,0.19761597,0.92596966,0.53604656,0.9998193,-0.09549933,0.99405646,0.9998052
0.99998003,0.1045793,0.9997716,0.5778432,0.9995121,-0.20528865,-0.8332532,0.99938506
0.9999838,0.1385504,0.9997832,0.67666566,0.99944204,-0.2659678,-0.8395589,0.9992025
0.99999017,0.18986651,0.95617986,0.5871725,0.9998187,-0.18112917,0.98616236,0.99996483
0.9999816,0.12664573,0.9998152,0.6867723,0.9995166,-0.20613746,-0.8340267,0.9993626
0.99998575,0.2165123,0.960734,0.72431535,0.99981433,-0.21893169,0.9918133,0.99933773
0.9999897,0.19294484,0.9582897,0.6468078,0.99984944,-0.19557348,0.9885912,0.9993501
0.99998796,0.220614,0.9419847,0.68360364,0.99980605,-0.178805,0.99390465,0.9992334
0.99998516,0.1804814,0.9998363,0.7711349,0.999307,-0.25515017,-0.8260696,0.9993849
