fLength,fWidth,fSize,fConc,fConc1,fAsym,fM3Long,fM3Trans,fAlpha,fDist
False,True,True,True,False,False,False,True,True,True
False,True,True,False,False,False,False,True,False,False
True,False,False,False,False,True,False,True,True,False
True,False,False,True,True,True,False,False,True,False
False,False,False,True,False,True,False,True,True,False
True,True,True,True,True,True,False,False,False,False
False,False,True,False,False,True,False,True,False,True
True,False,False,True,True,True,True,False,False,False
True,True,False,False,False,False,True,True,True,False
False,True,True,True,True,False,True,False,False,False
False,True,False,True,True,False,False,True,False,False
False,False,True,True,True,True,True,False,True,True
True,True,False,False,False,False,True,True,False,True
False,False,False,False,True,False,True,True,False,True
True,False,False,False,False,False,True,True,False,False
True,False,False,False,True,False,True,True,False,True
False,True,True,True,False,True,False,False,False,True
True,False,True,False,True,False,True,False,True,False
False,False,True,True,False,True,True,True,True,False
False,True,True,True,False,False,True,True,True,True
True,False,False,True,True,False,False,True,False,False
True,True,True,False,True,False,False,True,True,True
True,True,False,False,False,False,True,False,True,True
True,True,True,False,False,True,False,False,True,False
True,True,True,False,False,True,False,True,True,True
False,False,True,False,False,True,True,True,True,False
True,True,False,True,True,True,True,True,False,False
True,True,True,True,True,True,True,True,True,True
True,False,False,False,True,False,False,True,False,True
False,False,True,False,False,True,True,False,True,False
False,True,True,True,True,True,True,False,True,False
False,False,False,True,True,True,False,False,False,False
True,True,True,False,True,True,True,True,False,False
False,True,False,False,False,False,True,True,False,False
False,False,False,False,False,True,True,False,False,True
True,True,True,False,False,True,False,True,True,True
False,True,False,True,True,False,True,True,False,False
False,False,False,True,False,False,True,False,True,False
False,True,True,True,True,True,False,False,True,True
True,False,False,True,False,True,True,False,True,True
False,True,True,True,False,True,False,False,True,False
False,True,True,True,True,False,False,False,True,True
True,True,False,False,False,True,False,True,False,False
False,True,True,False,False,True,False,True,True,False
False,True,False,False,True,True,True,True,False,False
True,True,False,True,False,False,False,False,False,False
False,True,True,True,True,False,False,True,False,True
False,True,False,True,True,True,False,True,True,True
True,True,False,True,True,True,False,False,True,True
False,True,False,False,False,False,True,False,True,True
True,True,False,True,True,False,True,True,True,True
True,False,True,True,False,False,False,True,True,False
True,False,True,True,True,False,False,False,False,True
True,True,True,True,True,True,True,False,False,False
True,True,False,True,True,False,False,True,True,True
True,True,True,True,True,False,False,False,True,True
True,False,False,False,False,True,False,False,True,False
True,True,False,True,True,True,False,True,False,False
False,True,False,False,True,False,False,False,False,False
False,True,False,False,True,False,True,False,False,False
False,False,False,False,False,False,False,False,True,True
False,True,True,False,True,True,False,False,True,True
False,False,False,False,True,False,False,True,False,False
True,True,True,True,False,False,True,False,False,False
False,False,False,False,False,True,True,True,True,False
False,True,True,True,False,False,False,False,True,True
False,True,True,False,False,False,False,False,False,False
False,True,False,True,False,True,False,False,True,True
True,False,False,True,True,True,True,False,True,False
False,False,True,False,False,True,False,True,False,False
True,False,False,False,False,True,False,True,False,True
True,True,False,False,False,True,True,True,False,True
True,False,False,True,True,True,False,True,False,False
False,True,True,True,False,True,False,True,False,False
False,False,True,True,False,True,False,True,True,True
False,True,True,False,False,True,True,True,True,True
False,False,False,True,False,True,True,True,False,True
False,True,False,False,True,False,False,True,True,True
True,True,False,False,False,True,True,False,False,True
False,True,True,True,False,True,True,True,True,True
True,False,True,True,False,True,True,True,False,False
True,True,False,True,True,True,True,False,False,False
True,False,False,False,True,True,False,False,True,False
False,False,False,False,False,False,True,False,True,True
False,True,False,True,False,False,False,True,True,True
False,True,False,True,False,False,False,False,True,False
True,False,True,False,False,True,False,False,True,True
False,False,True,False,False,False,True,True,False,False
False,True,False,False,True,False,True,False,False,False
True,True,True,False,True,False,False,True,False,False
False,False,False,True,False,True,True,False,False,False
True,False,True,False,True,False,False,True,True,False
True,False,True,True,False,False,False,True,True,False
False,True,True,True,False,False,False,True,False,True
False,True,True,True,False,False,False,True,True,True
True,True,False,True,False,False,True,False,False,True
False,True,False,False,False,False,True,False,True,False
True,True,True,False,False,False,True,False,False,True
False,True,False,False,True,False,True,False,False,True
True,True,False,True,False,False,True,False,True,False
False,True,True,True,True,True,True,True,False,False
False,True,True,False,True,True,False,True,True,False
True,False,True,True,True,False,True,True,False,True
False,True,False,False,False,True,False,True,False,False
True,True,False,True,True,True,False,False,True,False
True,True,True,True,True,False,True,False,False,True
True,True,True,False,False,True,False,False,False,False
False,False,False,False,True,False,False,True,False,True
True,False,False,True,True,False,True,False,True,False
True,True,True,True,False,False,False,False,True,False
False,True,True,True,True,False,False,True,True,False
True,False,False,True,True,True,False,True,False,False
True,True,True,True,True,True,False,False,False,False
True,False,False,False,True,False,True,False,False,True
True,False,True,True,False,True,True,True,True,True
True,True,True,True,True,True,False,True,True,False
True,False,False,True,False,True,True,True,False,False
True,True,True,False,True,True,True,False,True,True
True,False,True,True,False,True,True,False,False,True
False,True,False,True,False,True,True,True,True,False
True,False,False,False,False,True,True,False,False,True
False,False,False,True,True,False,False,True,True,False
True,False,False,True,False,True,False,False,True,False
True,False,False,False,True,False,True,False,True,False
True,True,True,True,True,True,False,False,True,True
True,False,False,False,True,False,False,False,False,True
False,True,False,False,False,False,False,False,True,False
True,True,True,False,False,False,False,True,False,False
True,True,True,False,False,True,False,False,False,False
False,False,True,True,True,False,False,False,True,True
False,True,False,True,True,True,True,True,False,True
False,True,True,True,False,True,True,True,False,False
False,False,True,False,True,False,False,True,True,False
True,True,False,True,True,True,False,True,False,False
False,False,True,True,True,False,False,False,True,False
True,True,False,True,False,True,True,False,False,True
True,False,True,True,True,False,True,True,False,False
True,False,True,False,False,True,False,True,False,True
False,False,True,False,True,False,True,False,True,False
False,False,False,True,False,True,False,False,True,True
False,False,False,True,True,False,True,True,True,True
False,False,False,False,True,True,False,False,False,True
False,True,False,False,True,True,False,True,True,True
False,True,False,True,False,False,False,True,False,True
True,False,True,False,True,False,True,True,True,True
False,True,True,True,False,True,True,True,False,True
False,True,False,True,True,False,True,False,True,True
True,True,True,False,False,True,True,True,True,False
True,False,True,False,False,False,False,True,False,False
False,False,False,False,True,True,True,False,False,True
True,False,False,False,False,False,True,True,True,True
True,True,True,False,False,False,True,True,False,True
False,True,False,False,False,False,False,False,True,True
False,True,True,False,False,False,False,True,False,True
True,False,True,False,True,False,True,True,False,True
True,True,True,True,False,False,True,False,True,True
False,False,True,False,True,False,True,False,True,False
True,False,True,True,False,False,False,True,True,True
False,False,True,False,True,False,True,False,False,True
True,True,False,False,True,True,False,False,False,True
False,False,False,False,False,True,False,True,False,True
True,True,True,False,False,True,True,True,True,True
False,False,True,True,False,True,False,True,False,False
True,False,True,True,True,False,False,False,True,True
True,True,True,True,False,True,False,True,True,True
False,False,False,False,False,True,True,False,False,False
True,True,True,False,True,True,False,True,False,True
False,True,True,True,True,False,False,False,False,True
False,True,True,True,False,True,True,False,True,True
False,True,False,False,False,False,False,False,True,True
True,False,False,True,False,False,True,False,True,True
False,False,True,False,False,True,False,True,True,False
False,False,False,False,True,False,True,True,True,True
False,True,True,False,False,True,False,False,False,False
True,True,True,False,False,False,False,False,True,False
True,False,False,False,True,True,True,False,False,True
False,True,False,False,False,False,True,False,False,False
False,True,True,True,True,False,True,False,False,True
False,True,False,True,True,True,True,True,False,True
False,True,True,True,False,False,True,False,False,False
True,True,False,False,False,True,True,False,False,False
True,True,False,False,False,True,False,True,True,False
False,False,True,True,True,True,False,True,True,False
True,True,True,True,True,True,False,False,True,False
False,False,False,True,True,False,False,False,True,True
False,True,True,True,True,False,True,False,True,True
True,True,False,True,True,True,False,False,False,True
True,False,True,True,True,True,True,True,False,True
True,True,True,True,False,False,False,False,True,True
False,False,True,False,True,True,True,False,False,True
True,False,True,False,True,False,True,False,False,False
False,True,True,False,False,True,True,True,False,False
True,False,True,False,True,False,True,False,True,False
True,True,True,True,True,True,False,True,False,False
False,False,True,True,True,True,False,False,False,False
False,False,True,True,True,True,True,False,True,True
False,False,True,False,True,True,False,False,False,False
False,True,False,True,False,True,False,False,True,True
False,True,False,False,False,False,True,False,False,True
True,False,True,False,True,True,True,False,False,False
False,False,True,False,False,True,False,True,False,False
False,False,True,False,True,False,False,True,False,True
True,True,True,False,False,False,True,True,False,True
False,True,False,True,True,False,False,False,False,False
True,True,True,False,True,True,False,True,True,False
False,False,False,True,True,True,False,False,True,True
False,True,True,False,False,True,False,False,False,False
True,True,False,True,True,True,False,False,True,True
False,False,False,True,True,False,False,True,True,False
True,True,False,True,False,True,True,True,True,False
True,True,False,True,True,False,True,True,False,True
False,False,False,True,True,False,False,True,False,True
True,True,True,False,True,True,True,False,True,False
False,False,True,True,True,True,False,True,False,True
True,True,True,False,False,True,False,False,False,True
False,False,True,True,False,False,False,False,False,True
True,True,False,True,False,True,True,False,True,False
True,False,False,True,False,True,False,True,True,True
False,False,False,False,True,True,True,True,True,True
False,True,True,True,False,False,False,True,True,False
True,False,False,False,True,True,False,True,False,True
True,True,False,True,True,False,True,False,True,False
True,True,False,False,False,False,False,True,False,False
True,False,True,True,True,True,True,False,False,False
True,False,True,True,True,True,False,True,True,False
False,True,True,True,True,True,True,False,False,False
True,True,True,False,True,True,True,True,False,True
False,False,False,True,True,True,True,True,True,False
False,False,False,False,False,False,True,False,False,False
True,False,False,True,False,False,False,False,False,False
True,True,True,False,True,False,False,True,False,False
True,True,False,True,True,False,False,False,False,False
True,True,True,False,True,True,True,False,True,False
False,False,True,True,False,False,False,False,False,False
True,False,False,False,True,True,True,False,True,False
True,True,True,True,True,False,True,False,True,False
False,False,False,False,True,False,False,True,False,True
True,True,True,False,True,False,False,True,False,True
True,True,True,False,False,True,False,True,True,True
False,False,False,False,True,False,False,False,True,True
False,False,False,False,True,True,False,False,True,False
True,False,False,False,True,True,False,False,False,False
False,False,True,False,False,True,False,True,False,True
True,True,True,False,True,False,False,False,True,False
True,True,True,True,False,False,False,False,False,False
False,True,True,False,True,False,False,True,False,False
True,True,True,True,True,False,False,False,False,True
False,True,True,True,True,True,False,True,False,True
False,True,True,False,False,True,False,True,True,False
False,False,True,False,True,False,True,True,True,False
True,True,True,True,False,False,True,False,True,True
False,True,False,True,True,True,False,False,True,True
True,False,False,False,True,False,False,True,False,True
True,True,False,False,True,True,True,False,True,True
True,True,True,True,False,False,False,False,False,False
False,False,True,True,False,True,True,False,False,True
True,True,False,False,False,False,False,False,True,True
False,True,False,False,False,True,True,True,False,True
False,True,True,False,True,True,False,True,False,True
True,True,True,True,False,True,False,False,False,False
True,False,True,False,False,True,False,False,True,False
True,False,False,True,False,False,False,False,True,False
True,True,False,True,False,True,False,True,False,False
True,True,False,False,True,True,True,True,True,True
False,False,True,True,False,False,True,True,False,False
False,False,False,False,True,False,True,True,False,True
False,True,False,True,True,False,False,True,True,False
True,False,True,False,True,False,False,False,False,True
False,True,False,False,False,False,False,False,False,False
True,True,False,False,True,True,True,False,True,True
True,True,False,False,True,True,False,False,False,False
True,True,False,False,False,False,True,True,True,False
True,True,True,False,False,False,False,False,False,False
True,False,False,True,True,True,True,True,True,False
False,False,False,False,True,True,True,False,True,True
False,True,False,False,True,False,False,True,True,False
False,False,True,False,False,True,True,False,True,True
False,False,True,False,True,False,False,False,False,False
False,True,True,True,True,False,True,False,True,True
True,True,True,False,False,True,False,True,True,False
True,True,True,True,True,True,True,False,False,True
False,True,True,False,True,True,False,False,False,False
True,False,True,False,False,True,True,False,False,False
False,True,False,False,False,True,True,False,True,False
False,True,True,True,True,False,True,False,True,False
True,False,False,True,False,True,False,False,False,False
True,False,True,True,False,True,True,True,False,False
True,True,True,False,True,False,False,False,True,False
False,True,False,False,False,True,True,False,True,True
False,True,True,True,False,True,True,False,False,False
False,True,False,False,True,False,True,False,False,False
False,False,True,True,False,True,True,True,False,False
False,True,True,False,False,True,True,True,True,False
True,True,False,True,True,False,True,True,True,False
False,True,False,True,True,False,True,True,False,True
True,True,True,False,True,True,True,True,False,True
False,False,False,True,True,True,True,True,True,False
False,False,True,True,False,False,True,False,True,True
False,False,True,True,True,True,False,True,True,True
False,True,True,False,False,True,False,False,False,True
True,True,False,True,True,True,True,False,True,False
True,False,False,False,True,False,True,False,False,True
False,False,True,False,False,False,True,True,True,True
False,False,True,False,False,False,False,True,False,True
False,True,False,False,True,True,False,False,False,False
False,False,False,False,True,True,True,False,False,True
False,False,True,True,True,False,False,True,False,True
True,True,False,False,True,True,True,False,False,True
True,True,False,True,True,True,False,False,True,False
False,True,False,True,False,True,True,False,False,False
False,True,True,False,False,False,True,False,True,True
True,False,True,False,False,True,True,False,False,False
False,False,False,False,True,True,True,False,True,True
True,True,True,True,False,True,True,True,True,False
False,True,True,True,False,False,True,True,True,False
True,False,True,False,False,True,True,False,True,False
False,False,False,True,False,False,True,False,True,False
True,False,False,False,False,False,True,True,True,True
False,False,False,False,True,True,False,False,True,True
False,True,True,False,False,True,True,True,False,False
True,True,False,True,True,True,True,True,False,True
False,True,False,True,False,False,False,False,True,True
True,False,False,False,False,True,False,False,False,False
True,True,False,False,False,False,False,True,True,True
False,False,True,True,True,False,True,False,True,True
True,False,True,False,False,False,True,False,False,True
False,True,False,False,True,False,False,True,True,True
False,False,True,True,True,True,True,False,False,True
False,False,True,True,False,False,False,True,True,False
False,True,False,True,True,False,True,False,False,True
False,True,True,False,False,False,False,False,False,False
True,True,True,False,False,True,False,False,True,True
True,False,True,True,True,True,True,True,False,True
True,True,False,False,True,True,True,True,True,True
True,True,True,False,False,True,False,False,False,False
False,False,True,True,False,False,True,False,True,True
True,False,True,False,True,True,False,False,False,True
False,True,False,True,True,True,True,False,False,True
False,False,False,False,False,True,False,True,False,True
False,True,True,False,True,True,True,True,False,True
False,False,True,False,True,True,True,True,False,False
False,False,False,False,True,True,False,True,False,False
True,True,True,False,True,True,True,True,True,True
True,True,True,False,True,False,False,True,True,True
False,True,False,True,True,True,True,True,True,False
False,True,True,False,True,False,True,True,True,True
False,False,True,True,False,True,False,True,True,False
False,True,True,True,True,True,True,True,False,False
False,True,False,True,True,True,False,False,False,False
False,True,True,True,True,False,True,True,False,True
False,True,True,False,True,True,True,False,True,False
False,False,True,True,True,True,False,False,False,False
False,False,False,False,False,False,True,True,True,False
False,True,False,False,False,False,False,False,True,False
False,True,False,False,True,False,False,False,False,True
True,False,True,True,False,True,False,False,False,False
False,True,False,False,False,True,True,True,True,True
False,True,True,True,True,False,False,False,True,False
False,True,False,True,False,False,False,True,False,False
True,False,True,True,False,True,False,True,False,True
False,True,False,False,False,False,True,False,True,True
True,False,False,True,False,False,True,True,True,False
True,False,False,True,False,False,False,True,True,True
True,False,False,False,False,False,True,False,False,False
False,True,False,False,True,False,False,False,True,True
True,False,True,False,False,False,False,True,True,True
True,True,False,False,True,False,True,False,False,False
False,False,True,False,True,False,False,False,True,False
True,False,True,False,True,True,True,False,False,False
True,True,True,False,False,False,True,True,True,False
True,True,False,True,True,True,True,False,False,True
False,True,True,True,True,False,False,False,False,False
False,True,True,False,False,True,False,False,False,True
False,True,False,True,False,False,True,True,True,True
True,True,True,False,False,False,True,False,False,True
True,True,False,True,False,False,False,False,False,True
False,True,True,False,False,False,True,False,False,False
True,True,False,True,True,True,True,True,True,True
False,False,False,True,True,False,True,False,False,True
False,False,True,True,False,True,True,False,False,True
False,True,True,True,False,True,False,False,False,False
True,False,False,True,False,True,False,True,True,False
False,False,True,False,False,False,False,False,True,False
False,True,True,False,False,False,True,False,True,True
True,False,False,False,False,True,True,True,True,False
False,False,True,True,True,False,False,True,False,True
True,True,False,False,False,False,False,True,True,False
False,False,False,True,False,False,False,True,True,False
True,True,True,False,True,True,True,True,True,False
True,True,True,False,True,True,False,True,True,True
False,False,True,False,True,False,True,False,True,False
False,False,False,True,True,False,True,False,True,True
True,False,True,False,True,False,True,True,True,False
True,False,True,False,False,True,False,False,False,False
True,True,False,False,False,False,True,True,False,False
False,True,True,False,False,True,True,False,False,False
True,False,False,True,False,True,False,False,True,False
True,True,False,True,False,True,False,True,False,False
True,True,False,False,True,True,False,False,False,True
False,False,True,False,False,False,False,False,True,False
True,True,True,False,False,False,False,False,True,False
False,False,True,False,True,False,True,True,False,False
False,False,True,True,True,True,False,False,True,False
True,False,False,True,False,True,True,True,True,True
True,False,False,True,False,False,False,True,True,False
True,True,True,True,True,False,True,False,True,True
False,False,True,False,True,False,False,True,True,True
False,True,True,True,True,True,False,False,True,False
True,False,True,True,False,False,False,True,True,False
True,False,False,True,False,False,False,False,False,False
True,False,True,False,False,True,True,False,True,True
True,True,False,False,True,False,True,False,False,True
False,True,True,True,True,True,True,True,False,False
False,False,True,True,True,False,True,False,True,True
False,False,False,True,True,True,False,False,True,True
False,False,True,False,False,False,True,True,True,True
True,False,True,False,True,False,False,False,False,False
False,True,False,True,True,True,True,True,False,False
False,True,True,False,False,True,False,True,True,True
True,True,False,True,True,False,False,False,False,True
True,False,False,True,False,False,True,True,False,False
False,True,True,False,True,True,False,False,True,False
False,True,True,True,True,True,False,True,False,False
True,True,False,True,False,False,False,True,True,False
True,False,True,False,False,True,False,False,True,True
False,False,False,True,False,True,True,False,False,False
False,True,False,False,True,False,True,False,True,True
True,True,False,False,True,True,False,False,False,False
False,True,False,False,True,True,True,True,False,True
True,False,True,True,False,False,False,False,False,True
False,True,True,True,True,False,False,True,True,True
False,True,False,True,True,False,True,False,False,True
True,True,True,False,True,True,False,True,False,True
False,False,False,True,False,False,True,True,False,False
False,False,True,True,True,False,True,True,True,True
True,True,False,True,True,True,False,True,True,False
False,True,True,True,False,True,False,False,False,False
False,False,False,False,True,False,False,True,False,True
False,False,True,True,True,True,True,False,False,False
False,True,True,False,True,True,False,False,False,False
False,True,False,False,True,True,True,False,False,True
False,False,True,True,False,False,False,False,False,False
False,True,True,True,False,False,False,False,False,True
True,True,False,True,False,False,False,True,True,False
True,True,False,False,False,True,False,True,False,True
False,True,True,True,True,False,True,False,False,True
False,True,True,False,True,False,False,False,True,True
True,True,False,False,True,False,False,False,True,True
False,False,True,True,False,True,False,False,True,True
False,True,True,True,True,True,False,False,False,False
True,True,False,False,False,False,True,False,True,True
False,False,False,True,True,False,True,True,False,False
True,True,True,True,True,False,True,True,True,False
False,False,False,False,True,True,False,True,False,False
False,True,False,False,False,True,False,True,True,True
True,False,False,True,False,True,True,True,True,True
True,False,True,False,False,True,False,False,False,True
True,True,False,True,True,False,False,False,True,True
True,False,True,True,True,True,False,False,True,True
True,False,True,False,False,True,True,False,False,False
False,True,True,False,True,True,True,False,True,False
False,False,False,False,False,False,True,True,False,True
True,True,False,True,True,True,False,True,True,True
False,False,True,True,False,True,False,True,True,True
True,False,True,False,True,True,True,False,True,False
False,True,False,True,False,False,True,True,False,True
True,True,False,True,True,True,False,True,True,True
False,True,True,False,False,True,False,True,True,True
False,False,True,False,True,False,False,False,True,True
False,False,False,True,False,True,True,True,False,True
False,False,True,True,False,False,True,False,True,True
False,False,False,True,True,False,True,True,False,True
False,False,False,False,False,False,True,True,True,False
False,False,True,True,False,False,True,False,False,True
True,False,False,True,False,False,False,False,False,True
False,False,True,True,True,True,False,True,False,True
False,True,True,False,True,True,True,False,True,False
False,False,False,True,False,True,False,False,False,False
False,False,True,False,False,False,True,True,False,False
False,True,False,False,False,False,False,True,False,True
False,False,True,False,True,True,False,True,False,True
False,True,False,True,True,True,True,True,True,False
False,False,False,False,True,False,True,False,False,True
True,True,True,False,True,False,False,False,False,False
True,True,False,False,False,False,True,False,True,False
True,False,True,False,True,False,False,True,True,True
True,True,False,False,False,True,False,False,True,True
False,False,False,False,False,True,True,True,False,True
False,False,True,False,False,True,False,True,False,True
False,False,True,False,False,False,False,False,False,True
False,False,False,False,True,False,True,False,True,True
True,True,True,False,False,True,False,False,True,False
True,True,True,True,False,False,False,False,True,True
False,False,True,False,False,False,True,True,True,True
False,False,True,False,True,True,True,True,True,True
False,False,False,True,False,True,False,True,False,True
True,False,False,True,False,False,True,True,True,False
False,True,True,True,False,False,False,False,False,False
True,False,True,True,True,False,True,True,True,True
True,True,False,True,False,True,False,False,True,True
False,False,True,False,True,False,True,True,False,False
False,True,True,True,False,False,False,False,True,True
True,False,True,True,True,True,False,False,True,False
False,True,True,True,False,False,True,True,True,True
True,True,False,True,True,True,False,True,False,True
False,True,False,False,False,True,False,False,True,False
True,True,True,False,True,False,False,False,True,False
True,True,False,False,True,True,True,False,False,False
False,False,True,False,False,True,True,False,True,False
False,False,True,False,False,False,True,False,False,False
False,True,True,False,False,False,False,False,True,True
True,True,True,True,False,True,False,False,True,False
False,True,False,False,True,True,True,False,False,True
True,True,False,False,True,False,True,False,True,True
True,False,True,True,False,True,True,True,True,False
False,False,True,True,True,False,False,True,False,False
True,False,False,False,False,True,False,False,False,True
False,True,False,False,False,True,True,False,True,True
False,True,False,True,True,True,True,False,True,False
False,True,True,True,False,True,True,False,False,False
False,True,True,True,True,False,True,False,True,False
True,False,False,True,False,True,False,True,False,False
False,False,False,False,False,False,True,True,False,True
True,False,True,False,True,False,True,True,False,False
True,False,True,True,True,True,True,True,False,False
False,True,True,False,True,False,False,True,False,True
False,True,True,False,True,True,False,False,True,False
False,False,False,True,False,False,False,False,True,False
True,False,False,True,False,True,True,False,False,True
False,False,False,False,True,False,False,True,False,False
True,False,True,True,False,True,False,False,True,True
False,True,True,True,True,False,False,True,False,True
False,False,False,True,False,True,False,False,False,True
False,False,False,False,True,True,False,True,True,False
True,True,False,False,True,True,False,False,False,True
True,True,False,True,True,False,False,True,True,False
True,False,True,True,True,True,True,False,True,False
False,False,False,True,False,True,True,False,True,False
False,True,False,False,True,True,False,True,True,True
False,True,True,True,True,False,False,False,False,True
False,True,True,False,False,True,True,False,False,True
True,False,True,False,False,False,False,False,False,False
False,False,True,False,False,True,True,False,True,True
True,False,True,False,True,True,False,True,False,True
False,False,False,True,False,False,False,True,True,False
False,False,False,False,True,False,False,False,True,True
True,False,False,False,False,True,True,True,True,False
True,False,False,True,False,False,False,True,True,False
True,False,False,True,True,True,False,True,True,True
False,True,True,False,False,False,True,True,True,True
True,False,False,False,False,False,True,False,False,False
False,True,True,True,False,True,True,True,False,True
True,True,True,False,True,False,True,False,False,False
True,False,True,True,False,False,False,True,True,False
False,True,True,True,True,False,False,False,False,False
False,False,True,True,True,True,False,True,False,True
False,True,False,False,True,False,True,True,True,True
True,False,True,True,True,False,True,True,True,False
False,False,True,True,False,False,False,False,True,True
False,True,False,True,False,False,False,True,True,True
False,False,False,True,False,True,True,True,False,False
False,True,True,False,False,True,True,False,True,False
False,True,True,True,False,True,False,False,True,False
True,True,False,False,False,False,True,True,False,False
True,True,False,False,True,False,False,True,True,True
True,True,False,False,False,False,True,True,True,True
False,False,True,True,True,True,True,True,False,True
True,False,True,False,True,False,True,False,True,False
False,False,True,False,False,True,True,True,False,True
False,False,True,True,True,False,False,False,True,False
False,False,True,False,True,False,True,False,True,True
False,True,False,True,True,False,False,False,False,False
False,False,True,False,False,True,False,False,False,True
True,False,True,True,True,True,True,False,False,False
True,True,True,True,False,True,True,True,True,True
False,True,False,True,True,False,True,False,False,False
True,True,True,False,True,True,False,False,False,True
True,True,False,True,False,False,True,False,True,False
True,False,True,False,False,True,False,True,True,False
False,True,True,True,True,True,False,True,True,False
False,False,False,True,False,False,False,True,True,False
False,True,True,False,False,False,False,True,True,False
True,False,True,True,False,False,True,False,False,True
True,False,True,False,True,True,True,False,True,True
False,False,False,False,True,False,False,True,False,True
False,True,True,True,False,True,False,False,False,True
False,True,False,False,True,False,True,False,True,True
False,False,True,True,False,False,True,True,False,False
False,True,False,True,False,False,True,True,True,False
True,True,False,False,False,False,True,False,True,True
True,True,False,False,False,True,False,True,False,False
False,True,True,False,True,False,True,True,False,True
False,True,False,True,False,True,True,True,True,True
False,False,False,True,False,True,True,False,False,False
False,False,False,True,True,False,False,False,True,True
False,False,True,True,False,True,False,False,True,True
False,True,False,True,False,True,True,False,True,True
True,False,True,True,False,True,False,False,True,True
True,False,True,False,False,False,True,True,True,True
False,True,False,False,False,True,True,True,False,False
True,False,True,True,False,True,True,False,True,False
True,True,True,True,False,True,False,True,True,False
False,True,True,False,False,False,True,False,True,False
True,False,True,False,True,False,True,True,False,True
True,False,False,False,True,True,False,True,True,True
True,True,True,False,True,False,False,False,True,True
False,False,False,True,False,True,False,False,False,False
True,False,False,False,False,False,False,True,True,False
False,True,False,False,False,False,True,False,True,False
False,True,False,True,False,True,False,True,False,True
False,True,False,True,False,False,False,False,False,True
True,False,True,True,False,True,True,True,False,True
False,False,False,True,True,True,True,False,False,False
False,True,True,False,False,False,False,True,True,True
False,False,False,True,True,False,True,False,True,True
True,True,False,False,False,False,True,True,False,True
False,False,False,False,False,False,False,True,False,False
False,True,False,True,True,True,True,False,False,False
True,False,False,True,False,True,True,False,False,False
True,True,True,True,True,False,False,True,False,False
True,False,True,True,False,True,False,False,False,False
False,False,False,False,True,True,False,False,False,False
True,True,False,False,False,True,False,True,True,False
True,True,True,False,False,True,True,True,True,True
True,False,True,True,True,True,False,True,True,False
False,False,False,False,False,True,True,True,True,False
False,True,False,True,True,True,True,False,False,True
False,True,False,True,True,True,False,False,True,False
True,True,True,True,False,True,True,False,True,False
False,False,True,False,True,True,False,False,True,False
True,False,False,True,False,False,False,False,True,True
False,True,True,False,False,True,True,True,True,False
True,True,True,False,False,False,True,False,False,False
False,True,True,True,False,True,False,False,False,False
False,True,True,True,False,False,False,True,True,True
False,True,False,True,True,True,True,False,True,True
False,False,False,False,False,True,False,False,True,True
True,False,True,True,False,False,True,True,True,True
True,True,False,False,False,True,True,True,False,True
False,False,True,True,True,False,False,False,False,True
True,True,False,True,False,True,False,False,True,True
False,False,True,False,False,False,False,True,True,True
True,False,False,False,False,False,True,True,False,True
True,True,True,True,True,True,True,False,False,True
False,False,True,False,True,True,True,False,False,True
True,True,False,False,True,False,True,False,False,False
False,True,True,False,True,False,True,False,True,True
True,True,True,True,True,True,True,False,True,False
True,False,True,False,False,False,True,False,False,True
True,False,False,False,True,False,False,False,False,True
False,False,False,False,False,True,True,True,True,True
False,True,True,True,True,False,True,True,True,False
False,False,True,False,False,True,False,True,False,True
True,True,True,False,False,False,True,True,False,True
False,True,True,False,False,False,True,True,False,False
False,True,True,False,True,True,False,False,True,True
False,False,False,True,False,False,True,True,False,False
True,False,False,True,False,True,True,False,False,True
True,True,True,False,True,False,False,False,False,True
False,False,False,True,True,False,False,False,True,True
True,True,False,True,True,False,False,True,True,False
True,True,False,False,False,True,False,False,True,True
False,False,False,True,True,False,True,True,True,True
False,False,True,True,True,False,True,True,False,False
True,True,False,True,False,False,True,True,True,True
False,True,False,False,False,False,False,False,False,False
True,False,False,True,True,True,False,True,False,False
False,True,False,False,False,True,True,False,True,True
True,False,True,False,True,False,False,False,True,False
True,False,True,True,True,True,True,False,True,False
True,True,False,False,False,True,True,True,True,True
False,False,True,True,True,False,False,False,False,False
True,False,True,False,True,False,False,False,True,True
False,False,True,False,False,True,True,False,False,True
False,False,True,True,False,True,True,False,True,False
False,True,False,False,False,False,True,True,True,False
False,False,False,False,True,True,True,False,True,False
False,True,True,False,False,False,True,False,True,False
False,False,True,False,True,True,True,True,True,True
True,False,False,False,False,False,True,False,False,True
False,False,False,False,False,True,True,False,False,False
True,False,False,True,False,False,False,True,True,True
False,True,True,True,False,True,False,False,True,False
True,False,True,True,True,False,False,True,False,True
True,False,False,False,True,False,False,False,True,False
False,True,True,True,False,False,True,False,True,True
False,True,True,False,True,False,False,False,True,True
True,False,True,False,True,False,False,False,True,False
True,False,False,False,True,True,False,False,False,True
False,True,True,False,False,True,True,False,False,False
False,False,False,True,False,False,False,True,True,False
False,True,False,False,False,False,False,True,True,False
True,False,False,True,True,False,False,True,True,True
False,False,False,False,True,False,False,True,False,False
True,True,True,False,True,True,False,False,True,False
True,False,False,False,True,False,True,True,True,True
True,False,True,True,False,False,True,False,True,False
False,True,False,False,True,False,True,True,True,False
False,True,True,True,True,False,False,False,False,False
True,False,False,False,True,True,True,True,False,True
False,False,True,True,False,False,True,False,False,False
False,True,False,False,True,True,False,False,False,True
True,True,True,True,True,False,False,True,False,False
True,False,True,True,False,True,False,False,True,True
True,False,True,False,True,False,True,False,False,False
True,True,True,False,False,False,True,False,True,True
True,True,True,True,False,True,False,False,False,False
False,False,True,False,True,False,True,True,True,True
False,True,False,False,True,False,True,True,False,False
False,True,True,False,False,True,True,False,False,True
False,False,True,True,False,False,False,False,True,False
True,True,False,False,True,True,True,False,True,True
True,False,True,True,False,False,False,False,False,True
False,False,True,False,False,True,True,True,True,False
True,False,True,False,True,True,True,False,False,True
True,False,True,True,False,True,True,False,False,True
True,False,True,True,True,False,True,False,False,False
False,True,False,True,False,False,True,True,False,True
False,False,True,True,False,True,True,False,True,True
True,False,True,False,True,True,False,True,True,True
False,False,True,False,True,False,False,False,False,True
False,False,False,True,False,True,True,True,True,True
True,False,False,False,True,True,True,False,True,False
False,False,False,True,False,False,True,True,True,False
True,True,False,True,False,False,True,True,False,True
True,True,False,True,False,True,False,False,True,False
False,False,True,False,True,False,False,False,False,False
False,True,True,False,False,True,False,False,True,True
True,False,False,True,False,True,True,False,True,True
True,False,False,False,False,True,False,False,False,True
False,False,False,True,False,True,True,False,True,False
True,True,False,False,False,True,False,True,False,True
False,True,False,True,False,False,False,True,False,True
False,True,True,True,False,False,False,False,True,True
True,False,True,False,True,False,False,False,True,True
False,False,False,True,False,True,True,True,False,True
True,False,True,True,False,False,False,True,False,True
True,True,False,True,False,False,True,False,True,False
False,False,True,True,True,False,False,True,False,False
True,False,True,True,False,False,False,True,True,False
False,True,True,False,False,False,True,True,False,True
False,False,False,True,False,True,False,False,False,True
False,True,False,False,False,False,False,False,True,True
False,False,False,False,False,True,False,False,False,False
True,False,False,True,False,True,True,False,True,False
True,False,False,True,True,True,True,False,False,False
False,False,True,False,False,False,True,True,True,False
True,False,True,True,False,False,True,False,True,False
False,False,False,False,False,True,False,True,True,True
False,False,False,True,True,False,False,True,False,True
True,True,False,False,True,True,False,False,True,True
True,True,False,False,True,True,False,False,True,False
False,True,True,True,False,True,True,True,True,False
False,False,False,True,True,True,True,False,False,False
False,False,True,True,False,False,True,False,True,True
True,False,True,False,True,False,False,True,True,True
True,True,False,True,True,True,True,False,True,False
False,True,False,True,False,False,True,True,True,True
True,False,False,False,True,True,False,True,True,False
False,True,True,True,False,True,False,False,True,False
True,False,True,True,False,True,False,True,False,False
False,False,True,False,False,False,False,True,True,False
True,True,False,True,True,True,True,False,True,True
False,True,False,True,True,False,False,True,False,False
False,False,False,False,False,True,True,False,False,True
False,False,False,True,True,True,True,True,False,True
False,True,True,True,False,False,True,True,True,False
True,True,True,True,True,True,True,True,False,False
True,True,True,False,False,True,True,False,False,True
False,True,False,True,True,True,False,True,False,False
True,True,True,False,False,False,True,True,True,True
False,False,False,False,False,True,False,True,False,True
True,True,False,True,True,False,False,False,True,True
True,False,False,True,False,True,True,False,True,False
True,False,True,False,False,True,False,True,False,True
False,True,False,False,False,True,False,True,True,False
True,False,False,True,True,True,False,False,False,True
True,True,False,False,False,False,False,True,True,True
False,False,True,False,True,False,False,True,False,True
True,False,False,True,True,False,True,False,False,False
False,False,True,False,False,False,True,True,False,False
False,False,False,False,False,True,False,True,True,True
False,False,False,True,False,True,True,False,True,False
False,False,False,True,False,False,True,True,False,True
True,False,False,False,True,True,True,False,False,False
False,True,True,False,False,False,False,False,False,False
False,False,False,True,False,True,False,False,False,False
True,False,True,True,True,True,True,False,True,False
False,False,True,True,False,True,False,False,False,False
False,True,True,False,False,True,True,False,False,True
True,False,False,True,False,True,False,True,False,False
True,False,True,False,False,False,True,False,False,False
True,True,False,False,True,False,True,True,True,False
True,True,True,False,False,False,True,True,False,False
False,True,True,False,False,False,True,True,True,False
True,False,True,False,True,True,True,True,False,False
True,False,False,False,True,False,False,False,False,True
True,True,False,True,True,False,True,True,True,True
False,False,True,False,False,True,True,False,True,True
True,False,False,False,False,False,False,False,True,False
True,True,False,True,True,False,True,False,True,False
True,False,True,False,True,True,False,True,False,True
False,True,True,False,False,False,True,False,True,True
False,True,False,False,True,False,False,True,False,True
True,False,False,True,False,False,True,False,True,False
False,False,True,True,True,False,False,False,False,True
True,False,True,False,True,False,False,False,False,True
False,False,True,True,True,False,True,True,False,False
False,False,False,False,True,True,True,True,False,True
True,False,True,True,True,True,False,False,False,True
True,True,False,False,True,True,False,False,True,True
False,False,True,True,False,False,True,False,False,True
False,True,False,True,False,False,False,True,True,False
True,True,True,False,True,False,False,True,True,False
False,True,True,False,True,False,False,True,False,False
True,True,False,True,True,False,True,False,False,True
True,False,False,False,False,False,False,True,False,False
True,True,False,False,True,False,False,True,False,False
False,False,False,True,False,False,False,True,True,False
True,False,False,False,False,False,True,False,True,False
False,False,True,False,True,False,False,False,False,False
False,True,False,True,False,True,True,False,False,True
True,False,False,True,False,True,False,False,True,True
False,False,True,True,False,True,True,True,True,False
True,True,False,False,False,True,False,True,True,True
True,True,False,True,False,True,False,True,True,True
False,False,True,False,True,False,True,False,True,True
False,False,False,True,True,True,True,False,False,False
False,True,True,False,True,True,False,False,False,True
True,True,False,False,True,True,True,True,False,True
True,False,True,False,False,False,False,False,False,True
False,False,False,True,False,False,True,True,True,False
False,True,False,False,False,True,False,True,True,False
True,True,True,False,True,False,True,False,False,True
True,True,False,False,True,True,True,False,False,True
True,False,True,True,False,False,False,True,False,False
True,False,False,False,True,True,False,True,True,False
False,False,False,True,True,False,False,False,True,False
True,False,True,True,False,False,True,False,True,False
True,False,True,True,True,True,True,False,True,True
False,True,True,True,False,False,False,False,True,False
False,True,False,False,False,False,True,True,True,False
True,False,False,False,False,False,False,True,False,False
False,True,False,True,True,False,False,False,True,False
False,False,True,False,False,True,True,True,False,True
True,False,True,False,True,False,True,False,True,False
True,True,False,True,True,False,False,True,False,False
False,False,False,False,True,True,False,True,True,True
False,False,True,True,True,True,False,True,False,False
True,False,False,True,False,True,True,True,False,False
False,False,False,True,False,True,False,True,True,False
False,True,True,True,False,False,True,True,False,True
False,False,False,False,True,False,False,True,True,True
True,False,True,True,True,False,False,True,False,True
True,True,True,True,False,True,True,False,False,False
True,False,True,False,False,True,False,True,True,True
False,True,True,True,False,True,True,True,False,False
False,False,False,False,True,False,True,False,False,False
False,True,True,False,False,False,True,True,True,True
True,False,False,True,True,True,True,False,True,True
False,True,True,False,False,False,True,False,True,True
False,True,True,False,False,True,True,False,False,False
True,False,True,True,False,True,False,True,False,True
True,False,False,False,False,True,True,False,True,True
True,False,False,False,True,False,False,False,True,False
False,False,False,True,False,False,True,False,False,True
False,False,False,False,True,True,True,False,False,True
True,False,False,False,False,False,False,True,True,False
False,True,False,True,False,True,False,False,False,False
False,True,False,False,True,True,True,True,False,True
True,True,False,False,False,True,True,True,False,True
True,False,True,False,True,True,True,True,True,False
False,True,False,False,True,True,False,False,False,False
False,True,False,False,False,True,False,False,False,True
True,False,False,False,True,True,False,False,False,False
True,False,False,False,True,True,False,False,False,False
False,True,True,True,False,True,True,False,False,False
False,False,True,False,True,False,True,False,True,False
False,True,False,True,True,False,False,True,False,True
True,False,False,True,False,False,False,True,False,False
True,False,False,True,True,True,False,True,False,False
False,False,True,False,True,True,True,False,True,False
False,True,False,False,True,False,True,False,False,False
False,False,True,True,True,False,True,True,True,False
True,True,False,True,False,True,True,True,False,False
True,False,False,True,False,False,False,False,True,True
True,True,True,True,False,True,False,True,True,False
True,False,True,False,True,False,False,False,False,False
True,False,False,False,True,True,True,True,False,False
False,True,True,False,False,False,False,True,False,True
False,True,True,True,True,True,True,True,True,True
True,True,True,False,False,False,True,True,False,True
True,False,True,True,False,True,True,False,False,True
False,False,False,True,True,True,False,True,False,False
False,False,True,True,False,True,True,True,False,True
False,True,False,True,False,False,True,True,True,True
False,True,False,False,True,True,True,True,True,False
False,True,False,False,False,True,False,True,True,False
True,True,True,True,False,True,False,True,True,True
False,False,False,False,False,True,False,True,False,True
True,True,True,False,True,False,False,True,False,True
False,False,False,False,False,False,False,True,False,True
False,True,False,False,True,False,True,False,True,False
False,True,False,True,False,True,False,True,True,False
False,False,True,False,False,False,False,True,True,True
True,True,False,False,True,True,True,False,False,False
True,True,True,False,True,False,False,True,False,False
True,True,False,True,False,True,True,True,True,False
False,False,False,True,False,False,False,True,False,True
False,False,False,True,True,True,False,False,True,False
True,True,False,True,False,False,False,True,False,True
True,True,True,False,False,False,True,True,True,True
True,False,True,True,False,True,False,True,True,True
False,True,True,False,True,True,True,False,False,True
False,False,True,True,True,False,False,False,False,True
True,False,False,False,False,False,True,True,True,False
True,True,True,False,True,True,True,False,False,False
False,True,False,False,False,False,False,True,True,False
False,False,False,True,True,True,True,False,True,True
True,False,True,True,True,False,True,True,True,True
True,False,True,False,True,False,True,True,True,True
True,True,False,False,False,False,True,True,True,False
False,True,True,False,True,True,False,True,False,True
False,False,True,False,True,False,False,False,False,True
False,True,True,True,False,True,False,False,False,False
False,True,False,False,True,False,False,False,True,False
False,True,True,True,True,False,False,False,False,False
False,True,True,False,True,False,False,True,False,False
False,True,True,False,True,True,True,True,False,False
True,True,True,True,True,True,True,True,True,False
False,False,True,True,True,False,False,True,False,False
False,False,True,False,True,False,True,False,True,True
False,True,True,False,False,True,True,False,False,True
True,True,False,True,False,False,True,True,False,False
True,True,True,True,False,True,True,True,True,True
False,False,True,False,False,True,True,False,True,True
True,True,False,False,False,True,True,True,True,True
True,False,False,True,False,False,True,False,True,False
False,False,True,False,True,True,True,False,False,True
True,True,False,True,False,False,False,False,False,False
True,False,True,False,False,False,False,True,False,True
False,True,True,False,False,False,True,False,True,True
True,True,True,False,True,True,False,True,False,True
True,False,True,False,False,False,True,False,False,True
False,False,False,False,False,False,True,True,False,False
False,True,False,False,True,False,False,True,True,False
True,False,True,False,True,True,True,True,True,False
False,True,True,False,True,True,True,True,False,False
False,False,True,True,True,True,False,False,False,False
True,False,False,False,True,False,False,False,True,False
True,True,True,True,False,False,False,True,False,False
True,True,False,True,True,False,False,True,True,False
False,True,True,True,False,False,True,False,True,True
False,True,False,True,False,False,True,True,False,True
False,False,False,False,False,False,False,False,False,True
False,True,True,True,True,True,False,True,True,True
True,False,True,True,False,False,True,True,False,True
False,False,False,False,False,False,True,True,False,False
False,True,False,False,True,True,False,False,False,True
True,False,True,False,False,False,False,False,False,False
False,True,False,False,True,True,True,False,False,True
True,False,True,False,True,True,True,True,True,False
False,False,False,True,False,False,True,True,False,False
False,True,False,True,False,False,True,False,False,False
False,True,False,False,False,True,True,True,True,False
False,False,False,False,True,True,True,False,True,True
True,False,False,False,False,True,False,False,True,True
False,True,False,False,False,True,True,False,True,False
True,False,False,True,True,False,False,False,False,True
True,False,False,True,False,True,False,True,True,True
True,False,True,True,False,False,False,False,False,True
False,True,False,False,False,False,False,False,False,True
True,False,True,True,False,True,True,False,False,False
False,True,False,True,True,True,True,False,False,True
False,False,True,True,False,True,True,False,False,True
False,False,False,True,False,False,False,True,False,True
True,False,True,True,True,False,True,True,True,False
True,False,False,False,True,False,True,True,False,True
False,False,True,True,True,True,False,False,True,False
False,True,False,False,True,True,True,True,False,True
True,False,False,True,True,True,True,True,True,True
False,True,False,True,True,True,True,False,False,False
True,True,True,False,False,True,False,True,True,True
False,True,False,True,False,False,True,False,True,True
True,True,False,True,False,False,True,False,True,True
True,True,False,True,True,False,False,True,False,False
True,True,True,True,True,False,False,False,True,False
False,True,False,False,True,False,False,False,True,True
False,True,False,True,False,True,True,True,False,False
True,False,True,True,True,False,True,True,True,False
False,False,False,True,True,False,True,False,False,False
False,True,False,True,False,True,False,False,False,False
False,True,True,True,True,False,False,True,True,True
True,False,False,False,False,False,False,True,True,True
True,False,False,True,False,False,False,False,True,False
True,True,False,False,False,False,True,True,True,False
True,True,False,True,False,True,True,False,True,False
False,True,True,False,False,False,False,True,True,True
False,True,False,True,True,True,False,False,False,True
False,False,False,True,False,True,True,True,False,False
False,False,False,True,False,True,False,True,True,True
True,True,True,False,True,False,False,False,False,False
False,False,True,False,True,False,True,True,True,True
False,True,True,True,True,False,True,False,True,False
True,False,False,True,True,True,False,False,True,True
True,False,True,False,True,False,False,True,True,False
False,False,True,False,False,True,True,True,True,True
True,True,True,False,True,False,False,False,False,True
True,True,True,False,False,True,True,False,True,False
False,False,False,True,True,False,True,True,False,False
True,True,True,False,True,False,False,True,False,False
False,False,True,False,False,False,False,True,False,True
False,False,True,True,False,True,False,True,True,True
True,False,True,False,False,False,False,True,True,True
False,False,True,False,True,True,True,True,True,False
True,False,False,False,True,False,False,False,True,True
True,True,False,False,True,False,False,False,False,False
True,False,True,False,False,False,True,False,True,True
True,False,False,False,True,False,True,True,False,False
True,False,False,True,False,True,True,True,False,False
True,False,False,False,False,False,True,False,False,True
True,False,False,True,True,True,True,False,True,False
True,True,True,False,False,True,True,True,False,False
True,False,True,False,True,True,True,False,True,False
True,False,False,False,False,True,False,True,True,False
True,False,False,False,True,False,True,True,True,False
True,True,True,True,True,False,False,False,False,False
False,False,True,False,True,False,True,True,False,False
False,False,True,True,False,False,False,False,True,False
True,False,False,True,False,True,True,False,False,True
True,True,False,True,False,True,True,False,True,False
True,False,True,False,True,True,False,False,True,False
True,False,True,False,False,False,False,False,False,True
True,True,False,True,False,True,False,False,False,True
False,True,False,True,True,False,False,True,True,False
True,True,False,True,False,False,True,False,False,True
True,True,True,True,False,False,True,False,True,True
False,True,True,False,True,False,False,True,True,True
True,True,False,True,True,False,False,True,True,True
True,True,True,True,False,True,True,True,True,False
False,False,False,False,True,False,False,True,True,False
True,True,False,False,True,True,True,False,False,True
False,False,True,False,True,True,False,True,False,True
False,False,True,False,True,False,False,True,False,False
True,True,True,True,False,True,False,True,False,True
True,True,True,True,True,False,False,False,False,True
True,True,True,True,False,False,False,False,True,True
True,True,True,False,True,False,False,False,False,False
False,True,True,False,False,True,False,True,True,False
False,False,False,False,True,False,True,True,False,False
False,False,True,False,True,False,False,True,True,False
False,True,False,False,True,False,True,True,True,True
True,True,True,False,False,True,True,False,True,False
True,True,True,False,True,False,False,False,True,False
False,True,True,True,True,False,True,True,False,False
False,False,True,True,True,True,False,True,False,True
False,True,False,False,False,True,True,False,True,True
True,True,False,False,True,True,True,True,False,True
False,True,False,True,True,False,False,True,True,False
True,True,False,False,True,True,True,True,False,False
False,False,True,True,False,False,True,True,True,True
True,True,False,False,False,True,True,True,False,False
False,False,True,True,True,True,True,True,False,True
True,True,False,False,False,True,False,True,True,False
True,True,False,True,False,False,True,True,True,True
True,True,True,True,False,True,False,True,False,True
False,False,True,False,True,False,False,False,True,False
True,False,False,False,False,True,True,True,False,False
False,True,False,True,False,False,False,False,True,False
True,False,True,False,True,True,True,False,True,False
False,False,False,True,False,True,True,True,True,False
True,False,True,True,True,False,False,False,False,False
True,False,True,True,True,False,False,False,False,True
False,True,True,True,False,False,True,False,False,False
False,True,False,True,False,True,True,True,False,False
False,True,True,True,False,True,False,True,False,True
False,False,True,False,True,True,True,False,False,True
False,True,False,False,False,False,False,True,True,False
True,True,True,True,True,False,False,False,True,False
True,False,True,False,False,False,False,False,True,False
False,True,False,True,True,False,False,False,True,True
True,True,False,True,True,True,True,True,False,False
False,False,True,False,True,True,False,True,True,True
False,False,False,False,True,True,True,True,True,False
True,False,True,False,False,True,True,True,True,False
True,False,True,True,False,True,True,False,True,True
True,False,False,True,False,True,False,True,True,False
False,True,True,False,True,False,False,True,False,True
False,False,False,True,True,True,False,False,True,False
True,False,True,False,True,False,False,False,False,False
True,True,True,True,True,False,False,False,True,False
False,True,False,True,True,False,False,False,True,False
True,True,False,False,True,False,True,False,True,True
True,False,False,True,False,False,True,False,False,False
True,True,False,False,False,True,False,True,False,True
False,True,False,False,True,True,False,True,True,True
False,True,False,False,True,False,False,True,True,False
False,True,False,True,True,False,True,True,False,True
True,True,True,False,False,False,False,False,True,True
True,True,True,False,True,False,True,True,False,True
True,False,True,False,False,True,True,True,True,False
True,True,True,False,True,True,True,True,False,True
True,False,True,False,False,True,False,False,True,False
False,False,False,True,True,True,True,False,True,True
True,True,True,True,False,True,False,False,False,False
False,False,True,True,True,False,True,True,False,True
True,False,True,True,False,False,False,False,True,True
False,True,False,False,False,True,False,False,False,True
True,False,False,True,True,False,True,True,False,True
True,True,False,False,False,False,True,True,True,True
False,True,True,False,True,False,True,True,False,True
True,False,False,False,True,True,True,True,True,False
True,False,False,True,False,True,True,False,False,True
True,False,False,True,True,False,False,True,True,True
True,True,False,True,False,True,False,False,True,True
False,True,False,False,True,False,True,False,True,True
False,False,True,True,False,True,False,False,False,False
True,True,True,True,True,True,True,True,True,False
True,True,True,True,True,True,False,True,False,True
True,False,False,True,False,False,True,False,False,True
False,False,True,True,True,True,True,False,False,False
False,True,True,False,True,False,False,True,False,False
False,False,True,True,False,False,True,True,False,False
True,True,False,True,False,True,True,True,False,False
False,True,False,False,False,True,False,False,False,True
True,True,True,True,False,True,False,False,True,False
False,False,True,False,True,True,True,False,True,False
False,False,True,False,False,False,False,True,True,True
False,False,True,False,True,False,True,False,False,True
True,False,True,True,False,False,False,False,True,False
False,False,True,False,False,False,True,False,True,False
False,True,False,True,True,True,True,False,False,True
True,True,False,False,True,False,False,False,True,False
True,False,True,True,False,True,False,False,True,False
False,False,False,True,False,True,True,False,False,True
False,False,False,True,True,False,False,True,True,True
True,False,True,False,False,True,False,True,False,True
True,False,True,False,True,False,True,False,False,False
False,True,True,True,False,False,False,True,True,False
False,False,True,True,True,False,True,True,False,True
False,False,True,False,True,True,False,True,True,False
False,False,False,False,False,False,True,False,True,True
True,False,True,True,True,False,False,True,False,False
False,True,True,False,True,True,False,True,True,True
False,True,False,False,False,True,True,False,False,True
False,True,False,False,True,False,False,False,True,True
False,False,True,False,True,False,False,True,False,True
False,False,True,False,True,False,True,True,False,True
True,False,True,True,False,False,False,False,True,False
True,False,False,True,True,True,False,False,False,True
False,True,True,False,True,True,True,False,False,False
False,True,True,False,True,True,False,False,True,True
True,False,False,False,True,True,False,True,True,True
True,False,True,False,False,True,True,True,True,True
True,False,True,False,False,False,True,True,True,True
False,True,True,True,True,True,True,True,False,True
False,False,True,False,True,False,False,False,False,True
False,False,False,False,True,False,True,True,True,True
False,False,True,True,True,True,False,False,True,True
False,True,False,False,True,True,True,False,False,True
False,True,True,True,False,True,False,False,False,False
True,False,False,True,False,True,False,False,True,False
True,False,False,False,False,False,True,False,False,False
True,True,True,True,False,False,True,True,False,False
True,True,False,True,False,False,False,False,False,True
False,True,False,False,True,True,True,True,False,False
True,True,True,True,True,False,True,True,True,False
False,False,False,True,False,False,False,True,True,False
False,False,True,False,True,False,False,True,False,True
False,True,True,True,False,False,False,True,True,False
False,False,False,False,False,True,True,True,False,True
True,False,True,False,False,False,False,True,False,False
False,True,False,True,True,False,False,True,False,False
True,False,False,False,False,True,True,True,True,False
False,False,False,True,True,False,False,False,False,False
True,True,True,False,False,True,True,True,True,True
True,False,True,False,False,True,False,False,False,False
False,False,False,False,True,False,False,True,True,True
False,True,True,True,True,True,True,True,False,True
True,False,True,False,False,True,False,False,False,False
False,False,False,True,True,False,True,False,False,False
True,True,False,False,False,True,True,False,True,False
True,True,False,True,True,False,False,True,False,False
False,True,True,True,True,False,True,True,False,False
False,True,True,True,True,False,True,True,False,True
False,True,True,True,True,False,True,False,True,True
True,False,True,True,True,False,False,False,True,True
True,False,False,True,True,True,True,False,True,True
False,False,False,False,True,False,False,False,True,False
True,False,False,False,False,False,False,True,True,False
False,True,True,False,True,True,True,False,False,False
True,True,False,True,True,True,True,True,False,True
True,False,False,True,False,True,False,False,False,False
True,True,False,False,False,False,True,False,False,False
False,False,False,True,True,True,False,False,True,True
True,False,False,True,True,True,True,True,True,True
True,True,False,False,True,False,True,False,False,True
False,False,False,True,False,True,False,True,False,False
False,False,True,False,False,True,False,False,True,True
False,False,True,False,True,False,True,False,True,False
True,False,False,True,True,True,False,True,False,True
True,False,True,True,False,True,False,True,False,False
False,True,True,True,False,False,True,True,False,False
True,False,True,True,True,True,False,True,True,False
True,False,True,False,True,False,False,True,True,False
False,False,True,True,True,True,True,False,False,True
True,True,True,True,True,False,False,True,True,False
False,False,False,True,False,True,False,True,False,True
True,True,False,False,False,False,True,True,True,True
False,False,False,True,True,False,False,True,True,True
False,False,True,True,False,True,True,False,False,False
False,True,False,True,True,False,False,True,True,True
False,False,True,True,False,True,False,True,True,False
True,False,False,False,False,False,True,True,False,True
True,True,True,False,False,True,False,False,False,False
False,False,False,True,True,False,False,False,False,False
False,True,True,False,False,True,True,True,True,False
False,True,False,True,True,True,False,True,False,False
False,True,True,False,False,True,True,True,True,False
True,False,True,True,False,False,True,False,False,True
False,True,False,True,False,False,True,True,False,False
True,True,True,True,True,False,False,True,False,False
False,False,False,False,True,False,False,False,True,False
True,True,False,False,False,True,True,True,False,True
False,False,True,True,False,False,False,False,False,True
True,True,True,True,True,True,False,True,True,True
True,False,True,False,True,False,False,False,True,False
True,False,True,True,False,False,True,True,True,False
False,True,False,False,False,True,True,False,False,False
False,False,True,False,False,True,False,True,False,False
True,True,False,True,True,False,True,True,False,True
True,True,False,False,True,False,False,False,False,True
False,True,False,True,False,True,True,False,True,False
True,True,True,True,False,False,False,True,True,False
True,False,False,True,False,True,False,True,False,False
True,True,False,False,True,False,True,True,False,False
True,False,True,False,True,False,True,False,False,True
False,False,False,False,True,True,False,True,True,True
False,True,True,False,False,False,True,False,True,False
True,True,True,True,True,False,True,False,True,False
True,True,False,False,True,False,False,False,True,True
True,True,False,True,False,False,False,True,True,False
True,False,False,False,True,True,False,True,False,True
True,False,True,True,False,True,False,False,False,False
True,True,True,False,False,False,True,True,True,False
True,True,False,True,False,False,False,False,False,False
False,True,True,True,False,False,False,False,True,True
True,True,False,False,True,False,False,False,False,False
True,True,False,False,True,False,False,False,False,True
True,False,False,False,False,True,True,True,True,True
True,False,False,True,False,True,True,True,False,True
False,True,False,True,True,False,False,True,False,True
False,True,True,False,False,True,False,False,True,False
False,True,False,False,False,True,True,True,False,False
False,False,True,False,False,False,True,True,True,True
False,False,False,True,True,True,True,True,True,True
True,False,True,True,False,True,True,False,True,False
True,True,False,False,True,False,False,True,False,False
True,True,True,True,False,False,False,True,True,True
True,True,False,False,False,False,True,False,True,True
False,False,False,False,True,False,True,True,True,True
False,False,False,False,True,True,False,False,False,True
True,True,True,False,False,False,False,True,True,True
False,False,False,True,True,False,True,True,False,True
False,True,True,True,False,False,False,False,True,True
False,False,False,False,False,False,True,False,True,True
False,True,True,True,False,False,True,True,False,False
False,False,True,False,False,True,False,True,True,False
True,True,False,False,True,True,True,False,True,False
True,True,True,True,True,True,False,True,True,False
False,False,True,True,False,True,False,True,False,False
False,False,True,True,False,False,False,True,True,False
True,False,True,True,True,True,True,True,True,False
False,False,True,False,False,False,False,True,True,True
True,True,False,False,True,False,False,True,False,False
False,False,False,False,True,True,False,True,False,False
False,True,False,True,True,True,True,True,False,False
True,True,False,False,False,False,False,True,True,False
True,True,False,False,True,True,False,True,False,False
False,False,True,True,False,True,True,False,True,False
True,False,True,False,True,True,False,False,False,True
False,True,False,False,False,False,True,True,False,True
False,True,False,True,True,False,True,False,False,False
False,False,False,False,False,True,True,False,False,False
True,True,False,False,False,False,True,True,False,True
False,False,True,True,False,False,True,True,False,False
False,True,True,False,True,True,False,False,True,True
True,True,False,False,True,False,True,True,True,False
True,True,True,False,False,False,False,False,True,True
True,True,False,True,False,False,False,True,True,False
True,False,False,True,True,True,True,True,True,True
True,True,True,False,True,False,False,True,False,True
True,False,False,True,False,False,False,True,True,True
False,True,True,False,True,True,True,False,False,False
False,True,False,True,False,False,True,False,True,False
False,True,True,False,False,True,True,True,False,True
False,False,True,False,False,False,False,True,True,False
True,True,True,False,True,True,False,False,False,True
False,True,False,True,False,True,True,False,False,False
True,True,False,False,False,True,True,True,False,False
True,False,True,False,False,True,True,True,False,False
True,True,True,False,True,True,True,True,False,True
True,True,True,True,True,False,False,False,False,False
False,False,False,False,False,True,True,False,True,True
False,True,True,True,False,True,False,True,True,True
True,False,True,True,False,True,False,False,True,False
True,False,False,True,False,True,True,True,True,True
False,True,False,True,True,True,True,True,True,True
False,False,False,True,False,False,False,True,True,False
False,False,False,False,True,True,False,False,False,False
False,False,False,True,True,True,False,True,True,False
False,True,False,False,True,True,False,True,True,False
True,False,False,True,False,False,False,True,True,False
True,False,True,False,True,True,True,False,True,False
True,False,False,False,False,True,True,True,True,True
False,False,False,False,False,False,False,False,True,False
True,True,True,False,False,False,False,False,True,True
True,False,False,True,False,True,True,False,False,False
False,False,False,False,True,True,False,True,True,True
True,False,False,True,True,True,True,True,False,False
False,True,True,True,True,True,True,True,False,True
True,False,False,True,False,False,False,True,True,False
False,True,True,True,False,False,False,True,False,False
False,False,True,False,True,True,False,True,True,True
False,False,False,True,True,True,False,False,True,False
True,False,False,False,False,False,False,False,False,False
True,False,True,True,True,True,False,True,True,True
False,False,False,True,True,False,True,True,False,True
True,False,True,False,True,True,True,False,False,False
True,False,True,False,False,False,True,True,False,False
True,False,True,True,True,True,True,True,True,True
False,False,False,True,True,False,False,False,True,True
True,False,True,False,True,False,False,False,False,True
False,False,True,True,False,True,True,False,False,False
True,False,False,True,True,False,True,False,False,True
True,False,True,True,False,True,False,True,True,False
False,False,False,False,False,True,False,True,True,False
True,False,False,True,False,True,True,True,True,True
False,False,True,False,False,False,True,False,True,False
False,False,False,True,False,False,True,False,False,False
True,True,False,False,False,False,True,True,False,True
False,False,False,False,True,False,False,True,True,True
True,False,True,True,True,True,False,True,False,False
False,True,False,True,False,True,False,True,True,False
False,True,True,True,False,True,False,True,True,False
True,True,True,False,False,True,False,False,True,False
True,False,False,True,True,True,True,True,False,False
False,True,False,False,False,False,False,True,False,True
True,False,True,False,True,True,True,True,False,False
True,False,False,False,True,False,True,False,False,True
False,True,False,False,False,True,True,True,False,True
False,True,True,True,False,True,False,True,False,False
False,False,False,True,True,True,True,False,True,False
True,False,False,False,False,False,False,True,True,False
False,True,False,True,False,True,True,True,True,False
False,True,True,False,True,False,False,True,False,True
False,False,True,True,False,False,False,False,True,True
False,False,True,True,True,True,False,False,True,True
False,False,False,True,False,False,True,False,False,False
False,False,True,True,False,False,True,False,False,True
False,False,False,False,False,False,False,True,False,False
True,True,False,False,False,True,False,False,False,False
False,False,True,True,False,False,False,False,True,True
False,False,False,True,True,True,True,False,True,True
True,False,True,True,True,True,True,True,True,True
False,False,False,True,True,True,False,False,False,False
True,False,True,True,False,True,False,False,True,True
False,False,False,False,True,True,False,True,False,False
True,True,True,True,True,False,True,True,False,True
False,False,True,False,True,False,True,False,False,False
True,True,True,False,False,False,True,False,True,True
False,False,True,False,False,False,True,True,False,False
False,True,False,False,True,True,True,True,False,False
False,False,True,True,True,False,True,True,False,True
False,False,True,True,False,False,True,True,True,False
False,False,False,False,False,True,False,True,False,False
False,False,False,True,True,False,False,True,True,False
True,True,True,True,True,True,False,True,True,True
True,False,False,False,False,False,True,False,True,True
False,False,True,True,True,True,True,True,True,True
True,False,True,False,True,False,False,False,False,False
True,False,False,False,True,False,False,False,True,False
False,False,True,False,True,False,False,False,False,False
False,False,True,True,False,True,True,True,False,True
False,True,False,False,False,False,True,False,True,False
False,True,True,False,False,True,False,True,True,False
False,False,False,True,True,True,True,False,True,False
True,False,True,True,False,False,True,False,True,True
False,False,True,False,False,True,True,False,False,True
True,True,False,True,True,True,True,False,True,False
False,True,True,True,True,False,True,False,True,False
True,False,True,True,False,True,True,True,True,False
False,False,False,False,True,False,False,False,True,True
False,True,False,True,True,False,True,True,False,True
False,False,False,False,False,True,False,False,True,True
True,True,True,True,True,True,False,False,True,False
False,True,True,False,True,True,True,True,True,True
False,True,True,True,True,False,True,False,False,False
False,True,False,False,True,False,False,False,False,False
False,True,False,False,True,False,True,False,False,True
False,False,True,False,True,True,False,True,True,True
True,True,False,True,False,False,True,False,True,False
True,False,False,False,True,False,True,False,False,False
False,True,True,False,True,True,False,False,True,False
False,False,True,False,False,False,False,False,True,False
True,False,True,True,False,True,False,True,False,True
True,True,True,False,True,True,True,False,True,False
True,False,False,True,False,True,True,False,False,True
False,True,True,False,False,False,True,False,False,True
True,False,False,True,True,True,True,True,True,True
True,True,False,False,True,False,True,False,True,False
True,True,False,True,False,False,False,False,True,False
True,False,True,False,True,True,True,False,True,False
False,False,False,False,True,False,False,False,True,True
False,True,True,False,True,True,True,False,False,False
True,True,False,False,True,True,True,True,True,False
False,False,True,False,False,False,False,True,False,False
True,False,True,True,True,True,False,True,False,False
False,False,True,False,True,False,False,True,False,True
False,False,False,True,False,False,False,True,True,True
False,True,True,True,True,True,False,True,True,False
False,True,False,True,False,False,False,False,False,False
True,True,False,True,True,True,True,False,False,False
False,True,False,True,True,True,True,False,True,False
True,True,True,False,True,False,False,True,False,True
False,True,False,True,True,True,False,True,False,False
False,True,False,True,True,False,True,False,True,False
True,False,False,False,False,False,False,False,True,True
True,True,True,True,False,True,False,True,True,False
True,False,False,False,True,True,True,False,True,True
False,True,False,False,False,True,False,False,False,False
False,False,True,False,True,True,False,False,True,False
False,False,True,True,True,True,False,False,False,False
False,False,False,False,False,True,True,True,False,False
False,False,False,True,True,False,False,False,False,False
False,False,False,False,False,False,True,False,True,True
True,True,True,True,False,False,True,True,True,True
True,True,True,True,True,True,True,True,False,False
True,True,False,False,True,True,True,True,False,False
False,True,False,True,True,True,True,False,True,False
False,False,False,True,True,False,False,True,True,False
True,True,True,False,True,True,True,True,True,False
True,True,True,False,False,True,True,False,True,False
True,True,False,True,True,False,True,False,True,False
False,False,False,True,False,False,True,False,True,True
True,False,False,True,False,False,False,False,True,True
True,True,False,False,True,False,False,True,True,False
True,True,False,True,False,True,True,True,False,False
False,True,False,False,False,False,False,True,False,False
True,True,False,False,True,False,True,False,False,False
True,True,False,True,False,False,True,False,True,True
True,True,False,False,False,False,False,False,True,False
True,True,True,False,False,False,False,False,True,False
True,True,False,False,True,False,True,False,True,False
False,True,False,False,False,False,True,True,True,True
False,False,True,True,False,False,False,True,True,False
True,False,False,True,False,False,True,True,True,False
False,True,True,True,False,False,True,True,False,False
False,False,False,False,True,False,True,False,True,False
True,True,True,True,False,True,True,True,False,True
False,False,False,False,True,True,True,True,True,True
False,True,True,True,True,True,False,False,True,False
True,False,False,True,False,True,False,False,True,False
True,True,False,True,True,False,False,False,True,True
True,True,True,True,True,False,True,True,True,True
False,True,False,True,False,True,True,True,False,True
True,True,False,True,False,True,False,True,True,False
False,True,False,True,False,False,False,True,False,True
True,False,True,False,True,False,False,True,True,False
True,False,True,True,False,False,False,False,False,True
True,False,True,True,True,True,True,False,False,False
False,False,True,False,True,False,True,True,False,False
True,False,False,False,True,True,True,True,True,True
True,False,False,True,True,False,False,True,True,False
True,True,True,False,False,False,False,True,False,True
False,False,True,True,False,True,True,True,True,False
True,True,False,False,True,False,False,True,False,False
True,True,False,True,True,True,False,False,False,True
True,True,True,True,False,True,True,True,False,True
False,False,True,True,False,True,False,False,False,True
True,True,True,False,False,True,False,True,True,True
False,False,True,False,True,False,False,False,False,True
False,False,False,False,False,False,True,True,True,True
False,True,True,False,True,False,False,True,False,False
False,False,False,True,True,True,False,True,True,False
True,True,True,False,False,True,True,True,True,True
False,True,False,True,True,False,True,False,False,False
False,False,False,True,True,True,False,True,True,False
True,False,True,False,False,True,False,False,True,True
True,False,False,True,False,False,True,False,False,False
False,False,False,False,True,True,False,True,False,False
False,True,True,True,False,False,True,False,True,True
True,True,True,True,True,False,True,False,False,False
False,True,True,False,False,True,True,True,False,True
False,False,False,False,False,True,False,False,False,False
True,False,True,False,True,True,True,True,True,False
True,True,True,False,False,True,False,False,False,True
True,False,False,False,False,True,True,False,True,True
False,False,True,False,True,False,True,True,True,True
True,True,False,False,True,True,False,False,True,False
False,True,True,False,False,False,False,True,True,False
False,False,True,False,True,True,True,True,False,True
False,True,False,True,False,True,False,True,False,False
True,True,False,True,True,True,False,False,True,False
True,False,False,True,True,True,False,False,False,False
True,True,False,True,False,True,False,True,False,False
False,False,False,False,False,True,False,True,False,True
True,False,True,False,True,True,False,False,False,False
True,False,False,False,False,False,True,False,True,False
False,True,False,False,True,False,False,True,True,False
False,False,False,True,True,True,False,False,True,False
True,True,True,False,False,True,True,True,False,True
True,False,True,True,False,False,True,False,True,False
False,True,True,False,True,False,False,False,False,True
True,True,True,False,True,True,True,True,True,False
True,True,True,False,True,True,False,True,False,False
False,True,False,False,False,False,False,False,True,True
False,False,True,False,True,True,False,False,True,False
False,False,True,True,False,True,False,True,False,True
True,False,False,False,False,False,True,True,False,True
True,True,False,False,False,False,True,True,False,False
True,True,True,False,True,True,True,False,False,False
True,True,True,True,False,False,False,False,True,True
False,True,True,False,False,False,False,True,False,False
True,True,False,True,False,False,True,False,True,False
False,True,False,True,True,True,True,False,True,True
True,True,True,False,True,False,False,True,False,False
False,True,False,True,False,False,False,True,False,True
True,True,True,False,True,True,True,True,True,True
False,True,True,True,False,True,True,False,True,False
True,False,False,False,True,False,True,True,True,False
True,True,False,False,False,True,False,False,True,True
True,True,False,True,False,True,True,False,True,False
False,True,True,True,True,True,False,False,False,False
True,False,False,False,True,True,False,True,False,True
False,False,True,True,False,True,True,True,False,False
True,False,False,False,True,False,True,False,False,False
False,True,True,False,False,True,True,True,True,False
True,False,False,True,True,True,False,False,False,True
False,True,False,True,True,False,False,True,True,True
True,False,True,False,True,False,True,False,False,False
True,True,True,False,True,True,False,False,False,False
False,True,False,True,True,True,True,False,True,False
True,True,True,True,False,False,True,False,True,False
True,False,True,True,False,False,False,False,False,False
True,False,True,True,False,False,True,False,True,True
False,True,False,False,True,True,True,True,True,True
False,True,True,False,True,False,True,True,True,False
True,False,True,True,True,True,True,False,False,True
False,False,True,False,False,True,False,False,False,True
True,True,False,True,True,True,True,False,False,False
False,True,True,True,False,False,False,False,False,True
False,True,False,True,True,False,True,True,True,True
False,True,True,False,False,True,False,True,True,True
False,False,False,True,True,True,True,False,False,True
False,False,False,False,False,True,True,True,True,True
True,False,True,False,False,False,True,False,False,False
True,True,True,False,False,True,False,True,True,True
True,False,False,True,False,False,False,False,False,False
True,True,True,True,False,False,False,True,True,False
False,True,True,True,False,False,True,True,True,True
True,True,False,False,True,False,True,True,True,False
False,True,True,True,False,False,True,True,True,False
False,False,True,True,False,False,True,False,True,True
False,False,True,False,False,True,True,True,False,False
False,False,True,False,True,False,False,True,False,False
False,False,False,False,True,True,True,False,True,False
True,True,False,True,True,True,False,True,True,False
True,False,False,True,True,True,True,False,False,True
False,True,True,False,False,True,True,True,True,False
False,False,False,False,False,False,False,False,True,True
False,True,False,True,False,True,False,True,False,True
False,False,True,False,True,False,False,True,False,False
True,True,True,False,True,False,False,True,False,False
False,True,True,True,False,True,True,False,False,False
False,True,False,False,True,True,True,False,False,False
False,False,True,False,False,False,True,True,True,False
False,False,False,True,True,True,True,True,False,True
False,True,False,False,True,False,False,False,False,True
True,False,False,True,False,False,False,True,False,False
False,False,True,False,False,False,False,True,True,False
False,False,True,True,False,True,True,True,False,False
False,True,True,True,False,False,False,True,False,False
True,False,False,False,True,True,True,False,True,True
True,True,False,False,False,True,True,True,False,False
False,True,False,True,False,False,True,False,False,False
False,True,True,False,True,False,True,True,True,False
False,False,True,True,False,True,False,False,False,False
False,True,False,False,True,False,True,False,True,True
False,True,True,True,False,False,True,True,False,False
False,False,False,False,False,False,True,False,False,False
True,True,True,False,True,False,False,True,True,True
True,True,False,False,False,True,False,True,False,False
False,False,True,False,False,False,False,False,False,True
False,False,True,False,False,True,False,True,False,True
True,False,False,False,False,True,True,False,True,False
True,True,True,False,True,False,True,False,False,True
True,False,True,True,True,True,False,True,False,False
True,True,True,True,True,False,True,False,True,True
True,False,True,True,True,False,True,True,True,True
False,False,False,False,True,False,False,False,True,False
False,False,False,True,False,True,True,True,True,True
False,True,False,False,True,True,True,True,False,True
False,False,True,False,True,True,False,True,True,False
False,True,False,True,False,True,True,False,True,True
True,True,True,True,True,True,False,True,False,False
False,False,False,False,False,True,False,False,False,False
False,True,True,True,True,False,False,False,True,False
True,False,False,True,True,True,True,True,True,True
False,True,True,False,True,True,False,False,False,True
True,False,True,False,True,False,False,True,False,False
False,False,False,True,True,True,True,False,False,False
True,True,False,False,True,True,True,False,True,False
True,True,True,False,False,False,False,True,True,False
False,False,True,True,False,False,True,True,False,True
True,True,True,False,True,False,False,False,False,False
True,True,True,False,False,True,False,True,False,True
False,True,True,True,True,False,True,False,True,False
True,True,False,False,False,True,False,True,True,True
True,False,True,True,True,True,True,False,True,True
True,True,False,True,True,False,True,False,True,False
True,False,False,False,False,True,False,True,True,True
True,False,False,True,False,True,False,True,False,True
False,False,True,False,True,True,False,True,False,True
True,True,False,False,True,False,False,True,True,False
False,False,False,False,False,True,True,False,False,True
False,True,True,True,False,True,True,True,True,False
False,True,True,True,True,False,False,True,False,True
False,True,True,False,False,True,True,True,False,False
False,False,True,True,False,False,False,True,True,True
False,True,False,False,True,True,False,False,False,False
True,True,False,False,False,True,False,True,False,True
True,True,True,True,True,False,False,False,True,True
False,True,True,True,True,True,False,False,True,False
False,True,True,True,False,True,False,False,True,False
False,True,False,True,True,True,False,True,False,True
False,False,True,False,False,False,True,False,False,False
True,True,False,False,False,False,False,False,True,True
False,True,True,True,True,False,False,True,False,False
False,False,True,False,False,False,False,True,False,True
True,True,False,False,True,True,False,False,False,True
False,True,True,True,True,False,True,True,True,False
True,False,False,True,True,True,False,True,False,True
False,True,True,False,False,True,True,True,True,False
False,False,False,True,False,True,True,True,True,False
True,False,False,True,False,True,True,True,False,True
False,True,False,True,False,False,False,False,True,False
False,True,False,False,True,False,False,False,False,True
False,True,False,False,False,True,True,True,True,False
False,False,False,False,False,False,False,False,False,True
False,True,True,False,False,False,True,False,False,False
True,False,True,False,True,True,False,True,True,False
False,True,True,True,True,True,False,True,False,True
True,True,False,False,False,True,True,False,True,True
False,False,True,True,True,True,True,False,False,False
False,False,False,True,True,False,True,True,True,True
False,True,True,True,True,True,True,True,True,False
False,False,True,True,False,True,True,True,False,True
True,True,True,True,False,True,False,False,False,False
False,True,True,False,True,False,False,True,True,True
False,True,True,True,False,True,True,True,False,True
False,True,False,False,True,False,False,False,False,True
True,True,False,True,False,True,False,True,True,False
False,True,False,False,False,True,True,False,False,True
True,False,True,False,False,True,True,False,False,False
False,False,False,True,True,True,True,False,False,False
True,False,True,True,False,False,True,True,True,False
True,False,True,True,True,False,True,False,False,False
True,True,False,True,False,False,False,True,True,False
True,False,True,False,True,True,True,False,True,False
True,False,False,True,True,False,True,True,True,False
True,False,False,True,True,True,False,False,False,False
False,False,True,True,True,True,False,False,True,True
True,False,False,True,True,True,True,True,True,True
True,True,True,True,False,True,True,False,True,False
True,True,False,False,True,True,False,True,True,True
False,True,False,True,True,False,True,False,True,True
True,True,True,True,True,False,True,True,False,False
False,False,False,False,False,True,False,True,True,True
True,False,True,True,False,False,False,False,False,True
True,True,True,True,True,True,False,True,True,False
True,True,True,False,True,False,False,False,True,True
False,True,False,False,True,False,True,False,False,True
True,False,True,True,True,False,True,True,False,True
True,True,True,True,True,True,True,True,False,False
True,False,True,True,True,True,True,False,True,False
False,False,False,False,False,True,True,False,False,True
True,True,False,True,True,True,False,False,False,False
True,True,True,True,True,False,True,True,False,False
True,True,False,True,True,True,False,False,True,True
False,False,False,False,True,True,False,False,True,False
True,True,True,False,False,False,False,False,True,True
True,False,True,True,False,True,False,False,False,True
True,False,False,False,False,False,False,False,True,True
True,False,False,False,False,False,True,True,False,False
True,False,True,True,True,False,False,False,True,True
True,True,True,True,True,True,True,False,True,False
False,True,True,True,False,True,False,True,False,True
True,False,True,True,False,False,False,False,True,True
False,False,True,False,False,False,True,True,True,False
True,True,True,False,True,True,False,False,True,True
True,True,True,False,False,True,False,False,True,True
False,False,False,False,True,False,True,True,True,False
True,False,False,True,False,True,False,False,True,True
True,True,False,True,False,True,True,True,True,False
True,False,False,False,True,False,False,True,True,False
False,True,True,False,True,True,True,True,True,True
False,True,True,False,True,False,False,False,True,True
False,True,False,True,True,True,True,False,True,True
False,True,True,False,True,True,True,False,False,False
True,True,True,False,False,True,True,True,True,True
True,True,False,True,True,False,False,False,True,False
False,True,False,True,False,True,False,False,False,True
True,False,True,False,True,True,True,True,True,True
True,True,True,True,True,True,True,False,False,False
True,False,True,True,True,False,True,True,True,False
True,True,True,True,True,True,True,True,True,False
False,False,False,False,False,True,False,False,True,True
True,True,False,False,False,False,False,True,False,False
False,True,False,False,False,False,False,True,False,True
True,True,False,False,False,True,True,False,True,True
True,False,True,False,True,False,False,True,True,False
False,True,True,True,True,False,True,True,True,False
True,True,True,True,True,True,False,False,True,True
False,True,False,False,True,True,False,True,True,True
False,True,False,False,True,True,False,True,True,True
True,False,True,False,True,False,False,True,False,False
False,True,True,False,False,False,True,True,False,False
False,False,False,True,False,True,True,False,True,True
False,True,False,True,True,True,True,True,True,True
False,True,False,False,True,False,False,True,False,False
True,True,True,True,True,True,False,True,True,False
False,False,True,False,True,True,True,False,True,False
True,True,False,True,False,True,False,False,False,False
True,True,True,False,False,True,False,True,True,False
True,True,True,False,False,False,False,False,True,True
True,False,True,False,True,True,True,True,True,False
False,False,False,True,False,True,False,False,True,False
True,True,False,True,False,True,True,False,True,False
True,True,True,True,False,True,False,True,False,True
True,True,False,True,True,True,False,False,False,False
False,False,False,False,False,True,True,False,True,True
True,False,False,True,False,False,False,False,True,False
True,True,True,False,False,False,False,True,False,True
True,True,True,False,False,False,False,True,False,False
True,False,True,False,False,True,True,False,False,False
False,False,True,False,False,True,False,False,True,False
True,False,False,False,False,False,False,True,True,False
True,True,True,False,True,False,False,True,True,True
True,False,True,False,False,True,False,True,False,True
False,False,True,False,True,True,True,True,False,True
False,False,False,True,True,True,True,True,True,False
True,True,False,True,False,True,True,True,True,True
True,False,False,True,True,True,False,True,True,False
True,True,True,True,False,True,True,False,True,True
False,False,False,True,True,False,False,False,True,True
True,True,True,False,True,True,True,True,True,True
True,True,True,False,False,True,False,False,False,True
True,False,False,True,False,False,True,True,False,True
False,True,False,False,True,True,False,False,True,True
False,True,False,True,False,False,False,False,False,False
False,False,True,False,True,False,False,True,True,False
False,True,True,True,False,False,True,True,True,True
True,False,False,True,False,False,False,False,False,True
False,True,False,False,True,True,False,True,False,True
False,False,True,True,False,True,False,True,False,True
False,False,True,True,True,False,True,True,True,True
False,True,True,False,True,True,True,False,True,False
True,True,True,False,True,True,False,True,True,True
False,False,True,False,False,True,False,True,True,True
True,False,False,True,False,True,True,False,True,False
False,True,True,True,False,False,False,False,False,True
True,False,False,True,True,True,False,False,True,True
False,True,False,False,True,False,True,False,False,False
False,False,True,True,False,False,True,False,False,False
True,False,True,False,False,False,True,True,False,False
True,True,False,True,False,False,False,True,False,True
True,True,False,False,True,True,True,False,False,True
False,True,False,False,False,False,False,True,False,False
True,False,False,True,True,False,False,True,False,True
True,True,False,False,True,False,False,True,False,False
True,False,False,False,True,False,False,True,True,False
True,False,True,False,False,True,False,False,False,True
False,False,False,False,False,False,False,False,True,True
True,False,True,False,True,False,False,False,False,True
True,True,True,False,False,True,True,True,False,True
True,False,False,False,True,False,False,False,True,False
False,True,True,False,True,True,False,False,False,False
False,True,False,True,False,True,False,True,True,True
False,True,True,True,False,True,False,True,True,False
False,False,True,False,False,True,False,False,True,False
False,False,True,True,False,False,False,True,False,True
False,True,True,True,False,True,False,False,False,True
True,True,True,False,True,True,True,False,True,True
True,False,True,True,False,False,False,True,False,False
True,True,False,False,True,True,False,True,False,True
False,False,False,False,True,True,True,False,False,False
False,True,False,True,True,False,True,False,False,True
False,False,True,False,True,False,False,True,True,False
False,True,False,True,True,True,True,True,True,True
True,False,False,True,True,False,False,True,True,False
True,True,True,True,False,True,True,True,False,False
False,False,True,True,True,True,False,True,True,True
True,True,True,False,True,True,False,True,True,True
True,True,False,False,True,True,True,False,False,True
False,True,True,True,False,True,True,False,False,False
False,True,True,True,True,True,False,True,True,True
True,True,True,True,False,True,True,False,False,True
False,False,True,True,True,False,False,False,False,False
True,True,False,False,True,True,False,True,False,False
False,True,False,False,False,True,False,False,False,False
True,False,False,True,False,False,False,True,True,True
True,True,True,True,False,False,True,True,False,True
False,False,False,True,False,True,True,True,False,True
False,False,True,False,False,False,True,False,True,True
True,True,False,False,False,False,True,False,False,True
True,True,True,True,True,False,True,True,False,False
True,True,False,False,True,True,False,False,True,False
True,False,False,False,False,False,False,True,False,True
False,True,False,False,True,True,True,True,True,False
True,True,True,True,False,False,True,True,True,True
False,False,False,True,True,False,True,False,False,True
False,True,True,True,False,False,True,True,True,False
False,True,True,False,False,True,False,False,False,False
True,False,False,False,False,True,False,True,False,False
False,False,True,False,True,False,False,False,True,False
False,False,False,True,True,True,True,True,False,True
False,False,True,True,True,True,False,False,False,True
True,False,False,False,True,True,False,True,True,False
True,False,False,False,True,True,False,True,False,True
True,False,False,True,False,True,True,True,False,False
False,True,False,False,True,True,False,True,True,False
False,True,True,False,False,False,True,False,False,True
True,True,False,False,False,True,True,False,False,True
True,False,True,True,True,True,True,True,True,False
False,True,True,True,False,True,False,True,False,False
False,True,False,False,False,False,True,False,False,True
True,True,True,True,False,True,True,True,True,True
False,False,True,True,False,True,True,False,True,True
False,True,False,False,False,True,False,False,True,False
True,True,True,True,False,False,True,True,False,True
False,True,True,True,True,True,False,True,True,True
True,False,True,True,False,False,True,False,False,False
True,True,False,True,True,False,False,True,False,True
False,False,True,False,True,False,False,False,False,False
False,True,True,False,True,False,False,True,False,False
False,True,True,False,False,True,True,False,False,False
True,True,False,False,True,True,True,False,True,True
False,True,True,True,True,False,False,False,True,False
True,False,True,True,True,True,True,False,False,False
True,False,True,False,True,True,True,True,False,False
True,False,True,True,True,False,True,False,False,False
False,False,False,True,False,True,False,False,True,True
False,False,False,False,True,True,False,True,False,True
True,True,False,True,False,True,False,False,True,False
True,True,True,False,False,True,False,True,True,True
True,True,False,False,False,True,True,True,True,True
False,False,False,True,False,True,True,False,False,False
False,True,False,True,True,False,True,True,True,False
False,False,False,True,True,True,False,False,True,False
False,True,False,True,False,True,True,False,True,True
True,False,True,False,True,True,False,True,False,False
True,True,False,False,True,True,False,False,True,True
True,False,True,True,False,True,True,False,True,True
True,True,False,False,True,False,False,True,False,True
False,False,True,True,True,True,True,True,True,True
False,True,False,True,False,True,True,True,True,True
False,True,False,True,False,True,True,True,True,True
False,True,True,False,False,False,True,False,False,False
True,True,True,True,False,False,True,False,False,True
False,True,False,True,False,False,False,True,True,False
True,True,True,True,False,True,True,False,False,True
True,True,True,True,False,False,False,False,False,True
True,True,True,True,True,True,False,False,True,False
True,False,True,True,False,True,False,False,False,True
False,True,False,False,True,False,False,False,True,True
False,False,False,False,True,True,True,False,True,True
True,True,True,True,False,True,False,True,True,True
False,False,False,True,True,True,False,True,True,False
True,True,True,True,False,True,True,True,True,True
True,True,False,False,False,True,True,False,False,True
True,True,False,False,False,False,False,False,False,False
True,False,False,True,True,True,True,True,True,True
True,True,False,True,True,True,False,False,True,False
True,True,True,True,True,True,True,True,True,True
True,False,False,False,False,True,False,True,False,False
False,True,False,False,True,False,False,True,False,False
False,False,True,False,True,True,False,True,False,False
False,False,True,False,True,True,False,True,True,False
False,False,False,True,False,True,True,True,False,False
False,False,True,False,False,False,True,True,True,False
False,True,True,True,True,False,False,True,False,True
False,False,True,False,False,False,True,False,False,True
False,True,False,True,False,True,True,True,False,False
True,False,False,True,False,True,False,True,True,True
True,False,True,True,False,True,False,True,False,True
True,False,True,False,False,False,False,False,True,False
True,False,True,True,False,True,True,True,False,False
True,True,False,False,True,True,True,False,False,False
False,False,True,True,True,False,False,False,False,True
False,False,False,False,True,False,True,True,False,False
True,True,False,False,False,False,False,False,False,False
False,True,True,True,False,True,False,True,False,False
True,True,True,False,False,False,True,True,True,False
True,False,False,True,True,False,False,False,False,False
False,False,True,True,False,True,True,False,False,True
True,True,True,False,False,False,False,False,False,False
False,False,False,False,False,True,True,False,False,True
True,True,False,True,True,True,False,True,True,True
False,True,False,False,True,False,True,True,False,True
True,False,True,False,False,False,False,False,True,True
True,False,True,False,False,False,False,False,True,True
False,False,False,True,True,True,True,False,True,False
False,True,False,True,False,True,False,False,True,True
True,True,True,True,False,False,False,True,False,True
True,True,False,False,True,False,False,False,False,False
True,False,True,False,True,True,False,False,False,True
True,True,False,False,False,False,True,False,True,True
True,False,True,True,True,True,True,True,False,True
True,True,True,False,True,True,False,False,True,False
False,False,True,False,False,True,True,True,False,True
False,True,True,False,True,False,True,False,True,False
False,True,True,True,False,False,True,False,False,True
False,False,False,True,True,False,True,False,True,True
True,False,True,True,True,True,True,False,True,True
True,False,False,False,False,False,True,False,False,False
False,True,False,False,True,True,False,True,True,True
False,True,False,False,False,False,True,True,False,False
False,True,True,True,True,True,True,False,True,True
True,True,True,True,True,False,False,True,False,True
True,True,True,False,True,True,False,False,True,True
True,True,False,False,False,True,False,True,True,True
False,True,False,False,False,True,False,True,False,False
False,True,True,True,True,True,True,True,True,False
True,True,True,True,False,True,False,True,True,True
False,False,False,False,True,True,True,True,False,False
False,True,True,True,False,False,True,False,True,False
False,True,False,True,True,True,True,True,False,True
True,False,True,True,True,True,False,True,False,False
True,True,False,True,True,True,True,True,False,False
True,False,True,True,True,False,False,False,True,False
True,False,True,False,True,False,False,True,False,True
True,True,True,False,False,False,False,False,False,True
True,False,False,False,False,True,False,False,True,True
True,True,False,False,False,False,True,True,False,False
False,True,False,False,True,False,False,False,False,False
False,True,True,True,True,False,True,False,False,False
False,True,False,False,False,False,False,False,False,True
False,False,True,True,False,False,True,False,True,False
True,True,True,False,False,False,True,True,False,True
False,False,True,False,False,False,True,True,True,True
True,False,True,True,True,True,True,False,False,True
True,True,False,False,True,True,True,False,True,True
True,False,False,True,False,True,False,True,False,False
True,True,False,False,True,False,True,False,True,True
True,False,True,False,True,False,True,False,True,False
False,False,False,False,False,True,False,True,False,True
False,True,True,False,True,False,True,False,False,False
True,False,True,True,False,True,True,True,True,True
True,False,False,False,False,False,True,False,True,True
False,False,True,True,True,False,True,False,True,True
False,False,False,False,True,False,True,False,True,True
True,True,False,True,False,False,False,True,True,True
False,False,True,True,False,True,False,False,False,False
False,True,True,False,True,True,False,True,True,False
False,False,True,False,True,True,False,True,True,False
True,False,False,False,True,True,False,False,False,True
True,True,True,True,False,False,True,True,False,True
True,False,True,True,False,True,False,False,True,False
False,False,False,False,True,False,True,True,False,True
True,False,False,True,True,False,False,False,False,True
False,False,False,False,False,False,False,True,True,False
True,False,False,False,False,True,False,False,True,True
False,False,False,False,False,False,True,True,True,False
False,False,True,False,True,True,True,True,True,True
True,False,False,True,True,False,False,True,True,False
True,True,True,False,False,False,False,False,True,False
True,True,False,True,True,True,False,True,False,True
False,True,False,False,True,True,False,False,True,True
False,True,False,False,True,True,True,False,True,False
True,False,False,True,False,True,True,False,True,False
False,True,True,False,True,False,True,True,False,True
False,False,True,True,False,True,False,False,True,True
True,False,True,True,False,False,True,False,False,True
True,True,True,True,True,False,False,False,False,False
False,False,False,True,False,True,False,True,True,True
True,True,False,True,True,True,False,True,True,True
True,False,False,False,False,False,False,False,False,False
True,True,True,False,True,True,True,True,True,True
False,False,True,False,False,True,False,True,True,False
False,False,False,False,False,False,False,True,True,True
True,False,True,False,False,True,False,False,True,True
False,False,True,True,False,True,True,False,True,True
False,True,False,True,True,False,True,True,False,False
False,True,True,True,False,True,False,False,False,False
True,True,True,True,False,True,True,True,False,True
True,False,True,True,False,False,True,False,True,True
False,True,True,True,True,True,False,False,False,False
True,False,True,False,False,True,False,True,False,True
True,True,False,False,True,True,False,False,False,False
True,False,False,True,False,True,True,False,True,False
False,False,False,False,False,True,True,True,True,False
False,False,False,True,True,False,False,False,False,False
True,False,True,False,False,True,True,False,True,False
False,True,True,False,False,True,False,False,True,True
False,True,True,False,True,True,False,False,True,True
False,True,True,True,True,False,False,True,False,True
False,False,False,True,True,False,False,False,True,False
True,True,False,True,False,True,False,False,True,False
True,True,True,False,True,True,False,True,True,False
True,False,False,False,True,False,True,True,True,False
True,True,False,True,True,True,False,False,False,False
True,True,True,True,True,False,True,False,False,True
False,False,True,False,False,False,False,False,True,False
True,False,False,True,True,True,True,False,False,True
False,False,False,True,False,False,False,True,False,False
True,True,True,True,False,False,False,True,False,True
True,False,False,False,False,False,True,False,False,False
True,True,True,True,False,False,False,False,True,False
False,True,True,True,False,True,True,False,True,True
False,False,False,False,True,False,True,True,True,False
False,False,False,False,True,False,True,False,True,True
False,True,True,True,True,False,False,False,True,True
True,False,True,True,False,False,False,True,True,False
False,True,True,True,True,False,True,False,True,False
True,False,True,False,False,True,False,True,True,True
True,True,True,True,False,False,True,False,False,False
False,True,True,True,True,False,False,False,True,False
False,True,True,False,False,True,True,False,False,True
True,True,True,True,False,False,True,True,True,False
True,False,True,False,True,True,False,False,True,True
False,False,False,True,False,False,True,True,False,True
True,True,False,True,False,False,False,True,True,True
False,True,True,False,True,False,True,False,True,True
True,False,False,False,True,True,False,False,True,True
False,False,False,True,True,True,False,True,False,False
True,False,False,True,False,True,True,True,False,False
False,False,True,False,False,True,True,True,False,True
True,False,False,False,True,False,True,True,True,False
False,False,False,True,False,False,False,False,True,True
True,False,True,True,False,False,True,True,True,False
False,True,True,True,True,False,True,True,True,False
False,True,True,True,True,True,True,False,False,False
True,False,False,True,True,True,False,True,False,False
False,False,False,True,False,True,False,False,True,True
True,True,True,True,True,True,False,True,False,False
True,False,False,False,True,False,False,True,False,False
False,False,False,False,False,True,True,True,False,False
True,False,True,False,True,False,False,True,True,False
True,False,False,True,True,True,False,False,True,False
False,False,False,False,False,True,True,False,False,False
False,True,True,True,True,False,False,True,True,False
False,True,False,True,True,False,True,True,True,False
False,True,False,False,False,True,False,False,False,True
True,False,True,False,True,True,True,False,True,True
True,False,False,True,False,True,False,True,False,False
False,False,True,True,True,True,True,False,False,False
True,False,False,True,True,True,True,True,False,True
True,False,False,False,False,True,False,False,True,True
True,True,False,True,False,False,False,False,True,True
True,False,True,True,False,True,False,False,True,True
False,True,True,True,False,False,False,True,False,False
False,True,True,True,False,False,True,True,True,True
True,True,True,True,False,False,True,False,True,False
False,False,False,False,False,True,False,False,False,True
True,True,False,False,True,True,False,False,False,False
True,True,False,False,True,True,True,False,True,False
False,False,True,False,True,False,False,False,False,False
False,False,False,True,False,True,True,False,True,True
False,True,True,True,True,False,False,True,True,True
True,False,False,True,True,True,True,False,True,True
True,False,False,True,False,True,False,False,True,False
True,False,True,False,False,True,True,False,True,True
True,True,False,False,False,True,False,False,False,False
True,True,True,True,True,True,False,False,False,False
True,True,False,True,True,False,True,True,True,True
False,False,False,True,False,False,True,True,True,False
False,False,True,False,True,True,False,False,True,True
True,False,False,True,True,False,True,True,False,True
False,True,True,False,True,True,True,False,True,True
True,True,False,False,True,False,True,True,False,True
False,True,False,False,False,True,False,False,False,False
True,False,True,True,True,False,True,False,True,True
True,True,True,True,False,False,False,False,True,True
False,True,False,True,True,True,True,False,True,False
False,True,False,True,True,False,True,False,True,True
False,False,False,True,False,False,True,True,True,True
True,True,False,True,False,False,True,False,True,False
False,True,True,True,True,False,True,False,True,False
True,True,False,True,False,False,True,False,False,True
True,False,True,True,True,True,True,True,False,False
True,True,True,False,False,True,True,True,True,False
True,True,False,False,True,True,False,False,False,False
True,True,True,True,False,False,False,False,False,True
True,True,True,True,True,False,True,False,False,False
True,True,True,True,True,True,True,True,False,False
True,False,True,True,True,False,True,False,True,True
True,True,False,True,False,False,False,True,False,False
True,True,False,True,True,False,True,True,True,False
True,False,True,False,False,False,True,False,False,False
True,False,True,False,False,True,True,False,False,False
True,False,True,False,False,False,True,True,False,True
False,True,True,False,True,True,False,True,False,True
False,True,False,False,False,False,True,False,True,False
True,True,True,True,True,True,False,True,True,False
True,False,True,False,True,True,True,True,True,False
False,False,False,False,True,True,True,False,False,True
False,False,False,False,False,False,False,True,False,False
True,True,False,True,False,False,True,True,False,True
True,False,False,False,True,False,True,False,False,True
True,False,False,True,False,False,True,True,False,True
True,False,True,False,False,False,False,True,False,True
False,False,True,True,True,True,False,True,False,True
True,False,False,True,True,False,True,True,False,False
True,False,False,True,True,True,False,True,True,False
True,True,True,True,False,True,True,True,True,False
False,False,True,False,True,False,False,False,True,True
True,True,False,False,True,True,False,True,False,False
False,True,False,False,False,False,True,False,False,True
False,False,False,True,True,False,True,True,True,False
False,True,True,True,False,False,True,True,False,False
False,True,True,True,True,False,True,True,True,True
False,True,True,True,False,True,False,False,False,True
False,False,True,True,True,False,True,False,False,False
True,False,False,False,False,True,True,False,False,False
True,False,False,True,False,False,False,False,True,True
False,False,True,True,False,True,False,True,True,True
False,False,True,True,True,False,True,True,False,False
False,True,True,True,False,True,True,False,False,False
True,False,False,False,True,False,False,False,False,False
True,True,True,True,False,True,False,False,True,True
True,True,True,True,True,True,False,False,True,False
False,False,False,True,True,True,True,True,True,True
False,False,False,True,True,True,True,False,False,True
False,True,True,True,False,True,True,True,True,True
False,True,True,False,False,False,True,False,False,True
True,False,False,False,False,False,True,True,True,False
True,True,False,False,True,True,False,True,True,True
False,True,False,True,True,False,True,False,True,False
True,False,True,True,True,False,True,False,True,True
True,True,False,True,False,True,True,True,True,False
True,False,True,True,False,False,False,True,False,True
True,False,False,True,False,True,False,False,True,False
True,True,False,False,False,False,True,True,False,False
False,False,True,True,False,False,True,False,True,False
True,True,False,True,True,False,False,True,True,True
True,True,True,True,False,True,False,False,True,False
False,False,True,True,True,True,False,False,False,False
False,False,False,True,True,True,True,False,True,False
True,True,True,True,True,True,False,True,False,True
False,False,True,False,True,False,True,True,True,False
False,True,False,False,True,False,False,False,False,True
False,True,False,False,True,False,True,True,False,True
False,False,False,True,False,True,True,False,False,True
True,False,True,False,True,True,True,True,True,True
True,False,True,False,False,False,False,False,True,False
True,False,False,False,False,True,True,False,False,True
False,False,True,False,True,True,False,False,True,False
True,True,False,True,False,False,True,True,True,False
True,False,True,True,True,True,True,True,True,True
True,True,True,False,False,True,False,True,False,False
True,True,False,True,True,False,False,False,False,False
False,False,True,True,True,False,True,True,True,True
True,True,True,False,False,False,False,False,True,False
True,True,False,False,False,True,True,False,True,True
False,True,True,False,True,False,False,False,True,True
False,False,False,True,False,True,True,True,False,False
False,True,True,True,False,True,False,False,True,False
True,True,True,False,False,False,False,True,True,False
True,True,False,False,False,True,True,True,False,True
False,True,True,False,True,True,True,False,False,True
True,False,True,False,True,False,False,False,False,True
True,False,False,True,False,True,True,True,True,False
True,True,False,True,True,False,False,True,False,False
False,False,False,True,False,True,False,False,False,False
False,True,True,False,False,False,True,True,False,False
True,False,True,False,True,True,True,True,False,False
False,True,True,False,False,True,True,True,False,False
False,True,True,True,True,True,True,True,True,False
True,False,False,True,True,True,False,True,True,False
True,False,False,True,False,False,False,False,False,False
False,False,False,False,True,True,False,True,True,True
False,True,False,False,False,False,True,True,True,False
False,False,False,True,True,True,True,False,False,False
False,True,False,False,True,True,False,True,False,True
False,False,True,False,True,True,False,True,True,False
True,True,True,True,True,True,True,False,False,False
True,True,False,False,False,False,True,True,True,False
True,True,True,True,False,False,True,True,True,False
True,False,True,True,True,True,False,False,False,False
True,False,True,False,True,True,False,False,False,True
True,False,True,False,True,False,True,True,True,False
False,True,False,False,True,False,False,True,False,False
True,True,False,True,True,False,False,False,True,True
False,True,True,False,True,False,True,True,True,True
True,True,True,True,True,False,True,True,True,True
False,False,False,True,True,True,False,True,True,True
False,True,True,True,True,True,False,False,True,False
False,False,True,True,False,True,True,False,False,True
True,False,False,False,False,False,True,True,True,False
True,False,False,True,True,False,True,True,True,True
True,True,True,False,False,True,True,False,True,False
True,False,False,True,False,False,True,True,True,True
False,True,True,True,True,True,True,False,False,True
True,True,True,False,True,False,False,False,True,False
True,False,False,True,True,False,False,True,False,True
False,False,False,True,True,False,True,True,True,False
False,True,False,False,True,False,False,False,True,False
True,True,True,False,False,True,False,True,False,True
False,True,False,False,True,True,True,True,True,False
False,True,False,True,False,False,False,True,True,False
False,True,False,True,True,True,True,False,True,True
True,False,True,True,True,False,False,True,True,False
True,False,False,False,False,False,False,False,True,True
True,False,False,True,True,False,False,True,True,False
True,True,True,False,True,False,True,True,False,True
False,False,False,True,False,True,False,False,False,True
False,False,False,False,True,True,False,False,True,False
True,False,False,True,True,False,False,False,True,True
False,False,False,False,False,True,False,False,True,False
False,False,False,True,True,False,False,False,True,True
False,False,False,True,True,True,False,True,True,True
False,True,False,True,False,True,True,False,True,False
False,False,False,True,False,True,True,True,True,False
True,False,True,True,True,False,True,True,True,False
True,False,True,True,False,False,True,False,False,True
True,True,False,False,True,True,True,True,False,False
True,True,True,True,True,True,False,True,True,False
True,False,True,False,True,True,True,True,True,False
False,True,False,False,False,False,True,True,False,True
False,True,False,True,False,False,True,False,True,True
False,True,False,True,True,False,True,False,True,False
False,True,False,True,True,True,True,True,False,True
True,False,False,True,True,True,True,False,True,True
False,False,False,True,False,False,False,False,False,True
False,True,True,True,True,False,False,False,True,False
True,True,True,True,True,False,True,False,True,True
False,True,False,True,True,True,False,False,True,True
False,False,False,True,False,False,True,False,True,False
False,True,False,False,False,False,True,False,True,True
False,False,True,False,False,False,True,True,False,True
True,False,True,True,True,False,True,True,True,True
False,True,True,False,False,False,True,True,False,False
True,True,False,False,False,True,True,True,False,True
True,False,False,True,True,False,False,True,True,True
False,False,False,True,True,True,False,True,True,True
True,True,True,False,True,False,True,True,False,True
True,True,True,True,True,False,False,False,True,False
True,False,True,False,True,True,True,True,True,True
True,False,True,True,False,True,True,True,True,False
False,False,False,True,False,True,True,True,False,False
False,False,True,True,False,True,False,True,False,True
False,False,False,False,True,False,True,True,True,True
False,True,True,True,True,True,False,True,True,False
True,False,False,True,True,True,True,False,True,False
False,False,True,True,True,True,False,True,False,False
True,True,True,True,True,True,False,False,False,False
False,True,True,True,False,False,False,True,False,True
True,True,False,True,True,True,False,False,False,True
False,True,False,False,True,False,True,True,True,True
True,True,False,True,True,True,True,True,True,False
True,True,True,False,True,False,True,False,True,False
False,True,False,False,False,True,True,False,True,False
True,True,True,True,False,False,True,False,False,False
False,True,False,False,True,False,True,False,True,False
False,False,True,True,True,False,False,False,False,False
True,True,True,True,True,False,True,True,False,False
True,True,False,True,False,False,False,False,True,True
True,False,True,False,False,True,False,False,False,False
True,True,True,True,True,True,False,True,False,True
False,True,True,True,True,False,True,False,False,False
False,True,True,True,False,False,False,False,False,False
True,True,True,False,True,True,False,False,False,False
False,False,False,False,True,False,True,False,False,True
True,False,True,True,False,False,True,False,False,False
True,True,True,True,True,True,True,True,False,True
True,True,True,True,True,True,False,False,True,False
False,False,True,False,True,True,False,False,True,True
False,False,False,False,False,False,True,True,True,True
True,True,False,False,True,True,False,False,True,False
False,True,True,True,True,True,True,False,False,True
False,False,False,False,False,True,False,False,True,True
False,True,True,True,False,True,True,True,False,True
True,False,False,True,False,True,False,False,True,False
True,True,True,True,True,False,True,False,False,True
True,False,False,True,False,True,True,False,False,True
False,False,False,False,False,True,True,True,True,False
False,True,True,True,True,True,False,True,True,True
True,True,True,True,True,True,True,False,True,True
True,False,True,False,True,False,True,False,False,True
False,True,True,True,False,True,False,True,True,False
False,False,True,False,True,True,True,True,False,True
True,True,False,False,False,False,False,False,True,False
True,False,True,True,True,True,False,True,False,False
False,True,False,True,False,True,True,False,False,True
False,True,True,False,False,False,False,False,False,False
False,True,True,True,False,False,True,True,False,False
True,True,False,True,True,True,True,False,True,True
True,True,True,False,False,True,False,False,False,True
False,True,False,False,False,False,True,True,True,False
True,False,False,True,True,False,False,True,False,True
True,True,False,True,False,False,True,False,False,True
True,False,False,False,False,True,True,True,False,False
False,False,False,False,False,True,True,True,False,True
True,False,True,True,True,False,False,True,False,True
True,False,True,True,False,False,True,True,False,False
True,True,False,True,False,False,True,False,True,False
True,False,False,True,False,True,True,True,True,True
True,True,True,False,True,False,False,False,True,True
True,False,False,True,False,False,False,True,False,False
True,False,True,False,False,True,True,True,True,False
False,False,True,True,True,False,True,True,True,True
True,False,False,False,False,False,False,False,True,True
True,False,False,False,True,True,False,True,False,True
False,False,True,True,True,True,False,False,True,True
True,False,True,False,True,True,True,False,False,False
True,False,True,True,True,True,True,True,False,True
True,False,True,True,True,False,True,False,True,False
True,False,False,False,False,True,True,False,False,False
True,False,False,False,False,False,False,True,True,False
True,False,True,False,True,True,False,True,False,True
False,False,True,False,False,False,True,False,False,True
False,False,False,False,False,True,False,False,False,False
True,False,False,False,True,False,False,True,False,True
True,False,True,True,True,True,False,False,True,False
True,False,True,False,False,True,False,False,False,True
True,False,False,False,True,False,False,False,True,True
True,False,True,True,False,False,False,True,True,True
False,False,True,False,True,True,False,False,True,False
True,False,True,True,True,False,True,False,False,False
False,False,False,True,True,False,True,False,False,True
False,True,False,False,False,True,True,True,True,False
True,False,False,True,False,False,True,True,True,False
False,True,True,True,True,True,False,True,True,True
False,True,True,True,True,False,False,False,False,True
False,True,False,False,False,True,False,False,True,True
True,False,False,True,True,True,False,False,False,True
False,True,False,True,False,True,False,True,True,False
True,True,True,True,True,False,False,True,False,False
True,False,True,True,True,False,False,False,False,False
False,True,True,True,True,False,True,True,False,True
False,False,True,True,True,True,True,True,False,True
False,False,False,True,True,True,False,True,False,False
True,False,True,False,False,True,False,False,False,True
True,True,True,True,True,True,True,False,True,False
False,True,False,True,True,False,True,True,False,True
True,False,False,False,False,False,True,False,True,False
False,True,True,True,False,True,False,False,False,True
False,True,True,True,False,False,False,False,True,True
True,True,True,False,True,False,True,True,True,False
True,True,True,True,False,False,True,True,True,False
False,False,False,False,False,True,True,False,True,True
False,True,True,False,False,False,True,False,False,True
False,True,False,True,False,False,False,True,False,True
True,True,False,True,True,False,True,True,True,False
True,False,False,False,False,True,True,False,False,False
True,True,False,True,False,True,True,False,True,False
False,True,True,False,True,True,False,False,True,True
False,True,True,False,True,False,False,True,True,False
True,True,False,False,True,True,False,False,False,False
True,False,False,True,False,False,True,True,True,False
False,True,True,False,False,True,False,False,False,True
True,True,False,False,False,True,True,True,False,True
True,False,False,True,True,False,True,True,False,False
False,False,False,False,True,True,True,False,False,False
True,False,False,True,True,True,False,False,True,True
False,False,True,True,True,True,True,False,False,True
False,True,True,True,True,False,False,False,True,False
True,True,True,False,False,False,False,False,False,True
False,False,True,True,True,False,True,True,True,False
True,False,True,False,True,True,False,True,False,False
False,True,False,True,True,True,True,False,False,False
True,False,False,True,False,True,False,False,False,False
True,False,False,True,True,True,True,True,False,True
True,False,False,False,False,False,False,True,True,True
True,False,True,True,False,False,False,False,False,False
False,False,True,False,False,True,True,False,True,False
False,False,True,False,True,False,True,False,False,True
True,False,True,True,False,True,True,False,False,True
False,False,False,True,False,True,False,False,True,True
False,False,False,True,False,True,True,False,False,False
False,True,True,True,False,True,False,False,True,True
False,True,True,True,False,True,True,True,True,True
False,False,False,False,False,True,False,True,True,False
True,False,True,True,False,False,False,True,True,False
True,False,False,True,False,True,True,True,False,False
False,True,True,False,True,False,False,False,False,False
False,True,True,False,True,True,False,True,True,True
True,True,False,True,False,True,False,False,True,False
True,False,True,False,False,False,True,True,True,True
True,True,False,False,False,False,True,True,True,True
True,True,False,False,False,False,True,True,False,True
True,False,False,True,True,False,False,False,False,True
False,False,False,True,False,False,True,False,False,False
True,True,False,False,False,True,True,True,True,True
True,True,False,False,True,True,True,False,True,False
True,False,False,False,True,False,False,False,True,False
True,True,False,True,False,True,False,True,True,True
False,False,True,True,False,False,False,True,False,False
False,False,False,True,False,True,False,False,False,True
True,False,False,True,True,False,True,False,False,False
False,True,False,True,True,False,False,True,False,False
False,False,True,True,False,True,True,False,False,True
True,False,False,False,False,True,False,False,False,True
False,False,True,True,False,False,False,True,False,False
False,False,True,False,False,True,True,False,True,False
True,True,True,True,False,True,False,False,True,True
True,False,False,False,True,False,False,False,True,False
True,False,False,False,True,False,False,True,False,True
False,False,False,False,True,True,True,True,False,False
True,True,False,True,False,True,True,True,False,True
True,False,False,True,False,False,False,True,True,True
False,True,True,True,False,True,False,False,True,True
False,True,False,True,False,False,True,True,True,True
True,True,False,False,False,False,True,False,False,False
True,False,False,True,True,False,True,False,True,False
True,True,True,False,True,False,True,True,True,True
True,True,False,False,True,True,True,True,True,True
False,True,False,False,False,True,False,True,True,True
True,True,False,False,True,False,True,True,False,True
True,False,True,True,False,True,False,True,False,True
True,True,True,False,True,True,True,False,True,True
True,True,False,True,False,False,True,True,False,False
False,False,False,False,False,True,True,False,True,True
False,False,False,False,False,True,True,True,False,True
True,True,False,True,True,True,True,False,True,False
True,False,False,True,True,False,True,True,False,False
True,False,False,False,False,True,False,False,False,False
False,True,True,False,False,False,False,True,False,False
True,False,True,True,False,True,True,False,True,True
True,True,True,False,True,False,False,True,True,False
True,False,False,False,False,False,True,False,False,True
True,False,False,False,True,True,True,False,True,False
False,False,True,True,True,True,False,False,True,True
True,False,True,False,True,False,True,False,True,True
False,False,True,False,False,True,True,False,True,True
True,True,True,False,True,False,False,True,False,True
True,False,False,True,True,True,True,False,False,True
False,True,False,True,True,True,True,True,True,True
True,True,True,False,False,False,False,False,False,True
True,False,False,True,True,True,True,True,False,False
True,False,True,True,True,False,True,True,True,False
True,True,True,True,True,False,False,True,True,False
True,False,False,True,False,False,False,True,False,False
False,False,False,False,False,True,False,False,False,False
True,False,False,False,True,False,True,False,False,True
True,True,False,True,False,True,True,False,True,True
False,True,True,False,True,False,True,True,True,False
True,False,False,False,True,True,False,True,False,True
True,False,False,False,False,True,False,True,True,True
False,True,True,True,True,False,False,True,True,True
False,True,False,False,False,False,False,True,True,True
True,False,True,True,True,True,False,False,False,True
False,True,False,True,False,False,False,True,False,True
False,True,False,True,False,True,False,True,True,False
False,True,True,False,False,False,False,False,True,False
True,True,False,True,True,False,False,True,True,False
False,False,False,False,True,True,False,True,False,False
True,False,False,True,False,True,False,False,True,True
False,True,True,True,False,True,True,True,False,False
True,False,True,True,True,False,False,True,True,True
True,False,True,True,True,True,False,False,False,False
False,True,False,True,False,False,False,False,True,False
False,True,False,False,False,False,False,False,True,True
False,False,False,True,False,True,True,False,True,False
False,False,False,True,True,False,True,False,False,False
True,True,True,True,False,False,True,True,False,True
False,False,True,True,False,False,False,True,True,True
False,True,True,False,False,False,False,True,True,True
False,True,False,False,True,False,True,True,True,False
True,True,True,True,True,False,True,True,True,True
False,False,True,False,False,False,False,True,True,False
False,False,False,False,True,False,True,True,True,False
True,False,False,False,True,False,True,True,True,True
False,False,False,True,True,True,False,True,True,True
True,False,False,False,True,True,False,False,False,True
False,False,False,False,True,True,False,True,False,True
False,False,True,False,False,True,True,False,True,True
True,True,True,False,False,False,False,True,False,False
False,False,True,False,True,False,True,True,True,True
True,True,True,True,True,True,True,False,False,True
False,True,False,False,True,True,True,False,False,False
False,False,True,False,True,False,False,False,True,True
False,True,True,True,True,False,True,True,True,True
False,False,True,True,False,False,True,False,False,False
True,True,True,True,False,False,True,False,False,True
False,True,True,True,False,False,True,True,False,True
True,True,False,False,False,False,True,False,True,False
True,False,False,False,True,False,False,False,True,True
True,True,False,True,False,False,True,True,False,False
True,True,False,False,True,True,True,False,False,False
True,False,False,False,True,False,True,True,True,False
True,False,False,True,False,True,False,True,True,False
True,True,False,False,False,True,True,True,False,False
False,False,True,True,False,True,False,True,False,True
False,True,False,False,False,False,True,True,True,True
False,True,False,True,False,True,False,False,False,False
False,False,True,False,True,False,False,True,True,False
True,False,True,True,False,True,True,False,True,True
True,False,True,False,False,False,True,True,True,True
False,False,True,True,True,False,False,False,False,False
True,True,True,False,False,True,True,True,True,True
False,False,True,False,False,False,False,True,False,False
True,True,True,True,True,True,False,False,True,True
True,True,True,False,False,False,False,False,False,True
True,True,False,False,True,False,True,False,True,False
False,False,True,False,True,False,False,True,True,True
False,False,True,False,True,False,True,False,False,True
True,True,True,True,True,True,True,False,True,True
True,True,False,False,False,False,False,True,True,True
False,True,True,False,True,True,False,True,True,False
True,False,False,True,False,True,False,False,True,False
False,True,True,True,True,True,True,False,False,False
False,True,True,True,False,False,False,True,False,True
False,True,True,True,False,False,False,True,False,False
True,True,True,True,True,True,True,False,True,True
False,True,False,False,True,True,True,False,True,False
False,False,False,False,True,True,True,True,False,True
True,False,True,False,False,True,True,True,False,True
True,True,False,False,True,False,False,False,True,True
False,False,True,False,True,False,False,False,True,True
False,False,False,True,False,False,True,True,False,False
True,True,False,True,True,True,False,True,True,False
True,False,False,False,True,True,True,True,False,False
True,True,False,False,False,False,False,True,False,False
True,True,False,True,False,True,True,True,False,True
True,False,False,True,True,False,True,False,False,True
False,False,False,True,False,True,False,True,False,True
True,False,False,False,False,False,True,True,False,False
False,False,True,True,False,False,True,False,False,True
True,False,True,False,True,False,True,True,False,True
True,False,True,True,True,False,False,False,False,True
False,False,False,False,True,True,False,False,False,False
False,True,False,True,False,False,True,True,True,True
False,True,False,True,False,False,True,False,False,False
True,True,True,True,True,False,False,True,False,False
False,True,False,True,True,True,True,False,True,True
True,True,False,True,False,True,True,True,True,False
False,True,False,False,True,False,True,False,True,True
False,False,False,True,False,False,True,False,True,True
True,True,False,True,True,False,False,True,False,True
False,False,True,False,True,False,False,True,True,True
True,True,True,False,True,False,False,False,False,True
False,False,False,False,True,False,False,False,False,True
False,False,False,False,True,False,True,True,False,True
True,True,False,True,False,False,True,True,False,True
True,False,False,False,True,True,False,True,True,True
False,True,True,False,False,True,False,True,False,False
False,False,False,True,False,True,True,False,False,True
False,False,True,False,False,True,True,False,True,True
True,False,True,False,True,False,True,False,False,True
False,False,True,True,False,False,True,True,False,True
True,False,False,False,True,False,False,True,False,True
False,True,False,False,True,True,True,True,True,True
True,True,True,True,False,False,False,True,True,True
False,False,True,True,False,True,False,False,True,True
True,False,False,False,False,True,False,False,False,True
True,True,False,False,False,False,False,False,True,True
False,True,False,True,True,True,False,False,False,False
True,True,True,True,True,False,False,True,False,False
False,True,True,False,True,True,True,True,True,True
False,False,False,False,False,False,False,False,False,True
True,True,False,False,False,False,True,False,True,True
False,True,False,False,True,True,True,True,False,False
False,False,False,True,True,True,True,False,True,False
False,True,False,True,True,True,True,True,False,False
False,False,True,False,True,True,False,False,False,False
True,False,True,False,True,True,False,False,True,True
False,False,False,False,False,False,True,False,False,False
True,False,True,True,False,False,True,True,True,True
True,False,True,True,False,True,True,False,False,False
False,False,False,False,False,True,False,False,False,True
False,False,False,True,True,False,False,False,False,True
False,True,False,True,False,False,True,False,True,True
False,True,False,False,True,True,False,True,True,False
True,True,True,False,True,False,True,True,False,False
True,True,False,False,True,False,False,True,False,False
False,True,False,True,True,False,True,False,True,False
True,False,False,True,False,True,False,False,True,False
True,False,False,True,False,False,True,False,False,True
True,False,True,True,True,False,True,False,True,True
True,True,False,False,True,False,True,False,True,True
False,False,True,False,True,True,False,True,False,False
False,True,True,False,False,False,True,False,True,False
True,True,True,False,True,True,True,False,True,False
False,False,True,True,False,False,True,False,True,True
False,False,True,False,False,False,False,True,True,True
False,False,True,True,True,False,True,False,True,True
True,True,True,False,False,True,False,False,False,False
True,False,True,True,False,True,False,True,False,False
False,False,True,False,True,False,True,True,False,False
True,False,False,True,True,True,True,True,True,True
False,True,False,False,True,False,False,False,True,True
False,False,False,True,True,False,False,True,True,False
False,False,True,True,True,True,True,True,False,False
True,True,False,False,False,False,False,True,True,True
True,True,False,False,False,True,False,True,False,True
False,True,False,False,True,True,True,True,True,True
False,False,False,True,True,True,False,False,True,False
True,False,False,True,False,False,True,True,True,True
False,False,False,False,False,True,False,True,False,False
False,True,False,True,True,False,True,True,True,False
True,True,False,False,False,False,False,False,False,True
True,True,True,False,False,True,False,False,False,False
False,False,False,True,False,True,True,True,False,True
False,False,True,False,False,False,False,False,True,False
False,True,True,True,True,True,True,False,True,True
True,True,False,False,True,False,True,False,True,True
False,False,False,True,True,False,False,True,True,False
False,True,True,True,False,True,True,True,False,False
False,True,False,False,True,False,False,False,True,True
True,True,False,True,False,False,False,False,False,False
True,False,True,False,False,False,False,False,True,True
False,False,True,False,False,True,True,True,True,False
False,False,True,True,False,False,False,False,False,True
True,False,False,False,False,False,True,False,True,True
True,False,True,False,False,False,True,False,False,False
False,False,False,True,False,True,True,False,True,True
True,True,True,False,True,False,True,False,True,False
True,True,True,True,False,True,True,True,True,False
False,True,True,False,True,False,True,True,False,True
True,False,False,False,True,False,False,False,False,True
True,False,True,True,False,False,True,True,True,False
True,True,True,True,True,True,False,True,False,True
False,True,False,True,False,False,True,True,False,False
False,True,True,True,False,False,True,False,True,False
True,True,False,True,True,False,False,True,False,True
False,False,False,False,False,False,True,True,True,False
True,False,False,False,False,True,False,True,False,True
True,False,True,True,True,True,True,False,True,False
False,True,False,False,False,False,False,True,False,True
False,True,True,False,True,True,True,False,True,True
False,False,False,False,True,False,False,True,False,False
True,False,False,False,True,True,True,False,True,True
False,True,True,False,False,False,False,True,True,False
True,True,False,True,True,False,False,False,False,False
False,True,True,False,False,True,True,False,False,True
False,False,False,False,False,False,True,True,True,False
False,True,True,False,False,False,False,False,True,False
True,True,False,True,True,False,False,True,True,True
False,False,False,False,True,True,True,True,True,True
True,False,True,False,False,False,False,True,False,True
False,False,False,True,True,False,False,True,False,False
False,False,False,False,True,True,True,True,True,True
True,False,False,True,True,True,True,False,False,True
False,False,True,False,True,True,False,False,False,True
False,False,True,False,False,False,False,True,False,False
True,True,False,True,True,False,True,True,False,True
True,True,False,False,True,False,True,False,False,True
True,False,False,True,True,True,False,False,True,True
False,True,False,True,True,False,True,False,False,True
False,True,False,True,False,True,True,True,True,False
False,True,True,False,False,True,True,True,False,False
False,False,True,True,False,False,False,True,False,False
True,True,True,False,True,False,True,True,True,False
True,False,False,False,True,False,True,True,False,True
False,False,True,True,False,True,True,False,True,True
False,True,True,False,True,False,True,False,True,False
True,False,False,False,True,False,True,True,True,False
True,False,True,True,False,False,False,False,True,False
True,False,True,True,True,False,True,False,False,True
True,False,True,True,False,True,True,False,True,True
True,False,True,False,False,False,True,True,False,False
False,False,True,True,True,True,True,False,False,True
False,True,True,True,False,False,True,True,False,True
True,False,False,True,True,False,True,True,True,False
True,False,True,True,False,False,True,True,False,False
False,False,True,True,True,False,True,False,True,False
False,True,False,True,True,True,True,False,False,True
True,False,True,False,False,False,False,False,False,False
False,False,True,False,False,False,False,False,False,True
True,True,True,False,False,True,False,False,False,True
True,True,False,False,True,True,False,True,True,True
True,False,True,True,True,True,True,True,False,True
True,False,False,True,False,True,False,True,False,False
False,True,False,False,True,False,True,True,True,False
True,False,True,True,False,False,False,False,True,True
False,True,True,True,False,True,True,True,False,False
True,True,True,False,True,False,False,True,False,False
True,True,False,True,False,False,False,False,True,False
True,True,True,False,True,True,False,False,False,True
True,False,True,False,True,False,True,False,False,True
False,True,True,False,True,False,False,False,True,False
True,True,False,True,True,False,False,False,True,True
False,False,True,False,True,False,True,True,False,False
False,False,False,True,False,False,True,True,False,True
True,True,False,False,True,True,True,False,True,True
False,False,True,True,False,True,True,True,True,True
False,False,True,False,True,True,False,True,True,False
False,True,False,True,False,False,False,True,False,False
True,False,False,False,False,True,False,False,True,True
True,True,True,True,True,True,True,False,True,True
True,False,False,False,True,False,False,False,False,True
True,False,True,False,False,True,True,True,False,True
False,False,False,True,False,False,True,False,False,False
False,True,True,False,False,True,True,True,False,False
True,True,False,False,False,False,True,True,False,False
True,False,True,True,True,True,True,True,False,True
False,False,False,True,False,True,True,False,True,True
True,False,True,True,False,False,False,True,False,False
True,False,True,False,True,False,True,True,True,True
False,False,False,True,True,False,True,True,False,True
False,True,False,False,False,True,True,False,True,True
True,False,False,True,False,False,False,False,False,True
False,False,True,True,True,True,False,False,True,True
True,False,False,False,True,False,False,False,False,False
False,True,False,True,False,False,True,False,True,True
True,False,False,True,False,False,True,False,False,True
True,True,False,True,False,False,True,False,False,True
True,True,True,True,False,True,False,False,True,False
False,False,False,True,True,True,True,True,True,True
True,True,True,True,True,False,True,True,True,True
False,False,False,True,False,False,True,True,True,True
True,True,True,False,False,True,True,True,False,False
True,False,False,False,True,True,True,True,True,True
True,False,False,True,False,True,True,True,True,False
False,True,False,False,True,True,True,True,False,True
False,True,False,True,True,True,True,False,False,True
True,True,False,True,False,True,False,True,False,True
False,False,True,False,True,False,True,False,False,True
False,False,True,True,False,True,True,False,True,True
False,False,False,True,False,True,True,False,True,True
False,False,True,False,False,False,False,False,True,True
False,False,False,False,False,False,True,False,False,False
False,True,False,True,False,True,True,False,False,True
False,True,False,False,False,True,False,False,True,False
False,False,True,True,False,False,True,True,False,False
False,True,True,False,False,False,False,False,True,False
True,False,True,True,False,True,False,True,True,False
True,True,True,True,False,True,True,True,True,False
False,True,True,False,True,True,True,True,True,True
True,False,False,False,False,False,True,True,False,True
False,False,True,False,True,False,True,True,False,True
False,True,True,True,False,False,True,False,False,True
True,False,False,True,True,True,False,False,False,True
False,True,True,True,False,True,True,False,False,True
False,False,False,False,True,True,True,True,True,True
False,True,False,False,False,False,False,False,True,False
True,True,True,False,True,False,True,True,False,False
False,True,True,True,False,False,False,True,False,False
True,True,True,False,False,True,True,False,False,False
True,False,True,True,True,False,True,True,False,True
False,True,False,True,True,False,True,True,True,False
False,True,False,True,False,False,True,True,True,True
True,True,True,True,True,False,True,False,False,False
False,False,True,True,False,True,True,True,False,True
False,False,False,True,True,False,False,True,True,False
True,True,False,True,False,True,False,False,True,True
False,False,False,True,True,True,True,True,True,True
True,True,False,False,False,True,False,False,True,True
True,False,True,False,False,False,True,False,True,True
False,False,False,True,False,False,False,True,False,False
False,True,False,True,False,True,True,True,False,False
False,True,True,False,True,False,True,False,False,False
True,True,False,True,False,False,False,True,True,True
True,False,True,False,True,False,True,True,False,True
False,False,True,True,False,False,True,True,False,True
True,False,False,False,True,False,True,False,True,False
True,True,False,True,False,True,True,True,True,True
True,False,False,True,True,True,False,True,True,False
False,False,False,True,True,False,True,True,False,True
True,True,False,True,False,False,False,False,False,False
True,True,False,False,True,False,False,True,False,False
False,False,True,False,True,True,False,False,True,True
False,False,True,False,False,False,False,False,False,True
True,False,False,True,False,False,False,False,True,True
False,True,False,False,False,True,False,False,False,False
True,True,True,True,True,False,False,False,False,False
False,False,True,True,False,False,True,False,False,False
True,True,True,False,False,False,True,True,False,True
False,True,True,False,True,False,False,True,True,False
True,True,False,False,True,False,True,False,False,False
True,True,False,False,True,False,False,False,False,False
False,False,True,False,True,True,False,True,False,False
True,True,True,True,False,False,False,True,True,True
False,False,True,True,False,False,False,False,True,False
True,False,False,False,True,True,False,False,False,False
True,True,False,True,True,False,False,True,True,False
True,False,True,True,True,True,False,True,True,False
True,True,False,False,True,True,True,True,True,True
False,True,False,False,False,False,False,False,False,False
False,True,True,True,False,True,False,False,True,True
True,True,False,True,True,True,True,False,False,False
False,False,False,True,True,True,False,False,True,False
True,True,False,True,False,True,False,False,True,True
True,False,True,True,True,True,True,True,True,False
False,True,True,True,False,False,False,False,False,True
False,True,False,True,True,False,True,True,False,True
False,True,True,True,False,False,False,False,False,False
True,True,False,False,False,False,False,False,True,True
False,True,False,True,False,False,False,False,True,True
True,False,True,True,True,True,True,True,True,False
False,True,True,False,True,False,False,False,True,False
False,False,True,True,False,True,True,False,True,False
False,True,True,False,False,True,True,False,False,False
False,True,True,False,True,False,True,False,False,False
True,False,False,False,False,False,True,False,True,True
True,True,True,True,False,True,True,False,False,True
True,False,True,False,False,True,True,True,False,True
False,True,False,False,True,False,True,False,False,False
True,False,True,True,False,False,False,True,False,False
False,True,True,True,True,False,False,True,True,False
False,True,False,False,True,True,False,False,False,True
True,True,False,False,True,False,True,True,False,True
False,True,False,True,True,False,False,False,False,True
False,False,False,True,True,False,True,True,False,True
False,False,True,False,True,False,False,True,True,True
False,True,True,False,True,True,False,False,False,True
False,True,False,True,False,True,False,True,True,True
False,False,True,False,False,True,False,False,True,False
False,True,False,True,False,True,False,False,False,False
True,False,True,True,True,False,False,True,True,True
False,True,True,False,True,False,False,True,False,True
False,False,False,True,False,False,True,False,False,False
False,False,False,False,True,False,True,True,False,True
False,False,False,True,False,False,False,True,False,False
False,True,False,False,True,False,True,True,True,False
False,False,True,True,False,True,True,False,False,False
False,True,True,False,False,False,True,True,True,True
False,False,True,False,True,False,True,True,True,True
False,True,False,True,False,True,False,False,False,True
False,False,False,False,False,True,False,True,False,False
True,False,False,False,False,True,True,True,False,False
False,True,False,False,True,False,True,False,True,False
True,False,False,False,True,True,False,True,True,False
False,True,False,False,False,False,True,False,False,False
False,False,True,False,True,False,False,False,True,True
False,False,True,False,True,False,True,True,False,True
False,False,False,False,False,True,True,False,True,False
True,False,True,True,True,False,False,False,False,False
True,True,False,False,True,True,False,False,True,True
False,True,True,False,True,False,True,True,False,True
True,True,False,False,True,True,True,False,False,False
True,True,True,False,False,True,True,True,False,False
False,True,False,True,True,False,False,True,False,False
True,True,True,False,True,False,False,False,False,True
True,True,True,False,False,True,True,False,False,False
False,False,False,False,False,False,True,True,True,True
True,False,False,True,True,False,True,False,False,False
False,False,True,False,False,False,True,True,False,False
False,True,False,False,False,False,True,False,False,True
True,False,True,True,False,False,False,False,False,True
True,False,False,False,True,True,False,True,False,True
False,False,False,True,True,True,False,False,False,True
True,True,True,True,True,False,True,True,False,True
False,False,True,False,False,True,False,False,True,False
False,False,False,False,True,False,False,True,True,False
True,True,True,True,False,False,False,True,True,False
False,True,False,False,True,False,False,False,True,False
True,False,True,False,False,True,False,True,False,False
True,True,False,True,False,False,False,False,False,True
False,False,True,False,False,False,False,False,False,True
True,True,True,False,False,True,False,False,True,False
True,False,True,True,False,True,True,True,False,False
False,False,True,False,False,False,True,True,True,True
True,True,False,False,True,False,True,False,True,False
False,True,False,True,True,True,True,False,True,False
False,True,True,False,False,True,False,True,True,False
False,False,True,True,True,False,True,False,True,False
True,True,False,True,False,False,False,True,True,True
True,False,False,False,True,True,False,True,True,False
True,True,False,True,False,False,False,True,False,True
True,False,True,False,True,False,True,True,True,False
True,False,False,False,False,True,True,False,True,False
True,True,True,False,True,False,True,True,True,False
True,True,True,True,True,True,False,True,False,True
True,False,True,True,True,False,False,True,False,True
False,False,True,False,True,True,True,False,True,False
True,False,False,True,True,False,False,True,False,False
False,False,False,False,True,False,True,True,True,True
False,False,True,False,False,True,False,True,True,True
True,False,True,False,True,False,True,True,False,False
False,False,False,True,False,False,True,False,False,True
True,False,False,False,False,False,True,True,False,True
False,True,True,True,False,False,True,False,False,False
True,False,True,False,False,True,False,False,False,False
True,False,True,True,False,False,False,False,True,False
True,False,False,False,False,True,True,False,True,True
True,True,True,True,False,False,True,True,True,True
False,True,True,True,True,False,False,True,False,False
False,False,True,True,True,False,True,True,True,True
True,False,False,True,True,True,False,True,False,False
False,True,False,True,False,True,True,True,False,False
True,False,False,True,True,False,False,True,True,False
False,True,False,True,True,False,True,False,False,True
True,False,False,False,False,True,True,False,False,False
False,False,False,False,True,True,False,True,True,True
True,True,True,False,True,True,True,True,False,True
False,True,True,True,True,False,True,False,True,False
False,True,True,False,True,True,False,True,False,True
False,True,False,False,True,True,True,True,True,False
False,False,False,True,False,False,False,False,False,True
False,True,True,True,True,True,False,False,True,False
False,False,True,False,True,True,False,False,True,False
False,False,True,True,False,True,True,False,False,True
True,True,False,True,True,False,True,False,False,False
True,True,True,True,False,True,True,True,False,True
False,True,True,True,False,False,False,True,True,True
False,False,False,False,True,True,True,False,False,False
True,True,False,False,True,True,False,True,False,True
False,False,False,False,True,True,False,True,False,False
True,True,False,False,True,False,True,True,False,False
True,False,False,True,True,False,True,True,False,False
True,False,False,True,True,True,True,False,False,True
True,True,False,True,False,False,False,False,True,False
False,False,True,True,True,False,True,False,False,True
False,False,False,False,False,False,False,True,True,True
True,True,False,False,True,False,False,False,True,True
False,True,True,False,False,False,True,False,False,False
True,True,False,True,False,False,True,True,False,False
True,True,True,True,True,True,True,True,False,False
False,True,False,False,False,False,True,False,False,True
True,False,False,True,False,True,False,False,False,False
True,True,True,True,True,True,True,False,False,True
True,True,True,False,True,True,False,True,True,True
True,False,False,True,False,False,False,True,False,False
True,True,True,True,False,False,False,True,False,True
False,False,True,True,False,False,False,False,True,False
False,True,True,False,False,False,False,True,True,False
True,False,False,True,False,False,True,False,False,True
True,True,False,False,False,True,False,True,False,False
False,True,True,True,False,False,False,True,False,False
False,False,False,False,False,False,True,True,False,True
False,False,True,True,True,False,True,False,False,False
True,False,True,True,False,True,True,False,False,True
False,True,False,False,True,True,False,True,False,True
True,False,False,False,False,False,True,False,False,True
False,False,False,True,False,True,False,True,True,True
False,False,True,False,False,True,True,False,True,True
False,True,True,True,False,True,False,False,True,False
False,False,False,False,False,True,False,True,True,False
True,True,True,False,True,False,False,True,False,True
True,True,False,True,True,False,False,True,True,True
True,False,False,False,True,False,False,False,True,True
False,True,False,False,False,False,False,True,True,True
True,True,False,True,True,True,False,False,True,True
False,True,False,True,False,False,False,False,False,True
True,False,True,False,False,False,False,True,False,True
True,True,True,True,True,False,False,True,True,True
False,False,False,True,False,False,False,False,False,True
False,True,True,True,True,True,False,True,False,False
False,False,False,True,True,True,False,True,False,False
True,True,False,True,True,True,False,False,False,False
False,True,False,True,False,True,True,False,True,False
False,False,False,True,True,False,True,True,False,False
False,True,False,False,True,True,False,True,True,False
True,False,False,False,False,False,False,True,True,False
False,True,False,False,False,True,True,True,False,True
False,False,True,True,False,False,True,True,True,False
True,True,True,False,False,False,False,False,True,False
True,False,False,True,False,False,False,True,True,True
True,False,True,True,True,True,True,False,True,True
True,True,True,True,False,False,True,True,True,True
True,False,False,True,False,True,True,False,True,False
False,False,True,False,False,False,False,True,False,True
False,True,False,True,False,True,True,True,True,False
True,False,True,True,True,False,False,False,False,False
False,True,True,True,False,True,True,True,False,False
True,False,True,False,False,True,False,False,False,True
False,True,False,True,True,False,False,False,True,False
False,False,False,False,True,True,False,True,True,True
True,True,True,True,False,False,False,True,False,True
False,True,False,True,True,False,False,True,False,True
True,True,True,True,True,True,False,False,False,True
False,True,False,True,False,False,False,False,False,True
False,True,False,False,True,False,True,True,False,True
False,True,True,True,False,False,True,True,True,False
True,True,False,True,False,False,False,True,True,True
False,False,True,True,True,False,True,True,True,True
True,True,True,True,False,True,True,False,True,True
False,True,False,True,False,True,True,True,True,False
True,False,True,True,True,True,False,False,True,True
False,False,True,False,True,True,True,False,False,True
True,False,False,False,True,True,False,False,True,False
True,True,True,True,True,True,False,False,True,False
True,False,True,True,True,False,True,False,False,False
True,False,True,True,True,True,True,True,True,False
False,False,False,False,True,True,False,True,True,False
True,True,False,True,False,False,True,True,True,False
True,False,True,False,True,True,True,False,True,True
True,True,False,False,False,True,True,False,True,False
False,False,True,True,False,True,False,False,False,False
True,True,False,False,False,False,True,False,True,False
False,True,False,False,False,False,False,False,True,True
True,False,True,False,False,False,False,False,False,False
False,False,False,False,False,False,False,False,True,False
False,False,False,False,True,True,False,True,False,False
True,False,False,True,True,True,True,True,False,False
True,True,False,True,False,False,False,False,True,False
True,True,False,True,False,True,False,False,True,True
True,True,True,False,True,False,False,False,False,False
False,False,True,True,True,False,True,False,True,False
True,False,True,True,True,False,False,True,False,True
False,True,True,True,False,False,True,True,False,False
True,True,True,True,True,False,False,False,True,False
False,False,False,True,True,True,False,True,False,True
False,False,False,True,True,False,False,True,False,False
False,True,False,True,False,False,False,True,False,True
False,False,True,True,False,True,True,False,False,False
False,True,False,False,False,True,True,False,False,False
True,False,True,False,True,True,True,False,True,False
False,True,True,True,False,True,False,False,True,False
True,False,False,True,True,False,False,True,False,False
True,False,True,True,True,False,True,False,False,False
False,False,True,False,False,True,False,True,True,True
False,True,True,True,False,True,True,False,True,True
True,False,True,False,True,False,False,False,True,True
False,False,False,True,False,False,True,False,False,False
True,True,True,False,True,False,True,True,True,False
True,True,False,True,True,True,True,False,True,True
False,False,False,False,True,False,False,False,False,False
False,False,True,False,True,False,False,False,False,False
False,False,True,False,True,True,True,False,True,False
False,False,True,False,True,False,True,True,True,False
True,True,False,False,True,False,True,False,True,False
False,False,True,False,True,True,False,False,False,False
False,True,True,False,True,True,True,True,True,False
True,True,False,False,False,False,False,True,True,False
False,True,False,False,True,False,False,False,True,True
False,False,True,True,True,True,True,True,True,True
True,False,True,True,True,False,True,True,False,True
True,False,False,True,True,False,False,False,False,False
True,True,True,False,False,False,True,True,True,False
True,True,True,True,True,False,True,False,False,False
True,False,True,True,True,True,True,False,False,True
False,False,True,True,True,True,True,False,False,True
False,False,True,False,False,False,False,False,True,True
False,False,False,True,False,True,False,True,False,False
False,True,False,False,True,False,False,True,False,True
False,False,False,True,True,True,False,True,False,False
True,False,False,False,True,False,False,True,False,False
True,True,False,True,False,True,False,False,False,True
True,True,True,False,False,True,True,True,False,False
False,False,False,False,True,False,False,True,False,True
False,True,True,True,True,False,False,True,True,True
False,True,True,True,False,True,False,False,True,False
True,False,False,False,False,False,False,True,True,True
True,False,True,True,False,True,False,True,False,False
False,False,True,True,False,False,False,True,False,True
True,True,True,True,True,True,True,True,True,True
True,True,False,False,True,False,False,False,True,True
False,False,True,True,False,False,True,True,True,True
True,False,False,True,True,True,True,True,True,False
False,True,False,False,True,True,False,True,False,False
True,True,False,False,False,True,True,False,False,True
True,True,False,True,False,False,False,True,True,True
True,False,False,True,True,True,False,False,False,True
True,False,False,False,False,True,True,True,False,True
True,False,True,True,False,True,True,True,False,False
False,True,False,True,True,False,True,False,False,False
True,True,False,True,True,False,False,False,True,True
False,False,False,False,True,False,True,True,False,False
False,False,True,True,False,False,False,False,True,False
True,True,False,True,True,False,False,False,True,False
True,True,True,False,True,False,False,True,False,True
False,True,True,True,False,False,True,True,False,False
False,False,False,True,False,False,True,False,True,True
True,True,True,False,True,True,False,False,True,True
False,True,True,True,True,False,True,True,True,True
False,False,False,True,True,False,True,True,False,False
False,True,True,False,False,True,True,True,False,False
True,False,False,True,True,True,True,False,False,False
True,False,True,False,True,True,True,False,True,False
True,True,False,True,True,True,True,False,False,False
True,False,True,True,True,False,False,False,False,False
False,True,False,False,False,False,False,False,True,False
True,False,True,True,True,True,False,False,False,False
False,True,False,False,False,True,True,True,False,False
True,False,True,False,False,True,True,True,False,True
False,False,False,True,True,False,True,False,False,True
True,True,True,False,True,True,False,True,True,False
True,False,True,False,True,True,False,False,True,True
True,False,False,True,True,False,True,False,False,True
False,False,True,False,True,True,True,False,False,True
False,True,True,False,True,True,False,False,True,False
False,False,False,True,True,True,True,True,False,False
True,False,True,False,True,True,False,False,False,False
False,True,False,False,False,True,False,True,True,False
False,True,False,False,True,False,False,True,False,True
False,True,True,False,True,True,False,True,False,True
True,False,False,False,True,False,True,False,True,True
True,True,False,False,True,False,True,True,True,False
False,True,False,True,False,False,False,True,True,True
True,True,True,False,True,False,True,True,False,False
True,False,True,False,True,False,True,False,False,False
False,False,True,False,True,False,True,False,True,True
False,False,False,False,False,False,True,False,False,False
True,False,True,True,True,False,True,False,True,True
False,True,True,False,False,True,True,True,True,False
True,True,False,False,True,True,True,False,False,True
True,False,True,True,True,True,False,True,False,True
False,True,True,True,True,False,True,False,False,True
True,True,True,True,True,True,True,False,True,True
False,False,True,False,False,False,False,True,False,False
True,False,True,True,True,True,False,False,False,False
True,False,True,False,False,False,False,True,True,True
True,True,True,False,False,True,False,False,False,False
True,False,False,False,True,True,False,True,False,True
True,True,False,False,False,False,False,False,False,True
False,True,True,True,True,True,True,False,True,True
False,False,True,True,True,False,True,False,True,False
True,False,False,False,False,True,False,False,False,True
False,False,True,True,True,True,False,True,True,True
False,True,False,True,False,False,True,False,True,True
True,False,True,True,False,True,False,False,True,True
False,False,True,False,False,True,False,True,False,True
False,True,False,True,True,True,False,True,False,True
False,False,False,True,True,False,True,True,True,False
True,True,False,True,False,True,True,False,False,False
False,True,True,False,True,False,True,False,True,False
False,True,False,True,True,True,True,False,True,True
False,True,True,True,False,True,False,True,True,False
True,True,True,False,True,True,True,False,False,True
False,True,False,True,True,True,False,True,True,True
False,True,True,False,True,False,True,True,False,False
True,False,False,False,False,False,False,False,True,True
False,True,True,False,True,True,False,False,True,True
False,True,True,False,False,False,False,False,True,True
False,True,False,False,True,False,True,True,True,False
False,False,True,True,True,True,True,True,False,True
True,False,True,True,True,True,False,False,False,True
False,False,True,False,False,False,False,False,False,False
False,False,True,False,True,False,False,False,True,False
True,True,False,True,False,False,False,False,False,True
False,True,False,True,False,True,True,False,False,False
False,False,True,False,True,False,True,False,False,False
False,True,True,True,True,True,True,False,False,False
True,False,True,False,True,True,False,True,True,True
False,True,False,True,True,True,False,True,False,False
True,True,True,True,False,False,False,False,False,False
False,True,True,True,False,False,False,False,True,False
True,True,False,False,True,True,True,True,False,False
False,False,False,False,True,True,False,False,True,False
True,True,True,False,True,False,False,False,True,False
True,False,False,True,False,False,False,False,False,True
True,True,True,True,True,True,False,False,True,False
True,True,False,True,False,True,True,True,False,False
True,True,False,False,False,True,True,False,False,True
True,True,True,False,False,True,True,True,True,True
False,False,True,True,True,True,False,False,False,True
False,False,True,False,True,True,False,True,True,False
True,False,False,False,True,True,False,True,False,False
False,True,True,True,False,False,True,False,True,False
False,False,False,False,False,False,False,False,False,False
False,True,True,True,False,False,False,True,False,False
False,True,True,False,False,True,False,True,True,False
False,False,True,True,True,True,True,True,False,False
True,True,False,True,False,False,True,False,False,True
True,True,True,True,True,False,True,False,True,False
False,True,True,False,False,True,False,False,False,False
False,True,False,False,True,True,False,False,True,False
True,True,False,True,False,False,True,False,False,True
True,False,True,False,True,True,True,True,False,False
False,True,False,True,True,False,True,True,False,True
False,False,True,True,False,True,False,True,True,False
True,False,False,True,False,True,True,False,False,False
False,False,False,True,True,False,False,True,True,False
True,True,True,False,True,False,True,False,True,True
True,True,False,True,True,False,True,True,True,True
True,True,True,True,True,True,False,False,True,True
False,False,False,True,True,True,False,False,False,False
True,False,False,False,False,False,False,False,False,False
True,True,True,True,True,False,False,False,False,True
False,True,False,True,True,True,True,False,True,False
True,False,False,True,False,False,False,True,True,True
True,False,True,True,True,False,False,False,False,False
False,False,False,True,True,False,True,True,True,True
False,True,False,False,True,True,False,True,False,True
False,False,True,False,False,False,False,True,False,True
False,False,False,True,False,False,False,True,False,True
False,False,False,False,True,True,False,False,False,False
False,True,False,True,False,False,False,False,False,False
False,True,False,True,False,True,False,False,True,False
True,True,False,True,True,True,True,False,False,True
False,False,False,True,False,True,False,False,True,True
False,False,False,True,False,False,True,False,False,True
True,True,False,True,True,False,True,False,True,True
True,False,True,False,True,True,False,False,True,False
True,False,True,False,True,True,True,False,True,False
True,True,False,False,False,True,True,False,False,True
False,False,False,False,True,True,False,True,False,True
False,True,False,False,True,False,True,True,True,False
False,True,False,True,True,True,True,False,True,True
False,False,True,True,False,True,False,True,True,False
False,True,True,False,True,False,False,True,False,True
True,True,False,True,True,False,False,True,False,True
True,False,False,False,False,True,False,False,False,True
False,True,True,False,False,True,True,False,True,False
False,True,False,True,True,True,False,False,False,False
False,True,False,True,True,True,True,False,False,True
True,False,True,True,False,False,True,False,False,False
True,True,False,False,False,False,False,False,False,True
False,False,False,True,False,True,True,True,True,False
False,True,False,False,True,True,True,True,True,True
False,True,False,True,False,False,True,False,True,True
True,False,False,True,False,False,False,True,True,False
True,True,True,False,True,False,True,True,True,False
True,False,False,True,True,False,False,False,True,True
True,False,True,True,True,True,True,True,True,False
True,True,True,False,False,True,True,True,False,False
False,False,False,True,True,False,True,True,True,True
False,False,False,True,True,False,True,False,True,False
False,False,False,True,False,True,False,False,True,True
False,True,True,False,True,False,False,True,False,False
False,True,True,False,True,False,True,True,True,True
True,False,True,False,False,False,False,True,True,False
False,False,True,False,False,True,True,False,False,True
False,False,True,True,False,False,False,True,False,True
True,True,True,False,False,False,True,True,True,False
True,True,True,True,True,True,False,False,False,False
True,True,True,False,False,False,False,True,False,False
False,True,True,False,True,True,False,False,False,False
True,False,False,False,False,True,False,False,True,False
False,False,False,False,False,False,True,False,True,False
True,True,False,True,True,False,True,False,False,True
False,True,True,True,False,True,False,False,True,True
False,True,False,True,True,False,False,True,False,True
False,False,False,False,True,False,True,True,False,True
True,True,True,False,True,False,False,True,False,True
False,False,False,True,False,False,True,False,False,True
True,False,True,False,False,True,True,False,False,False
False,True,True,False,True,True,False,True,True,False
True,True,False,False,True,True,True,False,True,False
False,False,True,False,False,False,False,False,True,True
True,False,False,True,False,True,True,True,False,False
False,True,True,True,False,True,True,False,False,True
False,False,False,True,False,False,True,True,True,False
True,True,True,False,False,False,True,True,False,False
False,False,True,True,False,False,False,True,False,True
True,True,True,True,False,True,True,False,False,False
False,False,True,True,True,True,True,True,False,True
False,True,True,True,False,False,False,False,False,False
True,False,True,False,False,True,True,False,True,True
True,True,True,True,True,True,True,True,False,False
True,True,False,False,True,False,False,False,True,False
True,True,True,False,False,True,True,False,False,True
True,False,False,False,False,False,False,True,False,True
True,True,True,True,True,False,False,True,True,False
True,False,True,False,True,False,True,False,True,False
True,False,True,True,True,False,True,False,False,False
False,True,False,False,True,True,True,True,True,True
True,True,False,True,True,False,True,True,True,False
True,False,False,True,True,True,True,True,True,False
True,True,True,False,False,False,True,True,True,False
False,False,False,True,True,False,False,False,False,True
True,True,True,False,False,False,True,True,True,False
True,False,False,False,False,True,True,False,False,False
False,False,True,False,True,False,False,False,True,True
False,True,False,True,False,True,True,True,False,False
True,True,True,False,False,True,False,False,True,False
False,False,True,False,True,False,False,True,True,False
False,False,True,False,True,True,True,True,True,False
False,False,True,True,False,True,True,False,False,False
True,False,False,True,True,True,True,False,True,True
True,False,False,False,True,False,True,True,False,True
False,True,False,False,False,True,True,False,False,True
False,True,True,True,True,False,False,False,False,True
False,True,True,False,False,False,False,False,False,True
True,False,False,True,False,False,True,True,True,False
True,False,True,False,False,True,True,True,False,False
True,True,False,False,True,True,True,False,True,True
False,True,False,False,True,True,True,False,False,True
False,True,False,True,True,False,True,False,False,False
True,False,True,False,False,True,True,True,True,True
False,False,True,True,True,True,False,False,True,False
False,False,False,True,False,True,True,False,False,False
True,False,False,False,True,True,True,True,False,True
False,True,True,False,False,True,False,False,True,True
True,True,False,False,True,True,False,False,False,True
False,True,True,True,True,False,False,True,False,False
True,False,True,False,False,False,True,True,False,False
True,False,False,False,True,False,False,True,False,True
True,False,False,True,False,False,True,True,False,False
False,True,True,True,True,True,False,False,True,False
False,False,True,False,False,True,False,True,False,True
False,True,True,True,True,False,True,True,True,True
False,True,False,True,False,False,True,True,True,True
True,True,False,True,True,True,True,True,False,True
False,True,False,True,True,True,True,False,True,True
False,False,False,True,True,True,True,False,True,False
False,False,False,False,False,False,False,True,False,False
False,True,True,True,True,False,False,False,True,True
False,False,False,False,True,True,True,False,False,True
True,False,True,True,False,True,False,True,False,True
False,False,True,True,True,True,True,True,False,False
False,False,False,True,True,True,True,False,False,True
True,False,True,False,False,False,False,True,False,True
False,True,True,True,False,True,True,False,False,False
False,False,True,False,True,True,True,False,True,False
False,False,True,True,False,False,False,True,True,False
False,True,False,False,True,False,True,False,True,True
True,True,False,False,False,False,False,True,False,False
True,True,False,False,False,False,True,False,True,True
True,False,True,True,True,True,True,True,True,True
True,True,True,True,False,True,True,True,True,False
False,True,True,False,True,True,True,True,False,True
True,True,True,False,True,True,True,True,True,True
True,True,False,False,True,True,False,True,True,True
False,False,True,False,True,True,True,True,False,False
True,True,False,False,False,True,False,False,True,False
True,False,True,False,False,True,False,True,False,False
True,True,False,True,True,False,True,False,False,False
True,False,True,False,False,True,True,False,False,True
False,True,True,True,True,True,False,False,False,False
True,False,True,True,True,True,True,False,True,False
True,False,False,False,True,True,False,False,False,False
True,False,True,False,True,False,True,True,False,False
False,False,False,False,False,False,False,False,False,True
True,True,False,False,False,True,True,False,True,True
True,False,False,False,False,True,False,True,False,False
False,False,True,True,True,True,False,True,False,True
True,False,False,True,False,False,False,True,False,True
True,True,False,True,False,True,True,True,True,True
False,True,False,False,False,True,False,True,True,True
True,False,True,True,True,False,False,True,False,False
False,False,False,True,True,False,False,True,False,True
False,False,True,True,True,False,False,True,True,False
True,True,True,False,True,False,True,False,True,False
False,False,False,False,False,True,True,True,False,False
False,True,False,True,False,True,False,False,True,True
True,False,True,True,False,False,True,True,True,True
False,True,True,True,True,True,False,False,False,True
False,True,False,False,True,True,False,True,False,False
False,True,False,True,True,False,False,False,True,True
True,False,False,False,False,False,True,True,True,False
False,False,False,True,False,True,True,False,True,True
False,True,False,True,False,False,False,True,False,False
False,False,True,True,True,True,True,True,True,False
False,True,True,True,False,True,True,False,False,False
True,True,True,False,True,False,False,False,True,False
False,False,False,True,True,True,True,True,True,False
True,False,True,True,False,False,False,False,True,True
True,True,False,False,True,True,True,False,True,True
True,True,True,False,True,False,False,True,False,False
False,True,False,False,False,True,False,True,False,True
False,True,True,False,True,True,False,True,True,False
False,True,True,True,True,False,False,True,True,False
True,True,True,False,False,True,True,False,True,False
False,False,False,True,True,False,True,True,False,True
True,True,True,False,False,True,True,False,False,True
False,False,False,False,False,True,False,True,True,True
True,True,False,False,False,False,True,True,False,True
True,False,True,True,False,True,True,False,True,True
False,True,True,True,True,True,False,True,True,False
True,True,False,True,True,True,False,True,True,True
True,True,False,True,False,False,False,True,False,False
False,True,True,False,True,False,False,False,False,True
False,True,True,False,False,True,False,False,False,True
True,False,False,False,False,False,True,False,False,False
False,True,False,False,False,False,True,False,False,False
True,True,True,False,True,False,True,True,True,False
False,False,False,True,False,True,True,False,False,True
True,False,False,True,True,True,True,True,False,True
True,False,True,False,False,True,False,False,False,False
True,False,False,False,True,True,True,True,False,True
False,False,True,False,False,False,True,False,True,False
True,True,True,True,True,False,True,False,True,True
True,False,True,False,True,False,True,True,False,True
False,True,True,False,True,True,False,True,True,False
False,True,False,False,False,True,True,False,True,True
True,True,True,False,False,False,True,True,False,False
True,False,False,False,True,False,True,False,True,False
False,False,False,True,False,True,False,False,True,False
False,False,True,True,False,True,True,True,False,True
False,False,False,True,True,True,True,True,True,False
False,False,False,True,True,True,False,True,False,True
False,True,True,True,False,False,False,False,True,True
False,True,True,False,False,True,True,True,False,False
True,False,False,True,True,True,False,False,True,True
True,True,True,True,False,True,True,False,True,False
True,False,False,True,False,True,False,True,True,True
True,True,False,False,False,True,True,False,False,False
False,True,True,True,False,True,False,False,True,False
False,False,True,True,True,True,False,False,False,True
False,True,False,True,True,False,True,False,False,False
True,False,False,True,False,False,True,False,False,True
False,False,False,True,False,False,False,False,True,False
True,True,False,False,False,False,True,True,False,True
True,False,False,True,False,True,True,False,True,False
False,False,False,True,False,True,False,False,False,False
False,True,False,True,False,True,True,False,True,False
True,True,True,True,True,True,False,True,False,True
True,True,True,True,False,False,True,False,True,False
False,True,True,False,False,False,False,False,True,True
False,False,True,True,False,False,False,False,True,True
True,True,False,True,False,False,True,False,False,True
False,True,False,True,False,True,False,True,True,False
False,False,True,True,False,True,True,False,False,True
True,False,False,False,True,True,False,False,False,True
False,True,True,True,True,False,True,True,True,False
False,True,True,True,True,True,False,True,True,True
True,False,False,True,False,True,True,False,True,False
True,False,True,True,False,True,True,True,True,False
True,False,True,False,False,False,False,True,False,True
False,True,True,False,False,False,False,False,False,False
True,False,True,True,False,False,False,False,True,False
False,False,True,True,True,True,False,False,False,True
True,False,False,False,True,True,False,False,False,True
True,False,False,False,True,True,True,True,False,True
False,False,True,True,True,True,True,False,True,True
True,True,True,True,False,True,True,False,True,False
False,True,True,False,True,True,True,True,True,True
True,False,False,False,True,False,False,True,True,True
False,False,False,False,False,False,False,True,False,False
True,True,True,False,True,True,True,False,False,True
True,True,True,True,True,True,False,False,True,True
False,True,True,False,True,True,True,True,False,True
True,False,False,True,True,False,False,False,False,True
True,False,True,True,False,True,True,False,False,True
False,False,True,True,True,False,True,True,True,False
False,True,True,True,False,True,True,True,False,True
True,True,True,False,True,False,True,False,False,True
False,True,False,True,True,False,True,False,False,False
True,False,False,True,False,False,False,False,False,False
False,False,False,True,True,False,True,True,True,False
True,False,True,False,False,False,True,True,False,False
True,True,True,True,False,False,False,False,True,False
False,False,False,True,False,False,True,False,False,True
False,True,True,False,False,True,False,True,False,True
True,True,False,False,False,True,False,True,False,False
False,True,True,False,True,False,True,True,False,False
False,False,True,True,True,True,False,False,True,True
True,True,False,False,True,False,True,False,False,False
True,True,False,False,True,False,False,False,False,True
False,False,False,False,True,False,True,False,True,True
False,True,False,False,False,False,False,False,False,True
False,False,False,False,False,False,True,False,True,False
False,False,True,True,False,False,False,False,True,True
False,False,True,True,True,False,True,False,False,True
True,False,True,True,False,True,True,True,False,False
True,False,False,True,True,False,False,True,False,False
False,True,False,True,True,False,False,False,False,False
True,False,True,True,False,False,True,True,True,False
True,False,False,False,False,True,False,True,True,True
False,True,False,True,True,False,False,True,True,False
False,False,True,False,True,True,True,True,False,False
False,False,False,True,True,False,False,False,True,True
False,True,False,False,False,True,False,False,False,False
True,False,True,False,False,False,False,False,False,True
True,True,False,False,False,True,True,True,False,False
False,False,False,False,False,False,False,True,False,False
True,True,False,True,False,False,False,False,True,False
False,True,False,True,False,False,False,True,True,False
False,True,True,True,False,True,False,True,False,True
False,True,True,True,True,True,True,False,False,True
True,False,True,False,False,True,True,True,True,False
False,True,True,False,True,True,True,True,False,False
True,True,False,True,True,False,True,False,False,True
False,False,True,True,False,False,False,True,False,False
False,False,False,False,True,True,False,True,True,False
False,False,True,True,True,True,True,True,True,False
False,True,True,False,True,True,True,False,True,False
False,True,True,False,True,False,True,True,False,False
True,False,False,False,False,True,False,True,False,True
True,False,True,False,True,True,True,True,False,False
False,True,True,False,False,False,False,False,True,True
True,True,True,True,False,False,False,True,True,True
True,False,True,True,True,True,True,False,False,True
True,False,True,True,False,False,False,False,False,False
False,True,True,True,True,True,True,True,False,True
True,False,False,True,False,False,True,True,True,True
True,False,True,False,True,False,False,False,True,True
False,False,True,True,False,False,False,True,False,False
False,True,True,True,True,True,False,True,False,True
True,True,True,True,True,False,True,False,True,False
False,True,False,False,True,True,False,True,True,True
True,False,False,False,False,False,False,True,True,True
False,False,True,False,True,True,False,False,False,False
False,False,True,False,True,False,False,False,False,False
False,False,False,True,True,False,False,True,True,True
False,False,True,True,False,True,False,False,False,False
True,True,True,False,False,False,False,True,False,True
True,False,True,False,True,True,False,False,True,False
True,False,True,True,True,False,False,False,True,False
False,True,False,True,True,True,False,False,True,False
True,True,False,True,True,True,True,True,False,True
False,True,False,False,False,False,False,True,False,True
False,False,False,False,False,True,False,True,False,True
False,True,False,False,True,True,False,False,True,False
False,True,True,False,True,False,False,False,True,False
False,True,False,True,True,True,False,True,True,False
False,False,False,True,True,False,True,False,True,False
False,False,True,False,False,True,True,True,True,True
True,True,True,True,False,False,False,True,True,True
True,False,True,False,False,True,True,True,False,True
False,True,False,True,False,False,True,True,True,True
True,True,False,False,True,False,False,False,False,True
False,False,True,True,True,False,False,False,False,False
True,True,True,True,True,True,True,True,False,False
True,False,True,True,True,False,False,False,True,False
True,True,True,True,True,False,True,False,False,False
True,False,True,True,True,False,True,True,False,True
False,True,True,False,False,True,False,False,True,True
True,True,False,True,True,False,True,True,False,True
True,False,True,True,True,False,False,False,True,True
False,False,False,True,True,False,False,False,False,True
False,False,True,True,True,True,True,True,True,True
True,False,False,False,True,True,True,False,False,True
False,False,True,False,False,False,False,True,False,False
False,True,False,False,False,False,False,True,True,True
True,False,True,False,True,False,True,True,False,False
True,False,True,False,False,True,False,False,True,True
True,True,False,False,False,True,False,False,True,True
True,False,True,False,True,False,False,False,False,True
True,True,False,True,False,False,False,False,False,False
True,True,False,False,False,False,False,False,True,True
False,True,True,False,False,True,True,False,True,False
True,False,False,True,True,False,False,False,False,False
True,False,True,True,False,True,True,False,True,True
True,False,True,False,True,True,True,False,False,False
True,False,False,False,True,False,True,True,True,False
False,False,False,True,False,False,True,False,False,False
True,True,True,False,False,True,True,True,True,False
True,True,True,True,False,True,True,False,False,True
False,True,False,True,False,False,True,True,False,False
True,True,True,True,False,True,True,True,True,True
True,True,True,True,True,True,False,False,True,True
False,False,False,False,False,True,True,True,False,True
True,False,False,True,True,True,False,True,False,True
True,False,False,False,False,False,True,True,True,True
True,True,False,True,False,False,True,False,True,False
False,True,False,False,False,True,False,True,True,True
True,False,True,True,False,False,True,True,True,True
True,False,False,True,False,False,True,False,False,True
True,False,True,True,False,False,False,True,True,True
True,False,False,False,False,True,True,False,False,False
True,True,True,False,False,False,True,True,True,True
True,False,False,True,False,False,True,True,True,False
False,True,True,True,True,True,False,False,False,True
False,True,True,False,True,True,True,True,False,False
False,True,True,True,False,True,True,True,False,True
False,False,False,False,True,False,True,False,False,False
False,False,True,True,False,False,False,True,True,True
False,False,False,True,False,True,True,True,False,True
False,True,False,False,False,True,False,False,False,False
True,False,True,True,True,False,False,True,True,False
True,True,False,True,False,False,False,False,False,True
True,True,True,False,False,True,True,False,True,False
True,True,False,False,True,False,False,False,True,True
True,True,True,False,True,False,False,True,False,True
False,True,False,False,False,False,False,True,True,False
False,False,False,True,False,True,False,True,True,False
True,True,True,False,True,True,False,False,False,False
True,False,True,False,False,True,False,True,True,True
True,True,True,False,True,True,True,False,True,True
False,True,True,True,False,False,True,True,False,False
False,False,True,True,True,True,True,False,True,False
True,False,False,False,True,False,False,True,True,False
False,False,True,True,False,True,False,False,True,False
True,True,False,False,True,True,False,False,False,True
False,False,True,False,False,True,True,False,False,False
False,True,True,True,True,True,True,True,False,True
False,False,True,False,True,True,True,True,False,False
True,False,True,False,False,False,True,False,False,False
False,False,False,True,False,False,True,False,True,False
False,False,True,True,False,True,False,False,True,True
False,False,True,True,False,True,False,True,True,True
True,False,False,True,False,False,True,False,False,False
True,False,False,True,True,True,True,False,True,False
False,False,False,False,False,True,False,True,True,True
False,True,True,True,False,False,False,False,True,True
False,False,False,False,True,True,False,False,True,False
True,True,True,False,False,True,False,False,True,True
False,False,True,False,False,True,False,False,False,False
True,True,True,True,True,False,False,True,False,False
False,True,False,True,False,True,False,True,False,False
True,False,False,True,False,True,False,False,True,True
False,True,True,True,False,False,False,False,False,False
True,True,False,True,True,False,False,False,True,False
False,False,True,True,False,False,True,True,True,True
False,False,True,False,False,False,False,False,True,False
False,False,True,True,False,False,True,False,True,True
False,True,False,False,False,True,False,False,False,True
False,False,True,True,True,False,True,False,False,True
True,True,True,True,False,True,False,True,False,False
True,False,True,True,False,True,True,True,True,False
False,False,False,True,False,True,True,False,False,True
True,True,False,False,True,False,True,False,True,False
True,True,True,False,False,False,True,True,True,False
False,False,False,True,False,True,True,True,True,False
True,False,False,True,True,False,False,True,False,True
False,False,True,True,True,True,False,True,False,True
False,False,False,True,False,True,False,False,False,False
True,True,True,False,True,False,True,False,True,True
False,False,True,False,True,True,True,True,False,False
False,True,True,True,True,True,True,False,True,True
False,False,False,True,True,False,True,False,True,True
True,False,True,False,False,False,True,True,True,True
False,False,True,False,True,True,False,True,False,False
True,True,True,False,True,False,False,True,False,True
True,False,False,False,True,False,False,True,True,True
False,False,True,True,False,False,False,False,True,False
False,False,False,False,False,True,False,True,True,False
False,False,True,True,False,True,True,False,True,False
True,False,True,False,True,False,True,False,False,False
False,True,True,True,True,False,False,True,True,True
False,False,False,False,True,False,True,True,True,True
False,True,False,True,False,False,False,False,True,True
True,True,True,False,True,False,True,True,False,False
True,True,True,True,False,False,False,True,False,True
True,True,False,False,True,True,True,True,False,False
False,True,False,True,True,False,True,True,True,False
False,False,False,False,True,False,True,True,False,True
True,True,False,True,False,True,True,False,False,True
True,True,False,False,False,True,False,False,False,True
True,True,True,False,False,True,True,False,True,True
True,True,True,False,True,True,False,False,True,False
True,False,True,True,False,False,False,False,False,False
True,True,False,False,False,True,False,False,False,True
True,True,False,False,False,True,False,False,False,True
False,True,True,False,True,True,True,False,False,True
False,True,True,True,False,True,True,True,False,True
False,False,True,True,False,True,False,False,True,False
True,True,False,True,False,True,True,True,False,False
False,True,True,False,False,True,False,False,True,False
True,False,False,False,True,True,False,True,False,False
True,True,True,True,False,True,True,False,False,False
False,False,True,True,False,True,False,True,True,True
True,False,True,True,True,True,True,True,True,True
False,False,True,False,True,False,False,True,False,False
False,True,True,True,False,True,False,False,False,False
False,False,False,True,False,True,True,False,True,True
True,True,True,False,False,True,True,True,True,False
True,True,False,False,True,True,False,False,True,False
False,True,True,True,True,True,True,False,False,False
True,True,True,True,True,True,False,True,True,True
False,True,False,True,True,False,False,True,True,True
True,True,False,True,True,True,False,False,False,True
False,False,False,False,True,True,True,False,False,True
False,True,False,False,False,True,False,True,True,False
False,True,False,True,True,False,False,False,False,False
True,True,True,True,False,False,False,False,False,False
True,True,False,True,True,False,False,True,True,True
False,False,False,True,False,False,True,False,False,True
False,False,False,True,False,False,True,False,False,True
False,False,True,True,True,False,False,True,False,False
True,False,True,False,False,True,False,True,False,False
False,False,True,True,True,True,True,False,False,True
False,False,True,False,False,False,True,False,True,False
True,False,True,False,True,True,False,False,True,True
False,False,False,False,False,True,False,False,True,True
False,False,False,False,False,False,False,True,False,False
True,True,False,False,True,False,True,True,False,True
True,True,False,True,True,True,True,False,False,False
False,False,False,False,True,True,True,False,False,False
True,True,False,True,True,True,False,True,True,False
False,False,False,False,False,False,False,False,True,True
False,False,True,True,False,True,False,True,True,False
True,False,True,False,True,False,True,True,False,False
False,True,True,False,True,False,False,False,True,True
True,False,True,False,False,False,False,True,False,True
False,False,False,False,True,False,True,False,False,False
True,False,True,False,False,True,False,False,True,False
True,False,False,False,True,True,True,True,False,False
False,True,True,False,False,True,True,True,False,True
True,False,True,False,False,True,True,False,False,True
False,False,False,True,False,True,False,True,True,True
False,False,True,True,False,False,False,False,False,True
False,False,True,False,True,False,True,False,True,False
False,False,False,False,True,False,True,False,True,True
True,False,False,False,True,True,True,False,True,True
False,False,True,False,True,True,True,True,True,False
False,True,True,True,False,False,False,False,True,True
False,True,True,True,True,False,True,False,True,True
True,True,True,False,False,False,False,False,True,False
False,True,True,True,False,True,False,False,True,False
False,True,True,True,False,False,False,True,True,False
False,True,False,True,True,False,False,True,False,True
False,False,True,False,False,False,True,True,False,True
False,False,True,True,False,False,False,True,False,False
False,False,True,False,True,False,False,False,False,False
True,True,False,False,False,True,True,True,True,False
True,False,True,False,False,False,False,True,True,True
True,False,False,True,True,False,False,False,True,True
False,True,False,False,True,False,False,True,True,True
False,False,False,True,False,False,False,True,False,False
False,False,False,False,True,False,False,False,True,False
True,True,False,False,True,True,True,True,False,True
False,True,True,False,False,False,False,True,True,True
False,False,False,False,True,True,False,True,False,False
False,True,False,False,True,True,False,True,True,False
True,False,True,True,False,False,False,False,False,True
False,False,True,True,False,True,True,False,False,True
True,False,False,True,True,True,True,True,True,True
True,False,True,False,False,True,False,False,True,True
True,True,False,False,False,True,True,False,False,False
False,False,True,False,False,False,True,False,False,True
True,True,False,True,False,False,False,False,True,True
False,False,False,True,True,True,True,False,True,False
True,False,True,False,False,True,True,True,True,False
True,True,False,True,True,True,False,True,False,True
True,True,True,False,True,False,False,False,False,True
True,True,False,True,True,False,True,False,True,False
False,True,True,True,True,False,True,False,True,False
False,True,False,False,False,False,False,False,True,True
True,True,True,False,False,True,True,False,False,True
True,True,False,True,True,True,True,True,True,False
False,True,True,True,True,True,True,False,False,True
False,True,False,True,True,False,True,True,False,False
True,False,True,False,False,False,False,False,True,False
False,False,True,True,True,False,True,True,True,False
True,False,False,False,False,False,True,True,True,False
True,True,False,True,True,False,False,False,True,False
False,False,True,False,True,True,True,True,False,True
True,True,True,True,False,False,False,False,True,False
False,True,True,True,True,True,True,False,True,False
True,True,True,True,True,True,False,False,False,False
False,True,False,True,False,True,False,True,True,False
False,False,True,True,True,False,False,False,False,False
False,True,False,False,True,True,True,False,True,True
False,False,True,True,False,False,True,False,True,False
True,False,False,True,False,False,True,False,False,False
True,True,True,True,False,False,True,True,True,True
False,True,True,False,False,True,True,True,True,True
False,True,False,True,True,True,False,True,True,True
False,False,True,True,False,True,True,False,False,False
False,False,True,False,False,False,True,False,True,False
False,True,True,True,True,False,True,True,True,False
False,True,True,False,False,False,True,False,False,True
False,False,False,False,False,False,False,True,False,True
False,False,True,False,False,True,True,True,True,False
True,True,False,True,False,True,False,True,False,True
False,False,True,True,False,True,False,True,True,True
True,True,False,True,True,False,False,True,True,False
True,False,True,True,False,False,True,True,True,True
True,True,True,True,True,True,False,True,False,False
False,True,False,False,False,False,True,False,False,True
False,False,True,True,False,False,True,False,True,True
True,True,False,False,True,True,True,True,True,False
False,False,False,True,True,True,True,False,True,False
True,False,True,False,True,False,False,False,True,True
True,True,False,True,False,False,True,False,False,True
True,True,False,True,True,True,True,True,False,True
True,False,True,True,True,False,False,False,True,False
False,True,False,True,True,True,True,True,True,True
False,False,True,True,True,True,False,False,False,True
False,False,True,False,True,False,True,False,False,True
True,False,True,True,False,True,False,False,False,False
False,False,False,True,True,True,False,True,False,False
True,True,False,False,True,True,False,True,False,True
False,False,False,True,False,True,True,True,False,False
False,False,True,True,False,False,True,True,True,False
False,True,False,True,False,True,True,False,False,True
False,True,False,False,True,True,False,False,True,True
False,False,False,True,True,False,True,False,True,False
True,True,True,True,True,True,False,False,True,True
True,False,True,False,False,True,False,False,True,False
True,True,True,True,True,True,True,False,False,True
True,True,True,True,True,False,False,True,False,True
True,True,True,True,False,True,False,False,False,True
True,False,False,True,False,False,True,False,False,False
True,True,True,True,False,False,False,True,True,True
False,False,False,True,False,True,False,True,False,False
False,False,False,True,False,False,True,True,False,True
True,False,True,False,False,True,False,False,True,True
True,True,True,True,False,False,False,False,False,True
False,False,True,True,True,True,True,True,True,True
True,True,True,False,True,True,True,False,False,False
True,True,False,True,False,False,False,True,True,False
True,True,False,True,True,False,True,False,True,True
False,True,True,True,False,True,True,False,False,True
True,False,True,False,False,True,True,False,True,True
True,True,False,True,False,True,False,False,False,True
False,True,True,False,False,True,False,False,False,False
False,True,False,True,False,True,False,True,True,False
False,False,False,True,False,True,False,True,False,False
True,True,True,True,True,True,False,False,True,True
True,False,True,True,True,False,True,True,True,True
True,False,True,True,False,False,False,True,True,False
True,True,True,True,True,False,True,True,False,True
False,True,True,True,True,True,True,True,False,True
True,False,True,False,True,False,False,False,False,False
False,False,False,True,False,True,True,False,False,True
True,False,False,False,True,True,False,False,False,True
True,True,False,True,False,True,False,True,False,True
False,False,False,True,False,False,False,False,False,False
False,False,True,False,True,False,True,False,True,False
False,False,False,False,False,True,False,False,True,True
False,True,False,False,False,False,False,False,False,True
True,True,True,True,True,True,False,False,True,False
False,False,True,False,False,False,True,False,False,True
True,True,True,False,True,False,True,False,False,False
False,False,True,True,False,False,True,True,False,True
True,False,False,False,True,False,False,True,False,True
False,True,True,True,False,False,True,False,True,True
True,False,True,True,False,True,False,True,True,False
False,False,True,True,False,True,True,True,True,False
True,False,True,True,False,False,False,False,False,True
False,False,False,False,False,False,False,False,False,True
False,False,True,True,False,False,True,True,False,False
True,True,False,False,False,False,True,False,True,False
False,False,True,False,True,True,False,True,False,True
False,False,True,False,True,True,False,False,True,True
False,True,True,False,True,False,True,False,False,True
False,True,True,False,False,True,False,True,False,True
False,False,False,False,False,True,False,False,False,True
True,False,True,True,False,True,False,True,True,True
False,False,True,True,True,True,True,True,False,False
False,True,False,False,False,True,False,False,False,False
False,False,False,True,True,False,True,True,True,False
False,True,False,False,False,True,False,False,True,True
False,False,True,False,True,True,False,False,False,True
False,False,False,False,True,False,True,False,False,True
True,True,False,False,True,True,True,True,False,True
True,False,False,True,False,True,True,True,True,False
False,True,False,False,True,False,False,False,True,False
False,True,False,False,True,False,False,True,False,True
True,False,True,False,False,True,False,True,False,False
True,False,True,True,True,False,True,True,True,True
True,True,True,True,False,False,True,True,True,True
True,False,False,False,False,True,True,False,False,False
False,False,False,False,True,False,True,True,False,True
True,False,False,True,False,False,False,False,True,True
True,False,True,True,True,False,False,True,False,True
True,False,True,False,True,True,True,True,True,True
True,False,False,True,False,True,False,False,False,True
True,False,True,True,True,True,False,True,False,False
False,False,True,False,True,True,True,True,True,False
True,False,True,False,True,False,False,True,True,False
True,False,True,True,False,False,False,False,True,True
True,False,True,False,True,False,True,False,True,False
True,True,True,True,False,False,True,False,True,True
False,True,True,True,True,False,True,False,True,False
False,True,False,True,False,False,False,False,True,True
False,False,False,False,True,True,True,True,True,False
False,True,True,False,True,True,True,False,True,True
False,True,True,False,True,False,True,True,False,False
True,True,False,True,False,False,True,True,True,False
False,True,False,False,True,True,False,False,True,True
False,True,False,True,False,True,True,True,True,False
True,False,False,False,False,False,True,True,True,True
False,False,True,False,False,False,False,True,False,True
False,True,True,True,False,False,True,False,False,True
True,True,True,True,True,False,True,True,False,False
False,True,True,False,False,True,True,False,False,False
False,True,True,False,True,False,True,False,False,False
False,False,False,True,False,False,True,False,True,False
False,False,False,True,False,True,True,False,True,False
True,True,False,False,False,False,False,True,False,False
False,False,False,False,False,False,True,True,False,True
False,True,False,True,True,True,True,True,False,True
False,False,False,True,False,True,True,False,False,True
True,False,False,False,False,False,True,True,True,False
False,True,True,False,True,True,True,True,True,False
True,False,False,False,False,True,False,True,False,False
True,False,True,False,True,False,True,False,True,True
False,False,True,True,False,True,True,True,True,True
True,True,False,True,True,True,False,False,True,True
False,False,True,True,True,True,False,True,True,True
False,False,True,True,True,True,False,True,True,True
True,False,True,False,True,True,True,True,False,False
True,False,False,True,True,False,False,False,True,False
True,True,False,False,True,False,True,True,False,False
True,False,False,False,True,True,False,True,False,True
False,False,True,False,False,True,True,True,True,False
False,False,False,False,True,False,False,False,False,True
False,False,True,True,True,True,True,False,False,True
False,False,False,False,True,False,False,True,True,True
False,False,True,False,False,True,False,False,False,False
False,False,False,False,False,True,True,False,True,True
True,False,True,True,False,True,True,False,False,False
False,False,True,True,True,True,False,False,True,False
True,False,False,False,False,True,True,False,True,False
False,True,False,True,True,False,False,False,False,True
False,False,True,True,True,True,True,True,False,True
False,True,False,True,True,True,False,False,True,False
True,True,True,False,False,True,False,True,True,False
True,True,True,True,False,False,True,False,True,True
True,True,True,False,False,False,False,True,True,False
False,True,True,False,False,True,False,True,True,False
False,True,False,False,True,False,True,True,True,False
False,False,True,False,False,True,True,False,False,True
True,True,False,False,True,True,False,False,True,True
False,True,True,True,False,True,False,False,True,True
True,False,False,True,False,False,True,True,True,False
True,True,True,False,True,True,True,True,False,True
True,False,False,False,True,True,False,True,True,True
False,True,True,False,False,False,True,False,False,False
False,True,False,True,False,False,True,True,False,False
False,False,True,False,True,True,False,True,True,True
True,True,True,True,True,True,False,True,False,False
True,True,True,True,False,True,True,True,False,True
True,False,True,False,True,True,True,True,False,True
False,False,False,False,True,True,False,False,False,True
False,False,True,False,False,False,False,False,True,False
False,False,True,True,True,True,True,False,False,False
False,False,True,False,True,True,True,False,True,True
True,True,True,False,False,False,True,False,False,True
False,True,True,False,False,True,True,True,False,False
False,True,False,False,True,False,False,True,True,False
True,True,True,True,True,True,True,True,False,False
True,False,False,True,False,True,False,False,False,False
False,False,False,True,False,True,True,False,False,False
True,True,False,True,True,True,False,False,False,True
True,True,False,True,True,False,False,True,False,False
False,True,True,False,True,True,False,True,True,True
False,True,False,False,True,True,True,False,False,True
False,False,True,True,True,False,False,True,True,True
True,True,False,False,False,True,False,False,True,False
False,True,True,False,True,False,True,True,False,True
False,False,True,False,False,False,False,True,True,False
False,True,False,False,False,False,True,True,True,True
False,True,True,True,False,True,True,False,True,False
False,False,False,True,False,False,True,False,True,True
False,True,True,True,True,True,False,False,True,True
False,False,True,True,False,True,True,True,False,True
False,True,False,True,False,True,True,True,False,False
False,False,False,True,True,False,False,True,False,True
False,False,False,False,True,False,True,False,True,True
True,False,True,False,False,True,True,False,True,False
False,True,True,False,True,True,True,False,False,True
True,True,True,False,True,False,False,False,True,False
False,False,False,False,True,False,False,True,True,True
False,True,False,True,False,False,True,False,False,True
True,True,True,True,False,True,True,True,False,True
False,True,False,True,False,True,False,False,True,False
False,False,True,False,False,True,False,False,True,False
True,True,True,True,False,True,True,False,False,True
False,False,True,True,False,False,False,True,True,False
True,False,True,False,True,False,False,False,False,True
True,True,False,False,False,False,False,True,False,True
True,False,True,False,False,False,True,False,True,False
False,False,True,True,True,False,False,True,False,False
False,True,True,False,True,True,False,False,True,True
False,True,False,True,False,False,True,False,False,True
True,True,False,True,False,False,False,False,False,False
True,True,True,True,True,False,True,False,False,False
True,False,True,True,False,False,True,False,True,True
False,False,True,True,False,False,True,False,True,True
True,False,True,False,False,True,False,True,True,False
False,False,False,True,True,True,True,False,False,False
False,False,False,True,False,True,False,False,False,False
False,True,True,True,True,True,True,False,True,True
True,True,False,True,True,True,True,False,False,True
False,True,True,False,False,True,False,False,True,True
True,True,False,True,True,True,False,False,False,False
False,True,False,False,False,True,True,True,True,True
True,False,False,False,False,True,False,True,False,False
False,True,True,True,True,False,False,True,True,False
False,True,False,True,True,False,False,True,True,True
True,True,False,True,False,False,False,False,False,True
False,True,True,False,False,False,False,False,False,False
False,False,True,False,True,False,False,True,False,False
True,False,False,False,False,False,True,True,True,True
True,True,True,False,False,True,True,False,True,True
False,True,True,True,False,False,False,False,False,True
True,False,False,True,False,True,True,True,False,True
False,True,False,True,False,False,False,False,True,True
True,False,False,False,False,True,False,True,True,True
True,False,False,True,True,False,False,True,False,True
False,True,True,True,False,True,True,True,False,False
False,False,True,False,True,False,False,True,True,True
True,True,True,True,True,False,True,True,False,False
True,True,True,False,False,False,True,True,True,False
False,False,True,False,False,False,True,False,False,True
True,True,False,True,True,True,False,False,True,True
True,False,True,False,False,True,False,False,True,False
True,True,True,True,True,False,False,True,False,True
False,False,False,False,True,True,True,True,True,True
True,False,False,True,True,True,True,True,True,True
False,False,True,False,False,True,False,True,True,True
True,True,False,False,True,True,False,True,True,False
True,False,False,True,True,False,True,False,False,False
False,False,True,False,False,True,False,True,False,False
True,False,False,False,False,True,False,True,True,False
True,True,True,False,False,False,False,False,True,False
True,False,True,True,False,True,False,True,True,False
True,False,False,False,False,True,False,True,False,True
False,False,True,True,True,False,False,False,True,False
False,True,True,True,False,True,False,False,True,True
True,False,True,False,True,False,False,False,False,False
True,False,True,True,True,False,True,False,True,True
False,True,False,False,False,True,True,False,False,False
True,True,True,True,True,False,False,True,True,True
False,False,False,True,True,False,True,False,False,False
True,True,True,True,False,False,True,True,False,False
False,False,False,False,True,False,True,True,False,True
False,True,False,False,True,False,False,False,False,True
False,False,False,False,True,False,True,True,False,True
True,False,False,False,False,False,True,True,True,True
True,True,True,False,False,False,False,False,False,False
True,True,True,False,True,True,True,True,False,False
True,False,False,False,False,True,False,False,True,False
True,False,True,False,True,False,True,False,False,True
False,True,True,False,False,True,False,False,True,False
True,False,True,False,False,True,False,False,True,True
False,False,True,False,True,False,True,False,False,False
False,False,False,True,False,True,False,True,True,True
False,True,False,False,True,False,False,False,False,False
True,False,True,True,True,True,True,False,False,True
True,True,False,False,False,True,True,True,True,False
True,False,True,False,False,False,True,True,False,True
True,True,False,False,False,False,True,False,False,False
False,True,True,False,True,False,True,False,False,True
True,False,True,True,False,False,False,True,True,True
True,True,False,False,False,True,True,False,False,True
False,True,False,True,True,False,True,False,False,False
True,False,False,True,False,False,False,True,True,False
True,False,True,False,False,True,False,False,True,True
False,True,True,False,True,True,True,False,False,False
False,False,False,False,False,False,False,False,True,False
True,True,True,True,False,False,False,False,False,True
False,True,True,True,False,True,False,False,True,False
False,True,False,True,True,False,True,True,False,False
True,True,True,False,False,True,False,True,True,False
True,False,True,False,False,True,True,False,False,False
False,True,False,True,True,True,True,False,False,True
True,False,True,True,True,True,True,True,False,True
False,False,True,True,True,False,False,False,False,True
False,False,False,True,False,True,False,False,True,False
True,True,True,True,True,True,False,False,True,True
False,False,False,True,False,True,True,True,False,True
True,False,False,True,True,False,False,False,True,True
False,False,True,True,True,True,False,True,False,True
True,True,True,False,False,False,True,True,True,True
False,False,False,True,True,False,True,False,False,True
False,True,False,False,True,True,True,False,False,False
False,True,False,False,True,True,False,False,False,False
False,True,False,False,False,True,True,True,False,True
False,False,True,True,True,True,False,False,False,False
True,True,True,True,True,False,False,True,True,False
True,True,True,False,True,False,True,False,False,True
False,True,True,True,False,False,False,False,True,False
False,False,False,True,True,True,False,True,True,True
True,False,False,True,True,False,False,True,True,True
True,False,False,True,True,False,False,True,False,True
True,True,True,False,True,False,True,True,False,False
False,True,False,True,True,True,True,False,True,False
False,False,True,False,True,False,True,True,True,True
True,False,False,True,False,False,False,True,False,False
False,True,True,True,False,True,False,True,True,True
True,True,True,False,False,True,True,False,True,False
False,False,True,True,True,True,True,True,False,True
False,True,True,True,False,False,False,False,True,False
True,False,True,True,False,False,True,True,False,False
True,False,False,True,True,False,True,True,True,False
False,False,False,True,True,True,True,True,True,False
True,True,False,False,False,True,False,True,False,False
True,True,False,True,False,True,True,False,True,False
False,False,False,True,True,True,False,True,False,True
True,False,True,True,True,True,True,True,True,False
True,False,True,True,True,True,True,False,True,False
True,False,True,False,False,False,False,False,True,True
False,True,True,False,False,True,False,False,True,True
False,True,True,True,False,False,True,False,True,False
False,True,False,False,True,False,True,False,False,False
True,False,False,True,True,True,False,True,True,True
True,True,True,False,True,True,True,True,True,True
False,True,False,True,True,True,False,False,True,False
False,True,False,False,True,True,True,True,True,False
True,False,False,False,True,True,False,False,True,False
True,False,False,False,False,True,True,False,True,True
False,True,True,False,False,True,True,False,False,False
False,False,False,False,True,False,False,False,False,False
True,False,False,True,True,False,False,True,True,False
False,False,False,False,True,False,False,True,True,False
True,False,False,True,False,True,False,False,True,False
False,True,False,False,True,False,True,True,False,False
True,False,True,False,False,False,True,False,True,True
False,False,False,True,True,False,False,False,False,True
False,False,True,False,False,False,True,False,False,False
False,False,False,False,False,False,True,True,False,False
False,False,False,False,False,True,False,True,True,True
True,False,False,False,False,False,True,False,False,True
False,False,False,True,True,True,False,True,False,True
True,True,True,False,False,True,False,True,True,False
True,False,False,False,False,True,False,True,False,True
True,False,True,True,True,True,True,True,False,False
True,False,False,False,False,False,True,True,False,True
False,False,True,True,False,False,False,True,False,False
True,True,True,True,False,True,False,True,False,True
False,False,False,True,False,False,False,False,True,False
False,True,True,True,True,False,True,True,True,True
False,False,True,False,True,True,False,False,False,False
False,False,False,False,False,True,True,False,False,False
False,True,False,False,True,True,True,False,True,True
True,True,True,True,False,False,True,True,True,False
False,False,True,False,True,True,False,True,True,False
False,True,False,True,True,False,False,False,False,True
True,False,True,False,True,False,False,True,True,False
False,False,False,False,True,True,True,False,True,False
False,True,False,False,False,False,False,True,False,False
False,True,False,False,True,False,False,True,False,False
False,False,True,False,False,True,False,False,True,True
True,False,True,False,False,False,True,True,True,True
False,False,True,False,False,True,True,False,True,True
False,False,False,False,False,True,False,True,False,False
True,False,True,False,True,False,False,True,True,False
True,True,False,False,False,False,False,True,True,False
False,True,False,False,True,True,True,True,True,False
False,True,False,False,False,False,False,False,False,True
True,True,False,False,False,True,True,False,True,True
False,True,True,False,False,True,True,False,True,False
False,False,True,True,True,True,True,False,True,True
False,False,True,False,False,True,True,False,False,True
True,True,True,True,True,False,False,True,False,False
False,True,True,False,True,False,True,True,True,False
False,False,True,True,True,False,True,False,False,True
False,False,False,False,False,True,False,False,False,True
True,True,True,False,True,False,False,True,False,False
True,True,False,True,True,True,True,True,True,True
True,True,False,True,False,False,True,False,True,False
True,True,True,False,True,False,False,False,True,False
True,False,False,True,True,True,False,True,True,False
True,True,True,False,True,True,False,True,True,True
True,False,True,True,False,True,True,False,True,True
False,True,True,False,False,False,False,True,False,True
True,False,True,True,True,False,False,False,False,True
False,False,True,False,False,True,True,False,False,False
True,True,False,False,True,True,True,False,True,True
True,True,False,False,False,False,True,False,False,True
False,False,False,True,False,False,False,True,False,True
False,False,True,False,False,True,False,True,False,True
True,False,True,False,True,False,True,True,False,False
False,True,False,True,False,False,True,True,True,True
True,True,False,True,True,True,True,False,False,False
True,False,False,True,True,False,True,False,True,True
False,False,False,False,False,True,False,True,True,True
False,False,True,True,False,True,False,False,True,True
False,False,False,True,False,False,False,False,True,False
True,False,True,False,True,False,True,True,True,False
True,False,True,False,False,False,False,False,False,True
True,False,False,True,False,True,True,True,True,True
False,False,False,True,False,True,False,False,False,True
True,True,True,True,True,False,False,False,True,False
False,True,False,True,True,True,True,True,True,False
True,True,False,False,False,True,False,True,False,False
False,True,False,False,True,True,True,True,True,True
True,False,False,False,True,True,False,True,True,True
True,True,False,False,True,True,True,False,False,False
True,True,True,True,False,False,True,False,True,True
False,False,False,False,True,True,True,True,False,True
True,False,True,True,True,True,True,False,True,True
True,False,False,True,True,False,True,False,True,False
True,True,False,False,False,True,True,True,True,True
True,True,False,True,False,True,False,False,False,True
False,True,False,False,False,False,False,False,False,False
False,True,False,False,False,True,False,True,True,False
False,False,False,False,False,True,False,False,True,False
False,True,False,True,False,True,True,False,False,False
True,True,False,True,True,True,False,True,False,True
False,False,True,True,False,True,False,False,False,False
True,False,False,True,False,True,True,False,False,True
True,True,True,True,False,True,False,False,False,False
True,False,False,False,False,True,True,True,True,True
False,True,False,True,True,True,False,False,True,True
True,False,True,True,False,True,False,True,False,True
False,False,True,False,True,False,True,False,True,False
False,True,False,True,False,True,True,True,False,False
False,True,True,True,True,False,False,False,True,False
True,False,False,True,False,False,True,False,False,True
True,False,True,True,False,True,True,False,True,True
True,True,False,False,True,True,False,False,True,True
False,True,False,False,False,True,True,False,False,True
False,True,True,False,False,True,True,False,True,False
False,True,True,False,False,True,True,True,False,True
False,True,False,True,True,True,True,True,True,True
True,True,False,False,False,False,True,False,False,False
False,False,True,True,False,False,True,True,False,False
False,False,False,True,True,False,True,True,True,True
True,False,False,True,False,True,True,False,True,True
False,False,True,False,False,False,True,True,True,False
True,False,False,False,False,False,False,False,True,False
True,True,False,True,False,False,False,True,True,True
False,False,True,True,True,False,False,False,True,False
False,True,False,True,True,False,True,True,False,True
True,True,True,False,False,True,False,True,False,True
False,True,True,True,False,False,True,True,False,False
False,True,False,False,False,True,True,False,False,True
False,False,True,True,True,False,False,True,False,False
False,True,True,False,False,True,True,True,False,False
True,True,False,True,False,False,False,True,False,False
False,True,True,False,False,True,False,False,True,False
True,False,False,False,True,False,True,False,False,True
True,True,True,False,False,False,True,True,False,False
False,False,False,False,False,False,True,True,False,True
False,False,True,False,False,True,False,False,True,False
True,False,False,True,False,True,True,False,True,False
False,True,False,False,True,False,False,True,True,False
False,False,False,True,True,True,True,True,False,False
False,True,False,True,False,True,True,False,True,False
True,False,False,False,False,True,True,False,False,True
False,False,False,True,True,True,False,True,True,False
True,True,True,True,True,True,True,False,False,True
True,False,True,False,True,True,True,True,True,True
True,False,False,True,True,False,False,False,False,True
False,False,True,False,True,False,True,False,False,False
True,True,False,True,False,True,False,False,False,True
False,False,False,True,True,True,True,True,False,True
False,True,True,True,True,False,True,True,False,False
True,False,False,False,True,True,False,True,False,False
True,False,False,True,False,True,True,False,False,False
False,False,True,True,False,True,False,True,False,False
True,False,True,False,False,True,True,False,False,True
True,True,True,True,False,True,True,True,False,True
True,True,False,True,True,True,True,True,False,False
False,True,False,True,True,True,True,True,True,False
False,False,False,True,False,True,False,True,False,False
False,True,False,True,True,False,False,True,False,True
False,True,True,True,False,True,True,True,True,True
True,True,False,False,True,False,True,True,False,False
False,True,False,False,True,False,True,True,False,False
False,False,False,True,True,True,False,False,False,False
True,False,False,True,True,True,False,False,False,False
True,True,True,False,False,True,False,True,True,True
True,False,True,False,False,False,False,False,False,True
True,True,False,False,False,True,True,False,True,True
False,False,True,True,False,False,True,False,True,False
False,False,True,True,True,False,True,True,False,True
True,True,True,True,True,False,True,False,True,True
True,True,False,True,False,False,True,True,False,False
False,True,True,False,True,False,True,False,True,False
True,True,False,False,False,True,False,True,True,False
False,True,False,False,True,False,False,False,True,False
True,False,False,True,False,False,False,True,False,True
True,False,False,True,True,True,False,False,True,True
True,False,True,False,False,True,True,False,True,False
False,True,False,False,False,False,False,True,True,False
True,True,True,False,False,True,False,False,True,False
True,True,True,True,False,True,True,False,True,True
True,True,False,False,False,False,False,True,True,False
True,False,True,True,True,False,False,True,True,True
False,False,False,True,True,False,False,True,True,False
False,False,False,True,False,True,True,False,True,True
False,False,True,True,False,False,True,False,True,True
True,True,True,True,False,True,True,True,True,True
False,True,False,True,False,False,True,True,True,False
True,True,False,True,True,False,True,True,True,False
True,True,False,False,True,True,True,True,True,True
False,False,True,True,True,True,True,False,True,False
True,True,True,False,False,False,True,False,False,True
False,False,True,True,True,True,False,False,False,False
True,False,True,True,False,False,False,False,True,True
True,True,False,True,True,False,True,False,True,True
True,True,True,True,True,False,False,True,False,False
False,False,False,False,False,False,False,True,True,True
True,False,True,True,False,False,True,False,True,True
False,False,True,False,True,False,True,False,True,False
False,True,False,False,False,False,True,True,False,False
False,True,True,True,True,True,False,False,False,False
True,True,True,False,True,False,False,True,False,False
True,True,False,True,True,False,False,True,False,False
True,True,False,False,True,False,True,True,False,True
True,False,False,False,False,False,False,False,False,False
False,False,False,True,False,True,False,True,False,True
False,True,False,False,False,True,True,False,True,True
True,True,False,False,True,False,True,True,True,False
False,False,True,False,False,False,False,False,False,False
True,True,True,False,True,True,True,False,True,False
False,False,True,True,False,True,False,False,False,True
False,False,True,True,False,True,False,True,False,False
False,False,False,True,True,True,True,False,True,False
True,True,False,False,False,False,True,True,False,False
False,True,True,True,True,True,False,True,True,False
False,True,False,True,True,True,True,True,False,False
False,True,True,False,True,True,True,False,True,True
False,False,False,False,False,True,True,True,False,True
True,False,True,True,False,True,True,True,True,True
True,True,True,True,True,False,True,False,True,False
False,False,True,True,True,True,True,False,True,True
True,False,True,False,False,False,False,True,True,False
True,True,True,True,True,True,False,False,False,True
True,True,False,True,True,True,False,False,True,True
False,False,True,True,False,True,False,True,True,False
False,False,True,False,True,True,True,True,True,True
True,True,False,True,False,True,True,False,False,False
False,True,True,False,False,True,False,True,False,True
False,False,False,True,False,True,False,False,True,False
False,False,True,True,True,False,False,False,False,False
False,False,False,False,False,False,True,False,False,False
False,True,False,True,True,True,True,True,False,False
True,True,True,False,False,True,False,True,True,False
True,True,False,True,True,False,False,False,True,False
False,False,False,False,False,True,True,True,True,False
True,False,False,False,False,False,False,True,True,False
True,True,True,True,False,True,True,False,False,False
True,False,True,True,False,True,True,False,False,True
True,True,False,False,True,True,False,True,True,False
True,False,True,False,False,True,True,True,False,True
False,True,True,False,False,True,True,True,False,True
False,False,False,False,False,False,True,True,True,False
False,True,False,False,True,False,True,True,False,False
True,True,True,True,False,False,True,False,True,True
True,False,True,False,True,True,True,False,True,True
False,True,True,True,False,True,True,True,True,False
False,False,False,True,False,True,True,False,False,True
False,False,True,True,True,True,True,False,True,False
True,True,True,True,False,False,False,False,True,False
True,True,False,False,False,True,True,False,False,False
False,True,True,False,True,False,False,True,False,False
True,False,False,True,False,False,False,True,False,True
True,False,True,True,False,True,True,False,False,False
False,False,True,False,False,False,True,False,False,False
True,False,False,False,False,True,False,False,True,False
True,False,True,True,True,True,False,True,False,True
False,False,True,False,True,True,False,False,False,True
True,True,True,False,False,False,True,False,True,True
False,False,False,True,False,False,True,False,False,True
True,True,False,False,True,False,True,False,False,False
True,True,False,True,False,False,False,False,False,False
False,False,False,True,True,True,False,False,True,True
True,True,True,True,True,True,True,False,False,False
False,False,False,False,True,False,True,False,True,True
False,True,False,True,True,False,False,False,True,True
False,False,False,False,True,False,False,True,False,False
False,True,True,False,True,True,True,True,False,False
True,False,False,False,True,False,False,False,True,True
False,True,True,True,False,True,True,False,False,False
True,True,False,False,True,True,True,True,False,False
True,False,False,False,True,False,False,True,True,True
True,False,False,True,False,True,False,False,True,True
True,True,True,True,True,False,True,True,True,True
False,False,False,False,False,True,False,False,True,False
True,False,True,False,True,True,True,False,False,True
False,False,False,False,False,False,False,False,False,True
True,False,True,True,True,True,False,True,True,False
True,True,False,False,True,True,True,True,False,False
True,True,True,True,True,False,False,False,False,True
False,True,True,True,False,False,True,True,True,True
False,False,True,False,True,True,False,False,True,True
True,False,False,True,False,True,False,True,False,True
True,False,False,True,False,True,False,False,True,True
False,False,False,False,False,True,False,False,True,False
True,True,False,True,False,True,True,True,False,False
False,True,True,False,False,True,False,False,False,False
True,True,False,True,False,True,False,True,False,False
True,False,True,False,False,True,True,False,False,True
False,False,True,True,True,True,False,False,False,False
False,True,True,True,True,False,True,True,True,False
True,True,False,False,True,True,True,False,False,False
False,True,True,True,True,False,False,False,True,False
True,False,False,False,False,True,True,False,True,True
True,False,True,False,False,False,True,True,True,True
True,True,False,True,False,True,True,True,False,True
False,False,True,True,False,True,True,False,True,False
True,False,False,True,True,True,False,False,True,False
True,False,False,True,True,False,True,True,True,True
True,False,True,True,False,False,True,False,False,False
False,True,False,False,False,False,True,False,False,False
True,False,True,False,True,False,False,True,True,False
False,False,True,True,False,True,False,True,True,False
False,True,True,True,False,False,True,True,True,False
True,True,False,False,False,True,True,True,True,False
True,True,True,False,True,True,True,True,False,True
True,False,True,False,False,True,False,True,False,False
False,True,False,True,True,True,False,False,True,False
False,False,True,False,False,True,True,False,False,False
False,False,False,True,False,False,True,False,False,False
True,True,True,True,True,True,False,False,True,True
False,False,True,False,True,False,False,False,True,False
True,False,True,False,True,True,False,False,True,False
False,False,True,True,False,True,True,False,False,False
False,True,False,True,False,True,True,True,True,False
True,True,False,False,False,True,True,True,False,True
False,True,True,False,True,False,False,True,False,False
False,False,False,True,False,True,True,False,True,False
False,False,False,True,False,True,True,False,True,True
True,True,False,False,True,False,True,True,False,False
True,False,False,False,False,False,False,False,True,False
False,True,True,False,True,False,False,True,False,True
True,False,False,False,False,True,False,False,True,False
False,False,True,False,False,False,True,False,False,False
True,False,True,False,True,True,True,True,False,True
True,True,False,True,False,True,True,True,True,False
False,False,False,False,False,False,False,True,True,False
False,True,False,True,False,False,False,False,False,False
True,False,True,True,True,False,False,False,True,True
False,False,False,True,False,True,True,True,False,False
False,True,False,True,True,True,True,False,False,False
True,True,False,False,True,False,False,False,True,True
True,True,False,True,False,False,False,False,True,True
True,True,False,True,True,False,False,True,False,False
False,False,True,True,False,True,True,False,True,False
True,True,False,True,True,False,False,False,False,False
False,False,False,True,True,True,False,True,True,True
True,True,False,False,False,False,True,False,True,True
False,False,False,True,True,True,False,False,False,False
True,False,True,False,False,True,True,False,True,False
True,True,True,False,True,True,False,True,False,True
False,True,True,False,False,False,False,False,False,False
False,False,True,False,False,False,True,False,False,False
False,False,False,True,True,True,True,True,True,False
True,False,True,False,True,True,False,True,False,False
True,False,False,False,True,False,True,True,False,False
True,True,True,True,False,True,True,False,True,False
False,False,True,False,False,True,False,False,False,False
False,False,False,True,False,True,False,False,False,False
True,False,True,True,False,False,False,False,True,True
False,False,False,True,False,True,True,True,False,True
True,True,False,True,True,False,True,False,True,True
False,False,False,False,False,True,True,False,True,False
False,True,False,False,False,True,True,False,False,True
False,False,False,True,True,True,True,True,False,True
False,True,False,False,True,False,False,False,True,False
False,True,False,True,False,True,True,False,True,True
True,False,False,True,False,True,True,True,True,True
False,True,True,False,True,True,True,False,True,True
False,False,False,True,True,False,True,False,True,True
True,True,False,False,True,True,False,False,False,False
False,False,True,False,True,False,False,False,True,True
True,True,True,True,False,False,False,True,False,True
False,False,False,False,False,False,False,True,False,False
False,True,True,True,True,True,False,False,True,True
True,True,False,False,False,False,False,False,True,False
False,False,False,False,False,True,False,False,False,False
False,False,False,True,True,False,True,False,False,False
True,False,True,True,True,False,False,False,True,True
True,True,True,False,True,True,False,False,True,False
True,False,False,True,True,False,True,True,True,True
True,False,True,False,False,True,False,True,False,True
True,True,True,False,False,True,True,False,True,False
True,True,True,False,False,False,False,False,True,False
False,True,True,False,True,True,True,True,True,False
True,True,False,False,False,True,False,True,True,False
True,False,False,False,False,False,True,True,True,True
False,False,True,True,False,True,True,True,True,False
True,False,True,False,False,False,False,False,True,False
False,True,True,False,True,False,True,True,False,False
True,False,True,False,False,False,True,False,False,True
False,False,False,True,True,True,False,True,True,False
False,True,False,True,False,True,False,False,True,True
True,False,False,True,False,True,True,True,True,False
True,False,True,False,False,True,True,True,True,True
False,False,True,True,True,True,True,False,True,False
False,False,True,True,True,False,False,False,False,False
False,False,False,False,True,True,True,True,False,True
True,False,True,False,False,True,True,True,False,False
False,True,True,True,False,False,False,False,False,True
False,True,False,False,True,True,True,True,True,False
False,True,True,True,False,False,False,False,True,False
False,False,False,False,False,True,True,False,False,True
False,True,False,False,False,False,False,True,False,True
True,True,True,False,True,True,False,False,False,True
False,False,True,False,True,False,False,False,True,True
False,False,True,True,False,True,True,False,False,False
True,False,True,True,True,False,True,False,False,True
True,False,False,False,True,True,False,True,True,False
True,False,True,False,True,False,False,False,True,False
True,False,True,False,False,False,False,True,True,False
True,False,False,True,False,True,True,False,True,True
False,False,False,True,True,True,True,True,False,True
False,False,True,True,True,False,True,True,True,True
False,True,True,False,False,False,True,False,False,False
False,False,False,True,False,True,True,True,False,True
False,False,False,False,False,False,False,True,True,False
False,True,True,False,True,True,True,False,False,True
False,False,False,False,False,True,True,True,False,False
True,True,True,False,True,True,False,False,True,True
False,True,False,True,False,False,True,True,True,False
True,False,False,False,False,True,False,True,True,False
True,False,True,True,True,True,False,False,True,False
True,True,False,False,False,True,False,True,True,False
True,True,False,True,False,False,True,False,False,True
True,False,False,False,True,True,True,True,False,False
False,False,True,True,False,True,False,False,False,True
False,True,False,True,False,True,True,False,False,False
True,True,True,True,False,False,False,False,True,True
True,False,False,True,False,False,False,False,True,False
True,True,False,True,False,False,True,False,False,False
False,False,False,False,True,False,False,False,True,True
True,True,False,False,True,True,False,True,True,True
True,True,False,False,False,False,True,False,True,True
True,True,False,False,True,False,False,False,False,False
True,True,True,False,False,True,True,True,True,True
False,False,True,True,False,True,True,False,True,False
True,True,True,False,False,True,False,False,False,True
False,True,True,True,True,False,False,False,True,True
False,False,False,True,True,True,False,False,True,True
False,False,True,False,False,False,False,False,True,False
False,True,True,True,True,True,True,True,True,True
True,True,True,True,False,True,False,False,True,False
False,False,False,False,True,True,False,True,True,False
True,False,True,False,True,False,True,False,True,False
False,False,False,True,False,True,False,False,False,True
True,False,True,True,False,True,False,False,False,True
False,False,False,False,False,True,False,True,False,True
False,True,True,False,True,False,False,True,False,False
False,False,True,False,True,False,False,True,True,False
True,False,False,True,True,True,True,False,True,False
True,True,True,True,False,False,False,True,True,False
True,True,True,False,True,True,True,False,True,True
True,False,False,True,False,True,False,False,False,False
True,False,True,True,False,True,True,True,True,False
False,False,False,True,True,False,False,False,False,True
True,False,False,False,True,True,False,True,True,False
True,False,True,True,False,True,False,True,False,True
False,True,False,False,True,True,False,False,False,False
True,False,True,True,False,False,True,False,False,False
True,False,True,True,False,True,False,True,False,False
True,True,True,True,False,False,False,True,True,True
False,False,False,False,False,False,False,False,False,False
True,False,True,False,True,False,False,True,True,False
False,True,False,False,True,True,False,True,True,False
True,True,True,True,False,True,False,False,True,True
True,True,True,False,True,False,False,True,True,True
True,False,False,True,True,False,False,False,True,True
False,False,False,False,False,False,False,False,True,False
True,True,False,False,False,False,False,True,True,False
True,False,False,True,False,True,True,True,False,True
False,True,True,False,True,False,False,False,False,True
False,True,True,True,False,True,True,True,False,True
True,True,True,False,False,False,False,False,False,True
True,False,False,False,True,True,False,True,False,True
True,True,False,False,False,True,False,True,True,True
True,True,False,True,True,True,True,True,True,True
False,True,False,False,False,False,False,False,False,True
False,False,False,False,True,True,True,False,False,False
True,True,True,False,False,False,True,False,False,True
True,False,False,True,True,True,False,True,True,True
False,False,False,True,False,False,False,True,True,True
True,True,False,True,False,False,False,False,False,False
False,False,False,True,True,True,True,True,True,True
False,False,False,True,True,False,False,False,True,True
False,False,True,True,True,False,False,False,True,True
False,True,False,True,False,False,True,True,True,True
False,False,True,True,False,True,True,False,False,False
False,True,False,False,True,True,True,False,True,True
False,True,False,True,True,True,False,True,True,True
False,True,False,False,True,False,False,True,False,True
True,True,False,True,True,False,False,False,True,True
False,True,True,False,True,True,True,False,False,True
False,True,True,True,False,True,False,True,False,False
False,True,True,True,True,False,True,False,True,False
True,True,False,False,False,True,False,False,False,True
True,False,True,True,True,False,False,False,False,True
True,True,True,False,True,True,False,True,False,False
True,False,True,False,True,True,True,True,True,True
True,True,True,False,True,True,True,False,True,True
True,True,False,True,True,False,True,False,False,True
True,False,False,False,True,True,False,False,False,True
False,True,True,False,False,False,True,True,True,False
False,False,False,True,True,True,True,True,True,True
True,False,False,False,True,True,False,True,False,True
False,True,True,True,True,True,False,False,False,True
False,False,True,True,True,False,True,True,False,True
False,True,False,True,True,False,False,False,True,False
True,False,True,False,True,False,True,True,True,False
False,True,True,False,False,False,True,True,True,False
False,True,False,False,True,False,True,False,False,False
True,True,True,False,False,False,True,False,True,True
False,True,False,False,False,True,False,False,False,False
True,False,True,True,True,False,False,True,False,True
False,True,False,False,True,False,False,False,False,False
False,False,False,False,True,False,False,True,True,False
True,True,False,True,False,True,False,False,True,False
False,True,False,True,False,True,False,True,False,True
False,False,False,False,False,True,False,False,True,True
True,True,False,True,False,True,True,True,True,True
True,False,False,True,False,True,True,False,True,True
True,False,True,True,True,True,True,False,True,True
True,True,True,True,False,False,True,False,False,True
True,True,True,False,False,True,True,True,False,True
True,False,False,True,False,False,False,False,False,False
False,True,False,True,True,False,False,True,False,False
True,False,True,True,False,False,True,True,False,False
False,False,False,False,True,True,True,True,False,False
True,True,True,False,False,False,False,False,True,False
True,True,True,True,False,True,True,False,True,False
False,True,True,False,True,False,True,True,True,True
True,True,False,False,False,True,True,True,True,True
True,False,False,False,True,False,True,False,False,True
False,True,True,True,True,True,False,True,False,False
False,True,True,True,False,False,True,True,False,False
True,False,True,True,False,False,True,False,False,True
True,True,True,True,False,True,True,False,False,True
False,True,True,True,True,True,True,True,True,True
False,True,False,True,False,True,True,True,True,True
False,False,False,False,True,False,True,True,True,False
False,False,True,False,True,True,False,False,True,False
True,True,False,True,False,False,True,False,False,True
False,False,True,False,True,False,True,False,True,False
True,True,False,False,False,True,True,True,True,False
False,True,False,False,True,False,False,True,False,False
True,True,False,False,True,False,False,False,False,True
True,False,True,True,False,False,True,False,True,True
False,False,False,False,False,True,False,True,False,True
True,True,False,False,False,False,True,True,True,True
True,True,False,False,True,True,False,True,False,False
False,True,False,True,False,True,False,False,False,False
False,True,False,True,True,True,True,True,True,False
True,False,False,False,True,True,True,False,False,False
True,False,True,True,True,True,False,True,True,True
True,True,False,False,True,True,False,True,False,False
False,False,True,True,True,True,False,True,True,True
False,True,True,False,False,False,False,True,True,True
True,True,False,True,True,True,False,False,False,True
True,False,True,False,False,True,False,False,False,False
True,True,False,False,False,False,True,False,False,False
False,False,True,False,False,True,True,False,False,True
True,False,False,False,True,True,False,False,True,False
False,True,False,True,True,True,True,False,True,True
False,False,True,False,False,False,False,True,False,False
True,True,True,False,False,True,False,False,True,False
True,True,False,False,False,False,True,True,False,False
False,True,True,False,True,False,False,False,True,False
True,False,True,False,False,False,True,True,False,False
True,False,True,True,True,True,True,False,False,False
True,True,False,True,False,True,False,True,False,True
False,False,True,True,True,True,True,True,True,True
True,True,True,True,False,True,False,False,True,True
False,False,False,False,False,False,False,True,False,False
True,True,False,False,True,False,True,False,True,True
False,False,True,False,False,False,True,True,False,True
True,True,True,True,True,False,False,False,True,False
True,False,False,False,True,False,True,False,True,False
False,True,False,False,True,True,True,True,True,False
True,True,False,True,False,False,False,False,True,False
False,False,False,False,True,False,False,True,True,False
True,True,False,True,False,False,False,True,True,False
False,False,False,True,True,False,False,True,True,False
False,False,True,False,False,False,False,True,False,False
False,False,False,True,False,False,True,True,False,False
True,False,True,True,True,False,False,True,True,False
False,True,True,True,False,False,False,True,False,True
False,False,True,True,False,False,True,True,True,False
True,True,True,True,True,False,False,True,False,True
False,False,False,False,True,False,False,True,False,True
False,False,False,True,True,True,False,True,False,True
True,False,False,False,True,True,True,True,True,False
True,False,True,False,False,True,True,True,True,True
False,False,True,True,False,False,True,True,False,False
True,False,False,True,False,False,False,False,True,True
False,False,False,False,True,False,False,True,False,False
True,True,True,True,True,True,False,True,False,True
False,False,False,False,False,True,False,True,True,True
False,True,True,True,False,False,False,False,False,True
True,False,True,False,False,True,True,True,False,False
True,True,False,True,False,False,True,True,True,True
True,False,True,True,False,False,True,False,False,False
False,False,True,True,True,True,False,True,True,False
False,False,False,True,False,True,False,True,False,True
True,False,False,False,True,False,True,False,False,True
False,True,False,True,False,True,False,False,True,False
False,False,False,True,True,False,True,True,False,False
False,True,False,False,False,True,False,True,True,True
False,False,False,True,True,True,False,True,True,True
True,True,True,True,True,False,True,True,True,True
True,True,False,True,False,True,True,False,True,False
True,False,False,True,True,True,False,False,True,False
False,True,True,False,True,True,False,True,True,False
True,True,False,False,False,False,False,True,False,False
False,True,True,False,True,True,True,False,False,True
False,True,True,True,False,True,True,False,False,False
False,False,True,True,True,False,False,True,True,True
False,True,False,False,True,True,False,True,True,True
False,False,True,True,False,False,False,False,True,False
True,False,False,True,True,True,True,False,True,False
True,True,False,True,True,False,False,True,True,True
False,False,False,True,False,True,False,True,False,False
True,True,True,False,False,True,True,True,False,True
False,False,False,False,False,False,False,True,True,False
False,False,False,False,False,True,True,True,True,False
True,True,False,True,True,True,False,True,True,False
False,False,False,True,False,True,True,False,False,False
False,False,False,True,True,True,True,True,True,False
True,True,False,False,False,False,False,False,True,True
True,False,False,False,True,False,True,False,False,False
True,False,False,False,True,False,True,False,False,True
False,True,True,True,False,False,True,False,True,True
True,False,True,False,False,False,False,True,True,True
True,False,True,False,True,True,False,True,False,True
True,True,False,True,True,False,False,False,False,False
False,True,True,True,True,False,False,True,True,False
False,False,False,False,True,True,False,False,True,False
True,False,False,False,True,False,False,False,True,True
False,False,True,True,True,True,True,False,True,True
False,False,True,True,True,False,False,False,True,True
False,False,False,False,False,False,True,True,False,True
True,False,True,False,False,False,True,True,False,True
False,True,True,True,True,True,True,True,False,False
False,False,False,False,False,True,True,False,False,False
True,False,True,True,True,False,False,True,False,True
False,False,True,True,True,True,True,True,True,True
True,False,False,False,False,False,False,False,False,True
False,True,False,True,True,False,True,True,False,False
True,True,False,True,True,True,True,True,False,True
True,False,False,False,False,False,True,True,False,True
True,False,False,False,True,False,False,False,True,True
False,True,False,True,False,False,True,True,False,False
False,True,False,True,True,False,True,False,True,True
False,False,True,False,True,False,False,True,True,False
True,False,False,False,True,False,True,True,False,True
True,False,True,False,True,True,True,True,False,False
False,True,True,False,False,True,False,False,False,True
False,False,True,True,False,True,True,True,True,True
True,False,True,True,False,False,False,False,True,True
False,False,True,True,True,False,True,True,False,False
False,False,True,False,True,True,False,True,False,False
True,False,False,True,True,True,True,False,True,True
False,True,False,False,False,True,True,True,True,False
False,True,True,False,True,False,False,True,True,False
False,False,True,False,True,True,False,True,True,False
False,True,False,True,False,False,True,True,False,False
True,False,True,False,True,True,False,False,False,False
True,False,True,True,False,False,True,False,True,False
False,False,False,True,False,False,True,False,False,True
False,True,False,False,True,True,False,True,False,True
True,False,False,True,False,False,False,True,True,False
True,True,False,True,True,False,True,True,False,False
True,False,True,False,True,True,True,False,True,False
True,False,True,False,True,True,True,False,False,True
False,False,False,True,False,True,False,True,False,True
False,False,False,False,False,True,False,True,True,True
False,False,False,False,False,False,False,True,False,False
False,True,True,True,True,True,False,False,True,True
True,True,False,True,False,False,False,True,False,False
True,False,False,True,True,False,True,True,False,False
False,True,True,False,True,True,False,True,True,True
True,False,False,True,False,False,False,True,False,False
True,False,True,False,False,False,True,True,True,False
True,False,False,True,False,True,False,False,True,False
False,False,False,True,True,True,False,False,True,False
False,True,False,True,False,True,False,True,False,True
False,True,True,False,False,True,False,True,False,True
False,True,False,False,False,True,False,False,True,False
True,True,True,False,True,False,True,False,False,False
True,True,False,True,False,True,True,True,False,False
True,False,False,True,True,False,False,False,True,True
True,True,True,False,False,True,False,True,True,True
False,True,True,True,False,True,True,False,False,True
False,False,False,True,False,False,False,True,True,True
True,True,False,True,False,True,False,True,True,True
True,True,False,False,False,False,False,False,True,True
False,False,False,False,True,False,True,False,False,True
False,False,False,True,False,True,True,True,False,True
True,False,False,True,True,False,True,True,False,False
True,False,True,True,False,False,False,False,True,False
True,True,True,True,True,True,False,True,True,True
True,False,False,False,False,False,True,False,False,True
False,True,False,False,False,True,True,True,False,True
True,False,True,True,False,False,True,False,True,True
False,False,True,False,False,False,True,True,True,True
False,True,True,True,True,True,True,True,False,True
True,True,False,True,False,False,True,True,True,False
True,False,False,False,False,True,False,False,True,True
False,False,True,False,False,False,True,True,True,True
True,False,True,True,True,False,False,True,False,False
False,False,False,False,True,False,True,False,False,True
True,True,False,False,True,False,True,True,True,True
False,False,True,True,False,False,False,True,False,True
True,True,True,False,False,True,True,False,True,False
False,True,True,False,False,False,True,True,False,True
False,True,True,True,True,True,False,True,False,True
True,True,False,True,True,False,True,False,False,True
False,True,True,False,True,False,False,True,True,False
False,False,True,False,False,True,False,False,False,True
False,False,True,True,False,True,False,True,False,False
True,True,False,False,True,False,True,False,True,False
False,True,False,True,False,False,True,False,False,False
False,False,False,False,True,False,True,True,False,False
False,True,True,True,True,False,True,False,True,False
False,True,True,True,False,True,True,False,False,True
True,True,True,False,True,False,False,False,True,False
True,True,True,False,False,False,True,False,True,True
True,False,True,False,False,True,False,True,False,False
False,True,True,False,False,True,True,True,True,False
True,True,False,True,True,True,False,False,False,False
True,False,True,False,True,False,False,False,True,True
False,False,True,True,False,False,False,False,False,True
True,False,True,True,True,True,True,True,True,False
False,True,True,False,True,False,False,True,True,True
False,True,True,False,False,False,True,True,True,True
True,False,False,False,False,True,False,False,False,True
True,True,True,True,False,False,False,False,True,False
True,False,False,True,False,False,False,False,True,True
False,True,True,False,False,True,True,False,False,False
False,False,True,True,True,False,False,False,True,False
False,False,True,True,False,True,True,False,False,True
False,True,False,False,False,True,True,False,False,False
True,True,False,True,True,False,True,False,True,False
True,True,True,False,True,True,True,False,True,True
True,False,False,False,False,False,True,True,False,True
True,True,True,True,False,True,False,True,True,False
True,False,False,False,True,False,True,True,True,True
True,False,False,True,True,False,True,False,True,True
True,True,True,True,True,False,False,True,False,False
True,True,False,False,True,True,True,False,True,True
True,False,False,True,True,True,True,True,False,True
True,True,True,False,False,False,True,True,False,False
True,False,False,True,False,True,False,True,True,False
True,False,True,True,True,False,False,True,False,True
False,False,False,True,True,False,False,False,False,True
True,True,True,True,True,True,True,False,True,True
True,True,False,False,True,True,True,False,False,False
True,True,True,True,True,False,False,True,False,True
True,False,False,False,True,False,False,True,False,False
False,False,True,True,False,True,False,True,True,True
False,False,True,False,True,False,False,True,True,True
False,False,True,True,True,True,False,True,True,True
False,True,True,True,False,False,True,True,False,False
True,True,False,False,True,False,False,True,False,False
False,True,False,False,False,False,True,True,True,False
False,False,False,False,False,True,True,True,False,True
False,False,False,False,False,False,False,True,False,False
False,False,True,False,True,True,True,False,False,True
True,True,True,True,False,True,True,True,True,True
True,False,False,True,True,True,False,False,False,False
False,False,False,True,True,False,False,True,True,False
False,False,False,False,False,True,False,True,False,True
True,True,False,False,False,True,False,True,False,False
True,False,False,True,True,False,False,True,True,False
True,True,False,False,True,False,False,False,False,False
True,True,False,False,True,True,True,True,True,False
False,False,False,True,True,True,False,True,False,True
False,False,True,True,True,False,True,True,True,True
True,False,False,True,True,False,False,True,False,False
True,False,False,False,False,False,True,True,False,False
True,False,True,False,True,True,True,False,True,False
True,False,False,True,False,False,False,False,True,False
True,True,False,False,False,True,True,False,False,True
True,True,True,True,True,True,True,True,False,False
True,False,True,True,False,False,False,False,True,False
True,False,True,False,True,False,False,True,True,False
False,True,True,False,False,False,False,False,False,False
False,False,False,False,False,False,False,True,False,True
False,False,True,False,False,False,False,False,True,False
True,False,False,True,False,True,False,False,False,False
True,False,False,False,False,True,False,True,False,False
True,True,True,True,False,False,True,False,True,True
True,True,True,False,True,False,True,True,True,True
True,False,True,False,True,False,True,False,True,False
True,False,True,False,True,False,False,True,True,True
True,False,False,False,False,False,True,False,False,True
False,False,False,True,False,True,True,False,False,True
True,False,False,False,False,True,False,False,True,False
True,True,False,False,False,True,True,False,True,True
False,False,True,False,True,True,False,True,False,True
False,True,True,False,False,True,True,False,True,True
False,True,False,True,False,False,False,True,False,False
False,False,False,True,False,True,False,True,False,True
False,False,False,False,False,True,True,False,False,True
True,False,False,False,False,False,True,False,False,True
False,False,False,False,True,False,True,True,False,True
True,True,False,False,True,False,False,True,False,False
True,True,True,False,True,True,False,False,True,False
False,False,False,False,True,False,False,False,False,False
False,False,False,False,True,False,True,False,False,True
False,False,False,False,True,True,False,False,True,False
True,True,False,False,True,False,False,False,False,True
False,False,True,False,True,True,True,False,True,False
False,False,True,False,True,False,True,False,True,True
True,True,True,False,True,False,False,True,False,False
False,False,False,False,False,True,False,True,True,False
False,False,True,True,True,True,True,True,True,True
True,False,True,True,False,False,True,False,True,False
True,False,False,True,False,True,False,True,False,False
True,False,True,True,False,False,False,False,False,True
True,False,False,True,False,True,False,True,True,False
True,True,True,False,False,False,False,False,True,False
False,False,False,False,True,True,True,False,True,False
False,False,False,True,True,True,False,False,False,True
False,False,False,True,True,False,True,True,True,True
True,False,True,True,False,True,False,True,False,True
False,False,False,False,True,False,False,True,False,False
False,True,True,True,True,True,True,False,False,False
False,True,False,True,False,False,False,False,True,True
True,False,False,False,True,False,True,True,False,True
True,False,True,True,False,False,False,True,False,False
False,False,False,False,False,True,True,False,True,False
True,False,False,False,False,True,False,False,True,True
False,False,True,False,True,True,False,True,False,True
True,True,True,True,True,False,True,True,True,True
False,False,True,True,False,False,False,True,True,False
False,True,True,False,True,False,True,True,True,True
False,True,True,False,False,False,True,True,True,False
False,False,False,True,True,False,True,True,False,True
False,True,True,False,False,False,False,False,True,True
True,True,True,False,True,False,False,True,True,False
False,False,True,True,True,True,False,False,True,False
False,True,True,False,True,True,False,True,True,True
True,True,True,False,False,False,False,True,True,False
True,False,True,True,False,True,True,False,True,False
False,True,True,False,True,True,True,False,True,True
True,False,False,False,False,True,True,False,True,True
True,False,False,False,False,False,True,False,False,True
True,True,False,True,False,True,False,True,True,False
False,False,True,False,True,False,False,True,True,True
False,False,False,True,True,True,True,True,False,False
False,True,False,True,False,False,False,True,False,True
True,True,True,True,True,False,True,False,False,True
False,False,False,True,False,False,True,False,True,True
False,True,True,True,False,True,False,False,True,False
True,False,True,False,False,False,False,False,False,True
True,False,True,True,True,True,False,False,False,True
False,True,False,False,False,False,False,False,True,True
False,True,True,True,False,False,False,True,True,True
False,False,False,False,False,False,True,False,True,True
True,True,False,False,True,False,True,False,False,True
False,False,True,False,True,False,False,False,False,False
True,True,True,False,False,True,True,False,False,False
False,True,False,False,True,False,True,True,False,True
False,False,True,True,True,True,False,True,True,False
True,False,True,True,True,False,False,False,True,False
True,False,False,False,True,True,False,False,True,False
True,True,False,True,True,True,True,True,False,False
False,True,False,False,False,False,False,False,False,True
True,False,True,True,False,False,True,True,False,False
True,True,True,False,False,True,False,False,False,False
True,True,False,True,True,True,True,False,True,False
False,False,False,True,True,True,True,False,False,True
True,True,False,True,True,False,True,False,False,True
True,True,True,False,False,False,True,True,True,True
True,True,True,True,False,False,False,True,True,False
True,True,False,True,True,False,False,False,True,False
True,True,False,True,True,False,True,True,False,False
True,True,False,False,True,False,True,True,False,False
True,True,True,False,True,False,True,False,True,False
False,False,False,False,False,False,False,True,True,False
False,False,False,False,False,True,True,False,True,False
False,True,False,True,True,True,False,True,False,False
True,True,True,False,False,True,False,True,True,True
True,False,True,True,True,True,True,False,True,False
True,True,False,True,False,False,False,False,False,False
False,False,False,True,True,True,False,True,False,False
False,False,False,True,True,True,True,True,False,True
True,False,True,False,True,True,True,True,True,False
False,False,True,False,True,False,True,False,False,False
True,False,True,False,True,True,True,False,True,False
False,False,False,True,True,False,False,False,False,False
False,True,True,False,True,False,True,False,True,False
True,False,False,True,True,False,False,False,False,False
False,True,True,True,True,True,False,True,True,False
True,False,True,False,True,True,True,True,True,False
True,False,True,True,False,False,False,True,False,False
False,False,False,False,True,True,True,True,False,True
False,False,False,True,False,True,True,True,False,True
True,False,False,False,False,True,True,False,True,True
True,False,False,False,True,True,False,False,True,False
False,False,False,False,False,True,True,False,False,False
False,True,False,False,True,True,False,False,True,False
False,True,False,True,True,False,True,True,False,False
True,True,False,False,True,True,True,True,False,True
False,True,False,True,True,True,True,True,False,False
True,True,False,False,True,False,True,False,True,True
False,False,True,False,True,False,True,True,False,True
False,True,False,False,True,False,False,False,True,False
False,True,False,False,True,True,True,True,False,True
False,False,False,True,True,True,True,True,False,True
False,True,False,False,True,True,True,False,True,False
True,True,True,True,True,True,False,True,False,True
True,False,True,False,False,False,False,False,False,False
False,False,True,True,False,True,False,True,True,False
False,True,False,False,True,True,False,True,True,False
False,True,False,True,False,False,False,True,True,True
True,False,True,False,True,True,False,True,True,False
True,True,True,False,False,True,True,True,False,False
True,False,True,False,False,False,True,True,True,False
False,True,True,False,False,False,True,False,True,False
True,False,False,True,True,False,True,True,False,True
True,True,True,True,False,True,True,True,False,True
True,True,False,True,False,True,False,True,False,True
True,False,False,True,True,False,True,True,False,True
False,False,True,False,False,True,True,False,False,True
True,True,False,True,False,True,False,True,False,True
False,True,True,False,False,False,False,False,True,True
True,False,False,True,False,False,False,False,False,True
False,True,True,True,False,False,False,False,True,False
True,True,True,True,True,True,False,False,False,False
False,False,False,True,False,True,False,True,False,True
False,False,True,True,False,True,False,False,True,False
False,False,False,False,False,True,False,False,True,False
False,True,True,False,True,True,True,True,False,False
True,True,True,False,False,True,True,False,True,True
False,False,False,True,False,True,True,False,False,True
True,False,False,True,True,False,True,True,False,True
True,False,True,True,True,False,True,False,False,False
True,False,True,False,True,False,False,True,False,False
True,True,False,True,True,False,False,False,False,False
False,False,False,False,False,True,True,False,False,True
True,False,False,False,True,True,True,True,True,False
True,False,False,False,True,True,True,False,False,False
False,False,False,True,True,False,True,False,False,True
True,False,True,True,False,True,False,True,True,True
False,False,True,False,True,False,False,False,True,False
False,False,False,True,False,False,False,True,False,False
False,False,True,True,False,True,True,True,True,False
True,True,True,True,True,False,True,True,False,True
True,False,True,False,True,False,True,False,True,True
False,True,True,False,False,True,True,True,False,True
True,True,True,False,True,False,True,True,True,False
True,False,False,False,True,True,True,True,False,True
True,True,False,False,False,True,False,False,False,False
False,False,True,False,True,True,False,False,True,True
False,True,True,True,True,False,False,True,False,False
True,True,True,False,True,False,False,True,True,True
True,True,False,True,False,True,False,False,True,False
False,False,False,True,False,True,True,True,True,True
False,True,False,True,False,False,True,False,True,False
True,False,False,False,False,False,False,False,False,False
False,True,False,True,True,True,False,True,False,True
True,True,True,True,False,True,False,True,False,False
True,False,True,True,True,False,True,True,False,True
False,False,False,True,False,False,False,False,True,False
False,False,True,True,True,True,False,True,True,True
True,False,False,True,False,False,False,False,False,True
False,True,False,False,False,True,False,True,True,False
False,False,True,True,True,False,True,False,False,True
False,True,False,False,False,True,True,True,True,True
False,False,True,True,True,False,True,False,False,True
True,False,True,False,False,True,False,True,True,True
True,False,False,True,False,True,False,True,False,False
True,False,True,True,False,True,False,True,True,False
False,True,True,True,False,True,False,True,False,False
True,False,True,True,True,False,False,True,False,False
True,True,False,True,False,True,False,False,True,True
False,True,False,True,True,True,False,False,False,False
False,False,True,False,True,False,True,True,False,True
True,False,True,False,False,True,False,False,True,True
True,True,True,False,True,False,True,True,True,True
True,True,True,True,False,True,False,True,False,True
False,False,True,False,False,True,False,True,True,True
False,False,True,False,False,False,True,True,False,False
True,False,True,False,False,False,False,True,True,True
True,False,True,True,False,False,False,False,True,True
True,False,False,False,True,False,False,True,False,False
False,False,True,False,False,False,False,True,False,False
True,False,True,False,True,True,True,True,False,True
False,False,False,False,True,False,True,False,True,True
True,True,True,False,False,True,True,False,False,False
False,True,False,True,True,False,False,False,True,False
False,False,False,False,False,False,True,False,True,True
True,False,False,True,True,False,False,True,False,True
True,False,True,False,True,False,False,True,False,True
False,False,False,True,False,True,False,False,True,False
False,True,True,True,True,True,True,True,True,False
True,True,False,True,False,True,True,False,True,False
False,False,False,True,True,False,False,True,True,True
False,True,False,False,True,False,True,True,False,True
True,False,True,True,False,True,False,False,True,False
True,True,True,True,True,True,True,True,False,True
False,True,False,False,False,False,False,True,False,True
False,False,True,False,False,True,False,False,False,False
False,True,False,False,True,False,False,True,False,False
True,True,False,True,False,False,False,False,False,True
True,True,False,True,True,False,False,False,False,False
True,False,False,True,True,True,False,True,False,False
True,True,False,True,True,True,False,True,False,False
False,True,True,False,True,False,False,True,False,False
True,True,False,False,False,False,False,True,False,True
True,True,False,True,True,False,False,False,True,False
True,True,False,True,False,True,True,True,False,True
False,False,False,False,False,False,False,True,False,False
False,True,True,True,True,False,True,False,False,True
False,True,True,False,False,False,False,False,True,True
True,True,False,True,False,False,False,True,False,False
True,True,False,False,True,False,True,False,True,True
True,False,False,True,False,True,True,False,True,False
True,True,True,True,True,True,False,True,False,False
False,False,True,True,True,False,True,False,False,True
False,False,False,True,True,False,False,False,False,True
True,True,True,True,True,True,True,False,False,True
True,True,True,True,False,False,True,True,False,True
False,False,False,True,True,False,True,True,True,True
True,True,False,False,False,True,False,False,False,False
False,True,True,True,True,True,False,True,False,True
False,True,True,True,False,True,True,False,True,True
True,False,False,False,True,True,True,True,True,True
False,False,True,True,False,False,False,True,True,False
False,True,False,False,False,False,True,True,True,True
False,True,True,False,True,False,True,True,True,True
True,True,True,False,False,False,False,False,True,True
True,False,True,True,False,True,False,True,False,True
True,True,True,True,False,False,False,False,True,True
False,True,False,False,True,False,False,True,True,True
False,False,True,True,True,True,True,True,False,True
True,False,True,False,True,False,True,False,True,False
True,False,False,False,True,True,True,False,False,True
True,False,False,True,False,True,True,False,True,True
False,False,True,False,True,True,True,False,True,True
False,False,False,True,True,True,True,True,False,True
True,True,True,True,True,False,True,True,True,True
False,False,False,False,True,True,True,False,False,True
True,True,True,True,False,True,False,False,False,False
False,True,False,True,True,True,True,True,False,True
True,True,True,True,True,True,True,False,True,True
False,True,False,False,False,True,False,False,True,False
False,True,False,True,False,True,True,True,False,False
True,True,True,False,True,False,False,True,True,False
False,False,True,True,False,True,False,False,False,False
False,False,True,False,False,False,False,False,False,True
True,True,True,True,True,True,True,True,False,False
False,True,False,True,False,False,False,True,True,False
True,False,True,True,True,True,False,False,True,False
False,False,False,True,False,True,True,True,False,False
True,True,True,False,True,True,True,True,True,True
False,True,True,False,False,True,True,True,True,False
True,True,False,False,False,False,True,False,False,False
True,False,False,False,False,False,True,False,False,False
True,False,True,True,False,True,True,True,True,True
False,True,True,False,True,False,True,True,True,True
True,False,True,False,False,True,False,False,True,False
False,True,True,False,True,True,True,True,False,False
True,False,True,False,True,False,False,True,True,True
False,True,True,False,False,True,False,True,False,True
False,True,False,False,False,False,False,False,False,False
True,False,False,False,True,True,False,False,True,True
True,False,True,False,True,False,False,True,True,True
False,True,True,False,False,True,False,True,True,True
True,False,False,False,False,False,True,True,True,False
True,True,False,False,True,False,True,True,False,False
False,True,True,True,True,True,False,True,True,False
True,True,False,True,True,True,False,True,False,True
False,False,True,True,True,False,True,False,False,True
False,False,True,True,True,True,False,False,True,False
True,False,True,False,False,True,False,True,True,True
False,True,True,True,True,True,True,False,True,False
True,False,False,True,False,False,True,True,False,False
False,False,True,False,False,True,True,True,False,True
True,True,False,True,True,True,True,False,False,True
False,False,False,True,True,False,True,False,True,False
True,False,False,False,False,True,False,False,False,False
True,False,False,False,False,False,True,False,True,True
False,True,True,True,True,False,False,True,False,False
True,True,False,False,False,False,True,True,True,False
True,True,True,True,True,True,False,True,True,True
True,True,True,False,True,True,True,False,True,True
True,True,True,True,False,True,True,False,False,True
False,False,True,True,False,True,True,True,False,False
False,True,True,False,False,False,True,True,True,False
True,True,True,False,True,False,False,False,False,False
True,False,False,False,True,False,True,False,False,True
False,True,True,True,False,True,True,False,False,False
False,True,True,False,False,False,False,False,False,False
True,True,True,True,False,True,False,True,False,False
False,False,False,False,True,False,False,True,False,True
True,True,False,False,True,False,False,False,True,False
True,False,True,False,False,False,False,False,False,True
True,True,True,True,False,True,True,True,True,True
True,True,True,False,True,True,False,False,True,False
False,False,True,False,True,True,False,False,True,True
False,True,True,True,False,False,True,False,False,False
True,False,False,True,False,False,True,False,True,False
False,True,True,False,True,False,False,False,True,False
False,True,False,False,False,True,False,True,False,False
True,True,False,True,False,True,True,False,True,False
False,False,True,False,True,True,True,True,False,True
False,True,False,False,False,False,False,True,True,True
False,False,True,False,True,False,True,False,False,True
False,True,False,True,False,True,True,True,True,True
True,False,True,False,False,True,True,False,True,True
True,True,False,True,False,True,True,True,True,False
True,True,False,False,True,True,True,True,False,False
True,True,False,True,True,True,True,True,False,True
False,True,False,True,True,False,True,False,False,True
True,False,True,True,False,True,False,False,True,True
True,True,True,False,True,False,False,True,True,False
True,True,False,True,True,True,True,False,True,False
False,True,True,True,False,False,False,True,True,True
True,True,True,True,True,True,False,True,False,True
True,True,False,False,False,True,False,True,True,False
True,False,False,True,True,False,True,True,False,False
True,True,True,False,True,True,False,True,True,True
False,False,True,True,True,False,False,True,True,True
True,True,False,True,False,True,True,False,False,False
False,False,True,False,True,False,True,True,False,True
True,True,False,False,True,True,True,True,True,True
False,True,True,False,False,False,True,True,True,True
False,True,False,True,False,False,False,False,True,True
False,True,False,True,True,True,False,True,True,False
False,True,True,False,True,True,False,False,True,False
False,True,True,False,True,False,False,False,False,True
True,False,True,False,True,False,False,False,False,False
False,True,True,False,False,True,True,False,True,False
True,False,False,False,False,False,True,True,True,False
False,True,False,True,True,False,True,True,True,True
False,True,True,True,True,False,False,True,False,False
False,False,False,False,False,True,True,True,False,True
True,False,False,True,True,True,False,True,False,False
False,False,True,True,True,True,True,True,True,True
True,False,False,False,True,True,True,False,False,True
False,True,True,True,True,False,True,False,True,False
True,True,True,False,True,False,False,False,True,False
False,True,False,False,True,True,True,False,False,False
False,False,True,False,False,False,False,False,False,False
True,True,True,False,False,True,False,True,True,True
False,False,True,True,True,False,True,True,True,False
True,True,True,True,True,True,False,False,False,False
True,False,False,False,False,True,True,True,False,False
True,False,True,True,False,True,False,True,False,False
True,False,True,True,False,False,False,False,False,True
False,False,False,True,True,True,False,False,False,False
True,True,False,True,True,True,False,False,False,False
False,True,False,True,True,False,False,True,True,True
True,True,True,False,True,True,False,False,True,True
False,True,True,True,True,True,False,False,False,False
False,False,True,False,True,False,False,False,False,False
False,True,False,False,False,True,False,False,False,True
False,False,True,True,False,False,True,False,False,False
True,False,False,False,False,True,False,False,False,True
False,True,False,True,False,False,True,False,True,False
True,False,False,False,False,False,False,True,True,False
True,False,True,False,False,True,False,True,True,True
True,False,True,False,True,False,False,True,True,True
False,False,True,False,True,True,True,True,True,False
True,False,False,True,True,True,False,True,True,True
False,True,True,True,False,False,False,False,False,True
True,False,False,False,False,True,False,True,False,True
True,False,True,False,False,True,True,True,False,False
False,False,False,True,True,True,True,False,False,False
False,True,True,True,False,True,False,True,True,False
False,True,True,False,True,True,False,False,False,False
False,False,False,False,True,True,False,True,False,True
True,False,True,True,False,True,True,True,False,True
True,True,False,False,False,False,False,False,True,True
True,True,True,False,True,True,False,False,False,True
False,True,False,True,True,True,True,False,True,True
True,True,False,True,False,False,True,False,True,True
True,True,True,True,True,True,False,True,True,True
True,True,False,True,True,False,True,True,False,False
True,False,False,False,True,True,False,True,True,True
False,True,False,True,False,True,False,True,False,True
True,False,True,False,True,False,True,False,False,False
True,True,True,True,True,True,False,True,False,True
True,False,False,False,True,True,True,True,False,False
False,False,False,False,True,False,False,True,False,False
False,True,True,True,False,False,False,False,True,True
False,True,False,False,False,True,False,True,False,False
False,False,True,True,False,True,False,True,True,False
True,False,False,True,False,False,False,True,False,False
False,False,True,False,True,True,False,False,True,True
True,True,True,True,True,False,True,False,False,False
False,False,False,False,False,True,False,True,True,True
False,True,False,True,False,True,True,True,True,False
True,False,False,False,False,False,True,True,False,False
True,True,False,True,True,False,False,True,False,True
True,False,False,True,True,False,True,True,False,True
False,False,True,False,False,True,True,True,True,True
True,False,True,False,True,True,True,True,True,False
True,False,True,True,True,False,False,True,False,False
False,True,True,True,False,False,False,True,True,False
False,False,True,True,True,True,False,True,False,False
False,False,False,True,False,True,True,False,False,True
True,False,True,True,True,True,False,False,False,False
True,True,True,False,False,True,False,False,True,True
True,False,True,True,False,True,False,True,True,False
True,False,True,True,True,True,False,False,True,True
True,False,True,True,True,True,False,False,False,False
False,True,True,True,True,False,False,False,True,False
True,False,False,False,True,True,True,True,False,True
False,False,True,False,False,False,True,True,False,True
True,True,True,False,False,False,True,True,False,True
True,True,False,True,False,False,True,False,True,False
True,True,False,True,False,True,False,False,True,False
True,False,True,False,False,False,False,True,True,True
False,False,True,True,True,False,True,False,True,True
True,False,True,True,False,True,True,False,False,False
True,True,True,False,True,False,True,True,True,False
False,True,True,False,False,False,True,True,True,False
True,False,False,False,False,True,False,True,True,True
True,True,False,False,True,False,False,False,False,True
True,True,False,False,True,True,False,True,False,False
False,True,True,False,True,False,False,False,True,False
False,False,True,True,True,True,False,True,False,False
True,True,False,True,True,False,False,False,True,True
True,True,True,True,False,True,True,True,True,False
False,False,True,False,True,True,False,True,False,False
False,True,True,True,False,False,True,False,True,False
False,False,True,False,False,True,False,True,False,False
True,False,False,False,True,False,True,True,True,True
True,True,False,True,False,False,True,True,True,True
False,False,True,True,False,False,False,True,False,False
True,False,False,True,True,False,True,False,True,False
True,False,False,True,True,True,True,False,True,True
False,True,True,True,True,True,True,False,True,False
False,False,True,False,False,True,False,True,False,False
False,True,False,False,False,True,False,True,False,False
False,False,False,True,True,True,False,True,True,True
False,True,True,True,True,True,True,True,True,True
True,True,False,False,True,False,False,False,False,True
True,False,True,True,True,False,True,False,False,True
True,True,True,False,False,False,False,False,True,False
True,True,False,False,False,True,True,False,False,True
True,True,True,True,False,True,False,True,True,False
False,False,False,True,True,False,False,True,False,True
True,True,True,True,False,True,True,True,False,False
True,False,True,True,True,False,False,False,False,True
False,True,False,True,False,False,True,True,False,False
False,True,True,False,True,False,False,False,True,False
True,False,True,True,False,True,False,False,False,False
False,False,False,False,True,True,False,True,True,False
False,True,True,True,True,True,True,True,True,False
True,True,False,False,True,True,True,False,False,False
True,True,True,True,False,False,True,True,False,False
True,True,False,False,True,False,True,False,True,True
False,False,True,False,False,False,False,True,True,False
True,False,False,False,True,True,False,False,True,True
True,False,True,True,True,False,False,True,True,False
False,False,False,False,False,False,False,True,False,True
False,False,True,True,True,False,True,False,True,False
True,True,True,True,True,True,True,False,False,True
True,True,False,True,False,False,False,False,False,True
True,False,False,True,True,True,False,False,False,False
True,False,True,True,False,True,True,True,True,False
True,False,False,True,False,False,False,False,True,True
False,False,False,False,False,True,True,True,False,False
False,False,True,False,False,False,True,True,True,False
True,False,True,True,False,False,False,True,True,True
True,True,True,False,False,False,True,True,True,False
False,False,False,True,False,False,True,False,True,True
True,False,False,True,False,True,False,True,False,False
True,True,True,False,True,True,False,False,False,False
True,False,False,False,False,False,False,False,True,False
True,False,True,True,True,True,False,True,False,True
False,True,True,False,False,True,True,True,False,True
False,True,False,True,False,True,True,True,True,False
False,False,True,True,False,False,False,True,True,False
True,True,False,True,True,True,True,True,False,False
False,True,False,True,False,False,True,False,False,True
True,False,False,True,True,False,True,False,True,False
True,False,False,False,False,False,False,True,False,False
True,True,True,True,True,True,True,True,True,False
False,False,False,False,True,False,True,True,False,False
False,True,True,True,False,False,True,False,False,False
True,False,True,False,True,False,False,True,False,True
True,False,False,True,True,True,False,True,False,False
True,True,False,True,False,True,True,False,False,True
True,True,True,False,True,True,False,True,True,True
True,False,True,True,True,False,True,False,True,True
True,False,True,False,True,True,False,True,True,True
True,True,False,False,True,True,False,False,True,True
False,True,False,False,False,True,True,False,False,True
True,True,True,False,True,False,True,False,False,False
False,False,False,False,False,True,True,True,False,False
True,False,False,True,True,False,True,False,True,False
False,False,True,False,True,False,False,False,False,True
True,False,False,True,True,False,False,False,False,False
True,False,False,True,False,False,True,True,True,False
False,True,False,True,False,False,True,True,True,False
True,False,True,False,False,False,False,True,False,True
False,False,False,True,True,False,False,False,True,True
False,False,True,False,True,False,True,False,True,True
False,False,False,True,True,True,False,False,True,True
False,True,True,False,False,True,False,False,False,True
True,True,True,True,False,False,False,True,False,True
False,False,False,False,False,True,True,True,False,True
True,False,True,True,False,False,False,True,False,False
True,False,False,False,True,False,False,False,False,True
True,True,False,False,False,False,True,False,False,False
False,True,False,True,True,False,True,False,False,True
False,False,True,True,False,True,True,False,True,True
True,True,False,True,False,True,False,True,False,True
False,False,True,False,False,True,True,True,False,True
False,False,True,True,True,True,True,True,False,False
False,False,True,False,True,True,True,True,False,True
True,True,True,False,False,True,True,False,True,False
True,True,False,True,False,False,False,False,False,False
True,False,False,True,True,True,True,True,False,False
False,False,False,True,False,True,True,True,True,False
False,True,False,False,False,True,False,True,False,True
True,True,True,False,True,True,False,False,False,True
False,True,True,False,True,True,False,True,True,True
False,False,True,True,True,True,False,False,True,False
False,True,True,True,True,False,True,True,False,True
False,False,False,False,True,False,False,False,True,False
False,True,True,True,True,False,True,True,False,False
False,False,False,True,True,False,False,False,False,True
True,False,False,True,False,False,False,False,True,True
False,False,True,False,False,True,True,True,True,False
True,False,False,False,False,False,False,False,False,False
False,False,False,False,False,True,False,False,True,True
True,True,False,True,True,False,True,True,False,False
False,False,False,False,False,True,True,True,False,False
True,False,False,True,False,False,True,False,True,True
False,True,False,True,False,True,True,True,True,False
False,False,False,True,True,False,False,True,False,True
False,False,True,False,False,True,False,True,True,True
True,False,True,False,True,False,False,True,True,False
False,False,True,False,False,False,False,True,False,False
True,True,True,True,True,False,False,True,True,False
False,True,False,False,False,False,True,False,True,False
True,False,False,True,False,True,True,False,False,False
False,True,False,True,True,True,False,False,False,True
False,True,True,True,True,True,False,False,False,True
False,True,True,False,True,False,False,True,True,True
True,True,True,False,False,False,False,True,True,True
False,False,False,False,True,True,False,True,True,True
True,True,True,True,False,False,False,True,True,True
False,True,True,False,False,True,True,True,False,False
True,True,True,True,True,False,True,False,True,False
True,True,False,False,False,False,False,True,True,True
False,False,False,False,True,True,True,False,True,True
False,True,False,False,True,True,False,False,True,True
True,False,True,False,True,True,False,False,False,False
False,False,False,True,False,False,True,False,False,True
False,True,False,False,True,False,False,False,False,False
False,True,True,True,True,True,True,False,True,False
True,True,True,False,True,False,True,True,False,False
False,False,True,True,False,True,True,False,False,True
False,False,False,True,False,True,True,False,True,False
True,True,False,True,False,False,False,True,False,False
True,True,True,False,True,True,False,True,False,True
True,True,True,True,False,False,False,True,False,True
False,False,True,False,True,False,False,False,False,True
True,True,False,False,True,False,True,False,True,False
False,False,False,True,True,False,False,False,True,False
True,True,True,True,True,False,False,False,False,False
False,False,True,True,False,True,True,False,True,False
True,True,True,True,True,False,False,True,True,True
True,False,True,True,False,True,False,True,True,False
True,True,False,False,False,True,False,True,False,True
False,True,True,False,False,True,False,False,False,False
True,True,True,False,False,True,True,False,True,True
False,True,True,False,False,False,True,True,False,True
False,False,True,True,False,False,True,True,True,True
True,True,True,False,True,False,True,False,False,True
False,True,True,False,True,True,True,True,True,False
True,False,True,False,False,False,True,True,True,True
True,False,True,True,False,True,True,False,True,False
False,True,True,False,False,True,False,True,False,True
True,True,True,True,True,True,True,False,False,True
True,True,False,True,True,True,False,True,False,True
True,False,True,True,False,True,False,True,False,False
True,False,False,True,True,True,True,True,False,False
False,True,False,True,False,True,True,False,False,True
True,True,False,True,True,False,False,True,False,True
True,False,True,False,False,True,True,False,False,True
True,True,True,True,False,True,False,False,True,False
False,False,False,False,False,False,False,False,False,True
False,True,False,False,False,False,False,False,False,True
False,False,True,False,False,False,False,False,True,True
False,False,True,False,True,False,False,False,True,False
True,True,False,False,False,True,True,True,False,False
True,True,True,True,False,False,False,True,False,True
True,False,True,False,False,True,True,True,True,True
True,True,False,False,True,True,False,False,True,True
True,True,True,False,False,False,True,False,True,True
False,True,False,False,False,False,True,True,True,True
True,True,True,False,True,True,False,False,True,True
False,False,False,False,False,False,False,False,True,False
True,True,True,False,False,True,True,True,False,False
False,False,False,False,False,True,True,False,True,True
False,False,False,True,False,False,False,True,False,False
False,False,False,False,False,False,False,False,False,False
False,False,False,True,True,False,False,True,True,True
True,True,False,False,False,True,True,False,False,True
False,True,True,False,False,True,False,True,True,True
True,False,True,False,True,False,True,True,True,False
False,False,True,True,True,True,False,True,False,False
True,True,False,False,True,True,True,False,True,True
True,False,True,False,False,False,True,False,True,False
False,True,True,False,True,True,True,True,False,False
True,False,True,False,False,False,True,False,False,True
True,False,False,False,True,True,True,True,True,False
False,True,True,True,True,False,False,True,False,False
False,True,True,False,True,True,True,True,False,False
False,True,True,True,False,True,True,True,False,False
False,True,True,False,False,False,True,True,True,True
False,False,False,False,True,False,False,True,False,False
True,True,False,True,True,True,True,True,False,False
True,True,False,True,False,True,True,False,True,True
False,True,False,False,True,True,False,True,False,True
False,True,True,False,False,False,True,False,True,False
False,True,True,True,True,True,False,False,False,True
False,True,True,True,False,False,False,False,False,False
True,True,True,False,True,True,True,True,True,False
True,True,False,False,False,True,True,True,True,False
True,False,False,True,True,True,False,False,True,False
False,False,False,False,False,True,False,False,True,False
False,False,False,False,True,False,False,False,False,False
False,True,False,True,True,True,True,True,False,False
False,True,False,True,False,True,False,True,True,False
True,False,False,True,False,False,False,True,True,True
True,False,False,True,True,False,False,True,True,True
False,True,False,True,True,False,False,True,True,True
True,False,True,True,False,True,True,True,False,False
True,False,False,True,False,False,False,True,False,True
True,False,False,False,True,True,True,False,False,True
True,True,True,True,False,True,True,True,True,True
True,False,False,True,True,False,True,False,False,False
False,False,True,True,True,False,False,False,False,True
False,False,False,True,True,True,True,False,True,False
True,False,False,True,True,False,True,False,True,True
False,False,False,True,False,False,True,False,False,False
False,True,True,False,False,False,False,False,False,False
True,False,True,False,True,True,True,False,False,True
False,False,True,True,True,False,False,False,True,False
False,True,False,True,False,False,False,True,False,True
True,True,True,False,True,False,True,True,True,False
False,False,True,False,False,True,True,False,True,False
False,True,False,True,False,True,False,True,True,False
False,False,True,False,True,True,True,False,True,False
True,False,False,True,False,False,True,True,False,True
True,True,True,False,False,False,False,False,True,True
False,False,False,False,True,True,True,True,True,True
False,False,True,False,False,True,False,True,False,True
False,False,False,False,True,True,True,False,False,False
True,False,True,False,False,True,True,False,False,True
True,True,False,False,False,True,True,True,True,False
True,True,True,False,True,True,True,False,True,True
False,False,False,True,True,False,True,False,False,False
False,True,True,False,True,True,False,False,True,True
False,False,True,False,True,False,False,False,False,False
False,True,False,True,True,True,False,True,True,False
False,False,True,True,True,True,False,True,True,False
True,False,False,True,True,False,True,False,True,False
True,True,False,True,True,False,True,True,False,False
False,False,False,False,True,True,True,True,False,True
False,True,False,False,False,True,True,False,True,True
False,True,False,False,False,True,False,False,True,False
False,True,True,False,False,True,True,True,True,True
False,False,True,False,True,True,False,True,True,True
True,True,True,True,False,True,True,True,True,True
False,False,True,True,False,False,False,True,True,True
False,True,True,True,False,True,False,False,False,False
False,True,False,True,False,True,False,True,False,True
True,True,False,False,False,False,True,False,False,False
False,True,False,False,True,False,False,True,True,True
True,True,False,False,True,False,False,True,False,True
True,True,False,True,False,True,True,True,False,True
True,True,False,False,True,True,False,True,True,True
False,True,True,True,True,False,True,False,False,False
False,True,True,False,True,False,False,True,False,True
False,True,False,False,False,True,False,False,False,False
False,False,True,False,False,True,False,True,False,True
True,False,False,False,True,False,True,True,False,True
False,True,False,False,False,True,True,True,True,True
True,False,False,False,False,True,True,True,False,True
True,False,False,True,True,True,True,True,False,True
True,False,True,False,True,False,False,True,True,True
True,False,False,False,False,True,False,False,False,False
True,True,False,False,True,True,False,False,False,False
True,False,True,True,True,False,False,False,True,False
False,False,False,True,True,True,True,False,False,False
False,True,True,True,True,True,False,True,True,False
False,False,True,False,True,True,True,False,False,True
False,False,True,True,True,True,False,True,True,True
True,True,True,False,True,False,False,False,False,True
False,True,False,False,True,False,True,True,False,False
False,True,True,True,False,False,False,False,False,False
True,True,False,True,True,True,False,True,True,True
True,False,False,True,False,False,False,True,True,True
True,True,True,False,False,True,True,False,False,True
False,False,True,False,True,True,True,True,True,False
True,False,False,False,True,False,False,False,False,True
False,True,True,True,True,False,False,True,True,True
True,False,False,False,False,False,False,False,True,False
False,True,True,True,True,True,False,False,True,True
False,False,False,True,False,True,True,True,True,False
True,True,False,False,False,True,True,True,True,False
True,True,False,True,True,True,True,True,False,True
False,False,False,False,True,False,True,True,True,False
False,False,False,False,True,False,False,False,True,True
True,True,True,True,True,True,True,False,True,False
False,False,True,False,False,True,True,True,False,True
True,True,True,False,True,False,False,False,True,False
True,False,True,True,True,True,False,True,True,True
True,True,False,False,True,False,True,False,False,True
True,False,False,False,True,False,False,True,True,True
False,False,False,True,False,False,False,True,True,True
False,True,True,False,True,False,True,True,False,False
True,False,True,True,False,False,False,False,True,True
False,False,False,False,True,False,True,False,True,False
True,True,False,True,True,False,False,False,False,True
False,True,True,False,False,True,False,True,False,True
False,True,False,False,False,False,False,False,False,True
True,True,False,False,True,False,True,True,False,False
True,True,True,False,True,False,False,True,True,False
False,True,False,False,True,True,True,True,True,True
True,True,True,True,True,True,False,False,False,False
False,False,True,False,False,True,False,False,False,False
True,True,True,True,False,True,True,True,False,False
False,False,True,False,False,True,False,False,True,True
True,True,False,False,False,False,True,False,False,True
False,True,False,True,True,True,False,False,False,True
True,True,False,False,False,True,True,False,True,False
True,False,True,True,False,False,False,False,True,False
False,True,False,False,False,True,True,True,False,False
True,True,True,False,False,False,False,False,False,True
True,False,False,True,False,True,True,False,True,True
False,True,True,True,True,False,False,False,False,False
False,False,False,True,False,True,True,True,True,True
True,False,False,True,False,False,True,False,True,False
True,True,True,True,True,True,False,True,False,False
False,True,False,True,False,False,True,False,False,False
True,True,True,False,True,True,True,True,True,False
False,True,False,False,False,False,True,False,True,False
True,True,True,False,False,False,False,False,True,True
False,False,True,True,False,True,True,True,True,False
False,False,True,False,False,False,False,False,True,False
True,True,False,False,True,False,True,True,True,True
False,True,False,False,False,True,True,False,True,False
False,True,False,False,False,False,False,False,False,False
True,True,False,True,False,False,True,True,False,False
False,True,True,False,False,False,True,False,False,False
False,False,True,False,True,True,False,True,False,False
True,True,False,False,False,False,False,False,True,True
False,True,False,False,True,True,False,False,True,True
False,False,True,False,False,False,False,False,True,False
True,False,False,True,True,True,False,False,True,True
True,True,False,True,False,True,True,True,True,True
True,True,False,True,False,False,False,False,True,False
True,False,False,True,True,True,False,True,False,True
True,True,True,True,True,True,False,False,False,True
True,True,True,True,False,False,False,False,False,True
False,False,True,True,True,False,True,True,False,True
False,True,True,False,False,False,True,False,False,False
False,True,True,False,False,True,True,False,False,False
False,True,False,False,True,True,False,False,True,False
True,False,False,False,False,False,True,True,True,True
True,True,True,False,False,True,True,True,True,True
False,True,True,True,False,True,True,True,False,True
False,True,True,False,True,False,True,True,False,True
True,True,False,True,False,True,True,True,False,True
True,False,True,True,False,True,True,True,True,False
True,True,True,True,False,True,False,True,True,False
False,True,True,False,False,False,False,True,True,True
True,False,True,True,True,False,False,True,False,True
True,False,True,True,False,False,False,False,True,True
False,True,True,True,True,False,False,False,True,True
True,True,False,True,False,True,False,False,False,True
True,False,False,False,False,False,True,True,True,False
True,False,False,False,True,True,True,False,True,True
False,False,True,True,True,True,True,True,True,False
True,False,False,False,True,False,True,True,True,False
True,True,False,False,True,False,False,True,True,False
False,False,False,False,False,False,True,True,False,True
False,True,True,True,False,False,False,False,True,True
True,False,True,False,True,False,True,False,False,True
True,True,False,False,False,True,False,True,True,True
True,True,False,False,False,False,False,True,False,True
True,True,False,True,True,False,True,False,False,False
False,True,False,True,True,True,False,True,False,True
True,False,False,True,False,False,False,False,False,False
True,True,True,True,False,False,True,True,True,False
True,True,False,True,False,False,False,False,True,True
False,False,False,True,False,True,True,True,False,False
False,False,True,False,False,True,True,False,True,True
True,True,False,True,True,True,False,False,False,True
True,False,False,False,True,True,True,True,False,True
True,False,True,False,True,True,False,True,True,True
False,True,False,False,False,False,True,False,False,False
False,False,True,True,True,True,True,True,True,False
True,True,False,True,False,False,True,False,False,True
False,False,True,True,False,False,True,False,True,False
True,False,True,False,False,False,False,True,True,True
True,False,False,False,True,False,True,True,True,False
True,False,True,True,False,False,False,True,False,True
False,True,False,False,True,True,False,True,False,True
False,False,False,False,False,False,True,False,False,True
True,False,False,False,True,True,False,True,False,False
True,False,True,True,True,False,False,False,False,True
True,False,True,True,True,True,True,False,True,True
False,False,False,False,True,False,True,True,True,False
True,True,False,False,True,True,True,True,True,False
False,False,False,False,False,True,False,True,True,True
True,False,True,False,True,True,False,True,True,True
False,True,False,False,True,True,False,False,True,False
False,False,True,True,True,False,True,True,False,False
True,False,True,False,True,True,False,True,True,True
False,True,True,False,True,False,True,True,False,False
False,True,True,False,False,True,False,True,True,True
True,True,True,False,True,False,False,True,True,True
False,False,False,True,True,True,True,False,True,True
False,True,False,True,False,True,False,False,True,False
True,False,True,True,True,False,True,False,True,False
True,True,False,True,False,True,False,False,False,True
False,False,True,False,False,True,True,True,True,False
True,False,False,False,True,True,True,False,True,True
False,True,True,False,False,True,False,True,True,True
False,False,True,False,False,False,False,False,False,True
True,True,False,True,True,True,True,True,False,False
False,False,True,True,True,False,True,False,False,True
True,True,False,True,True,True,True,False,False,True
False,False,False,False,False,True,False,False,True,True
True,True,False,False,True,False,True,False,False,False
False,False,False,True,True,True,True,True,False,True
False,True,False,True,True,False,True,True,True,True
True,False,False,False,False,False,True,False,False,True
False,False,False,False,True,True,False,False,False,True
True,False,True,False,True,False,False,True,False,True
True,False,False,False,False,True,False,True,True,False
True,True,False,True,True,True,False,True,True,False
True,True,True,True,False,False,True,False,True,False
False,True,False,False,True,True,True,True,False,False
False,True,False,True,False,True,False,True,True,True
True,True,True,False,False,True,True,True,True,True
True,True,True,False,False,False,True,False,True,True
True,True,False,False,False,True,False,False,True,False
True,True,True,True,False,False,False,True,True,True
True,True,True,True,False,False,False,False,False,True
True,True,False,True,True,False,True,True,True,False
False,False,True,True,False,True,False,True,True,True
False,False,False,True,True,True,False,True,False,False
True,False,False,False,True,False,False,False,False,True
True,False,True,False,False,True,True,False,False,True
True,True,True,True,True,True,True,True,True,False
True,True,False,False,False,True,True,False,False,True
True,False,True,True,True,True,False,True,True,True
False,True,True,True,True,False,False,False,False,True
False,False,True,True,True,True,False,False,False,True
False,False,False,False,False,True,True,False,False,True
False,True,False,True,True,False,False,True,True,True
True,True,False,False,False,False,True,False,False,False
False,False,False,True,True,True,True,True,False,True
True,False,True,False,False,False,False,True,False,True
False,False,False,True,True,False,True,True,False,False
True,True,True,False,False,False,True,True,True,True
False,False,True,False,True,False,False,False,True,True
True,True,False,False,False,False,True,True,True,True
True,True,False,True,True,True,False,False,False,False
False,False,False,False,True,False,False,False,False,True
False,True,False,False,True,True,False,True,True,False
True,True,False,True,False,False,False,True,True,False
False,False,False,True,True,False,False,False,False,True
False,False,True,True,False,False,True,False,True,True
False,False,False,True,True,True,False,False,False,True
True,False,False,True,False,True,False,False,False,False
False,False,False,False,False,False,True,True,False,False
False,True,False,False,True,False,True,True,True,True
False,True,False,False,False,False,True,False,False,False
True,False,True,True,True,True,True,False,False,True
False,True,False,True,True,False,True,True,True,False
True,True,False,False,False,True,False,True,False,False
True,False,True,False,False,True,False,True,False,True
True,True,False,False,False,False,False,True,True,True
True,False,False,True,True,True,True,True,False,False
True,True,True,False,False,False,False,True,True,True
False,False,False,False,True,False,False,True,False,False
True,True,True,True,True,False,False,True,True,True
True,False,False,False,False,True,False,False,True,False
False,True,True,False,True,False,True,False,False,True
True,True,True,False,True,False,False,True,False,False
True,False,False,True,False,False,False,False,True,True
False,False,False,False,False,False,True,False,True,False
True,False,True,True,False,False,False,True,False,False
False,True,False,True,True,True,False,True,False,False
True,False,False,True,False,True,False,True,True,True
True,False,False,True,True,False,True,False,False,False
True,True,True,True,False,False,True,False,True,False
False,True,True,False,False,True,True,True,False,False
False,False,False,False,True,False,True,True,False,False
False,True,True,False,True,False,False,True,True,False
False,False,False,True,True,True,True,True,False,False
False,True,True,False,True,False,True,False,False,True
False,True,True,True,True,True,True,True,True,True
True,False,True,False,False,True,False,True,False,True
True,False,False,False,False,True,False,True,False,False
False,False,False,False,True,True,True,True,True,True
False,True,False,False,True,True,False,False,True,True
True,True,True,False,False,False,True,True,False,False
True,True,False,False,True,False,True,True,True,True
True,False,True,False,False,True,True,True,True,False
False,False,False,True,False,True,True,True,True,True
False,True,False,False,False,False,True,False,True,True
True,True,True,False,False,False,True,True,False,False
True,False,True,False,True,True,False,True,True,True
True,False,True,False,True,False,True,False,False,True
True,True,True,True,True,False,True,False,True,False
True,True,True,True,True,False,True,False,False,False
True,False,True,False,False,False,False,False,True,False
False,False,False,True,False,False,False,True,False,False
True,True,False,True,True,False,True,True,True,True
False,True,True,False,False,True,False,True,True,True
True,False,False,True,False,False,True,False,True,False
False,True,True,True,True,False,False,False,False,True
False,False,True,True,False,False,True,True,True,False
True,True,False,True,True,False,False,True,False,False
True,False,False,False,True,True,False,False,False,False
True,False,False,True,True,False,True,False,False,False
False,False,False,False,False,True,False,False,False,True
False,True,False,True,True,True,False,True,True,False
True,True,False,True,True,False,False,False,True,True
False,True,True,False,False,True,True,True,False,True
True,True,True,False,False,False,False,False,True,False
False,True,True,False,False,True,False,True,True,True
False,True,True,True,True,True,False,False,False,False
True,False,False,False,True,True,True,True,True,True
False,True,True,True,True,True,True,True,True,False
False,True,True,False,True,True,True,True,False,True
True,False,True,False,False,False,False,True,True,False
True,False,True,False,True,False,False,True,True,False
False,False,True,True,True,False,True,False,True,True
True,True,False,False,False,True,False,False,False,True
False,False,False,False,False,False,False,True,True,True
False,False,False,True,False,True,True,True,False,False
True,False,False,False,True,True,False,True,True,False
False,True,False,False,True,False,True,False,True,True
False,True,False,False,True,True,True,True,True,True
True,False,True,True,False,True,False,False,False,True
False,True,True,True,True,False,False,True,True,True
False,False,True,True,False,True,False,False,False,True
True,True,True,True,False,False,True,True,True,False
False,False,True,False,True,False,True,False,False,True
True,False,True,False,True,False,False,False,False,False
False,True,True,False,True,True,True,True,False,False
False,True,True,True,True,False,True,False,True,False
False,True,False,True,True,False,False,False,False,False
False,False,False,False,True,True,False,True,False,False
False,True,False,False,True,True,False,False,True,False
False,True,True,False,True,True,False,False,False,True
True,False,True,True,False,True,True,False,True,False
False,True,True,True,False,False,False,True,False,True
False,False,False,True,False,False,False,True,True,True
False,False,False,True,False,True,False,True,False,True
True,False,True,True,False,True,False,False,False,False
True,False,False,True,True,False,True,False,True,False
True,False,True,True,True,True,False,False,True,False
False,True,False,False,True,True,True,True,False,True
True,False,True,False,False,False,True,False,False,True
False,False,False,False,False,True,False,True,True,True
True,True,True,True,False,True,True,False,True,False
False,False,False,True,True,False,False,True,False,True
True,True,False,True,False,False,True,True,False,True
True,True,True,True,True,True,True,False,True,True
False,True,True,True,False,True,False,False,False,False
False,False,True,False,True,True,False,False,True,False
False,True,False,True,True,True,False,False,True,True
True,True,True,True,False,True,False,False,True,True
False,True,False,False,True,False,True,False,True,True
True,True,True,False,False,True,False,True,False,False
True,False,False,False,True,True,False,True,True,True
False,False,True,False,False,False,False,True,False,False
False,False,False,True,False,False,False,False,True,True
True,False,False,False,True,True,True,False,False,True
True,False,False,True,False,True,True,False,False,True
False,False,False,False,True,True,False,True,True,False
False,True,False,False,False,False,True,False,True,False
True,False,True,False,False,False,True,False,True,False
True,False,False,False,False,True,False,True,False,True
True,True,False,True,False,False,True,False,True,True
True,False,True,False,False,True,True,True,False,True
True,False,False,False,False,False,True,False,True,True
False,False,True,True,True,False,True,True,False,False
True,False,True,True,True,True,False,True,False,True
True,False,False,True,False,False,True,True,False,True
False,True,False,False,False,True,True,False,False,True
False,False,True,True,False,True,True,True,True,True
True,True,True,True,False,False,True,True,True,False
False,False,True,False,True,True,True,True,True,True
False,True,False,False,True,False,True,False,True,True
True,False,False,True,True,False,True,False,False,True
False,False,True,True,True,False,True,True,True,False
False,True,False,False,False,False,False,True,True,False
True,True,False,True,False,False,True,True,False,False
False,True,False,True,False,False,True,False,True,True
True,True,True,False,True,True,False,False,False,False
False,False,True,True,True,True,False,False,True,True
True,True,True,True,False,False,True,False,True,False
False,True,True,False,True,False,True,True,False,True
True,False,True,True,True,True,False,False,True,True
True,False,False,False,False,False,True,False,True,True
True,False,True,True,True,True,True,True,False,True
True,False,True,True,True,False,False,False,False,True
False,True,True,False,False,True,True,False,False,True
False,True,False,False,True,False,False,False,True,False
False,False,False,False,True,False,True,False,False,False
False,False,True,True,False,True,False,False,False,False
False,True,False,False,True,False,True,False,False,True
False,True,False,False,False,False,False,False,False,False
True,False,True,True,False,False,False,False,False,False
False,False,False,False,False,True,True,False,True,False
True,False,False,True,True,True,False,False,False,True
False,True,True,True,True,True,False,True,True,True
False,True,True,True,False,True,False,False,False,False
False,False,True,True,True,True,False,False,True,True
True,False,False,False,False,True,True,True,False,True
True,False,False,False,False,True,False,True,False,False
True,False,True,False,True,True,False,False,True,False
True,True,True,True,False,True,False,False,True,True
True,True,True,False,True,False,False,True,True,True
False,True,True,False,False,False,False,False,False,True
True,True,False,False,False,True,False,False,True,False
True,False,True,True,False,False,False,True,True,True
False,True,False,False,False,True,True,False,True,False
True,True,True,True,False,False,True,True,False,True
False,True,True,False,True,True,False,False,False,True
False,True,True,False,True,True,True,True,True,True
False,False,True,False,True,True,False,False,False,False
False,True,True,False,False,False,True,False,False,True
True,False,True,True,False,True,False,False,True,True
False,False,True,True,True,True,False,True,True,False
False,False,False,False,False,False,True,False,True,True
False,False,True,False,True,False,False,False,True,True
False,True,False,True,False,True,True,False,True,True
True,True,True,True,True,True,True,True,True,False
True,False,False,True,False,True,True,False,False,True
True,True,True,False,False,True,True,False,False,False
True,True,False,False,False,True,True,True,False,False
False,True,False,True,False,True,True,True,True,True
False,False,True,False,True,True,True,True,False,True
True,True,False,False,True,True,False,False,True,True
True,False,True,False,False,True,False,True,True,True
True,False,False,False,True,True,False,False,True,True
True,True,True,False,True,False,True,False,False,True
True,True,True,True,True,True,True,True,True,False
False,False,True,False,False,False,True,False,False,False
False,True,True,True,True,True,False,False,True,True
True,False,True,True,True,False,False,False,True,False
True,False,False,False,False,False,False,False,False,True
False,False,True,False,True,False,True,False,False,True
False,True,False,False,True,False,False,False,True,False
True,False,True,True,False,True,True,True,False,False
False,False,True,True,False,True,False,False,True,True
True,True,False,False,True,False,True,False,True,True
True,True,False,False,True,False,True,False,True,False
True,False,False,False,True,True,False,False,False,True
True,False,True,False,False,False,True,True,False,True
False,False,True,True,False,True,True,False,False,False
True,True,False,False,True,True,True,False,False,False
True,True,True,False,True,True,True,True,False,False
False,True,False,False,True,True,False,True,True,False
True,False,True,True,False,True,True,False,False,False
False,False,False,True,True,False,True,True,False,True
True,True,False,False,False,False,False,False,False,True
True,False,True,True,False,True,True,False,False,False
False,True,True,False,True,False,False,False,False,False
True,False,True,False,True,True,False,True,True,False
False,True,False,False,True,True,False,True,True,False
True,False,True,False,False,True,True,False,True,True
True,True,True,True,True,True,True,True,True,False
False,True,True,True,True,False,False,True,False,True
True,True,False,False,False,True,False,True,False,True
True,False,True,False,True,False,True,False,True,False
True,False,False,True,True,True,False,True,True,False
True,True,True,True,True,True,True,False,True,True
False,True,True,True,True,False,True,False,True,False
True,False,False,False,True,False,False,True,True,True
False,True,True,True,False,True,True,False,False,False
True,True,False,True,False,True,False,False,True,True
False,False,True,False,True,False,False,True,True,False
False,True,True,True,False,False,False,True,False,True
True,True,True,True,True,False,False,True,True,False
True,False,True,True,True,True,False,True,True,True
False,False,False,True,False,False,True,True,False,True
True,True,True,True,True,True,True,False,True,True
True,False,False,True,False,False,True,False,True,True
True,False,False,True,True,True,True,False,False,True
False,True,False,False,False,False,True,False,True,True
False,False,True,False,True,False,True,True,False,True
False,False,False,True,False,True,True,False,True,True
True,False,True,False,True,True,False,False,False,True
True,True,False,True,False,True,False,False,False,False
False,False,False,True,False,False,True,False,False,False
True,False,False,True,False,False,False,False,False,False
True,False,False,False,False,False,True,False,True,True
False,True,True,False,False,False,False,True,True,True
False,True,False,False,True,True,False,True,False,False
False,False,False,True,False,True,True,False,True,True
False,False,True,True,False,True,True,False,True,True
False,False,True,False,False,True,False,True,False,False
False,False,False,True,True,True,True,False,True,False
False,True,False,False,True,False,True,True,True,False
False,True,False,True,True,True,True,True,False,True
False,False,False,True,True,True,False,True,False,True
True,False,False,False,False,True,False,False,True,True
False,False,False,False,False,True,False,False,False,True
False,True,True,True,False,False,True,True,True,True
True,True,True,False,False,True,False,False,False,True
False,True,False,True,False,False,True,True,False,True
True,False,False,True,False,False,True,False,False,True
False,True,False,True,False,False,False,False,True,False
False,False,True,False,True,True,True,True,False,False
False,True,False,False,False,True,True,False,False,False
False,True,True,True,True,False,True,True,True,True
True,True,False,False,True,False,True,True,True,False
False,True,False,True,True,False,False,True,False,False
True,True,True,False,True,False,False,True,False,False
True,True,True,False,False,False,True,False,False,True
True,False,True,False,True,True,False,False,False,True
False,True,True,False,True,True,False,False,False,True
False,True,False,False,True,False,True,False,True,True
True,False,True,False,True,False,False,True,False,False
True,True,False,True,False,True,False,False,True,False
False,False,True,False,False,False,False,True,True,True
False,True,False,True,True,False,False,True,True,False
False,True,False,True,False,False,False,True,False,True
True,True,True,True,True,True,False,True,True,True
False,True,False,False,True,True,False,False,False,True
True,True,True,True,False,False,True,False,False,True
False,False,False,True,False,False,True,True,False,False
True,False,True,True,False,False,False,False,False,True
True,True,False,True,False,False,False,True,True,True
False,False,False,False,False,False,False,False,False,True
True,True,False,False,False,False,True,False,True,True
True,True,True,True,True,True,False,False,False,False
True,False,False,False,True,False,False,True,True,True
True,True,False,False,True,False,False,True,True,False
False,False,True,False,False,True,True,True,True,False
True,True,True,False,False,False,True,False,True,False
False,True,True,False,True,True,False,True,False,True
False,False,False,False,False,False,True,False,False,False
False,False,False,True,False,False,False,False,False,True
True,False,False,False,False,False,True,True,True,False
True,False,True,False,False,False,False,True,False,True
True,True,True,False,False,False,False,True,True,True
False,True,False,False,True,False,True,True,True,False
True,False,False,False,False,True,True,True,False,True
False,False,True,True,False,False,True,False,True,True
True,False,True,False,True,False,False,True,False,True
True,False,False,True,True,False,False,True,True,True
True,True,False,False,False,True,True,False,True,False
True,False,True,False,True,False,False,True,False,False
True,True,False,True,True,False,True,True,True,False
True,True,False,True,False,False,True,False,False,False
False,False,True,False,True,False,False,True,True,False
True,False,True,False,True,False,True,True,False,False
True,False,True,True,False,True,False,True,False,True
False,True,False,False,False,False,False,False,True,False
True,False,False,False,True,False,True,True,False,False
False,False,False,True,True,True,False,False,False,True
True,True,False,False,False,True,True,False,False,True
True,False,False,True,False,False,True,False,False,False
False,False,False,False,True,True,True,False,False,False
False,False,False,True,True,True,True,False,True,False
False,True,False,False,False,False,True,False,True,False
False,False,False,False,True,False,True,True,False,True
True,True,False,False,True,False,False,False,False,False
False,False,False,False,True,True,False,False,False,True
True,False,True,False,False,False,False,True,False,True
True,False,True,False,False,True,True,False,False,False
True,True,True,False,True,False,False,True,True,True
True,True,False,True,False,False,False,True,True,False
True,False,False,False,False,False,True,False,True,False
True,True,True,False,False,True,False,False,True,False
True,False,False,False,False,False,True,True,True,False
True,True,False,False,True,True,True,True,False,True
False,False,True,True,True,True,False,False,False,True
True,True,True,True,True,False,False,True,False,True
True,True,False,False,False,True,True,False,False,True
False,True,False,True,False,False,False,True,False,True
False,True,False,False,False,True,False,False,True,False
False,False,False,False,True,False,True,False,True,True
False,False,False,True,False,True,False,False,False,False
True,True,True,True,True,True,False,False,False,False
True,True,True,True,False,False,True,False,True,False
True,True,False,False,False,False,True,False,False,True
False,True,False,False,False,False,True,False,False,False
False,True,False,False,False,False,False,True,True,False
False,True,False,False,False,True,False,False,True,True
True,True,False,False,False,True,True,True,True,True
True,True,False,True,True,False,False,True,False,False
False,True,False,True,True,True,True,True,False,False
True,False,False,False,False,True,True,True,False,False
False,False,True,False,False,False,False,True,True,False
False,True,True,False,False,False,True,False,True,True
True,False,False,True,False,True,False,True,False,False
True,True,False,False,True,True,False,False,False,False
False,False,True,True,True,False,True,True,True,False
False,True,False,True,True,True,True,False,False,True
False,True,True,False,False,True,False,False,False,True
True,False,True,False,True,False,False,True,False,False
True,False,False,True,True,False,True,False,True,False
False,False,True,True,False,False,True,True,True,False
True,True,False,True,False,False,True,True,True,False
True,False,True,False,False,False,True,True,True,False
False,False,True,False,False,False,True,True,True,False
True,True,False,False,False,True,False,False,False,False
False,True,False,False,True,True,True,False,False,True
False,True,False,True,True,False,True,False,False,True
True,True,True,False,False,True,False,True,True,True
False,True,True,False,False,True,True,False,False,False
True,True,True,False,False,True,True,False,True,False
False,True,True,True,True,True,False,True,True,True
True,True,True,True,True,True,False,True,True,True
True,True,True,True,False,False,False,False,False,False
True,True,True,False,False,True,False,False,False,False
False,False,True,True,False,False,True,False,True,False
False,False,False,True,True,True,True,True,False,True
True,False,False,False,True,True,True,False,True,False
False,False,False,False,False,True,True,True,False,False
False,True,True,True,False,False,True,True,False,False
True,True,True,False,True,False,False,False,False,False
False,True,False,False,True,True,True,True,False,True
False,True,False,True,True,True,False,True,False,False
True,True,True,True,False,False,False,False,False,False
True,False,False,False,False,False,True,False,False,True
False,True,True,True,True,True,True,True,False,False
False,False,False,True,True,True,False,False,True,False
True,False,True,True,True,False,True,False,False,True
False,False,True,False,True,True,False,True,False,True
False,True,True,True,False,False,False,False,False,True
False,False,True,False,False,True,False,True,False,True
False,False,False,False,True,False,True,True,False,True
True,True,True,False,False,False,True,False,True,False
True,True,True,False,False,True,True,False,True,False
True,True,True,False,False,True,True,True,False,False
False,True,True,True,False,False,True,True,False,False
True,False,True,False,True,True,False,True,False,False
False,True,False,False,False,True,True,False,False,True
False,True,False,True,False,False,True,True,False,True
False,True,False,False,True,False,True,True,True,True
False,True,False,True,True,True,False,False,False,True
True,True,True,True,False,False,False,True,False,False
True,True,True,True,True,False,True,False,True,True
True,True,True,False,True,True,True,True,True,True
False,False,True,False,False,True,True,False,False,True
True,True,True,False,True,True,False,False,False,True
True,False,False,False,False,False,False,True,True,False
False,True,False,False,False,False,False,True,False,False
False,False,True,True,False,True,True,True,False,False
True,False,False,True,True,False,True,True,False,False
False,False,False,False,False,False,False,False,False,False
True,False,False,True,False,False,False,True,True,False
False,True,False,True,False,False,False,False,False,True
False,False,False,True,False,False,False,False,True,False
False,True,False,True,True,False,False,True,False,False
False,False,False,False,False,True,False,False,False,False
False,False,False,True,False,False,True,False,False,True
False,True,False,True,False,True,True,False,True,False
True,True,True,False,True,True,False,False,True,True
True,False,False,True,False,False,True,False,False,False
False,True,True,True,False,True,True,True,True,False
True,False,False,False,False,True,True,True,True,True
True,False,True,True,True,True,False,False,False,False
True,True,False,False,True,False,False,False,False,True
True,True,False,True,False,False,False,False,False,True
False,False,True,True,False,True,True,False,True,False
True,False,False,False,True,False,True,True,True,False
False,False,True,False,True,False,True,False,True,True
True,True,True,True,True,True,True,True,True,True
False,True,False,True,True,True,True,True,False,True
False,True,True,False,True,False,False,False,True,True
True,False,False,True,False,True,True,False,False,False
False,True,True,True,False,False,True,True,True,True
False,True,False,True,True,True,True,True,True,True
False,True,True,True,True,False,True,False,True,True
True,True,False,True,False,True,True,True,True,True
False,False,False,True,True,True,True,True,False,True
True,False,True,True,False,False,False,True,False,False
False,False,True,True,False,True,False,False,False,True
False,True,False,False,True,True,False,False,True,False
False,False,True,False,True,True,True,True,True,True
False,False,False,True,True,True,True,False,True,False
True,True,True,True,False,False,True,True,True,True
False,True,True,True,True,False,False,False,False,False
True,False,False,False,True,True,True,True,False,False
True,True,False,False,False,True,True,False,True,False
True,False,True,False,True,False,False,False,True,False
False,True,True,False,False,True,True,True,False,True
False,False,False,True,True,True,False,True,False,True
True,True,False,True,True,True,True,False,True,True
False,False,True,False,False,False,True,False,True,True
True,True,False,False,False,True,True,False,False,False
True,False,False,False,False,True,False,False,True,False
True,False,False,False,False,True,False,False,False,False
False,False,True,False,True,False,False,True,True,False
False,False,False,True,True,True,False,True,False,True
False,True,False,True,True,True,False,True,False,False
False,True,True,False,True,True,False,True,True,True
False,True,False,False,True,False,True,False,False,True
True,True,True,True,False,True,False,False,False,False
False,False,False,False,False,False,False,False,False,False
True,False,True,False,False,False,False,False,True,True
False,False,False,False,True,True,False,True,True,True
False,False,True,True,True,True,False,True,False,False
True,False,True,False,False,False,True,False,False,True
False,False,True,False,True,False,False,False,False,True
True,False,False,False,True,True,False,False,True,True
False,False,True,True,False,False,True,True,True,False
True,True,False,False,False,True,True,False,False,False
False,False,False,False,True,False,False,True,False,True
False,False,True,False,False,False,True,False,False,False
True,True,False,True,True,True,False,False,True,True
True,True,False,True,True,False,True,False,False,True
True,True,True,False,False,True,False,True,True,True
False,False,True,False,True,False,True,False,True,False
True,True,True,False,False,False,False,True,False,True
True,False,False,False,False,True,True,True,False,True
True,False,True,True,False,False,True,False,True,False
False,False,False,True,True,True,False,False,True,True
True,False,False,True,False,False,False,True,True,False
True,True,False,False,True,False,True,False,False,False
True,False,True,False,True,False,True,True,False,False
False,True,True,False,False,False,False,False,False,False
True,False,False,False,True,True,False,True,True,True
True,False,False,True,True,False,False,False,False,False
False,True,True,True,False,True,False,False,True,True
False,True,True,True,False,False,False,True,True,True
True,False,True,True,False,False,True,False,True,False
False,True,True,True,True,True,True,True,True,True
True,True,True,True,False,True,False,True,True,True
False,False,True,True,False,False,False,True,True,True
True,True,False,True,True,True,True,True,False,False
True,False,False,False,True,False,False,True,True,False
True,False,True,True,False,True,False,True,True,False
False,True,True,True,False,False,True,False,False,True
False,True,True,False,True,False,True,True,True,False
True,True,False,True,False,False,True,True,False,False
True,False,True,True,True,False,True,False,True,False
False,False,True,True,False,True,False,True,False,True
True,True,True,False,False,False,False,False,True,True
True,False,True,False,True,True,False,False,False,True
False,True,True,True,True,True,True,False,True,True
True,True,True,True,False,False,False,False,False,True
True,True,False,False,False,False,False,True,False,False
True,False,True,False,False,False,False,False,False,False
True,False,False,True,True,False,False,False,False,True
True,True,False,True,True,False,False,True,True,True
True,False,False,False,False,False,False,True,False,True
False,False,False,False,True,True,True,False,True,False
True,False,False,True,True,True,False,False,True,False
False,False,False,False,True,True,False,True,True,True
True,True,False,True,True,False,True,True,False,True
False,False,True,False,True,True,False,False,True,False
True,False,True,True,False,True,True,True,False,False
False,True,True,True,False,False,True,False,True,True
True,False,False,True,True,False,False,False,True,False
True,False,False,True,True,False,False,True,False,True
False,False,False,False,False,False,True,True,False,True
True,False,True,False,False,False,True,False,False,True
True,True,True,True,False,True,False,True,False,True
False,True,True,False,False,False,True,True,False,False
False,False,False,True,True,False,True,False,True,True
True,False,True,True,False,False,True,False,False,True
False,True,False,True,True,True,False,False,True,True
False,False,False,False,True,True,False,True,True,False
True,True,False,True,False,True,True,True,False,True
False,True,True,False,True,True,True,True,True,False
True,True,False,False,False,False,True,False,False,False
True,False,True,False,False,False,False,False,True,False
True,False,True,False,True,False,True,True,False,False
True,False,True,False,False,True,False,True,False,False
False,True,True,True,False,True,True,False,False,True
True,True,False,False,False,True,True,True,False,True
False,True,True,False,False,False,False,True,False,True
True,True,True,True,False,False,True,False,True,False
True,True,True,True,False,True,False,True,True,False
True,False,False,True,True,True,True,False,False,False
False,True,True,True,False,False,False,True,False,False
False,True,False,False,True,True,False,False,False,False
False,False,False,True,False,False,False,True,True,True
True,False,True,False,False,False,True,False,True,False
False,False,True,False,True,True,True,True,True,False
False,False,True,False,True,False,False,True,True,True
False,True,True,True,False,True,False,True,False,True
True,False,True,True,True,False,True,True,False,True
True,True,False,True,False,True,True,False,False,False
False,False,True,True,True,False,False,False,True,True
True,False,False,True,False,False,False,True,True,False
False,True,True,True,True,True,False,True,True,True
True,False,True,True,True,True,False,True,False,False
True,False,True,True,False,False,True,False,True,False
True,False,True,True,True,True,False,False,False,True
True,True,True,True,True,True,True,False,False,True
True,False,True,True,False,True,True,False,True,True
True,True,False,True,False,False,True,True,True,True
True,False,True,False,True,False,True,False,False,False
False,False,False,True,True,True,False,False,False,False
True,True,True,True,False,True,False,False,True,True
False,False,False,False,True,False,False,True,True,True
False,False,True,False,True,True,False,True,False,True
False,False,False,True,True,False,True,False,False,True
False,True,True,True,True,False,True,True,True,False
True,False,True,False,True,False,True,True,False,True
True,True,False,False,False,True,False,False,False,True
False,False,False,True,True,False,True,False,False,False
True,True,False,False,True,False,False,True,False,True
False,False,True,True,True,False,True,False,True,True
True,True,True,False,False,True,False,True,True,False
False,True,False,True,False,True,True,True,True,True
True,True,True,True,True,True,True,True,True,False
False,True,True,False,True,True,False,False,True,True
False,True,False,False,True,True,False,False,False,True
False,False,True,False,True,False,False,True,False,True
True,False,False,True,True,False,True,True,False,False
False,True,True,True,False,True,True,True,True,True
True,True,False,True,True,False,False,True,False,False
False,False,True,True,False,False,False,False,False,True
True,True,True,True,True,True,True,True,True,False
True,False,True,False,True,True,False,True,False,False
False,False,True,True,False,False,False,False,False,False
False,True,False,True,False,True,True,False,True,False
True,False,False,False,True,False,True,True,False,False
True,True,True,False,True,False,True,True,False,False
False,True,False,True,False,True,False,False,False,False
False,True,True,False,True,False,True,False,False,True
True,False,False,True,True,True,False,True,False,True
False,True,True,True,False,True,True,True,True,False
False,True,True,False,True,False,True,False,True,True
False,True,True,True,False,False,True,True,False,False
True,False,False,False,True,False,False,False,True,True
True,True,True,True,False,False,False,False,True,True
False,True,False,True,False,False,False,True,False,True
True,True,False,False,True,False,True,True,True,True
True,True,True,True,True,False,True,False,False,True
False,False,False,False,False,False,True,True,False,True
False,False,True,False,False,False,True,False,False,True
False,False,False,True,True,True,False,False,True,False
True,True,True,True,True,True,True,True,False,False
True,True,False,True,True,False,True,True,False,False
True,True,True,False,False,True,True,True,False,True
True,True,True,True,True,False,False,True,False,True
True,True,False,False,False,True,False,False,False,True
True,False,False,True,False,False,False,False,False,True
True,False,True,True,False,False,False,True,False,False
True,True,False,True,True,True,False,True,False,True
False,False,False,True,True,False,True,True,False,True
True,False,False,True,True,False,False,True,False,True
False,True,True,False,False,False,True,False,False,False
False,True,False,False,False,True,False,False,True,True
False,False,True,True,False,True,False,False,True,False
False,False,True,True,False,True,False,True,True,False
False,True,True,False,True,True,False,False,True,True
False,False,False,False,True,False,True,False,True,True
False,True,False,True,True,True,True,False,True,False
True,False,False,True,False,False,True,True,True,False
True,False,True,True,True,True,True,True,False,False
False,False,False,False,True,False,True,True,True,False
False,True,True,True,True,False,True,True,False,False
False,False,False,False,True,True,False,True,True,False
False,False,True,True,False,False,False,True,False,True
False,False,False,True,False,False,True,False,True,True
False,False,True,True,True,True,False,True,False,False
True,True,True,True,False,False,False,True,False,False
False,True,False,False,False,True,True,False,True,False
True,True,False,False,True,False,True,True,True,True
False,True,True,True,True,True,True,False,False,True
True,True,False,True,False,True,False,False,True,True
True,False,True,True,False,True,False,True,False,True
False,False,False,False,False,False,False,False,True,True
True,False,True,True,False,True,True,True,True,False
False,True,False,False,True,True,False,True,False,True
True,True,False,False,False,True,False,True,False,True
False,True,True,False,False,False,True,True,True,True
True,False,True,False,True,True,True,False,True,True
False,False,True,False,False,True,False,False,True,False
False,False,False,False,False,False,True,True,False,True
True,True,False,False,True,False,False,True,True,False
False,False,False,False,True,True,True,False,False,True
False,True,False,False,True,False,True,True,True,True
False,False,False,True,True,False,False,True,True,False
True,True,False,False,True,False,True,False,False,False
True,False,True,False,False,False,True,False,True,True
False,True,False,True,False,False,False,True,False,True
True,False,False,False,False,False,False,True,False,False
False,True,False,True,True,True,False,False,False,False
False,True,True,True,True,True,False,True,False,True
True,True,False,False,True,True,True,False,True,True
False,True,False,True,True,True,False,True,True,True
False,False,False,False,False,True,False,True,True,True
True,True,True,False,False,False,True,True,False,True
True,False,False,True,False,False,False,False,True,False
True,True,True,True,False,False,False,True,True,False
True,False,False,False,True,False,False,False,False,True
False,False,True,False,True,True,False,False,True,False
False,True,False,False,True,True,True,False,True,False
False,False,False,True,False,True,False,False,True,True
True,True,False,True,False,True,True,False,False,True
True,False,True,False,True,False,True,False,False,False
False,True,True,False,False,True,True,False,True,False
False,False,True,True,True,False,False,False,True,False
True,True,True,False,False,False,True,False,False,True
False,False,False,True,False,True,True,True,False,True
False,False,False,True,False,False,False,False,False,False
False,False,False,True,True,True,True,True,False,True
False,True,True,True,True,False,False,False,True,True
False,True,True,False,True,False,True,True,True,False
True,True,True,False,True,True,True,False,False,True
False,True,False,True,True,True,True,True,True,False
True,False,False,True,True,True,True,True,True,False
True,False,False,False,False,True,True,False,False,False
False,False,False,True,True,False,False,True,True,False
True,False,True,False,True,False,True,False,False,True
True,True,True,True,True,False,False,False,True,True
True,True,True,True,True,True,False,True,False,False
False,True,False,True,False,True,True,False,False,True
True,True,True,True,True,True,False,True,True,True
False,True,True,False,True,False,True,False,False,False
True,True,False,False,True,True,False,False,False,True
False,False,False,True,True,True,True,True,True,False
True,True,True,False,False,True,True,True,True,False
False,False,False,True,False,False,False,False,False,False
False,False,False,True,False,False,False,True,False,True
False,False,False,False,True,False,True,True,False,True
True,False,False,False,False,False,True,True,False,False
False,False,False,False,False,False,False,False,False,False
False,True,True,False,False,False,False,False,False,False
True,True,True,True,False,True,False,True,True,False
True,False,False,True,False,True,False,False,True,True
False,False,False,True,False,True,True,False,False,False
False,True,True,True,True,False,False,False,True,True
True,False,True,False,True,False,False,False,True,True
False,True,True,True,True,False,True,False,False,True
False,True,False,False,True,True,True,False,True,False
False,False,True,False,False,True,True,False,True,False
False,False,False,False,False,False,True,True,False,False
False,True,True,True,False,False,False,False,True,True
True,True,False,True,True,False,True,True,False,False
False,False,False,True,True,False,False,True,False,False
True,False,True,False,True,True,True,True,False,False
False,True,True,True,False,False,False,True,False,False
True,False,False,False,True,True,False,False,True,True
False,True,True,True,True,False,True,False,True,True
True,False,True,True,False,False,False,True,False,False
False,True,False,False,True,True,False,False,True,True
False,True,False,True,True,True,False,True,True,True
False,False,True,True,False,False,False,False,False,False
True,False,True,True,False,True,True,False,False,False
True,True,False,False,True,False,False,True,True,False
True,False,True,True,True,False,False,True,True,True
False,True,True,True,True,True,False,False,True,False
True,False,False,True,False,False,False,True,False,False
True,False,True,False,False,True,False,False,True,True
True,False,True,False,True,True,True,False,False,True
True,False,True,False,False,True,True,False,False,False
False,False,False,False,False,True,False,False,True,True
False,True,True,False,True,False,True,True,True,True
True,False,True,True,False,False,True,False,True,False
True,False,False,False,True,False,False,False,True,True
False,True,True,True,True,False,True,False,False,True
False,False,False,True,False,False,True,False,True,False
True,False,False,True,True,True,True,False,True,False
False,True,False,True,False,True,False,True,False,False
False,False,False,False,False,False,True,False,True,True
True,False,False,True,False,False,True,False,True,True
False,True,True,True,True,False,True,True,False,True
False,True,False,False,True,False,False,True,False,True
True,False,True,True,False,False,False,True,False,False
False,True,True,True,True,True,False,False,True,False
False,False,True,False,True,True,False,False,False,False
True,False,True,False,True,True,True,False,False,False
False,False,False,False,True,True,True,False,True,False
True,False,False,False,False,True,False,False,False,True
False,True,True,True,False,False,True,False,True,True
False,True,False,False,False,False,True,False,True,False
True,True,True,True,False,False,False,False,True,False
True,True,False,True,False,False,False,False,False,True
True,True,False,True,True,False,True,True,True,False
True,False,True,False,True,False,False,True,True,False
True,True,True,True,True,True,True,False,True,True
True,True,True,True,False,False,False,True,False,False
False,True,False,False,True,False,False,False,True,False
True,False,True,True,True,False,True,True,True,True
False,False,False,True,True,False,False,True,False,True
False,False,True,False,False,True,False,True,True,False
False,True,True,True,False,True,False,True,True,True
True,False,False,False,True,True,True,False,True,False
False,False,True,False,False,False,True,False,True,False
False,True,False,True,True,True,True,True,True,True
False,True,False,False,True,False,False,False,False,False
False,True,True,True,False,True,False,False,True,True
True,False,True,False,True,False,False,False,True,False
True,True,True,True,True,True,True,True,False,False
True,False,False,True,True,True,True,True,False,False
False,False,False,False,True,True,True,True,False,True
False,True,False,False,False,True,False,True,False,False
False,False,True,True,False,False,False,False,False,True
False,True,True,False,False,True,False,True,True,True
True,False,False,True,True,True,False,False,True,False
True,False,True,False,True,False,True,True,False,False
False,True,False,False,False,False,False,False,False,False
True,False,False,True,True,False,True,True,True,True
False,False,False,False,True,False,True,False,False,True
False,False,True,True,False,True,False,False,False,True
False,True,True,True,True,False,False,True,False,True
False,True,True,False,True,False,False,False,False,True
True,False,False,False,True,True,True,True,False,True
True,False,False,True,True,False,True,True,True,True
False,True,False,False,True,False,True,False,True,False
True,False,True,False,False,False,True,True,False,True
True,True,False,False,False,False,True,False,True,True
True,True,True,True,False,True,True,False,True,False
True,True,True,True,False,True,True,False,False,True
True,True,False,True,True,False,False,False,True,True
False,False,True,False,False,True,True,True,True,True
True,True,True,True,True,False,False,True,True,True
True,False,True,False,True,True,False,True,False,False
False,False,True,False,True,False,True,True,False,False
False,True,True,False,False,True,True,False,True,True
False,False,True,True,True,True,False,True,True,False
False,True,False,True,False,True,False,True,False,True
False,True,False,True,True,True,True,False,True,True
True,True,False,True,True,True,True,False,True,True
False,True,False,False,False,True,False,True,True,False
False,False,True,False,False,True,True,True,True,False
True,True,True,False,False,True,False,True,False,True
False,True,False,False,True,False,False,False,False,True
False,True,False,False,True,False,True,False,True,True
True,True,True,False,True,True,False,True,True,True
True,False,True,False,True,False,True,True,True,False
True,True,True,True,False,True,True,False,True,True
False,True,False,True,True,False,True,False,True,False
False,False,True,False,False,False,False,False,False,False
False,False,False,True,True,True,True,False,True,True
True,False,True,True,False,True,True,False,False,True
True,False,True,True,True,False,True,True,True,True
False,True,True,False,False,True,False,True,False,False
True,True,False,True,True,False,True,False,True,False
True,True,True,False,False,True,False,True,False,True
True,False,True,True,False,False,False,True,False,False
True,False,True,True,True,False,True,False,False,True
False,True,False,False,True,True,False,False,False,False
False,False,True,False,True,False,True,False,False,True
False,True,False,True,False,True,False,False,True,False
True,True,True,False,False,True,True,True,True,True
True,True,False,False,True,False,True,True,True,True
False,True,True,True,False,False,False,True,False,False
False,True,False,False,True,False,False,True,True,True
False,False,True,False,True,True,False,False,True,False
True,False,False,True,False,True,False,True,False,False
False,False,False,False,True,True,True,True,False,False
False,False,True,True,True,True,True,True,False,True
False,False,True,False,False,False,True,True,False,True
True,False,True,True,True,False,False,True,True,False
False,True,False,True,True,False,False,True,True,True
True,False,True,True,False,False,False,False,True,False
False,True,True,True,True,False,True,False,False,False
True,False,False,False,False,False,False,False,False,False
True,False,False,True,True,True,False,True,False,False
False,True,True,False,True,False,False,True,True,False
False,False,True,False,True,False,False,False,True,True
True,True,True,False,True,True,True,True,True,True
False,False,False,True,False,True,False,True,False,True
True,False,True,False,True,False,True,False,False,False
True,True,False,True,False,False,False,False,False,False
False,True,False,False,False,False,False,True,True,False
False,True,True,False,False,True,True,True,False,True
False,True,False,False,True,True,False,True,False,True
False,True,True,False,False,False,False,False,True,True
True,False,True,True,False,False,True,False,False,False
False,False,False,True,True,False,False,True,False,False
True,False,False,True,False,True,False,True,True,True
True,False,True,True,True,False,False,True,False,True
False,True,True,False,False,False,True,False,True,True
True,True,False,True,True,False,True,True,True,True
False,True,True,True,False,False,False,False,False,False
False,False,False,False,False,False,True,False,False,False
True,True,True,False,False,True,False,False,True,False
True,False,False,False,False,True,True,False,True,True
True,False,True,True,False,True,True,True,False,True
False,True,True,False,True,True,True,True,True,False
True,True,False,False,True,True,False,False,False,True
False,False,True,False,False,True,True,False,True,False
False,False,False,False,False,False,True,True,True,False
False,False,False,True,True,True,False,False,False,False
True,False,True,False,True,False,False,False,False,True
True,True,False,True,False,False,True,True,True,False
False,True,True,False,True,False,True,True,True,True
False,False,True,False,True,False,True,False,False,False
True,True,False,False,False,False,True,True,False,False
False,True,True,True,True,False,True,False,True,False
False,False,False,False,False,True,True,False,False,True
True,True,True,False,False,True,True,True,True,True
False,False,False,False,False,True,False,False,False,True
True,True,False,True,True,True,False,False,True,True
True,False,False,False,False,True,True,False,False,False
True,False,False,False,True,True,False,False,False,False
False,False,True,True,True,True,False,False,True,True
True,True,True,True,False,False,False,True,False,False
True,False,False,False,True,True,True,True,True,False
False,False,False,False,True,False,True,True,False,True
True,True,False,True,False,False,False,False,True,True
False,True,False,False,False,True,True,False,False,False
True,True,True,False,True,True,True,True,True,False
True,True,False,True,True,True,True,True,True,True
False,False,True,False,True,False,True,True,True,True
True,False,False,False,True,True,False,True,False,False
False,False,False,True,True,True,True,False,True,True
True,False,True,False,True,False,False,True,True,True
False,False,True,False,True,False,False,True,False,True
False,False,False,True,True,True,True,True,True,False
True,True,True,False,True,False,True,True,True,False
True,True,True,True,False,False,False,True,False,True
True,False,False,False,True,False,False,True,True,False
False,False,False,False,False,False,False,True,True,True
True,True,False,False,True,True,True,False,True,False
True,True,True,False,True,True,True,True,True,True
True,False,False,True,False,False,False,True,False,False
False,True,False,True,True,False,True,False,True,False
False,True,False,True,True,True,False,True,False,True
True,False,True,True,True,False,False,False,True,True
False,False,False,True,True,False,True,True,False,True
True,False,True,True,False,True,False,True,True,True
True,False,False,True,True,True,True,False,False,True
True,True,False,True,False,False,True,False,True,False
False,False,True,False,False,False,False,True,False,False
True,False,True,True,False,False,True,True,True,True
False,False,False,True,True,False,True,True,False,False
False,False,True,False,False,True,True,True,True,True
False,False,False,False,False,True,True,False,True,False
False,False,True,True,False,True,False,True,True,True
False,False,False,True,True,True,False,True,True,False
False,True,False,False,False,True,False,False,True,True
True,False,False,False,True,False,True,True,False,True
True,True,True,False,False,False,False,False,True,False
False,True,True,True,False,False,False,True,True,False
True,True,False,True,False,False,True,True,True,True
False,False,True,False,False,False,False,False,True,False
True,False,False,False,True,True,True,True,False,True
True,False,True,False,False,False,False,True,False,False
True,True,True,False,True,False,False,True,True,True
True,True,True,True,True,False,False,False,False,True
False,True,True,False,False,False,False,False,True,True
False,False,True,True,True,False,True,True,False,False
False,False,True,False,True,False,True,True,False,False
True,False,False,True,True,True,True,False,False,True
False,False,True,False,True,False,False,True,True,False
True,False,False,True,False,True,True,True,True,True
True,True,False,False,False,False,True,True,False,True
True,False,False,False,False,True,True,False,False,True
True,False,True,True,True,True,False,True,False,True
False,True,False,True,True,True,True,True,True,False
True,True,False,True,False,False,False,False,False,False
False,True,False,True,False,True,True,False,True,True
False,False,True,False,True,True,False,True,True,True
True,True,True,False,True,False,False,False,False,True
False,False,False,False,False,True,True,False,False,True
False,False,True,False,True,False,True,False,True,True
False,True,True,False,True,False,False,False,True,True
True,False,True,False,False,False,True,True,False,True
False,False,False,False,False,True,False,True,True,True
False,False,False,False,True,True,False,True,False,False
True,True,False,True,True,False,True,False,False,True
True,False,True,False,False,False,True,False,False,False
False,False,False,True,True,False,False,False,False,True
True,False,True,True,False,False,False,False,False,True
True,False,False,False,True,True,True,True,False,True
False,False,False,False,False,True,True,False,False,True
False,True,False,True,False,False,True,True,False,True
False,False,True,False,True,False,True,False,False,True
False,True,False,False,False,True,True,False,True,True
True,False,True,False,False,True,True,True,False,True
False,True,False,False,True,False,True,False,True,False
True,False,True,False,False,True,False,True,False,False
False,True,True,True,True,True,True,True,False,False
False,True,True,True,False,False,True,False,True,True
False,True,False,True,True,False,True,True,True,True
True,True,False,False,False,True,True,False,False,False
True,True,True,True,False,True,True,True,False,False
False,True,False,True,False,False,True,False,False,False
True,True,False,True,True,False,True,True,False,True
False,True,False,True,False,True,False,True,True,False
True,True,False,False,True,False,False,True,True,False
False,True,True,True,False,True,True,False,True,False
True,False,False,True,False,False,False,True,False,False
True,False,False,False,True,False,False,True,True,True
True,False,True,False,True,True,True,False,False,False
True,False,True,False,False,False,True,True,True,True
False,True,True,True,True,False,True,True,True,False
True,False,False,True,True,True,True,True,True,False
False,True,True,False,False,True,False,False,True,False
True,False,True,True,False,False,False,True,True,False
False,False,False,True,True,False,True,False,True,True
True,True,True,True,True,False,False,False,False,True
True,True,True,False,True,False,True,True,True,True
False,False,True,True,True,False,False,False,True,False
True,False,True,True,False,False,True,True,False,True
True,True,True,True,True,True,True,False,False,False
False,False,False,False,False,False,False,True,True,True
True,False,True,True,True,True,False,True,False,True
False,False,True,True,False,True,False,False,False,True
True,True,False,False,False,True,False,False,True,True
False,True,False,False,True,True,False,True,True,True
False,False,False,False,False,True,False,False,True,True
True,True,True,True,True,True,False,True,True,False
False,True,True,False,False,True,False,True,True,False
True,False,True,False,False,False,True,True,True,True
True,False,True,False,True,True,True,True,False,False
True,False,False,False,False,False,True,False,False,True
False,True,True,False,False,True,False,True,True,True
False,False,False,False,True,False,False,True,False,False
True,False,True,False,True,False,True,False,False,True
False,True,True,True,False,True,True,False,True,True
False,False,True,False,True,False,True,False,False,True
True,True,False,False,False,True,True,True,True,False
True,False,False,False,True,False,False,False,False,True
True,True,True,False,True,True,False,False,False,True
True,True,True,False,True,True,True,False,False,False
True,True,True,False,True,False,False,False,False,True
False,False,True,True,False,False,True,False,False,False
True,True,True,True,True,True,True,True,True,True
True,True,False,True,True,False,True,False,True,True
True,False,True,False,True,True,True,False,True,True
False,False,False,True,True,True,True,False,True,True
True,False,False,False,False,True,False,False,True,True
False,True,True,False,False,False,False,True,False,True
True,False,False,False,True,True,False,False,True,False
True,True,True,False,True,False,False,False,True,False
True,False,False,True,True,True,False,True,False,False
False,False,True,True,True,True,False,True,False,True
False,False,True,True,False,True,True,False,True,False
True,True,False,False,True,True,False,False,True,False
False,False,False,True,True,False,False,False,True,True
True,False,False,False,True,False,True,False,False,True
False,False,False,False,True,True,True,False,True,False
True,False,False,True,False,True,True,False,False,True
True,False,False,True,False,True,False,False,True,False
False,False,False,False,False,False,True,True,True,False
True,False,False,False,True,False,False,False,False,False
False,True,True,False,False,False,False,True,False,True
False,True,True,True,False,False,True,False,True,True
True,False,True,False,True,False,True,True,True,True
False,False,False,False,True,True,True,False,True,False
True,True,True,False,True,True,True,False,True,True
False,False,True,False,True,True,False,True,False,True
True,False,False,True,False,False,False,True,False,False
True,False,True,True,False,False,False,True,True,False
False,True,False,False,False,True,True,False,False,False
False,False,False,False,False,False,True,True,True,False
False,False,True,False,False,False,True,True,True,False
True,True,True,True,False,True,True,True,True,False
True,True,False,False,True,True,False,False,True,False
True,True,True,True,True,False,False,False,True,True
False,False,False,True,False,False,True,False,False,False
True,False,True,True,True,False,False,False,False,False
False,False,False,True,True,False,False,False,False,False
False,True,True,True,False,True,True,True,False,True
True,True,True,True,True,True,True,False,True,False
False,True,True,True,True,False,False,True,False,False
False,False,False,False,True,True,False,True,False,True
False,True,True,False,True,True,True,False,True,False
True,True,False,True,False,True,False,False,False,True
False,True,True,False,True,False,True,False,True,True
True,False,False,False,False,False,False,False,False,True
True,True,False,False,True,True,True,True,False,True
True,False,False,False,False,True,False,False,True,False
False,True,False,False,True,True,False,True,False,False
True,False,True,False,True,False,True,False,False,True
True,True,False,True,True,False,False,False,False,True
False,False,False,True,False,False,True,True,False,True
True,True,True,False,False,True,False,True,False,False
False,True,True,False,True,False,True,True,False,True
False,True,False,False,True,True,True,False,True,False
False,True,True,True,True,True,True,True,True,False
False,True,True,True,False,False,True,False,False,False
True,False,True,True,True,False,False,True,True,False
False,False,False,True,False,True,False,True,False,False
True,False,True,True,False,False,False,True,False,True
True,False,True,True,False,False,True,True,True,False
True,True,True,True,False,True,True,True,False,False
True,False,False,True,True,True,True,False,False,False
False,True,True,False,False,True,False,True,False,True
False,False,False,False,True,False,True,True,False,False
False,False,True,False,True,True,True,True,True,True
True,True,False,False,False,False,False,False,True,False
False,False,True,True,True,True,False,False,False,False
True,False,False,True,False,True,True,True,False,False
False,False,False,False,True,False,True,True,True,True
False,True,True,True,True,False,False,True,True,True
False,True,True,False,False,True,True,False,True,False
True,False,False,False,True,True,False,False,False,True
False,False,True,False,True,False,True,True,False,True
False,True,False,True,False,False,True,True,True,False
True,False,True,True,False,True,True,False,False,False
True,False,True,True,False,True,True,True,False,False
False,True,True,True,True,True,True,False,False,False
False,True,False,False,True,True,False,False,False,False
True,True,False,True,False,True,False,True,False,False
False,True,True,True,False,False,False,True,True,False
False,True,False,True,False,True,True,True,False,False
False,True,False,True,True,False,True,True,False,False
False,True,False,True,True,True,True,True,False,True
False,True,False,True,False,False,False,False,True,False
True,True,True,True,False,False,False,False,False,True
False,False,True,True,True,True,True,False,True,False
False,True,False,True,True,False,False,True,True,False
False,True,True,True,True,True,True,True,False,True
False,True,True,False,True,True,True,False,False,False
False,True,False,True,False,True,False,False,False,True
True,True,False,True,False,False,False,False,False,True
True,False,False,False,False,True,True,False,False,True
False,True,True,True,True,False,False,True,False,False
False,False,False,False,True,False,True,True,True,True
False,False,True,True,False,True,False,False,True,False
True,False,False,True,False,True,True,True,False,True
False,False,False,False,False,False,True,True,False,True
False,True,True,False,True,True,True,False,True,False
False,True,True,False,False,False,False,False,True,False
False,True,True,True,False,True,False,False,False,False
False,False,True,False,False,True,False,True,False,False
True,True,True,False,True,True,True,True,True,False
False,False,True,True,False,False,True,True,False,True
False,True,False,False,False,True,False,False,True,True
False,True,False,True,False,False,True,False,False,True
True,False,False,True,True,True,True,True,True,False
True,False,True,True,False,False,True,False,False,True
True,False,True,False,True,True,False,True,True,True
True,True,True,False,True,False,True,False,True,True
False,True,True,False,False,True,True,False,True,True
False,True,True,False,True,False,True,False,False,False
False,True,False,True,True,False,True,False,False,True
True,False,True,False,True,True,True,True,True,False
False,True,True,False,False,True,False,False,False,True
False,True,False,True,False,False,True,False,True,True
False,False,False,False,True,False,False,False,True,True
False,True,True,False,True,True,True,False,False,True
False,True,True,True,False,True,False,False,False,False
False,False,True,False,False,True,True,False,True,True
False,False,True,True,True,False,True,True,True,False
False,False,True,False,False,False,True,True,False,True
True,False,False,True,True,False,False,False,True,False
False,False,False,False,True,False,True,False,True,False
False,True,False,True,True,True,True,False,True,True
False,False,True,False,True,False,True,True,False,False
True,False,False,True,False,False,True,False,False,True
True,True,True,False,True,True,True,True,True,True
True,True,True,False,True,False,True,False,True,False
True,False,True,False,True,True,True,False,False,True
False,True,False,False,True,True,False,False,True,False
False,True,False,False,True,True,True,True,True,True
False,True,False,False,True,False,False,False,False,True
True,False,False,True,True,True,True,False,True,True
True,False,False,False,True,False,True,True,False,True
False,True,False,True,False,False,True,False,False,True
True,True,False,True,True,True,False,False,False,True
True,True,True,False,False,False,True,False,False,False
False,False,True,False,True,True,False,True,False,True
True,True,False,True,True,True,False,False,False,True
False,True,True,False,True,True,False,False,False,True
True,False,False,False,True,True,True,False,False,False
True,False,False,False,False,True,False,True,True,False
False,True,True,True,True,True,True,True,True,False
True,True,False,True,False,True,True,False,True,True
True,True,False,True,False,True,False,True,True,False
False,True,False,True,False,False,True,True,True,True
True,True,True,False,False,False,False,False,True,False
False,False,False,False,False,False,False,True,True,False
True,True,False,False,True,False,False,True,False,False
False,False,True,True,True,False,False,False,False,False
False,False,False,True,False,True,True,False,True,True
False,True,True,False,True,True,True,True,False,True
True,True,True,True,True,True,True,False,False,False
False,True,False,False,False,True,False,False,False,False
False,True,False,True,False,False,True,False,False,False
True,False,True,True,True,True,True,True,True,False
True,False,False,False,True,True,False,False,False,False
True,False,True,True,False,True,False,False,False,False
True,False,True,True,False,False,False,False,True,True
True,True,False,False,True,False,False,False,False,True
True,True,True,True,True,False,True,False,False,False
False,False,False,True,False,True,False,True,True,False
True,False,True,True,False,True,False,True,False,True
True,True,False,False,True,False,True,True,False,True
True,False,False,False,False,True,False,False,False,False
True,True,True,False,True,True,False,False,False,False
True,True,False,False,False,False,True,True,False,False
True,False,True,False,False,True,False,False,False,False
True,False,True,False,True,False,False,False,False,False
False,True,True,False,False,True,True,True,True,False
False,True,True,False,False,True,True,False,False,True
False,True,False,True,False,True,False,True,True,True
False,True,False,True,False,True,True,False,False,True
False,True,False,True,True,True,True,True,False,False
False,False,False,True,False,False,True,True,False,False
False,False,True,True,True,True,True,True,False,False
True,True,True,True,False,False,True,True,False,False
False,False,False,False,False,False,False,True,True,False
False,False,False,False,False,False,True,True,True,True
True,True,True,False,True,False,False,False,False,True
True,True,False,True,True,False,True,False,False,True
True,False,True,True,False,True,False,False,True,False
False,True,True,False,True,True,True,True,False,False
False,True,True,True,False,True,True,False,True,True
True,False,False,True,True,True,False,True,False,True
False,False,False,False,True,False,False,True,True,True
False,False,False,False,True,True,False,False,True,False
True,False,False,True,False,True,False,False,False,False
False,True,True,False,False,True,True,True,True,True
False,False,True,False,True,True,True,True,False,False
True,False,False,True,True,False,False,False,True,True
True,True,True,True,False,False,True,True,True,False
True,True,True,True,True,False,False,True,False,True
False,True,True,True,False,False,True,False,True,True
True,False,True,True,False,True,False,False,False,False
True,False,False,False,True,True,False,False,True,False
False,False,False,True,True,False,False,False,True,True
True,True,True,True,False,True,False,True,False,False
True,True,True,True,False,True,False,False,False,True
False,False,False,True,True,True,True,True,False,True
True,False,False,True,True,True,False,True,True,True
False,True,True,False,False,False,True,True,False,True
True,False,True,True,False,True,True,False,True,True
True,False,False,False,False,True,True,False,True,False
False,False,False,False,False,True,False,False,True,False
True,False,True,False,True,True,False,False,True,False
False,False,False,False,True,False,True,True,True,False
True,True,True,True,True,True,False,False,True,False
False,True,True,False,True,True,True,False,True,False
True,False,True,False,True,True,False,True,True,True
True,True,True,False,False,False,False,False,True,False
False,False,False,True,True,True,False,True,True,False
True,True,True,False,True,False,True,True,False,False
False,True,True,True,True,True,True,False,False,True
False,False,True,True,True,False,True,False,False,True
False,True,True,False,True,True,False,True,False,True
True,True,True,False,False,False,True,False,True,False
True,True,False,True,True,True,True,False,True,False
True,True,False,True,False,False,False,True,False,False
False,False,True,False,False,False,True,False,True,False
True,False,True,True,True,True,False,False,False,True
False,True,False,True,True,False,True,False,True,True
True,False,False,True,True,False,True,False,True,True
True,False,True,False,False,False,False,False,True,True
True,True,True,False,False,True,True,False,True,True
True,True,True,True,False,True,True,False,True,False
True,False,False,False,False,False,False,False,True,True
True,False,True,False,True,True,False,False,True,False
False,True,False,True,True,False,False,True,False,False
True,False,False,False,True,True,True,False,False,True
True,False,True,True,True,True,False,True,False,True
True,True,True,False,True,False,False,True,True,False
True,True,True,False,True,True,True,True,True,True
True,True,False,False,True,False,False,True,True,False
True,True,True,False,True,True,True,False,True,True
True,True,False,False,True,True,False,False,False,False
False,True,True,True,True,True,True,True,False,False
False,False,False,False,False,True,True,True,False,False
False,True,True,False,False,False,False,False,False,False
True,True,True,True,False,False,False,True,True,False
False,True,False,True,True,False,True,False,False,True
False,False,False,False,False,False,True,False,True,False
True,False,False,False,True,False,False,False,True,True
False,True,False,True,True,False,False,False,True,False
True,True,False,True,True,False,True,False,False,True
True,True,False,False,False,True,True,False,False,True
True,True,True,True,False,False,True,True,True,False
False,True,True,False,True,True,False,False,True,True
False,True,False,False,False,True,True,True,False,True
False,True,False,False,True,True,False,False,True,False
False,False,True,True,True,True,False,True,True,True
True,True,False,True,True,True,True,True,True,True
True,False,True,True,True,False,False,True,True,True
False,True,False,True,False,False,True,False,False,False
False,False,False,False,False,False,False,True,False,True
True,True,False,False,False,True,True,True,True,True
True,True,False,True,True,True,False,False,True,False
False,True,False,False,True,False,False,False,True,False
True,False,False,False,True,False,True,True,True,True
False,True,True,True,False,False,False,True,False,False
False,False,False,False,True,True,True,False,True,True
False,True,True,True,False,True,False,False,True,False
False,False,False,True,True,True,True,False,False,False
False,True,True,False,True,True,False,False,True,False
True,True,False,True,False,True,True,True,True,False
False,True,True,False,True,False,False,True,True,False
False,False,True,False,True,False,True,False,True,False
True,True,False,True,True,True,False,False,False,True
False,False,True,True,True,True,False,True,False,False
True,True,True,True,False,True,False,False,False,True
False,True,False,True,True,False,True,True,True,True
True,False,False,False,True,True,False,False,True,False
False,False,True,False,True,True,False,True,True,False
True,False,False,True,False,True,False,True,False,False
True,False,True,True,False,True,False,True,True,True
False,True,True,False,False,False,True,False,True,False
True,False,True,False,False,False,False,True,True,True
True,False,True,False,True,False,True,False,True,True
False,True,True,False,True,True,True,False,False,True
False,True,True,True,True,True,False,False,True,True
False,True,False,False,False,True,False,True,True,True
False,True,True,True,True,True,False,True,True,True
True,True,False,False,False,False,True,True,False,True
True,False,True,True,True,False,False,False,True,False
True,True,True,False,True,True,False,True,True,False
True,False,True,False,True,False,False,False,True,False
True,True,False,True,False,True,True,False,True,True
False,True,True,True,True,False,True,False,False,True
False,True,False,False,True,False,False,False,True,False
False,True,False,False,True,False,False,True,False,False
True,False,False,False,False,True,False,True,False,True
False,True,True,False,False,True,True,False,True,True
False,True,True,True,False,True,False,True,False,False
True,False,True,True,True,False,True,True,True,True
False,True,True,True,True,True,True,True,True,True
False,True,True,False,False,False,False,True,False,True
True,True,False,False,False,False,False,False,False,False
False,True,True,True,True,False,True,False,False,False
False,False,True,True,False,True,True,False,True,True
True,True,True,True,True,False,True,True,False,True
True,False,True,False,False,False,True,True,False,True
False,True,False,False,True,True,True,True,False,True
False,False,True,True,True,True,True,True,True,False
True,True,False,False,False,False,False,False,True,True
True,True,True,True,False,False,False,True,True,False
True,True,False,True,True,False,False,False,True,True
False,False,False,False,True,False,False,False,False,True
False,False,True,False,False,False,False,True,False,False
True,False,True,True,True,False,True,True,True,True
False,False,True,False,True,False,True,False,False,True
False,True,True,False,False,False,True,True,False,False
False,False,True,False,False,True,True,True,False,True
True,False,False,True,False,True,True,True,True,True
True,False,True,True,True,True,True,False,True,False
True,True,False,True,False,True,True,False,False,False
True,False,False,False,True,False,True,False,False,False
True,True,False,True,False,True,True,False,False,True
False,True,False,False,False,True,True,True,False,False
True,True,True,True,True,True,True,True,True,True
False,True,True,True,True,False,True,True,False,True
True,False,False,False,False,True,True,False,False,False
True,True,False,True,True,True,False,True,True,False
True,True,True,True,False,True,False,True,False,False
True,False,True,True,True,True,False,True,False,True
True,True,True,False,True,False,True,True,True,False
True,False,True,False,True,False,False,True,False,False
True,False,False,False,False,True,False,False,True,True
False,True,False,True,False,True,True,False,False,True
True,True,False,True,False,False,False,False,False,True
True,False,False,False,True,True,True,True,False,False
True,True,False,True,True,True,True,False,True,False
True,False,False,False,True,False,False,False,False,True
True,True,True,False,False,False,True,False,True,True
False,True,False,False,False,False,False,True,True,True
False,False,False,True,False,False,False,True,False,True
True,False,False,False,False,False,True,True,False,True
True,True,True,False,False,False,True,False,True,True
False,False,False,False,True,True,True,True,True,False
False,True,False,False,True,True,True,True,False,True
False,True,False,True,False,True,False,False,False,True
False,False,False,True,False,True,True,True,False,False
False,True,False,False,False,True,True,True,True,True
True,True,False,False,True,False,False,True,True,True
False,False,False,False,False,False,False,False,False,True
True,False,True,False,True,False,True,False,True,True
False,False,False,False,False,False,False,False,True,False
False,True,False,False,True,False,False,True,True,True
False,False,True,True,False,True,True,True,False,False
False,True,True,True,True,False,False,False,True,False
True,False,True,False,True,True,False,True,True,False
False,False,True,True,True,False,True,False,False,False
False,False,True,True,False,False,False,False,True,False
False,False,False,False,False,True,False,True,False,True
False,False,False,False,False,True,False,True,False,False
False,True,True,False,False,False,True,False,True,True
True,True,True,False,False,True,False,True,False,False
True,False,True,True,True,False,True,True,False,False
False,False,False,True,True,True,False,False,False,True
True,True,True,False,False,False,False,True,True,False
True,False,True,True,False,True,False,False,True,False
True,True,False,False,False,False,True,False,True,False
False,True,True,True,True,False,True,False,True,False
False,True,False,False,True,False,False,False,True,False
True,False,False,False,True,False,False,False,True,True
False,False,True,True,False,True,True,False,False,False
True,True,False,False,True,False,False,True,False,False
True,True,True,True,False,False,False,False,True,False
False,False,False,False,False,False,False,True,True,False
True,False,False,True,True,False,True,True,True,False
True,False,False,True,True,True,False,False,False,False
False,True,False,True,False,True,True,False,False,True
True,False,False,True,True,True,False,True,True,True
False,True,True,False,True,False,True,True,True,False
True,True,False,False,True,False,False,False,False,False
True,False,True,False,False,True,True,True,False,False
False,True,False,True,True,False,True,False,False,True
False,False,False,True,False,True,False,True,False,True
True,True,False,False,False,True,False,True,True,False
True,False,False,False,False,False,True,True,True,False
False,True,True,False,False,False,True,True,True,False
False,True,True,True,True,False,True,True,True,True
False,True,False,False,False,True,True,False,True,False
False,True,True,False,True,True,True,True,True,False
True,True,False,True,True,True,False,False,True,False
False,False,True,False,True,True,False,False,False,True
False,True,True,False,True,False,False,False,False,False
False,True,False,True,False,False,True,True,False,True
False,False,True,False,False,True,False,True,False,True
False,False,True,False,True,True,False,False,False,True
False,False,False,False,False,True,True,True,True,False
True,False,False,False,True,False,True,False,True,True
True,True,True,True,True,True,False,False,False,True
False,False,False,False,False,True,False,False,False,False
False,False,False,False,False,True,False,True,True,False
False,True,False,False,True,True,False,True,True,False
True,True,True,True,False,False,False,True,False,False
False,True,True,False,False,False,False,True,True,True
False,False,False,False,False,False,False,True,True,False
True,False,False,True,False,True,True,False,True,False
False,False,True,False,False,False,False,False,True,True
False,True,True,False,False,True,True,False,True,True
True,True,True,True,True,False,True,True,True,True
True,False,True,True,True,False,False,False,False,True
True,True,True,True,True,False,False,True,False,True
True,True,True,True,True,True,True,False,True,False
True,True,False,True,True,True,True,False,False,True
False,True,False,True,False,False,True,True,False,False
True,True,False,True,False,True,False,False,False,True
True,True,True,False,False,True,True,False,True,False
True,True,False,False,True,False,False,False,False,True
True,True,True,True,True,True,True,False,False,False
True,False,True,True,True,False,False,True,True,True
False,False,False,True,True,True,True,True,True,True
True,False,False,False,True,True,False,False,True,False
False,True,False,False,True,True,False,True,True,False
False,False,True,True,False,True,True,False,True,False
False,False,True,True,True,True,False,True,False,True
True,False,False,False,True,True,True,False,True,True
False,False,True,True,False,False,False,False,False,False
False,False,True,False,True,False,False,False,False,True
False,False,False,False,True,False,False,False,True,True
False,True,False,False,True,False,True,False,False,True
True,True,True,True,True,True,True,True,False,False
False,False,False,False,True,False,False,True,False,True
True,True,False,False,False,True,True,True,True,True
True,True,False,False,False,False,False,True,True,True
False,False,False,False,False,False,False,False,False,False
True,True,True,True,True,True,True,False,True,True
False,False,False,True,False,True,True,False,False,True
True,True,False,True,True,True,False,True,False,False
True,False,False,True,False,False,False,True,False,False
False,False,True,False,True,True,False,False,True,False
False,True,False,True,False,True,True,True,False,True
True,False,False,False,True,True,True,True,True,False
False,False,True,False,True,False,True,True,False,True
True,False,False,True,True,True,True,True,True,False
False,True,True,False,False,True,False,True,True,True
False,True,True,False,False,True,False,True,True,False
True,True,False,False,False,True,False,False,False,True
True,True,False,False,True,False,True,False,False,True
False,False,True,True,False,True,False,False,False,True
False,True,True,True,True,False,False,False,False,True
True,False,True,False,False,False,True,True,False,True
True,False,True,False,True,False,True,True,False,False
False,False,True,True,False,False,False,False,True,False
False,False,False,False,False,False,True,False,True,False
False,False,False,False,True,False,False,True,True,True
False,True,True,False,True,True,True,False,True,False
True,False,True,True,True,False,False,True,False,True
True,False,False,False,False,True,False,False,True,False
True,False,False,False,False,True,True,True,False,True
False,True,False,False,True,True,True,True,True,True
True,True,True,True,True,False,True,False,True,True
True,False,True,False,False,True,True,True,True,False
False,True,True,True,True,True,True,False,False,True
True,True,False,False,False,True,True,False,True,False
True,False,True,False,False,False,True,False,False,False
True,False,False,False,True,True,False,True,False,False
True,False,False,True,False,False,True,False,False,False
False,False,False,True,True,False,True,False,True,True
True,False,False,False,True,False,False,False,False,True
True,False,False,False,False,True,True,True,False,True
False,True,False,True,False,True,True,True,True,False
False,True,False,False,False,True,True,True,False,False
False,False,False,True,True,True,False,False,True,False
True,True,False,True,True,False,True,True,True,True
True,True,False,True,False,False,True,True,False,False
False,False,False,False,True,False,False,True,True,False
False,True,False,True,False,False,True,True,False,True
True,False,False,True,True,True,True,False,False,False
True,False,True,False,False,False,False,True,True,False
False,False,True,True,False,False,True,True,True,False
True,False,False,False,True,True,False,True,True,False
True,False,False,True,True,False,True,True,True,False
True,False,False,False,False,False,False,False,False,False
True,False,False,False,True,True,False,True,True,False
True,True,True,True,False,True,False,True,False,False
True,False,True,False,True,False,True,True,True,False
False,False,True,True,True,False,False,True,False,False
False,True,True,False,False,False,False,True,False,False
True,True,False,False,False,False,True,True,False,False
False,False,True,False,True,False,True,True,False,False
True,False,True,False,True,True,False,False,False,True
True,True,False,True,False,False,False,False,True,True
False,False,False,True,True,True,True,False,True,True
True,False,False,True,True,True,True,True,True,True
True,True,True,True,True,True,False,True,False,False
False,True,True,False,False,True,True,True,True,False
False,True,True,False,False,True,False,False,False,False
True,True,False,False,False,True,True,False,True,True
False,True,False,False,True,True,True,True,False,True
False,True,False,True,False,True,False,False,True,False
True,True,False,False,True,True,True,True,False,False
False,False,False,True,True,False,True,False,False,False
True,True,False,True,False,False,False,False,False,True
False,False,True,False,True,True,False,False,False,True
False,False,True,True,True,True,False,False,True,False
True,False,True,True,False,True,False,False,True,True
False,True,False,False,False,True,False,False,True,False
False,True,False,False,True,True,True,False,True,True
True,False,True,True,True,True,True,True,True,False
False,True,True,False,True,False,False,True,True,True
False,False,True,True,False,False,True,False,False,True
False,False,False,False,True,True,False,True,False,True
False,False,True,False,False,False,False,False,False,True
True,False,False,False,False,False,True,False,False,False
True,True,True,False,False,False,False,True,False,True
False,True,True,True,True,False,True,False,False,True
False,True,True,False,True,True,True,False,False,True
False,False,False,False,True,False,False,False,False,True
True,True,False,True,True,False,True,True,False,True
True,False,False,False,True,False,True,True,True,False
False,False,True,False,False,True,False,True,True,False
True,False,True,True,False,True,False,True,False,False
False,True,True,True,True,False,True,False,False,False
False,False,False,False,True,False,True,False,True,False
True,True,True,False,False,True,False,False,True,False
False,True,True,True,True,False,True,False,True,False
True,False,True,False,True,True,True,True,False,True
False,True,False,True,True,False,True,False,True,False
False,True,True,False,True,False,False,True,False,True
True,True,False,True,False,False,False,True,False,False
False,False,True,True,True,True,False,True,True,True
False,False,False,True,False,True,False,False,False,True
True,True,False,False,True,True,False,True,False,True
False,True,False,True,False,True,False,True,True,True
True,True,True,True,False,False,True,False,True,False
False,True,False,False,False,False,True,True,True,True
True,True,False,False,True,False,False,False,False,True
True,False,False,True,False,True,True,False,True,False
False,False,True,False,False,False,False,False,False,False
False,True,False,True,False,False,True,False,False,True
True,True,True,True,False,True,True,True,True,False
False,True,True,True,False,True,False,True,True,True
True,True,False,True,False,False,False,True,False,False
True,False,False,True,False,True,True,False,False,False
True,True,False,False,True,True,True,False,True,False
False,True,False,False,False,False,True,False,True,True
True,False,False,True,False,True,True,True,True,False
False,True,False,False,True,True,False,False,False,False
True,False,False,False,False,True,True,True,True,False
False,True,True,True,True,False,True,True,True,False
False,True,False,False,False,False,True,False,True,False
True,True,True,True,False,True,False,True,False,False
True,True,False,True,False,False,True,False,False,True
True,False,True,True,True,True,True,False,False,True
True,False,True,False,False,False,True,False,True,True
False,False,False,False,True,True,False,True,True,True
False,True,False,True,False,False,False,False,True,True
False,False,True,True,True,True,False,False,False,True
True,True,False,True,False,True,False,True,False,False
False,False,False,True,False,False,True,False,True,False
True,True,True,True,True,False,False,False,False,True
True,True,False,True,False,True,True,True,True,False
False,False,True,False,False,True,False,False,True,True
False,True,False,False,False,True,True,False,True,False
True,False,True,False,True,False,False,True,True,True
False,False,True,False,True,False,True,True,True,True
True,True,True,True,True,True,True,False,True,True
False,True,False,False,False,True,False,False,False,False
True,False,True,False,True,False,True,False,True,True
False,False,False,True,False,False,True,True,True,False
False,False,False,False,True,True,True,False,False,False
True,True,False,False,False,True,False,False,False,False
True,False,False,False,False,True,False,True,True,False
True,True,False,False,False,False,False,True,False,True
True,False,False,False,False,True,False,False,True,True
False,True,False,False,False,True,True,True,True,True
False,False,True,True,True,False,True,True,True,False
False,False,True,True,False,True,False,False,False,True
False,True,False,True,True,True,True,True,True,False
False,True,True,False,False,False,False,True,False,False
False,True,True,False,True,True,False,False,True,False
False,True,True,True,False,False,False,False,False,False
False,False,False,True,True,True,False,False,False,False
False,False,True,True,False,False,False,False,False,False
True,True,True,False,True,False,True,False,True,False
True,False,False,True,True,True,False,True,True,False
True,False,False,False,False,False,True,False,True,False
True,True,True,False,True,True,True,True,True,True
False,True,False,True,False,True,False,True,False,True
False,False,False,False,False,False,False,True,False,True
False,True,True,True,False,True,False,True,True,True
False,False,False,True,False,False,False,False,False,True
False,False,False,True,True,True,True,True,False,True
False,False,False,False,False,True,False,True,True,False
False,True,False,True,False,False,True,True,False,True
True,True,False,True,False,True,True,True,True,True
True,True,False,True,False,True,True,True,True,False
True,False,True,True,True,True,True,False,True,True
False,False,True,True,True,False,True,False,True,False
True,True,True,False,True,True,True,False,True,True
True,True,True,False,False,True,True,True,True,False
False,False,False,False,False,False,True,False,False,False
False,True,False,False,True,False,True,False,False,False
False,False,False,True,True,False,True,True,False,False
True,False,True,False,False,False,True,False,False,True
True,True,True,False,True,True,True,False,False,False
True,False,False,False,True,True,True,False,False,True
True,True,False,False,True,True,False,True,False,False
False,False,True,False,False,False,False,False,False,False
False,True,False,True,True,True,False,True,False,True
False,False,True,False,True,False,True,True,False,True
False,True,False,True,False,False,False,False,False,True
True,False,False,False,True,False,True,True,True,True
True,True,True,True,True,False,False,True,True,False
False,False,True,False,True,False,True,False,True,False
True,False,True,True,False,False,False,False,True,True
True,False,True,True,True,False,True,False,False,True
False,False,False,False,True,False,True,False,False,True
True,True,True,False,True,False,True,True,True,True
True,False,False,True,False,False,False,False,True,True
False,True,False,True,True,True,False,False,True,False
False,False,True,True,True,True,True,False,False,False
False,False,True,True,True,False,True,True,True,True
True,True,True,True,False,False,False,True,False,False
False,False,False,True,True,True,False,False,False,False
False,False,True,False,False,True,True,False,True,False
False,False,False,False,True,True,False,False,True,False
False,False,False,False,True,False,True,False,True,False
False,False,True,True,False,True,True,True,True,False
True,True,False,True,False,False,False,False,True,False
False,True,True,False,False,False,False,True,True,True
False,True,False,False,True,False,False,False,True,False
False,False,False,True,True,False,True,False,False,False
False,True,False,True,True,False,False,False,False,True
True,True,False,False,True,True,True,False,False,True
False,False,True,False,False,False,True,False,True,False
True,True,True,True,False,False,True,True,True,False
False,True,False,False,False,False,False,True,True,True
True,True,False,True,True,False,True,True,False,True
True,False,False,True,True,False,True,True,False,True
True,True,False,True,True,False,True,False,False,False
False,True,False,True,True,True,True,True,True,True
False,True,False,True,False,True,True,False,True,True
True,True,False,False,False,False,True,False,False,True
True,False,True,True,True,True,True,False,False,False
True,False,True,True,False,False,True,True,True,True
False,True,True,True,False,True,True,False,True,False
False,False,True,False,True,True,False,False,False,True
False,True,False,False,True,False,False,False,False,True
True,True,False,False,True,False,False,False,False,True
False,False,True,True,False,False,False,True,False,False
False,True,False,True,False,True,True,True,False,False
True,False,True,True,True,True,True,False,False,False
False,False,True,True,True,False,True,False,False,True
True,False,True,False,False,True,True,False,False,False
True,True,True,True,False,True,False,False,False,False
True,False,True,False,False,True,True,False,True,True
True,False,False,True,True,False,False,True,False,False
True,True,False,True,False,False,True,False,False,False
False,False,True,False,False,True,False,True,False,True
False,True,True,False,True,True,True,True,False,True
True,False,True,False,True,True,True,True,False,True
False,True,True,True,True,True,True,False,False,True
True,True,True,False,True,True,True,True,True,False
True,True,False,False,False,True,True,False,False,True
False,False,False,True,False,False,True,False,True,False
True,False,True,False,True,True,True,False,True,True
False,False,True,False,False,True,True,False,False,False
True,False,False,True,True,True,False,False,True,True
True,True,True,True,True,False,True,False,False,True
True,False,True,True,False,False,False,False,True,False
True,True,True,True,False,False,False,False,False,True
True,False,False,True,True,False,False,False,False,True
True,True,True,False,False,True,False,False,False,True
False,False,False,False,False,False,False,True,True,True
True,True,True,True,True,True,False,False,False,True
False,True,False,False,False,True,False,False,True,True
True,True,True,True,False,False,True,True,True,True
False,True,False,False,False,True,False,False,True,True
True,False,True,True,True,False,False,True,False,True
True,True,True,False,False,True,True,False,False,False
True,True,False,False,True,False,False,False,True,False
True,False,False,True,False,True,True,True,True,False
True,False,False,True,False,False,True,True,True,True
False,True,True,True,True,False,True,False,True,False
False,False,False,True,True,False,True,True,False,True
False,True,True,False,True,True,True,False,True,True
True,True,True,False,True,False,True,False,True,True
False,True,False,False,False,False,True,False,False,True
True,False,False,True,True,True,True,False,True,True
True,False,False,False,True,True,False,False,True,False
True,False,True,False,True,True,True,True,True,False
True,True,True,False,False,False,False,True,False,False
False,False,False,True,True,False,True,True,False,True
True,True,True,True,True,True,True,False,False,True
False,False,False,False,False,False,True,True,True,True
True,True,False,False,False,True,False,False,True,False
False,True,False,False,False,True,False,True,False,False
False,True,True,False,False,False,True,False,True,False
True,True,True,True,True,True,True,True,True,False
False,False,False,True,False,False,False,True,True,True
True,False,True,False,False,True,False,True,False,False
False,True,False,True,True,True,False,False,True,False
True,False,False,False,False,True,True,False,True,True
False,False,False,True,True,False,True,True,True,True
False,False,True,True,True,False,True,True,True,True
True,False,False,True,False,True,False,True,True,True
True,False,False,True,True,False,True,False,True,False
False,False,True,True,True,False,False,False,True,True
True,False,True,False,True,True,False,True,False,False
False,True,False,False,True,True,True,True,True,True
False,False,True,True,True,True,True,False,True,False
False,True,False,True,True,False,False,False,False,False
False,True,True,False,True,True,False,True,False,True
True,False,True,False,True,True,False,True,True,True
True,False,False,False,True,False,True,False,False,False
False,False,False,False,False,True,False,True,False,False
True,False,False,True,False,False,False,False,False,False
False,False,False,True,True,False,False,True,True,True
False,True,False,False,True,False,False,True,True,True
False,False,False,True,False,False,True,True,True,False
False,True,True,False,True,False,False,False,False,False
False,False,False,True,False,True,True,True,False,False
False,False,False,False,True,False,True,False,True,False
False,False,True,False,False,False,True,False,True,False
False,True,False,True,False,False,True,True,False,True
True,True,True,True,True,False,False,True,True,True
False,True,False,True,False,False,False,False,True,True
True,False,False,True,True,True,True,False,True,True
True,True,False,False,True,False,True,False,False,False
False,True,True,False,True,False,False,True,True,True
False,False,True,False,False,True,True,False,True,True
True,False,True,True,False,False,False,True,True,False
False,True,False,False,True,False,True,False,False,False
True,True,True,False,True,True,True,False,False,False
False,True,False,False,False,False,False,False,True,True
False,True,False,True,True,False,True,True,True,True
True,False,False,False,True,False,True,False,True,True
True,True,True,True,False,True,False,True,False,True
True,False,False,True,False,True,False,True,False,False
True,False,True,False,False,True,True,True,False,False
True,False,True,False,False,True,True,True,False,False
False,True,True,False,False,True,False,False,True,False
False,True,True,True,True,False,True,False,True,False
True,True,False,False,False,False,True,True,True,False
False,True,True,False,False,False,False,True,False,True
False,False,False,False,True,True,False,False,True,False
True,True,False,False,True,True,False,False,True,True
True,False,True,False,False,False,True,False,True,True
True,True,False,True,True,False,True,True,True,False
False,False,False,True,False,True,False,False,False,True
True,False,True,True,False,True,False,True,True,False
True,True,False,True,True,False,False,True,False,False
True,True,True,False,False,False,True,False,False,True
True,True,False,False,False,True,False,True,False,True
False,False,False,False,True,True,False,True,False,False
False,True,False,False,True,False,False,True,False,False
True,True,False,False,True,False,False,False,False,True
False,False,True,False,True,False,True,True,False,False
True,False,False,True,True,False,True,False,False,False
True,False,True,False,True,True,True,False,True,False
True,True,False,False,False,False,True,True,False,True
True,True,False,True,True,False,True,True,True,True
False,True,True,True,True,True,True,False,True,True
True,True,True,True,False,False,True,False,True,True
False,False,True,True,False,True,True,False,True,False
True,True,False,True,True,False,False,True,False,False
False,False,False,True,True,False,True,True,True,True
False,False,True,True,True,True,True,False,False,False
True,True,False,False,True,False,True,True,False,False
True,True,False,False,False,True,False,True,True,False
False,False,False,False,False,True,False,False,True,True
True,False,False,True,False,True,True,True,False,True
True,False,True,True,True,True,False,True,True,False
True,False,False,True,False,True,False,True,False,True
True,True,True,False,True,False,True,False,False,True
False,False,True,False,True,True,True,True,False,True
True,False,False,False,False,True,False,False,False,False
False,True,False,True,True,True,False,False,False,True
False,False,False,False,False,False,False,True,False,True
True,True,False,True,False,True,False,True,False,False
False,True,False,True,True,False,False,True,False,True
True,False,False,True,True,False,False,True,True,False
False,True,True,False,False,True,False,True,True,True
False,True,True,False,False,False,False,True,True,True
True,True,False,False,False,False,True,True,False,False
False,False,False,False,True,True,False,True,False,True
True,False,False,True,False,True,True,True,False,True
True,False,True,False,False,True,True,True,True,True
False,True,True,False,False,False,True,False,False,True
True,False,False,False,False,False,False,False,True,True
True,False,True,False,False,True,True,True,True,True
False,True,True,True,True,True,False,True,False,False
True,False,True,False,False,False,True,False,True,True
False,False,False,False,False,False,True,True,True,True
False,True,False,False,False,False,True,False,True,False
False,False,True,False,True,False,False,False,True,False
False,False,True,True,False,False,False,True,False,True
False,True,True,False,True,True,False,False,True,True
True,True,True,False,True,False,False,True,True,True
False,True,False,True,False,True,False,False,True,True
True,False,True,False,True,False,False,True,False,True
False,True,False,True,False,False,False,True,False,False
False,False,False,False,False,True,False,False,True,True
False,True,False,True,False,True,True,False,False,True
False,False,False,False,False,True,True,True,False,True
True,False,True,True,True,False,False,False,False,True
False,True,True,False,True,True,False,False,False,False
False,True,False,True,False,False,False,True,False,True
False,False,True,True,True,True,False,False,False,False
False,False,False,True,False,False,True,True,True,False
False,False,False,False,False,False,False,False,True,False
False,True,True,False,False,True,True,False,False,True
False,False,True,False,False,True,True,False,True,False
True,True,True,False,False,True,True,False,True,True
False,True,False,False,False,True,False,True,True,False
False,False,False,True,True,True,False,True,True,True
False,False,True,True,True,True,False,True,False,False
False,False,True,True,True,False,True,True,False,False
True,False,False,True,False,True,True,False,False,True
False,True,True,False,True,True,False,True,False,False
True,True,False,True,True,False,True,False,True,True
False,True,False,True,False,True,True,True,True,False
False,False,True,False,False,True,True,True,True,True
False,False,True,False,True,False,True,True,False,True
False,False,False,False,False,False,False,False,True,True
True,True,False,True,False,False,False,True,True,False
False,False,True,False,False,False,True,False,False,True
False,False,False,True,False,True,True,True,True,False
True,True,False,True,False,True,False,False,True,False
False,True,False,False,False,True,False,True,False,False
True,True,True,False,False,False,True,True,True,False
True,True,False,False,True,True,True,False,False,True
True,True,True,True,False,False,False,False,True,False
True,False,False,False,False,False,False,True,False,True
True,True,False,False,True,True,True,False,False,True
True,True,False,False,False,True,True,False,False,False
True,True,False,True,True,False,True,False,True,True
False,True,False,False,False,False,True,True,True,False
True,True,False,True,False,False,False,False,False,False
False,False,True,True,True,True,True,True,True,True
False,True,False,True,True,True,True,False,True,True
True,True,False,False,False,True,True,True,True,False
True,True,False,False,False,True,False,False,True,True
True,False,False,True,True,False,True,False,True,False
False,True,False,True,True,False,False,True,True,False
True,True,True,False,False,True,True,True,True,False
False,True,True,True,False,False,True,True,False,False
False,False,True,True,True,False,True,True,True,False
False,True,True,True,True,False,False,False,True,True
False,True,False,False,False,True,True,True,False,True
True,False,False,True,False,True,False,True,False,True
True,True,True,False,True,True,False,True,True,False
False,False,True,True,True,True,True,False,True,False
True,False,True,False,True,True,False,True,False,False
False,True,False,False,True,True,False,False,True,False
False,False,False,False,True,False,True,True,False,False
False,False,False,False,False,False,True,False,False,False
False,True,False,False,True,True,True,False,True,True
False,True,False,False,True,False,False,True,True,False
False,False,True,True,True,True,False,True,True,True
False,True,True,True,False,True,False,True,True,True
False,True,False,False,False,True,False,False,True,True
False,False,False,True,True,True,True,True,False,True
True,False,False,False,True,False,True,True,True,True
True,False,False,False,False,False,False,True,True,False
False,False,True,False,True,True,True,True,False,True
True,True,True,True,True,False,False,False,False,False
True,True,True,True,False,True,True,False,True,False
True,False,True,True,False,True,True,False,True,False
True,True,True,False,False,True,False,False,True,True
False,True,False,True,False,True,True,False,True,False
True,True,False,True,False,False,True,False,False,True
False,True,True,True,True,False,True,False,False,True
False,True,True,True,True,False,False,False,True,False
True,False,False,True,True,False,False,True,False,False
True,True,False,False,False,True,True,True,True,True
False,True,True,True,True,False,False,True,False,False
False,True,False,True,True,True,True,True,False,True
False,False,False,False,True,False,False,False,True,True
False,False,False,False,True,False,True,False,False,True
False,True,False,True,True,True,False,True,True,True
False,False,True,True,True,False,False,False,False,False
True,False,False,True,True,True,True,False,True,False
False,True,True,True,False,False,True,False,True,False
True,True,True,False,False,True,False,True,False,True
True,True,False,False,False,False,False,False,False,False
True,False,True,False,False,False,True,False,False,False
True,False,False,True,False,False,False,False,False,False
True,False,True,False,True,False,True,True,True,True
False,False,True,False,True,False,True,True,False,False
True,True,False,False,True,False,True,True,False,True
False,False,False,False,True,True,False,True,False,True
False,True,True,False,True,True,True,False,True,False
False,True,False,False,True,False,False,True,False,True
True,True,True,False,False,False,False,False,True,False
True,True,False,True,True,True,True,True,False,False
True,False,True,True,False,False,False,True,False,False
False,False,True,True,True,True,True,True,True,False
False,True,False,True,True,False,True,False,False,True
False,True,True,False,False,True,False,True,True,False
False,True,True,False,False,True,True,False,True,False
True,True,True,True,True,False,True,True,False,False
True,False,False,True,False,False,True,False,False,True
True,False,False,True,False,False,False,True,False,False
False,True,False,False,True,False,False,False,False,True
False,True,True,False,True,False,True,False,False,False
False,True,False,True,True,False,False,True,True,False
False,False,True,False,True,False,True,True,False,False
True,True,True,True,True,False,True,False,False,True
True,True,False,True,True,True,False,False,False,True
False,True,False,False,False,False,True,False,False,True
True,True,True,True,True,True,True,True,False,False
True,False,True,False,False,True,False,True,False,True
True,False,False,True,True,True,False,True,True,True
True,False,False,True,False,False,True,False,True,False
True,True,True,False,False,True,True,False,False,False
False,True,True,True,False,True,True,False,False,True
True,True,True,False,False,False,True,True,True,False
True,True,False,True,True,True,False,True,True,True
False,False,True,False,True,False,True,True,True,False
True,False,False,True,False,True,False,True,True,False
False,False,False,False,True,True,True,True,True,False
True,False,False,False,True,False,False,False,False,True
True,False,False,True,True,True,True,True,False,True
False,True,True,False,False,True,True,True,True,False
False,True,True,False,True,True,True,False,False,False
True,True,False,True,True,False,False,True,True,True
True,False,True,True,False,True,True,False,True,False
False,False,False,True,True,True,False,True,True,False
True,True,True,True,True,True,False,True,True,True
False,True,True,True,False,True,False,False,False,False
False,True,True,False,True,False,True,False,False,True
False,False,True,True,False,True,False,False,False,True
False,False,False,True,True,True,False,True,False,False
True,True,True,True,False,True,False,False,True,True
False,True,True,False,False,False,False,True,False,False
False,False,False,False,True,False,False,False,True,False
False,False,True,False,True,False,False,False,True,True
True,True,False,False,True,False,True,True,False,True
False,False,True,False,False,False,False,False,True,True
True,False,False,False,True,False,False,False,False,True
False,True,True,True,False,False,True,True,True,False
False,False,False,False,True,True,False,False,False,False
True,True,False,True,False,True,False,False,False,False
False,True,False,True,True,True,False,False,True,True
True,False,False,True,False,True,True,True,True,True
True,True,False,True,True,False,True,False,False,True
True,False,True,True,True,True,False,True,True,False
True,False,True,True,False,True,False,False,True,True
False,True,True,True,True,True,False,True,True,True
False,False,False,True,False,True,True,True,True,False
True,False,True,True,True,False,False,True,False,True
False,True,True,True,True,True,True,False,False,True
True,True,True,True,False,True,False,False,False,False
True,False,False,False,True,False,False,False,False,False
True,True,False,True,False,True,False,False,True,True
True,False,True,False,False,True,False,False,True,False
True,True,True,False,True,False,True,False,False,True
True,True,False,False,False,False,True,True,True,True
True,True,True,True,True,True,True,True,True,False
True,False,True,True,True,True,True,True,True,True
False,False,False,True,True,True,True,False,True,False
True,True,True,False,False,True,False,False,True,True
False,True,True,True,False,True,True,False,True,False
True,False,True,True,False,False,True,False,False,False
False,False,False,True,True,False,True,False,False,False
False,True,True,True,False,True,True,False,False,True
True,False,True,True,False,False,True,True,False,False
True,True,False,False,False,True,True,True,False,False
True,True,True,False,True,True,False,True,True,False
True,False,True,True,True,False,False,True,True,False
False,False,False,True,False,False,True,True,True,True
True,True,False,True,True,False,False,True,False,True
True,False,True,True,False,False,False,False,True,True
True,False,False,True,True,False,False,True,False,True
False,False,False,True,True,False,False,False,False,False
False,False,True,True,False,False,False,False,True,False
False,True,True,True,True,False,False,False,True,True
True,False,False,True,True,True,False,True,False,True
True,True,False,False,False,True,False,False,True,True
False,False,False,True,True,False,False,False,False,True
False,True,True,True,False,False,True,False,True,False
False,True,True,False,False,True,False,False,False,True
True,False,False,False,True,True,False,False,False,False
False,True,False,True,False,True,False,False,False,True
False,True,True,True,False,False,False,False,False,True
True,True,False,False,False,True,False,True,True,True
False,False,True,True,True,True,True,False,False,False
True,False,False,True,False,True,False,True,True,True
True,True,False,True,True,False,True,False,False,False
True,True,True,False,True,False,False,True,True,True
False,False,False,True,False,False,False,True,False,True
False,True,True,True,False,True,False,True,False,False
False,True,False,False,True,True,False,False,False,False
False,True,False,False,True,True,False,True,True,False
True,True,False,False,True,True,True,False,True,True
False,False,True,False,True,False,True,True,True,True
True,False,True,False,False,True,False,True,False,False
False,False,True,True,False,True,True,False,False,False
False,True,True,False,True,True,True,True,True,False
False,False,True,False,True,False,True,True,True,True
True,True,False,False,False,False,True,True,True,False
False,False,True,True,True,False,False,True,True,False
False,False,False,True,True,False,True,False,True,False
True,True,False,True,True,False,False,False,True,False
True,True,True,True,True,False,False,True,True,False
False,True,True,False,False,True,True,False,False,False
False,True,True,True,True,False,True,False,True,False
False,False,True,False,False,True,True,False,False,True
False,True,True,True,True,True,False,False,False,True
True,False,True,True,True,True,False,False,True,True
False,True,False,True,True,False,True,True,False,False
True,False,True,True,False,False,True,True,False,False
True,True,False,True,True,False,False,True,False,False
True,False,True,False,True,False,True,True,True,False
True,False,False,False,True,True,True,False,True,True
True,True,True,True,True,True,True,True,True,True
False,True,False,False,True,True,True,True,True,True
True,True,False,False,True,False,True,True,True,False
True,True,False,True,True,False,False,False,False,False
False,True,True,False,False,False,False,False,False,False
False,True,False,False,True,True,False,False,False,True
True,False,False,True,False,False,False,True,False,False
True,True,True,False,True,False,False,False,True,True
False,True,True,False,False,False,True,True,False,False
False,True,False,True,False,True,False,False,False,True
False,False,False,False,True,False,True,True,True,False
False,False,True,True,False,True,True,True,False,False
False,False,False,False,False,True,True,True,False,False
True,False,True,True,True,False,True,True,False,True
False,False,True,True,False,False,False,False,False,True
True,False,False,False,False,True,True,True,False,False
True,False,False,True,True,False,False,True,True,True
True,True,True,True,False,False,False,False,False,True
False,True,True,False,False,True,False,False,False,False
True,True,False,True,False,False,True,True,False,True
True,True,True,False,True,False,False,True,True,False
False,True,True,True,True,True,True,True,True,True
True,True,True,True,True,False,True,False,False,True
False,True,True,True,False,False,False,False,False,True
False,True,True,True,True,False,False,True,True,True
True,True,False,False,False,True,False,False,True,False
False,True,True,True,False,True,True,True,True,False
True,True,True,False,True,True,False,True,False,False
True,False,True,False,True,True,False,False,True,True
True,False,True,True,False,True,False,True,False,True
False,False,False,False,False,False,True,False,True,False
False,False,True,True,False,False,True,False,True,True
True,False,False,True,False,False,True,False,True,True
False,False,False,False,False,False,False,True,True,True
False,True,True,False,True,False,False,False,False,False
False,False,False,False,False,True,False,True,False,False
False,True,True,True,False,False,True,True,False,True
True,False,False,False,True,False,False,False,True,False
True,True,True,True,True,False,False,False,True,False
False,True,False,True,True,True,False,True,False,False
True,False,True,True,False,False,False,False,True,False
True,True,True,False,True,False,True,True,False,False
True,False,True,True,True,False,False,False,False,False
False,True,True,True,False,False,False,True,False,True
True,False,False,False,False,False,False,True,False,False
True,False,False,False,False,True,True,False,False,False
False,True,False,False,False,True,False,True,False,False
True,True,False,True,False,True,False,True,False,True
True,False,True,False,False,True,True,False,True,False
True,True,False,True,False,True,True,True,True,False
True,True,True,False,False,False,False,False,False,True
False,True,True,False,False,False,True,True,False,True
False,True,False,True,False,False,True,False,False,True
False,False,False,True,False,True,False,False,False,False
False,False,False,False,True,True,False,True,True,True
True,False,False,False,True,False,False,True,True,True
False,True,True,True,False,True,False,False,False,True
True,True,False,False,True,False,False,False,True,True
False,False,False,True,True,True,True,True,False,True
True,True,True,False,False,False,False,True,False,True
False,True,True,True,False,False,True,True,True,True
True,True,True,True,True,False,True,True,True,True
False,True,True,True,False,True,False,True,True,False
False,False,False,False,True,True,True,False,True,True
True,True,True,False,True,True,False,True,True,True
True,True,True,False,True,True,True,True,True,False
True,False,True,True,False,True,True,True,False,True
False,False,True,False,True,True,False,False,False,False
True,True,True,True,False,True,True,True,True,False
False,False,True,False,True,False,False,True,False,True
True,True,True,True,True,True,False,True,False,False
False,True,False,False,True,True,False,True,False,True
False,False,True,False,False,False,False,True,True,True
True,True,True,False,True,False,False,True,False,False
True,False,True,True,False,False,True,True,False,False
True,True,False,False,True,True,False,True,False,False
False,True,True,False,False,True,True,False,True,True
False,False,True,True,False,True,False,False,True,True
True,False,False,True,False,True,False,True,True,True
True,True,False,False,False,False,False,True,False,True
False,False,True,True,False,True,True,True,False,False
False,True,True,False,True,True,False,True,False,True
False,False,False,False,True,True,True,True,False,False
True,True,True,True,True,False,True,False,True,False
False,False,True,False,False,True,False,False,False,False
True,False,True,False,False,True,True,False,True,True
False,True,False,True,True,False,False,True,False,False
False,False,True,False,True,True,True,True,False,False
False,False,True,True,False,False,False,True,False,True
False,True,True,True,True,False,True,False,True,True
True,True,True,True,False,True,True,False,True,True
False,True,False,True,True,False,False,True,False,True
False,True,False,False,False,False,False,False,False,False
False,True,True,True,False,False,False,False,True,False
False,False,True,True,False,True,False,False,True,False
False,False,True,False,True,True,True,False,False,False
False,True,True,False,True,True,False,True,True,False
True,False,False,True,True,False,True,True,False,False
True,True,True,False,True,True,True,False,False,True
False,False,True,False,True,True,True,True,False,True
True,True,False,True,False,False,False,True,False,True
False,False,False,True,True,True,False,True,False,True
False,True,True,True,False,True,True,True,True,True
True,True,False,True,True,True,True,False,False,False
True,False,True,True,True,True,True,True,True,True
True,True,False,False,False,False,False,False,False,False
True,True,False,False,False,False,False,False,True,True
False,False,True,True,False,False,False,False,False,True
True,False,True,True,True,True,True,False,False,False
False,False,False,True,True,True,False,False,False,False
False,True,False,False,False,True,True,True,False,True
True,False,True,True,False,False,False,True,True,True
False,False,False,True,True,False,False,True,False,True
False,True,False,False,True,False,False,True,False,True
True,True,True,True,True,False,True,True,False,False
True,True,True,True,False,False,True,False,True,False
False,False,False,True,False,False,False,True,False,True
False,False,True,False,False,True,True,False,False,True
True,True,True,True,True,True,False,False,False,False
True,False,True,True,False,True,True,False,False,False
False,True,True,False,False,False,True,True,False,True
True,False,False,False,False,False,False,True,False,False
False,False,True,False,True,False,False,True,True,True
True,True,True,False,True,False,False,False,True,True
True,False,False,False,False,True,False,False,False,True
False,False,False,True,True,True,True,False,False,True
True,False,False,False,True,True,True,True,False,True
False,True,False,False,True,False,True,True,False,False
True,False,False,True,False,False,False,False,False,False
False,False,True,True,False,False,True,False,True,True
False,True,True,True,False,False,False,False,False,False
True,False,True,True,False,False,True,True,False,False
False,True,False,True,False,True,True,True,False,True
True,True,True,False,True,False,False,False,True,True
True,True,True,True,False,True,False,False,True,False
False,True,False,False,False,True,False,True,True,True
True,True,False,True,False,False,True,False,False,True
False,False,True,False,True,False,True,False,False,False
True,False,True,False,True,False,False,True,True,True
False,True,False,True,False,False,True,False,True,True
True,False,True,False,True,False,False,False,True,True
True,False,False,False,False,True,False,False,True,True
True,False,False,False,True,False,False,False,True,False
False,True,False,False,False,True,True,True,True,True
False,True,True,False,False,True,True,False,True,True
True,True,True,True,True,True,False,True,True,True
False,True,False,False,True,True,False,True,False,False
False,True,False,False,True,False,True,True,False,True
False,False,False,True,True,True,False,False,True,False
True,True,False,True,True,True,False,True,True,True
True,True,True,False,True,True,True,False,True,True
True,True,False,False,True,True,False,False,False,True
False,False,False,True,False,True,False,True,True,False
False,True,False,False,True,True,False,True,True,False
True,True,True,True,False,False,False,True,False,False
True,False,False,False,True,True,True,False,False,False
True,True,False,False,True,True,True,False,True,False
False,False,False,False,False,True,False,False,False,True
False,False,True,True,False,False,False,True,True,False
True,False,False,False,False,False,True,False,True,False
False,True,True,False,True,True,False,True,False,False
True,True,False,True,True,True,True,True,False,True
True,True,True,False,True,True,True,True,True,False
True,True,True,True,True,False,False,True,True,False
False,True,True,False,False,True,True,True,True,False
True,False,False,True,False,False,True,False,False,True
False,True,False,True,True,True,False,True,False,True
True,True,True,False,True,True,True,False,True,False
True,False,True,True,True,True,True,True,True,True
False,False,True,True,True,False,True,True,True,False
False,True,True,True,False,False,False,True,False,True
False,False,True,False,False,True,False,True,False,False
True,False,False,True,False,False,False,True,True,True
False,False,False,True,True,False,True,False,False,True
True,False,True,False,True,True,False,False,True,False
True,False,True,False,True,False,True,False,False,False
True,False,True,False,False,False,True,True,True,False
False,False,True,False,True,False,True,False,True,True
False,True,True,True,False,True,False,False,False,False
False,True,False,True,False,False,False,True,True,True
True,False,False,False,True,False,True,True,True,True
True,True,True,True,True,False,True,False,True,True
True,False,False,False,True,True,False,True,False,True
False,False,False,False,True,True,True,True,False,False
False,False,True,True,True,False,False,True,False,False
True,True,True,True,True,False,True,True,True,False
False,False,True,True,False,False,False,True,False,False
True,False,False,True,True,True,False,True,True,False
False,True,True,True,False,True,True,True,True,False
True,True,False,False,True,False,False,True,False,True
False,False,False,False,False,True,False,True,True,True
True,True,False,False,True,True,False,False,True,False
True,False,False,False,True,True,True,True,False,False
True,False,False,False,False,False,True,True,True,True
True,False,True,True,False,False,False,False,True,True
True,True,True,False,True,True,False,True,True,True
False,True,False,True,False,True,False,False,True,True
True,True,True,True,False,False,False,False,False,True
True,False,False,False,True,True,False,True,False,False
True,True,False,False,False,True,True,True,True,False
True,True,True,False,True,False,False,True,True,True
False,True,False,False,False,True,False,True,True,False
True,True,True,False,False,False,False,True,True,True
False,False,True,True,True,False,True,True,False,True
True,False,True,True,True,True,False,False,True,False
True,True,False,False,False,True,False,False,True,False
True,False,True,False,False,True,False,False,True,False
False,False,False,True,False,False,False,False,False,False
False,False,True,True,True,False,False,False,False,True
True,True,True,False,False,False,True,True,True,True
True,False,False,False,False,False,True,True,True,True
False,True,True,False,False,True,True,False,True,False
True,True,False,False,False,False,True,False,True,True
False,False,True,True,False,True,False,True,True,True
False,False,False,False,True,False,True,True,False,True
True,False,False,False,True,False,True,True,False,True
True,False,False,False,False,True,True,True,False,False
True,True,True,False,False,False,False,True,False,True
True,False,False,True,False,False,False,True,True,False
True,True,True,False,False,True,True,True,True,True
False,True,True,False,False,True,True,False,True,True
False,True,True,True,False,True,False,False,False,False
False,False,False,True,True,True,False,False,False,False
True,False,True,True,True,True,True,True,False,False
True,False,False,True,False,True,True,True,True,False
True,False,True,True,False,True,True,True,False,True
True,False,True,False,True,False,False,False,False,True
True,True,False,False,True,False,False,True,True,True
True,False,False,True,True,False,True,False,True,True
False,True,False,False,False,True,True,False,True,False
True,False,False,True,False,True,False,False,True,False
True,False,True,False,False,False,False,True,True,False
False,False,False,False,False,True,True,True,True,False
False,False,True,True,True,True,True,True,True,True
True,False,True,False,True,False,True,False,False,False
False,True,True,False,False,True,True,True,False,True
False,True,False,True,True,True,False,True,True,True
True,True,False,False,False,True,False,False,True,True
True,False,True,True,False,True,False,False,False,True
True,True,True,True,False,False,False,False,True,True
True,True,True,False,True,True,True,False,True,False
True,False,False,False,False,False,True,False,True,True
False,False,False,False,False,False,False,False,True,False
True,True,True,True,True,False,False,True,True,True
True,True,True,True,True,True,True,True,True,False
False,False,True,False,False,False,False,True,False,True
False,False,False,False,True,False,False,False,True,True
False,False,False,True,False,True,True,False,False,True
True,True,False,True,False,False,True,True,True,True
False,False,True,False,False,False,True,False,True,False
True,True,True,False,False,False,True,True,False,True
True,False,True,False,False,False,True,False,False,True
True,True,True,False,True,True,True,True,True,True
False,False,False,True,True,False,False,True,False,False
False,True,False,False,True,False,False,True,True,False
False,False,False,False,False,False,True,False,True,False
True,False,False,True,True,True,True,True,False,False
True,False,False,False,True,True,True,False,False,False
True,False,True,True,True,True,False,False,True,False
False,False,False,False,True,True,False,False,True,True
True,False,True,False,False,False,False,True,True,False
True,False,True,True,False,True,False,False,False,False
True,False,True,False,True,True,False,True,False,False
True,False,False,True,False,False,False,False,True,False
False,False,True,False,False,False,False,False,True,True
True,False,False,True,True,False,False,False,True,False
True,False,False,False,True,True,False,False,True,False
False,True,True,False,False,True,False,False,False,True
False,False,False,True,True,True,True,True,False,True
True,True,True,False,False,True,False,False,True,True
True,True,False,False,True,True,False,True,False,False
True,True,False,True,True,True,False,False,True,True
True,False,True,False,False,False,True,False,False,False
False,True,True,False,False,True,False,True,False,True
False,False,True,True,False,False,True,False,True,False
True,True,False,True,False,True,False,False,True,True
False,False,False,False,False,True,True,True,False,True
False,True,False,True,False,False,True,True,False,False
False,True,True,False,False,False,False,False,False,False
False,True,True,True,True,True,False,False,False,False
True,False,True,True,True,True,False,True,True,True
False,False,False,False,False,False,True,False,True,True
True,False,True,True,True,False,True,True,False,True
False,False,True,False,True,False,False,True,False,False
False,False,False,True,True,False,True,True,True,True
True,False,False,True,False,True,False,False,False,True
True,True,False,True,True,True,False,False,False,True
False,False,True,False,True,False,True,True,False,False
True,True,True,False,True,False,True,True,False,False
False,True,True,False,True,True,True,True,False,False
True,False,False,True,False,False,False,True,True,False
False,False,False,False,False,False,True,True,True,False
True,True,False,False,False,False,True,False,False,True
False,False,True,False,False,False,False,True,False,True
False,True,True,False,False,True,False,False,False,False
False,True,False,False,False,True,True,True,True,False
False,True,False,True,True,True,False,False,False,False
True,False,True,True,False,True,True,True,True,False
False,False,True,True,True,False,False,True,False,True
False,True,True,True,True,False,True,False,False,True
True,True,True,False,False,False,False,False,True,True
True,False,True,True,True,False,False,True,True,True
True,False,False,False,True,False,True,False,False,True
False,False,True,True,False,False,False,True,False,True
True,False,True,False,False,True,False,True,True,True
True,True,False,True,False,False,True,False,False,False
False,False,False,False,True,False,False,False,False,False
True,True,True,True,True,False,True,True,False,True
True,True,False,False,True,False,False,False,True,True
True,False,True,True,True,True,True,True,True,False
True,False,False,False,False,False,False,True,True,False
False,False,True,False,False,False,True,False,False,False
True,False,True,True,False,True,False,True,True,True
False,False,False,True,False,True,True,True,True,True
False,True,True,False,True,True,False,True,False,False
False,True,True,True,True,True,True,True,False,False
True,False,True,True,False,False,True,True,True,False
False,True,True,False,False,False,False,True,False,True
False,True,True,True,False,False,True,True,False,False
True,True,False,True,True,False,False,True,True,False
True,True,True,False,True,False,True,True,True,False
True,False,False,True,True,True,False,True,False,False
True,False,True,True,True,False,False,True,False,False
False,False,False,False,True,True,True,True,False,True
False,False,False,False,False,False,True,True,True,False
False,True,True,True,False,False,True,True,False,True
False,True,True,False,True,True,False,False,False,True
False,False,False,True,False,True,False,False,False,False
False,True,True,True,False,True,True,False,True,True
False,False,True,False,True,False,True,True,True,True
False,True,False,True,False,False,True,False,False,False
True,True,True,True,True,False,False,False,False,True
True,False,True,True,True,False,False,False,False,False
False,True,False,True,True,True,True,True,False,False
False,False,True,False,False,True,True,False,False,True
True,True,False,False,False,False,False,True,True,True
False,False,False,False,True,True,True,True,True,True
True,True,False,False,True,False,False,False,True,True
False,False,True,True,False,True,True,False,False,False
True,False,False,False,True,False,True,False,True,True
False,False,False,True,True,True,False,False,True,True
True,False,True,False,False,False,False,True,False,False
False,False,True,True,False,False,True,True,True,True
True,False,True,True,True,False,False,False,True,True
False,True,True,False,False,True,True,True,True,False
False,False,False,True,False,False,False,True,True,True
False,False,True,True,False,True,False,False,True,False
True,True,True,False,True,True,True,True,True,False
True,False,True,True,True,True,True,True,False,False
True,False,True,False,True,True,False,False,True,True
False,False,True,True,False,False,True,True,True,False
False,True,False,False,True,False,True,True,False,True
True,False,True,False,False,False,True,True,False,True
False,False,False,False,True,True,True,False,False,True
False,False,False,False,True,False,True,False,False,True
True,True,False,False,True,True,False,False,False,True
True,True,True,True,True,False,False,True,False,True
False,False,False,False,False,False,False,False,True,False
False,True,True,False,False,True,False,True,False,True
True,False,False,False,True,True,False,False,True,False
False,True,True,True,False,False,True,False,False,True
True,True,False,True,True,False,False,True,False,False
False,True,False,False,False,True,True,False,True,True
True,False,False,True,False,True,True,True,False,False
False,True,True,False,True,False,False,False,True,True
False,False,False,True,False,False,False,True,False,True
False,True,True,True,False,False,False,False,True,False
True,True,True,False,False,False,True,True,False,True
False,True,True,False,True,True,True,False,True,False
True,False,True,True,False,True,False,False,False,True
False,True,False,True,True,False,True,False,True,False
False,True,True,True,False,False,True,True,False,False
True,True,False,True,False,True,False,True,True,False
True,False,False,False,True,True,True,True,False,False
True,False,True,True,True,False,False,True,False,False
False,True,True,False,False,False,False,False,True,True
True,True,True,False,False,False,True,False,True,True
True,False,True,False,False,False,True,True,True,True
True,False,True,False,False,False,True,True,True,False
True,True,True,False,False,False,True,True,True,False
False,True,False,True,True,False,False,True,False,True
True,False,True,False,False,True,False,True,True,True
False,True,False,True,True,False,False,False,True,True
True,True,True,False,True,True,False,False,True,True
True,True,False,False,True,True,False,False,False,False
True,True,True,False,False,False,False,False,True,True
False,False,False,True,True,True,True,False,False,False
False,True,False,False,True,True,False,False,False,True
False,False,True,False,False,False,False,True,True,False
True,False,False,False,True,False,True,True,False,True
True,True,True,True,True,True,False,True,False,False
True,True,False,False,False,True,False,False,True,True
True,True,False,True,True,True,True,False,True,False
False,False,True,True,False,True,False,False,True,True
True,True,False,True,True,False,True,True,True,False
False,True,True,True,False,False,True,True,True,True
True,True,False,False,False,True,False,True,False,True
False,False,True,False,True,False,False,False,True,False
True,True,True,True,False,True,True,True,False,True
True,False,False,True,True,False,True,True,False,True
False,False,False,False,True,False,True,False,False,True
True,True,True,False,False,False,True,True,False,False
True,False,False,False,True,True,True,False,False,False
True,True,False,False,True,False,False,False,True,True
False,False,False,False,True,False,False,True,False,False
False,True,False,True,False,True,False,True,True,True
False,True,False,False,True,True,False,False,True,False
False,False,True,False,False,True,True,False,False,True
True,False,True,True,True,False,False,False,True,False
True,True,True,False,True,True,True,False,True,True
True,True,False,False,True,False,False,True,False,False
False,False,True,False,True,False,True,True,True,True
True,True,True,True,False,False,False,True,False,False
True,False,True,True,True,False,False,False,False,False
True,True,True,True,False,True,True,False,False,False
True,False,True,False,False,False,True,False,True,True
False,False,True,True,False,True,False,False,False,True
False,True,False,False,True,True,False,True,True,True
True,True,True,True,False,False,False,True,False,False
True,False,False,True,False,True,False,False,False,True
True,False,True,False,True,False,True,True,True,True
True,True,True,False,True,True,False,False,False,True
False,False,False,False,False,True,False,True,True,True
True,True,False,True,True,False,False,True,False,False
True,False,False,True,False,True,False,True,True,False
True,True,False,True,False,True,False,False,True,False
True,False,True,False,True,True,False,False,True,False
True,False,True,True,False,True,True,True,False,False
True,False,True,True,True,True,False,False,True,False
False,False,False,True,True,False,True,False,True,True
False,False,True,True,False,False,True,False,False,True
False,True,True,True,False,True,True,True,False,True
True,True,True,True,True,True,False,False,False,True
False,True,False,True,False,False,False,True,False,False
True,False,True,True,True,True,False,True,True,True
True,False,True,False,False,False,False,True,False,False
False,False,True,True,True,True,False,True,True,False
False,False,False,False,False,False,False,False,False,True
False,True,True,True,False,True,False,False,True,False
True,True,False,False,True,True,False,True,False,True
False,True,True,True,False,True,False,False,False,True
True,True,True,False,False,True,True,False,True,False
True,False,False,True,False,True,False,True,True,False
True,False,True,True,False,True,False,False,False,True
False,False,True,False,True,True,True,False,True,True
False,False,True,False,False,False,False,False,False,False
True,True,False,False,True,True,True,True,True,False
True,True,True,True,True,True,False,False,False,True
True,False,True,False,True,False,True,False,False,False
True,False,True,True,False,True,False,True,True,False
True,False,False,True,False,False,False,True,False,True
True,True,False,False,True,False,False,False,False,False
True,False,True,False,True,True,False,True,False,True
True,False,False,True,True,False,False,True,False,False
False,False,True,True,True,True,True,False,False,False
True,True,False,False,True,False,False,True,True,False
True,False,True,True,True,False,True,True,True,True
False,False,True,True,False,False,True,False,False,False
True,True,False,True,True,True,False,False,False,False
True,True,True,False,False,False,True,False,True,False
False,True,True,True,True,True,True,True,False,True
True,True,True,True,False,True,True,False,False,True
True,True,False,True,True,False,True,True,True,False
True,False,False,False,True,True,False,False,False,True
True,False,True,False,True,True,True,False,True,True
True,False,False,True,True,True,False,True,True,False
False,True,False,True,True,False,True,False,True,False
False,True,True,False,True,False,True,True,False,False
True,True,False,False,True,True,False,False,False,False
False,False,False,True,False,True,True,True,True,False
True,True,True,False,False,True,False,True,True,False
False,False,False,False,True,True,False,False,True,False
True,True,True,True,False,False,False,False,False,False
False,False,False,True,True,True,True,True,False,False
True,True,False,False,False,True,True,False,True,False
False,False,False,True,True,True,True,True,False,False
False,False,False,True,False,False,False,False,False,False
True,False,False,True,False,False,False,True,True,False
True,True,True,True,True,True,False,False,False,False
True,True,False,False,True,False,True,True,True,True
False,False,False,True,False,True,False,True,False,True
False,True,True,False,True,True,False,True,True,False
True,False,False,True,True,True,True,True,True,False
False,True,True,False,True,False,False,True,False,False
False,True,True,False,False,False,True,True,True,True
True,True,True,False,True,False,False,True,True,False
True,True,False,True,False,False,True,True,True,True
False,True,True,False,True,False,False,False,True,False
False,True,True,False,True,True,True,False,True,True
True,True,True,False,True,True,False,False,True,True
True,True,False,True,False,True,True,True,True,True
True,True,False,False,True,True,False,False,False,True
True,False,True,True,True,False,True,False,True,False
False,False,False,True,False,True,False,True,True,False
True,True,True,True,False,True,False,True,True,True
True,True,True,False,False,False,True,True,False,False
True,True,True,False,True,False,False,False,True,False
False,True,True,True,True,False,False,False,False,False
True,False,False,True,True,True,True,True,True,True
True,True,True,False,False,False,False,True,True,True
True,True,False,False,False,True,True,True,False,True
True,True,True,True,True,True,False,True,False,True
True,False,True,True,True,True,False,True,False,True
False,True,False,False,True,True,False,True,False,False
True,True,True,False,True,True,False,True,False,False
False,True,True,False,False,False,False,True,True,True
False,True,False,False,True,False,False,False,True,False
False,True,True,True,False,False,True,False,False,False
False,True,True,False,True,False,True,False,False,False
False,True,True,True,True,False,True,False,True,True
True,True,True,True,True,True,False,False,False,False
False,False,False,False,False,True,True,True,True,True
True,False,False,True,False,False,False,False,False,True
True,False,False,False,False,False,True,True,False,True
True,True,True,True,True,False,True,True,True,True
False,True,True,False,False,False,False,False,True,True
True,True,True,False,False,False,False,True,True,False
True,False,False,False,True,False,True,True,True,True
False,True,False,True,True,True,True,False,True,False
True,True,False,False,True,False,False,True,True,True
True,True,True,False,True,False,True,True,True,False
True,False,False,True,True,False,False,False,True,False
True,False,False,True,True,True,True,False,False,True
False,False,True,False,True,False,False,True,False,True
True,True,True,True,True,False,True,True,True,False
False,True,False,False,False,False,True,True,False,False
False,True,True,False,False,False,True,False,True,False
False,True,True,True,False,True,True,False,True,False
False,False,True,False,True,False,False,True,False,False
False,False,True,True,False,False,False,True,True,True
False,True,True,True,True,True,True,False,False,True
False,False,False,False,True,True,True,False,False,True
False,True,True,False,False,True,False,True,True,True
False,False,False,True,False,True,True,True,False,True
True,False,True,True,False,False,True,True,False,True
True,False,True,False,False,False,False,True,False,False
True,True,False,True,False,False,False,False,True,True
True,False,False,True,False,False,False,False,False,False
False,True,False,False,False,False,True,False,True,True
True,True,True,True,True,False,True,True,False,True
True,True,False,False,True,False,True,False,False,True
False,True,True,False,True,True,False,False,True,True
False,False,True,False,False,True,True,False,True,False
True,False,True,True,False,True,True,True,True,True
True,False,True,True,False,False,True,True,False,True
False,False,False,False,True,False,True,True,False,False
True,True,False,False,False,True,True,True,True,False
True,True,True,False,False,False,False,True,True,True
True,False,True,True,False,True,False,False,True,True
True,True,False,True,True,True,True,False,True,True
False,False,True,False,True,False,True,True,True,True
False,False,False,True,False,False,True,False,True,False
True,True,True,True,False,True,True,False,False,True
True,False,False,False,False,True,False,False,True,False
False,True,False,True,True,False,True,True,True,False
True,True,False,False,False,False,False,False,True,False
True,False,False,False,True,True,True,False,True,False
False,True,True,False,False,False,False,True,True,True
True,False,True,False,True,True,True,False,False,True
True,False,True,False,True,True,False,False,True,False
True,False,True,False,False,False,True,False,True,False
False,True,False,True,False,False,False,False,False,False
False,True,False,True,False,True,True,False,True,False
False,True,False,True,True,True,True,True,True,True
True,True,True,True,True,False,False,True,False,True
True,False,False,True,False,True,False,True,False,False
False,True,False,False,False,False,False,False,True,False
False,False,False,True,False,False,True,False,False,True
True,False,True,False,False,True,True,True,True,False
True,False,True,True,True,False,False,False,False,False
True,True,True,True,False,False,False,True,False,False
True,False,True,False,True,True,False,True,True,True
True,False,False,True,True,True,False,False,True,False
False,False,False,True,False,False,True,True,False,True
False,True,True,False,True,False,True,False,True,True
False,False,False,True,True,True,True,True,False,True
False,False,True,False,False,True,True,False,False,True
False,True,False,True,False,True,True,True,True,False
True,False,False,False,False,False,True,True,False,True
False,True,False,False,True,True,True,True,True,True
False,False,True,False,False,False,True,True,False,False
False,False,False,True,False,False,False,True,False,False
False,False,True,True,False,True,True,True,True,False
True,True,True,True,True,False,True,False,False,True
False,False,False,True,False,False,True,True,False,True
False,True,False,False,False,False,True,True,True,True
False,True,True,True,True,False,False,True,False,False
True,False,False,False,True,True,False,False,False,True
False,True,True,False,True,False,True,True,True,True
False,False,True,False,False,True,True,True,True,True
True,True,False,False,True,True,True,False,False,True
True,True,False,False,False,False,False,True,False,True
True,False,True,True,False,True,False,True,False,True
True,True,False,False,False,True,False,False,False,False
True,False,True,False,False,False,True,False,False,False
True,False,True,False,True,True,True,False,False,True
True,True,False,False,True,False,True,True,False,True
True,False,False,False,False,True,True,False,True,True
False,True,True,True,True,True,False,False,False,False
False,True,True,False,True,False,False,True,False,False
True,True,True,True,True,False,False,False,False,True
True,False,True,False,True,False,False,True,True,False
True,True,False,True,False,False,True,False,True,False
False,True,False,True,True,False,True,False,True,True
False,True,True,True,False,True,True,True,True,True
True,True,True,False,False,False,False,False,True,True
False,False,False,False,True,True,True,False,False,True
True,True,False,False,False,True,True,False,True,False
True,False,True,True,True,False,True,False,True,False
False,True,False,True,False,True,True,True,False,True
False,False,False,True,False,True,True,False,True,False
False,True,True,False,True,False,False,True,True,False
True,False,True,False,False,True,True,False,True,False
False,True,False,True,False,False,False,True,True,True
False,True,False,False,False,True,False,True,True,False
False,False,True,True,True,True,True,True,False,True
True,True,True,False,False,False,False,True,True,False
True,True,True,False,False,False,False,False,True,True
False,True,False,True,False,True,True,True,True,False
False,True,False,True,True,True,True,True,True,True
False,True,False,True,True,True,False,False,False,True
True,True,True,False,False,False,False,False,False,True
False,False,True,True,True,False,False,False,False,True
True,False,True,True,True,True,False,False,False,True
True,True,False,True,False,True,False,True,False,False
True,True,False,True,False,True,True,False,False,False
False,True,False,False,False,True,True,True,True,False
False,True,False,True,False,True,False,True,True,False
True,False,False,False,False,True,True,True,True,True
True,False,True,False,True,False,False,False,True,False
True,True,False,True,False,True,True,False,False,False
False,True,True,False,False,False,True,False,False,True
False,False,False,True,False,False,True,False,True,False
False,False,True,True,True,True,True,False,True,False
False,True,False,False,True,True,False,False,True,True
True,False,False,True,True,False,False,True,False,True
False,True,True,False,True,False,False,False,True,True
False,False,False,True,True,True,True,True,False,True
False,False,True,True,False,False,False,False,True,True
True,True,False,False,True,True,False,False,False,True
False,True,False,False,True,False,False,True,False,False
False,False,False,False,False,True,True,True,True,False
False,True,False,True,True,False,True,False,True,False
False,True,True,False,True,False,False,True,False,False
True,False,False,False,False,False,True,True,True,True
False,False,True,False,True,False,False,False,False,True
False,True,False,True,False,True,True,False,True,False
True,False,True,False,True,True,True,False,False,True
True,True,True,False,True,True,False,False,True,False
True,True,False,True,True,False,True,True,True,True
True,True,True,False,False,False,True,False,True,False
True,True,True,True,True,True,True,False,False,False
True,True,True,False,False,True,False,False,False,True
True,False,False,True,True,True,False,False,True,False
False,True,False,False,True,True,True,True,False,True
False,False,True,False,True,False,True,False,False,True
False,False,False,False,False,True,True,True,False,False
False,False,False,False,True,False,True,True,True,True
True,False,False,False,False,True,True,False,True,False
True,False,False,False,True,False,True,False,False,False
True,False,False,False,True,False,False,True,True,True
True,False,False,False,True,False,False,False,True,False
False,False,False,True,True,False,True,True,True,True
True,True,False,False,False,True,True,False,True,False
True,True,False,False,False,True,True,True,True,False
True,True,True,True,False,True,True,True,False,False
True,True,False,False,True,True,False,False,False,True
False,False,True,True,True,True,False,False,False,False
False,True,False,False,False,False,False,False,True,True
False,True,False,True,False,True,False,False,False,False
True,True,True,True,True,True,True,False,True,False
False,True,True,True,False,False,False,False,False,True
True,False,False,True,True,True,True,False,False,True
True,False,True,False,False,True,False,True,True,True
False,True,True,False,False,False,False,False,False,True
True,False,True,False,False,False,True,True,True,False
False,False,True,True,True,True,True,True,True,True
False,True,True,True,True,True,False,True,False,False
False,False,True,False,True,False,True,False,True,True
False,True,False,True,True,False,True,True,True,True
True,False,True,False,True,True,True,False,False,False
True,False,False,False,True,True,False,True,False,False
True,False,False,False,False,True,True,False,True,False
True,True,False,False,True,False,False,True,True,False
True,False,True,False,True,False,True,True,False,True
False,True,True,True,True,False,False,True,False,False
False,True,True,False,False,True,False,True,False,False
False,False,False,True,True,False,False,False,True,True
False,False,False,False,False,True,True,True,True,False
True,True,False,True,False,True,False,False,False,False
True,False,True,True,True,True,True,False,True,False
False,False,True,False,False,True,False,False,True,False
True,True,True,True,False,False,True,True,True,True
True,False,True,True,False,False,True,True,True,True
True,True,False,True,False,True,True,True,False,True
True,False,False,False,False,True,True,True,True,False
False,False,True,False,False,True,True,False,False,False
False,False,True,True,False,True,False,True,True,True
False,True,True,False,False,False,False,False,True,False
False,False,False,True,True,False,False,True,True,True
False,True,False,False,False,False,True,True,False,True
False,True,True,True,False,True,False,True,True,True
False,True,False,True,True,False,False,False,False,True
True,True,True,True,True,False,True,True,True,True
True,False,False,True,False,True,True,True,False,True
True,True,True,True,False,True,False,True,True,True
False,False,True,False,True,True,True,False,False,False
True,False,False,True,True,False,True,True,True,True
True,False,False,True,True,True,False,False,False,False
False,False,True,False,False,True,True,False,False,True
False,False,True,True,True,False,False,True,True,True
False,False,False,True,True,False,True,True,True,True
False,False,True,True,True,False,True,True,True,False
True,False,False,True,True,True,False,True,True,False
False,False,False,True,False,True,False,True,False,True
True,True,True,True,True,True,False,True,False,True
True,False,True,True,True,False,False,True,False,True
True,False,True,True,False,True,False,False,True,True
False,False,False,True,False,True,False,True,True,False
False,False,True,True,True,False,True,False,True,True
True,False,True,True,False,True,False,True,True,True
False,False,True,True,True,False,True,True,True,False
False,False,True,True,False,False,True,False,False,False
True,False,True,False,False,True,True,False,False,False
False,True,True,False,False,False,True,False,False,False
True,True,False,False,False,False,True,True,False,False
True,True,True,True,True,False,False,True,False,False
True,False,True,True,False,False,False,False,False,True
True,False,False,True,False,True,True,False,False,True
True,True,True,True,False,True,False,True,True,False
False,False,False,False,True,False,True,False,True,True
False,False,False,True,True,False,True,True,False,False
False,False,False,False,True,True,False,False,False,True
True,False,False,True,True,True,True,True,False,False
False,True,True,False,True,True,False,True,False,False
False,False,True,True,False,True,True,True,False,False
False,True,True,False,True,False,True,True,True,True
False,False,True,True,False,True,False,False,False,True
False,True,True,False,True,True,True,False,False,False
False,False,True,False,False,False,True,True,True,False
False,True,True,False,True,False,False,True,True,False
True,True,True,False,True,True,False,True,True,False
False,True,False,True,False,True,True,True,False,False
True,False,False,True,False,True,True,False,True,False
False,False,True,False,True,True,True,False,True,True
False,True,True,False,True,True,False,False,True,True
True,False,True,True,False,True,True,True,False,False
False,True,True,False,True,False,False,False,False,True
False,True,True,True,False,True,False,False,False,False
False,False,False,True,True,False,False,False,False,True
True,False,False,False,False,True,True,True,True,False
False,True,False,True,True,True,True,True,True,False
True,True,True,False,True,False,True,False,False,False
True,True,False,True,True,True,True,True,True,True
True,False,True,False,True,False,False,False,False,True
True,True,False,False,False,True,False,True,True,False
True,False,False,True,True,True,False,False,True,False
False,True,True,True,True,False,True,False,True,True
True,True,True,False,False,False,False,True,False,False
False,True,True,False,False,True,False,True,True,False
True,False,True,True,False,True,True,True,True,False
True,False,True,True,True,False,True,True,True,True
False,False,False,False,False,True,False,True,False,True
True,False,True,True,False,True,False,False,False,True
True,True,False,True,True,False,False,True,False,True
True,True,True,False,False,True,True,True,False,False
True,False,True,False,True,False,False,True,True,False
False,True,True,True,False,False,False,False,False,True
False,False,False,True,True,True,False,False,False,False
True,True,False,False,True,True,True,True,False,True
True,True,False,True,True,False,False,False,True,False
False,False,True,False,False,True,False,False,False,False
False,True,False,True,False,False,True,False,True,True
True,True,False,False,False,True,True,True,True,True
False,False,False,True,False,False,True,False,True,True
False,True,True,False,False,True,True,False,True,True
False,True,False,False,False,True,True,True,False,True
False,True,False,False,True,True,False,False,True,False
False,True,False,False,False,True,False,True,False,True
True,False,False,True,True,False,True,True,False,True
True,False,False,False,False,True,False,False,True,False
True,True,False,True,False,True,True,False,False,False
True,True,False,False,False,False,False,False,False,True
False,False,False,False,False,False,False,True,False,False
True,False,True,True,True,False,False,True,False,False
False,True,True,True,True,True,True,True,False,True
False,False,True,False,False,True,False,True,True,True
True,True,True,True,True,False,True,False,False,True
False,False,True,False,True,True,False,True,True,True
True,True,False,True,True,False,True,False,False,True
True,True,True,True,False,False,True,False,True,False
True,False,False,False,True,True,True,False,True,True
False,True,False,True,True,False,False,True,False,False
False,True,True,False,False,True,True,True,False,True
False,False,True,True,False,True,False,False,False,True
False,False,False,True,False,False,False,False,True,False
True,False,True,True,False,False,False,False,False,False
True,False,False,False,True,False,False,True,False,True
True,False,True,True,False,True,True,False,True,True
True,False,False,True,True,True,True,False,False,True
False,True,True,False,True,True,True,True,True,True
True,False,False,False,False,True,False,True,True,False
True,False,True,False,False,True,True,True,True,False
False,True,False,True,True,True,True,True,False,True
False,False,True,True,False,True,True,True,False,True
True,False,False,False,False,False,True,False,False,True
True,False,False,True,False,False,False,False,False,False
False,True,True,True,True,True,True,True,False,True
True,True,False,False,True,True,True,True,False,True
False,True,False,False,True,True,True,True,True,True
True,False,True,True,False,True,False,True,False,True
False,False,True,False,True,True,False,False,True,True
False,False,True,True,True,True,True,True,False,True
True,False,False,True,False,False,True,True,False,False
True,True,False,True,True,True,False,True,False,False
True,False,False,False,False,True,False,True,False,False
False,True,True,False,False,False,False,False,True,False
True,False,True,True,True,True,True,True,False,False
True,True,True,False,True,True,False,True,False,False
False,True,False,False,False,False,False,True,False,True
False,False,False,False,True,False,False,False,False,True
False,False,False,True,False,False,True,True,False,True
False,True,True,False,True,True,True,True,False,False
True,False,False,True,True,False,False,True,True,False
False,True,False,True,False,False,True,False,True,False
False,False,True,False,False,True,False,True,False,True
False,True,True,True,False,True,True,True,False,False
True,False,False,False,True,True,False,True,False,False
True,False,False,False,False,False,True,True,False,False
True,True,True,False,True,False,False,True,False,False
False,False,False,True,True,True,True,False,True,True
False,False,False,True,False,False,True,True,False,True
False,True,True,True,True,True,False,False,False,True
True,True,False,True,False,False,False,True,True,True
False,True,False,False,True,True,True,False,False,True
True,False,True,False,True,True,False,False,True,True
False,False,False,True,True,True,True,False,True,True
False,True,True,False,True,True,True,True,False,True
True,True,True,False,True,True,True,True,True,False
True,False,True,True,True,False,True,True,True,False
True,True,False,False,True,False,False,True,False,True
True,False,True,True,True,True,True,False,False,False
False,True,False,False,True,True,False,False,False,True
False,True,False,False,True,False,True,False,False,False
True,True,True,True,False,False,False,False,False,True
True,False,True,False,False,True,False,False,False,True
False,False,False,True,True,False,False,True,False,True
True,False,False,True,False,False,False,False,False,True
True,True,False,False,True,False,True,True,True,False
True,True,False,False,True,True,True,False,False,False
False,True,False,True,True,False,True,True,True,False
True,True,False,True,True,False,True,True,False,True
False,False,True,False,False,True,False,True,True,False
False,False,True,False,True,False,True,True,True,True
True,False,True,False,False,False,False,False,False,False
True,True,False,False,False,True,False,True,False,True
True,False,False,True,False,False,False,True,True,False
False,False,True,True,False,True,False,True,True,True
False,False,False,False,False,True,False,True,False,False
True,False,True,True,True,True,True,True,True,False
True,False,True,True,True,True,False,True,True,False
False,True,False,False,False,True,True,True,True,False
True,True,True,True,True,False,True,False,False,False
True,True,False,False,False,True,False,False,False,True
False,True,False,False,False,False,False,True,True,True
True,True,True,False,True,False,False,True,True,True
True,False,False,True,False,True,False,False,False,False
True,False,False,True,False,True,True,True,False,False
False,True,False,False,True,False,True,True,False,False
False,False,False,False,True,True,False,False,False,False
False,False,False,False,False,True,False,False,False,True
False,True,False,True,False,False,True,False,True,True
False,True,False,True,False,False,True,True,False,False
False,True,True,True,False,False,True,True,True,True
False,False,True,True,True,False,True,True,True,True
True,True,False,False,False,True,False,False,False,False
False,True,False,False,True,True,True,True,False,True
True,False,False,True,False,False,False,True,False,False
False,False,True,False,False,False,True,True,True,False
True,False,True,True,True,False,False,False,True,True
True,False,True,False,True,True,True,True,False,False
False,True,False,True,False,True,True,True,True,True
False,True,False,False,True,False,True,False,False,True
False,True,False,False,True,False,False,True,True,False
True,False,False,True,True,False,True,False,True,False
False,True,True,True,False,True,True,True,False,True
True,True,True,False,False,False,True,True,True,True
True,True,True,False,False,True,False,False,True,True
False,False,True,False,True,False,False,True,False,False
True,True,False,True,True,True,False,True,True,False
True,False,False,False,True,False,True,False,True,False
False,True,False,True,True,False,False,False,True,True
True,True,True,False,True,True,True,False,True,False
False,False,True,False,True,False,True,False,False,False
True,False,True,True,False,True,False,False,True,False
False,False,False,True,True,False,True,True,True,True
True,True,False,False,False,True,True,False,False,False
False,True,False,True,True,False,False,True,True,True
False,False,True,True,False,True,False,False,False,False
False,False,True,True,False,True,False,True,True,True
False,False,False,False,False,False,True,False,False,False
True,False,False,False,False,False,False,False,True,False
False,True,True,True,False,True,False,True,False,False
False,False,True,False,False,False,False,False,False,True
False,True,True,False,True,True,True,True,True,True
True,False,False,False,True,True,False,True,False,False
False,True,False,True,True,False,False,False,True,False
False,False,False,False,True,True,True,True,False,True
False,True,False,True,True,True,True,False,True,True
False,False,False,False,False,True,False,True,True,True
True,True,False,True,False,False,True,True,True,False
True,True,False,True,False,True,False,True,False,True
True,True,False,True,True,False,False,False,False,True
True,False,False,False,False,False,False,True,True,True
True,False,True,False,True,True,False,False,True,True
False,False,True,True,True,True,True,True,False,True
False,True,False,True,False,True,False,False,True,True
True,True,True,True,True,False,False,True,True,True
True,False,True,False,False,False,False,True,False,True
False,True,True,False,False,False,True,False,False,False
False,True,False,True,False,False,False,False,True,False
False,False,False,True,False,True,True,True,True,False
False,True,False,True,True,True,False,True,False,False
True,False,True,False,False,True,True,True,True,False
True,False,False,True,False,False,False,False,True,True
False,True,True,False,True,True,True,True,False,True
False,True,True,False,False,True,True,True,True,True
True,True,False,True,True,False,True,False,True,True
True,False,True,False,True,True,False,False,True,False
False,True,True,True,True,False,True,True,False,False
False,True,True,False,False,False,True,True,False,False
False,False,True,True,True,True,False,True,True,True
True,True,True,True,False,True,False,True,True,True
True,False,False,True,False,True,False,True,True,True
True,True,False,True,True,False,True,True,False,True
False,True,False,True,True,False,False,True,True,False
False,True,True,False,True,True,False,True,False,False
False,False,True,True,False,False,True,True,False,True
True,False,True,False,False,True,False,True,False,True
False,False,False,True,True,False,False,False,True,True
True,False,True,False,True,True,False,False,False,False
False,True,True,False,False,True,False,True,True,True
False,False,True,True,True,False,False,False,True,False
True,False,True,False,True,True,False,False,True,True
True,True,False,True,True,True,False,True,False,False
True,True,False,True,False,False,False,True,True,True
True,True,True,True,True,False,False,False,False,True
True,False,False,True,True,False,False,False,True,True
False,False,False,True,True,True,True,True,False,False
False,False,True,True,False,False,False,True,False,False
True,True,False,False,False,True,False,False,True,False
False,True,True,True,False,True,False,False,False,True
True,True,True,False,False,False,False,True,False,False
True,False,False,False,True,True,True,False,True,False
False,True,True,False,False,False,False,False,True,False
False,False,True,True,False,False,True,False,False,False
True,False,False,True,True,False,True,False,True,True
True,False,False,False,False,False,False,False,False,True
True,False,True,True,False,False,True,True,False,False
True,False,False,False,False,True,False,True,True,True
False,False,True,False,True,True,True,True,True,True
False,True,False,True,True,False,False,True,True,True
True,True,True,False,False,True,False,True,True,True
False,True,True,False,True,True,False,False,True,False
False,True,False,True,False,False,True,False,False,True
True,False,False,True,True,False,True,False,False,False
False,False,True,False,True,True,True,False,True,False
True,True,True,True,False,True,True,False,False,False
True,False,True,False,True,False,False,False,True,False
False,True,False,False,True,False,False,True,True,False
False,True,True,False,False,True,False,True,True,True
False,False,True,False,False,True,False,True,True,False
True,False,True,True,False,False,True,True,True,True
False,False,True,False,True,True,True,False,True,False
False,True,True,False,True,False,True,True,True,False
False,False,False,False,True,True,False,True,True,True
False,False,True,False,False,True,True,False,True,True
False,False,True,False,False,True,False,True,True,True
True,True,True,False,True,False,True,True,False,True
False,False,True,False,True,False,False,True,False,True
True,True,True,False,True,True,True,False,True,False
False,False,True,False,False,False,False,False,True,True
False,False,True,True,True,False,True,True,True,True
False,True,True,False,True,True,True,True,False,False
False,False,False,False,False,False,False,False,False,True
True,False,True,True,True,True,True,False,False,True
True,False,True,True,False,True,True,False,False,True
False,False,False,True,False,False,True,False,False,False
True,False,False,True,False,True,True,True,False,False
True,False,True,False,False,True,True,True,False,True
False,True,False,True,True,False,False,True,True,False
True,True,False,True,True,False,False,True,False,False
True,False,True,False,False,True,True,True,True,False
False,False,False,True,True,False,False,True,True,True
True,True,True,True,True,False,True,False,False,True
True,False,True,True,True,True,True,True,True,True
False,True,False,True,False,True,True,True,True,True
False,False,False,True,False,True,False,True,True,True
False,False,True,True,True,False,False,False,False,False
True,False,True,True,False,False,False,False,True,False
True,False,True,False,False,False,False,False,False,True
False,False,True,False,False,True,False,True,True,False
False,False,False,True,False,True,True,True,True,True
True,True,False,True,False,True,True,True,False,False
False,False,False,True,True,True,True,True,False,True
False,True,True,True,True,False,False,True,True,False
False,True,True,True,False,False,True,True,False,False
True,False,False,True,True,True,False,False,False,False
False,False,True,True,False,False,True,False,False,False
True,True,True,False,True,False,False,True,True,False
False,False,True,True,False,True,True,False,False,True
True,False,True,True,False,True,False,False,True,False
True,True,False,True,True,False,False,False,False,True
False,False,False,False,True,False,False,False,True,True
True,True,True,True,True,True,False,True,False,True
True,False,True,True,True,False,True,False,True,False
True,True,False,True,False,False,True,False,False,False
False,True,False,False,True,True,False,True,True,False
True,True,True,True,True,False,True,True,False,False
False,True,True,False,False,False,True,True,True,True
False,False,False,False,False,False,True,True,True,True
True,True,False,False,True,True,True,False,False,True
False,False,False,False,False,True,True,True,False,False
False,True,False,False,True,False,True,True,True,True
False,False,False,True,True,True,True,False,False,False
False,True,False,True,True,True,True,True,True,False
True,False,False,True,False,False,False,False,True,False
False,True,False,False,False,False,False,True,False,False
True,False,False,False,False,False,True,False,True,True
True,True,False,True,False,False,False,True,True,True
False,False,False,False,False,True,False,True,False,True
True,False,True,False,False,False,True,True,True,True
True,True,False,False,False,False,True,False,False,True
True,True,False,True,False,True,False,False,False,True
True,False,False,True,False,False,False,False,False,False
True,False,False,True,True,True,True,True,True,False
False,False,True,False,False,False,True,False,True,True
False,True,False,True,False,True,True,False,False,True
True,True,True,True,True,False,True,False,False,False
False,False,True,True,False,True,True,False,False,True
True,False,False,False,True,False,False,True,False,True
True,False,False,False,True,True,True,True,True,True
True,True,False,False,False,False,False,False,True,True
False,False,True,True,True,True,True,True,True,True
False,False,True,False,True,False,True,True,False,False
False,False,True,True,True,True,True,False,True,False
False,False,False,True,False,False,True,False,True,True
True,True,False,True,False,True,True,False,True,True
True,False,True,True,False,False,True,False,True,False
False,False,False,False,False,False,False,False,False,True
False,True,False,False,False,False,True,True,True,False
False,True,False,True,False,False,False,True,True,False
False,False,False,False,True,True,True,True,True,True
False,False,True,False,False,False,True,True,True,True
True,False,False,True,False,False,True,False,True,False
False,False,True,False,False,True,False,True,True,True
False,False,True,True,False,True,False,True,True,False
False,True,True,False,False,False,True,True,True,True
False,False,True,False,True,False,False,False,False,False
False,False,False,False,False,False,True,True,True,True
False,True,False,True,False,False,True,True,False,False
True,False,True,True,False,False,False,False,True,True
False,False,False,False,True,True,False,True,False,True
False,True,True,True,False,False,True,False,True,True
False,False,False,True,False,False,False,True,True,True
False,True,True,True,False,True,True,False,True,False
False,False,False,True,False,False,False,True,False,True
True,True,False,False,True,False,False,True,True,True
False,True,True,True,False,True,False,True,True,True
True,True,False,False,True,True,True,False,False,False
True,False,False,False,True,True,True,True,True,False
False,False,False,True,False,True,True,False,False,True
False,False,False,True,False,False,True,True,True,False
False,False,False,False,False,False,False,True,True,False
True,False,False,True,False,True,False,True,True,True
False,False,False,True,False,False,False,False,True,True
False,True,False,True,True,False,False,True,False,True
True,True,False,False,True,True,False,True,True,False
True,True,False,False,True,False,True,True,False,False
True,False,False,False,False,False,False,False,False,True
False,True,True,False,True,False,False,True,True,True
False,False,False,True,False,False,True,False,True,True
True,False,False,True,False,False,False,True,False,False
True,False,True,True,True,True,True,False,False,True
True,True,False,False,True,False,False,True,False,False
True,False,False,False,True,True,False,False,False,True
True,False,True,False,False,False,True,True,False,True
False,False,False,True,True,False,False,True,True,True
False,False,False,True,False,True,False,True,False,True
True,False,False,False,True,False,False,True,True,True
True,False,True,True,True,False,True,True,False,False
True,False,False,True,False,True,True,True,False,False
True,True,False,False,True,False,False,False,True,True
False,True,False,True,False,False,True,False,False,False
True,True,True,True,True,True,False,False,False,False
False,False,True,True,False,False,True,True,True,False
True,True,False,True,False,False,True,True,False,True
False,True,False,True,False,False,True,True,True,False
True,True,True,False,False,True,False,True,True,True
False,True,True,False,True,True,False,True,False,True
False,True,True,True,False,True,True,False,True,False
True,True,False,False,False,True,False,True,False,False
False,False,True,True,True,False,False,False,True,True
False,False,True,True,True,False,False,True,False,True
True,True,False,False,False,True,False,True,False,True
True,False,False,True,True,True,False,True,False,True
False,True,True,False,False,True,False,True,True,False
True,False,True,False,False,True,False,True,False,False
False,True,False,True,False,True,False,False,True,True
False,False,True,False,False,False,False,True,True,False
True,True,False,False,True,True,False,False,True,False
False,True,True,True,False,False,False,False,True,True
False,False,False,True,True,False,True,True,True,False
True,True,True,False,False,False,False,True,True,False
True,False,False,True,False,False,False,True,True,False
False,True,False,False,False,False,False,True,True,True
True,False,False,True,False,False,True,False,True,False
False,True,True,True,True,False,False,False,False,False
False,False,True,True,False,False,False,True,False,False
True,False,False,False,True,False,True,False,False,False
False,False,True,False,True,True,False,True,True,True
True,True,True,False,True,True,False,True,False,True
False,False,True,True,True,False,True,True,False,False
True,False,True,True,True,False,False,False,False,True
False,True,True,True,True,False,True,True,False,True
True,True,True,False,False,False,True,True,False,False
True,False,True,False,False,False,True,False,False,True
False,False,False,True,True,True,True,False,False,True
True,True,True,True,True,True,False,False,False,True
False,False,True,False,False,True,True,False,True,True
True,False,True,True,False,True,False,True,True,False
False,True,True,False,True,True,False,True,False,True
False,False,True,False,True,True,True,True,True,False
True,True,True,False,False,True,False,True,False,True
False,False,True,True,True,True,False,True,True,False
True,True,True,True,False,True,True,True,True,False
True,True,False,False,False,False,False,True,True,False
True,False,True,False,False,True,False,False,False,False
False,False,True,False,False,False,True,False,False,True
True,True,False,False,False,False,True,True,True,True
False,True,False,False,True,True,False,True,False,False
True,False,False,False,True,False,True,False,True,False
True,True,False,True,True,False,False,False,True,False
True,False,False,True,True,True,False,False,False,False
True,False,True,False,True,False,True,False,False,True
True,False,False,True,True,True,True,False,True,False
False,True,False,False,True,False,False,True,False,True
False,False,False,False,False,False,True,True,False,False
True,False,True,True,True,True,False,False,True,True
True,True,True,False,True,False,False,True,True,False
False,False,True,False,False,False,False,True,True,True
True,True,False,True,True,True,True,True,False,True
True,True,False,False,True,False,False,False,False,False
True,True,False,True,True,False,True,False,True,True
True,True,True,True,True,False,False,True,True,True
True,False,True,True,False,True,True,False,True,False
True,False,True,False,True,False,True,False,False,False
False,True,True,False,False,False,True,False,False,True
False,False,True,True,True,False,False,True,True,False
True,False,False,False,True,True,True,False,False,False
True,False,True,False,False,False,True,False,False,False
False,True,False,True,True,True,False,False,False,False
False,True,False,True,True,False,False,False,True,False
False,True,False,True,True,True,False,True,False,False
True,True,True,True,False,False,False,True,False,True
False,False,False,True,False,False,True,False,True,True
True,False,False,True,False,False,True,False,True,True
True,False,False,True,True,True,False,True,False,False
True,False,True,True,True,True,False,True,True,True
False,True,True,True,True,True,False,False,False,False
False,False,False,False,False,True,True,False,True,False
True,True,True,False,False,True,True,False,False,True
False,True,True,True,False,True,False,True,False,True
True,True,False,False,True,True,False,True,True,False
False,True,True,True,True,False,False,False,False,True
False,True,False,False,True,True,True,False,True,False
True,False,True,True,True,False,True,True,False,False
True,True,False,True,True,True,True,False,False,True
True,False,False,True,True,True,True,False,True,True
True,True,False,True,True,True,True,False,True,False
True,False,True,False,True,False,True,False,True,False
False,False,True,True,True,False,False,False,True,True
False,False,True,True,True,True,False,True,False,True
False,False,False,False,True,False,False,True,False,False
False,True,False,False,False,True,False,True,False,True
True,False,False,True,True,True,True,False,True,False
False,True,False,True,False,True,True,True,False,True
True,True,False,False,False,True,True,False,True,False
False,True,True,True,True,True,False,True,True,False
True,False,False,True,False,False,False,True,False,False
True,True,False,False,True,True,True,False,True,False
False,True,True,True,False,False,True,False,False,True
False,False,True,False,True,True,True,True,False,False
True,True,False,True,False,False,True,False,True,False
False,False,False,True,True,False,False,False,False,False
False,False,False,False,False,False,False,False,False,True
False,False,False,True,False,True,False,True,True,True
False,True,True,True,True,False,True,False,False,True
False,True,False,True,True,True,False,False,True,True
False,False,True,True,False,False,True,True,False,False
False,False,False,False,False,False,False,False,False,False
False,False,True,False,True,False,True,True,False,True
False,True,True,True,False,True,False,True,True,True
False,True,True,False,False,False,True,False,False,False
False,True,True,False,False,False,False,False,True,False
False,True,False,False,False,False,False,True,True,False
True,True,True,True,True,True,True,True,True,True
False,False,True,True,False,False,False,True,True,False
True,True,True,True,True,True,True,False,False,True
True,False,False,True,True,True,True,False,True,True
True,True,False,True,False,False,True,False,True,True
False,False,False,True,False,True,False,True,False,False
True,False,False,True,True,True,False,False,False,False
True,False,True,False,False,True,False,False,False,True
True,True,True,False,True,False,False,False,False,False
False,False,False,False,True,True,False,False,True,False
True,True,True,True,False,True,True,True,True,False
True,False,False,False,False,True,False,False,True,False
False,False,False,True,False,True,False,True,True,True
False,True,True,True,False,True,False,False,False,False
False,True,False,False,False,True,False,False,False,False
False,False,False,False,True,False,False,True,False,True
True,True,False,True,True,False,False,False,True,False
True,False,False,False,False,True,False,True,False,True
False,False,False,True,True,True,False,False,True,False
True,False,True,False,False,True,True,False,True,True
True,True,False,False,True,True,False,False,True,False
False,False,True,True,False,True,True,True,True,False
True,True,False,False,True,False,True,True,False,False
False,False,False,True,False,False,True,True,True,True
True,False,False,False,False,True,False,False,False,False
True,False,True,False,True,True,False,True,False,True
False,True,True,False,False,False,True,False,True,True
False,False,False,True,True,False,True,False,True,True
False,True,True,False,False,True,True,False,False,False
False,True,False,True,False,False,False,False,True,False
True,False,True,False,False,True,True,False,True,True
False,True,True,True,False,True,False,False,False,True
True,False,True,False,True,True,True,False,True,True
False,False,True,False,True,True,True,False,False,True
False,True,False,False,True,False,True,False,True,False
True,True,False,False,False,False,False,True,False,True
False,True,True,False,True,True,True,True,False,False
True,True,True,True,False,False,False,False,False,False
False,False,True,False,False,False,False,True,True,False
True,False,True,True,False,False,True,False,True,True
True,True,False,True,True,False,True,False,True,True
False,False,True,True,False,False,False,False,False,False
False,True,False,False,False,True,True,False,True,True
True,False,True,True,True,True,False,False,True,True
True,False,True,True,False,False,False,False,False,False
False,False,False,True,True,True,False,False,False,False
True,False,False,True,True,False,True,False,False,False
True,False,False,True,False,False,True,False,False,True
False,True,False,False,True,True,True,False,True,True
True,True,False,True,True,False,True,False,True,True
True,False,False,False,False,True,True,True,True,False
True,False,False,False,True,True,True,False,False,False
True,False,True,False,False,False,False,False,False,True
False,True,True,False,False,True,False,False,True,True
True,False,True,False,False,False,False,True,False,False
False,False,False,True,True,True,False,False,True,True
True,True,True,True,True,True,True,False,True,True
False,True,True,False,False,True,False,True,True,True
True,True,False,False,True,True,False,True,False,False
False,False,True,True,True,False,True,True,False,False
True,True,False,True,False,True,True,False,False,True
False,False,True,False,False,False,False,False,True,False
True,True,False,True,True,False,True,False,False,True
True,True,False,True,True,False,True,True,False,True
True,True,True,True,True,True,False,True,False,False
True,False,True,False,False,True,False,True,True,True
True,True,True,False,True,False,True,True,True,True
False,True,True,False,False,True,False,False,True,False
True,False,False,True,False,False,True,True,False,True
False,False,False,False,False,True,True,False,False,True
False,False,False,True,False,True,True,True,True,False
True,True,False,True,True,True,False,True,False,False
False,False,False,False,True,False,True,False,False,False
False,True,False,False,False,False,False,False,True,True
False,True,False,True,True,False,False,False,False,False
True,True,True,False,True,True,True,True,True,True
True,True,False,False,True,False,False,False,True,True
False,False,True,False,False,True,False,False,True,False
False,True,False,False,False,False,True,True,True,True
False,False,False,True,False,True,True,False,True,False
False,True,True,True,True,True,False,True,True,False
True,False,True,False,False,False,False,True,True,True
False,True,True,False,False,False,True,True,False,True
False,True,False,False,True,True,False,True,False,False
True,True,True,False,True,True,True,True,True,False
False,True,False,False,True,True,False,True,True,True
True,False,True,False,True,True,True,False,False,True
True,True,True,False,False,True,False,False,True,False
True,True,True,False,False,False,False,True,False,True
True,False,False,True,True,True,False,False,True,False
True,False,True,True,False,False,True,False,False,True
True,True,True,True,False,False,True,False,False,False
True,False,False,True,False,False,True,True,True,False
False,False,True,True,True,False,False,True,True,False
True,True,True,False,True,True,True,True,True,False
True,False,True,False,False,False,True,False,False,False
False,True,True,True,False,True,True,True,True,True
False,True,False,True,True,True,True,False,False,False
False,False,True,False,True,False,False,True,True,False
False,False,True,False,False,True,True,True,True,False
True,True,False,True,False,False,False,True,False,False
True,True,False,True,True,True,True,True,False,False
True,True,False,True,False,True,False,True,True,True
True,False,False,True,True,False,True,True,True,False
True,True,True,False,False,False,False,False,False,False
True,True,False,True,False,True,True,True,False,False
True,True,False,False,False,False,False,False,True,True
True,False,True,True,False,True,True,False,False,False
True,True,False,True,False,False,True,True,False,False
False,False,False,False,True,False,True,False,False,True
False,True,False,False,True,False,True,True,True,True
True,False,True,False,False,True,False,False,False,True
False,True,True,False,True,True,True,False,True,False
True,False,False,False,False,False,True,True,True,False
False,True,False,True,False,True,False,True,True,True
True,True,True,True,False,False,True,False,True,False
True,False,False,True,False,False,False,False,True,True
True,True,True,False,True,False,False,False,False,False
False,True,False,False,True,False,True,False,False,True
False,True,False,True,True,True,False,True,True,True
False,False,True,False,False,True,True,True,False,True
False,True,False,False,True,True,False,True,True,False
True,False,True,False,True,False,True,True,True,False
True,False,False,True,False,True,False,True,True,True
False,False,False,True,False,False,True,True,False,True
False,True,False,False,True,True,False,False,False,True
True,True,False,False,False,True,False,True,False,False
False,False,False,False,True,True,False,False,False,False
True,False,False,False,True,False,False,True,False,False
False,True,False,False,False,False,False,False,False,False
False,False,True,True,False,True,False,True,False,False
True,True,False,True,True,False,True,True,False,False
True,True,False,False,False,True,True,False,False,False
True,True,False,False,False,False,True,False,True,True
True,True,False,True,True,False,True,True,True,False
False,False,True,True,True,False,False,False,False,True
True,False,False,False,False,False,True,True,False,False
False,True,True,False,False,False,False,False,False,True
False,True,True,False,True,False,True,False,True,True
True,False,False,False,True,False,True,False,False,False
False,False,True,False,False,False,False,False,False,False
True,True,True,True,False,True,True,False,True,True
False,False,True,True,True,True,False,True,False,False
False,True,True,False,False,True,True,False,False,False
True,False,False,False,False,True,True,False,False,False
True,False,False,True,True,True,True,True,False,True
True,True,True,True,True,True,False,True,False,False
True,False,True,False,True,False,False,False,True,False
True,True,False,False,False,True,True,True,False,False
True,True,False,True,False,False,True,False,False,False
False,False,True,True,True,False,False,False,True,True
False,False,True,False,True,True,False,True,True,True
False,True,False,False,True,False,False,True,False,True
False,False,False,False,True,True,True,False,False,False
True,False,False,True,False,False,False,False,False,True
True,False,True,False,True,False,True,False,False,True
False,True,False,False,False,True,True,False,False,True
True,True,True,True,False,True,True,True,True,False
True,True,True,False,False,False,True,True,False,True
False,True,False,False,True,False,False,True,True,True
True,True,True,True,False,False,False,True,False,False
True,True,False,False,True,True,True,True,False,True
False,False,True,False,False,True,True,False,True,True
False,False,True,True,False,True,True,True,True,False
False,False,True,True,True,True,True,False,False,False
False,False,False,True,False,False,False,False,False,True
False,False,True,True,True,True,True,False,True,True
False,False,True,True,True,False,True,True,True,False
True,False,False,False,False,False,True,True,False,True
False,True,True,True,False,True,False,True,True,False
False,True,True,False,False,False,True,True,True,False
True,False,True,False,True,False,False,False,False,False
True,True,False,False,False,True,False,False,False,True
True,False,True,True,True,True,True,False,True,True
True,False,True,False,False,True,True,True,False,False
False,False,True,False,False,False,False,False,False,True
True,False,True,False,False,True,True,False,True,True
True,True,True,False,True,True,False,True,False,True
False,True,True,False,True,False,False,False,True,False
True,False,True,False,True,False,True,True,False,False
True,True,False,True,True,False,False,True,True,True
True,False,False,False,True,True,True,True,False,True
True,True,True,True,False,True,False,True,True,True
False,True,True,False,True,False,True,False,True,True
True,False,True,False,True,True,True,True,False,True
False,True,False,True,False,True,False,True,True,False
True,True,True,True,False,False,False,False,True,False
False,True,False,False,True,False,True,False,False,True
False,True,True,True,True,False,True,False,True,True
False,False,False,False,True,False,False,True,False,False
False,False,True,True,True,True,True,False,False,True
True,True,True,False,True,True,True,False,False,True
False,True,True,False,False,False,False,False,True,False
True,True,True,False,False,True,False,False,True,False
True,True,True,False,True,True,False,False,True,True
False,True,True,False,False,True,True,False,True,False
False,True,True,True,False,True,False,False,True,False
True,True,True,True,True,False,False,False,False,True
False,False,True,False,False,True,True,False,True,False
False,False,False,False,False,True,False,False,False,False
True,True,False,True,False,True,True,False,False,False
True,True,False,True,False,True,True,True,True,True
False,True,False,False,False,False,False,True,False,True
False,True,False,True,False,True,False,False,False,False
False,False,True,True,True,True,False,False,True,False
False,True,False,True,True,True,True,True,True,False
True,True,False,False,True,False,False,False,False,False
False,True,True,False,False,True,True,True,False,False
False,False,False,False,False,False,True,True,False,True
False,False,False,False,True,False,True,False,False,True
False,True,False,True,True,True,True,True,True,True
True,True,True,True,True,False,True,False,False,False
False,True,False,False,True,False,False,False,False,False
True,False,False,False,True,False,False,True,False,True
False,True,False,True,False,False,True,False,False,True
False,False,False,True,True,True,False,False,True,False
True,True,True,False,True,False,True,True,False,True
False,True,True,False,True,False,False,False,True,False
True,True,True,False,True,True,False,False,True,False
False,True,True,True,False,False,True,True,True,False
False,False,True,True,False,False,False,False,False,True
True,False,False,False,True,True,False,False,True,False
True,False,True,True,False,False,False,False,True,False
False,False,False,True,False,True,False,False,False,False
False,True,False,False,False,True,False,False,False,False
False,True,False,True,True,True,False,False,True,True
True,True,False,True,True,True,True,False,False,True
False,False,True,False,True,False,True,True,False,True
False,False,False,False,True,False,False,True,False,True
False,False,True,True,False,True,False,False,True,True
False,True,True,False,False,True,False,False,True,False
False,False,True,False,False,True,True,False,True,False
False,True,False,True,False,True,True,False,False,True
False,False,False,True,True,False,False,False,False,True
False,False,True,True,True,True,True,True,False,False
False,False,False,True,True,True,False,False,False,True
True,True,False,True,False,False,True,True,True,False
False,True,True,True,True,True,True,True,True,True
False,False,False,False,False,True,True,False,False,True
False,True,False,False,False,False,True,False,False,True
False,True,False,False,False,True,False,False,True,True
True,True,False,True,True,False,False,False,False,False
False,True,True,True,False,True,True,False,True,False
True,True,False,False,True,False,True,True,False,True
False,True,True,False,True,True,False,True,False,True
True,False,True,False,False,False,False,True,True,False
True,True,True,True,False,False,False,False,False,False
False,True,True,True,False,True,True,True,False,False
False,True,False,False,True,True,False,False,False,True
False,True,False,True,False,False,False,False,False,False
True,False,True,True,False,False,True,False,False,True
False,True,False,True,True,False,True,True,False,True
True,False,False,False,True,False,True,True,True,True
True,True,True,True,True,True,True,False,False,True
False,False,False,True,False,True,True,False,False,False
False,True,False,True,True,True,True,True,True,True
True,True,True,False,False,False,True,True,False,True
True,True,False,True,True,False,True,False,True,True
False,False,False,False,True,False,False,True,True,True
False,False,True,False,False,True,False,False,False,True
True,False,False,True,False,True,True,False,False,False
True,True,False,True,False,False,False,True,True,False
True,False,True,True,False,True,True,False,False,True
False,True,False,True,True,False,False,True,False,False
True,True,True,False,False,True,False,True,False,False
False,False,False,True,False,True,True,False,False,True
True,True,True,True,False,False,False,False,False,False
True,False,True,True,True,False,False,False,False,True
True,True,False,False,True,True,False,True,False,True
False,False,False,True,True,False,False,False,False,False
False,True,True,True,False,False,False,True,True,False
False,True,True,True,False,False,False,False,False,False
False,False,False,False,False,True,False,True,True,False
False,False,False,True,True,True,True,True,False,False
False,False,True,False,False,False,True,True,True,True
True,False,False,False,True,True,False,False,False,False
False,False,False,True,True,False,True,True,True,False
False,False,False,False,True,False,True,True,True,True
True,True,False,True,True,True,False,True,True,True
True,False,True,False,True,True,True,False,True,True
True,False,True,True,True,True,True,True,True,True
True,True,False,True,True,False,False,True,False,False
True,False,True,False,False,True,True,True,False,True
True,True,True,False,True,True,False,True,False,True
True,True,True,True,True,False,False,True,True,False
False,True,True,False,False,True,False,True,True,True
True,False,True,True,True,True,False,True,False,True
True,False,False,True,True,False,False,True,False,True
True,True,True,False,True,False,False,False,False,False
True,False,True,False,False,True,False,True,True,False
False,False,True,True,True,True,False,True,True,True
True,True,False,True,True,True,False,True,True,False
True,True,True,False,True,True,True,False,True,True
False,False,True,True,True,True,False,True,False,True
True,False,True,True,False,False,True,True,False,True
False,True,False,False,True,False,False,False,True,False
True,False,False,True,True,True,True,True,False,True
False,True,True,True,True,True,False,True,False,True
True,False,False,False,True,False,True,True,True,False
True,True,True,True,False,False,True,True,False,False
True,True,False,True,False,True,True,False,True,True
True,False,False,True,False,True,True,True,False,False
True,True,False,False,True,False,False,True,True,False
False,False,False,False,True,False,False,False,True,True
False,True,False,False,True,False,False,True,True,True
False,False,False,False,False,True,False,False,True,False
True,True,True,True,False,False,False,False,False,False
True,True,True,False,True,True,True,False,False,True
True,False,False,True,True,False,True,False,False,False
False,False,True,True,False,True,False,True,False,False
False,True,True,True,False,False,True,True,False,True
True,False,True,True,False,True,True,True,True,False
True,True,False,True,True,False,False,False,False,True
False,True,False,False,True,True,True,True,True,False
False,True,True,True,True,False,False,False,False,True
False,False,False,True,False,False,True,False,True,True
False,False,False,False,False,True,False,False,True,False
False,True,False,False,False,True,True,False,True,True
False,True,False,False,True,True,True,True,False,False
True,False,True,True,False,True,True,True,False,True
True,False,False,False,True,False,False,True,True,True
True,True,False,True,False,True,False,False,True,True
False,False,True,True,False,False,True,False,False,True
True,False,True,True,True,True,True,True,False,False
False,False,True,False,True,False,False,False,False,True
False,True,False,True,False,True,False,True,True,False
True,False,True,False,False,True,False,True,True,True
True,False,True,False,False,True,False,False,False,False
True,False,True,False,False,False,True,True,False,False
True,False,False,True,False,False,True,True,True,False
True,True,True,True,True,True,True,True,False,False
False,True,True,True,False,True,False,True,False,True
True,True,False,True,False,False,True,False,False,False
True,False,True,False,False,False,False,False,False,False
False,False,True,True,False,False,False,False,True,False
False,True,True,True,False,True,True,False,False,True
False,True,False,True,False,True,True,True,True,True
True,False,False,False,False,False,False,False,False,False
True,False,True,True,False,True,True,False,False,False
False,True,False,True,True,True,True,False,False,True
True,False,True,False,False,True,False,True,True,True
False,True,False,True,True,False,True,False,True,True
False,True,False,False,False,False,True,False,False,True
True,True,False,False,True,True,True,False,False,False
False,True,True,True,True,True,False,True,False,False
True,False,False,False,False,False,True,True,True,True
True,False,True,False,False,True,True,False,False,True
True,True,False,True,False,True,False,True,True,False
False,True,False,False,True,False,False,True,True,False
True,False,True,True,False,False,False,True,False,False
False,True,True,False,True,True,True,False,False,False
False,False,False,False,True,False,True,False,False,False
True,False,True,False,True,False,False,True,True,False
False,True,True,True,True,True,False,True,False,True
False,False,True,True,True,False,False,True,True,False
True,False,True,True,False,False,False,False,True,False
True,True,True,False,True,False,True,True,True,True
False,True,False,False,False,False,True,True,False,True
False,False,False,True,False,False,False,True,False,True
False,True,False,True,True,True,False,True,True,True
False,False,False,False,False,False,False,True,True,False
True,True,False,True,False,False,True,False,True,True
True,True,True,True,False,True,False,True,True,True
True,True,True,False,True,False,True,True,True,True
False,False,True,True,False,False,False,True,True,True
False,False,True,True,False,True,True,False,True,True
True,False,True,False,False,False,False,True,False,True
True,False,True,True,True,False,False,True,True,True
False,False,True,True,False,True,False,False,False,False
True,False,True,False,False,False,True,False,True,True
True,False,True,True,False,True,False,False,False,True
True,True,True,True,True,False,False,True,False,True
False,True,False,True,False,True,False,True,True,False
False,True,False,True,True,False,True,True,False,True
False,True,False,True,False,False,True,True,True,True
False,True,True,False,True,True,True,False,False,False
True,True,False,True,True,True,True,True,False,True
True,False,True,False,True,True,True,True,False,True
True,False,False,False,False,True,True,True,False,True
False,True,True,True,True,True,True,True,False,False
True,False,False,False,False,True,True,True,True,True
True,True,False,True,True,True,True,True,False,False
True,False,False,False,True,True,False,False,False,True
True,True,True,True,False,True,True,False,False,False
True,False,False,True,False,True,True,True,False,False
True,True,False,True,False,False,False,True,True,True
True,True,False,False,False,False,False,True,False,True
False,True,False,False,False,False,True,False,False,True
True,False,True,True,True,True,True,True,True,True
True,False,True,False,True,True,True,False,False,False
False,True,False,False,False,False,True,False,False,False
False,False,True,True,True,False,True,False,False,True
False,False,False,False,False,True,True,True,False,True
False,False,True,False,False,True,False,True,True,True
False,False,True,True,True,True,False,True,False,False
True,True,False,True,True,False,True,True,True,False
False,True,True,False,True,True,False,False,True,True
True,True,False,False,True,True,True,False,False,True
True,True,True,True,False,True,False,False,True,True
True,False,True,False,True,True,False,False,True,False
True,True,True,True,False,True,False,True,False,True
False,False,False,True,False,False,True,False,False,False
False,False,True,True,False,True,False,True,True,False
False,True,False,False,True,True,False,True,True,True
True,True,False,True,False,True,True,False,False,True
True,False,False,False,True,True,False,False,True,False
False,True,True,True,True,False,False,True,False,False
True,False,True,True,False,False,False,True,True,False
False,False,False,False,False,False,True,False,True,True
False,False,True,False,False,False,True,True,False,False
False,False,False,False,True,True,True,True,False,False
False,True,True,True,False,False,False,True,True,True
True,True,False,True,False,False,False,True,True,True
False,True,False,False,False,True,True,False,True,False
True,True,True,False,True,False,True,False,True,True
False,True,True,True,False,False,False,True,True,True
True,False,False,True,True,False,True,True,True,True
False,True,True,True,True,True,False,False,True,False
False,False,False,True,False,True,True,True,True,True
True,True,True,False,False,False,False,False,True,True
True,True,True,True,False,True,True,True,True,True
False,False,True,False,True,True,True,True,True,True
True,False,False,False,True,False,False,True,False,True
True,True,True,False,True,True,False,True,True,False
False,False,True,True,True,True,False,False,True,False
True,False,False,True,True,False,False,True,False,True
False,False,False,True,True,False,False,True,True,True
False,False,False,True,False,True,True,False,False,True
False,False,False,True,True,True,True,True,True,False
True,False,False,False,True,True,True,False,False,False
True,True,False,True,False,True,False,True,True,False
True,False,False,False,True,False,True,True,False,True
False,True,True,False,True,False,False,True,True,True
False,False,True,True,True,True,False,False,False,False
False,False,False,True,True,True,True,True,False,True
True,True,True,True,True,True,True,False,True,True
True,True,False,False,False,False,False,True,True,False
False,True,True,False,False,False,False,True,True,True
True,False,False,False,False,True,False,True,False,False
False,False,False,True,False,True,True,True,False,False
True,True,False,False,True,False,True,False,False,True
True,True,True,True,False,False,False,True,False,False
True,True,False,False,False,False,True,False,True,False
False,False,False,False,False,True,False,False,False,True
False,True,False,False,True,True,False,False,True,False
False,True,True,True,True,False,True,True,False,True
True,False,True,False,True,False,True,False,True,False
False,True,False,True,True,True,True,True,False,False
True,True,True,True,True,True,False,True,True,True
False,False,False,True,True,True,True,False,False,True
False,True,False,True,False,True,False,False,False,False
True,True,True,True,True,True,True,False,True,True
False,False,True,False,False,True,True,False,False,False
True,True,True,False,False,False,False,True,False,True
False,True,True,True,True,False,False,False,False,False
True,True,False,True,False,True,False,False,True,False
True,False,True,True,True,False,False,True,True,False
False,True,True,True,False,False,True,True,False,False
False,False,True,True,False,False,True,False,False,True
True,True,False,True,True,False,False,False,True,False
False,False,True,False,False,False,False,True,True,True
False,True,False,False,False,True,True,False,True,False
True,True,True,False,False,True,True,False,True,False
False,False,False,True,True,True,True,False,False,False
True,False,False,True,False,False,True,True,False,False
False,False,False,False,False,False,True,True,False,False
True,True,False,False,True,True,True,False,False,True
False,False,True,True,True,True,False,False,True,False
True,True,True,True,False,True,True,True,True,True
False,True,False,False,True,False,False,False,False,True
True,True,True,False,False,True,True,True,True,False
True,False,False,True,False,False,False,False,True,False
True,False,True,False,False,False,False,True,True,True
True,False,False,False,False,False,True,False,True,True
False,True,True,True,False,True,True,True,True,True
False,True,False,False,False,False,True,True,True,True
False,True,False,True,True,False,False,True,False,True
False,True,False,True,False,False,False,False,True,False
False,False,False,False,False,False,True,False,True,False
False,False,True,True,False,True,True,False,False,True
True,False,True,False,False,True,False,True,False,False
False,False,False,True,False,True,True,True,False,False
False,True,True,False,True,True,False,True,True,False
False,False,False,False,False,False,False,False,False,True
True,True,True,False,False,True,False,True,False,True
True,True,False,True,False,True,False,True,True,False
True,False,True,True,False,False,True,False,False,True
True,True,False,False,False,True,False,True,False,True
False,True,True,True,True,True,True,True,True,False
True,True,False,True,False,False,False,False,True,False
False,True,False,True,True,False,True,True,False,True
False,True,True,False,False,True,True,False,False,False
False,True,False,False,True,False,True,True,False,False
False,False,False,False,False,False,True,True,False,False
True,False,False,False,True,False,True,False,True,True
True,False,False,False,False,True,True,False,True,False
False,True,False,False,False,True,False,True,True,True
False,False,True,False,False,True,True,False,True,True
False,False,False,True,True,False,True,True,True,False
False,False,False,False,False,False,True,False,False,True
True,False,True,False,False,False,True,True,False,False
False,True,True,False,False,False,False,False,True,False
True,False,False,False,False,False,False,True,False,False
False,False,False,False,False,True,True,True,False,True
False,True,False,False,True,True,True,False,False,False
False,True,False,True,False,False,True,False,True,False
False,False,False,True,True,False,False,True,True,False
False,True,True,True,True,False,False,False,False,True
False,False,True,False,True,True,False,False,False,True
True,False,False,False,False,False,True,True,False,True
True,True,False,False,False,True,False,True,True,False
False,False,False,True,True,True,False,True,False,True
False,True,True,False,True,True,False,False,True,True
False,True,False,True,True,False,True,False,True,True
True,True,True,True,True,True,False,False,False,True
False,False,True,True,False,True,False,False,True,True
True,True,False,True,False,True,False,True,True,False
False,True,True,True,False,True,True,False,False,False
False,True,False,True,True,False,False,False,True,True
True,False,False,False,True,True,True,True,True,False
False,False,False,False,True,True,False,False,False,False
False,False,False,True,True,False,True,False,True,False
False,False,False,True,False,False,False,True,True,True
True,False,False,False,True,True,True,False,False,True
True,True,True,False,True,False,True,False,True,False
True,True,True,False,False,True,True,True,False,False
False,True,False,True,False,True,True,True,True,False
True,True,True,False,True,False,False,False,True,False
False,False,False,True,False,True,False,True,False,True
False,False,True,True,False,True,True,False,True,False
True,True,True,True,True,True,True,False,False,True
True,False,True,True,True,True,False,True,True,False
True,True,False,False,True,False,False,False,True,False
False,True,False,True,True,True,False,False,False,True
False,False,True,True,False,False,True,False,True,True
False,True,True,True,False,True,False,False,True,False
False,False,False,False,False,True,True,False,True,True
True,False,True,False,False,False,True,False,False,False
True,True,True,False,False,False,True,False,False,True
False,False,False,False,False,False,False,False,False,False
True,False,False,False,False,True,False,True,False,True
False,True,False,False,False,False,False,False,True,True
False,True,True,False,False,True,True,False,False,True
False,True,False,True,True,True,False,True,False,False
False,True,True,False,True,False,True,True,False,False
False,True,True,False,True,False,False,True,False,True
True,True,True,False,True,False,False,True,True,True
False,True,False,True,True,False,True,False,True,False
False,True,True,False,True,False,True,True,False,False
True,True,False,False,False,False,True,False,False,False
True,True,True,True,True,False,False,True,True,True
False,True,False,True,False,False,True,True,False,False
True,False,False,True,True,True,False,True,False,True
False,False,False,True,False,False,False,True,True,False
False,True,True,False,False,False,False,True,False,True
False,False,False,False,True,True,False,True,True,False
False,False,False,False,False,False,True,False,True,True
True,False,True,False,True,False,False,True,True,True
True,True,False,True,True,False,False,True,False,True
True,False,True,True,True,False,True,False,True,False
False,False,True,True,False,True,False,False,False,True
True,False,True,True,False,True,True,False,True,False
False,True,True,False,False,False,False,False,False,True
True,True,False,True,True,True,True,False,False,False
True,True,True,False,False,False,False,False,False,False
True,True,False,True,False,False,False,True,True,True
False,True,False,False,True,True,True,True,False,True
True,False,True,True,False,True,True,True,False,True
False,False,True,False,False,False,True,False,False,False
False,True,True,True,False,False,False,True,False,False
True,True,False,False,True,False,False,True,False,True
False,True,False,True,False,True,False,False,True,True
False,False,False,True,True,False,False,True,False,True
True,True,False,False,True,True,False,True,False,True
False,True,True,False,True,True,False,True,False,False
True,True,False,True,False,True,False,False,True,False
False,True,True,True,True,False,True,True,True,True
False,False,True,True,False,False,False,False,False,False
False,True,True,True,False,False,False,True,False,False
False,False,True,True,False,True,False,True,True,False
True,False,True,False,False,True,False,False,True,False
True,False,True,False,True,True,True,False,True,False
False,True,True,False,False,True,True,True,True,True
False,False,True,True,True,True,True,True,True,False
True,True,False,False,True,False,False,True,True,True
True,True,True,False,False,False,True,True,True,False
True,True,True,True,False,True,False,False,True,True
True,True,True,False,True,True,True,False,True,False
False,True,False,False,False,True,True,True,False,False
True,True,False,False,False,False,False,False,False,True
False,True,False,True,True,False,False,True,False,True
False,False,True,True,False,True,False,False,False,False
False,False,True,True,True,False,False,True,False,False
True,False,False,True,True,True,False,False,True,False
True,False,True,True,True,False,True,False,True,False
False,True,False,True,False,True,False,False,True,True
False,False,True,False,True,False,True,False,True,True
True,True,True,False,True,False,False,True,True,True
True,True,True,False,False,False,True,False,False,False
True,False,False,True,True,True,False,False,True,False
True,False,True,True,True,True,True,False,True,True
False,True,False,False,True,False,True,True,True,False
True,True,False,False,False,True,True,True,True,False
False,False,False,True,True,True,False,False,False,False
False,True,True,False,False,False,False,True,True,True
False,True,True,False,False,True,True,False,False,True
True,False,True,True,False,False,False,False,False,True
False,False,False,False,False,False,False,False,True,False
True,False,False,True,False,True,False,False,True,False
False,True,False,False,False,False,True,True,False,False
True,False,False,True,False,False,False,True,False,True
False,True,False,True,False,False,False,False,True,True
True,True,True,False,False,True,False,False,False,False
True,True,True,False,False,True,False,False,True,False
False,False,False,True,False,True,True,True,False,True
True,False,False,True,True,True,False,False,False,True
False,False,False,True,True,False,False,False,False,False
True,True,True,False,False,True,True,False,False,False
True,False,False,True,False,True,False,False,False,True
False,True,True,False,False,True,False,True,True,False
False,True,True,False,True,False,False,False,False,True
False,False,True,True,False,True,True,False,False,True
True,False,True,True,False,True,True,False,True,False
True,True,True,False,False,False,False,True,False,False
False,True,False,False,False,True,False,True,False,True
True,True,True,True,False,True,False,True,False,True
True,False,False,True,True,True,False,True,True,True
False,True,True,True,False,True,False,True,True,True
False,False,True,True,False,False,False,True,True,True
True,False,True,True,True,False,False,True,True,False
False,True,False,False,True,True,False,True,False,False
False,False,False,False,False,False,True,False,True,True
True,True,True,False,False,True,False,False,False,True
True,True,False,True,False,False,True,True,True,False
False,False,False,True,False,True,False,False,True,True
True,False,True,True,True,False,False,True,True,True
True,False,False,True,True,False,True,False,True,False
False,False,True,True,True,False,True,True,False,True
False,True,True,True,False,True,True,False,False,False
False,False,True,False,True,False,True,True,True,True
True,False,True,False,False,False,False,False,True,False
True,True,False,False,True,True,False,False,True,False
False,False,False,True,True,False,True,True,False,True
True,True,True,True,False,True,True,False,False,True
True,False,False,True,True,True,False,False,False,False
True,True,False,False,True,True,False,True,True,False
True,True,False,False,False,False,False,False,False,False
False,True,True,False,True,False,False,False,True,True
True,True,False,False,True,True,True,False,False,True
True,True,True,True,True,True,False,True,True,False
True,False,False,False,True,True,False,True,False,False
True,True,True,True,False,False,True,False,False,True
True,False,False,False,False,True,False,True,False,False
False,False,True,True,False,False,True,True,False,False
False,False,False,False,True,True,False,True,False,False
True,True,False,True,True,False,True,False,True,False
False,True,True,True,False,False,True,True,False,True
False,True,False,False,True,False,True,True,False,True
True,False,False,False,False,False,False,False,False,False
False,True,False,False,True,True,False,True,False,False
False,True,True,False,False,False,True,True,False,False
False,False,True,True,False,False,False,False,True,True
True,True,True,False,True,True,True,True,True,False
True,False,True,True,False,False,False,True,True,False
True,False,True,False,False,True,False,False,False,True
False,False,False,False,False,True,True,True,False,True
True,False,False,True,False,False,False,False,True,False
True,True,False,False,True,False,True,False,False,True
False,False,False,False,False,False,False,False,True,False
False,False,False,False,False,True,True,True,True,False
False,False,True,False,False,False,False,True,False,False
True,False,True,True,True,False,False,False,True,False
False,False,True,False,False,False,False,True,True,False
False,True,True,False,True,False,False,True,False,True
False,True,False,False,True,True,False,True,True,False
False,True,True,True,False,True,True,True,True,True
True,True,False,False,True,False,True,True,True,False
True,True,False,False,True,True,False,False,True,False
True,False,False,False,True,True,False,True,True,True
False,True,False,True,True,True,False,True,True,False
False,False,True,True,False,True,True,True,False,True
False,True,True,False,True,True,False,False,True,True
True,False,False,True,True,False,True,False,True,False
False,True,True,False,False,False,True,False,False,False
True,False,True,True,True,True,True,False,False,False
True,True,True,True,True,False,False,False,True,False
True,True,False,False,True,True,True,False,False,True
True,True,False,False,False,True,True,False,False,True
True,True,True,False,False,True,True,False,True,False
True,False,False,False,False,False,False,False,True,True
False,True,False,True,False,False,True,False,False,False
False,True,True,False,False,True,False,True,False,True
True,False,False,False,False,True,True,True,True,True
False,True,True,False,False,True,True,False,True,False
False,True,True,True,True,False,True,False,True,False
True,False,True,False,False,False,False,False,False,False
False,True,True,False,False,True,False,False,False,False
False,True,False,False,True,True,False,True,True,False
True,False,True,True,True,False,False,True,True,False
False,False,True,True,False,False,True,False,True,False
False,False,True,False,False,True,True,True,True,False
False,True,True,True,False,True,False,True,False,True
False,False,False,True,False,False,True,True,True,False
False,False,True,False,True,True,True,True,True,False
True,True,False,True,True,False,True,False,False,False
False,True,True,True,True,False,False,False,False,True
True,True,False,True,False,True,False,True,True,True
False,False,False,False,True,False,False,True,True,False
False,False,False,True,True,True,False,True,False,False
False,True,True,True,False,True,True,True,False,True
True,True,True,False,False,True,True,True,False,True
False,True,False,False,False,True,False,False,True,True
True,False,False,False,False,False,True,False,False,True
False,True,True,False,False,False,True,True,False,True
False,True,True,True,False,True,True,True,True,False
False,True,True,True,False,True,False,True,False,False
False,False,True,False,False,False,False,True,True,False
False,True,False,False,True,True,False,False,True,False
True,False,True,False,False,True,False,False,True,False
False,False,False,True,True,False,True,False,True,False
True,True,False,False,False,True,False,True,True,False
True,True,True,False,False,False,True,False,True,False
True,True,False,False,True,True,False,False,False,True
True,False,False,True,False,False,True,False,False,False
False,False,False,True,True,False,True,True,True,True
True,True,False,True,True,True,True,False,False,True
False,False,False,True,False,True,False,True,False,True
False,True,False,False,True,True,False,True,False,True
False,True,False,False,True,True,True,False,True,False
False,True,False,False,False,True,True,True,False,True
True,False,False,True,True,False,False,True,False,False
True,True,False,False,False,False,False,False,True,False
False,True,True,False,False,False,False,False,False,False
False,False,True,True,True,False,False,True,False,False
True,False,True,True,False,True,True,True,True,False
True,False,False,True,False,True,True,False,False,False
True,True,True,False,True,False,False,False,True,True
False,False,True,True,False,False,False,False,False,False
True,True,True,True,True,False,False,False,False,True
True,False,True,True,False,False,False,False,False,False
True,True,True,True,True,True,True,False,False,False
True,False,False,False,False,True,False,True,False,True
True,True,True,True,True,True,True,False,False,True
True,True,True,True,True,True,True,False,True,True
False,False,False,False,True,False,False,True,True,False
True,True,True,False,True,False,True,True,True,True
False,False,True,False,True,True,False,False,False,True
False,True,True,False,False,False,True,True,False,False
True,True,True,False,True,True,True,True,False,False
True,True,False,False,True,True,True,False,False,True
True,True,False,True,False,True,True,False,False,True
True,False,False,True,True,True,False,True,False,True
True,True,True,False,False,False,True,True,True,True
True,True,True,False,True,False,True,False,False,True
False,True,True,False,False,False,True,True,False,True
False,True,True,False,True,True,False,False,True,False
False,True,True,False,True,True,False,False,True,False
True,True,True,False,False,False,True,False,False,True
True,True,False,False,False,True,False,False,False,False
True,False,False,True,False,False,True,True,True,True
True,False,False,False,False,True,True,True,True,True
True,True,True,False,True,True,True,True,True,False
False,False,False,False,True,True,True,False,False,True
True,False,False,True,True,True,False,True,True,False
False,True,False,True,True,False,True,True,False,False
True,False,True,True,True,True,True,False,True,True
True,False,True,True,True,False,True,False,True,True
True,True,True,False,True,True,True,True,False,True
True,False,True,False,False,True,True,False,True,True
True,False,False,False,False,True,True,False,True,True
True,False,True,False,False,True,True,True,False,True
False,True,False,False,True,False,False,True,True,False
True,False,False,False,True,False,True,False,True,False
False,True,False,False,False,False,False,False,False,True
True,False,False,False,True,True,True,True,True,True
True,False,True,False,True,True,False,False,False,False
False,True,False,True,False,True,True,True,False,False
True,False,True,True,True,True,True,False,False,False
False,True,True,False,False,True,False,False,True,False
True,False,False,False,True,False,True,True,True,True
True,True,True,True,False,True,False,False,True,False
True,False,True,True,True,False,False,False,False,True
True,False,False,True,False,False,True,True,True,True
True,False,True,True,True,True,True,False,False,True
True,False,True,False,True,True,False,False,True,True
True,False,False,True,True,False,True,False,True,True
True,True,True,False,True,False,False,True,True,True
True,True,False,False,True,False,True,True,True,True
False,False,False,False,True,True,False,True,True,False
False,True,True,False,False,False,False,True,False,False
False,True,True,True,True,True,True,False,True,False
True,True,True,True,True,True,False,True,False,False
False,True,True,True,False,False,False,False,True,False
True,True,False,False,False,True,False,True,False,False
True,False,False,False,False,True,False,False,False,False
True,False,True,True,False,True,True,True,True,True
False,False,False,False,False,True,True,True,True,True
False,True,False,True,True,False,False,False,True,True
True,True,False,True,True,True,True,False,False,True
True,False,False,False,True,False,True,True,True,False
True,True,False,False,False,False,True,False,True,False
False,True,False,True,False,True,True,True,False,False
True,False,True,True,True,True,True,False,False,True
True,False,False,True,True,True,True,True,True,True
False,True,True,True,True,True,True,True,True,True
False,True,True,True,False,False,True,True,False,False
True,True,True,True,False,False,True,True,False,True
True,True,False,False,False,False,True,False,False,False
False,False,True,True,True,False,True,True,True,True
False,True,True,False,False,False,True,False,False,True
True,False,True,False,True,True,False,True,True,True
True,True,False,True,True,True,True,True,False,True
False,False,True,False,True,True,True,False,False,True
True,False,False,True,False,True,True,True,True,False
False,False,False,True,False,False,False,False,False,False
True,True,False,True,False,False,True,True,False,True
True,True,True,False,False,False,False,False,False,False
False,True,False,True,True,True,False,False,True,False
False,False,True,False,False,True,True,True,False,False
True,False,True,True,False,True,True,True,True,True
True,True,False,False,False,True,True,True,True,True
True,False,True,False,True,True,False,False,True,False
True,False,False,True,False,True,False,False,True,True
True,False,True,True,True,False,True,True,True,True
False,True,True,True,False,True,False,True,True,True
True,True,True,False,False,False,False,True,False,True
True,True,True,True,False,False,False,False,True,True
False,True,True,False,False,False,True,True,True,True
False,True,False,True,False,False,True,False,True,True
True,True,True,False,False,True,False,False,False,False
True,False,False,False,False,False,False,True,True,True
False,False,False,True,False,False,False,True,True,True
True,False,True,False,True,False,True,False,True,True
True,False,False,True,True,False,False,False,True,True
True,True,True,False,False,False,False,False,False,False
False,True,False,True,True,True,True,True,False,True
True,False,False,True,True,True,False,True,False,False
True,False,False,True,False,True,False,False,False,False
True,False,False,True,False,False,True,False,True,False
True,True,False,False,True,True,False,False,False,True
False,False,True,False,False,True,False,False,True,True
False,True,True,False,True,False,False,False,True,True
False,False,False,False,True,True,True,False,False,False
False,True,False,False,False,False,False,True,True,False
False,True,False,False,False,False,True,False,True,False
False,True,True,True,False,True,True,False,False,True
False,True,True,True,False,False,True,True,False,True
False,False,True,True,True,True,False,True,True,False
True,True,False,True,True,True,False,True,True,False
True,False,False,True,True,False,True,False,False,False
False,True,True,False,False,False,True,False,False,False
False,True,False,False,True,False,False,True,False,True
False,True,True,True,False,False,True,True,True,True
True,False,True,False,False,True,True,True,False,False
True,False,True,True,True,False,False,False,False,True
False,False,True,False,True,True,False,False,False,True
True,False,True,False,True,True,True,True,True,False
True,True,True,True,True,False,False,False,False,True
True,False,True,True,False,True,False,True,True,False
False,False,True,True,False,True,True,False,True,False
True,True,False,False,True,True,False,False,False,True
False,False,False,True,False,False,False,False,True,False
False,True,True,True,True,False,True,False,False,True
True,False,False,True,True,True,False,False,False,False
False,True,True,False,True,True,True,True,False,False
False,False,False,False,True,True,True,False,True,True
False,True,False,True,False,False,False,False,False,True
True,True,True,True,False,True,True,True,True,True
True,False,True,True,True,True,True,False,False,False
True,False,False,True,True,True,False,False,True,True
False,False,False,True,True,True,True,False,False,True
True,False,False,True,False,False,True,False,True,True
True,True,True,False,True,True,False,False,True,True
False,True,False,False,False,True,False,False,False,True
False,False,False,False,False,False,True,True,True,False
False,False,False,True,False,True,False,False,True,True
True,False,True,False,True,False,False,False,False,False
True,True,True,True,True,False,True,True,False,True
True,False,True,False,True,False,False,True,True,False
True,False,False,False,True,False,False,True,False,False
True,True,True,False,False,True,True,True,True,True
True,False,False,False,True,True,True,False,False,False
True,False,True,False,True,True,True,False,False,False
False,True,True,True,False,True,True,False,False,True
False,False,False,False,False,False,False,False,False,True
False,False,False,False,True,True,False,True,False,False
False,False,False,True,False,False,True,False,True,False
False,False,False,True,False,False,False,True,False,True
False,False,True,True,True,False,True,True,True,True
True,True,False,True,True,True,False,True,True,False
False,True,True,True,True,True,False,True,False,False
False,True,True,False,False,False,True,True,False,True
True,False,False,False,True,True,False,False,True,True
True,True,False,True,False,False,True,True,True,False
False,True,True,True,False,True,True,True,True,False
True,False,False,True,True,True,False,False,False,True
False,True,True,False,True,False,True,True,True,False
False,False,False,True,False,False,False,True,False,False
False,False,True,True,True,False,False,False,True,False
False,False,False,True,True,False,False,False,False,False
True,True,False,True,True,False,False,True,False,False
True,False,False,False,True,True,True,True,False,True
True,True,False,True,False,False,False,False,False,False
True,True,True,False,True,False,False,False,False,False
False,False,True,True,False,False,True,False,True,False
True,True,True,False,False,False,True,True,False,False
False,True,True,False,False,False,True,True,False,False
False,True,False,True,True,True,False,True,False,False
True,False,True,False,False,False,False,False,False,False
True,False,True,False,False,False,False,True,False,False
False,False,True,True,False,True,False,False,False,False
True,False,True,True,False,True,True,True,False,False
True,False,True,True,True,False,False,False,False,True
False,True,True,False,True,False,False,True,False,False
False,True,True,True,False,True,False,False,False,False
True,True,False,False,True,True,False,False,True,False
True,False,True,False,True,False,True,False,False,True
True,True,False,False,False,True,False,True,True,False
True,True,True,True,False,False,True,True,True,True
True,True,False,False,False,False,True,False,True,True
False,False,False,True,False,True,False,False,False,False
False,False,True,False,True,False,False,False,False,True
False,True,False,False,True,False,True,False,False,True
True,True,True,True,True,True,False,True,True,False
True,True,False,False,True,False,True,True,True,False
True,False,False,True,False,False,True,False,False,True
False,False,False,True,False,False,False,True,False,False
True,False,False,False,False,False,False,False,False,False
True,False,True,False,True,True,True,True,True,True
True,True,False,False,True,False,True,True,False,True
True,False,True,False,False,True,True,True,True,True
True,False,False,True,False,True,False,False,True,False
False,False,False,True,True,True,True,False,True,False
False,False,True,False,False,True,False,False,False,True
False,False,False,False,False,False,True,True,True,False
True,False,True,True,False,True,False,True,False,True
False,False,False,True,True,True,True,False,False,True
True,False,True,False,True,False,False,True,False,True
True,True,True,False,True,False,False,True,False,False
True,True,False,True,True,False,True,True,False,True
False,True,True,True,True,True,True,True,False,False
False,True,True,False,False,False,True,False,False,False
False,True,False,False,False,True,False,False,True,False
True,False,False,True,False,False,True,False,True,False
True,False,False,True,True,True,False,False,False,True
False,False,False,True,False,False,False,False,False,True
False,False,True,False,False,False,False,False,False,True
False,False,False,False,True,False,False,False,False,True
True,True,False,True,False,False,True,False,False,True
False,False,True,False,False,True,True,False,False,True
False,True,False,False,False,False,False,False,False,False
True,False,False,False,False,False,True,True,False,True
False,True,False,True,True,True,False,True,False,True
False,True,True,False,False,False,False,True,True,True
True,True,True,True,False,False,False,True,False,True
False,True,False,False,False,False,True,False,True,False
True,False,False,False,False,False,True,False,False,False
True,False,False,True,False,True,True,False,False,True
False,True,False,True,False,False,False,True,False,True
False,False,False,True,False,True,False,True,False,True
True,True,True,True,False,False,False,True,False,True
False,False,True,True,True,False,True,True,False,True
True,False,True,False,True,False,True,True,False,True
False,False,True,True,False,True,False,False,False,False
False,True,False,False,True,True,True,False,True,True
False,True,True,True,False,True,True,True,False,True
False,True,True,False,False,False,True,True,True,True
True,True,False,True,True,True,False,True,True,True
False,True,False,True,True,False,False,False,False,True
True,True,False,False,False,True,False,True,False,False
True,False,False,False,True,True,True,False,False,False
False,True,True,False,False,False,True,False,True,False
True,False,True,False,True,True,True,True,True,False
True,True,False,False,True,True,False,True,True,False
False,True,True,False,False,False,False,False,True,False
False,False,False,False,True,False,False,False,True,False
False,False,True,True,True,True,True,True,True,True
True,True,True,False,False,True,True,True,False,True
True,False,True,False,True,False,False,True,False,False
True,False,True,False,True,False,True,False,True,False
True,True,False,False,False,True,True,False,False,True
True,False,False,False,True,True,False,True,True,True
True,True,False,False,True,False,True,False,True,False
False,True,True,False,True,True,False,False,False,False
False,False,True,False,False,True,True,True,False,True
True,False,True,True,False,True,False,False,True,False
False,False,False,False,False,False,False,True,False,True
False,False,True,True,False,False,True,True,True,True
True,False,False,True,False,True,True,True,True,True
True,False,False,True,True,True,False,False,False,True
False,True,False,True,True,True,False,True,True,False
False,True,True,True,True,True,True,True,False,False
False,False,True,False,True,False,False,False,False,False
True,False,True,False,True,True,True,True,True,False
True,True,True,False,True,True,False,True,False,False
True,False,False,False,True,False,True,True,False,True
False,False,False,True,True,True,True,True,False,True
False,True,False,True,False,False,False,True,True,True
False,True,False,False,False,False,True,False,True,True
True,True,False,True,True,False,True,True,True,False
True,False,True,True,True,False,False,True,True,True
False,True,False,False,True,True,True,False,True,True
False,True,False,False,True,False,True,True,False,True
False,True,False,False,False,False,False,True,True,False
False,False,False,False,False,False,False,False,False,False
True,True,True,False,False,True,False,False,True,False
True,True,False,False,True,True,False,True,False,True
False,False,False,False,False,True,True,False,False,True
False,True,True,False,True,False,True,False,False,False
True,False,True,False,True,False,True,True,True,False
False,True,False,False,True,True,True,True,False,True
True,False,False,False,False,False,False,False,True,True
True,False,False,False,False,True,False,True,False,True
True,False,True,False,False,True,False,False,True,True
True,False,True,False,False,False,False,True,False,True
False,False,False,False,False,True,True,False,True,False
False,True,False,False,False,True,True,True,False,False
True,False,False,True,False,True,False,False,False,True
False,True,True,True,True,False,True,True,True,True
False,True,True,True,False,False,False,False,False,True
True,False,False,False,True,True,False,True,True,False
True,True,False,True,False,True,True,False,True,True
True,True,True,True,False,False,False,False,False,False
False,False,True,False,True,True,True,True,True,False
False,True,False,True,False,False,True,True,True,True
True,True,False,False,True,True,False,False,True,False
False,False,True,False,False,False,True,False,True,False
False,False,False,False,True,False,False,False,True,True
True,False,True,True,False,True,False,False,True,True
False,True,True,True,True,True,True,True,False,False
False,True,True,True,True,False,True,False,False,True
True,True,False,False,True,False,False,True,True,False
False,False,True,True,True,True,True,False,False,False
True,True,False,True,False,True,True,False,True,True
False,False,True,False,True,True,True,True,True,True
True,False,True,True,True,True,False,True,False,True
False,False,True,True,False,False,False,True,False,True
True,True,False,True,True,True,False,True,True,True
False,True,False,False,False,True,True,True,False,False
True,False,False,False,False,False,True,True,True,False
False,True,True,True,True,True,False,True,False,True
False,True,False,True,False,True,False,False,False,False
True,False,False,True,True,False,False,True,False,False
True,False,True,False,False,False,False,True,True,False
True,False,False,True,True,True,False,True,True,True
True,True,False,True,False,True,True,True,True,True
True,False,True,False,False,True,False,False,True,True
False,True,False,True,True,False,True,False,False,False
True,False,True,False,False,True,True,False,True,True
True,False,True,True,True,False,True,False,True,True
True,True,False,True,False,True,True,False,True,False
False,False,False,True,True,True,False,True,False,False
False,True,True,False,False,False,False,True,True,False
True,True,True,True,True,False,True,True,False,True
True,False,False,True,True,False,True,True,True,True
False,True,False,False,False,False,False,False,True,False
True,False,False,True,False,True,True,True,False,False
False,False,False,True,False,False,False,True,True,False
True,True,False,True,True,False,False,False,True,False
False,True,True,False,False,True,True,True,True,False
True,False,True,False,True,True,False,True,False,False
True,True,True,False,True,False,False,False,True,True
True,False,False,True,True,False,True,False,False,True
True,True,False,False,False,False,False,False,True,False
False,True,True,True,False,False,True,False,False,False
False,True,False,False,False,False,True,True,True,True
False,False,True,True,True,True,False,True,False,True
False,True,True,True,False,False,True,True,False,False
False,True,True,True,False,True,False,True,True,True
True,False,True,False,True,True,True,True,True,True
False,True,True,True,True,False,True,True,False,True
True,False,True,True,False,True,False,True,True,True
False,False,False,False,True,True,True,True,False,True
True,True,False,False,False,False,False,True,True,False
False,True,False,False,False,True,False,True,False,False
False,True,False,False,True,True,False,True,False,False
False,False,True,True,False,True,False,False,True,True
True,True,True,False,True,True,False,False,False,False
True,True,True,True,True,True,True,False,False,True
True,True,True,False,True,True,True,True,True,True
True,True,True,False,True,False,False,False,False,True
True,True,False,True,False,True,True,True,False,False
False,False,True,False,False,True,True,False,True,True
True,False,False,False,True,False,False,True,True,True
False,False,True,False,True,False,True,False,False,True
False,True,False,True,True,True,False,False,True,True
True,False,False,True,False,True,False,False,False,True
True,False,True,False,True,True,False,True,False,False
False,False,False,True,True,True,True,True,False,False
False,False,True,False,True,False,False,True,True,True
False,False,False,True,False,True,True,True,True,True
True,False,False,False,False,False,False,False,False,False
True,True,True,False,False,False,False,True,True,False
True,False,False,True,False,True,True,False,False,True
True,False,False,True,True,False,True,False,True,False
False,True,False,False,False,True,False,False,True,False
True,True,False,False,False,True,True,False,True,False
False,True,True,False,False,True,False,False,False,True
False,False,False,True,True,True,False,True,False,False
True,True,False,False,True,False,True,True,False,False
False,False,True,False,False,False,True,False,False,False
False,True,True,False,False,False,False,True,True,False
True,True,False,True,True,False,True,False,False,True
True,False,False,True,False,True,False,True,False,False
True,True,False,True,False,False,False,False,False,True
True,False,True,False,False,False,True,True,True,True
True,True,True,True,False,True,False,False,False,True
True,True,True,False,False,False,True,False,True,False
False,False,True,True,True,True,False,False,False,False
False,True,False,True,False,True,True,False,True,False
True,True,True,False,True,False,False,True,True,True
True,False,True,False,False,True,True,True,False,False
False,True,False,True,True,True,True,False,False,False
True,True,False,False,False,False,True,False,True,False
True,True,False,True,False,False,True,False,False,True
False,True,True,False,True,False,True,False,True,False
False,True,True,False,False,True,False,False,True,False
True,False,False,True,False,True,False,False,False,True
False,False,True,True,True,False,True,True,False,False
False,True,True,True,False,True,False,False,True,True
False,False,True,True,False,False,False,True,False,True
False,False,False,True,True,False,False,False,False,False
True,True,False,False,True,False,False,False,False,True
False,False,True,True,False,True,True,False,False,True
True,True,False,False,True,False,True,True,False,False
True,False,True,False,True,True,True,True,False,False
True,True,False,False,False,True,True,True,False,True
False,True,False,False,False,True,True,False,True,False
True,False,True,True,False,False,False,True,False,False
True,True,True,True,True,False,False,True,True,False
False,False,True,True,False,False,False,False,False,False
False,False,False,True,True,True,True,True,False,False
True,False,False,False,True,False,False,True,True,False
False,True,False,False,False,True,False,True,True,True
True,True,True,False,False,True,True,True,True,False
False,True,False,False,True,True,True,True,False,False
True,False,True,False,True,True,False,False,True,True
False,False,False,True,False,True,False,False,True,False
False,True,False,True,True,True,False,False,True,True
True,True,False,False,True,True,False,True,True,True
False,False,True,False,True,True,False,True,False,True
False,True,False,False,True,False,True,True,True,True
True,True,False,False,True,False,False,False,True,True
False,True,False,True,False,False,False,False,False,True
False,True,True,False,True,True,True,True,True,True
True,True,True,False,False,True,True,False,True,True
False,True,True,True,False,True,False,False,False,False
True,False,False,False,False,True,True,True,False,False
True,True,False,True,False,True,False,True,False,True
False,False,False,False,True,False,True,True,True,True
True,True,True,False,True,False,True,True,False,True
True,False,False,False,True,True,False,True,True,True
True,True,True,False,False,False,False,False,True,True
False,False,False,False,False,False,False,False,True,False
True,True,False,True,False,False,True,False,False,True
True,True,False,False,False,False,True,False,True,True
False,True,True,False,True,True,True,True,True,True
False,True,True,True,True,True,False,False,True,True
True,True,False,True,True,True,False,True,False,False
False,True,False,False,False,True,False,False,False,True
True,True,True,True,False,True,False,True,True,True
True,False,True,False,True,True,True,True,True,False
True,False,False,False,True,False,True,False,False,True
True,True,True,False,True,False,True,False,True,False
False,True,False,True,False,True,False,True,False,False
False,False,True,False,True,True,False,False,True,False
False,True,True,True,False,False,True,True,True,False
True,False,True,True,True,True,False,True,False,False
False,False,True,False,False,True,False,False,True,False
True,False,True,True,True,False,True,True,False,False
False,True,False,True,False,False,True,False,True,True
True,False,True,True,True,False,False,False,True,False
False,True,False,True,True,False,True,False,True,True
False,True,False,True,True,False,False,False,False,True
True,False,True,True,True,True,True,True,True,True
True,False,True,False,True,False,True,False,True,True
True,True,False,False,False,False,False,True,False,False
True,False,False,False,True,True,True,True,False,True
True,True,True,False,True,False,False,False,False,True
True,True,True,False,True,False,False,False,True,True
True,False,False,True,True,True,True,True,False,False
False,True,False,False,True,True,False,True,True,True
True,True,True,False,True,False,True,True,True,False
True,False,True,False,True,False,False,False,True,False
True,False,False,False,True,True,False,False,False,False
True,False,True,False,True,True,True,True,False,False
False,False,True,True,True,True,False,False,False,True
True,False,False,False,False,True,False,False,False,True
False,False,False,False,True,False,True,False,False,True
True,False,True,True,True,False,True,False,True,True
False,True,True,False,True,True,False,True,False,False
True,True,False,False,True,False,True,False,True,False
False,True,False,False,False,False,False,True,False,True
False,True,False,False,False,True,False,True,True,False
True,False,False,False,True,False,False,True,True,False
True,False,False,False,False,False,False,True,True,False
False,False,True,True,False,False,False,True,False,True
True,False,False,True,False,True,False,True,True,False
True,False,False,True,False,False,True,True,False,True
True,False,False,True,False,True,False,True,True,True
False,True,True,False,False,False,False,False,True,True
False,False,True,True,False,True,False,False,False,False
True,False,False,False,True,True,False,True,False,False
False,True,True,True,False,False,True,False,False,False
True,False,False,False,True,False,True,False,True,True
True,False,False,True,True,False,True,True,False,True
False,False,True,False,True,True,True,False,False,False
False,True,False,True,True,False,True,False,False,True
True,True,True,True,False,True,True,False,True,True
True,False,False,True,False,True,False,False,False,True
False,True,True,True,True,True,True,True,True,False
False,True,False,True,True,True,True,True,False,False
True,True,False,False,False,True,False,False,True,False
False,False,False,True,False,False,True,False,False,True
True,True,False,False,True,False,True,False,False,True
True,False,True,False,True,False,False,True,True,True
False,True,False,False,True,False,False,True,True,False
True,False,True,False,False,False,True,True,False,True
True,True,True,False,False,False,True,True,True,False
True,False,True,True,False,True,False,False,True,False
False,False,False,True,False,True,True,False,True,True
True,False,False,False,False,True,False,False,True,True
True,False,False,False,False,False,True,False,True,True
False,False,False,False,False,True,True,False,True,True
True,True,False,False,False,True,False,True,False,True
False,True,True,True,False,False,True,False,True,True
False,True,True,True,False,False,True,True,True,True
True,True,True,True,True,False,True,True,True,False
True,False,False,False,False,True,False,False,True,False
False,False,True,False,True,False,True,False,True,False
True,False,False,False,False,False,False,False,True,True
False,True,False,True,False,False,True,True,True,True
False,False,False,False,True,True,True,True,False,False
True,True,False,False,True,True,True,False,True,False
True,False,False,False,True,True,True,False,False,True
False,True,False,False,True,True,True,True,True,True
True,True,False,True,True,True,False,False,False,True
False,False,False,False,False,False,False,False,False,False
True,False,True,True,True,False,False,False,True,True
False,True,True,True,True,False,True,False,True,False
True,True,True,False,False,False,False,True,False,True
True,False,False,False,False,False,False,False,True,True
False,False,True,True,False,False,False,True,True,True
False,True,True,True,False,False,False,False,True,True
True,True,False,True,True,True,False,False,False,True
True,False,True,False,False,True,True,False,True,True
False,False,False,True,True,True,True,False,True,False
True,False,True,True,False,True,True,False,True,False
True,True,False,True,True,True,True,False,True,False
False,True,True,False,True,False,False,False,True,True
False,True,True,True,False,False,False,False,True,False
True,False,True,False,True,False,False,True,False,False
True,True,True,False,False,True,True,False,False,True
True,True,False,False,False,True,False,True,False,True
True,True,False,False,True,True,False,False,False,True
True,True,False,True,False,False,True,False,True,True
True,False,True,False,True,True,False,True,True,True
False,False,True,True,False,False,False,False,False,False
True,True,False,True,True,False,False,False,True,True
False,False,False,False,True,True,False,True,False,True
False,False,False,True,False,True,False,False,True,False
True,True,False,True,False,False,True,False,False,False
True,True,False,False,False,True,True,False,False,True
True,False,True,True,True,True,True,True,False,False
True,False,False,False,False,True,False,True,False,True
True,True,True,False,False,False,False,True,False,True
False,False,True,True,False,True,True,False,True,False
True,False,False,True,True,True,True,False,False,True
True,False,False,True,False,True,False,True,True,True
False,False,True,True,False,False,False,True,False,True
True,False,True,False,False,False,True,True,True,False
False,False,True,True,False,True,False,True,True,True
False,False,False,True,False,True,True,True,False,True
False,True,False,True,True,True,True,True,True,True
True,True,False,False,False,True,True,True,True,False
False,True,False,True,True,False,True,True,False,False
False,True,True,False,False,False,True,True,True,False
True,True,True,False,True,True,True,False,True,False
True,False,False,False,True,True,False,True,True,False
False,True,True,True,True,True,True,False,True,True
False,True,True,False,True,True,False,True,True,False
True,False,True,True,False,False,True,False,True,True
True,False,False,False,False,False,False,True,True,False
False,True,True,True,True,True,False,True,False,True
True,False,True,True,True,False,True,False,False,False
True,True,True,True,False,True,False,False,False,False
False,False,False,True,False,True,True,True,True,False
False,True,True,True,True,True,False,True,True,True
False,False,True,True,False,True,False,False,True,False
False,False,True,False,True,False,False,True,True,True
False,False,True,False,True,True,True,False,False,True
False,True,True,False,True,False,False,False,True,True
True,False,True,True,False,False,False,False,True,True
False,False,False,True,True,True,True,True,True,False
True,True,False,False,False,False,False,True,False,False
True,True,True,True,False,True,False,True,False,True
False,True,False,False,False,False,False,True,False,True
True,False,False,False,True,False,False,True,True,False
True,True,False,False,False,True,False,False,False,False
False,False,True,False,True,False,False,False,True,True
True,True,True,False,False,False,True,False,True,False
True,False,False,False,False,True,True,False,True,False
False,True,True,False,True,False,False,True,False,False
False,True,True,True,True,False,False,False,False,True
False,False,False,True,False,False,True,True,True,True
True,True,True,False,False,False,True,False,False,False
False,True,False,True,True,False,True,False,True,True
False,True,False,False,True,True,False,True,True,True
False,True,True,True,False,True,True,False,False,False
True,False,True,False,True,False,True,True,False,False
False,False,False,False,True,True,True,False,False,False
False,False,False,True,True,False,False,False,True,True
False,False,False,False,True,False,True,False,True,False
True,True,False,True,False,True,False,False,False,True
False,True,False,True,True,False,True,False,True,True
True,True,True,True,False,True,True,False,True,False
False,False,True,True,False,False,True,True,True,True
True,True,True,False,False,False,True,True,True,False
True,False,True,True,True,False,False,False,True,True
False,False,True,True,False,False,True,True,False,True
False,True,True,True,False,True,True,True,False,False
False,False,True,False,True,False,False,True,False,False
True,False,True,True,False,False,False,False,False,False
False,False,False,True,True,False,False,True,False,False
False,True,True,True,False,False,True,True,False,True
False,False,True,True,True,True,False,False,False,True
True,False,True,True,True,False,True,True,False,False
True,False,False,False,False,False,True,False,True,True
False,True,False,False,True,False,True,False,True,True
True,True,True,False,False,False,True,True,True,True
True,False,False,False,True,False,False,False,True,True
True,True,True,False,True,False,False,False,False,False
False,False,False,True,False,False,False,True,True,True
True,True,False,False,False,False,False,True,False,False
True,True,True,False,False,True,False,False,True,False
False,False,False,False,True,False,False,False,True,False
False,False,True,True,True,False,False,True,False,False
False,False,True,False,False,True,True,True,True,False
False,True,False,False,True,False,False,False,True,False
False,True,False,True,False,True,True,True,False,True
True,False,True,False,False,False,False,True,False,True
False,False,True,False,False,True,False,True,False,True
True,False,True,True,False,True,True,True,False,False
True,False,True,True,False,False,False,False,True,True
True,True,False,True,True,False,False,False,True,False
True,True,True,False,True,False,True,True,True,True
False,True,False,True,False,True,False,False,False,True
False,False,False,True,True,False,True,True,True,False
False,True,False,False,True,True,False,False,False,False
True,True,False,False,False,True,False,True,False,False
True,False,False,True,True,False,True,False,False,False
False,False,False,True,True,True,False,False,True,False
False,False,True,False,False,False,True,True,False,False
False,False,True,True,False,True,False,False,False,False
True,False,False,True,False,False,True,False,False,False
False,False,False,False,False,False,True,True,True,False
False,True,True,False,False,True,False,False,False,False
True,False,False,True,True,False,False,True,True,False
True,False,False,False,True,True,True,True,True,True
True,False,False,False,True,True,False,True,False,True
True,False,False,False,True,True,True,True,True,False
False,False,False,True,True,True,True,True,False,False
True,True,True,True,False,False,False,False,True,False
True,False,False,True,True,True,False,False,True,False
False,False,False,True,True,False,False,True,False,False
False,True,True,True,False,False,True,True,True,True
False,False,False,True,False,False,True,False,True,False
False,True,True,False,False,False,True,True,False,False
True,False,True,False,False,False,True,False,False,True
True,False,True,True,True,True,False,True,True,True
False,True,True,True,False,False,False,True,False,False
False,True,True,False,True,True,True,True,False,True
False,False,True,True,True,False,False,False,False,False
False,False,False,True,True,False,False,False,False,True
True,True,True,False,True,False,False,False,True,False
False,True,True,True,True,True,True,True,True,False
True,False,True,True,False,True,False,False,True,False
True,True,True,False,True,True,True,False,True,True
True,True,True,False,True,True,False,True,True,True
False,False,True,True,True,True,True,True,False,False
True,True,True,True,False,False,True,False,True,False
True,False,False,False,False,True,True,False,True,False
True,True,False,False,True,True,True,True,True,False
True,False,False,True,False,True,True,False,True,False
False,False,True,False,False,False,False,True,True,False
False,False,True,False,True,True,True,True,False,False
False,False,True,True,True,True,False,False,False,False
False,False,False,False,True,False,True,True,False,True
True,False,True,True,True,True,False,False,True,True
False,True,True,False,False,False,False,True,False,False
True,True,True,False,False,False,False,True,False,True
False,True,False,False,True,True,True,False,False,True
True,False,True,False,True,True,False,False,True,True
True,True,True,False,False,False,False,True,False,False
False,False,False,True,False,False,False,True,False,True
False,True,False,False,True,True,False,True,False,True
True,True,True,False,False,False,True,True,True,False
True,True,False,False,True,True,False,True,True,False
True,True,False,False,True,False,False,False,True,True
True,False,False,False,True,False,False,True,False,True
False,True,False,True,False,False,True,True,False,True
False,False,True,True,True,False,True,True,True,False
False,False,False,False,True,False,False,False,True,True
True,False,True,False,True,False,False,True,False,True
True,False,True,False,True,False,False,True,True,True
True,False,False,False,False,True,True,False,True,True
False,False,True,False,True,True,True,False,False,True
False,True,False,False,False,False,True,True,True,False
False,False,True,True,True,True,True,False,False,False
True,False,False,False,True,False,False,False,True,False
True,False,False,False,False,False,False,True,True,True
True,True,False,True,True,True,False,False,False,False
False,False,False,True,True,True,False,True,True,False
False,True,True,True,False,False,False,True,False,True
True,False,False,False,True,False,False,True,True,False
True,False,True,True,True,False,False,False,False,True
True,True,True,True,True,True,False,False,False,False
False,False,True,True,False,False,True,False,False,False
False,True,False,False,True,False,True,False,True,True
True,False,True,True,False,True,True,True,False,False
True,True,True,True,True,False,True,False,True,False
True,True,True,True,False,False,True,True,False,True
True,True,True,True,True,True,False,True,False,True
True,False,True,False,False,False,True,True,True,False
False,False,False,False,True,True,False,True,False,True
True,True,True,False,True,True,False,False,True,True
False,True,True,True,False,False,True,True,False,True
False,False,True,True,True,True,True,False,True,True
False,True,True,False,False,True,False,True,True,True
False,True,False,False,False,True,True,False,True,True
True,True,False,True,True,False,False,True,False,False
True,False,False,False,True,False,True,True,True,False
False,False,False,True,False,False,False,True,True,True
False,False,True,True,True,True,True,False,False,True
True,True,False,True,True,False,True,False,True,True
True,True,True,False,False,True,True,False,True,True
False,False,True,False,False,False,True,False,False,False
False,False,True,True,True,True,True,False,True,True
False,True,False,False,True,True,False,True,False,False
True,False,True,True,True,False,False,False,True,False
False,True,False,False,True,True,True,False,False,False
True,True,True,True,True,False,True,True,True,True
True,True,False,True,False,False,False,False,False,True
True,True,False,True,False,True,True,False,False,True
True,False,True,False,False,False,False,True,False,False
False,False,False,True,False,False,False,False,True,False
True,True,False,True,False,True,False,True,False,False
True,True,False,True,False,False,True,False,True,True
True,False,True,True,True,False,True,True,False,True
True,False,False,True,False,False,False,False,False,False
False,False,False,True,True,False,False,True,True,True
False,True,True,False,True,True,True,False,True,True
False,False,False,False,True,False,True,True,False,True
False,True,False,True,True,False,True,True,False,False
False,False,True,False,False,False,True,False,True,True
False,False,False,False,False,True,False,True,True,True
True,True,True,True,True,True,False,True,True,False
False,False,False,True,False,True,False,True,True,True
False,False,True,False,True,True,False,False,True,True
True,True,False,False,True,False,True,False,True,True
True,True,True,True,True,False,False,True,False,False
False,True,False,True,False,False,False,True,False,True
True,False,False,True,True,True,True,True,False,True
True,True,True,True,False,True,False,True,False,True
False,False,False,True,False,True,False,True,True,True
False,True,False,False,True,False,True,False,True,True
True,True,True,False,False,False,True,True,True,True
True,True,True,True,False,False,True,False,False,False
False,True,False,True,True,True,False,False,True,True
True,True,False,True,False,False,True,False,False,False
True,False,False,True,False,False,False,True,False,True
False,False,True,True,False,True,True,False,True,True
True,False,True,False,False,True,False,True,False,False
False,True,True,False,True,True,True,False,False,False
False,False,True,True,True,False,True,True,True,True
False,False,False,False,True,True,False,True,False,False
True,True,False,True,False,False,False,True,False,True
True,True,True,True,False,True,False,False,True,False
True,True,False,False,False,True,False,False,True,True
True,True,False,True,True,False,False,False,False,False
False,True,True,True,False,True,True,True,False,True
False,True,True,False,True,False,False,False,False,False
True,True,True,True,False,False,True,False,False,False
True,True,True,True,False,True,False,False,True,False
False,False,True,False,True,True,False,False,True,False
True,True,True,False,True,False,True,True,True,True
True,True,True,False,False,False,True,True,True,True
True,False,True,True,True,True,False,True,True,False
False,False,False,True,True,False,False,False,False,True
True,True,False,True,True,True,False,True,True,True
False,False,True,True,True,True,True,True,True,True
True,False,False,True,False,True,True,False,False,False
False,True,False,False,True,False,True,False,True,True
False,False,False,False,True,True,False,True,False,False
False,False,True,False,False,False,False,False,False,True
False,False,True,False,True,True,False,True,True,True
False,False,False,True,True,True,True,False,False,False
True,True,True,True,False,False,True,False,True,False
False,False,True,False,False,False,False,True,True,False
True,True,True,False,False,True,False,False,True,True
False,False,True,False,False,False,True,True,True,False
False,False,False,False,False,True,True,False,True,False
True,False,True,False,False,True,True,True,False,True
True,False,False,False,True,True,True,False,True,False
False,True,True,False,False,True,False,False,False,False
False,True,False,True,False,False,True,False,True,True
True,False,True,False,False,False,True,True,True,True
True,True,False,False,False,False,False,False,True,False
True,False,False,False,True,False,True,True,False,True
True,False,False,False,True,True,False,False,True,False
False,True,False,True,True,False,False,False,False,False
False,False,True,False,True,True,True,True,False,True
True,True,True,False,True,True,True,False,True,False
False,False,False,False,True,False,True,True,True,False
False,True,False,True,True,True,False,False,False,True
True,True,True,False,True,True,True,False,True,True
True,True,True,True,False,False,True,False,True,False
False,False,False,False,False,False,True,True,True,True
False,False,False,True,True,False,False,True,False,False
False,True,False,False,True,True,True,True,False,False
False,True,False,True,True,False,True,True,True,True
False,True,False,False,False,True,False,True,False,True
True,False,True,True,False,True,False,False,False,False
False,True,True,False,True,True,False,True,True,True
False,True,True,False,True,False,False,False,True,False
True,False,True,True,True,False,False,False,True,False
True,False,False,False,False,True,False,True,False,True
False,True,True,False,False,False,True,True,False,True
False,False,True,False,False,False,True,True,False,False
False,True,True,False,True,True,False,False,False,True
False,False,False,True,True,False,False,True,True,True
False,False,False,True,False,True,True,False,False,False
True,True,False,True,True,False,True,True,False,True
True,False,True,True,True,True,False,False,False,False
True,False,False,True,False,True,True,False,False,False
False,False,True,False,True,True,True,False,False,True
True,False,True,False,True,False,True,False,False,True
False,True,True,False,True,False,False,True,False,True
True,False,True,True,False,False,False,True,True,False
True,False,False,False,False,False,True,False,True,False
True,False,True,True,True,True,True,True,False,True
False,False,True,True,True,False,True,True,False,False
False,False,False,False,True,False,False,True,False,False
True,True,False,False,False,True,True,False,False,True
True,True,False,True,True,False,False,True,True,True
False,False,False,False,False,True,False,True,True,False
False,False,True,True,False,False,False,False,True,False
True,True,True,True,True,False,True,False,False,False
True,False,True,False,False,True,True,True,False,False
False,False,False,False,True,True,False,True,False,False
False,True,False,False,False,True,False,False,True,True
True,True,True,False,True,True,True,True,True,True
True,True,False,True,True,False,True,True,True,True
True,False,False,False,True,False,True,True,True,False
True,False,True,False,True,True,True,True,False,False
True,True,True,False,False,False,True,True,False,True
False,False,True,True,True,False,False,False,False,False
True,False,False,True,True,True,True,False,False,False
True,True,False,False,True,True,False,False,False,True
True,True,False,True,False,True,True,False,False,False
True,True,True,True,False,False,False,False,True,True
False,True,False,True,False,False,False,False,False,False
True,True,False,False,False,True,True,False,False,True
True,True,False,True,False,False,False,True,False,False
False,False,True,True,False,True,True,False,True,False
True,True,True,True,False,True,True,False,True,True
True,False,False,True,False,True,False,False,False,False
True,False,True,True,False,True,True,True,True,False
True,True,True,True,True,False,False,True,False,False
True,False,False,True,False,True,False,False,False,False
False,False,True,True,False,True,True,True,True,False
True,False,True,False,True,False,True,False,True,True
False,True,False,False,False,False,True,False,True,False
False,True,True,True,False,False,True,False,False,True
False,False,True,True,True,True,True,False,False,False
False,True,False,True,True,False,True,True,True,True
False,True,True,True,True,True,False,True,False,True
True,False,False,True,False,False,False,False,False,False
True,False,False,True,True,False,True,False,False,True
True,True,True,True,True,False,True,True,False,True
True,True,False,False,False,True,True,False,True,True
True,True,False,False,True,True,False,False,True,True
True,False,False,True,False,True,False,False,True,False
True,False,False,False,False,False,True,True,True,True
True,True,False,True,False,False,False,True,False,True
False,True,True,False,True,True,True,True,False,True
True,True,True,True,True,False,True,False,False,True
True,False,True,True,False,False,True,True,False,True
False,False,False,True,False,True,True,False,True,False
False,True,True,True,False,True,True,False,False,True
True,False,True,False,True,True,True,True,True,False
True,False,False,False,True,True,True,False,False,False
False,False,True,True,False,True,True,True,False,True
True,True,False,True,False,True,False,False,True,False
False,False,False,False,True,False,False,True,False,False
False,False,True,False,True,False,False,False,False,True
False,True,True,False,True,True,False,True,False,False
True,True,True,True,True,True,False,False,False,False
False,False,False,False,True,False,True,False,False,False
False,True,True,True,False,False,True,True,True,False
False,True,False,True,False,True,False,False,False,False
True,True,True,False,False,False,False,False,False,True
True,False,False,False,False,True,False,True,True,True
False,False,False,True,False,False,True,True,False,False
True,False,True,False,True,False,True,False,True,True
False,True,True,False,True,True,False,False,False,False
False,False,False,False,True,True,True,False,True,True
False,False,True,False,True,False,True,True,False,False
True,False,False,True,False,True,True,False,False,True
False,False,False,True,True,True,False,False,True,False
True,True,False,True,False,True,False,True,True,False
True,False,True,False,False,False,False,True,True,False
True,True,True,False,False,True,False,False,False,False
False,True,True,True,True,False,True,False,True,True
True,True,True,True,True,True,False,True,False,True
False,False,False,True,True,True,True,False,True,True
True,True,True,True,False,True,True,False,True,True
True,True,False,True,True,False,False,False,True,True
False,False,False,True,True,True,False,False,False,True
False,False,True,True,False,False,True,True,False,False
True,False,True,True,True,True,False,True,True,False
False,True,True,True,False,True,False,True,False,False
False,True,False,True,False,True,False,True,False,False
True,False,True,False,True,False,True,False,True,True
True,False,False,True,True,True,True,True,True,False
False,False,True,False,True,False,False,True,False,False
True,True,False,False,True,True,False,True,True,True
True,False,True,True,False,True,True,False,False,False
True,True,False,False,True,False,True,False,True,True
False,False,True,True,False,True,False,True,False,True
False,False,False,False,True,False,False,False,True,False
True,True,True,False,False,True,False,False,False,False
True,False,False,False,True,True,True,True,True,True
False,False,True,False,True,True,False,False,False,True
False,True,False,True,True,True,False,True,True,True
True,True,False,False,True,False,False,False,True,False
True,False,False,True,True,True,False,True,True,True
True,True,True,True,True,True,False,False,True,False
True,True,False,True,False,True,True,False,True,False
False,True,False,False,False,False,True,False,True,False
False,False,False,True,True,False,True,False,False,True
False,True,True,True,False,False,False,True,False,False
False,True,True,True,False,True,True,True,False,False
False,True,True,True,True,True,False,False,False,True
True,False,False,True,True,True,False,False,True,False
True,True,False,False,False,True,True,False,False,True
True,False,False,False,False,True,False,True,True,False
False,True,False,True,False,False,True,False,True,True
True,False,True,False,False,False,False,True,True,True
False,False,False,True,False,False,True,False,True,False
True,False,True,True,True,True,True,False,True,False
False,False,True,False,True,False,False,True,True,True
False,False,True,True,False,True,False,False,False,False
True,True,False,True,False,True,False,False,True,True
True,False,False,False,True,True,False,True,True,False
False,False,True,False,False,True,True,True,True,True
False,False,True,True,True,True,False,False,True,False
True,True,True,True,True,False,True,False,False,True
True,False,True,True,False,False,False,True,True,True
True,True,False,True,True,False,True,True,True,True
False,False,True,True,False,False,False,True,False,True
False,True,False,False,False,False,True,False,False,True
False,True,True,False,False,True,True,False,True,False
True,False,False,True,False,False,True,True,True,True
False,True,False,False,True,True,True,True,False,True
True,True,True,True,True,False,True,True,False,True
True,True,False,False,True,False,False,False,False,False
True,False,False,True,True,False,True,False,False,True
True,False,True,True,True,False,False,True,True,False
False,True,False,True,True,True,True,False,False,True
False,False,False,True,False,False,False,True,True,False
True,False,False,False,False,True,True,False,True,True
False,False,True,False,True,False,False,True,False,False
False,False,True,True,True,False,True,True,False,True
False,False,False,False,True,False,False,False,False,False
False,False,False,True,False,False,False,False,True,False
False,True,True,False,False,False,False,False,True,False
True,False,True,True,False,True,False,False,False,False
True,True,True,True,True,True,False,True,False,False
True,False,False,True,False,False,True,False,False,True
True,True,True,True,False,False,False,True,True,True
False,True,True,True,True,False,False,False,False,False
True,False,False,False,False,False,True,True,False,True
False,False,False,True,True,True,False,True,True,True
True,True,True,True,True,False,False,False,True,False
False,False,False,False,True,False,False,False,True,False
True,False,False,True,True,True,False,False,False,True
True,False,False,True,True,False,True,False,False,True
False,False,False,False,True,True,True,True,True,True
True,True,True,True,True,True,False,True,True,True
True,True,True,True,False,True,False,False,True,True
False,True,False,False,False,False,True,False,False,True
True,True,True,False,True,True,True,False,True,False
False,False,False,True,True,False,False,False,False,False
False,True,False,True,True,False,True,False,True,True
False,False,True,False,True,True,True,False,False,True
False,False,False,False,False,True,True,False,True,False
True,False,True,False,True,False,False,False,False,True
False,False,False,False,True,False,False,False,False,True
True,False,True,False,True,False,True,True,True,True
True,True,True,True,True,False,True,True,True,False
False,True,False,False,False,False,True,False,False,True
False,True,True,False,True,False,False,True,True,True
False,False,False,True,True,False,False,False,True,True
True,True,True,True,True,True,False,True,True,True
False,True,False,False,False,True,False,False,True,True
True,False,False,True,True,False,False,True,True,False
True,True,False,False,False,False,True,False,True,False
False,True,True,False,True,True,False,True,False,True
False,False,False,False,False,True,True,True,True,False
True,True,False,True,False,False,True,False,False,False
True,True,False,True,False,False,False,True,True,False
True,True,False,True,False,True,False,False,True,False
True,True,True,True,True,True,True,False,True,True
True,False,True,True,False,False,True,True,False,False
True,True,True,True,True,True,True,False,True,True
False,True,False,False,False,False,True,False,True,True
True,True,False,True,True,False,True,True,True,True
False,False,True,False,True,False,False,False,False,True
False,False,True,True,True,True,False,False,False,False
True,True,False,False,False,True,True,True,True,True
False,False,False,False,True,False,False,True,True,True
False,False,True,False,False,True,True,True,True,False
True,False,False,True,False,False,True,True,False,True
False,False,True,False,False,True,True,True,False,True
True,False,True,False,True,True,False,True,False,True
False,True,False,False,False,True,True,True,True,False
False,False,False,True,True,False,True,False,False,False
True,False,True,False,False,True,False,True,False,True
True,True,False,False,False,False,False,True,True,False
False,True,True,False,True,True,True,True,True,True
False,False,False,False,False,True,False,False,False,False
False,True,True,True,False,True,False,False,False,True
True,True,False,True,False,False,False,False,False,True
False,True,True,False,True,False,False,False,True,True
False,False,True,False,False,True,True,False,False,False
True,False,True,False,True,False,True,True,True,False
False,False,False,True,True,True,False,False,True,True
False,True,True,True,True,True,True,True,True,True
False,True,True,False,True,True,True,False,False,False
True,True,True,False,False,False,True,False,True,False
True,True,True,False,True,False,True,False,True,False
True,True,False,False,True,False,True,False,True,False
True,False,True,True,False,False,False,False,False,False
True,True,True,False,True,False,False,True,True,False
False,True,False,False,True,True,True,True,True,True
True,False,True,True,True,True,False,False,False,True
True,True,True,True,True,True,True,True,True,True
False,False,True,True,False,True,True,True,True,False
True,True,False,True,True,True,False,False,False,True
False,False,False,False,False,True,True,True,False,False
True,False,True,True,True,False,False,True,False,False
False,False,True,True,True,False,False,False,False,True
True,False,False,True,True,True,True,True,False,False
True,True,True,True,False,True,False,False,False,True
False,True,False,True,False,True,False,True,False,True
False,False,True,False,False,False,True,False,False,False
True,True,True,True,False,False,True,True,False,True
True,False,True,True,True,True,True,False,False,True
True,False,True,True,False,True,True,False,True,False
False,True,True,False,True,False,False,True,False,True
False,True,False,False,False,False,True,False,False,False
False,True,True,True,True,False,True,False,True,True
True,False,False,False,False,True,True,False,False,True
True,False,True,True,True,False,True,False,True,True
False,False,True,False,True,False,True,True,False,False
True,False,False,False,False,False,False,True,True,False
False,False,False,True,True,True,False,False,False,False
False,False,False,False,False,True,False,False,True,False
True,True,True,False,True,False,False,False,False,True
True,False,False,False,True,False,False,False,True,False
True,False,False,False,True,True,False,True,False,True
True,False,True,True,True,False,True,False,False,False
True,True,False,True,False,False,False,True,False,False
False,False,False,False,False,True,True,False,False,True
False,True,True,True,False,False,True,True,False,False
False,False,True,False,False,False,True,False,False,True
False,False,True,False,False,True,True,False,False,True
False,False,False,False,False,False,False,True,True,True
False,False,False,False,True,False,True,True,True,True
True,False,False,True,False,False,False,False,False,False
True,True,True,True,False,False,True,True,True,True
True,False,True,False,True,False,False,False,False,False
False,True,True,False,False,False,True,True,False,True
True,True,False,False,False,True,True,True,False,True
False,False,False,True,True,True,False,True,True,True
False,True,False,True,True,False,False,True,True,False
False,True,False,False,True,True,False,True,False,False
True,True,False,True,True,True,False,True,False,True
False,True,False,True,False,False,True,True,False,False
False,True,False,True,False,True,False,False,True,True
False,False,False,True,True,True,False,True,True,True
True,False,False,False,False,True,False,True,False,False
False,True,True,False,False,False,True,False,False,False
True,True,True,False,False,True,False,False,True,True
False,False,True,True,False,True,False,True,True,False
True,True,False,True,False,True,False,True,False,False
True,True,False,True,True,False,True,False,True,True
True,False,True,False,False,False,False,False,True,True
True,True,False,True,False,False,False,False,True,True
False,True,True,True,True,True,False,False,False,True
True,True,False,True,True,False,False,True,True,False
False,True,False,True,False,False,False,False,True,False
True,True,False,False,False,True,False,False,True,True
False,True,True,True,True,False,False,True,False,True
False,False,False,False,False,False,False,False,False,True
False,False,False,True,True,True,True,False,True,True
False,True,True,False,True,False,False,True,True,True
True,False,False,False,True,False,False,True,True,False
False,False,True,True,True,True,False,False,True,True
True,True,True,False,True,False,False,True,False,False
True,False,False,True,True,True,True,True,False,True
False,True,False,True,True,True,False,True,True,False
True,False,False,False,False,False,True,False,False,False
True,True,True,False,False,True,True,False,True,True
True,False,True,False,True,False,True,False,False,True
True,False,True,True,False,True,False,True,True,True
True,True,False,False,False,False,True,False,True,True
True,False,True,True,True,True,True,True,False,True
False,False,True,False,True,False,True,True,True,False
True,True,False,True,False,True,True,True,False,True
False,False,False,True,False,False,False,False,False,True
False,True,False,False,True,False,False,False,False,False
False,False,True,True,False,True,False,True,True,True
False,True,True,False,False,False,True,True,True,False
True,False,True,False,True,True,False,False,False,False
False,False,True,False,False,True,False,False,False,True
True,True,False,True,False,False,True,False,False,True
True,False,False,False,True,True,True,True,True,True
True,True,False,False,False,False,False,True,True,False
True,True,False,True,False,False,True,False,False,True
True,True,True,False,False,False,True,False,True,False
False,False,False,True,True,False,True,True,True,True
False,False,True,True,True,False,False,True,False,True
False,True,True,True,True,False,False,False,True,False
False,False,True,True,False,True,False,False,True,False
False,True,False,True,False,False,False,False,False,False
True,True,False,False,False,False,False,False,True,False
True,False,True,False,True,False,False,True,False,False
True,False,False,True,True,False,True,False,False,False
False,False,False,False,True,False,True,False,False,False
True,False,True,True,False,False,True,False,False,True
False,True,False,False,True,False,True,True,True,True
False,False,False,True,False,False,True,False,False,True
False,True,False,True,False,True,False,True,False,True
False,True,False,True,True,False,False,True,True,True
False,True,False,True,True,False,False,True,False,False
False,True,False,False,False,False,False,False,False,False
False,False,False,True,False,True,False,False,False,False
True,False,False,False,False,False,True,True,False,True
True,False,False,True,False,True,False,True,True,True
True,True,True,True,True,False,True,False,False,True
False,False,True,True,False,True,False,False,False,False
False,False,False,True,True,False,True,False,True,False
True,True,False,True,True,False,False,False,False,True
True,False,True,False,True,True,True,False,True,True
False,False,True,True,False,True,False,True,True,True
True,True,True,True,True,True,True,False,True,True
False,True,True,False,True,True,False,True,False,False
True,True,True,True,False,True,True,False,True,True
False,False,True,True,True,False,True,False,False,False
False,True,False,True,True,True,True,False,False,True
True,False,True,False,True,False,True,True,True,False
True,True,True,True,True,False,True,True,True,True
True,True,True,True,False,True,False,False,False,False
True,True,True,False,True,False,False,True,True,False
True,False,False,False,False,False,True,True,True,True
True,True,True,True,True,False,False,False,True,True
True,False,True,True,False,False,True,False,False,False
True,False,False,True,False,True,True,True,False,True
False,False,False,False,True,False,False,False,True,False
False,True,True,True,True,False,True,False,True,True
True,False,True,True,True,True,True,False,True,False
True,False,False,False,True,True,True,False,False,True
True,False,False,True,False,True,False,True,False,False
True,False,False,False,True,False,True,False,False,False
True,False,True,False,True,False,False,True,True,True
True,True,True,False,False,False,False,False,True,True
False,True,False,True,False,True,False,False,True,True
False,True,False,False,False,False,True,True,True,True
False,True,True,True,False,True,True,True,True,False
False,True,True,False,False,False,True,False,True,True
True,True,False,False,False,True,False,True,True,False
False,False,True,False,False,False,False,False,False,True
True,True,True,False,False,False,False,False,True,True
True,True,False,False,False,True,True,False,True,True
False,False,False,False,False,False,True,True,False,False
False,False,False,True,False,False,True,False,True,False
True,False,False,True,True,False,False,False,False,False
False,True,True,False,True,True,True,False,False,True
True,True,True,False,False,False,True,False,False,True
True,True,True,False,True,False,True,True,True,False
True,False,False,False,False,False,False,True,False,True
False,True,True,False,True,True,True,False,True,True
False,False,True,True,False,True,True,True,True,False
False,True,True,True,False,True,False,True,True,False
True,False,False,False,False,True,False,False,False,True
True,False,False,True,True,True,True,False,False,False
False,True,True,True,True,False,True,True,True,False
True,True,False,False,False,True,False,True,False,True
True,False,False,True,True,True,False,True,True,False
True,True,True,False,True,True,True,True,False,True
True,False,False,True,False,True,False,False,False,False
True,False,True,False,True,False,True,True,False,False
False,True,False,False,False,True,False,True,False,False
True,False,True,True,True,False,True,False,True,True
True,False,False,True,False,False,True,True,True,False
False,True,True,True,False,True,False,True,True,True
False,False,False,False,True,False,True,True,True,True
False,False,True,False,True,True,True,False,True,False
False,False,False,True,True,True,False,False,True,False
False,False,False,False,True,True,True,True,True,False
False,True,True,True,False,False,False,False,False,False
False,False,False,False,False,False,True,True,True,False
False,True,True,True,True,True,True,False,True,True
True,False,True,False,True,True,False,False,False,True
True,False,False,True,True,False,False,True,False,True
True,True,False,False,True,False,True,False,True,True
False,False,True,True,False,True,True,False,False,True
True,True,False,False,True,True,False,False,True,False
False,True,False,False,True,True,False,False,False,False
True,True,False,False,True,True,False,True,True,True
False,True,False,True,True,False,False,False,False,False
True,True,True,False,True,False,True,True,False,False
False,False,True,False,True,False,False,False,False,False
False,True,False,True,False,True,True,True,True,True
False,False,True,True,True,True,False,False,False,False
False,True,True,False,False,False,False,True,False,False
False,False,False,True,False,True,True,True,False,False
False,True,True,False,False,False,False,True,True,True
True,False,True,True,True,False,True,True,False,True
False,True,False,False,False,True,True,True,True,True
False,True,True,True,False,True,False,True,True,True
True,False,True,True,False,False,True,True,True,False
False,True,False,True,True,False,True,True,True,True
True,True,False,False,True,True,True,True,True,False
False,True,False,False,True,True,True,True,True,False
True,True,True,True,True,False,True,False,False,True
True,False,True,False,False,False,False,True,True,True
True,False,True,True,False,True,False,True,True,True
True,True,False,False,True,True,True,True,True,False
False,False,True,False,True,True,True,False,True,True
False,True,False,True,True,True,True,True,False,True
False,True,False,False,False,True,True,False,False,False
True,False,False,False,False,True,True,True,False,False
False,True,False,False,False,True,False,True,True,False
False,True,False,True,True,True,False,True,True,True
True,False,False,False,False,True,True,False,True,False
False,False,True,False,True,True,True,True,False,False
False,True,True,True,False,False,True,True,False,True
True,True,True,True,True,True,False,True,True,False
True,True,False,False,True,False,True,False,False,True
True,False,False,False,True,True,True,True,False,True
False,True,True,False,True,True,False,True,True,True
False,False,False,False,False,True,False,False,False,True
False,False,True,False,True,True,False,False,True,True
True,False,False,False,True,True,True,False,False,True
False,True,False,True,True,True,False,True,False,False
True,False,False,True,True,True,False,False,True,True
True,True,False,True,False,True,True,False,True,True
False,False,False,False,True,True,False,True,False,True
True,False,True,True,True,False,True,True,True,False
True,False,False,False,False,True,True,False,True,True
False,False,False,True,True,True,True,False,True,False
True,False,False,False,True,False,False,True,False,True
True,True,True,False,True,False,False,True,False,True
False,True,True,True,True,False,True,False,True,True
True,True,False,True,True,False,True,False,True,True
True,True,True,True,True,False,False,True,True,False
True,False,False,True,True,False,False,True,False,False
True,False,False,False,False,False,False,False,True,False
False,True,True,True,False,True,False,False,False,True
False,True,False,False,True,False,True,True,False,True
True,True,False,False,True,False,False,False,True,True
True,True,False,False,False,False,True,True,True,False
True,False,True,False,True,True,False,False,False,True
True,True,True,False,False,False,False,False,True,False
False,False,True,True,True,False,True,True,False,True
False,False,True,True,False,False,False,True,True,False
False,True,True,True,True,True,False,True,True,True
False,True,True,True,False,False,True,True,True,True
False,True,True,False,False,False,False,False,False,False
True,False,True,True,True,False,False,True,False,False
True,True,True,True,True,True,True,False,False,False
True,True,True,True,False,True,True,True,True,True
False,True,True,True,False,True,True,True,False,False
False,False,True,True,True,False,True,False,False,True
False,False,False,True,False,False,True,False,True,False
True,False,False,True,True,False,False,False,True,True
False,False,False,False,False,True,True,True,False,False
True,False,False,True,True,False,False,False,False,True
True,True,False,True,True,True,True,False,False,False
True,True,False,True,True,True,True,False,True,False
True,True,True,True,False,False,True,True,False,True
False,False,False,True,False,False,False,True,True,True
False,True,True,False,True,True,False,False,False,True
True,False,True,False,False,False,True,True,False,False
True,True,True,True,False,True,False,True,False,False
False,False,False,False,False,True,True,True,True,False
False,True,False,True,False,True,True,True,True,False
False,False,True,False,True,True,True,True,True,True
True,False,False,True,False,True,True,True,False,True
False,True,True,True,True,False,False,False,True,True
False,True,True,False,False,True,False,False,True,True
False,False,True,False,False,False,True,True,False,True
False,False,False,False,True,False,True,False,True,True
True,True,True,True,False,False,False,True,False,False
True,False,False,True,True,True,False,False,False,True
False,True,True,True,False,False,False,False,True,False
True,False,True,True,True,False,True,False,True,False
False,True,False,False,False,False,False,False,True,False
True,True,True,False,False,False,True,False,True,False
True,True,False,True,False,True,False,False,True,False
False,False,False,True,False,False,True,False,True,True
False,True,False,True,False,True,False,False,False,False
True,True,True,False,False,True,False,False,True,False
True,True,False,True,True,True,False,False,False,False
True,False,True,False,True,False,False,False,False,False
False,True,True,True,True,False,True,True,False,False
False,True,True,False,True,False,True,True,False,False
True,False,True,True,True,True,False,True,True,False
True,True,True,False,True,False,True,False,False,False
False,True,False,False,True,False,True,True,True,True
False,True,False,False,True,False,True,False,False,False
False,True,True,False,False,False,True,False,False,False
False,False,False,True,False,True,False,True,False,False
True,True,False,False,True,False,False,False,True,True
False,False,True,True,True,False,False,False,False,True
True,True,True,True,True,True,False,False,True,False
True,False,True,False,True,True,False,True,True,True
False,False,True,True,True,True,False,True,True,True
True,False,True,True,True,False,False,False,True,False
False,True,False,False,False,False,True,True,False,True
False,True,True,False,True,False,False,False,False,False
False,True,False,False,False,False,False,True,False,True
False,True,True,False,False,False,False,False,True,True
False,True,True,False,False,False,False,True,True,False
False,True,False,False,True,False,True,False,True,True
True,False,False,False,True,True,False,True,False,False
True,False,True,True,True,False,False,False,True,True
True,False,True,False,True,True,True,True,True,True
True,True,False,False,True,True,False,False,False,False
False,True,False,False,False,True,True,False,True,False
False,True,True,False,True,False,False,False,True,True
False,False,True,True,False,True,True,False,False,True
False,True,False,True,False,True,True,False,True,False
False,True,True,False,False,False,False,False,True,False
False,True,True,True,True,True,False,False,True,True
True,True,True,True,True,False,True,True,True,False
True,False,False,True,False,False,False,True,False,False
False,True,True,True,True,False,True,True,True,True
True,False,True,False,True,False,True,True,True,False
False,False,True,False,False,False,True,False,True,True
True,False,False,False,True,False,False,True,False,True
False,True,True,False,False,True,False,True,False,True
False,False,True,True,True,False,False,False,False,False
False,True,False,True,False,False,True,True,True,False
True,False,False,False,False,False,True,True,False,False
True,False,True,False,False,False,True,False,False,False
False,True,False,True,False,True,False,False,False,False
True,True,False,True,False,False,True,False,False,True
True,False,True,True,False,False,True,True,False,False
True,True,False,False,True,True,True,False,False,False
True,False,False,True,True,True,False,True,True,False
True,True,False,False,False,True,False,True,True,True
False,False,False,False,False,True,True,True,False,False
True,True,False,False,False,False,True,True,False,True
False,True,False,False,True,True,True,True,True,False
True,False,True,True,False,False,False,False,False,False
False,True,True,False,False,True,True,True,False,False
True,False,True,False,True,True,False,False,False,True
False,True,False,True,True,False,False,False,False,False
False,True,True,False,False,False,False,False,True,True
True,True,False,False,False,False,True,False,False,False
False,True,True,False,False,True,False,False,False,True
False,True,False,True,True,True,False,True,False,False
False,False,True,False,False,True,False,False,True,False
False,True,True,False,True,True,True,False,True,True
False,False,True,True,False,True,False,True,False,False
True,False,True,False,False,True,False,True,False,True
False,False,True,False,False,False,False,False,True,True
True,False,True,True,True,False,True,True,True,False
True,True,True,False,True,False,False,True,False,True
False,True,True,True,False,False,True,True,True,False
True,False,False,True,True,True,True,False,False,False
True,False,False,True,False,False,False,False,False,True
True,True,True,False,False,True,False,True,False,False
False,False,True,True,False,False,False,False,False,True
True,True,False,False,False,True,False,False,False,False
False,False,False,False,True,False,True,True,False,False
True,True,False,False,True,False,False,True,False,True
True,True,False,True,False,True,True,True,True,True
True,False,False,False,False,False,True,False,True,False
False,False,False,True,False,False,True,True,False,False
True,False,True,True,False,True,False,True,True,False
False,True,False,False,False,True,True,True,False,False
True,True,True,False,True,True,True,False,True,False
True,True,True,False,False,True,True,False,False,False
True,True,True,True,True,False,True,False,True,True
True,False,True,True,True,True,True,False,False,False
False,False,True,True,True,True,False,False,False,True
True,False,False,True,False,True,True,False,False,False
False,False,True,True,True,True,True,False,False,True
False,False,True,True,True,True,True,False,True,False
True,True,False,True,False,True,False,True,False,True
False,False,False,False,True,False,True,False,True,True
False,True,False,True,False,True,False,True,True,False
False,False,True,True,False,True,False,False,False,False
True,True,True,False,True,True,False,False,True,False
True,True,True,False,True,False,False,False,True,False
False,False,False,False,True,True,True,False,False,False
True,False,False,True,True,False,False,False,True,True
False,False,True,False,True,False,False,True,True,False
True,False,True,False,True,False,True,True,False,True
False,True,True,True,False,True,False,True,False,True
True,False,True,True,False,True,True,True,True,True
True,True,True,False,True,False,False,False,False,True
True,True,False,True,True,True,False,True,True,True
True,False,True,True,False,True,False,False,False,True
False,False,True,False,True,True,False,True,False,False
True,True,False,False,False,False,True,False,False,False
True,True,False,False,False,True,False,False,False,False
True,True,True,False,True,True,False,False,True,True
True,False,True,True,True,True,True,False,True,True
True,False,False,True,True,False,False,True,False,True
True,True,False,True,True,True,False,True,False,False
False,False,False,True,False,True,True,False,False,False
True,False,False,False,False,True,True,True,True,False
False,True,False,False,True,True,True,False,True,False
False,False,True,True,False,False,False,False,False,True
True,True,True,False,True,False,False,True,True,True
True,True,True,False,True,False,False,True,True,False
False,True,True,True,False,False,False,True,True,False
True,True,True,True,True,False,True,False,True,False
True,True,True,True,True,False,False,True,False,False
False,True,True,False,True,False,False,True,False,True
True,True,True,False,False,True,True,False,False,True
True,False,False,False,True,False,True,True,True,True
True,True,True,False,False,True,False,True,False,False
True,True,True,False,False,True,False,True,True,False
True,True,False,True,False,True,False,True,False,False
False,True,True,True,False,True,False,False,True,True
True,False,False,False,False,False,False,True,False,True
False,False,False,False,True,True,True,True,False,True
True,True,True,False,True,True,False,True,False,False
False,True,False,False,False,False,True,False,True,True
True,False,False,False,False,True,True,False,False,False
True,False,True,False,False,True,False,False,False,True
True,True,True,True,True,False,True,True,False,False
False,True,False,True,False,True,False,True,True,False
True,False,False,False,True,False,True,False,True,False
False,True,False,False,True,False,False,False,True,True
True,False,True,False,True,False,True,False,True,True
False,True,False,True,True,True,True,True,False,False
False,True,False,False,False,True,True,True,False,True
True,True,False,False,False,False,False,True,False,True
True,True,True,False,True,True,True,False,False,True
True,False,False,True,True,True,True,True,True,False
True,True,False,False,False,True,False,True,True,True
False,False,True,True,True,True,True,True,False,True
False,False,True,False,False,False,True,True,False,True
False,False,True,False,True,True,True,True,True,True
False,False,True,True,False,False,True,True,True,True
False,False,False,False,True,True,True,False,False,True
True,True,False,False,True,False,False,False,False,False
True,True,True,False,True,False,True,False,False,True
True,True,True,True,True,False,True,True,False,False
False,True,False,True,True,True,True,True,False,False
True,False,True,True,True,False,True,False,True,False
False,True,True,False,False,True,False,True,False,False
True,False,False,True,False,False,True,False,False,False
False,True,False,True,True,True,True,True,False,False
False,True,False,False,True,False,False,False,False,True
True,False,False,True,False,True,True,False,True,True
False,False,True,True,False,False,False,True,False,False
False,False,True,True,False,False,True,False,True,True
True,False,True,False,True,True,True,True,True,False
False,False,False,True,True,True,False,True,True,True
True,False,False,False,False,True,False,False,True,False
False,False,False,False,False,False,False,False,True,True
True,False,True,True,True,False,True,False,False,True
True,True,True,True,False,True,False,True,False,True
True,False,False,False,True,True,True,True,True,False
False,False,True,True,False,False,True,False,True,False
True,True,True,False,True,True,False,False,False,False
True,True,False,True,True,True,False,True,True,True
True,False,True,True,True,True,False,False,True,True
False,True,True,False,True,False,True,False,True,True
False,True,True,True,True,True,False,False,False,False
False,True,False,False,True,True,False,True,True,True
False,True,False,True,True,True,True,False,False,False
True,True,True,False,False,False,False,True,True,True
False,False,False,False,False,True,False,False,True,True
True,False,False,False,False,False,False,True,True,False
True,False,True,False,True,False,False,True,False,False
False,True,True,True,True,True,True,False,True,True
False,True,True,False,True,False,True,False,True,True
False,True,False,True,False,False,False,True,True,True
False,True,False,False,True,True,False,False,True,False
False,False,True,False,True,True,True,True,False,True
True,True,False,True,False,False,False,True,True,True
True,True,False,True,True,False,True,False,True,True
False,False,True,True,False,False,False,False,True,False
True,True,False,True,True,False,False,False,True,True
True,True,True,False,False,True,False,False,True,False
False,True,False,False,True,True,False,False,False,True
False,True,True,False,True,False,False,False,True,True
True,True,False,True,True,True,False,False,False,False
True,True,True,True,False,False,False,False,False,True
False,True,True,True,True,True,False,True,False,False
True,True,False,False,True,True,False,True,True,False
False,False,True,True,True,True,False,True,False,True
False,False,False,False,False,False,False,False,True,False
False,True,False,True,False,False,False,True,False,False
False,True,False,True,False,False,False,False,False,True
True,False,False,True,False,True,True,False,True,True
True,False,False,False,True,True,True,True,True,False
False,False,True,False,False,False,True,False,True,True
True,True,False,True,False,False,False,True,False,False
False,False,True,False,False,False,False,False,False,True
True,True,True,False,True,True,True,True,False,False
False,False,False,True,False,False,True,True,True,True
True,True,False,True,False,False,True,True,True,True
False,True,False,False,True,True,False,False,False,False
True,True,False,False,True,False,False,True,True,True
True,True,False,False,True,False,False,False,True,False
True,True,False,False,True,True,True,False,True,False
False,False,False,True,True,False,False,True,False,True
True,True,True,False,False,False,True,False,True,True
True,True,False,False,False,False,False,True,False,False
True,True,True,True,False,True,False,True,False,True
False,False,False,True,False,False,True,False,False,False
True,False,True,True,False,True,False,True,True,True
False,False,True,False,True,False,False,False,False,False
True,True,False,False,True,True,False,False,True,True
True,True,True,True,False,False,False,False,True,False
True,False,False,True,True,True,False,False,True,True
False,False,True,True,False,True,True,False,False,False
True,False,False,True,False,True,True,False,False,True
False,False,True,False,False,False,True,False,False,True
True,False,True,False,False,False,True,True,True,False
True,True,True,True,False,False,True,True,False,False
True,True,False,True,True,True,False,True,False,True
True,True,True,True,False,False,True,True,True,False
False,True,False,False,True,True,True,False,True,False
False,True,False,False,False,True,False,True,True,False
True,False,False,False,True,False,True,False,False,True
True,False,True,False,False,False,True,False,True,False
False,True,True,True,False,True,False,True,True,False
True,False,True,False,True,False,False,True,True,True
False,False,True,True,False,False,False,True,False,True
True,True,False,True,True,True,True,True,True,True
False,False,True,True,True,True,False,True,False,True
True,False,True,True,True,True,False,False,False,True
True,False,False,True,True,False,True,True,True,False
False,True,True,True,True,False,False,False,False,True
False,True,True,False,True,True,False,False,False,False
True,False,False,True,True,False,True,True,False,True
False,False,True,False,True,False,True,False,False,True
True,True,False,False,True,False,False,False,True,True
False,True,True,False,False,True,True,False,False,True
True,True,False,True,False,True,False,False,True,False
True,True,True,False,True,True,False,False,True,True
True,False,True,True,True,True,False,False,True,False
True,True,False,False,False,True,False,False,True,True
False,True,True,False,False,True,True,False,True,False
True,False,True,False,False,True,False,True,False,True
True,False,True,False,True,False,False,False,False,True
True,False,True,True,True,False,True,False,True,True
True,True,False,False,False,True,True,False,False,False
False,True,True,False,True,True,False,False,True,True
True,True,False,True,True,True,False,False,False,False
False,True,True,False,False,True,False,False,True,True
True,True,True,False,True,True,False,False,True,False
True,False,False,False,True,False,True,True,False,True
False,True,True,True,True,False,False,False,False,False
True,False,False,True,True,False,True,True,False,True
True,False,True,True,False,True,True,True,True,True
False,False,True,True,True,True,True,False,False,True
False,False,False,True,False,True,False,False,False,False
False,True,False,True,True,True,False,False,False,False
False,True,False,True,False,True,True,True,False,False
False,False,True,False,False,True,False,True,False,True
True,True,False,False,False,True,True,False,True,False
True,True,True,True,True,False,False,True,False,True
False,True,False,True,True,False,True,False,True,False
True,False,True,False,False,False,False,False,True,True
True,True,True,True,True,False,False,True,False,False
True,True,True,True,False,True,False,True,False,False
False,True,True,False,True,True,False,False,False,False
False,True,True,True,False,True,False,True,False,False
False,True,False,False,True,True,False,True,False,True
False,True,False,True,False,True,False,False,False,True
False,True,False,False,True,True,False,False,False,True
True,True,False,True,False,True,True,True,False,False
True,False,False,True,True,False,False,True,True,True
False,True,True,True,False,False,False,False,False,False
True,True,True,False,True,False,True,False,False,False
False,False,False,False,True,True,True,True,False,True
False,True,True,False,True,False,False,True,True,False
False,True,True,False,False,False,True,True,True,True
False,False,False,False,True,True,True,True,False,False
True,True,False,False,True,False,True,False,True,False
True,False,False,True,False,False,True,True,True,False
False,True,True,False,True,False,False,True,True,False
False,True,True,False,False,False,True,False,False,True
False,False,False,False,False,True,False,True,True,True
False,True,True,True,True,False,True,True,False,False
True,False,False,True,False,False,False,False,True,True
True,False,True,False,False,False,False,True,True,False
True,True,False,True,False,False,False,True,True,False
False,False,False,True,False,True,False,True,True,False
False,False,False,True,False,False,True,True,True,False
False,True,False,False,True,True,False,True,True,False
True,False,False,True,True,False,False,True,False,True
True,True,False,False,False,True,False,False,False,True
True,True,False,False,True,False,False,True,True,False
True,True,False,False,False,True,True,True,False,False
False,True,False,False,False,False,False,True,True,False
True,True,True,True,False,True,False,False,False,True
True,False,True,False,False,True,False,True,True,False
True,True,False,True,True,True,True,False,False,True
False,True,True,False,True,True,False,False,False,True
True,True,False,True,True,True,True,False,True,False
True,False,False,True,False,True,True,False,True,False
False,False,False,True,False,True,True,False,True,True
False,True,True,True,True,True,False,False,False,False
True,False,False,True,True,False,True,False,True,False
True,True,True,True,True,False,True,False,True,False
False,True,False,True,False,True,False,True,True,True
False,True,True,True,False,True,True,False,True,True
False,False,True,False,True,True,False,False,True,False
False,True,False,False,True,True,False,True,True,True
True,True,False,False,True,True,True,False,False,False
True,False,False,False,True,False,True,True,False,True
False,False,False,True,False,True,False,True,True,False
False,False,False,True,False,False,False,True,False,True
True,True,False,False,False,True,False,False,True,True
False,False,False,True,False,False,True,False,False,True
True,True,True,True,False,False,False,False,True,False
True,True,False,False,True,False,True,False,True,False
False,False,True,False,True,False,False,False,True,False
False,False,True,False,True,True,False,True,False,False
False,True,False,False,False,False,False,True,True,False
False,False,False,True,False,True,False,False,False,False
False,True,False,True,True,False,False,True,False,False
False,True,True,False,False,True,False,False,True,False
False,True,True,False,True,False,True,True,False,False
True,True,False,True,False,True,False,True,True,True
True,False,True,False,False,False,True,True,True,False
True,False,False,False,True,True,False,True,False,False
False,True,False,False,True,False,True,False,True,False
False,True,True,True,True,True,False,False,False,False
True,False,False,True,False,True,True,False,True,False
False,True,False,False,True,False,True,True,False,False
True,False,False,False,True,False,True,False,True,False
True,True,True,False,True,True,True,False,False,True
False,False,True,False,True,True,True,False,False,True
True,True,True,False,True,False,False,False,True,True
True,True,True,True,True,True,False,False,False,True
False,False,False,False,False,True,True,False,False,False
False,True,True,False,True,True,True,True,False,True
True,True,False,True,True,True,False,True,True,False
True,True,False,False,False,False,True,False,True,True
True,True,True,False,False,False,True,False,False,False
False,True,False,True,True,True,False,True,False,False
True,False,True,True,True,False,False,False,True,True
False,False,False,True,True,True,False,True,False,True
True,False,True,False,True,False,False,True,False,False
True,True,True,False,False,False,False,True,True,False
True,False,True,True,False,True,True,True,True,False
True,True,False,False,False,True,False,False,True,True
False,True,False,False,True,False,False,False,True,False
True,False,True,False,True,True,False,False,True,False
True,False,False,True,False,True,False,True,False,True
False,True,True,True,False,True,False,False,False,False
False,False,True,True,True,False,False,False,True,True
False,True,True,True,True,False,True,True,True,False
True,False,False,False,False,False,False,True,False,False
True,True,True,True,False,False,True,False,True,True
False,True,False,True,False,True,False,True,False,True
True,True,False,True,False,False,False,False,False,False
False,False,False,True,True,False,True,False,False,True
True,False,True,True,True,True,True,False,True,True
False,False,True,True,False,False,True,False,True,False
True,False,False,True,False,True,True,True,False,True
False,True,False,False,False,False,True,False,False,False
True,True,False,False,True,True,False,False,False,False
True,False,True,True,False,False,False,False,False,False
False,True,False,False,False,True,False,True,False,True
True,False,True,True,True,False,True,False,False,True
True,True,False,True,True,True,True,True,True,False
False,True,True,False,True,False,False,True,False,True
True,True,False,False,True,True,False,True,True,False
False,True,False,False,False,False,False,True,True,False
True,False,True,True,False,False,False,True,False,True
False,False,False,True,True,True,True,True,False,True
True,False,False,False,False,False,False,True,False,False
False,False,False,True,False,True,False,False,False,False
False,False,False,False,False,False,False,True,False,False
True,True,False,True,True,False,False,True,True,True
True,True,True,True,True,False,True,True,False,False
True,True,False,False,True,False,True,False,False,False
False,True,False,False,True,False,True,False,False,True
True,True,False,True,True,True,False,False,True,True
True,False,True,False,False,True,True,True,False,False
False,False,False,False,False,False,False,True,True,True
False,False,False,True,False,False,False,True,True,True
False,True,True,True,True,True,False,True,True,False
True,True,False,False,True,True,False,False,True,False
False,True,True,False,True,True,False,False,False,False
True,True,True,True,False,False,True,True,False,True
True,False,False,False,False,False,True,False,False,False
True,True,True,False,False,False,True,True,False,False
False,False,False,False,True,True,False,False,False,True
True,True,True,False,False,False,True,True,False,False
True,False,True,False,True,True,True,True,False,True
True,True,True,False,True,True,False,True,False,True
True,False,True,True,True,True,False,True,True,False
False,True,False,True,False,False,True,False,True,True
False,True,True,False,False,True,True,True,False,True
True,False,True,True,False,True,True,False,True,True
True,True,False,False,True,False,False,True,False,False
True,True,False,False,False,False,False,True,True,False
True,False,False,False,True,False,False,True,True,False
False,False,False,False,True,True,False,True,True,True
False,True,True,True,True,True,True,True,False,False
False,False,True,True,False,False,False,True,False,True
False,False,False,False,True,True,True,False,False,False
True,False,False,True,True,True,False,True,True,True
False,True,False,False,False,False,True,True,False,True
False,False,True,False,False,False,False,False,False,False
False,True,True,False,True,False,False,False,False,True
True,True,True,False,False,False,False,False,True,False
True,True,False,False,False,True,True,True,False,False
False,False,False,True,True,True,False,True,False,True
False,False,True,False,False,True,False,False,True,False
False,True,True,False,True,True,False,True,False,True
True,False,True,True,True,True,True,True,False,True
True,False,True,False,False,True,True,True,True,False
False,False,False,False,False,True,True,True,False,True
False,False,True,True,True,False,True,True,True,True
True,False,False,True,False,False,True,True,False,True
True,True,False,False,False,True,False,False,True,False
False,False,True,False,False,False,False,False,True,True
True,True,True,False,True,False,True,True,False,True
False,True,True,False,True,True,True,False,False,False
False,False,False,False,False,False,True,True,False,True
True,False,True,True,True,True,True,True,False,False
False,True,False,True,True,True,False,True,False,False
True,False,False,True,False,True,True,False,True,True
True,False,False,True,False,True,True,False,False,True
True,False,False,True,True,True,False,False,True,False
False,True,False,False,True,True,True,True,True,True
True,False,True,False,False,False,True,True,True,True
False,False,False,True,False,True,True,False,False,False
True,False,False,False,True,False,False,False,False,False
False,True,False,False,True,False,False,True,True,True
False,True,False,True,False,True,False,False,True,True
True,False,True,True,True,True,False,False,True,False
False,False,False,False,True,True,False,True,True,False
False,False,False,True,True,True,False,True,False,True
False,True,True,True,False,True,True,True,False,False
False,False,False,True,True,False,True,False,False,False
False,True,True,False,True,True,True,True,False,True
False,False,False,False,False,True,True,False,False,False
False,False,True,True,False,False,False,False,False,True
False,False,False,True,False,True,True,False,True,True
True,False,False,False,False,False,True,False,False,False
True,True,True,False,True,True,True,False,True,False
False,True,False,True,False,False,False,False,True,False
False,False,True,False,True,False,True,True,True,False
False,True,False,True,True,True,True,False,False,False
True,True,True,True,False,True,False,True,False,True
False,False,True,False,True,False,True,True,True,False
False,False,True,True,True,True,False,True,False,True
False,False,False,False,True,False,False,True,False,False
True,False,True,True,False,True,True,False,False,True
True,True,False,False,True,True,True,True,False,False
False,False,False,True,True,True,False,True,True,False
True,False,False,False,True,True,False,True,False,True
True,False,False,True,False,True,True,True,False,False
True,True,False,True,True,False,True,False,False,True
True,True,False,False,False,True,True,True,False,True
True,False,True,False,True,False,True,True,True,False
True,False,False,True,False,False,True,False,True,False
True,True,True,False,True,False,True,False,True,False
True,True,True,True,True,True,True,False,False,True
False,False,True,False,False,True,True,False,False,False
True,False,False,True,True,True,False,False,False,True
False,False,True,False,True,True,False,True,False,False
False,True,True,False,True,True,False,False,False,False
False,True,True,True,False,False,False,True,False,False
False,True,True,True,True,True,False,True,False,True
False,True,False,True,False,False,True,False,True,False
True,True,False,False,True,False,True,True,False,True
True,False,True,True,False,False,False,True,False,False
True,False,False,False,True,True,False,False,False,False
False,False,False,False,False,False,False,False,True,False
False,True,False,False,False,True,False,True,True,True
True,False,True,True,True,True,False,False,True,True
False,True,False,False,True,True,True,True,True,True
True,False,True,True,True,False,False,False,True,True
False,True,False,True,False,True,False,True,True,True
True,False,False,True,False,True,True,False,True,True
True,False,True,True,True,True,True,True,True,False
True,False,False,False,False,True,False,True,False,True
False,True,True,False,True,False,False,False,True,False
False,False,True,True,False,True,True,True,False,True
True,True,False,True,False,False,True,True,True,True
False,True,False,True,True,False,False,True,False,False
False,False,True,False,True,True,False,True,False,False
False,False,False,True,False,False,False,True,False,False
False,False,True,True,True,False,False,False,True,False
False,False,True,False,True,False,False,False,False,False
False,True,False,True,True,True,True,True,False,True
False,False,True,True,False,True,True,False,True,True
False,False,False,False,False,False,True,False,True,True
False,True,True,False,False,False,False,False,True,True
True,False,True,True,True,True,False,True,True,False
True,False,False,True,False,False,True,False,False,False
False,False,False,False,False,False,False,True,False,False
True,True,False,True,False,True,True,True,False,False
True,False,True,False,True,True,True,True,False,True
True,False,True,True,False,True,True,False,False,False
False,True,True,False,True,False,True,False,False,True
False,True,True,True,True,False,True,False,True,True
False,True,False,True,False,True,True,True,True,False
False,True,True,True,False,True,True,True,False,True
True,False,False,True,False,False,True,False,False,True
False,False,False,False,False,True,True,False,False,True
True,False,False,False,True,True,False,False,False,False
True,False,False,False,True,False,False,True,False,False
True,True,True,False,False,False,True,False,False,True
False,True,False,True,True,False,False,True,False,False
False,False,False,False,False,False,False,False,True,True
False,False,False,True,True,True,True,True,False,True
False,True,True,False,False,True,False,False,True,False
False,False,True,True,False,False,True,True,False,True
False,True,False,False,True,False,False,True,True,True
False,True,False,False,False,False,False,False,True,False
False,False,True,False,True,True,False,True,False,False
True,True,False,True,False,False,False,True,True,True
True,False,True,True,True,False,False,True,False,True
False,False,False,False,False,True,True,True,True,False
False,True,True,True,False,False,False,True,True,True
False,True,True,False,False,False,True,False,False,False
False,False,False,True,True,True,True,False,True,False
False,True,False,False,True,True,True,True,True,True
False,False,False,True,False,False,False,True,True,False
True,True,True,False,False,False,False,True,False,True
True,False,False,False,False,True,True,True,True,True
False,False,False,True,True,True,True,True,True,True
False,False,True,True,True,False,True,False,False,False
False,True,False,True,True,False,True,True,True,False
False,False,True,False,True,False,True,True,True,True
False,True,False,False,True,True,False,True,False,True
False,False,False,True,False,False,False,True,True,False
True,True,True,False,True,True,False,True,True,True
True,True,True,True,False,False,False,True,True,False
False,True,False,False,False,True,True,False,True,False
True,True,False,True,False,False,True,False,True,False
True,True,False,True,False,True,False,True,True,False
True,True,False,True,True,False,False,False,False,False
True,True,False,True,False,False,False,True,True,True
True,False,False,False,False,False,True,False,False,False
False,True,True,True,True,False,False,False,False,True
False,True,True,True,True,True,False,False,True,False
True,True,True,False,True,False,False,True,False,True
False,False,False,True,False,False,False,True,True,False
True,False,False,True,True,True,False,True,True,True
False,True,True,True,False,True,True,False,False,True
True,False,True,False,True,False,False,False,False,True
True,True,False,True,True,True,True,False,False,True
True,True,False,True,True,False,False,True,True,True
True,False,True,False,False,False,False,True,False,True
True,False,False,False,True,True,False,True,True,False
False,False,True,True,False,True,True,True,True,True
False,True,True,False,False,False,True,False,True,True
True,True,True,False,True,True,False,False,True,False
False,True,False,False,True,False,False,False,True,False
True,False,True,False,False,True,True,False,False,False
True,True,True,True,True,False,True,True,True,False
True,True,False,True,False,False,True,True,False,True
False,True,True,True,True,False,False,True,False,True
True,True,True,True,False,False,True,False,False,False
True,True,True,False,False,True,False,True,True,False
True,True,True,True,True,True,True,False,False,True
False,False,False,True,False,False,True,True,True,False
True,False,False,True,True,False,False,False,True,True
False,True,True,False,False,False,True,False,False,False
True,True,True,False,True,False,False,True,False,False
False,True,True,True,False,True,True,False,True,True
True,True,True,False,False,True,False,False,False,False
True,True,False,False,False,True,False,True,False,True
True,False,False,True,True,True,True,False,True,False
False,True,False,False,True,True,True,True,True,True
False,True,False,False,True,True,False,True,True,True
True,False,False,True,True,False,True,False,True,False
True,True,True,True,False,True,False,True,False,False
True,False,False,True,False,False,True,True,True,True
False,True,True,False,False,False,False,True,True,False
True,True,False,False,False,True,False,False,True,False
False,True,False,False,True,True,True,False,True,False
True,False,True,False,False,False,True,True,True,False
True,True,True,False,True,False,True,False,True,False
False,True,True,True,True,False,True,True,False,True
True,False,True,True,False,True,True,True,True,False
True,False,True,True,False,False,False,False,False,True
False,True,False,True,True,False,False,True,True,False
False,True,True,True,False,False,True,False,True,True
False,True,True,False,False,False,True,True,True,True
True,False,False,False,False,False,False,False,False,False
False,False,True,False,False,False,True,True,True,False
True,True,True,True,False,True,True,False,True,False
True,False,False,False,False,False,False,True,False,True
False,True,False,True,False,False,False,True,True,False
True,False,True,True,False,False,True,False,True,False
True,False,True,True,False,True,False,True,True,False
False,False,True,True,False,True,False,True,False,True
False,False,True,True,True,False,False,True,False,True
False,True,True,True,True,False,False,True,True,True
False,True,True,False,True,False,False,False,True,False
False,False,True,True,False,False,False,False,True,True
False,False,True,True,True,False,True,False,True,False
True,False,True,False,True,True,False,True,False,True
False,True,False,True,False,True,False,True,True,True
False,False,False,False,True,True,False,False,False,False
True,False,True,False,True,True,True,False,True,True
False,True,False,True,True,False,True,False,False,False
True,False,False,False,False,True,False,False,True,True
True,True,True,True,False,False,False,False,False,False
True,False,False,False,False,True,True,True,True,False
False,False,True,True,False,True,True,False,True,True
False,True,True,False,False,True,True,True,True,False
False,False,True,True,True,False,True,False,True,False
False,True,False,False,False,False,True,False,False,False
True,True,True,True,False,True,False,True,True,False
False,False,True,True,False,True,False,False,True,False
False,True,False,True,False,True,False,True,True,False
True,False,True,True,False,False,False,False,False,False
True,False,True,False,False,False,True,True,False,False
False,True,False,False,False,False,False,True,False,True
True,True,True,False,True,True,True,False,False,False
True,False,False,False,False,True,True,False,True,False
True,False,True,True,False,True,True,True,True,False
False,False,False,True,False,True,False,True,False,True
False,True,False,True,False,False,True,False,False,True
False,True,False,True,False,False,True,True,True,True
True,True,True,True,True,False,False,False,False,False
False,False,False,True,False,False,True,False,False,True
False,True,True,True,True,True,True,True,False,False
True,True,False,True,False,False,True,True,False,True
False,True,True,True,False,False,False,True,True,False
True,False,False,True,False,False,True,False,True,False
True,False,True,False,True,True,True,True,True,True
False,False,False,True,False,True,False,True,False,False
True,False,True,True,False,True,True,False,True,False
True,False,False,True,False,True,False,False,False,False
True,True,True,True,True,True,True,True,False,True
False,False,True,True,False,False,True,False,False,False
True,True,False,False,False,False,True,False,False,False
True,False,True,False,False,True,False,True,True,False
False,True,False,True,False,True,False,True,False,True
False,False,True,True,True,True,True,False,True,False
True,True,True,True,True,False,True,True,True,False
True,False,False,True,True,True,True,False,False,True
False,False,False,False,False,True,True,True,False,False
False,False,True,False,True,True,True,False,False,False
True,True,True,False,False,True,False,True,False,True
False,False,True,True,True,False,True,False,False,False
False,False,False,False,True,True,False,False,True,True
True,True,True,False,False,False,False,False,False,True
False,True,False,False,True,False,True,True,False,False
False,False,False,True,True,False,True,True,False,True
False,True,False,True,True,False,True,False,False,True
True,False,True,True,True,True,True,True,False,False
True,True,False,False,False,True,True,True,False,True
False,False,True,True,True,True,False,False,True,False
True,True,True,False,False,False,True,False,True,False
True,True,False,False,False,True,True,False,False,False
True,False,True,True,True,True,False,True,True,True
False,False,True,True,True,True,False,True,False,False
False,False,False,True,False,True,True,False,True,False
False,False,True,False,True,False,True,True,True,True
True,True,False,True,False,True,True,False,False,True
False,False,True,True,False,True,False,False,True,False
False,True,True,True,False,True,True,True,False,False
False,True,False,False,True,True,False,True,False,True
True,True,True,False,True,False,False,False,True,True
False,True,False,True,True,False,True,True,True,False
False,False,True,True,True,True,False,False,False,True
False,True,True,False,False,True,False,True,True,True
False,False,True,False,True,True,True,False,False,False
True,False,True,True,True,True,False,True,False,False
False,False,False,False,False,False,False,False,False,False
True,False,True,False,True,True,False,False,False,False
False,True,True,True,False,True,False,True,True,True
False,False,False,True,True,False,True,False,False,True
True,True,True,True,True,True,True,True,True,False
False,True,True,False,False,False,True,True,False,False
False,False,False,False,False,True,True,True,False,True
True,False,False,False,True,True,True,True,False,True
False,True,True,True,False,False,False,True,False,False
True,True,True,False,False,True,True,False,True,False
True,False,True,False,True,False,True,True,False,False
True,True,True,True,True,True,False,True,True,False
True,True,False,True,True,False,True,False,True,False
False,True,True,True,True,False,False,True,False,False
False,True,True,False,True,True,False,False,True,False
True,False,False,False,True,True,True,True,True,True
False,True,True,True,True,False,False,True,True,True
False,True,True,True,False,True,True,False,False,True
False,False,True,False,False,True,False,False,True,True
False,False,True,True,True,True,False,True,True,True
True,True,True,False,False,False,True,False,True,False
False,False,True,True,True,False,False,True,True,True
True,True,False,True,False,True,True,True,True,False
False,False,True,True,True,True,True,False,False,False
False,False,True,False,False,False,True,True,True,False
True,False,False,True,True,False,True,False,False,True
True,False,False,False,False,True,False,False,True,False
True,True,False,False,True,False,True,True,True,False
True,True,False,True,True,False,False,False,True,True
True,False,False,False,True,True,False,False,False,True
True,False,False,True,True,False,True,False,False,False
True,False,True,False,False,False,True,True,False,False
True,False,True,True,True,False,True,False,False,False
False,False,True,False,False,False,True,True,False,False
True,False,False,False,False,False,False,False,True,False
False,True,True,True,True,True,False,True,True,False
False,True,False,True,False,False,True,True,False,False
False,True,False,False,True,True,True,False,True,True
False,True,True,False,False,True,True,True,True,False
False,True,True,False,False,True,False,False,False,True
False,False,False,False,False,True,False,True,False,True
True,False,True,True,True,True,False,True,True,True
False,False,False,True,False,True,True,True,True,False
True,True,True,False,False,True,True,False,True,False
True,True,False,True,False,False,True,False,False,True
False,False,True,False,True,True,False,False,False,False
False,True,True,False,True,True,False,True,True,True
False,True,True,True,True,False,True,True,False,False
False,True,True,False,True,False,True,True,False,False
False,True,True,False,False,True,False,True,True,False
False,True,False,False,True,True,False,True,False,True
False,True,False,False,False,True,True,True,False,False
False,False,True,False,True,False,True,True,True,True
True,True,True,False,True,True,True,False,True,False
True,True,False,False,True,False,True,False,False,False
False,False,False,True,False,False,True,True,True,False
True,False,True,True,True,True,False,True,True,False
True,False,True,False,False,True,True,False,False,True
False,False,True,False,True,True,False,False,False,False
True,False,True,False,False,True,False,True,True,False
False,False,False,True,True,True,True,False,True,True
True,True,True,False,True,False,False,False,True,False
True,True,False,False,False,True,False,False,False,False
True,False,False,True,False,False,False,False,False,True
True,True,False,True,False,True,True,False,False,False
False,False,False,False,True,False,True,True,False,False
True,False,False,True,True,False,True,True,False,False
False,True,False,True,False,False,True,True,False,True
True,False,False,False,False,True,False,True,False,False
False,False,False,False,False,True,True,False,False,False
True,True,True,False,False,False,True,True,True,True
False,True,True,False,False,True,False,True,True,False
True,False,True,True,False,True,False,False,False,True
True,False,True,False,True,True,True,False,True,False
True,True,False,False,True,False,True,False,False,True
False,False,True,False,False,True,True,True,False,True
False,False,False,True,False,False,True,True,False,True
True,False,True,True,True,False,True,False,True,True
False,True,True,True,False,False,False,False,True,False
False,True,False,False,False,True,False,False,False,True
False,True,True,False,False,True,False,False,True,True
True,False,True,True,False,False,True,True,False,False
True,False,False,False,False,False,True,True,True,False
True,True,True,True,False,True,True,True,False,True
False,False,True,True,False,True,True,True,True,True
True,False,False,True,False,True,False,False,False,True
False,True,True,True,True,True,True,False,True,False
True,False,False,False,True,False,False,True,True,False
True,False,True,False,False,False,False,False,True,True
False,True,True,False,True,False,True,False,True,True
False,False,False,False,False,False,True,True,False,False
False,True,False,True,False,False,False,True,True,False
True,False,False,True,True,False,True,True,False,True
True,True,True,True,True,True,True,True,False,False
True,False,True,True,False,False,True,True,True,False
True,False,True,False,True,True,False,True,False,False
False,False,True,True,True,True,False,False,True,False
True,True,False,True,True,True,False,True,True,True
True,False,False,False,True,True,False,True,True,True
True,False,False,False,False,True,True,True,True,False
True,True,True,True,False,True,True,True,False,False
True,False,False,True,False,False,False,True,False,False
False,True,False,False,True,False,True,False,True,True
True,False,True,True,False,True,False,False,True,False
False,True,False,True,True,True,False,True,True,False
False,False,True,False,False,True,False,False,False,False
True,False,False,False,False,False,False,False,False,True
True,False,False,False,True,True,False,True,False,True
True,False,False,True,False,False,False,True,False,True
True,False,True,True,False,False,True,False,False,False
False,False,False,False,False,False,True,True,False,True
False,True,False,False,False,False,False,False,True,True
False,True,False,True,True,True,False,True,True,False
True,True,True,True,False,False,True,True,True,True
False,False,False,True,True,False,True,True,True,False
False,False,False,True,False,False,False,True,True,False
False,True,True,True,False,False,True,True,False,True
False,True,True,True,False,False,True,True,True,False
False,True,True,True,False,False,True,True,False,True
False,False,False,True,True,False,False,True,False,False
True,False,True,True,False,False,False,False,True,False
False,False,True,True,False,False,False,True,False,False
True,True,True,False,True,False,True,False,True,True
True,False,False,False,True,True,True,True,False,False
True,True,True,False,True,True,True,True,False,True
False,True,False,False,True,False,True,False,True,True
True,True,False,False,False,True,True,True,True,False
True,True,False,True,True,True,True,False,True,True
True,True,False,False,True,False,False,True,False,True
True,False,False,True,True,True,False,False,True,True
True,True,False,False,True,False,True,False,True,False
True,True,False,False,False,False,False,True,True,False
True,False,True,True,False,True,True,True,False,False
True,False,False,True,True,False,True,True,False,True
False,True,False,True,True,True,True,True,False,True
True,True,False,True,True,True,False,True,False,True
True,False,True,False,False,True,False,True,True,True
False,False,True,False,False,False,False,True,False,True
False,True,True,False,True,False,True,False,False,True
True,True,True,False,True,False,False,False,True,False
False,False,False,True,False,False,False,True,True,True
True,False,False,False,False,True,True,True,True,False
False,True,False,False,True,True,True,False,False,True
False,False,True,False,False,False,False,True,False,False
False,False,True,True,True,True,True,False,False,False
True,True,True,False,False,True,False,False,False,True
True,False,False,True,False,True,True,False,False,False
False,False,False,True,True,True,True,True,True,True
False,True,False,False,True,False,False,False,True,False
True,False,True,False,False,False,False,True,False,True
False,False,False,False,True,False,True,False,False,False
True,False,False,True,False,False,True,False,False,True
False,False,True,True,True,True,False,False,False,True
True,False,False,True,True,True,False,True,True,False
True,True,False,False,False,True,False,True,True,True
True,False,False,True,True,True,False,False,True,False
False,False,True,True,False,True,True,False,True,True
False,True,True,True,False,True,True,True,False,True
True,True,True,False,True,False,False,False,False,False
False,False,False,False,True,True,True,True,True,True
True,True,False,True,True,False,True,False,False,True
True,True,True,False,True,True,True,True,True,False
True,False,False,True,True,True,True,False,True,False
False,False,True,True,True,True,True,True,False,True
False,False,False,False,True,True,True,False,True,True
True,True,False,True,False,False,False,True,False,False
False,False,True,False,False,False,False,False,True,False
True,False,False,True,True,True,False,False,False,True
False,True,False,False,False,True,True,True,True,False
True,False,False,False,True,True,True,False,True,True
True,False,False,False,True,True,False,False,False,True
False,True,True,True,True,True,False,True,False,True
False,False,True,True,True,False,True,True,True,False
False,False,True,True,True,False,True,False,True,True
False,True,False,True,True,True,False,False,False,False
True,False,True,False,True,True,True,True,False,True
False,True,False,False,True,False,False,False,True,True
False,True,True,True,True,False,False,False,True,True
False,True,True,True,True,True,False,True,True,False
False,True,False,False,True,True,False,False,True,True
True,True,True,False,False,False,False,False,False,False
True,True,True,False,True,True,True,True,True,False
False,False,True,True,False,False,True,True,True,True
False,False,False,True,True,False,False,True,False,True
True,False,False,True,True,False,False,False,True,False
True,False,False,False,False,False,False,False,True,False
True,True,False,True,False,True,True,True,True,False
True,False,True,False,False,True,True,True,False,True
False,True,True,False,False,False,False,True,False,True
True,False,True,False,False,False,False,True,False,True
False,True,False,False,False,True,True,False,True,True
False,False,False,True,True,False,True,False,True,False
True,True,True,True,False,True,False,True,False,False
True,False,False,True,False,False,True,True,False,True
True,False,True,False,True,True,False,True,False,False
True,True,False,False,False,False,False,True,True,False
True,False,False,True,True,True,True,False,True,False
True,False,True,False,True,True,False,True,True,True
True,False,False,False,True,False,False,True,False,True
True,False,False,True,False,False,True,False,False,False
True,True,True,False,False,False,True,True,True,True
False,True,False,True,True,True,False,True,False,True
False,False,True,False,True,False,False,False,False,True
True,False,False,False,True,False,True,True,True,True
False,True,False,True,False,True,False,True,False,True
False,False,False,True,False,True,False,False,True,False
False,True,False,False,True,False,True,True,False,False
False,True,False,True,False,False,True,True,False,False
False,False,False,True,False,True,False,False,False,False
True,False,True,True,False,True,True,True,True,False
True,False,True,True,True,True,False,True,False,False
True,False,False,False,False,True,True,False,False,True
False,False,True,True,True,True,False,True,False,True
True,False,True,False,True,False,False,False,False,True
True,False,False,False,False,True,True,True,True,True
False,True,False,False,False,False,False,False,False,True
True,False,True,False,True,True,False,True,False,True
False,True,False,True,True,False,True,False,True,True
True,True,False,False,False,True,True,True,True,False
True,True,True,False,True,True,False,False,False,True
True,True,True,False,False,False,False,False,False,False
False,True,True,True,False,False,True,True,True,True
True,False,True,False,False,False,False,True,True,False
True,False,False,False,False,False,True,True,True,False
False,True,False,False,False,True,False,False,False,False
False,False,False,False,True,False,True,False,True,False
False,False,True,True,False,True,True,True,True,True
True,True,True,True,True,False,False,True,False,True
True,False,False,True,False,False,False,False,False,False
True,True,False,True,True,False,True,False,True,False
True,True,True,True,True,False,True,True,False,True
True,True,True,False,False,True,True,True,False,True
True,True,True,True,False,True,True,True,False,False
False,True,False,True,False,False,False,False,True,True
True,False,True,True,False,True,False,False,True,True
False,True,False,True,True,False,True,True,True,True
False,True,True,False,True,True,True,True,False,False
True,True,False,False,True,False,True,True,True,True
False,False,True,False,False,True,False,False,False,False
False,False,False,True,True,False,False,False,False,False
True,False,False,False,False,False,True,True,True,True
False,False,False,False,False,False,True,False,False,False
False,True,True,False,True,True,False,False,False,False
True,False,False,True,False,False,True,True,True,False
True,True,True,False,False,False,True,False,False,True
True,False,False,False,True,True,True,True,True,True
False,True,True,False,True,False,False,False,True,False
True,True,True,True,False,True,True,True,False,False
False,True,False,True,True,False,True,True,True,False
True,False,False,True,True,False,True,True,False,False
True,False,True,True,True,False,True,False,False,False
False,True,True,False,True,False,False,True,True,True
False,True,True,True,False,False,True,True,True,True
False,False,True,True,True,True,True,False,True,True
True,False,True,True,False,False,False,False,False,True
True,True,True,True,True,False,True,False,False,True
False,True,False,False,True,False,True,False,False,True
False,True,False,False,True,False,True,True,True,False
True,True,False,True,True,True,False,True,True,True
True,False,True,False,False,True,True,True,False,True
False,True,False,False,False,True,False,False,False,True
False,True,True,True,True,True,False,True,False,True
True,False,True,True,True,True,True,False,True,True
True,True,False,False,True,False,False,True,True,False
True,False,True,False,True,False,True,True,True,True
True,True,True,True,True,True,False,True,True,False
False,False,False,True,True,False,True,True,False,False
False,False,False,True,True,False,True,True,True,True
False,False,True,True,True,False,True,False,False,True
True,False,False,False,True,True,True,False,False,False
True,True,False,False,False,False,True,True,False,True
False,False,True,False,True,True,False,False,True,True
True,False,False,True,False,True,True,False,False,False
False,True,False,True,True,False,False,False,True,True
True,False,False,True,False,False,False,True,False,True
True,True,False,False,False,True,True,False,False,True
True,False,False,False,True,False,False,False,False,True
False,True,True,False,True,False,True,False,True,False
False,False,True,False,True,False,False,True,False,False
False,True,True,True,False,False,True,False,False,True
True,True,True,False,False,False,False,True,True,False
True,True,False,False,False,False,True,True,False,False
False,True,True,False,True,True,False,False,True,True
True,False,True,False,True,False,True,True,False,False
False,False,True,True,False,True,True,False,False,True
True,False,False,False,False,True,True,False,True,True
True,False,True,True,False,True,False,False,False,True
False,False,False,False,False,False,False,False,False,True
True,False,False,True,True,True,True,False,False,True
False,False,False,True,True,False,True,False,True,True
False,False,True,False,True,True,True,True,False,False
True,True,True,False,True,True,True,True,True,True
False,True,True,True,True,True,True,False,False,False
False,True,False,True,False,True,True,False,False,True
True,True,True,True,False,True,True,True,False,True
True,True,False,True,True,True,False,True,True,True
True,False,True,False,True,False,False,False,False,False
False,True,True,False,False,False,True,False,False,True
False,True,False,False,False,True,False,True,False,True
False,False,True,False,False,False,True,True,True,True
False,False,False,False,False,False,True,True,True,True
True,False,True,False,True,True,False,False,False,False
False,False,True,True,False,False,True,True,True,False
False,True,False,False,False,True,False,False,True,True
True,True,True,True,False,True,True,False,False,True
True,True,False,True,False,True,False,True,True,True
True,True,True,False,False,False,False,False,False,False
False,False,False,True,True,False,True,False,True,False
False,True,True,False,False,True,True,True,True,False
False,True,False,False,False,False,True,True,False,True
True,False,True,False,True,False,False,True,True,True
True,True,False,True,True,False,True,False,True,False
True,True,False,False,False,True,False,True,True,False
False,False,False,False,True,False,False,True,True,False
False,False,True,False,True,True,True,False,True,False
False,True,True,True,False,True,False,False,False,False
False,True,False,False,True,True,True,False,False,False
False,False,True,False,True,True,False,False,False,False
True,False,False,True,True,True,False,False,False,False
True,False,False,True,False,False,False,True,True,False
True,True,False,True,False,True,False,True,True,True
True,False,False,False,False,False,False,True,True,False
False,True,False,False,True,False,True,False,False,True
True,True,True,False,True,False,False,True,True,True
False,True,True,True,True,True,False,False,True,False
False,False,True,False,True,True,True,True,False,False
False,False,True,False,False,False,False,True,False,False
True,True,False,False,True,False,True,True,True,True
False,False,False,False,False,True,True,True,False,False
False,False,False,True,True,False,False,True,False,False
True,False,True,False,False,True,True,False,True,False
False,True,True,False,True,False,False,True,False,True
False,False,False,True,True,True,True,False,False,False
False,False,True,True,False,False,True,True,True,False
False,False,True,False,False,False,False,True,True,False
False,False,False,True,True,True,False,True,False,True
True,True,True,False,True,False,True,False,True,False
False,False,False,True,True,False,False,False,False,True
False,False,False,True,True,False,True,True,False,False
False,False,False,False,True,True,True,True,True,True
True,False,True,True,True,True,False,False,True,False
False,True,True,False,False,False,True,True,False,False
True,True,False,False,True,False,False,True,True,True
True,False,True,False,False,True,False,False,False,False
True,False,True,True,True,True,False,True,False,True
False,False,False,True,True,False,False,False,True,False
True,False,False,False,True,True,True,True,True,True
False,False,False,False,False,False,True,True,False,True
True,False,False,False,False,True,True,False,False,True
True,True,True,True,False,False,False,False,False,False
True,False,True,True,True,False,True,False,False,True
True,False,False,False,True,False,True,True,True,True
True,False,True,False,False,False,False,True,True,False
True,False,True,False,True,False,False,True,True,False
True,False,False,False,False,True,False,True,True,True
True,False,True,False,False,True,True,True,True,False
True,True,False,True,False,True,True,False,True,True
False,False,True,False,True,True,True,False,True,False
True,False,False,False,False,True,False,True,True,True
True,True,False,True,False,False,True,False,True,True
False,False,False,False,False,False,False,True,False,False
True,False,False,True,False,False,False,False,True,False
True,False,True,True,False,True,True,False,True,True
False,True,True,True,True,True,True,False,True,False
True,False,False,False,False,False,True,True,False,False
True,True,True,True,True,True,False,False,False,True
False,True,False,False,False,False,False,True,True,False
True,False,True,True,True,True,False,True,True,True
False,False,True,True,True,False,True,False,False,False
False,True,True,False,True,True,True,True,False,True
True,True,True,True,False,True,False,False,True,False
True,True,False,False,False,True,False,True,True,False
True,True,False,True,False,True,True,True,False,True
False,True,True,True,True,True,False,True,True,False
False,True,False,False,False,False,True,True,False,True
True,True,True,False,True,False,True,True,False,False
False,True,True,True,True,False,False,False,True,True
True,False,True,True,False,False,False,True,True,False
False,False,True,False,False,False,False,True,False,False
True,False,False,False,True,False,True,True,True,False
True,False,False,False,False,False,True,False,True,False
True,True,True,True,False,False,True,True,False,False
True,True,False,True,False,True,False,True,False,False
True,True,False,False,True,False,True,False,False,False
True,True,False,True,True,True,True,True,False,False
False,True,True,False,False,False,False,True,True,False
True,False,True,True,True,True,False,False,False,True
False,True,False,True,False,False,True,False,True,True
True,False,True,True,False,True,True,False,True,False
True,False,True,True,False,True,False,True,True,False
False,True,False,True,False,False,True,False,True,False
False,True,False,True,False,False,False,True,False,True
False,True,True,True,True,True,True,True,True,False
True,True,False,False,True,False,False,True,False,False
True,True,True,True,False,False,True,False,True,False
True,True,True,True,True,True,False,False,False,True
True,True,False,False,False,True,False,True,True,False
False,True,True,True,True,False,False,True,True,False
False,False,False,True,True,True,False,False,True,True
False,False,False,True,False,True,False,True,True,False
False,True,True,True,True,False,True,True,True,True
False,True,False,True,False,True,False,False,False,False
False,False,True,False,False,True,False,False,False,False
True,False,True,False,False,True,True,True,False,True
False,True,True,False,False,False,True,True,False,False
False,True,False,False,True,True,True,False,True,False
True,False,True,False,False,True,True,True,False,True
True,False,True,False,False,True,False,False,True,False
False,True,True,True,True,True,True,True,False,False
False,False,True,False,True,False,False,False,True,False
True,True,False,False,False,False,False,True,False,False
False,False,False,True,False,False,False,True,False,False
True,True,True,True,False,True,True,False,False,True
False,False,True,False,False,True,True,True,True,True
True,True,False,True,False,True,True,True,False,True
True,True,True,False,True,True,False,False,False,False
False,False,False,True,False,False,True,False,False,True
False,False,True,False,True,False,False,True,True,True
False,False,False,True,False,True,True,True,True,False
True,True,False,True,False,True,True,False,False,True
False,True,True,True,False,True,True,True,True,False
False,True,False,False,False,True,False,True,False,True
False,False,False,True,True,True,True,True,True,False
False,False,False,False,True,True,True,True,False,False
True,False,True,True,False,True,True,False,False,True
True,False,False,True,False,False,True,True,True,True
True,True,True,False,False,False,False,True,True,False
True,False,False,False,False,False,False,False,False,True
False,False,True,True,True,True,False,True,True,True
False,True,True,True,False,False,False,True,False,True
False,True,False,False,False,False,False,False,False,False
False,True,True,True,True,False,True,True,True,False
True,False,False,True,False,True,False,False,True,False
False,True,True,False,False,False,False,True,False,True
True,True,True,True,True,False,True,False,False,True
True,False,False,False,True,True,True,False,False,True
True,False,False,True,True,False,True,True,False,False
True,False,False,True,True,True,False,False,False,False
True,True,False,False,False,False,True,False,False,True
True,False,False,True,False,False,True,True,True,False
True,False,False,True,False,False,False,False,True,True
False,False,False,False,True,True,True,False,True,True
False,False,True,False,True,False,True,True,False,True
False,False,True,False,False,True,True,False,True,True
True,False,False,False,False,False,False,True,False,False
False,True,False,False,False,False,True,True,False,False
False,False,True,False,False,True,False,True,True,True
True,True,True,False,False,False,True,False,False,True
False,True,True,False,False,False,False,False,False,True
True,False,False,False,True,False,False,False,True,True
True,True,False,True,True,True,False,False,True,True
True,False,True,True,False,True,True,False,False,True
True,False,False,True,False,True,True,False,False,True
True,True,True,False,False,False,True,True,True,True
True,False,False,False,True,True,False,True,True,False
False,False,False,False,False,True,True,False,True,False
True,True,False,True,True,True,True,False,False,False
False,False,False,True,True,False,False,False,True,False
False,False,True,False,True,False,True,False,False,True
False,False,True,False,False,False,True,False,True,False
False,False,False,True,True,True,False,True,True,False
True,False,True,False,False,True,True,True,False,True
False,False,False,True,False,True,True,True,True,True
True,False,True,True,False,False,False,False,True,True
True,False,True,False,True,False,False,False,True,True
False,False,False,False,True,False,False,False,False,False
True,False,False,False,False,True,False,True,False,False
True,False,True,False,False,False,True,True,False,True
True,True,False,False,False,True,False,False,False,False
True,False,False,False,False,True,False,False,False,False
True,True,True,False,True,False,True,False,False,False
False,True,True,False,True,True,False,False,False,True
False,True,False,True,False,True,False,True,True,False
False,True,False,True,True,False,False,True,False,True
False,False,True,True,True,False,False,True,False,True
False,True,False,True,False,True,False,False,False,True
False,False,False,True,True,False,True,True,False,True
True,False,False,False,True,True,False,False,False,False
True,False,False,True,False,True,True,False,False,True
True,True,True,True,False,True,False,False,False,False
False,False,False,False,False,False,True,False,True,False
True,True,True,False,False,False,True,True,True,True
True,True,False,True,True,False,True,False,False,True
True,False,False,True,True,True,False,True,True,False
True,True,False,False,False,True,True,False,True,False
False,True,True,False,False,True,True,True,True,True
False,False,False,False,True,True,True,False,False,True
False,False,True,True,False,True,True,True,False,False
False,False,True,True,False,False,True,True,False,False
False,False,True,True,False,False,True,False,True,True
True,True,False,False,True,True,True,True,False,True
False,False,False,False,False,True,False,True,False,False
False,False,True,True,False,False,True,True,False,False
False,False,False,True,False,False,False,True,True,False
True,True,True,True,True,False,False,True,False,False
False,False,True,True,False,False,False,True,True,True
False,True,True,True,True,False,True,False,True,False
True,True,False,True,False,False,False,True,True,False
False,False,False,True,True,False,True,True,False,False
True,True,True,False,True,False,False,True,False,True
False,False,True,True,True,True,True,True,False,True
True,True,True,False,False,False,True,True,False,False
True,False,False,True,False,True,False,True,False,True
True,True,False,True,True,False,False,False,False,False
False,False,True,False,True,False,True,True,False,False
True,False,True,True,False,False,False,False,True,False
False,True,True,True,False,False,True,False,True,True
False,True,True,True,True,False,False,False,False,True
True,False,False,True,True,True,True,False,True,True
True,True,True,True,True,True,False,True,False,False
True,False,True,True,True,True,False,False,True,True
True,True,True,False,False,True,True,False,True,False
False,False,False,False,False,False,False,True,False,True
False,True,False,False,True,True,True,False,False,False
False,True,True,False,False,True,True,True,False,False
False,False,False,True,True,True,True,False,True,True
False,True,True,True,False,False,True,False,True,False
True,False,True,False,True,False,True,True,False,False
False,True,True,True,True,False,False,False,False,False
True,False,False,False,False,False,False,True,True,False
True,False,False,False,True,True,True,True,False,False
True,False,True,False,False,True,False,False,False,True
True,True,True,True,False,False,False,True,True,False
False,False,False,False,False,True,False,False,True,True
False,True,True,False,True,False,False,False,False,True
False,True,True,False,False,True,False,False,False,True
False,True,True,True,False,True,True,True,False,True
False,True,True,False,True,False,True,False,True,True
True,True,True,False,True,False,True,True,False,True
True,False,False,False,False,True,True,True,True,False
True,True,True,False,False,True,True,True,False,True
False,True,False,False,False,False,True,True,False,True
False,True,False,False,False,False,False,True,True,True
True,False,False,True,False,True,True,True,True,False
True,False,False,True,False,False,True,True,True,False
True,True,True,False,True,True,False,True,False,False
True,True,False,True,True,True,True,False,False,True
True,True,True,False,False,False,True,False,True,False
True,True,False,True,True,False,True,True,True,False
True,False,False,False,False,False,True,False,True,False
False,False,False,False,False,True,True,False,False,False
False,True,True,True,True,False,False,False,False,True
True,True,False,False,False,False,True,False,False,True
True,False,True,False,False,False,True,True,False,True
False,False,False,False,True,False,True,True,True,False
False,False,True,True,True,False,True,True,True,False
False,True,False,False,True,True,True,False,True,True
True,True,True,True,False,False,True,False,True,False
False,True,False,True,False,True,False,False,True,True
True,False,True,True,True,True,False,False,True,True
False,False,True,True,False,True,True,True,True,False
False,False,True,False,True,True,False,True,False,False
True,True,True,True,False,True,True,False,True,True
True,False,True,True,True,False,False,False,False,False
False,True,True,True,False,False,False,False,False,False
False,True,True,True,False,True,False,True,True,True
True,False,True,True,True,True,False,True,True,False
True,True,False,False,False,False,False,False,True,False
False,False,False,True,False,True,True,False,True,False
False,True,True,False,False,True,False,False,False,False
False,False,False,True,True,True,False,False,True,False
False,True,True,False,False,True,True,False,False,False
True,True,True,True,False,False,False,False,True,False
False,False,True,False,True,False,False,False,True,True
True,True,True,False,True,True,True,True,False,False
False,True,False,False,False,True,False,False,False,False
False,True,True,True,True,False,False,True,False,True
False,False,True,False,False,False,True,False,True,False
True,True,True,True,False,False,True,False,False,False
False,True,True,False,True,True,False,False,False,True
False,True,True,True,True,False,True,True,True,True
True,True,True,False,False,True,False,True,False,True
False,False,True,True,True,False,True,True,True,True
True,True,False,False,True,True,False,False,False,True
True,False,False,True,False,False,False,True,False,True
True,True,False,True,False,True,False,False,True,True
False,False,True,True,False,False,False,False,False,False
True,False,False,True,True,True,True,False,False,False
False,True,False,True,True,False,True,True,False,True
False,False,False,True,False,True,True,False,True,False
False,False,True,False,True,False,True,False,True,True
False,False,False,False,True,True,True,False,False,True
True,True,False,True,False,False,False,False,False,True
False,False,True,False,True,True,True,False,False,False
False,True,True,False,True,True,True,True,False,True
True,True,True,False,False,False,False,False,True,False
False,True,True,True,True,False,True,True,True,False
False,False,False,True,True,False,False,False,True,False
True,True,False,True,False,True,False,True,False,True
False,True,True,True,True,True,True,True,False,True
True,True,False,True,False,False,False,False,False,False
False,False,False,True,False,False,True,False,False,False
True,False,True,True,True,False,True,True,False,False
True,True,False,False,False,True,False,False,True,True
False,True,False,False,False,True,False,False,True,False
True,True,False,False,False,False,True,False,True,True
True,True,False,False,True,False,False,True,True,False
True,False,True,True,True,False,False,True,True,False
True,True,True,True,False,True,True,False,True,True
True,True,False,False,False,True,False,False,False,True
False,False,True,False,True,False,False,False,False,False
True,False,False,False,False,True,False,True,True,True
False,True,True,True,False,False,False,True,True,False
True,False,False,True,True,False,False,True,True,True
False,False,False,True,False,False,False,True,False,True
False,True,False,True,True,True,False,True,False,True
False,True,False,False,False,False,True,False,True,False
False,False,False,False,False,False,False,True,True,False
False,False,True,False,False,False,True,False,False,False
True,True,False,False,True,False,False,True,True,False
True,False,True,False,True,True,True,False,True,False
False,False,False,True,False,True,True,False,True,False
True,False,False,False,False,True,True,True,False,True
False,False,True,True,False,False,False,False,False,False
False,False,True,False,False,True,True,False,True,True
False,True,False,False,True,False,True,False,True,True
False,False,False,True,False,False,True,False,False,False
False,False,False,True,False,True,True,False,False,False
False,False,True,False,False,False,True,True,False,False
False,False,False,True,False,False,False,True,True,True
False,False,True,True,True,True,False,True,False,False
True,True,True,True,False,True,False,True,False,False
True,True,True,True,False,True,True,True,True,False
True,True,True,True,False,True,False,False,False,True
True,True,False,True,True,True,True,False,True,False
True,True,False,False,False,False,True,False,True,False
True,True,False,True,False,True,False,False,False,True
False,False,False,True,False,False,True,True,True,True
True,True,True,True,True,False,False,True,True,True
True,True,False,True,True,False,False,True,True,True
True,False,True,True,False,False,False,True,True,False
True,True,True,False,False,False,False,False,True,True
False,False,False,False,False,True,True,True,True,True
True,False,False,True,True,True,True,True,False,True
False,True,True,True,False,False,False,False,True,False
False,True,True,True,False,True,False,False,True,False
True,True,False,False,False,True,False,True,False,True
True,False,True,False,True,True,True,True,False,True
True,True,False,True,False,False,True,False,False,True
True,False,True,False,True,True,True,False,True,True
True,False,True,False,True,False,False,False,True,False
False,True,False,True,True,False,True,True,True,True
False,True,False,True,True,True,True,True,True,True
False,True,False,True,True,False,False,True,True,False
False,False,True,True,False,True,True,True,True,True
True,True,False,False,True,True,True,True,True,False
False,False,False,True,True,False,True,False,False,True
False,False,True,False,True,False,False,True,False,True
False,True,True,True,True,False,False,False,True,True
False,False,False,True,False,True,False,True,True,False
False,True,True,True,False,True,True,False,False,False
True,False,True,False,True,True,True,True,False,False
True,False,True,True,False,False,True,False,True,False
False,True,False,True,False,True,False,True,True,False
False,False,False,False,True,True,False,False,False,True
False,True,False,True,True,True,False,True,True,True
False,True,False,True,False,False,False,False,False,True
True,True,False,False,False,True,False,True,False,True
True,False,True,False,False,False,True,True,True,True
False,False,True,True,False,False,False,False,True,False
False,True,True,False,False,True,True,False,False,True
True,False,True,True,True,True,False,True,False,False
True,False,True,False,True,False,False,True,False,False
True,True,False,True,True,False,True,True,False,True
False,True,True,True,False,True,False,False,False,True
False,False,True,False,False,False,False,True,True,True
False,False,True,False,False,False,True,False,False,True
True,False,False,False,True,False,True,False,False,True
True,False,True,True,False,True,True,False,True,False
True,True,True,False,True,False,False,True,True,True
False,False,False,True,True,False,False,True,True,True
False,True,False,True,True,True,True,True,False,False
True,False,False,True,False,False,True,False,True,False
True,True,False,True,True,False,True,False,True,True
False,False,True,False,False,True,True,True,True,True
False,False,False,False,True,False,True,False,True,False
True,True,True,False,False,False,True,False,True,False
True,False,False,False,True,False,False,False,False,True
True,False,False,True,True,True,True,True,False,True
True,True,True,True,True,False,False,False,False,True
True,False,False,True,True,True,False,False,True,True
True,True,False,True,False,True,False,True,False,True
False,True,False,True,False,False,True,False,False,False
False,False,False,True,False,False,True,False,False,False
False,True,True,True,False,True,True,True,True,True
True,False,True,True,False,False,False,True,False,True
True,True,True,True,False,True,False,False,False,True
False,True,False,False,False,False,False,False,True,False
True,False,False,False,True,False,True,True,True,False
False,False,True,True,False,True,False,True,True,True
False,True,False,False,True,False,False,True,False,False
True,True,False,False,True,False,False,False,True,False
True,False,False,False,False,True,False,True,True,True
False,False,True,False,False,False,False,True,False,False
True,True,False,False,True,True,True,False,False,True
False,True,False,True,False,True,True,False,False,True
False,False,False,False,True,False,False,False,False,True
False,False,False,True,True,True,False,False,False,False
False,False,False,False,True,True,True,True,False,True
True,True,True,False,True,True,True,True,True,False
True,True,True,False,True,True,False,True,True,False
False,False,False,False,True,False,True,False,True,True
True,True,False,False,False,True,False,True,True,False
False,True,True,False,False,False,False,False,False,False
True,True,True,True,True,True,False,True,False,True
True,False,True,True,True,False,False,False,False,True
False,False,False,False,True,True,True,True,False,False
False,False,False,False,False,True,False,False,True,False
False,True,False,False,False,True,False,True,False,True
True,False,True,True,False,False,False,True,True,True
False,True,False,True,True,False,False,False,False,False
False,False,False,False,False,False,False,False,True,True
False,False,True,True,False,False,False,False,True,False
True,True,False,True,True,False,False,True,True,True
False,False,True,True,False,False,True,True,True,False
False,False,True,False,False,False,False,True,False,False
True,True,True,False,True,False,False,False,False,True
False,True,True,True,True,False,False,True,True,False
True,False,True,False,False,True,True,False,False,False
True,False,False,True,True,True,True,True,False,False
False,False,False,False,True,False,True,False,False,True
False,False,False,True,False,True,True,False,False,False
False,True,True,False,True,False,True,False,True,False
True,False,True,True,False,False,True,False,False,False
True,False,True,True,False,False,False,False,False,True
False,False,False,False,False,False,True,False,True,True
False,True,False,False,True,True,False,False,True,False
True,False,False,False,False,True,True,False,True,True
False,True,True,False,False,False,True,False,False,True
True,True,True,True,False,False,False,False,True,True
False,True,False,False,True,False,True,False,True,False
True,True,False,True,True,False,False,True,True,False
True,False,True,True,True,False,False,True,True,True
True,False,False,True,False,True,False,True,True,False
False,True,True,True,True,False,True,True,False,True
False,False,True,False,True,False,True,True,False,False
True,False,True,True,False,False,False,True,True,True
False,True,True,True,False,False,False,True,False,False
False,False,False,False,False,False,False,False,False,True
True,True,False,True,True,True,True,True,True,False
False,False,True,True,False,True,False,True,False,False
False,False,True,True,True,False,True,True,True,True
False,False,False,False,False,True,True,False,True,False
True,False,True,False,False,True,True,True,False,True
False,False,True,False,True,True,False,False,True,True
False,False,True,True,True,True,False,False,False,False
True,False,False,False,False,True,False,False,False,True
True,True,True,False,False,True,False,True,True,True
False,True,True,True,False,True,True,False,True,False
True,False,True,True,False,True,False,False,True,False
True,True,False,True,True,True,False,False,True,True
True,False,False,False,True,True,True,False,True,False
False,True,False,True,True,True,True,True,False,True
True,False,False,False,True,False,False,False,False,True
False,True,False,False,True,False,True,False,False,True
True,True,True,True,True,True,True,True,False,False
False,True,True,False,False,True,False,False,True,False
False,True,False,False,True,False,False,False,False,False
True,False,True,True,False,True,False,False,False,False
True,True,False,False,True,False,False,True,True,False
False,False,False,False,False,True,False,True,True,True
True,False,True,False,True,True,True,False,True,False
False,True,True,True,False,False,False,True,False,True
False,True,True,False,False,False,True,False,False,True
True,False,False,False,True,False,True,False,False,False
True,True,False,False,False,False,False,True,True,True
False,True,True,True,True,True,False,False,False,True
False,False,True,False,False,True,True,True,True,False
True,True,True,True,False,False,False,False,False,True
True,True,False,True,False,True,False,True,False,True
False,False,False,False,False,True,True,True,True,True
False,False,False,True,False,True,True,False,True,False
False,True,False,True,True,False,False,False,True,True
True,False,False,False,False,False,False,True,False,False
True,False,False,True,False,False,True,False,False,True
False,False,True,False,False,True,False,True,False,False
False,True,True,True,True,True,False,True,False,True
True,True,False,False,False,True,True,False,False,False
True,True,False,True,True,False,False,True,True,True
False,False,False,True,False,True,False,False,False,False
True,False,False,False,True,False,True,False,True,True
True,False,True,True,True,True,False,True,False,True
True,True,False,False,False,True,True,False,False,True
False,True,False,True,False,False,True,True,True,False
True,False,True,False,True,False,False,False,False,False
True,False,True,True,True,False,True,True,True,False
False,False,True,False,False,False,True,False,True,False
True,True,True,True,False,True,False,False,True,True
True,False,False,True,False,False,False,False,True,True
True,False,True,True,False,True,False,True,False,True
False,False,False,False,True,True,True,False,True,False
False,False,False,True,False,True,False,True,False,True
False,True,False,True,True,True,False,False,False,False
False,False,True,False,False,True,True,True,True,False
True,False,True,False,True,False,False,False,True,False
True,True,False,True,False,False,True,False,False,False
True,True,True,True,True,False,True,False,False,True
True,True,True,False,True,False,False,True,True,True
False,False,True,True,False,False,False,True,False,True
False,False,False,True,False,False,True,False,True,False
True,False,False,True,False,True,True,False,False,True
False,True,False,True,False,False,False,False,True,True
True,True,False,False,False,True,True,True,True,True
True,False,True,True,False,False,False,True,True,False
True,True,False,False,True,False,False,False,False,True
False,True,True,False,False,False,False,True,True,True
True,False,False,False,False,False,True,True,False,False
False,True,False,True,True,True,True,True,False,True
False,True,True,True,False,True,True,False,False,False
True,True,True,True,False,False,False,True,False,True
True,False,True,True,True,False,True,True,False,False
False,False,False,True,False,False,False,True,False,True
False,True,True,True,False,False,True,True,True,False
True,True,False,False,True,False,False,True,True,False
True,False,True,True,True,True,False,True,False,False
True,False,True,True,False,False,True,False,True,False
True,True,True,False,True,False,False,False,True,False
False,False,False,True,True,True,False,False,True,True
False,True,False,False,False,True,False,True,False,False
False,False,True,False,True,True,False,True,True,False
True,False,True,False,True,False,True,False,False,True
False,False,False,True,False,True,False,False,False,True
False,True,True,False,True,True,False,True,False,True
False,True,True,True,False,True,False,False,True,True
False,True,True,True,False,False,False,True,True,True
False,False,False,False,True,True,True,False,False,False
False,True,False,False,False,True,False,False,True,False
False,True,False,True,False,True,False,False,False,False
True,False,True,True,True,True,False,True,False,False
True,False,False,True,True,True,True,True,False,True
True,False,False,True,False,False,True,True,True,False
True,True,True,True,False,True,False,True,True,False
False,True,False,True,False,False,False,True,False,False
False,True,False,True,False,False,False,True,False,False
True,True,True,False,True,False,True,True,True,False
False,True,True,True,False,False,False,False,True,False
False,False,False,True,True,True,True,False,True,True
False,False,True,True,True,False,False,False,True,False
False,True,True,False,True,False,False,False,False,True
False,True,True,True,True,True,False,False,False,False
True,False,True,False,True,True,False,True,False,True
True,True,True,False,False,True,False,True,False,True
True,True,False,False,True,False,False,False,False,True
False,True,False,False,True,True,False,True,True,True
True,True,False,False,True,True,False,True,False,True
False,False,False,True,True,False,False,False,False,True
False,False,True,True,True,True,True,False,False,True
False,True,True,False,False,False,False,True,False,False
True,False,False,False,False,False,False,False,True,True
False,False,True,True,False,True,True,False,True,True
True,True,False,False,False,True,True,False,True,True
True,True,True,False,False,True,True,True,True,False
True,True,True,False,False,False,False,False,True,True
True,False,True,True,True,True,False,False,True,False
False,True,False,True,False,True,True,False,True,True
False,True,False,False,False,False,False,True,False,True
False,True,False,False,False,True,False,True,True,False
True,False,False,False,False,False,False,False,True,True
False,False,True,True,False,True,False,False,True,True
True,False,False,True,True,False,False,True,False,False
False,True,False,False,False,False,True,True,False,False
True,False,True,False,False,True,False,True,False,True
True,True,True,False,False,False,True,True,False,False
False,True,False,True,False,False,False,False,True,True
False,False,False,False,True,True,False,True,False,False
True,False,True,False,True,False,True,True,True,True
False,True,True,True,False,True,False,False,True,True
True,True,True,True,True,True,True,True,True,True
False,False,True,False,False,True,False,True,True,True
True,True,True,True,False,True,True,False,False,False
False,False,True,False,True,True,True,False,True,True
False,False,True,True,True,True,False,False,False,False
True,False,False,True,True,False,True,False,True,False
False,False,True,False,False,False,False,False,False,True
False,True,False,False,False,False,True,True,False,False
True,False,False,True,True,True,False,False,False,False
False,False,True,True,False,True,False,False,True,True
False,True,True,True,False,True,False,False,True,False
False,False,False,False,True,False,False,False,True,True
False,True,False,False,False,True,False,False,True,True
False,True,True,False,True,True,True,True,True,True
True,False,False,True,False,False,False,False,True,True
False,False,True,True,True,True,True,False,True,False
True,False,True,True,True,True,False,False,True,True
False,True,False,False,True,False,True,False,True,False
False,False,False,False,False,True,True,False,False,True
True,False,True,False,False,False,True,True,False,True
False,False,False,True,False,True,False,False,True,False
True,False,False,False,True,True,True,False,False,False
True,False,False,False,False,False,False,False,False,True
True,True,False,True,False,False,False,False,True,False
True,False,True,True,False,True,True,True,True,False
True,True,False,False,False,True,True,True,True,True
True,True,True,False,True,True,False,False,True,True
False,False,False,True,False,True,False,False,True,False
True,False,False,False,True,True,False,True,False,True
False,True,True,False,True,False,True,False,False,False
True,False,True,False,True,True,False,True,True,False
False,False,False,False,False,True,True,False,True,False
False,False,False,False,True,False,False,True,True,True
True,True,True,True,True,True,False,True,True,True
False,False,False,True,False,True,True,False,True,True
False,True,False,False,True,False,False,True,True,False
True,True,True,False,True,True,True,False,True,True
True,False,True,False,True,True,False,True,True,True
False,False,False,True,False,True,True,True,False,False
False,False,True,False,False,True,False,False,True,False
True,False,True,False,False,False,False,False,True,False
True,True,False,False,False,True,False,False,False,False
True,False,False,False,True,True,True,True,True,False
True,True,False,False,False,False,True,True,True,False
True,False,True,True,True,False,True,False,True,False
True,True,False,False,True,True,False,True,True,True
False,False,True,False,True,True,False,True,True,True
False,True,False,False,True,True,True,False,False,True
False,False,True,True,True,False,True,False,False,True
False,True,False,False,False,False,False,False,False,True
False,False,False,True,False,True,False,True,False,True
True,True,False,True,True,False,False,True,True,False
True,False,True,True,False,False,True,True,True,True
True,False,True,False,True,True,False,False,False,False
False,False,False,True,False,False,False,False,False,False
False,True,False,False,True,False,False,True,True,True
True,False,True,True,False,False,False,False,False,True
False,False,False,True,True,False,False,True,True,True
False,False,False,True,True,True,False,False,False,True
True,True,True,True,False,True,True,False,True,False
True,False,False,True,True,True,False,True,True,False
False,False,False,True,False,False,False,True,False,False
True,False,True,False,True,False,True,True,True,True
False,True,False,False,False,False,False,False,True,True
False,True,False,False,False,True,True,True,True,True
False,True,True,True,True,True,True,False,True,False
True,False,False,False,True,False,False,True,True,True
True,True,True,True,False,False,False,True,False,False
True,False,True,True,False,False,True,True,False,True
True,True,True,False,True,True,False,True,True,True
True,False,False,True,False,True,False,False,False,False
True,False,False,False,True,True,True,False,False,False
True,False,False,False,True,True,True,True,False,False
True,False,True,True,True,True,True,True,False,True
False,True,False,False,False,True,True,True,False,False
True,False,False,True,False,False,False,True,True,False
True,True,False,False,False,True,False,False,False,True
True,True,True,True,True,True,True,True,False,False
True,False,True,True,False,False,True,False,False,False
True,False,True,False,True,True,False,False,False,True
False,False,True,False,False,False,True,False,True,False
True,False,False,False,False,False,True,True,False,False
True,False,False,False,True,False,False,True,False,True
True,True,False,True,True,True,True,True,False,True
True,True,True,True,False,True,True,True,False,False
False,True,False,True,True,False,True,True,True,True
True,False,False,False,False,False,True,True,True,False
False,True,True,False,False,False,False,False,False,True
False,True,False,False,True,False,True,False,False,True
False,True,False,False,True,True,False,False,True,False
True,True,True,False,False,True,False,False,True,True
False,True,False,True,False,False,False,True,False,False
True,True,True,True,True,False,True,False,False,True
False,False,True,False,True,False,False,False,True,True
True,True,False,True,False,False,False,False,False,False
False,False,False,False,False,False,False,False,True,True
False,True,True,True,False,False,False,True,True,False
False,False,True,True,False,False,False,True,False,False
False,True,False,False,False,True,False,False,True,True
False,False,True,False,False,False,False,False,True,True
True,False,True,True,True,False,False,False,True,False
True,True,True,True,True,False,True,False,True,False
True,False,True,True,True,True,True,True,False,True
True,True,False,False,False,False,True,True,True,True
True,True,True,True,False,True,True,False,True,True
False,True,False,True,True,True,True,False,False,True
False,False,False,True,True,True,True,False,True,True
False,True,False,False,False,False,False,True,True,False
False,False,False,True,True,False,False,True,True,True
True,True,False,False,True,False,False,True,True,True
True,True,False,False,True,True,True,True,True,True
True,True,False,False,True,True,True,True,True,False
True,True,True,False,True,False,False,True,True,True
False,True,True,False,False,True,True,True,True,True
True,True,False,True,True,False,False,True,True,True
True,False,True,True,True,False,True,True,True,True
False,False,False,False,True,True,False,False,False,False
False,False,False,False,True,True,True,False,True,True
True,False,False,False,False,False,False,True,True,True
True,True,True,True,True,True,True,True,True,True
True,True,False,True,False,False,False,False,True,True
True,True,True,True,False,False,False,True,False,False
False,False,True,True,False,False,True,True,True,False
False,False,True,True,False,False,True,True,True,False
True,False,True,False,False,True,True,False,False,False
True,True,False,False,False,False,False,True,False,True
True,False,True,False,True,True,True,False,False,False
True,False,False,False,True,True,True,False,True,False
True,False,True,True,True,False,False,False,True,True
True,True,True,False,True,False,False,True,False,True
False,True,False,True,True,False,False,False,False,True
True,False,True,True,True,True,False,False,False,True
True,True,True,True,False,False,False,True,True,True
False,False,False,False,False,True,False,False,True,True
True,True,False,True,False,True,False,False,True,True
False,False,True,True,False,True,False,False,False,True
False,True,False,True,True,False,False,True,True,False
True,True,False,True,True,False,True,True,False,False
False,False,False,True,True,False,True,True,False,False
True,True,False,False,False,False,True,True,True,False
False,False,False,False,True,True,False,True,True,False
False,False,True,False,True,False,True,False,False,False
False,False,True,True,True,False,True,False,True,False
False,False,False,False,True,False,True,False,False,False
False,True,False,True,True,False,False,False,False,False
False,False,True,False,False,True,True,False,False,False
False,False,True,True,True,True,False,True,False,True
False,False,False,True,True,True,False,True,True,True
False,False,True,False,True,True,True,True,False,False
True,True,True,True,False,False,False,True,False,True
False,False,False,True,False,True,False,False,True,False
True,True,False,True,True,False,True,False,True,False
True,True,True,True,True,True,True,True,True,False
False,True,True,False,True,False,False,True,False,True
True,True,False,True,False,False,False,True,False,False
True,False,False,False,True,False,False,True,False,True
True,False,True,False,True,False,False,False,False,False
False,True,False,False,False,True,False,False,False,False
True,True,True,False,True,False,True,True,False,False
True,True,True,False,False,False,False,True,False,True
True,True,True,True,True,False,True,False,True,True
False,True,False,False,False,False,False,True,False,False
False,False,True,True,True,True,False,True,True,True
True,True,False,False,True,True,False,True,True,False
True,True,True,False,True,False,False,False,False,False
False,True,False,False,True,True,False,False,True,False
False,False,False,True,True,False,True,False,True,True
False,True,True,True,True,True,False,True,False,False
False,False,True,False,True,False,True,False,False,True
True,True,True,True,False,True,False,False,False,False
False,True,False,False,True,False,False,True,False,False
False,True,True,False,False,True,False,True,True,True
True,True,False,False,True,True,False,True,False,False
False,True,False,False,True,True,False,False,True,False
True,False,True,True,True,False,True,True,True,False
True,False,True,True,True,True,False,False,False,False
False,True,True,True,False,True,True,False,False,False
False,False,True,False,False,True,False,True,False,True
True,False,False,True,True,True,False,True,False,False
False,True,True,True,False,False,True,True,True,True
True,False,False,False,True,False,True,True,False,True
False,True,True,False,False,False,False,True,True,False
False,False,False,True,False,False,False,False,True,True
False,False,True,True,False,False,True,False,False,True
False,False,False,False,True,False,False,False,True,False
True,False,True,False,False,True,False,True,False,True
False,True,True,True,True,False,True,False,False,False
False,False,True,False,False,True,False,False,False,False
True,True,False,False,True,False,True,False,True,True
True,True,True,False,False,False,False,False,False,True
False,False,False,True,True,False,False,False,False,True
True,True,False,True,True,False,True,True,False,True
False,False,False,True,False,False,True,False,False,False
False,True,False,True,False,False,False,True,True,False
True,False,False,True,False,False,False,False,True,True
False,True,False,False,True,False,True,True,True,True
True,True,True,True,True,True,False,False,False,False
True,True,True,True,False,False,True,False,True,False
True,False,True,True,True,True,False,True,False,False
False,True,True,True,False,True,True,True,False,True
True,True,True,True,True,True,False,False,False,False
True,True,False,False,True,False,True,False,True,False
False,True,True,True,True,False,False,False,False,True
True,True,False,True,False,True,True,False,False,True
False,True,True,True,False,True,True,True,False,True
False,True,True,True,False,False,False,True,True,False
False,True,False,False,True,True,False,False,True,True
False,False,True,True,False,True,True,False,False,True
True,False,False,False,True,False,True,False,False,False
True,True,True,False,True,True,True,True,True,False
False,True,False,False,True,True,False,False,False,True
False,True,True,False,True,False,False,False,False,False
False,True,True,True,True,True,True,False,True,True
False,False,True,False,False,False,True,False,True,False
True,False,True,False,False,False,False,False,True,True
False,False,False,False,False,True,True,True,False,True
True,True,False,False,True,False,True,False,False,False
True,False,True,True,True,True,True,False,False,True
False,False,False,False,True,False,False,False,True,False
True,False,False,False,False,False,True,True,False,False
True,False,True,True,False,True,False,False,False,False
True,False,True,False,False,True,True,True,True,True
True,True,True,False,True,True,False,True,False,True
True,True,True,False,False,True,False,False,False,True
False,False,False,True,True,False,False,True,False,True
False,False,False,True,False,False,False,False,True,True
False,False,False,False,True,False,True,True,False,True
True,True,False,True,False,False,True,False,True,False
True,False,True,False,True,True,False,False,True,True
False,False,True,True,False,True,False,True,True,True
True,True,False,True,True,False,True,True,False,True
True,False,False,False,False,True,False,True,True,True
False,False,False,False,True,False,True,False,True,True
False,True,False,True,False,False,False,False,True,False
False,False,False,False,True,False,False,False,False,False
False,True,False,True,False,False,False,True,False,True
True,True,True,False,False,False,False,False,False,True
True,False,True,True,True,False,True,False,False,True
False,False,False,False,False,False,True,True,False,False
True,True,True,True,True,True,False,True,True,True
True,True,False,True,False,False,True,False,False,False
True,True,True,True,True,True,False,True,True,False
True,False,False,True,False,True,True,False,True,True
False,False,True,True,True,False,False,True,False,False
True,True,True,True,False,False,True,True,True,False
False,True,False,True,True,False,True,False,True,True
False,True,False,False,False,False,False,False,True,True
False,False,True,True,False,True,False,False,True,False
False,True,False,False,False,False,True,True,False,True
False,True,False,False,False,False,False,False,False,False
True,True,True,True,False,True,False,False,True,False
False,False,False,True,True,True,False,True,True,True
True,False,False,False,True,False,True,False,False,True
True,True,False,False,False,True,False,False,True,True
True,False,True,False,True,False,False,False,True,True
True,False,True,False,False,False,False,False,True,False
True,True,False,False,False,False,False,False,False,True
True,False,True,False,True,True,True,False,False,True
True,False,False,False,True,True,False,False,False,False
True,False,False,False,False,True,True,True,True,True
True,False,True,True,False,False,False,False,False,False
True,True,True,False,True,False,False,True,True,False
False,False,False,False,False,True,True,True,False,True
True,False,True,False,False,True,False,False,False,True
False,False,False,False,False,False,True,True,False,True
True,False,True,False,True,True,True,False,False,False
False,False,True,False,True,False,False,False,False,True
True,True,True,True,False,True,True,False,False,True
False,False,True,False,True,True,False,True,True,True
True,False,True,False,True,True,True,True,False,True
True,False,False,True,True,False,False,False,False,True
True,True,True,True,True,True,True,False,False,False
True,True,False,False,True,True,True,True,False,True
True,False,True,True,False,False,False,True,True,True
False,True,True,False,False,True,True,False,True,True
True,True,True,False,True,True,False,True,True,True
False,True,False,True,True,True,True,False,True,False
True,False,False,True,True,False,True,True,True,False
False,False,True,True,False,False,False,True,True,True
True,False,False,True,True,True,True,False,True,False
True,False,False,True,False,True,False,True,True,False
False,False,True,True,True,False,False,False,False,True
False,False,False,True,False,True,False,False,True,False
False,True,False,True,True,False,False,False,True,True
True,True,False,False,True,True,True,False,False,True
False,False,False,False,False,True,True,True,True,False
False,True,True,True,True,False,True,False,True,False
False,False,True,True,False,False,False,True,True,False
False,True,True,False,True,True,False,False,False,False
False,True,True,False,False,True,True,False,False,True
False,False,True,False,True,True,True,False,False,True
True,False,False,False,True,True,True,True,True,True
True,True,False,True,False,True,True,False,False,False
False,True,False,False,True,False,False,True,False,False
True,False,False,True,False,True,False,False,True,False
False,False,True,True,False,False,True,True,True,True
False,False,True,False,True,True,False,False,False,True
False,False,False,True,True,False,True,False,False,True
False,False,True,True,True,True,True,False,False,False
False,False,True,False,False,False,True,True,True,False
True,True,True,True,True,False,False,True,True,False
False,False,False,True,True,True,False,True,True,True
False,True,True,False,False,False,False,False,True,False
True,False,True,False,False,True,True,True,False,False
False,True,True,True,False,True,False,True,True,True
True,False,False,True,False,False,True,False,True,False
False,True,True,True,True,False,False,True,True,False
False,True,False,True,False,True,True,True,False,True
True,False,True,True,False,False,False,False,True,False
False,False,True,False,True,True,True,False,True,True
True,False,False,False,False,True,False,False,False,True
False,False,False,True,False,True,True,True,True,True
False,True,False,True,False,False,True,False,False,True
False,True,True,True,True,True,False,True,False,True
False,True,False,False,False,True,False,False,True,True
True,True,False,True,False,True,True,False,False,False
False,False,True,False,False,False,True,True,False,True
False,False,False,False,True,True,True,True,False,False
False,True,True,True,True,False,False,False,True,False
False,True,True,True,True,False,True,False,False,False
True,False,False,True,True,True,True,False,False,False
True,False,False,False,False,True,True,False,False,True
False,False,False,False,False,False,False,False,True,True
True,False,False,False,True,False,False,False,True,True
False,False,False,False,True,True,True,True,True,True
True,True,True,True,True,False,False,True,False,False
False,False,True,True,False,False,False,False,True,True
False,False,True,False,True,True,True,False,True,True
True,True,False,True,False,True,True,False,False,False
False,False,True,False,True,False,True,False,False,True
False,True,True,False,False,False,False,True,False,True
True,True,False,True,False,False,True,False,True,True
True,True,False,False,False,True,True,True,True,False
False,False,True,False,False,True,True,False,True,False
False,False,False,True,False,False,True,True,True,False
False,True,True,False,False,False,False,True,False,False
False,False,False,True,False,False,False,False,False,True
True,True,True,True,False,False,True,False,True,True
True,True,True,False,False,True,False,False,True,False
True,False,False,True,True,False,True,False,False,False
False,True,True,False,True,False,False,True,False,False
True,False,True,True,True,False,True,True,False,True
False,False,True,False,True,True,False,False,True,True
True,True,False,False,True,False,True,True,True,False
True,False,True,False,False,False,True,False,False,False
True,False,True,True,True,True,True,True,False,True
True,True,False,False,True,True,False,False,True,False
True,True,False,True,True,False,False,True,False,False
True,True,True,True,True,False,True,False,True,False
False,False,True,False,False,False,False,True,True,False
True,True,False,False,False,True,False,True,True,False
False,True,False,True,False,True,False,True,False,False
False,False,False,False,False,False,True,True,True,False
False,True,False,False,False,False,False,True,True,False
True,True,True,True,True,False,True,True,True,False
True,False,False,False,False,False,True,False,True,True
False,False,True,False,False,True,False,False,True,False
False,False,True,False,False,False,False,True,False,True
False,True,True,False,True,False,True,True,True,False
False,False,False,True,False,False,False,False,False,True
True,True,True,False,True,False,False,True,False,True
True,True,False,True,False,False,True,True,True,True
False,False,False,False,True,True,True,True,True,True
True,True,False,True,True,True,False,True,True,False
False,False,False,False,False,False,True,True,True,True
True,True,False,True,True,False,True,False,False,True
True,True,True,True,False,False,False,False,False,True
True,True,False,True,True,False,False,False,False,False
False,True,True,True,False,False,True,False,True,True
False,False,True,True,True,True,True,False,True,True
False,False,False,True,True,True,False,False,False,True
False,False,False,True,True,False,False,True,True,False
True,True,False,True,False,False,True,False,False,True
False,False,False,True,True,False,False,False,True,False
False,False,True,True,False,True,True,False,False,False
False,False,False,False,False,False,True,False,False,False
False,True,True,True,True,True,False,False,True,True
True,False,False,True,False,False,False,True,True,True
False,False,True,False,False,True,True,False,True,True
True,False,True,False,False,True,False,True,True,False
True,True,True,True,True,False,False,True,True,True
True,True,True,True,True,False,False,False,True,False
False,False,True,True,True,False,False,True,False,True
True,True,False,True,True,False,True,False,False,False
False,False,False,True,True,False,False,False,False,True
True,False,False,False,True,False,False,False,True,True
False,False,False,True,False,True,True,True,True,False
True,False,False,False,True,True,True,False,False,False
False,True,True,False,True,False,True,False,True,True
False,False,True,False,False,False,True,True,False,False
False,False,False,True,True,False,True,False,False,True
True,True,True,False,False,False,False,False,False,False
False,True,True,True,True,True,False,False,False,False
True,True,False,True,True,True,True,True,False,True
True,True,True,True,True,False,False,False,True,False
False,True,False,False,False,False,False,False,False,False
False,True,False,True,False,True,False,False,False,False
False,True,False,False,True,True,True,False,False,True
True,True,False,True,False,False,True,True,False,False
True,False,False,False,False,True,True,False,False,False
True,False,True,False,True,True,True,True,False,True
True,False,True,True,False,False,False,True,True,True
False,False,True,True,True,True,True,False,True,True
False,False,False,False,False,False,True,True,False,False
True,True,True,True,True,True,False,False,False,True
False,False,False,False,False,False,True,False,False,True
True,False,True,True,True,False,True,True,False,False
True,False,True,True,True,True,True,False,False,True
True,False,True,True,True,True,False,False,True,True
True,False,True,True,False,True,True,False,True,True
True,True,False,True,False,False,True,True,True,True
False,True,False,False,False,True,True,False,True,True
False,True,True,True,True,False,True,False,True,False
True,True,True,True,False,True,False,True,False,False
True,False,False,True,False,False,False,False,False,False
True,True,False,True,False,True,False,True,True,True
False,False,True,False,False,False,False,False,True,True
True,False,True,True,True,True,True,False,True,False
True,False,True,True,True,False,False,True,False,True
True,True,True,False,False,False,False,True,False,True
False,True,True,False,True,False,True,True,True,False
True,False,False,True,True,False,True,True,True,True
True,False,True,True,False,False,False,False,True,True
False,False,True,False,False,False,False,False,False,True
True,True,False,True,True,False,False,True,False,True
False,True,False,False,False,False,False,False,False,True
True,True,False,True,False,False,False,True,False,True
True,False,True,True,True,False,True,False,False,True
False,False,False,False,True,True,True,True,False,False
True,False,True,True,True,True,True,False,True,True
True,True,False,True,False,False,False,False,False,False
True,False,True,False,True,False,False,False,True,False
True,True,True,True,True,False,False,False,False,True
False,True,True,False,True,True,False,True,True,False
False,True,True,True,False,False,False,False,False,False
False,True,True,False,True,False,True,False,False,False
True,False,False,True,False,False,True,False,True,False
True,True,False,True,False,False,True,False,False,False
True,False,True,True,False,True,True,True,False,True
True,True,True,False,False,False,False,False,False,False
False,True,True,False,False,True,False,True,False,False
True,False,True,True,True,True,False,True,False,True
False,False,True,False,False,True,False,False,False,True
False,True,False,True,False,True,False,False,True,False
True,True,True,True,False,True,True,False,True,False
False,False,True,True,True,False,True,False,False,True
True,False,True,True,True,False,True,True,False,False
False,True,True,True,True,True,True,False,True,True
True,True,True,True,False,False,True,True,False,True
True,False,False,True,False,False,True,True,True,False
False,True,True,False,True,True,True,True,True,False
True,False,False,True,True,True,False,False,True,False
False,False,True,True,True,True,True,True,True,False
False,False,True,True,True,True,False,False,True,False
False,True,True,False,False,True,True,True,True,False
True,True,True,True,False,True,False,True,False,True
False,True,True,False,False,True,False,True,False,False
True,False,True,True,False,True,False,False,True,True
False,False,True,False,False,True,True,True,True,True
False,True,True,True,True,False,False,False,True,False
True,False,True,False,True,True,True,True,True,False
False,False,False,False,True,False,True,True,False,True
False,False,False,True,True,False,True,False,True,False
False,True,True,False,True,True,True,False,True,False
False,False,False,True,False,False,False,False,False,True
True,False,False,True,True,True,True,True,False,True
False,True,False,False,False,True,False,False,False,False
False,False,False,False,True,False,False,False,True,True
True,True,False,True,False,True,False,False,False,False
False,False,True,False,False,False,False,False,True,False
True,False,True,True,False,True,False,False,True,True
True,True,False,True,True,False,False,False,False,False
True,True,False,False,True,True,True,True,False,False
True,True,False,False,False,True,False,False,True,False
True,False,False,False,False,False,True,False,True,False
False,False,False,False,False,True,False,False,False,True
False,True,False,True,False,True,True,True,True,False
True,False,True,False,True,False,True,False,True,True
False,True,False,True,True,True,True,False,False,True
True,True,False,True,False,True,True,True,False,False
True,False,True,False,False,True,True,True,False,True
False,False,False,False,False,True,True,True,False,False
True,False,False,False,True,False,True,True,False,False
False,True,False,True,False,True,False,False,True,False
True,False,False,False,False,True,False,False,True,False
True,True,False,True,False,False,True,True,False,False
True,False,True,False,False,False,True,True,False,False
True,False,True,False,False,True,False,False,True,False
True,True,True,False,False,False,True,False,True,False
False,True,False,False,True,False,True,False,True,True
False,False,True,True,False,True,False,True,False,False
True,True,False,True,True,False,False,True,True,False
False,False,True,True,False,True,False,True,False,False
True,False,True,False,False,True,False,True,True,True
True,True,True,True,True,False,True,False,False,False
False,False,False,False,True,True,False,True,False,False
True,False,False,True,True,True,True,True,True,False
False,True,False,False,False,False,False,True,True,False
False,True,True,False,False,False,True,False,True,True
True,False,False,False,False,False,False,False,True,False
False,True,False,True,False,True,True,True,True,True
True,False,False,False,True,False,False,True,True,True
True,True,True,True,False,False,False,True,False,False
True,False,False,False,False,True,False,False,False,True
False,False,False,False,False,True,True,True,False,False
False,False,True,False,True,False,False,True,True,True
False,False,False,True,True,True,True,False,True,False
False,True,False,True,False,True,True,True,True,False
True,False,False,False,True,False,True,True,True,False
True,False,False,True,True,True,False,False,False,False
False,True,True,True,False,False,False,False,True,True
True,True,False,False,False,True,False,False,True,False
True,True,True,True,False,True,False,False,True,True
True,True,False,True,True,False,True,True,True,False
True,False,False,True,False,True,True,False,False,False
True,False,True,False,True,False,True,True,False,True
True,True,True,False,True,True,False,False,False,True
True,True,True,False,False,False,False,True,True,False
True,False,False,False,True,True,False,True,True,True
True,False,False,True,False,False,False,True,True,True
False,True,False,True,False,False,True,True,False,True
False,True,False,False,False,True,False,True,True,False
True,True,True,True,False,False,True,True,False,True
True,False,True,True,False,True,False,True,False,False
False,True,True,True,True,False,True,True,False,True
False,True,False,False,False,True,False,True,False,False
True,True,True,False,True,False,True,False,False,True
False,True,True,False,True,False,False,True,True,False
False,True,True,False,True,True,False,True,True,True
True,False,False,False,True,True,True,True,True,False
True,True,True,False,False,True,False,True,False,True
False,False,False,True,True,True,True,True,False,False
False,False,True,True,False,False,False,False,False,True
False,True,False,True,True,False,True,True,False,False
False,True,True,False,False,True,False,False,False,True
True,True,True,False,False,False,True,True,False,True
False,False,True,False,False,False,True,False,True,True
False,True,False,True,False,False,False,True,False,True
False,True,False,True,True,True,False,True,False,True
True,True,False,False,True,False,False,False,True,True
True,False,False,True,False,False,True,True,True,False
True,False,True,False,True,True,False,False,True,True
True,False,True,True,False,True,True,False,True,True
True,True,True,True,True,False,False,False,False,False
True,True,True,False,False,True,False,False,True,True
False,True,True,True,True,True,True,False,False,True
False,False,False,False,False,False,True,False,False,True
True,True,True,False,False,False,True,True,True,False
False,True,False,False,True,False,True,False,True,True
False,True,True,False,False,False,True,True,True,True
False,False,True,False,False,True,False,True,False,True
False,False,False,True,False,True,False,False,False,True
True,False,True,True,True,False,True,True,True,True
True,False,True,True,False,True,False,True,False,True
True,False,False,True,True,False,True,True,False,False
True,True,False,True,True,False,True,False,True,False
True,True,True,False,False,False,True,True,False,True
True,True,True,False,False,True,True,True,True,False
False,True,False,False,True,False,False,True,True,True
True,True,False,False,False,True,False,True,False,True
False,True,True,False,False,False,True,False,True,False
False,True,True,True,True,False,True,False,True,True
False,False,True,False,False,False,True,False,True,True
False,True,False,True,False,False,False,False,False,False
False,False,True,False,False,False,True,True,False,False
False,True,False,True,True,True,False,True,True,False
False,True,False,True,True,False,False,False,False,False
False,False,True,True,False,False,True,False,True,True
False,True,False,False,False,True,True,False,False,False
True,True,False,True,False,True,False,True,True,True
True,True,False,False,False,True,False,False,False,True
True,False,True,False,True,True,False,True,True,True
True,True,False,False,False,True,False,True,True,True
True,True,True,False,True,False,True,False,True,False
False,False,False,True,True,False,True,True,True,True
True,True,False,True,False,True,False,True,False,True
True,False,True,True,True,False,False,False,False,True
True,True,False,False,True,True,False,True,False,False
False,False,False,False,True,False,True,True,False,True
True,False,False,True,False,False,False,False,False,True
True,False,True,True,True,False,False,False,True,False
True,True,True,True,True,True,True,False,False,False
True,False,True,False,True,False,False,True,True,False
True,False,False,False,False,True,False,True,False,False
False,False,False,False,True,False,False,False,True,True
True,False,True,True,True,False,True,False,True,False
True,False,False,True,True,True,False,False,False,False
False,True,False,False,True,True,True,True,False,False
True,True,True,False,True,True,False,True,False,True
False,False,True,True,False,False,True,True,True,False
True,False,False,True,True,False,False,True,False,False
True,False,False,True,False,True,True,True,True,False
False,False,True,False,True,False,True,False,True,True
True,True,False,True,False,False,False,False,False,True
True,True,False,False,False,False,True,False,False,True
True,True,False,True,False,False,False,False,False,False
True,False,True,False,True,False,False,False,True,True
True,False,False,True,True,False,False,True,False,True
False,False,True,False,False,True,False,True,True,False
True,False,True,True,False,True,False,False,False,True
False,True,False,True,False,True,True,True,False,True
False,False,False,True,False,False,False,False,True,True
False,False,False,False,False,False,False,True,True,True
True,False,False,False,True,True,True,True,False,True
True,False,False,True,True,True,False,True,False,False
False,True,False,False,False,True,False,True,False,True
True,True,False,False,False,True,False,False,True,True
True,False,True,False,False,False,False,False,True,True
True,True,False,False,True,False,True,True,False,False
True,False,False,True,True,False,False,False,True,False
True,True,True,True,False,True,False,False,True,False
False,True,False,True,True,True,True,True,False,True
True,False,False,True,False,True,True,True,False,True
False,False,False,False,False,False,False,False,False,False
False,False,True,True,False,True,True,True,True,False
False,False,True,False,False,True,False,True,False,True
True,True,True,True,False,False,True,False,False,True
False,False,True,True,True,True,True,True,False,True
True,True,False,True,True,False,False,True,True,False
False,False,True,True,False,True,False,True,False,True
True,True,False,True,True,True,True,True,False,True
True,False,True,True,True,True,True,True,False,True
True,True,True,True,True,True,False,True,True,True
False,True,False,False,True,True,False,True,True,True
False,True,False,True,False,True,True,True,True,True
True,False,False,True,False,True,False,False,False,False
True,True,False,False,True,False,False,False,False,True
True,False,False,True,True,False,False,True,True,False
True,False,True,True,False,True,False,False,False,False
False,False,False,True,False,True,False,True,True,False
False,True,True,False,False,True,True,True,True,False
False,False,True,True,True,False,False,True,False,False
True,True,True,False,False,True,False,True,True,False
False,False,True,False,False,False,True,True,False,True
True,False,False,True,False,True,False,False,False,True
False,True,True,False,False,False,True,False,True,True
False,False,True,False,False,True,False,True,False,False
False,False,True,True,True,False,True,False,True,False
False,False,False,False,True,False,True,False,False,True
True,False,True,False,False,True,True,True,True,False
True,True,True,False,False,True,False,True,False,False
True,False,True,True,True,True,False,True,False,False
True,True,False,True,False,False,False,False,True,False
False,False,False,True,False,True,True,False,False,False
False,True,True,False,True,True,True,True,True,True
True,False,True,True,True,True,False,False,False,False
False,False,True,True,False,True,False,False,False,True
True,True,True,False,True,True,True,False,False,True
False,False,True,True,True,False,True,True,False,True
False,False,True,True,False,False,True,True,True,False
True,False,True,True,False,False,True,False,True,True
True,False,False,False,True,False,True,False,True,False
False,True,False,True,True,False,True,False,True,False
True,True,True,False,False,True,True,True,True,False
False,False,False,False,False,False,False,False,True,False
True,False,True,False,True,False,False,False,False,True
True,False,True,False,True,True,False,False,False,True
False,True,False,False,False,False,True,False,False,False
False,True,True,True,True,False,False,False,True,False
False,False,False,True,True,False,True,True,False,False
True,False,False,False,False,False,True,False,False,True
True,False,True,True,True,False,False,True,True,False
True,False,True,False,False,False,True,False,False,True
False,True,True,True,True,False,False,True,True,True
True,True,False,True,True,True,True,True,False,False
False,False,True,True,False,True,True,True,False,False
False,False,True,False,False,False,False,True,True,True
False,True,True,False,False,True,True,True,True,True
False,False,True,False,False,False,False,True,True,True
True,False,True,False,True,True,False,True,True,True
True,True,True,False,False,False,True,False,True,False
False,False,False,False,True,True,False,True,True,True
True,False,False,False,False,True,False,False,True,False
False,False,True,True,True,True,False,False,False,True
True,False,True,False,False,False,False,False,False,False
True,True,True,True,True,False,False,False,False,True
False,False,True,False,True,False,True,True,False,False
False,True,True,False,True,False,True,False,False,False
True,True,False,False,True,True,False,True,False,True
False,True,True,False,True,True,False,False,False,False
True,True,False,False,False,True,True,False,False,True
True,False,False,False,False,True,True,True,False,False
True,True,False,True,True,False,False,False,True,False
True,False,True,True,True,True,True,False,False,False
True,True,True,True,True,False,True,False,False,True
True,True,False,True,False,True,False,True,False,True
True,False,True,False,True,False,True,False,False,True
False,False,True,True,False,False,False,True,True,True
False,False,True,False,False,True,False,True,True,False
True,True,False,False,False,True,False,False,False,False
True,False,True,True,True,True,True,True,False,True
False,False,True,True,False,True,True,True,False,False
False,False,False,True,False,True,False,False,True,False
True,False,False,True,False,False,True,False,True,True
False,True,False,False,False,False,True,False,False,True
True,True,True,True,False,False,True,False,False,True
False,True,True,True,True,False,False,True,True,False
True,False,False,False,True,False,True,True,True,False
False,True,False,True,True,True,False,True,False,False
True,False,True,True,True,False,True,True,False,True
False,True,True,True,False,True,True,False,False,True
False,True,True,False,True,False,False,False,True,True
True,True,True,True,False,True,True,False,True,True
False,False,True,True,False,False,True,False,True,True
False,False,True,True,True,False,False,True,True,False
False,True,False,False,True,True,False,True,False,False
False,True,True,True,True,False,True,True,False,False
False,False,True,False,True,False,True,False,True,True
False,False,False,True,False,True,True,False,False,False
False,True,True,True,False,True,False,False,False,False
True,False,True,True,False,True,False,True,True,False
True,True,False,False,False,True,False,False,False,False
False,False,False,True,True,False,True,True,True,True
False,True,False,False,False,False,True,True,True,False
True,False,True,False,True,True,False,False,True,True
True,True,False,True,True,True,False,True,False,False
False,False,True,True,True,False,True,True,False,True
True,False,False,True,True,True,True,True,True,True
False,False,True,True,False,True,False,True,True,True
False,True,True,True,False,True,True,True,True,False
False,False,False,False,False,False,True,False,True,False
True,True,True,True,True,True,True,True,False,False
True,True,True,True,True,True,True,True,True,True
True,False,True,True,True,False,False,False,False,True
True,False,False,False,False,False,False,False,False,True
True,True,True,True,True,False,False,True,False,True
True,True,False,False,True,False,False,False,False,False
True,True,True,False,True,True,True,False,False,False
True,False,True,True,False,False,False,False,False,False
True,False,True,False,True,True,False,False,True,False
False,True,False,True,False,True,True,False,True,False
False,False,False,False,True,False,True,True,False,False
False,True,False,False,True,True,False,True,False,True
False,True,True,False,False,True,False,True,False,False
False,False,True,True,False,True,False,False,False,True
True,True,False,False,False,False,True,True,True,False
True,False,True,False,False,True,False,False,False,False
True,False,False,True,True,False,False,False,True,False
False,False,True,False,False,True,True,True,False,False
False,False,False,True,True,False,False,False,False,False
True,False,False,False,True,True,False,True,False,False
False,False,False,False,True,False,True,True,True,True
False,True,False,False,True,False,False,False,False,True
False,False,True,False,True,True,True,False,False,False
False,False,True,True,True,True,True,False,True,True
True,True,False,False,True,False,True,True,False,False
False,True,True,False,True,False,False,True,False,False
True,True,True,True,False,True,True,True,False,False
True,False,True,True,True,True,True,True,False,False
False,False,True,False,False,True,False,False,True,False
False,False,True,False,True,False,True,False,True,True
False,True,False,True,False,True,True,False,False,True
False,False,False,False,True,False,True,False,False,False
False,False,True,True,True,True,False,True,False,True
False,True,False,False,True,False,True,True,True,True
True,False,True,True,True,False,True,True,True,True
True,False,True,True,False,False,True,True,False,False
True,True,False,True,True,False,False,False,True,True
True,True,True,False,False,False,True,True,True,True
True,False,False,True,True,True,True,True,False,True
True,True,False,True,True,True,True,True,True,False
False,True,True,True,True,False,True,False,False,False
False,False,True,True,False,False,True,True,True,True
False,True,True,True,True,True,False,False,True,True
False,True,True,True,True,True,True,False,False,True
True,False,False,False,False,True,True,True,False,True
True,True,False,True,True,True,False,False,False,False
False,True,True,False,False,True,True,True,False,False
True,True,True,False,False,True,True,False,True,True
False,True,False,True,True,False,True,True,True,False
True,True,False,True,False,False,False,True,False,True
True,False,True,True,False,True,True,True,True,False
False,False,True,True,False,False,True,True,True,False
False,False,False,True,True,False,True,True,False,False
False,True,False,True,False,False,False,False,True,False
True,True,False,True,True,True,True,False,False,False
True,True,True,False,False,False,True,False,True,True
False,False,True,False,True,True,True,False,True,True
True,False,False,True,False,True,True,False,True,False
False,True,True,True,True,True,False,False,True,False
False,False,True,True,False,True,True,True,False,True
False,True,True,True,True,True,False,True,True,True
False,False,True,False,True,False,True,False,True,False
True,True,True,False,False,False,True,False,True,False
True,False,True,False,False,True,False,False,False,False
False,True,False,True,False,True,False,True,True,True
True,True,False,False,True,False,False,True,False,True
False,False,True,True,False,True,False,False,False,True
False,True,True,False,True,False,True,False,True,True
False,False,False,False,False,True,True,True,True,False
True,False,True,False,True,False,True,False,False,True
True,True,True,True,True,False,True,True,True,False
False,False,False,False,True,True,False,True,False,True
True,True,True,True,True,False,False,False,False,False
True,True,True,False,False,True,True,True,False,False
False,False,False,False,True,True,False,False,False,True
False,False,False,False,False,True,True,False,True,True
False,True,False,True,False,True,False,False,True,False
False,False,False,False,False,True,False,True,False,False
True,False,False,False,True,True,True,False,True,False
False,False,True,False,True,True,True,True,True,True
True,False,False,True,True,False,True,True,True,False
False,True,False,False,True,False,True,True,False,False
False,True,False,False,True,True,True,True,True,False
True,False,True,True,False,False,False,True,False,True
True,True,True,True,True,True,True,False,True,True
True,False,False,False,True,True,True,True,True,False
False,False,True,False,True,False,False,False,False,False
True,True,True,True,False,False,True,False,False,True
True,True,True,True,True,False,True,False,False,False
False,False,False,True,False,True,False,True,False,True
True,False,False,True,False,False,False,True,False,True
True,False,True,False,False,True,False,False,True,True
True,False,True,False,False,True,False,False,True,False
True,False,False,False,True,True,True,True,True,False
True,False,True,False,False,False,True,True,True,True
False,False,False,False,True,True,True,False,False,True
False,False,True,False,True,False,False,True,False,True
True,True,True,True,True,False,False,True,False,False
True,True,True,False,False,True,False,False,False,False
True,True,False,True,True,True,False,False,True,True
True,False,False,True,True,True,False,False,False,True
False,True,False,True,False,False,True,True,True,True
False,False,True,True,True,False,True,False,False,False
True,False,False,False,False,False,True,True,True,True
False,False,False,True,True,False,False,True,True,True
False,True,True,True,False,True,True,False,True,True
True,True,True,False,True,False,True,False,False,False
False,False,True,False,True,False,False,False,False,False
True,False,True,True,False,True,False,True,False,False
False,False,False,True,True,True,True,True,True,False
False,True,False,False,True,False,True,True,False,True
False,True,True,True,True,False,False,False,True,True
True,True,False,True,False,True,False,False,True,False
True,False,True,False,True,False,True,True,True,True
True,True,True,True,True,False,True,False,True,False
False,False,False,False,True,True,True,False,True,True
True,True,False,True,True,True,True,True,False,False
True,False,True,False,True,False,True,False,False,False
False,False,True,True,False,False,True,False,False,True
False,True,False,True,False,False,True,False,False,False
True,True,True,False,True,True,True,True,False,True
True,False,False,True,False,True,False,True,False,False
True,False,True,True,False,False,True,True,False,True
True,False,True,True,False,False,False,False,True,True
True,False,True,True,False,False,True,True,True,True
False,True,False,True,False,True,True,True,False,True
True,True,False,True,True,True,True,True,True,False
False,True,False,True,True,True,False,True,True,False
False,False,True,True,False,False,True,False,False,False
True,False,True,False,False,False,True,True,False,False
True,False,False,True,False,True,True,False,True,True
False,False,False,True,True,True,True,False,False,True
True,False,False,True,True,False,True,False,True,False
False,True,True,True,False,False,True,False,True,False
False,True,False,True,True,True,False,False,True,True
False,True,True,True,False,False,True,False,True,False
True,False,True,False,True,False,True,False,False,True
True,True,True,True,False,True,False,True,True,False
True,False,True,True,False,True,False,True,True,False
True,True,True,True,True,True,True,True,False,True
True,True,True,False,True,True,False,True,True,False
True,False,True,True,False,False,False,True,False,False
False,True,False,False,True,False,False,True,False,True
False,False,False,False,True,False,True,True,True,False
False,True,False,False,False,True,True,True,True,False
True,False,True,False,True,True,True,True,False,True
False,True,True,False,False,True,True,True,False,True
True,False,False,True,True,True,True,True,False,True
True,True,False,True,False,False,False,True,False,False
False,True,True,True,True,False,False,True,True,False
True,True,True,True,False,True,False,False,True,False
True,True,False,True,True,False,False,False,True,False
True,True,False,False,False,True,True,False,True,True
True,True,False,True,True,False,False,True,True,False
False,False,False,False,True,True,False,False,True,True
False,False,False,False,True,False,False,False,True,False
False,False,False,False,True,False,True,False,False,False
False,False,True,True,True,False,True,True,False,True
False,False,True,True,False,True,False,True,True,False
False,True,True,False,True,False,True,False,True,False
True,False,False,False,True,False,True,True,False,False
False,False,False,True,True,True,True,False,True,False
False,False,True,True,False,False,False,True,False,True
True,False,True,False,False,False,False,True,False,True
False,True,False,True,True,True,False,True,False,True
False,True,True,False,True,True,False,False,True,False
False,False,True,False,False,True,True,False,False,False
False,False,True,True,True,True,False,True,False,True
True,True,False,False,True,True,True,False,True,False
True,True,True,False,False,True,False,True,True,False
True,True,True,True,True,True,False,False,True,True
False,False,False,False,False,True,False,True,True,True
False,False,True,False,True,True,True,False,False,True
False,False,False,False,False,False,False,True,True,False
True,False,True,True,False,True,False,True,False,False
False,False,False,False,False,False,False,True,False,False
True,True,False,True,False,False,False,True,True,True
True,False,True,False,True,False,True,True,True,False
False,False,False,True,False,False,True,True,True,False
True,True,False,False,False,False,False,True,True,True
True,False,False,True,True,True,True,True,True,True
False,False,True,True,False,True,False,True,True,True
True,False,True,False,True,True,False,False,True,True
False,False,True,True,True,True,True,False,True,False
False,True,False,True,False,True,True,True,False,False
False,True,True,False,False,False,True,False,False,True
False,True,True,False,False,True,True,True,True,True
True,False,False,False,False,True,True,False,True,True
False,True,True,True,False,True,True,True,True,True
False,True,False,False,False,False,True,False,False,False
False,False,True,True,True,False,False,False,True,True
False,False,False,False,False,False,True,True,False,False
False,True,False,True,False,True,False,True,True,True
True,False,True,False,False,False,True,True,True,False
True,True,False,True,False,True,True,True,True,True
False,True,True,False,True,False,False,False,True,False
True,True,False,False,True,False,True,False,False,False
True,True,True,True,False,True,True,True,False,True
False,False,True,True,False,False,True,True,True,False
True,False,True,True,False,False,True,True,True,True
True,False,False,True,False,True,True,False,True,False
True,False,True,False,True,True,False,True,False,False
True,False,False,True,False,True,False,True,True,False
True,True,True,True,True,True,True,False,False,True
True,False,False,True,False,True,True,False,False,True
True,False,True,True,False,True,False,False,True,True
False,False,False,False,False,False,False,False,True,False
True,False,True,False,False,False,False,True,True,True
False,False,False,True,True,True,False,False,True,False
False,False,False,False,False,False,True,False,True,False
True,False,False,True,False,False,True,True,True,True
True,False,False,False,False,False,False,False,True,False
True,True,True,False,True,True,True,False,False,True
False,False,False,False,True,False,True,False,True,True
True,True,False,False,False,True,False,True,False,False
False,False,True,True,True,True,True,False,True,False
True,True,False,True,False,True,False,False,True,True
False,True,False,True,True,True,True,False,True,False
False,False,True,False,False,False,False,True,False,True
True,True,False,True,True,True,True,True,True,True
False,False,True,False,True,False,False,False,False,True
False,True,False,False,False,False,False,True,False,False
False,False,False,True,True,False,False,False,True,False
True,False,False,True,False,True,False,True,False,False
True,True,False,True,False,True,True,False,False,True
True,False,False,False,False,True,False,False,False,False
False,False,False,False,False,True,True,True,True,False
False,True,True,True,False,True,True,True,True,True
True,False,False,True,False,True,True,True,True,False
False,True,False,False,False,False,False,True,True,True
True,True,False,True,False,False,False,True,False,False
False,True,True,False,False,False,False,False,True,True
False,False,False,True,True,True,False,True,False,False
True,True,True,True,False,False,True,True,True,False
True,True,True,True,True,False,False,False,True,True
True,True,True,False,False,False,False,False,False,True
False,True,False,False,False,False,False,False,True,True
False,True,False,True,True,False,False,False,False,True
True,True,False,True,False,True,False,False,True,True
False,True,False,False,False,True,True,False,False,False
True,True,False,False,False,True,True,True,False,True
True,False,False,False,False,False,False,True,True,True
True,True,False,True,False,False,False,True,False,True
True,True,False,True,False,False,True,True,False,False
True,True,False,True,False,True,False,True,True,True
False,False,True,True,True,True,True,True,False,True
False,False,False,True,False,False,False,False,False,False
False,False,True,True,True,True,True,False,False,True
False,False,True,True,True,True,True,False,False,False
False,True,False,True,True,False,True,True,False,False
False,False,True,True,False,True,True,True,True,True
False,True,True,True,False,True,True,False,True,True
False,False,True,False,True,False,False,True,True,False
True,False,True,True,False,False,True,False,False,True
False,True,False,True,False,True,False,True,True,False
False,True,False,False,True,True,False,True,True,False
True,False,False,False,True,True,False,False,True,True
False,False,True,False,True,False,True,True,True,False
True,False,False,True,True,False,True,True,True,True
True,False,True,True,False,False,True,False,True,False
True,False,True,True,True,False,True,False,True,True
False,True,False,True,False,True,True,True,False,True
True,True,True,True,False,True,True,True,False,False
False,False,False,True,False,True,True,True,True,True
True,False,True,False,True,False,False,False,True,True
False,False,False,False,True,True,True,True,False,True
False,True,True,True,True,False,False,False,False,True
False,True,False,False,True,True,False,True,False,False
False,True,True,True,True,False,True,True,False,False
True,True,True,False,False,True,False,True,False,True
False,False,False,True,True,True,False,False,True,True
False,False,False,False,True,True,False,True,False,True
True,False,False,False,False,False,True,False,False,False
True,False,True,False,False,True,False,False,True,True
False,False,False,False,False,False,True,False,True,False
False,True,False,False,False,False,False,False,True,False
True,True,True,False,True,True,False,True,False,False
True,True,True,False,True,True,False,False,True,True
False,True,True,False,False,True,False,True,True,False
False,True,True,False,False,True,True,False,False,False
False,True,False,False,False,False,False,False,False,False
False,True,True,False,True,True,False,False,False,True
False,False,False,True,True,False,True,False,True,True
True,False,True,False,True,False,True,False,True,False
True,True,True,True,True,True,True,False,False,False
True,False,True,False,True,False,True,False,False,False
True,True,True,True,True,True,True,True,True,True
True,True,True,False,False,False,False,False,True,True
False,True,False,True,False,True,True,True,False,False
False,True,True,False,False,True,False,False,False,False
False,True,False,True,True,True,False,True,True,False
True,False,True,False,False,False,True,False,True,False
True,True,False,False,True,True,False,True,True,True
True,True,False,True,False,True,True,False,False,False
True,True,False,False,False,True,True,False,False,True
True,False,True,True,True,False,True,True,True,False
False,False,True,False,True,True,True,True,False,False
False,True,False,True,False,False,True,False,True,True
False,False,True,True,True,True,False,False,False,True
True,True,False,True,False,False,False,False,True,True
True,False,True,True,True,False,False,False,False,False
True,True,False,False,True,False,False,False,False,True
True,False,True,False,False,False,False,False,True,True
True,True,False,True,True,False,False,False,True,False
True,False,True,False,True,True,True,True,False,False
False,True,False,False,False,False,False,False,True,False
False,False,False,False,False,False,True,True,True,True
False,False,False,True,True,True,True,True,False,True
True,True,True,True,False,False,True,True,True,True
False,True,True,True,False,False,False,False,False,True
False,True,False,True,False,True,True,False,False,True
False,True,False,False,True,False,False,False,True,True
True,True,True,True,False,True,False,True,False,False
True,False,False,True,True,False,True,False,False,False
False,False,True,False,True,True,True,True,False,False
False,True,True,True,True,False,True,True,False,False
False,False,True,False,False,True,True,False,False,False
True,False,False,True,False,True,True,False,True,True
True,False,False,False,False,False,False,True,False,True
True,False,False,True,True,False,False,True,False,False
True,False,True,True,False,True,False,False,False,False
False,False,True,False,False,False,True,False,True,False
False,True,False,True,False,False,False,False,False,True
False,False,False,False,False,True,True,False,True,True
False,True,True,False,True,True,True,True,True,True
False,False,False,True,False,True,False,False,True,True
True,True,True,True,False,False,False,True,False,True
False,True,True,True,True,True,False,True,False,False
False,False,True,False,False,False,False,True,False,False
False,True,True,True,True,True,False,False,False,False
False,True,True,True,True,False,False,False,True,True
False,False,True,False,False,False,False,False,True,False
True,False,False,True,True,False,True,True,False,False
False,True,True,True,False,False,True,True,True,False
True,False,False,False,False,True,False,False,True,False
True,False,False,True,False,False,True,False,True,False
True,False,True,True,False,False,True,True,False,True
False,False,False,False,True,True,True,True,True,True
False,True,False,False,False,False,True,False,True,True
False,True,False,True,True,False,True,False,False,False
False,True,True,False,True,True,False,True,True,True
False,False,False,True,False,True,False,True,True,True
True,False,True,True,True,True,True,True,True,False
True,False,False,False,True,False,False,False,False,True
False,True,False,False,False,True,False,True,True,True
True,True,False,False,False,True,True,False,False,True
False,True,True,False,False,True,True,True,False,False
True,True,False,True,True,False,True,False,False,True
False,False,False,False,False,True,False,True,True,True
True,True,False,True,False,True,False,False,True,False
False,True,False,True,False,False,False,True,True,True
False,False,True,True,False,False,True,False,False,False
False,True,True,True,True,False,True,True,False,False
False,True,False,False,False,False,False,False,True,True
False,False,True,False,False,False,True,False,True,True
True,False,True,True,True,True,False,False,False,False
False,True,False,True,False,False,False,True,True,True
True,False,False,True,True,False,True,True,True,False
True,False,True,False,False,True,False,True,True,True
False,False,False,True,False,False,True,True,True,False
True,True,True,False,False,False,False,True,False,True
True,True,False,False,True,False,True,True,False,False
True,False,False,True,False,True,True,True,True,False
False,False,False,True,False,False,True,False,False,True
False,True,False,True,True,False,True,True,True,False
True,False,False,False,True,False,True,False,False,True
False,True,True,True,False,False,True,True,True,False
True,True,False,True,False,True,True,True,False,True
True,False,True,False,False,False,True,True,True,False
True,False,False,False,False,True,True,False,False,False
True,False,True,False,True,True,True,False,True,False
True,False,False,False,False,False,False,True,False,True
True,False,True,True,False,False,False,True,False,False
False,True,True,True,False,True,True,True,False,True
True,False,True,True,True,False,False,False,True,False
True,False,True,False,False,True,False,True,True,True
True,True,True,False,False,False,True,True,True,True
True,False,False,False,True,True,True,False,True,True
False,False,False,True,False,True,True,False,True,False
True,True,True,False,True,True,True,True,True,False
False,False,False,True,True,False,False,True,False,True
True,False,True,True,True,False,True,False,True,False
False,False,True,True,False,False,True,True,False,False
False,False,True,False,False,False,True,True,False,False
True,True,False,False,True,False,True,False,False,True
True,True,True,True,False,False,True,True,True,False
True,True,False,True,True,False,False,True,True,True
True,True,False,False,True,True,False,False,False,False
False,True,False,True,True,False,True,False,False,True
True,False,True,True,False,False,False,True,False,True
False,False,False,True,False,True,False,False,False,False
True,False,True,True,True,True,False,True,False,True
False,False,False,True,True,False,True,False,True,False
True,True,True,True,True,True,True,False,True,True
False,False,False,False,False,False,False,False,False,False
True,True,False,True,True,True,True,False,True,False
True,False,True,False,True,True,True,True,False,True
True,True,True,True,True,True,False,True,True,False
True,True,True,True,False,True,True,True,True,False
True,False,False,False,False,False,True,True,False,False
False,False,True,False,True,False,True,True,True,True
True,True,False,True,True,True,False,True,True,False
False,True,False,True,True,False,False,True,False,True
True,True,True,False,False,False,True,True,False,False
False,True,False,False,True,True,True,True,False,False
False,True,True,True,False,False,True,False,False,True
True,True,False,True,False,False,False,True,True,True
True,True,True,False,False,True,True,False,True,True
False,False,False,True,True,True,True,True,False,False
True,False,False,False,True,True,False,False,True,False
True,False,True,False,True,True,False,False,False,False
False,True,True,True,True,True,False,True,False,False
True,False,False,True,False,False,False,False,False,False
False,True,True,True,True,True,False,True,False,False
False,False,True,False,True,False,True,True,True,False
True,False,False,True,True,False,True,True,False,True
False,False,True,False,False,True,False,True,True,False
False,False,True,True,True,True,True,False,True,False
False,True,True,False,True,True,True,True,False,True
False,False,False,True,False,True,False,True,True,True
True,False,True,False,False,True,False,False,False,True
True,True,False,True,True,True,True,False,False,True
False,False,False,True,False,False,True,True,True,False
True,False,True,False,False,True,True,False,False,True
True,False,True,False,True,False,False,True,False,True
False,True,False,False,True,True,True,True,True,False
False,False,True,True,True,False,True,False,True,False
False,True,False,False,True,False,True,False,False,False
True,False,True,False,True,False,True,True,False,False
True,True,True,True,False,True,True,False,False,True
False,True,True,True,True,False,True,True,False,False
True,True,True,False,False,False,False,False,False,True
False,False,True,True,True,False,False,False,True,True
True,False,False,True,False,False,True,False,False,False
True,True,False,False,True,True,False,False,False,False
False,False,True,True,True,True,True,False,False,False
False,False,False,False,True,True,True,False,True,False
True,False,True,True,False,True,False,True,False,False
False,False,True,False,True,False,False,True,False,True
True,True,True,False,True,True,False,True,False,True
True,True,True,True,True,False,False,False,False,True
True,True,True,False,True,True,True,True,False,True
False,True,True,False,False,False,True,False,True,True
False,False,False,True,True,True,False,True,True,True
True,False,True,True,True,True,True,True,False,True
False,True,False,True,False,False,False,False,True,False
False,False,False,True,False,False,True,True,True,True
False,False,True,True,False,False,True,True,True,False
True,False,True,True,False,False,True,False,True,False
True,False,False,True,True,False,False,True,True,True
False,False,False,True,True,False,False,False,False,False
False,True,True,True,False,False,True,True,True,True
False,False,False,False,False,False,True,True,True,True
True,False,False,False,True,True,False,True,False,False
False,False,True,False,True,True,True,True,True,True
True,False,True,False,False,True,True,False,True,False
False,False,False,True,False,False,False,True,False,True
False,True,True,False,True,False,False,False,True,False
False,True,True,False,True,True,True,True,False,True
True,True,False,True,True,False,False,False,True,False
False,True,False,True,True,False,True,True,True,True
True,True,False,True,False,True,False,True,False,False
True,False,False,True,True,False,True,False,True,True
False,True,True,False,False,False,False,True,False,True
True,False,True,True,False,False,True,False,True,True
False,True,True,False,True,False,True,True,True,True
True,True,True,False,False,True,True,False,True,True
True,True,True,True,False,False,True,False,False,False
False,False,False,False,False,True,True,True,True,False
True,True,True,True,True,False,True,False,False,False
True,True,True,True,True,True,True,True,False,False
True,False,False,False,False,True,True,False,True,True
True,False,True,True,False,False,False,True,True,False
True,True,True,True,False,False,True,True,True,True
True,True,True,True,False,False,False,False,True,True
False,True,False,True,True,True,True,True,False,True
False,True,True,False,True,False,True,True,True,False
False,True,False,False,True,True,True,True,False,True
False,False,False,False,False,True,False,False,True,False
True,True,False,False,False,False,True,False,False,True
False,False,False,False,False,False,True,False,False,True
True,False,False,False,False,False,True,False,False,True
False,True,False,True,False,False,False,False,True,True
False,True,False,False,False,False,False,False,False,True
True,False,True,True,True,False,False,True,False,False
False,False,True,True,True,False,False,True,True,True
True,True,False,True,False,True,True,False,False,True
False,True,False,True,True,False,False,True,False,True
True,False,True,True,True,True,True,True,False,True
False,False,False,False,True,False,True,True,True,False
False,True,False,True,False,True,False,True,False,False
False,True,True,False,False,False,False,False,True,True
False,False,False,False,False,False,False,False,False,True
False,True,True,True,False,True,False,True,True,False
True,False,False,True,False,True,True,True,False,True
True,True,True,True,False,False,True,False,True,True
False,True,False,True,True,False,False,False,True,False
False,True,False,True,True,True,True,False,True,True
False,False,True,False,True,True,False,False,True,False
True,False,True,True,True,True,False,True,False,True
True,True,False,False,True,True,True,True,True,True
True,False,False,True,False,False,False,False,False,False
True,False,False,True,True,False,False,True,True,False
False,True,False,True,False,False,True,False,False,False
False,True,False,True,True,True,False,False,True,False
True,False,True,False,False,False,False,True,True,True
True,True,True,False,False,True,False,True,False,True
False,True,False,False,False,False,True,False,False,True
False,False,False,False,False,True,False,False,True,False
True,True,True,False,True,False,False,False,False,True
True,True,False,True,False,False,False,False,True,False
False,True,False,True,False,True,True,False,True,False
False,True,True,True,False,False,True,True,True,True
True,False,True,False,False,False,False,True,False,False
False,True,True,False,True,True,False,False,False,False
False,True,True,True,False,True,False,True,True,False
True,False,False,True,False,True,False,False,False,False
False,False,False,False,False,True,True,False,True,False
True,False,False,True,False,False,True,False,False,True
False,True,True,True,False,False,False,True,True,False
True,True,False,False,False,True,False,True,False,True
False,False,False,False,True,True,False,False,False,True
True,True,True,True,False,False,True,False,False,True
True,False,False,True,False,False,True,True,True,False
True,True,False,True,True,True,True,True,True,False
True,True,True,True,False,False,False,True,False,True
False,True,False,False,False,False,False,False,False,True
True,True,True,False,False,False,True,True,False,True
False,False,True,False,True,False,False,False,True,True
True,False,True,False,True,True,True,True,False,True
True,False,False,False,False,True,False,False,True,False
False,True,True,False,False,True,True,False,False,False
True,True,True,True,False,False,False,False,False,False
False,False,True,False,False,False,True,True,False,True
False,True,False,False,True,True,False,True,False,False
True,True,False,False,False,False,True,False,False,False
True,False,False,True,True,True,True,True,True,True
False,False,True,True,False,True,False,False,True,True
True,False,True,False,False,False,False,True,True,True
False,True,False,False,True,False,True,True,True,True
True,True,True,True,True,False,True,False,False,False
False,False,True,True,False,False,False,False,False,True
True,False,False,False,True,True,False,False,False,True
False,True,False,False,False,True,True,False,True,True
True,False,True,True,True,False,True,True,True,False
True,True,False,False,False,False,False,False,False,False
True,True,False,True,True,False,False,True,True,False
True,False,False,True,True,False,False,True,True,True
False,True,False,True,False,True,True,True,True,False
True,True,True,True,True,False,True,False,True,True
True,False,False,False,True,True,False,False,False,False
False,False,True,False,False,True,False,True,True,False
False,True,True,True,True,True,True,False,False,True
True,False,True,False,True,False,False,False,False,True
True,False,True,False,True,True,True,True,False,True
False,False,False,False,False,True,True,False,True,False
True,False,False,False,True,True,True,False,True,True
True,False,False,False,True,False,True,False,True,True
False,False,False,False,True,True,True,False,False,False
True,False,True,False,False,True,True,True,False,True
True,False,False,True,True,True,True,False,True,False
True,True,False,False,True,False,False,False,True,True
False,True,True,True,False,True,False,False,True,False
True,False,False,True,False,True,True,True,True,False
False,True,False,False,False,True,False,False,True,False
False,True,False,True,True,False,True,False,False,True
False,True,True,False,True,False,True,True,True,False
True,False,False,False,True,True,False,True,True,True
False,True,True,False,True,False,False,True,False,False
True,True,True,False,True,True,True,True,True,False
False,True,True,True,False,False,False,True,True,True
False,True,False,False,True,False,True,False,True,False
False,True,False,True,True,False,False,True,False,False
True,False,False,True,False,True,False,False,True,False
False,True,True,False,False,False,False,False,True,True
False,False,False,True,False,False,True,False,False,True
False,False,False,True,True,True,False,True,True,False
True,True,False,True,False,False,True,False,False,False
False,True,True,True,False,True,False,False,False,False
False,False,True,False,True,True,True,False,False,True
True,False,True,False,False,True,True,True,False,False
False,True,True,False,False,False,True,False,False,True
True,True,True,False,False,False,True,False,False,True
False,True,True,True,True,False,True,True,False,False
True,True,False,False,True,False,False,False,True,True
True,True,False,False,True,True,True,True,False,True
False,True,False,True,True,True,False,True,False,True
True,True,False,False,False,False,True,False,False,True
True,True,True,True,False,False,True,False,True,True
True,False,False,False,False,True,True,True,True,False
True,False,False,True,False,True,True,True,False,False
False,True,False,True,True,True,True,False,True,True
True,False,True,False,True,False,True,True,True,False
True,False,False,False,True,True,False,True,True,True
True,False,False,False,False,True,False,False,True,True
True,True,True,False,True,False,True,True,False,True
False,False,False,True,True,False,True,False,False,False
True,False,False,True,True,True,False,False,True,True
False,True,True,True,False,True,True,False,True,False
False,False,False,False,True,False,False,True,True,False
False,False,False,True,False,True,False,False,False,True
True,False,True,False,False,True,False,True,True,False
False,True,True,True,True,False,False,False,False,False
False,True,False,True,True,True,False,True,False,True
False,False,False,True,False,True,True,False,False,False
True,False,True,False,False,False,True,False,False,True
False,False,True,False,True,True,True,True,False,True
False,True,True,False,True,False,True,False,True,True
True,True,True,False,False,False,True,True,False,False
False,False,False,False,False,True,False,True,True,False
False,True,False,False,False,True,False,True,False,False
True,True,True,True,False,True,True,True,True,True
False,True,True,True,False,False,True,False,False,False
True,False,True,True,False,False,True,False,False,False
False,True,False,True,True,True,True,False,True,True
True,True,True,True,True,True,True,True,False,True
False,True,False,False,True,False,True,True,False,True
True,False,False,True,False,False,True,True,False,True
True,True,True,False,False,True,True,False,True,False
False,True,False,True,False,False,False,False,True,True
False,False,False,False,False,True,False,False,True,False
False,False,False,True,True,True,False,False,False,True
False,True,False,False,True,False,False,False,False,True
False,True,True,True,False,True,False,True,False,False
True,False,True,False,True,True,False,True,False,True
False,True,False,True,False,False,False,True,False,False
True,False,False,True,False,False,True,False,False,True
True,False,True,True,False,False,True,False,False,True
False,False,False,False,True,True,False,False,True,True
True,True,True,True,False,False,False,True,True,False
True,True,True,True,True,False,False,False,False,False
False,False,True,True,True,False,True,True,False,False
False,True,True,False,True,True,False,True,True,True
False,True,True,True,True,True,False,True,False,True
False,False,False,True,True,True,True,False,True,False
False,False,True,True,False,True,False,True,False,True
True,True,True,True,True,False,False,True,False,True
False,False,False,True,True,False,True,False,False,False
False,False,True,True,True,False,True,True,True,True
True,True,False,True,True,False,True,False,True,False
True,True,False,True,False,False,False,False,False,True
False,False,False,True,True,False,False,True,True,False
False,False,True,True,False,True,False,True,False,False
True,False,False,True,True,False,False,True,True,True
False,False,False,True,False,False,False,True,True,True
False,False,True,False,False,False,False,True,False,True
True,False,False,False,True,True,False,False,False,True
True,True,True,False,False,False,True,True,False,True
True,True,True,True,False,True,True,False,False,False
True,True,True,True,False,True,True,True,False,True
False,True,False,False,False,False,True,True,True,False
True,True,True,False,False,True,False,False,True,False
False,False,True,True,False,False,True,True,True,False
False,False,True,True,False,True,True,False,False,False
True,False,True,True,True,True,True,True,False,False
False,False,False,False,True,True,False,True,False,True
False,False,True,True,False,True,True,True,False,False
True,True,False,False,False,True,True,True,False,False
True,False,True,False,True,False,True,False,True,False
False,False,False,True,False,True,True,False,True,True
True,True,True,False,True,True,False,False,True,True
True,False,False,True,True,True,True,False,False,False
False,True,True,True,True,True,False,False,True,False
True,True,True,False,True,False,False,True,True,True
True,True,False,False,True,True,False,False,True,False
False,True,True,True,False,True,False,True,False,True
True,True,True,False,True,True,False,True,True,False
True,True,False,False,False,False,True,True,True,False
False,True,True,True,False,False,True,True,False,False
False,True,True,False,True,True,False,False,True,False
False,False,True,True,True,False,True,True,True,False
True,True,False,True,False,False,True,True,False,True
False,False,True,False,True,True,True,True,True,False
False,True,False,False,False,True,True,False,True,True
False,False,True,True,False,False,True,True,False,False
True,True,False,True,False,False,True,False,True,False
False,False,False,False,False,True,True,True,True,False
True,True,False,False,True,False,True,True,True,True
False,True,True,True,False,True,True,False,False,True
False,True,False,False,False,False,False,False,True,True
False,True,False,False,True,False,False,False,True,False
True,True,True,True,False,True,True,False,False,False
True,False,False,False,True,False,False,True,False,False
False,True,True,True,False,True,True,False,True,True
True,True,True,True,True,False,True,False,False,False
True,False,False,False,True,False,False,True,False,False
False,True,False,False,False,True,True,True,True,True
True,False,True,True,False,True,True,True,True,True
False,True,True,True,False,True,False,False,True,False
True,True,True,False,True,False,True,False,True,True
False,True,True,False,False,True,False,False,False,True
False,True,True,True,True,False,True,False,False,True
False,True,False,False,True,False,True,True,True,True
True,False,True,False,True,False,False,True,False,False
True,True,True,True,True,True,False,True,True,False
True,False,True,False,True,True,True,True,False,False
False,False,True,True,False,True,True,False,True,False
True,False,True,False,False,True,False,False,True,True
False,True,True,False,True,True,False,True,True,False
False,False,True,True,True,False,True,True,True,True
True,True,False,False,True,True,False,True,True,False
False,True,True,False,False,False,False,True,True,True
True,True,False,True,True,True,False,True,True,False
False,True,False,True,True,True,True,False,False,True
False,False,True,True,True,True,False,True,True,False
False,True,False,True,False,False,True,False,True,True
True,True,True,True,True,False,False,False,False,True
False,True,False,True,True,True,False,False,False,False
False,False,False,False,False,False,True,True,False,True
True,True,True,True,True,True,False,False,False,False
False,True,True,True,True,False,False,True,True,True
False,False,True,True,False,True,True,True,True,False
True,False,True,True,False,False,False,False,True,True
True,False,False,False,True,True,False,True,False,False
False,True,True,True,False,True,True,True,False,False
False,False,True,False,False,False,True,False,True,True
False,False,False,True,False,True,False,False,False,True
True,True,False,True,False,True,False,False,True,False
True,True,False,True,False,False,False,True,True,True
True,True,True,False,False,False,False,True,False,True
False,False,False,True,True,False,False,False,False,False
False,False,True,True,True,False,True,False,True,True
False,False,True,False,False,False,False,False,True,True
False,True,False,False,False,True,False,True,False,True
True,False,True,True,True,False,True,False,True,True
True,True,False,False,True,False,True,False,True,False
False,False,False,True,True,True,False,True,False,False
True,False,True,True,True,True,False,True,False,True
False,False,True,False,True,True,True,True,False,True
False,True,False,True,False,True,False,False,True,False
True,True,True,False,False,True,False,False,True,False
False,True,True,False,True,True,True,False,True,False
False,False,True,False,False,True,False,False,True,True
False,True,False,True,True,False,True,True,True,True
False,False,True,True,True,True,False,False,False,False
True,False,False,True,False,False,True,True,True,False
True,True,True,False,False,False,False,True,False,True
False,False,False,True,True,False,True,True,False,True
True,True,False,False,True,True,False,False,True,True
True,True,True,False,True,False,False,False,False,False
False,True,False,True,True,True,False,True,False,False
True,True,False,True,False,False,False,False,False,False
False,False,False,False,True,True,True,False,False,False
True,True,True,False,False,False,True,True,True,True
True,False,True,True,True,False,False,False,False,True
True,True,True,True,True,True,True,False,True,False
False,True,False,True,True,True,True,True,False,True
True,True,False,True,True,False,False,True,False,True
False,True,True,True,True,True,False,True,True,True
False,True,True,False,False,False,True,True,False,False
True,False,False,False,False,False,True,True,False,True
False,False,True,False,True,True,True,True,True,False
False,False,False,False,False,False,True,True,False,False
True,True,False,True,True,True,False,False,False,True
False,False,True,False,False,True,True,False,False,True
True,False,True,True,True,True,True,True,True,True
True,True,True,True,True,False,True,False,False,False
False,False,True,False,True,False,False,True,False,True
False,True,True,False,True,False,True,False,False,True
False,False,True,False,False,False,True,True,False,True
False,True,True,True,True,False,True,False,False,False
True,False,True,True,False,False,False,True,True,False
True,True,True,True,False,True,True,False,False,False
True,True,True,False,False,False,False,False,False,False
False,False,True,False,True,False,True,False,False,False
True,False,True,True,False,True,False,False,False,False
False,False,False,False,False,False,True,True,False,True
False,True,False,True,True,True,True,False,False,False
False,True,True,False,True,True,False,False,True,False
True,True,False,False,True,True,True,True,True,False
True,False,True,True,True,True,False,True,False,True
True,True,False,True,True,True,True,False,True,False
False,False,False,False,True,False,False,True,False,True
False,False,True,True,True,False,True,True,True,False
False,False,False,True,True,False,True,True,False,False
False,False,True,False,True,True,False,True,False,False
True,False,True,True,True,True,True,True,True,False
False,True,False,False,False,True,True,False,True,True
False,True,True,False,False,False,True,True,False,True
False,True,True,True,False,True,False,True,False,True
True,False,True,False,True,False,False,True,False,False
False,False,False,True,True,True,False,True,True,False
True,True,False,True,False,False,True,True,True,False
False,False,False,True,False,False,True,False,False,False
False,False,True,False,False,False,False,True,False,False
False,True,False,True,True,True,True,False,True,False
True,False,True,True,True,True,True,True,True,False
False,True,False,False,False,False,False,False,True,True
True,False,False,True,True,True,True,True,True,False
True,True,False,False,True,True,False,True,False,True
True,True,True,False,False,True,True,True,False,True
True,False,False,True,False,False,True,True,False,False
True,True,False,True,False,True,True,True,False,True
True,False,False,True,False,True,False,True,False,False
True,False,True,False,True,False,True,True,False,True
True,False,True,True,True,False,False,False,True,True
True,False,False,False,False,False,False,True,False,True
False,True,True,False,True,False,True,False,True,True
False,False,True,False,False,True,False,False,True,True
False,False,False,True,True,True,False,True,True,False
True,True,True,True,False,True,False,True,False,False
False,False,False,False,False,False,False,True,False,True
True,True,False,True,True,False,True,False,False,True
False,False,True,True,True,True,True,False,True,False
True,True,True,True,False,False,False,True,True,True
True,False,False,True,False,False,False,False,True,False
True,True,False,False,False,False,False,True,False,False
True,True,False,False,True,True,True,False,False,True
True,False,True,True,True,True,False,True,False,False
False,True,False,True,True,False,True,False,True,True
False,False,False,True,False,True,False,True,False,True
False,False,False,True,True,False,False,False,True,False
False,True,False,True,False,False,False,True,True,False
False,False,True,False,True,False,True,False,False,True
True,False,False,True,False,False,False,False,True,False
True,False,False,True,False,False,False,False,True,True
True,True,True,True,False,False,True,False,False,True
False,False,False,True,True,False,False,True,False,False
False,False,False,False,False,True,False,False,True,False
True,True,False,True,True,False,True,True,False,False
False,True,False,True,True,False,False,False,False,True
True,True,True,True,True,True,True,True,True,False
False,False,True,False,True,True,False,False,False,False
True,True,False,False,True,True,True,True,False,True
False,False,True,True,False,True,True,True,True,True
False,True,False,True,False,False,True,False,True,False
True,False,True,False,False,True,False,False,False,True
True,False,True,True,False,False,True,False,False,False
True,False,True,False,False,True,False,False,True,False
False,False,False,True,True,False,True,True,False,False
True,False,True,False,False,False,True,True,False,True
True,False,True,False,True,True,True,False,False,True
True,False,True,True,True,False,True,True,True,True
True,False,True,True,False,True,False,False,True,False
True,True,True,True,False,True,True,True,True,False
False,True,True,False,False,False,False,True,True,True
True,True,True,True,True,False,False,True,False,False
True,True,True,True,False,True,True,True,True,False
True,True,True,False,False,True,True,False,False,False
True,True,True,True,True,True,True,False,False,True
True,False,False,False,True,False,False,False,True,False
False,False,False,False,False,True,True,False,False,True
False,True,True,False,True,True,False,True,False,True
False,True,True,True,False,True,True,False,True,False
False,False,True,False,True,False,True,True,True,False
True,True,True,False,False,False,True,False,True,True
True,False,True,False,True,True,True,True,False,True
False,False,True,True,False,False,False,True,True,True
False,False,True,True,True,True,False,True,True,True
True,True,False,False,True,True,True,True,False,False
True,True,False,True,True,False,True,True,False,False
True,True,False,True,False,False,False,True,True,True
True,True,False,True,True,True,False,False,True,False
True,False,True,True,False,False,False,False,False,False
False,True,False,True,True,False,True,False,True,True
True,False,False,True,True,True,False,True,True,True
True,True,True,True,False,False,False,True,False,False
False,True,False,False,False,True,True,True,False,False
True,True,True,True,False,True,False,False,True,True
True,False,False,True,False,True,False,True,True,True
False,False,False,False,True,False,False,False,False,False
False,True,True,True,True,True,False,True,False,True
True,True,True,False,True,False,False,True,False,False
True,False,True,True,False,False,False,False,True,False
True,True,True,False,True,True,False,False,False,False
False,False,False,False,True,False,False,False,True,True
True,False,True,False,False,False,True,True,True,False
False,False,False,False,True,True,False,True,True,True
True,False,True,False,True,False,True,False,True,False
True,True,False,True,False,False,True,False,True,True
False,True,False,True,True,False,True,True,True,False
True,False,False,False,True,False,False,False,False,True
False,False,True,True,False,False,False,True,False,False
False,False,False,True,False,True,False,False,False,False
True,False,True,False,True,True,False,False,False,False
False,False,False,True,True,True,True,False,False,True
True,False,False,False,False,False,False,True,True,True
False,True,False,True,False,False,True,True,True,True
True,False,True,False,True,True,False,True,True,False
False,True,False,False,True,False,True,True,False,False
True,False,False,True,True,False,True,True,True,True
True,False,True,False,True,True,False,True,True,True
False,False,True,False,False,False,False,True,False,False
False,False,False,True,True,False,True,False,False,False
True,True,True,False,True,False,False,False,True,False
True,True,True,True,True,True,True,True,True,False
False,False,True,True,False,False,False,False,False,False
False,True,True,True,False,True,True,True,True,False
False,True,True,False,False,False,True,True,True,False
False,True,True,False,False,False,False,False,True,False
False,True,False,True,False,True,False,True,True,False
True,False,False,False,False,False,True,True,False,True
False,False,False,True,False,True,False,False,False,False
False,False,False,True,True,True,False,True,False,False
True,False,True,False,True,True,True,True,False,False
False,True,True,False,False,True,False,True,False,True
True,True,True,False,False,False,False,False,False,False
False,False,False,True,True,True,False,False,False,False
False,False,True,True,True,True,False,True,False,True
False,False,True,True,True,False,False,False,True,False
False,True,False,True,False,False,False,True,True,True
False,True,False,False,False,True,True,True,True,True
False,False,True,False,False,True,True,True,False,True
True,False,False,False,True,False,False,False,True,True
True,True,True,True,False,False,False,False,True,False
True,False,False,False,False,False,True,False,True,False
True,True,True,True,True,False,False,True,True,False
True,True,True,True,True,False,True,True,True,True
True,True,True,False,False,False,False,False,False,False
True,False,False,False,True,False,False,True,True,False
False,True,True,True,True,False,False,True,False,True
False,True,False,True,False,False,False,False,True,False
True,True,True,True,True,False,True,False,True,True
True,False,False,True,False,True,True,True,False,False
True,True,True,False,False,False,False,True,True,False
True,False,True,True,False,True,False,False,False,False
True,True,False,True,True,False,False,False,True,True
False,True,False,True,True,True,False,False,True,False
True,True,True,True,True,True,True,True,True,True
False,False,False,True,False,False,True,False,True,True
False,False,True,False,True,True,True,True,True,False
True,True,False,False,False,True,True,False,True,False
False,True,False,True,False,False,True,False,False,False
False,True,True,False,False,False,True,True,False,False
False,False,False,True,False,True,True,True,False,True
True,True,True,False,False,True,False,False,False,True
True,True,True,True,True,False,True,True,True,False
True,False,True,False,False,True,True,True,True,False
True,False,False,True,False,True,True,True,True,False
False,False,True,True,False,False,False,False,False,True
True,True,False,True,True,True,True,False,False,False
True,True,True,False,False,True,True,True,True,False
False,False,False,False,True,False,False,True,True,False
False,False,False,False,True,False,True,True,False,False
True,True,False,True,False,False,True,True,True,False
False,True,True,False,True,False,True,True,False,False
True,False,True,False,False,False,False,False,True,False
True,False,True,True,False,True,False,False,False,True
False,False,True,True,True,True,True,False,False,True
True,True,True,True,True,True,False,False,False,False
False,True,True,True,True,False,False,True,True,True
False,False,True,False,True,False,False,False,False,False
True,True,True,True,False,True,True,True,True,True
True,False,False,False,True,True,True,True,False,False
False,True,False,False,True,True,False,True,False,True
True,True,True,False,False,False,True,True,True,True
False,True,False,False,False,True,False,False,False,False
False,False,False,True,False,False,False,False,False,True
False,False,False,True,True,True,False,False,False,True
False,True,False,True,True,True,False,False,False,True
True,True,False,False,False,False,True,False,True,False
True,False,False,False,False,True,False,False,False,True
True,False,False,False,False,False,True,True,True,True
False,False,True,False,False,False,True,False,True,False
False,True,True,True,True,False,False,True,False,False
True,False,True,True,False,False,True,False,False,False
True,False,False,False,False,False,True,True,True,False
False,False,True,True,True,False,False,False,False,False
True,False,False,True,False,False,False,False,True,False
True,True,True,False,False,True,False,False,True,True
False,True,True,True,True,False,True,True,True,True
False,True,False,True,False,False,True,False,True,True
False,False,False,True,False,True,True,True,True,True
False,True,False,True,False,False,False,False,True,False
False,False,True,False,True,True,True,False,False,False
False,True,True,True,True,True,True,True,False,True
False,False,False,True,False,False,True,False,True,False
True,False,False,False,False,True,True,True,True,False
False,False,False,True,False,True,False,True,True,False
True,True,False,False,False,False,True,False,True,False
True,False,False,False,True,True,True,True,True,False
False,False,True,False,False,False,False,False,False,True
False,True,False,True,False,True,True,True,True,False
False,False,False,False,False,False,True,True,True,True
False,True,True,False,True,True,True,True,False,True
False,True,False,False,True,True,False,False,False,False
False,True,False,True,False,True,True,True,False,True
True,False,True,False,True,False,False,True,True,True
False,True,False,True,True,False,False,True,False,True
True,False,False,True,False,False,True,True,True,False
False,False,False,False,True,False,True,False,True,True
True,False,False,True,True,False,False,True,True,False
True,False,False,True,False,False,True,False,True,True
False,False,False,True,False,True,True,True,False,False
True,False,True,True,True,True,True,False,False,False
True,False,False,False,False,False,False,False,False,False
True,True,True,True,True,False,True,True,True,False
False,False,False,True,False,False,True,True,False,False
False,True,False,True,False,True,True,False,True,True
True,True,True,True,True,False,False,True,False,False
False,True,True,False,False,True,False,False,True,True
True,False,False,True,False,True,True,True,True,False
False,True,False,True,True,True,False,False,True,False
True,False,False,True,False,False,True,True,False,True
False,True,False,False,False,True,False,True,False,False
True,False,True,False,True,True,False,True,False,False
False,True,True,True,True,True,False,True,True,True
False,False,True,False,False,True,False,True,False,True
False,False,True,True,True,False,False,False,True,True
True,False,True,True,True,False,False,False,True,False
True,True,False,False,False,False,True,True,False,True
False,False,True,False,False,True,True,False,False,True
False,True,True,True,True,True,True,True,True,True
True,True,True,False,False,True,True,False,True,False
False,True,True,False,True,False,True,False,True,True
True,True,True,True,False,False,True,True,True,False
True,True,True,True,False,False,False,True,False,False
True,True,False,False,True,True,True,True,True,False
False,True,True,False,False,False,False,False,False,False
True,False,True,True,True,True,False,False,False,False
True,True,True,False,False,True,False,True,False,False
False,True,True,False,True,True,False,True,False,True
True,False,False,True,True,False,True,True,True,True
False,True,True,True,True,False,False,True,True,False
True,True,True,True,False,False,True,True,False,True
False,True,False,False,False,True,True,False,True,False
True,True,True,True,False,True,True,False,True,True
False,True,True,True,False,True,True,False,False,False
False,True,False,True,False,True,False,True,True,True
False,True,True,False,False,False,False,True,True,False
False,False,False,False,True,True,True,True,True,True
True,True,True,False,False,True,True,True,True,False
True,False,True,False,False,True,False,False,False,False
False,False,False,False,True,True,False,False,True,True
False,False,False,True,True,False,True,True,False,True
True,True,False,True,True,True,True,False,True,False
False,True,True,False,False,False,False,False,False,False
False,True,True,True,True,True,False,True,True,False
False,True,True,True,False,True,False,True,False,False
True,True,False,True,True,False,False,True,True,True
True,True,True,True,True,False,True,False,True,False
True,True,False,False,False,False,True,False,False,True
False,False,True,False,True,True,True,True,True,True
False,True,True,True,False,False,False,True,True,True
True,True,True,True,True,False,False,False,False,False
True,True,False,True,True,True,True,True,False,True
True,True,False,True,True,False,False,False,False,True
False,False,False,False,True,False,True,True,True,True
True,True,True,True,True,True,False,True,False,False
True,False,False,False,True,True,False,True,True,True
False,False,False,False,False,False,False,True,True,False
False,True,False,False,False,False,True,False,False,False
True,False,True,True,True,False,True,True,True,True
False,True,False,False,False,False,True,False,True,True
False,True,False,True,True,False,False,False,True,False
False,True,True,True,False,True,True,True,False,False
False,True,False,False,False,True,True,False,True,False
False,False,False,False,True,True,True,True,False,True
True,True,False,True,False,False,False,True,True,True
False,False,False,True,True,True,False,True,True,True
True,False,False,False,True,True,True,True,False,True
True,True,True,False,True,False,True,False,True,True
False,False,False,True,False,False,False,False,False,False
False,True,True,False,False,False,True,False,False,False
True,True,True,True,True,False,True,True,True,True
False,False,True,True,False,False,True,False,True,True
False,False,True,False,True,True,True,False,False,True
True,False,False,True,True,False,False,True,True,False
True,False,False,False,True,True,False,True,True,True
True,True,True,True,True,True,True,True,False,False
True,False,True,False,True,True,True,True,True,False
True,True,False,False,False,True,False,True,True,True
True,False,False,False,False,True,False,True,False,True
True,True,False,True,True,False,True,True,False,False
True,False,False,False,False,False,False,False,True,True
True,False,True,False,True,False,True,False,True,False
True,True,False,False,False,False,False,True,False,True
True,True,True,True,False,False,False,False,True,False
False,False,True,True,True,True,True,False,False,True
False,True,False,False,True,True,False,True,True,False
False,True,False,False,True,False,False,True,False,False
True,True,False,False,False,False,False,True,False,True
False,True,False,True,False,True,False,False,False,False
False,False,False,False,False,False,True,False,True,True
False,True,True,False,False,False,False,True,False,False
True,True,False,True,True,False,False,True,False,False
False,False,False,False,True,True,True,False,False,True
True,True,False,True,True,True,True,True,False,True
False,False,True,False,False,False,True,False,True,True
True,True,False,False,False,True,True,False,True,False
True,True,False,False,False,False,False,False,False,True
True,True,False,True,True,True,True,True,False,False
False,True,False,False,True,False,True,False,False,False
True,False,False,False,True,False,False,True,True,True
False,True,False,True,True,True,True,True,False,True
False,False,False,True,True,False,True,False,True,False
False,True,True,True,False,True,False,True,True,True
True,False,False,False,True,False,True,False,True,True
False,False,True,True,False,False,False,False,False,False
False,False,True,True,False,True,True,True,False,True
True,False,True,False,True,False,True,False,True,False
True,False,False,True,False,True,False,True,True,True
True,True,False,True,False,False,False,False,False,True
True,False,False,False,True,True,False,False,False,True
False,False,True,True,True,True,True,True,False,False
True,True,True,False,True,True,True,False,True,True
False,False,False,True,False,False,True,False,True,True
True,True,True,True,False,False,True,False,True,False
False,False,False,True,True,True,False,False,True,True
True,True,False,False,False,False,True,True,False,True
True,True,True,True,True,False,False,True,False,True
False,True,False,True,False,True,False,False,True,False
True,True,True,True,False,True,False,True,False,False
False,True,False,True,True,True,False,False,True,True
False,False,True,False,False,False,False,True,True,True
True,False,False,False,False,False,True,False,True,True
True,False,True,False,False,True,True,False,False,True
True,True,True,False,False,True,True,False,False,True
True,False,False,False,True,False,False,True,False,False
True,True,True,False,False,False,True,True,True,True
True,True,False,True,False,True,False,True,False,True
True,True,True,True,False,True,False,True,True,False
False,False,True,False,True,True,True,True,False,True
False,False,True,False,True,True,True,True,False,False
True,True,False,True,False,True,False,True,True,False
True,False,False,False,False,False,True,False,True,True
True,False,False,False,False,False,False,False,False,True
False,False,True,True,False,False,True,False,False,False
True,True,True,False,True,False,False,False,False,False
True,True,False,False,True,True,False,False,True,False
False,True,False,True,True,True,False,False,True,False
False,False,False,True,False,True,False,True,False,False
True,True,True,False,False,False,True,True,True,True
False,False,True,False,True,False,True,False,True,True
True,True,False,False,False,False,True,True,True,True
True,True,False,False,False,True,True,True,True,False
True,False,True,True,True,True,True,False,True,False
True,True,True,False,True,True,False,True,True,False
False,True,False,True,False,True,True,False,True,True
True,True,False,False,True,True,False,False,True,True
False,False,False,True,False,True,True,True,True,False
False,False,True,False,True,True,False,False,False,False
True,False,True,False,False,False,False,True,False,False
True,False,False,False,False,False,True,True,False,True
False,False,True,True,True,False,True,True,True,True
True,False,True,False,False,True,True,False,True,False
False,False,False,True,False,True,True,False,True,True
True,True,False,True,True,False,True,False,False,False
True,True,False,True,False,False,False,True,True,False
False,True,False,False,False,True,True,True,False,True
False,False,False,False,False,True,False,True,True,False
False,True,True,True,False,True,True,False,False,True
False,True,True,True,False,False,True,True,True,False
False,True,True,True,True,False,False,True,True,False
True,True,True,False,True,True,False,False,False,False
True,True,False,True,False,True,False,True,True,True
False,False,True,True,False,False,True,False,False,False
True,False,True,False,True,False,False,False,False,False
True,True,False,True,False,False,True,True,True,False
True,True,False,False,False,False,True,True,True,True
True,False,False,True,False,True,True,True,False,True
False,False,True,False,True,True,True,True,False,False
True,False,False,False,True,True,False,False,True,False
False,False,True,False,True,True,False,True,False,True
False,False,True,False,True,True,False,True,False,True
True,True,True,False,True,True,False,False,True,True
True,False,True,False,False,True,True,False,True,False
False,False,False,False,True,False,True,False,True,True
True,False,True,True,True,False,False,True,False,True
False,False,True,True,False,True,False,False,False,False
True,True,True,True,False,True,False,False,True,True
False,False,False,False,True,True,False,True,True,True
True,True,True,True,False,True,False,True,False,False
False,True,True,False,True,True,False,False,False,False
True,False,False,True,True,False,True,False,False,True
True,True,True,False,False,True,True,True,True,True
False,False,True,False,False,True,False,False,True,True
False,True,True,True,True,False,False,True,True,True
True,False,True,True,False,True,True,False,False,False
True,True,False,True,True,False,True,True,True,True
True,True,True,True,True,True,True,True,False,True
True,True,False,True,True,False,False,True,False,False
True,True,False,True,False,False,False,False,False,True
False,False,True,False,False,False,False,True,True,True
True,False,False,True,True,True,False,True,True,True
True,False,False,False,False,True,False,True,False,False
True,False,True,True,False,False,False,False,False,True
True,False,True,False,True,False,True,True,True,True
False,False,False,True,False,False,True,True,True,False
False,True,True,True,False,True,False,True,True,False
False,False,False,False,True,True,True,False,False,False
False,True,True,False,False,False,False,False,False,True
True,False,True,False,False,False,True,False,False,False
True,True,False,False,True,False,False,True,False,False
True,True,False,True,False,False,False,True,False,False
True,True,True,False,False,True,False,True,True,True
False,True,False,False,True,True,False,True,False,True
True,True,True,False,False,True,True,False,False,True
False,False,False,True,False,False,False,True,True,True
True,True,True,True,True,True,True,True,False,False
True,True,False,False,False,False,True,True,True,True
True,False,True,True,False,True,False,True,True,False
True,True,False,False,True,True,False,True,False,True
True,True,False,True,False,True,True,False,False,False
False,False,True,False,True,False,True,True,False,True
False,True,True,True,False,False,False,False,True,True
False,False,False,True,True,False,True,False,False,False
False,False,True,True,True,True,False,True,True,True
True,True,False,False,False,True,False,True,False,False
True,False,False,True,True,True,True,True,True,False
False,True,True,True,True,True,False,True,False,False
False,True,True,True,True,True,True,False,False,True
True,True,False,True,False,False,True,True,False,True
False,True,False,True,True,True,False,False,True,False
True,False,True,False,True,True,False,True,True,True
False,True,True,False,False,False,False,True,False,False
False,False,False,False,True,True,False,True,False,False
False,True,False,True,False,False,False,True,False,False
True,True,True,True,True,True,False,False,True,True
False,True,True,False,False,True,True,False,False,True
False,False,False,True,False,False,True,False,False,True
False,False,False,True,False,True,False,True,True,False
False,False,False,False,True,True,True,True,False,True
True,False,False,True,True,False,True,True,True,True
False,False,False,True,True,True,True,True,False,True
False,False,True,False,True,True,False,True,True,False
False,False,True,False,True,False,False,True,True,True
False,False,True,False,True,True,False,True,True,False
False,True,True,False,True,False,False,True,False,True
False,False,False,False,True,True,False,False,False,True
False,True,True,True,False,True,False,False,True,False
True,False,True,False,False,False,True,True,False,False
False,True,True,True,True,True,False,True,True,False
False,True,True,False,True,True,True,False,False,False
False,True,True,True,True,True,True,False,True,True
True,True,True,True,True,False,False,False,True,True
True,False,True,False,True,True,True,False,False,False
True,True,True,False,False,True,False,True,True,False
True,True,True,True,True,False,True,True,False,False
True,False,True,False,True,False,False,False,False,True
True,True,False,False,True,False,False,False,False,True
True,False,True,True,True,False,False,True,True,True
True,True,False,True,True,True,True,False,False,True
False,True,True,True,False,True,True,True,True,False
False,False,True,True,True,False,False,True,False,False
True,True,False,True,False,True,True,True,True,True
False,False,False,True,True,True,False,True,False,False
False,False,False,True,True,True,True,False,False,True
False,True,True,True,False,False,False,False,True,True
True,False,False,True,True,False,True,False,True,False
False,True,False,False,True,True,True,True,False,False
True,False,False,False,True,False,True,False,False,True
True,True,False,True,True,True,False,False,True,True
True,False,False,False,False,True,False,True,False,True
False,True,True,False,False,False,False,False,True,False
False,False,False,True,True,False,False,True,True,False
False,True,False,True,False,True,False,False,False,False
False,False,True,False,False,False,False,False,True,False
False,True,False,True,False,True,True,True,True,True
False,False,True,True,True,True,False,True,True,True
True,False,True,True,False,True,True,False,False,False
True,True,False,True,False,False,True,True,True,True
True,False,True,True,True,False,True,True,True,True
False,False,False,True,False,True,False,True,False,False
False,True,False,True,False,False,True,False,True,False
True,True,True,True,False,False,False,True,False,False
False,False,False,False,False,False,False,False,True,True
False,False,True,False,True,False,True,False,False,True
False,True,True,True,False,False,True,False,True,False
False,False,False,True,False,True,False,True,False,False
False,False,True,True,True,True,True,False,True,False
False,True,False,True,False,False,False,False,False,True
False,True,False,False,True,False,False,True,True,False
True,True,False,False,True,True,True,False,True,False
False,False,True,True,False,True,True,False,False,True
True,True,True,True,False,False,False,False,True,True
True,True,True,True,True,True,True,False,True,True
False,False,False,True,False,True,False,True,True,True
True,True,True,True,True,True,False,False,False,False
True,False,False,False,False,False,True,True,True,False
False,False,True,True,False,False,False,True,False,True
True,True,False,False,True,True,False,False,False,False
True,True,True,False,True,False,False,False,False,True
True,True,True,False,False,True,False,True,False,True
True,False,False,False,True,True,False,True,False,True
True,True,False,True,False,True,True,False,True,True
True,True,True,True,True,False,True,True,True,True
False,True,True,False,False,False,True,True,True,True
False,False,False,False,False,True,True,True,True,True
False,True,False,False,True,False,True,False,False,True
False,True,False,True,True,True,True,True,False,True
False,False,False,False,True,False,False,True,False,False
True,False,True,True,True,False,True,True,False,False
False,False,True,False,False,True,False,True,True,False
True,True,True,False,True,True,True,False,False,True
True,True,True,True,True,True,True,True,False,True
True,True,False,True,True,False,True,True,True,False
True,True,True,False,True,True,False,False,False,True
False,False,False,True,False,False,True,True,True,False
True,False,False,False,False,False,True,False,False,True
True,True,False,True,True,True,False,True,True,False
True,False,True,True,False,False,False,True,False,True
False,True,True,False,True,True,True,False,True,False
True,True,True,True,True,False,False,False,True,True
False,True,False,True,True,False,False,False,True,True
True,False,False,False,False,False,True,True,True,True
True,True,True,True,False,True,False,False,True,True
False,False,False,True,False,True,True,False,True,False
False,False,True,False,True,False,True,True,False,False
False,False,False,False,True,False,True,False,True,False
False,True,True,True,True,False,True,True,True,True
False,False,True,True,True,True,False,True,False,True
True,False,True,False,False,True,False,False,False,False
False,False,False,False,True,True,True,True,True,True
True,True,False,True,False,True,False,False,True,True
False,False,False,False,False,True,False,False,True,True
True,True,False,False,True,True,True,True,False,True
False,True,True,True,False,True,True,True,False,False
True,True,True,True,False,True,True,False,True,True
False,True,True,False,True,False,False,False,False,False
True,True,False,True,False,False,False,True,True,False
True,True,True,False,True,False,False,True,True,False
True,True,False,False,False,True,True,False,False,True
False,False,True,True,False,True,False,True,True,False
True,True,True,False,False,False,True,True,False,False
True,True,False,False,True,True,True,False,True,True
True,True,True,True,True,False,False,False,True,False
False,True,True,False,True,False,True,False,False,False
True,True,True,True,True,True,True,True,False,False
False,False,True,True,False,False,False,False,False,False
True,False,True,False,False,True,True,False,True,True
False,True,False,False,True,False,False,False,True,False
False,False,True,False,True,False,False,False,False,True
True,False,False,True,False,True,True,True,False,False
False,True,True,True,True,False,False,True,False,False
False,False,True,True,True,True,True,False,False,False
False,True,True,False,True,False,False,True,False,False
False,False,True,False,True,True,True,False,False,True
False,False,True,False,False,True,True,True,True,False
False,True,True,True,True,True,False,True,False,True
False,True,True,True,True,True,True,False,False,True
True,True,True,False,False,False,True,False,False,True
True,False,True,True,True,False,True,True,False,True
True,False,False,False,False,True,False,False,False,False
True,False,True,False,False,True,False,False,True,False
True,True,False,False,False,True,False,False,True,False
False,False,False,False,True,True,True,True,False,False
True,False,True,True,False,True,False,False,False,False
False,True,False,True,False,False,True,False,False,True
True,False,False,True,False,True,False,False,True,False
True,True,False,True,True,True,True,False,False,False
True,False,True,True,False,True,False,False,True,True
False,False,True,True,False,True,True,True,False,False
False,False,True,False,False,False,True,True,False,False
True,True,False,True,False,True,True,True,True,False
True,False,True,False,False,True,True,False,False,False
False,True,True,False,False,True,False,False,False,True
True,True,False,False,True,True,False,True,False,True
True,True,False,True,True,False,True,True,False,False
True,False,False,False,True,True,True,False,True,True
True,True,False,True,False,False,True,True,False,False
False,False,True,True,True,False,False,False,True,True
True,False,True,True,True,False,True,True,True,False
False,True,False,True,False,False,True,True,False,True
False,True,True,False,True,True,False,False,False,False
True,False,False,True,False,True,True,False,True,True
False,False,True,False,True,True,True,True,True,True
True,False,True,True,True,False,False,True,True,True
False,True,True,False,False,True,True,False,False,False
True,True,False,True,True,True,True,False,True,False
True,True,False,True,True,False,False,False,True,True
True,False,False,False,False,False,False,False,False,False
True,False,False,False,False,True,False,True,False,True
False,True,True,False,False,True,False,True,True,False
True,True,True,True,True,False,False,True,False,False
True,True,True,False,True,True,True,True,True,True
True,False,True,True,False,True,True,False,False,True
False,False,False,True,False,False,False,True,True,False
True,True,False,True,False,False,True,False,False,True
False,True,False,False,False,True,True,False,False,False
False,True,False,True,True,False,False,True,True,True
False,False,True,True,False,False,True,True,False,True
True,False,False,False,True,False,True,False,True,True
False,True,True,True,False,True,True,True,False,True
False,False,True,False,False,False,False,False,True,False
True,False,False,False,False,True,True,True,False,False
False,False,True,True,False,False,True,False,True,False
True,True,False,True,True,True,False,False,False,False
True,False,False,True,False,False,True,False,True,False
True,True,False,False,True,False,True,True,True,True
True,True,True,True,False,False,False,False,True,False
False,False,True,True,False,True,False,False,False,False
False,False,False,True,True,True,False,True,True,False
False,True,True,False,False,True,True,True,True,True
False,True,True,True,True,True,True,False,False,True
True,True,False,True,True,False,True,True,True,False
False,True,True,True,True,True,False,True,False,False
True,False,True,True,False,False,True,False,True,False
False,False,False,True,False,False,True,True,False,True
False,True,True,False,False,True,False,False,False,False
True,False,True,False,False,True,False,False,False,True
True,True,False,True,False,True,False,True,True,False
True,True,True,True,False,True,True,False,True,False
True,False,False,True,True,False,True,False,True,False
False,False,False,False,True,True,True,False,False,False
True,False,False,False,False,False,False,False,False,False
True,True,False,False,False,False,False,False,False,False
True,True,True,True,False,True,False,True,True,False
True,True,True,True,True,True,True,True,True,True
True,False,False,False,False,False,True,True,False,True
True,True,False,True,False,False,False,True,True,False
False,False,False,True,False,True,True,True,True,True
False,True,True,False,False,True,True,True,False,False
False,False,True,True,True,True,True,False,True,True
True,True,True,True,False,False,False,True,False,False
True,False,True,False,True,False,False,False,True,False
False,True,False,False,False,True,True,True,False,True
True,True,False,False,True,False,False,True,True,True
True,True,True,False,False,False,False,False,False,False
False,True,True,False,False,False,False,True,True,True
False,False,True,False,True,True,False,True,True,False
True,False,False,True,True,True,False,True,False,True
True,True,True,True,True,False,True,True,True,False
False,False,False,False,True,False,True,False,False,False
False,True,True,False,False,True,True,False,False,True
True,False,False,True,False,True,False,True,True,False
True,True,False,True,False,False,False,True,False,False
False,False,False,True,True,True,False,True,False,True
True,False,True,False,False,True,False,True,True,True
False,True,False,True,False,True,False,False,True,True
True,True,True,False,False,True,False,False,False,False
False,True,False,False,False,True,True,True,False,True
True,False,False,True,False,False,False,True,False,False
False,True,False,False,True,False,True,False,True,False
True,False,False,False,False,True,False,True,True,False
False,True,False,False,True,False,False,True,False,True
True,True,True,False,False,True,False,False,True,False
False,True,True,False,False,False,False,True,True,True
True,True,True,True,True,True,False,True,False,False
True,False,False,True,True,True,True,False,True,True
True,True,True,False,False,False,True,False,True,False
False,False,False,True,False,True,True,True,True,False
True,False,True,False,True,True,True,False,False,True
True,True,False,False,True,False,True,True,True,False
True,False,False,True,True,True,True,True,False,False
False,False,False,False,False,True,True,False,False,True
True,True,False,False,True,False,True,False,False,False
False,True,False,True,False,True,False,True,True,True
True,True,True,True,False,True,False,False,True,True
False,False,False,False,True,False,True,True,True,False
True,True,False,True,True,True,True,True,True,True
False,True,False,True,False,True,True,False,True,True
True,True,False,True,True,True,False,True,True,True
True,False,True,False,True,False,False,True,True,False
True,True,True,True,False,True,True,True,False,False
True,True,True,True,True,False,False,True,True,True
True,True,False,False,False,False,True,True,False,False
True,False,False,True,True,False,False,False,True,True
False,True,False,False,True,True,False,True,True,False
True,True,True,True,True,False,True,True,True,True
False,False,True,True,False,False,False,False,True,False
False,False,True,False,False,False,False,True,False,False
True,False,True,False,False,False,True,False,False,False
False,True,False,False,False,True,True,False,False,False
False,True,False,True,True,False,False,False,False,True
False,True,True,True,True,False,True,False,True,True
False,False,False,True,False,False,False,True,True,True
True,False,True,True,False,True,False,False,False,True
False,False,True,False,False,True,False,True,False,False
False,False,False,False,False,True,True,False,False,False
False,True,True,False,True,True,True,True,False,False
True,False,True,False,False,False,True,True,False,False
False,False,False,True,True,True,True,True,True,True
True,True,True,False,True,True,True,False,False,True
False,False,True,True,True,True,True,False,True,True
True,False,True,False,False,True,True,True,False,True
False,True,True,False,False,True,True,False,False,True
False,True,True,False,False,True,False,False,False,True
True,False,True,True,False,False,True,False,True,True
True,True,True,True,False,True,True,False,False,False
True,False,True,False,True,False,False,True,False,True
True,True,True,False,False,True,False,False,True,False
True,False,False,True,True,True,False,True,False,False
True,False,True,False,True,False,False,False,True,False
True,True,False,False,True,False,True,True,True,False
True,False,True,True,True,True,False,False,False,False
False,False,False,True,False,True,True,True,False,True
True,True,True,False,False,True,True,False,True,True
False,True,False,False,False,False,True,False,True,False
False,False,True,True,False,False,True,False,True,True
True,True,True,False,False,False,False,False,False,False
True,False,True,False,True,True,True,True,False,True
True,True,True,True,True,True,False,False,True,True
False,True,True,True,True,True,False,True,True,True
False,True,True,True,False,True,True,True,False,False
False,True,True,True,True,True,False,False,False,True
True,False,False,True,False,False,True,True,False,False
False,True,False,False,True,True,False,True,False,True
False,False,False,True,False,True,True,True,False,True
True,False,True,True,True,False,False,True,False,True
True,False,True,True,True,True,False,True,False,True
False,False,True,False,True,True,False,True,False,True
True,True,False,True,True,False,True,False,True,False
True,True,True,False,False,True,False,True,True,False
True,True,False,False,False,False,True,False,True,True
False,False,False,True,True,True,True,True,False,True
True,True,False,True,True,False,True,False,False,False
False,True,True,False,True,False,True,False,False,False
True,False,False,False,False,True,True,True,False,True
False,True,False,True,False,True,True,False,True,True
False,False,True,True,False,True,False,True,False,False
True,True,True,True,True,True,False,False,False,False
True,False,False,False,False,False,True,False,True,True
True,False,False,False,False,True,True,True,False,True
True,True,True,False,False,False,True,False,True,False
True,True,False,False,False,False,False,False,True,False
False,True,False,True,False,False,True,False,False,True
True,False,False,False,True,True,False,False,True,False
True,True,False,True,True,False,False,True,True,True
True,True,True,True,False,False,True,False,True,True
True,True,False,True,False,True,False,False,True,True
True,False,False,False,True,False,False,True,False,False
True,True,True,False,False,True,True,True,True,False
True,True,False,True,True,False,True,True,True,True
True,True,False,False,True,False,False,True,False,True
False,False,False,False,False,True,True,True,False,False
True,False,True,True,True,False,False,True,False,True
False,True,False,False,False,False,False,True,False,True
True,True,False,False,True,True,False,True,False,False
False,False,True,False,True,True,True,True,True,True
False,False,False,True,True,False,True,True,False,True
False,False,True,False,False,True,False,True,True,False
True,True,False,False,True,True,True,True,True,True
False,False,False,True,False,True,False,False,False,False
False,True,False,False,False,False,False,True,True,True
True,False,False,True,True,True,True,False,False,True
False,False,False,True,True,False,False,False,True,False
True,True,True,True,True,False,False,True,False,True
False,False,False,True,False,True,True,False,False,False
True,False,True,True,True,True,False,True,True,True
True,False,True,False,True,True,False,True,True,True
True,True,False,True,False,False,True,True,True,True
False,False,True,False,True,False,False,False,False,False
False,False,True,True,True,False,True,False,False,True
False,True,False,False,False,True,True,True,True,True
False,False,True,False,True,True,True,False,False,False
False,False,False,True,False,False,False,False,False,False
True,False,True,True,True,True,False,True,False,False
True,False,False,True,False,False,True,False,False,False
False,False,True,False,False,True,False,True,True,False
True,False,False,True,True,True,False,True,True,True
True,False,True,True,True,True,True,False,True,False
False,False,True,False,True,True,False,True,True,False
False,False,False,True,False,True,False,False,True,True
True,False,True,False,False,True,True,True,True,True
False,False,False,False,False,True,False,True,True,True
False,True,False,True,True,True,False,False,False,True
True,True,True,True,True,True,True,False,True,True
True,True,False,True,False,True,False,True,True,False
False,True,True,True,False,True,True,False,True,True
True,True,True,False,False,True,False,False,True,False
True,False,True,True,False,False,False,True,True,False
False,True,True,False,True,True,False,False,True,True
False,True,False,False,False,False,False,True,False,False
True,False,True,True,True,True,False,True,True,False
True,True,False,False,False,False,False,False,True,True
True,True,False,False,False,True,False,False,True,True
False,True,False,True,True,False,True,True,True,True
True,False,False,True,True,False,False,True,False,True
True,True,False,False,False,True,True,True,True,False
True,False,True,True,False,True,False,False,False,True
False,True,False,False,True,True,True,False,False,False
True,True,False,False,False,True,True,False,False,False
True,True,False,False,False,True,True,True,False,False
False,False,True,False,False,False,False,False,False,True
False,True,False,True,False,False,True,False,False,True
True,True,False,False,True,False,False,False,False,False
True,True,False,True,False,True,False,False,True,True
False,False,False,True,True,True,False,False,False,False
True,True,True,False,False,True,True,False,True,True
True,False,True,True,True,False,True,False,True,False
False,False,True,False,False,False,False,True,False,True
True,False,True,True,False,True,False,False,True,False
True,True,True,True,True,True,False,False,False,False
False,True,True,True,True,True,True,True,True,False
True,True,True,False,True,False,True,True,True,True
False,True,True,False,True,False,False,False,False,False
True,False,False,False,True,False,False,False,True,True
False,False,False,True,False,False,False,True,True,False
False,False,True,True,True,True,True,False,True,False
False,False,True,True,False,False,False,False,False,False
True,True,False,False,False,False,False,True,True,True
False,True,True,True,False,False,True,False,False,True
False,False,False,False,False,True,False,True,False,False
True,False,False,True,False,False,True,False,False,True
False,False,False,True,False,True,False,False,True,False
True,True,True,True,False,True,False,True,False,True
True,True,False,True,True,False,False,True,True,True
False,False,False,False,True,False,False,False,False,False
True,True,False,False,True,False,True,True,False,True
True,True,True,True,False,True,True,False,False,False
False,False,True,False,False,True,False,True,False,False
True,True,False,False,True,False,False,False,False,False
True,True,False,False,True,False,False,False,False,True
True,True,False,False,False,False,True,True,True,False
False,True,False,True,True,True,False,False,True,False
False,False,True,True,False,True,True,True,False,False
False,False,False,True,False,False,False,False,True,True
True,True,True,False,False,False,False,True,True,False
True,False,True,True,True,False,True,False,True,False
True,True,True,True,True,False,True,True,True,False
True,False,False,True,False,False,False,True,True,True
True,True,False,False,True,False,False,False,True,True
False,True,False,False,True,True,False,False,True,False
False,True,True,True,True,False,True,False,False,True
False,False,True,False,False,False,False,True,True,False
False,False,False,False,False,True,True,True,True,True
False,False,False,True,False,False,False,False,True,True
True,False,False,True,False,False,True,False,True,True
True,True,False,False,False,False,False,True,False,True
False,True,True,False,False,False,False,False,True,True
False,True,False,True,False,False,True,True,False,False
True,False,True,True,True,True,True,True,False,True
True,True,True,True,True,True,False,True,False,False
False,True,True,True,True,True,False,True,True,False
False,True,True,False,False,True,False,False,True,False
True,True,True,True,True,False,True,True,False,True
True,False,True,True,True,True,True,False,False,False
False,True,False,False,False,True,False,False,True,True
False,False,True,True,True,False,False,False,True,False
True,False,True,False,False,False,False,True,True,False
False,True,False,False,True,False,False,True,True,True
True,False,True,True,True,True,True,False,False,False
False,False,False,True,False,True,False,False,False,False
False,True,False,True,True,False,True,True,True,True
True,True,False,True,True,True,True,False,True,True
False,False,False,True,True,False,False,False,False,False
True,True,True,False,False,True,True,True,False,False
False,False,False,False,False,False,True,True,False,True
True,False,False,True,False,False,False,True,True,False
True,True,True,True,False,True,True,True,True,False
False,True,False,True,True,False,True,True,False,True
False,False,False,True,False,False,True,False,False,False
True,True,True,True,False,True,False,False,True,True
True,True,False,True,False,True,False,False,False,True
False,False,False,True,False,True,True,True,False,True
False,True,True,False,True,False,False,False,True,True
True,False,True,False,True,True,False,False,False,True
True,False,True,False,True,False,False,True,True,True
False,False,True,True,False,False,True,False,False,True
False,True,False,False,False,False,True,True,True,True
True,True,False,False,False,False,False,True,False,True
False,True,False,False,False,True,False,False,True,False
True,True,False,False,False,True,True,False,True,True
False,True,True,False,True,True,False,False,False,True
True,True,True,False,False,True,False,True,True,False
False,True,False,True,True,True,True,False,True,True
False,True,True,False,True,True,False,True,True,False
True,False,False,False,True,True,False,True,False,False
False,False,False,False,True,True,True,True,False,False
True,False,False,False,False,False,True,False,True,True
False,False,False,True,False,False,True,False,True,False
True,True,True,True,False,False,True,False,False,False
False,True,True,False,True,False,True,True,True,True
False,True,True,False,False,False,False,False,False,False
False,True,False,True,False,False,False,True,False,True
True,False,True,True,True,False,True,False,True,True
False,False,False,False,False,False,False,False,True,False
True,False,True,False,False,True,False,True,True,False
False,False,True,True,False,False,True,False,True,False
False,False,True,False,False,True,True,False,True,False
True,False,False,False,True,False,True,False,False,True
False,True,False,True,True,True,True,True,False,False
True,False,True,False,True,False,True,False,True,False
False,True,False,True,True,True,True,True,True,False
True,False,False,True,True,True,True,False,False,False
False,False,True,False,False,True,False,False,False,True
False,False,True,False,False,False,False,False,False,False
False,True,True,True,True,False,False,True,True,False
True,False,False,True,True,False,True,True,False,False
False,False,False,True,True,False,False,True,False,True
True,True,True,True,True,False,True,True,True,False
True,False,False,False,True,False,True,True,True,True
False,False,True,False,False,True,True,True,True,True
True,False,True,False,True,False,False,False,False,True
True,False,False,True,True,True,False,True,False,False
True,False,True,False,False,False,False,False,True,False
True,False,True,False,True,False,True,False,False,True
True,True,True,False,True,False,True,True,True,True
True,False,True,True,True,True,False,True,False,False
False,False,False,True,True,False,False,False,False,False
True,False,True,False,False,True,False,False,False,False
True,False,True,False,False,False,True,True,False,False
True,False,False,True,True,True,True,False,False,False
True,False,True,False,True,True,False,False,True,True
True,False,True,False,True,True,True,True,False,True
False,False,False,True,False,True,True,False,True,True
False,False,True,False,False,False,True,False,False,True
True,True,False,True,False,True,True,True,True,False
False,False,True,True,False,False,True,True,True,True
True,True,False,True,False,True,False,True,False,False
True,False,True,False,True,False,True,True,False,True
False,False,True,False,False,True,True,False,True,False
True,True,False,True,True,True,True,True,False,False
False,False,True,True,True,True,False,False,True,False
True,True,True,True,False,True,True,True,True,False
True,False,True,True,False,False,True,True,False,True
False,False,True,True,False,False,False,True,False,False
True,False,True,True,True,False,True,False,False,False
False,True,False,False,True,True,False,True,True,True
True,True,True,True,True,False,False,True,True,False
False,True,True,False,False,True,False,True,False,True
True,False,True,False,True,False,False,True,True,True
False,False,False,False,False,False,True,True,False,True
True,False,True,True,False,False,False,False,True,False
True,False,False,True,True,True,True,False,False,True
True,True,False,True,False,False,True,False,True,True
False,False,False,True,False,False,True,True,True,False
True,False,True,False,True,True,True,False,True,False
False,True,False,False,True,True,True,True,True,False
True,True,True,False,True,False,False,True,True,True
False,True,True,True,False,False,False,False,False,False
False,False,False,True,True,False,False,False,True,False
False,False,True,True,True,True,False,True,False,True
True,False,False,True,False,True,True,True,False,False
True,True,True,True,False,True,True,True,True,True
False,True,False,True,False,False,False,False,True,False
False,True,False,True,False,True,True,False,True,False
True,True,True,True,True,True,False,True,True,True
False,True,False,False,False,False,False,True,True,False
False,True,False,True,True,True,False,True,True,False
False,False,False,False,True,False,False,True,False,True
True,False,False,False,True,True,False,False,True,True
False,False,True,False,True,False,True,True,True,True
False,True,False,True,True,False,False,True,False,False
True,False,True,True,False,True,True,True,False,False
True,True,False,True,False,True,True,False,False,True
True,False,False,True,False,True,False,False,True,True
True,True,False,True,True,True,True,True,True,True
True,True,True,False,True,False,True,True,False,False
True,True,False,False,False,True,False,True,True,False
False,False,False,False,False,False,False,False,False,True
False,True,False,True,False,False,False,False,True,True
False,True,False,True,True,False,False,True,False,False
False,False,False,False,True,False,True,True,True,True
True,True,True,False,True,False,False,True,True,False
True,False,False,False,True,True,True,True,False,True
False,True,True,False,True,True,False,True,True,True
True,True,True,False,True,True,True,False,True,False
False,False,True,True,True,True,True,False,True,False
False,True,False,True,True,True,False,False,False,False
True,False,False,False,True,True,False,False,True,False
True,True,False,True,True,True,True,True,False,False
False,True,True,True,False,False,True,True,False,True
False,False,True,False,False,True,True,False,False,False
False,False,False,True,True,True,False,False,True,True
False,False,True,True,True,False,False,True,True,False
True,False,False,True,False,False,False,False,False,True
False,True,True,True,True,True,False,True,False,True
True,True,False,True,True,False,False,False,False,False
False,False,False,False,False,True,True,False,False,False
False,False,True,False,True,True,False,False,False,False
True,True,False,False,False,True,False,True,False,False
False,False,True,False,True,False,False,True,True,True
True,True,False,False,True,True,False,False,False,False
True,True,False,False,False,False,False,False,False,True
False,False,False,False,True,False,False,True,True,False
False,False,True,True,False,True,False,False,False,True
False,True,True,False,False,True,False,False,True,False
False,False,True,False,True,False,True,True,False,False
False,False,True,True,False,False,False,True,False,True
True,False,True,True,False,True,True,True,True,False
True,False,True,True,False,True,False,True,True,True
True,False,True,True,True,True,False,True,True,True
False,False,True,True,False,True,False,False,False,True
False,True,True,True,False,False,False,False,True,True
True,False,False,True,True,False,False,False,False,True
True,True,True,False,True,False,False,True,True,False
False,True,True,True,True,True,True,True,True,True
False,True,True,True,True,True,False,False,True,True
True,False,True,False,False,False,False,False,True,False
False,False,True,True,False,True,True,True,False,True
False,False,True,True,True,True,True,True,False,False
True,True,True,True,True,False,False,True,False,True
False,True,False,False,False,True,False,True,True,True
True,False,True,False,True,False,True,False,False,True
False,True,False,True,False,False,True,True,True,True
True,False,True,True,True,False,False,False,True,True
False,True,True,True,False,True,False,True,True,True
False,True,True,True,True,True,True,True,False,False
True,False,True,True,True,True,True,False,True,False
False,True,False,False,True,True,True,True,True,False
True,True,False,False,False,False,True,True,True,True
False,False,False,False,False,False,True,True,False,True
False,True,True,False,True,False,True,False,True,True
True,True,False,False,True,True,False,True,False,True
True,True,True,True,True,True,True,True,False,False
False,True,True,True,True,True,True,False,False,False
True,False,True,False,False,False,False,True,True,True
True,True,False,False,False,False,True,True,True,False
False,True,True,False,True,False,False,False,False,False
True,False,False,True,False,False,False,True,True,True
True,True,True,False,True,True,True,False,True,True
True,True,False,True,False,False,False,True,True,True
False,True,False,False,False,False,False,False,True,False
True,False,True,False,True,False,True,True,False,False
True,False,False,True,False,False,True,True,True,True
True,False,True,True,True,True,True,True,False,True
False,True,False,True,True,False,True,False,True,True
True,False,False,True,False,True,True,True,True,False
True,True,True,True,True,True,True,True,True,True
False,False,False,True,True,False,False,False,False,False
False,True,True,True,True,False,True,False,False,True
True,True,False,False,True,False,False,True,True,False
True,False,True,False,True,True,True,False,True,False
True,True,False,True,False,True,True,False,True,True
True,False,True,True,False,False,False,True,True,True
True,True,False,True,True,True,False,False,False,True
True,False,False,True,True,False,False,False,False,True
True,True,False,False,False,False,True,True,False,False
False,True,True,True,True,True,True,False,True,True
True,True,True,False,True,False,False,False,True,False
True,True,False,False,True,False,True,True,True,False
True,False,False,False,True,True,False,True,False,False
True,True,False,False,True,True,False,False,False,True
False,True,False,True,False,True,True,False,False,False
False,True,True,True,True,True,False,False,True,False
True,True,False,True,False,True,True,False,True,True
True,True,True,True,True,True,False,False,False,True
False,True,True,False,True,True,True,True,True,True
False,True,False,True,True,False,True,False,False,True
False,False,True,False,True,True,True,True,False,False
False,True,True,True,True,False,True,False,True,True
True,True,False,False,True,False,True,True,False,False
True,True,True,True,True,False,False,True,False,True
False,True,False,False,False,True,True,False,False,False
False,False,False,False,True,True,False,True,False,True
False,True,True,False,True,False,True,True,True,False
False,True,False,False,True,True,False,True,False,True
False,True,False,True,False,False,False,True,True,False
True,True,False,False,True,False,False,False,True,True
True,True,False,False,True,False,False,True,True,True
True,False,False,True,True,True,True,False,True,True
True,False,False,True,False,False,True,False,True,False
True,False,False,False,True,True,False,False,False,False
True,False,True,True,False,False,True,False,True,True
False,False,False,True,False,False,False,True,True,True
True,False,False,False,False,False,True,False,False,False
True,False,False,True,True,True,False,False,False,False
True,False,True,False,False,False,True,False,True,False
False,True,True,True,True,False,False,False,False,False
False,False,False,False,False,True,True,True,True,True
True,False,True,False,True,False,False,False,False,False
False,True,True,True,True,True,True,False,True,False
True,False,True,False,True,False,True,False,True,False
False,True,True,False,True,False,False,True,True,True
True,True,False,False,False,False,False,True,False,False
False,False,True,False,True,False,False,False,True,False
True,True,False,False,False,True,True,False,True,True
False,False,False,False,False,True,True,False,True,False
True,True,True,True,False,True,True,False,True,True
True,True,False,True,True,True,False,True,True,False
False,True,True,True,False,False,True,False,False,False
True,True,True,False,False,False,True,False,True,True
False,False,True,False,True,False,False,True,True,True
False,False,False,True,False,False,True,True,False,True
True,False,False,True,True,True,False,False,False,True
False,False,True,False,True,True,False,False,False,False
False,False,True,False,True,True,False,True,False,False
True,False,False,False,False,False,False,True,False,True
True,False,True,True,False,True,False,True,True,False
True,False,False,False,False,True,False,False,False,False
False,True,True,False,True,False,True,False,False,False
True,False,False,True,False,True,False,False,False,True
False,False,True,False,True,False,True,True,True,True
False,False,True,False,False,True,False,False,False,True
True,True,True,False,True,True,True,True,True,True
True,False,True,False,True,True,True,False,False,False
True,True,False,False,False,True,False,False,False,True
False,True,False,True,True,True,True,True,True,False
False,False,True,True,True,True,False,False,False,False
False,True,True,True,False,False,False,True,True,False
False,True,False,True,False,False,True,True,False,False
True,False,False,True,False,False,False,False,False,False
True,True,False,False,True,True,False,True,True,True
False,True,False,False,False,False,True,True,True,False
False,True,False,True,False,False,False,False,True,False
False,True,False,False,True,True,False,False,False,False
False,False,True,False,True,True,False,True,True,False
False,False,False,True,True,True,False,False,True,True
True,True,False,False,False,False,True,True,False,True
False,True,False,True,False,True,True,False,True,True
True,True,False,False,True,True,False,False,False,True
False,False,True,True,True,False,False,True,True,False
True,False,True,False,False,False,False,True,False,False
True,True,True,False,True,False,True,False,False,True
True,True,False,False,True,False,True,False,False,True
False,True,False,True,True,False,False,True,False,False
True,False,False,True,False,False,False,True,True,True
True,False,True,False,False,False,True,False,False,True
False,False,True,False,True,True,False,True,False,False
True,True,True,True,True,False,True,False,False,True
False,False,False,False,False,False,True,False,False,False
False,True,False,False,True,True,False,False,False,True
False,False,True,False,True,True,True,False,False,True
False,True,True,False,True,True,False,True,False,True
False,True,False,False,False,False,False,False,False,True
False,True,True,True,True,False,True,True,False,True
True,True,False,False,False,False,False,False,True,True
False,True,True,False,False,True,True,True,True,True
False,False,False,False,True,False,True,True,True,False
False,True,True,True,False,True,True,True,False,True
False,False,True,False,True,True,True,True,False,False
True,False,True,True,True,True,True,True,False,True
False,False,True,False,True,False,True,True,True,False
True,False,False,True,False,True,True,True,False,True
True,False,False,True,False,False,False,False,True,True
False,True,True,True,True,True,False,False,True,True
True,True,False,True,False,False,True,False,False,True
True,False,False,False,False,False,False,True,False,True
True,True,True,False,True,False,False,False,True,True
False,True,False,False,True,False,False,True,False,False
False,False,True,False,False,False,False,True,False,False
False,True,False,False,True,False,True,False,False,True
True,True,False,True,False,True,True,True,False,False
False,False,True,False,False,True,True,False,True,True
True,True,False,False,False,False,True,False,False,True
True,False,False,False,True,True,False,True,True,False
True,False,False,True,False,False,False,True,True,True
False,False,True,True,True,False,True,False,False,False
True,False,False,True,False,True,True,False,False,True
False,False,False,False,True,False,False,False,True,False
True,True,True,False,False,True,False,True,False,True
False,True,True,False,False,True,False,True,True,True
False,False,False,True,False,True,False,True,True,False
False,False,True,True,True,True,True,True,False,False
False,True,False,False,False,True,True,False,True,False
True,True,False,True,False,True,False,False,False,True
False,True,False,True,False,False,True,True,False,True
False,True,True,True,True,False,False,False,False,True
True,False,True,False,False,False,True,True,False,False
False,False,True,False,False,True,True,False,False,True
False,True,False,False,True,True,True,True,True,True
True,False,True,False,False,True,True,True,True,True
True,False,False,False,True,True,False,False,True,True
False,True,True,True,True,False,True,False,False,False
True,False,True,False,False,True,True,True,True,False
False,True,False,True,False,True,False,True,False,False
False,True,False,False,False,False,True,True,False,False
True,True,True,False,False,True,False,False,True,False
True,False,True,False,True,True,True,True,False,False
True,False,True,False,True,False,False,False,True,False
True,True,True,True,True,True,True,True,False,False
True,False,False,True,False,True,False,False,True,True
True,False,False,True,True,False,False,False,False,True
False,True,False,False,True,False,False,False,True,False
False,True,False,True,False,True,True,True,True,True
False,False,True,True,False,True,True,False,False,True
False,True,True,True,False,False,True,False,True,True
False,False,True,True,False,False,False,False,False,False
True,True,False,True,False,True,True,False,True,False
False,True,False,False,True,True,True,False,True,False
True,False,True,False,True,False,True,False,True,False
False,False,False,False,True,False,False,True,True,True
True,True,True,True,False,True,True,True,False,True
True,False,True,True,True,False,True,False,True,True
False,False,False,False,False,True,False,False,False,False
False,False,False,True,True,True,True,True,True,False
True,False,False,True,True,True,True,False,True,True
False,False,True,True,False,True,False,False,False,True
True,True,True,False,True,False,True,True,False,True
True,True,False,True,False,False,False,False,True,False
True,False,True,False,False,False,True,True,False,False
True,False,True,False,True,True,True,False,False,False
True,True,True,False,False,True,False,False,True,False
False,True,True,False,True,True,False,True,True,False
True,True,False,False,True,True,False,False,True,True
False,False,False,False,True,True,False,False,False,False
False,True,True,True,False,True,True,True,False,False
True,True,False,True,False,True,True,False,False,True
True,True,False,True,False,False,False,True,True,False
True,True,True,False,True,False,True,False,False,True
False,False,False,True,False,True,True,False,True,False
True,False,False,False,True,True,False,True,True,True
False,False,True,False,False,True,True,True,False,True
True,False,False,False,False,True,True,True,False,True
True,True,True,True,True,True,False,True,False,False
True,True,True,False,False,True,True,False,False,False
True,True,False,False,False,True,False,False,False,True
False,False,True,True,True,True,False,True,False,False
False,True,True,True,False,False,True,True,True,False
False,True,False,True,True,True,False,False,False,True
True,True,False,True,False,True,True,False,False,True
False,False,True,True,False,False,True,False,False,False
False,False,True,True,True,True,False,True,True,True
False,True,True,True,True,True,True,True,False,False
True,True,True,False,True,True,True,False,False,False
False,False,True,True,True,False,True,False,True,False
False,False,False,False,False,False,False,False,False,False
False,False,True,True,True,False,True,False,True,True
True,False,True,True,False,False,True,True,True,False
True,True,True,True,True,False,True,True,False,False
False,True,True,False,True,True,True,False,False,True
True,True,True,True,False,True,False,True,True,False
False,False,True,False,False,True,False,False,True,False
False,False,False,False,False,True,False,True,False,False
True,True,False,False,False,True,False,True,False,False
True,False,True,False,True,False,False,True,True,False
True,False,False,False,False,False,False,True,True,False
True,False,False,True,True,False,True,True,True,False
True,False,True,True,False,False,True,False,True,False
False,True,True,False,False,False,True,False,True,True
False,True,True,False,False,False,True,False,True,False
True,False,False,False,True,False,True,True,True,True
False,True,False,True,True,False,False,True,True,False
True,True,False,False,False,False,True,False,False,False
True,False,True,True,False,True,True,False,True,False
False,True,True,True,False,True,True,True,True,False
True,True,True,False,True,True,True,False,True,False
False,False,False,False,True,True,True,False,False,False
True,False,False,True,False,True,False,False,True,True
False,True,True,False,True,False,True,True,True,True
True,True,False,True,False,False,False,True,False,False
False,False,False,False,False,False,False,True,False,False
False,False,False,True,False,True,False,True,True,True
True,True,False,False,True,False,True,False,True,False
False,False,True,False,False,False,False,True,True,True
True,True,False,True,False,True,False,False,True,False
False,True,True,False,False,True,True,True,False,False
True,False,True,False,True,False,True,False,False,True
False,False,True,True,False,True,False,False,True,True
True,False,False,True,True,False,True,False,True,False
False,True,False,True,False,True,False,True,True,False
False,True,False,True,False,True,False,True,False,False
False,False,True,True,True,False,True,True,True,True
True,True,False,False,False,False,True,True,False,False
True,False,False,False,True,False,False,False,False,False
False,False,True,True,False,True,True,False,False,True
False,True,False,False,True,True,True,False,True,True
True,True,True,False,True,False,True,True,False,True
False,True,True,True,False,True,False,False,True,True
False,True,True,False,False,True,False,False,True,False
False,True,True,True,True,True,True,False,False,True
True,False,False,True,False,True,False,False,True,True
True,True,False,True,False,False,False,True,True,False
False,True,True,False,True,False,True,False,True,False
False,True,True,True,False,False,False,False,False,False
False,False,True,False,True,True,True,False,True,True
False,True,True,False,True,True,True,False,False,False
True,True,False,True,False,False,True,True,True,False
True,False,True,True,True,True,True,True,True,False
True,True,True,False,False,False,True,True,False,False
False,False,True,False,False,False,True,False,True,True
True,True,True,True,False,False,True,True,True,True
False,False,False,True,False,False,False,False,True,True
False,True,False,True,True,True,False,True,True,False
False,True,True,True,True,False,False,True,False,True
False,False,True,False,False,False,True,False,False,True
False,False,True,False,True,True,False,True,True,True
False,False,True,True,True,True,False,False,False,False
True,True,False,True,False,True,True,True,False,True
False,False,True,False,True,False,False,False,False,False
False,True,True,False,False,True,False,True,False,True
False,True,True,False,False,False,True,False,False,True
False,False,False,True,True,False,True,True,True,False
False,True,True,False,True,True,False,True,True,False
False,False,False,True,False,False,True,True,False,False
False,False,True,True,True,True,True,False,False,False
True,False,False,True,True,True,True,False,True,True
