age,workclass,fnlwgt,education,education-num,marital-status,occupation,relationship,race,sex,capital-gain,capital-loss,hours-per-week,native-country
19.391027,-1.14815455e-08,177374.23,-6.580869e-10,8.952063,7.07509e-10,-1.7467759e-10,2.0789779e-09,5.2723617e-09,-3.263994e-09,-667.1988,-16.237656,53.21527,1.6313667e-08
65.89044,5.9247363e-09,95013.25,-3.8579637e-09,7.874522,-1.5555004e-09,-2.7720421e-11,1.9913913e-09,-1.5043301e-09,2.4682083e-09,280.55383,135.21426,43.92523,-1.6611382e-08
57414984000.0,-598.8532,-6543123700000.0,-2.3304443e-05,3582.8613,2.566116,-2.53523e-08,2.0494579e-07,6.926818e-08,1.6592404e-08,18672.86,532.211,62.023247,-1.6883675e-08
109.15474,5.4142635e-08,173868.47,-1.7053988e-08,14.477964,-3.7892146e-08,2.4623656e-10,-1.3060532e-08,-4.0849235e-09,1.5815291e-09,1630.2246,470.54517,20.769375,2.8676674e-09
34.84589,4.831526e-09,-51310.375,-2.8854934e-09,12.223261,-2.6465413e-10,-7.1670125e-10,-8.3603385e-10,1.4868947e-09,5.5158117e-10,-35.921967,-0.15217972,22.199032,1.834594e-09
27.097908,-4.5420947e-09,130470.65,-2.7803929e-10,11.137226,-6.0098135e-11,-9.747998e-11,1.2330602e-09,1.922087e-09,-1.9613224e-10,-323.04474,-10.358513,43.33162,9.077475e-09
53.4096,6.414011e-08,118262.28,-7.744038e-09,9.184383,2.4147536e-08,5.450327e-09,-1.3367922e-08,-4.5504507e-09,-1.8968358e-09,4372.5923,870.8015,45.113987,4.9630824e-09
146.03223,-2.8399267e-08,415449.62,-9.701888e-08,4.493302,-7.005314e-08,-1.7032565e-09,-1.5682735e-08,1.9527868e-09,2.8674383e-09,7386.0146,295.35428,54.881584,-1.3363507e-08
57.24847,-7.694698e-09,228903.38,5.6435445e-10,9.105164,4.2623502e-10,3.7414402e-10,5.4482874e-10,6.051871e-09,-5.4733333e-09,-551.93823,-11.1109085,39.226494,1.9942572e-08
84.00641,-7.1082407e-09,314206.56,6.0640093e-10,13.380636,-1.7723095e-09,-1.5757971e-10,-1.3419335e-09,1.653232e-09,-2.1018842e-09,-633.1203,-7.122654,54.423153,1.9310326e-08
94.670715,-2.9107309e-08,308223.84,-5.0657807e-09,15.375528,8.2655e-10,1.4231431e-10,5.4645892e-09,8.5815985e-09,-1.3066127e-09,-461.9182,206.67363,67.49967,2.1334928e-08
76.841225,1.3315103e-08,192120.28,-5.0393982e-09,6.044142,-1.612851e-08,-2.0756006e-09,4.408292e-09,-2.4342522e-10,1.0388573e-09,2550.9036,73.74493,42.52644,1.8332783e-09
-4.0191765,-3.2964238e-09,308090.9,4.1681627e-09,10.552258,1.3332254e-09,-2.2002423e-10,6.094248e-10,2.0055713e-09,-3.9385513e-09,-877.26495,-11.927803,29.614086,1.0600058e-08
2.727923e+16,-290829470.0,-2.7293092e+18,-7.397432e-09,10.994164,-9.85225e-09,9.898451e-09,-6.987672e-08,-9.970111e-08,-1.26983055e-08,2653.6545,-181.43987,-3747471700000.0,5.8661044e-06
90.13312,-4.544735e-09,412699.94,-1.0650028e-10,10.217638,-1.0579767e-09,3.3562758e-10,-2.7706912e-09,5.0607802e-09,-3.4775935e-09,-1102.4346,1.0094528,41.062843,2.2231815e-08
-34.24441,-9.492522e-09,343595.94,7.5632265e-09,7.832779,-4.2974369e-10,-5.946052e-10,2.06611e-09,3.3900815e-09,-4.740443e-09,-744.149,-14.758324,27.863276,1.6239857e-08
64.03375,2.4441102e-09,105200.61,-6.4130825e-09,9.747583,1.6787614e-09,-1.418624e-09,-3.8161505e-09,3.0010172e-09,-9.579098e-10,-1648.9502,7.74514,38.615128,-1.3578233e-09
166.86531,-1.6874426e-07,474421.06,-5.880384e-08,1.3887606,-1.6376507e-08,-8.515826e-10,-1.3972256e-08,1.0342495e-08,2.3337976e-09,-1375.2439,274.98944,55.670876,-1.7671002e-08
110.37834,-4.9967205e-08,348203.56,-4.3849706e-08,7.368413,-3.610972e-08,5.1414206e-10,-4.1939505e-09,4.2074126e-09,-5.344867e-10,19.413086,315.9996,56.29555,-2.2325002e-08
167.63887,-5.694138e-08,241131.81,-4.51514e-08,14.344513,-2.8833291e-08,5.7315636e-10,-9.013802e-09,4.7622253e-09,1.6956772e-09,-2148.4875,1027.4597,13.194851,-1.1252809e-08
106.74826,7.509446e-09,190769.2,-6.768106e-09,11.956047,2.2116111e-09,-3.8196385e-10,2.6757927e-08,-1.4296379e-09,-9.521383e-10,302.75122,89.647316,22.779772,-3.2006927e-08
6.992197e+17,-7284719600.0,-7.968967e+19,-2.2723623e-05,3533.746,31257852.0,-2.5598462e-08,2.0657505e-07,6.960524e-08,1.6691128e-08,18738.234,531.17816,62.012516,-1.6950933e-08
47.263844,5.022466e-08,439753.47,1.5308887e-08,10.2309,8.930688e-09,4.114054e-09,9.495314e-09,-1.2196539e-08,-5.9205907e-10,-5418.4795,1508.1073,21.095818,5.7793796e-09
135.87695,-1.0810245e-08,117135.34,-3.2731513e-08,12.185782,-2.282714e-08,-8.163947e-10,-6.199298e-09,2.2366333e-09,-9.339807e-10,4677.4385,229.18297,39.053825,-2.1322288e-08
42.52333,5.7811675e-09,78082.45,-7.3789623e-09,9.251263,3.5619305e-10,1.1246045e-10,2.1726556e-09,-8.019279e-09,6.0998233e-09,152.54536,27.58967,24.734596,-1.12531575e-08
32.352608,5.27304e-08,160815.02,-1.3725892e-08,12.808189,-4.4603855e-08,4.2699404e-09,-2.8746587e-08,-1.1890567e-08,-1.5472318e-09,7764.591,-241.60081,66.810486,-9.1109204e-11
39.544266,-6.049199e-09,210389.06,3.802492e-09,15.009006,1.3342892e-10,-4.905873e-10,1.1229881e-09,4.277159e-09,-2.9290737e-09,-1079.041,-11.860138,35.66884,9.201202e-09
55.93365,-8.089812e-08,351608.3,-6.3576233e-09,13.825112,1.5530372e-08,-3.6982954e-09,1.9153402e-08,8.989868e-09,2.1420874e-09,-209.58813,238.29027,50.981518,1.4990758e-09
87.38257,-1.5645536e-09,84113.92,-5.373956e-09,9.568178,1.1470272e-10,-1.0647647e-09,-1.083655e-09,9.0267993e-10,-1.6291484e-09,-853.4665,-9.658333,36.831757,6.6969648e-09
30.444326,4.3284016e-09,265131.3,-5.997547e-09,9.929057,2.2724308e-08,2.2059017e-10,-1.5665774e-08,-2.07923e-09,-3.1532146e-09,209.86987,-275.84918,54.876324,-2.867186e-08
30.567612,3.0620095e-09,383526.0,-5.770235e-10,5.3777323,7.3196016e-10,-3.6131445e-10,5.3774624e-10,-2.8880105e-09,-5.3616267e-10,-234.36018,8.227013,24.342941,-6.1158643e-09
65.004974,-1.28376865e-08,152559.62,1.3297518e-09,9.5237,2.8266073e-10,-3.691627e-10,1.91399e-09,7.63711e-09,-5.457189e-09,-1063.4022,-16.384232,53.404976,1.6708311e-08
118.02956,1.0510297e-08,349073.1,-3.788152e-08,7.8507905,-1.960796e-08,-2.1109443e-10,-3.861976e-08,3.5973189e-09,-6.600703e-11,-2924.9182,370.89508,48.021416,-4.0385775e-09
88.772705,-5.7749922e-08,328588.97,6.804368e-09,9.474921,7.6426465e-09,-4.4630193e-09,2.5708445e-08,3.5025751e-09,1.5881713e-09,1295.9128,126.886986,44.15177,-9.807379e-10
101.444664,6.87769e-08,177510.75,-1.5206075e-08,14.178371,-9.153734e-09,-1.1055173e-09,2.7058318e-09,-8.369143e-09,1.823284e-09,2925.9321,1076.961,32.539986,-8.6378185e-09
6.467121,-5.742737e-09,381368.25,3.5647183e-09,8.050462,9.708487e-10,-3.313488e-10,1.0516704e-09,2.6661862e-09,-3.3242062e-09,-691.11206,-10.714249,40.016636,1.28371695e-08
101.76894,-3.217256e-08,163290.31,1.4354882e-09,9.900335,1.6817939e-08,5.035614e-10,2.1427216e-08,3.0018967e-09,1.5387545e-09,137.90796,260.02707,40.032036,1.7213386e-09
15.709036,1.04853875e-07,43381.438,-3.994389e-09,12.6498165,1.0741592e-07,9.468447e-09,-2.0179426e-08,-5.161769e-09,-2.3655038e-09,42962.043,-196.77159,70.66156,1.1632182e-08
256.80078,6.1515614e-08,-11542.375,-3.40043e-08,22.476505,-6.6614527e-09,3.938238e-09,-3.11479e-08,-2.9558556e-09,9.927515e-10,46180.055,410.0567,10.386745,1.2142942e-08
69.95196,1.8163646e-09,105116.766,-1.341201e-09,13.84564,-5.879749e-10,-8.02456e-10,-3.4761256e-09,8.09448e-11,7.0439715e-10,199.60359,44.62697,21.487427,2.4723577e-09
97.815575,1.4527955e-08,239098.19,-2.4647381e-08,14.236283,-8.273946e-09,2.1646687e-09,-1.2401954e-10,1.7497966e-09,1.3726705e-09,1884.7441,195.646,67.638466,-1.12050005e-08
116.367966,-1.2650008e-07,457735.94,-3.6979596e-08,8.163891,-9.901732e-09,-2.9679657e-09,3.5150656e-08,1.1706598e-08,-8.747497e-10,-1774.6887,364.40442,51.664032,-2.5229841e-08
55.379425,-3.1275114e-08,193113.89,-8.517635e-09,13.7239,5.1932383e-09,-2.9290088e-09,2.7140425e-08,5.261875e-11,-5.080449e-10,-949.5647,298.8001,48.282978,-2.5136787e-08
95.9339,-3.8980364e-08,219130.95,-1.3570475e-08,6.8721023,-3.9220454e-09,-5.2294946e-09,-1.4405596e-08,5.804733e-09,4.9637716e-10,-953.21655,280.27695,53.739307,-1.660618e-08
32.080643,1.2062098e-08,60809.188,2.9835734e-09,13.229155,-2.2385343e-08,-1.1170981e-09,1.876708e-09,-5.1585434e-09,-2.176387e-09,327.57617,280.76694,54.606655,1.8346501e-09
61.912254,-1.2615214e-08,254362.45,-4.8099946e-09,10.238679,2.5545388e-09,-2.0338349e-10,8.86194e-09,2.9736438e-09,-1.127302e-09,-1053.01,52.79706,29.56033,-2.0349507e-09
12.556511,-7.011071e-09,246515.78,4.2520845e-09,9.154112,9.457715e-10,-2.8694952e-10,7.32225e-10,2.5376212e-09,-3.089264e-09,-552.7023,-11.301598,35.43943,1.2875505e-08
17.162176,-1.4472005e-09,206804.73,4.1171844e-09,10.3933325,-7.9223433e-10,-5.6079785e-10,5.859753e-11,5.676228e-10,-3.8428824e-10,-711.78204,-7.0553093,28.156979,5.9052025e-09
145.51767,-1.4991593e-07,292841.0,-5.005335e-08,4.952157,-5.7410348e-09,-8.585647e-10,1.4128953e-08,1.1611122e-08,-1.0503588e-09,-587.6555,203.60648,58.447334,-6.3829235e-09
98.61348,-5.9159916e-08,398667.9,-3.155915e-08,9.454916,-1.5034521e-08,-3.581205e-09,6.3293784e-09,8.02599e-09,2.0755275e-09,-339.8352,173.06973,61.622055,-2.0461952e-08
135.19887,-1.05396296e-07,370095.06,-5.055605e-08,6.0001526,-2.093948e-08,-4.091023e-09,-1.528259e-08,1.1203689e-08,7.4367046e-10,1467.3293,275.8199,74.54263,-1.8077134e-08
45.772476,-5.640625e-08,50802.797,6.3656636e-09,9.071195,1.2554247e-08,-4.098553e-09,2.2782881e-08,5.2128915e-09,4.3149037e-10,99.48706,71.53012,45.093952,-1.6602655e-08
115.687225,-8.376257e-08,539391.94,-2.8340793e-08,11.69054,-8.804274e-09,-5.4139165e-10,7.879608e-09,1.1483369e-08,-8.6007423e-10,-1529.3088,397.07175,33.052654,-6.2950245e-09
113.06732,9.72771e-09,165114.66,-1.3317628e-09,8.3888,3.9145203e-09,-1.245482e-09,-3.6592354e-09,-5.302787e-10,1.2963798e-08,-328.88678,136.03772,32.364334,-2.498857e-09
39.50188,-1.4406022e-10,287579.22,-3.68163e-09,8.958805,1.6697435e-09,2.2010307e-10,7.433134e-10,-8.826821e-10,-2.1091067e-09,-208.61827,-10.778351,43.91973,-2.89255e-09
26.421473,-4.385358e-09,333403.75,-1.6636981e-09,9.548421,-6.2788735e-10,-4.4566195e-10,2.291863e-10,1.7349645e-09,-3.965652e-09,-154.90556,-12.92144,60.290543,1.2921407e-08
49.768085,-9.5636395e-08,74816.99,9.730666e-09,11.268891,1.7049619e-08,-3.2893817e-09,2.7179754e-08,9.223908e-09,-1.0392612e-09,-94.77344,102.843285,40.24359,8.763074e-09
33.805042,5.693604e-08,-123982.11,1.1031615e-09,10.017345,5.6322428e-08,-7.830971e-10,-1.1037241e-08,-7.3933717e-09,-5.847082e-10,-1036.362,269.57428,65.233,-1.2016675e-08
4.8149567,-3.675945e-09,118309.805,4.108315e-09,5.819415,3.3441715e-11,-2.0178413e-10,3.8661316e-10,2.8851126e-09,-7.605945e-10,-513.7823,-5.676384,26.428547,7.628182e-09
74.16838,1.3239288e-07,32635.047,-1.3791267e-09,11.084008,-3.6524916e-10,2.4852707e-09,-2.8507646e-08,-9.509133e-09,-2.7807896e-09,12454.137,48.968628,47.63758,2.8074133e-08
40.40969,-4.2875095e-09,356274.0,4.653747e-09,8.882294,-3.68058e-09,-3.8922454e-10,1.1702146e-09,3.7249226e-09,-4.530857e-09,-937.2618,-10.805031,32.63379,9.750554e-09
153.42908,-2.2428416e-08,318565.56,-3.2994663e-08,13.886314,-9.590337e-09,-3.5109275e-09,3.582974e-09,5.3029376e-09,-1.0313111e-09,279.68896,474.13153,41.542427,-1.4091471e-08
117.14348,6.509826e-08,252251.48,-1.2450999e-08,10.341498,-3.2332842e-08,7.3775813e-10,-9.241796e-09,-5.550422e-09,5.330751e-10,-2818.3245,378.62695,17.152735,1.040183e-08
62.6529,-8.266824e-09,38336.062,-7.611784e-10,6.27527,-2.1213864e-09,2.270977e-10,1.4062131e-09,6.051359e-09,-3.7528625e-09,17.010056,-1.3427544,47.711403,1.0234671e-08
42.20103,-5.5486613e-08,181117.31,8.544666e-09,12.587377,1.6161218e-08,-3.798382e-09,1.466793e-08,5.1881246e-09,-2.3263065e-09,997.19824,75.01183,34.28934,-2.6623554e-09
164.17838,9.511733e-09,436049.7,-2.5519416e-08,14.880275,-2.237948e-08,2.4849518e-09,-8.589508e-09,-2.5954916e-09,9.419515e-10,-136.10254,769.95154,35.866413,9.5923545e-09
-0.15352249,2.2754891e-09,387350.88,-6.464465e-10,9.405152,4.692426e-10,-9.967532e-11,3.2005494e-09,-1.9200828e-09,-2.974931e-09,-290.53137,-0.6119957,12.147888,3.7189973e-09
81.04524,-2.445753e-08,394762.9,-2.5640132e-08,8.266007,-2.2513955e-08,-3.725215e-10,-1.0412117e-08,8.847924e-09,-1.5879302e-09,5281.8774,218.51413,60.2612,-1.9718502e-08
20.440763,1.279349e-08,230801.64,-1.5438586e-08,15.754214,4.098655e-08,1.1991985e-09,2.1600577e-08,-1.0231643e-08,-8.4852814e-10,74915.5,-706.3481,61.891273,-3.1263358e-08
-8.739368,-6.984912e-10,190833.86,2.5379174e-09,9.948284,-1.6576043e-09,-3.2541084e-10,9.67711e-10,1.9020334e-10,-8.8781876e-10,-818.3023,-8.783104,24.26651,6.546071e-09
48.212173,2.2464826e-09,123387.016,-3.6878238e-09,11.83899,-5.289895e-10,-7.5309825e-10,-1.2895692e-09,-2.072455e-09,6.1510894e-09,-583.0971,-3.8824272,40.582066,-1.39372105e-08
-75.179825,-7.8302875e-09,273258.34,6.9884036e-09,7.652408,-2.0229096e-09,-4.4800433e-10,5.20769e-10,2.2780628e-09,-5.035993e-09,-774.83716,-17.579079,28.806887,1.639057e-08
33.370827,-4.9348447e-08,274083.72,4.1548792e-10,13.345323,1.1953373e-08,-9.937507e-10,2.1480819e-08,9.528869e-09,-5.1241084e-10,546.58594,186.87724,49.19341,-9.394123e-09
32.2783,4.2666844e-08,-55583.547,3.9109733e-09,9.4327545,2.003505e-08,3.9210315e-09,1.0568588e-08,-6.9245147e-09,-1.8229587e-09,5990.3335,-84.05534,44.91995,-2.4374691e-09
82.7269,-1.999927e-08,295588.84,2.1505433e-09,12.063751,1.1168432e-08,-1.7809128e-09,2.5301059e-08,3.065246e-09,-1.3457644e-09,1187.8274,-21.123718,40.345375,-1.6991386e-08
61.852356,-6.2747993e-09,193190.16,-5.357393e-10,7.276831,-5.9864924e-10,-6.053796e-10,1.2963606e-09,3.418979e-09,-2.4144917e-09,-715.5806,-8.42421,62.815334,1.4482757e-08
8.349205,-7.899536e-09,438736.53,5.0055253e-09,12.015698,-1.3300621e-09,-1.6816999e-10,9.847231e-10,2.4222822e-09,-5.486896e-09,-674.52893,-15.589897,35.26085,1.3860663e-08
37.22834,-7.3694193e-09,199110.84,4.22155e-09,8.274263,-1.4433331e-09,-2.408133e-11,1.383914e-09,3.5759287e-09,-1.6983221e-09,-742.1992,-8.517746,29.711864,1.2677905e-08
21.609241,1.9065947e-08,127780.08,7.617968e-09,11.158179,3.324363e-08,-6.5747976e-12,9.807658e-09,-4.704421e-09,-6.301133e-09,-1077.7073,-191.32558,55.53315,2.1808416e-08
70.20526,6.864267e-09,13965.281,-4.8357123e-09,7.5250435,1.5880157e-09,1.6915807e-11,-1.1612101e-09,-1.6765651e-09,5.901729e-09,838.2759,182.6354,33.417915,-1.6327554e-08
41.873547,4.989567e-10,456814.3,-7.808842e-09,12.940089,3.5500427e-09,-1.6671666e-09,1.9984818e-09,1.5614425e-09,-3.043391e-09,396.61182,167.4403,37.793533,-1.8959405e-08
46.17325,-1.0683846e-08,339112.4,2.9873335e-09,6.1762304,-3.7593506e-10,-3.919925e-10,2.28745e-09,5.1373275e-09,-7.7030275e-09,-507.22882,-13.296722,54.13249,1.9765073e-08
83.38451,-3.4867075e-08,290621.94,8.337036e-09,11.350006,2.308333e-09,-1.4604941e-09,1.7880101e-08,4.6583057e-09,3.5755308e-09,-237.27515,97.765526,25.852623,1.2085969e-08
90.770424,-7.396261e-08,410020.97,-1.5663202e-08,11.481474,-1.8413143e-09,-4.5599715e-09,1.2387693e-08,9.382919e-09,-1.4247113e-09,-408.23657,101.969246,49.31679,-4.3202228e-08
94.8602,-1.4435501e-08,332139.62,2.1977449e-09,10.484175,-8.737075e-09,-2.5097107e-09,-7.574118e-09,5.5494596e-09,3.416882e-09,-1456.9666,225.56836,75.4273,-5.971962e-09
19.151573,4.0108457e-08,-123731.2,-1.3225717e-08,11.510902,3.9513512e-08,4.747859e-09,1.46023e-08,-1.41089735e-08,-6.6561476e-09,15901.219,-1557.6868,66.16404,7.0697297e-09
26.69744,9.1612684e-08,95769.59,-2.1728496e-08,8.37906,1.6123296e-08,7.3542785e-09,-4.7979576e-08,-8.433752e-09,-4.299484e-09,74255.33,238.20216,67.932465,-2.7021365e-09
2.8023447e+25,-2.9195837e+17,-3.1938173e+27,-2.272361e-05,3533.738,1252757500000000.0,-2.5598476e-08,2.0657515e-07,6.960527e-08,1.6691123e-08,18738.225,531.1781,62.012512,-1.6950917e-08
-20.044651,-4.5051336e-09,409531.56,4.269274e-09,9.9574795,-1.4047501e-09,-3.751562e-10,7.2029455e-10,2.9578653e-09,-3.7208618e-09,-766.0789,-10.654533,27.760557,1.3144436e-08
29.436316,-5.1500746e-09,284281.84,1.492903e-09,10.708855,7.1192184e-11,1.7265582e-10,-1.0922325e-09,3.079443e-09,-2.635264e-09,-989.5811,-10.700188,41.875107,1.0853672e-08
56.242912,7.236065e-08,138948.17,3.711915e-10,8.990974,-2.999289e-10,5.170354e-09,-1.0450952e-08,-8.251122e-09,1.2835011e-09,12681.344,58.917557,37.767315,2.8890753e-08
4413.706,-3.7862623e-08,-1210156.9,-1.2428295e-08,28.217325,-1.2553908e-08,9.24511e-09,-6.035534e-08,-6.368623e-08,-8.561801e-09,2846.5186,-187.18272,-1182.4873,2.6793403e-08
7.5729866,4.4749143e-10,124592.19,-1.2691043e-09,11.035347,2.3791968e-09,-6.080338e-10,1.3428928e-09,-7.316959e-10,2.2383615e-09,-437.36023,3.1029854,38.282867,2.5423763e-09
-7.316002,-3.0027936e-09,275845.28,3.299888e-09,12.8567505,-3.8059286e-10,-7.1967793e-10,9.926473e-11,3.117635e-09,-4.2805923e-09,-835.2637,-8.314011,35.94244,1.2353736e-08
-15.542717,-6.3160814e-09,357679.38,3.6761119e-09,7.3703766,2.958462e-10,-3.833667e-10,1.5499996e-09,2.3622029e-09,-3.982427e-09,-603.92786,-9.796879,28.53587,1.3479071e-08
50.595455,-2.0238644e-09,250848.17,-4.000056e-09,14.762581,1.0692391e-09,1.51876e-09,7.9736917e-10,1.4416368e-09,-9.0845953e-10,-154.45647,-5.384308,41.756775,1.04175815e-08
35.07245,-6.4024044e-09,358442.06,-8.900129e-09,14.884784,3.2181209e-09,-7.0574596e-10,1.5088292e-08,2.2286712e-09,2.6090136e-10,256.42236,-137.30016,23.039835,-1.943488e-08
53.868195,-3.015572e-09,195159.03,4.726725e-10,10.043613,8.819268e-10,-1.3068621e-10,-3.3215808e-10,3.838958e-09,-2.9554095e-09,-390.12512,-2.1931496,37.53384,6.2901693e-09
41.264645,-7.0334054e-09,102123.96,-4.7229703e-10,15.809187,-3.316916e-10,-7.517806e-10,1.044875e-09,2.607154e-09,-5.5717866e-09,555.13434,-14.682465,42.157932,1.0546386e-08
39.858963,-4.84301e-08,234945.1,7.570806e-09,12.7335825,2.7960406e-08,-3.034392e-09,2.2891392e-08,5.123311e-09,3.2096348e-10,87.10132,-28.196152,39.99779,2.1541156e-08
5.381727,-6.512183e-09,263158.88,3.5772418e-09,12.146063,7.4668893e-10,-5.8997307e-10,1.5698043e-09,2.080474e-09,-3.3437229e-09,-741.43304,-13.0701065,31.87341,1.1769939e-08
91.554825,4.282077e-09,315873.75,-2.3852942e-09,8.140726,-2.055042e-09,5.925889e-10,-2.9648832e-09,-3.464403e-09,3.9135797e-09,369.6147,60.615273,69.57444,-3.779549e-09
150.04814,-1.376321e-07,292661.28,-4.029059e-08,7.4480214,-4.6795656e-09,-6.660432e-10,2.0652342e-08,7.353651e-09,1.1175625e-09,-1706.7742,207.17194,37.27111,-9.0265315e-09
80.244965,-5.4083113e-08,362971.84,5.4933467e-09,12.372576,-1.30812206e-08,-4.4343755e-09,3.3478607e-08,9.468657e-09,-1.4580549e-11,-1765.7717,159.45485,59.894432,-1.6146892e-08
60.038914,2.976547e-08,45063.0,-1.09253975e-08,15.263345,-8.584601e-09,-2.2328852e-09,-6.2899724e-10,-2.3082427e-09,-4.867111e-11,22660.291,-64.14119,38.790947,-1.1707977e-08
32.91384,-6.059785e-11,267963.62,1.4429501e-09,14.934644,1.2471039e-09,-4.829855e-10,-3.4714014e-09,6.7227224e-10,-2.4298117e-09,-703.9651,-4.8855057,42.31906,9.095089e-09
26.344154,1.0971478e-10,280508.72,-3.5309093e-09,7.6427503,2.2076865e-09,-4.6277e-10,-2.1469913e-10,1.1105652e-09,-6.89763e-10,-433.5818,3.8387299,60.075493,5.761735e-09
20.012566,-5.2940146e-09,326612.88,-1.0195094e-10,11.544896,-1.1328952e-08,-1.6047768e-09,-9.663232e-09,2.27641e-09,-2.732159e-09,-294.67944,734.978,70.10454,-2.490351e-08
109.0475,-3.1294558e-08,377707.5,-4.504022e-08,6.2298713,-2.9496944e-08,3.6712489e-10,-3.202977e-08,3.706114e-09,2.8150973e-09,745.0054,469.94305,45.007626,-1.6952379e-08
141.00957,6.150093e-08,253105.66,-3.080622e-08,9.825735,-1.6096038e-08,-1.6140413e-09,-1.2751137e-08,2.033852e-09,5.415688e-09,51009.99,693.5306,27.108263,1.3572818e-08
48.64305,-5.598041e-09,134358.75,4.8203175e-10,8.43802,-1.6237326e-09,-4.782131e-10,-1.6780699e-09,3.7077594e-09,-2.7066855e-09,-668.7139,0.15097809,48.813465,1.2085273e-08
71.24746,6.947266e-08,156367.72,2.9606309e-09,12.282797,2.8559155e-10,8.729158e-10,-1.41356855e-08,-9.645492e-09,-9.099498e-10,197.23755,413.32465,37.30005,1.36174085e-08
72.00203,1.5446025e-08,325052.88,-6.3385532e-09,13.354008,-9.615314e-09,1.585044e-09,-1.2019488e-08,-1.5606667e-09,-5.697814e-09,-5825.8467,121.46345,42.28469,1.2566936e-09
5.6709312e+17,-5908180000.0,-6.4631286e+19,-2.272363e-05,3533.7424,25351270.0,-2.5598467e-08,2.0657501e-07,6.960528e-08,1.6691123e-08,18738.225,531.1782,62.01252,-1.695095e-08
35.63108,-4.2475423e-09,253934.56,-3.9278145e-10,11.369919,3.9847498e-10,-6.71573e-10,1.0167067e-09,1.307093e-09,6.840992e-11,79.03652,-13.863777,66.11593,9.300798e-09
185.37317,-4.324728e-08,353365.03,-5.9312985e-08,5.3468857,-3.778464e-08,-1.4269723e-09,-5.9004193e-09,4.891756e-09,2.311268e-09,-637.47485,404.9156,49.140144,-1.557536e-08
34233005000000.0,-356651.8,-3901516300000000.0,-2.2723612e-05,3533.737,1530.3485,-2.5598478e-08,2.0657606e-07,6.960562e-08,1.6691308e-08,18738.227,531.17804,62.01252,-1.6950935e-08
19.158825,8.4269365e-09,101989.625,-4.655617e-09,10.20819,-1.5623443e-09,7.392581e-10,3.3064212e-10,-3.4396394e-10,5.4686025e-09,1322.323,121.30512,36.212368,-2.0787775e-08
40.001205,-4.5508317e-09,228524.44,-1.0191671e-09,10.45594,1.9295325e-09,-7.6939266e-10,-3.1521252e-10,9.327383e-10,-4.1087556e-09,-708.6468,-8.192928,60.60981,1.3439987e-08
16.901318,3.3261067e-08,11580.0,-5.643688e-09,11.057558,3.8057717e-08,4.6905377e-09,-7.958286e-09,-1.2367614e-08,-8.618055e-09,10967.511,-1170.6096,62.868507,8.4388105e-09
49.9398,-1.5992667e-08,198640.61,-1.2129946e-08,9.313663,-2.604217e-09,4.0995138e-10,1.12373195e-08,2.2227078e-09,-4.7188484e-09,-58.155273,159.75333,56.31949,-1.1882707e-08
36.756565,2.1044858e-08,41697.703,-1.4034565e-09,16.350859,1.9741616e-08,7.738424e-11,7.369879e-09,9.926826e-09,2.6221758e-09,114576.22,-47.050766,73.45222,1.2476778e-09
117.41354,-2.6303846e-08,321684.12,-4.7500115e-09,7.8785715,-1.1350126e-08,9.787364e-10,1.3380391e-09,2.9560385e-09,-8.801907e-11,-2570.8142,314.95642,44.31807,-1.3669868e-08
62.1836,-3.0006877e-08,139878.45,-1.0371284e-09,12.295863,6.5567445e-09,-7.7616524e-10,-7.668524e-10,7.128289e-09,-2.8668923e-09,-624.1101,133.75375,41.720528,-3.8317736e-09
20.667505,-6.607198e-10,381512.9,-2.1014147e-10,9.0340395,-8.6399415e-10,-6.8300565e-10,-9.1341207e-10,4.3700016e-11,3.3434635e-09,-273.81555,-0.33971786,35.88368,8.40943e-09
98.12068,-5.541251e-08,380075.7,-2.2922464e-08,9.407626,-9.683198e-09,-3.1936416e-09,3.2818964e-08,5.3183933e-09,1.6979337e-09,-1414.7244,137.29468,54.509663,-2.5382635e-08
82.13728,-7.609808e-09,196270.64,4.9304485e-09,2.1568708,-2.0321431e-09,5.147892e-10,2.255107e-10,7.912675e-09,-4.5455386e-09,-612.2545,4.5974693,40.50648,1.6504151e-08
17.259565,-3.0516134e-09,336556.0,4.8562687e-10,3.8633714,-5.1771015e-11,-6.524187e-11,1.083576e-09,8.67206e-10,-1.2146703e-10,-85.98355,-2.6299782,61.869423,-5.701416e-10
104.65806,-1.3278514e-08,323892.7,1.5575936e-09,11.542248,-2.01275e-09,5.1571014e-10,1.424209e-08,-7.166935e-11,2.731724e-09,-1301.5417,62.48358,21.90192,-1.674235e-08
89.78788,-1.0068367e-07,415960.44,-1.9876255e-08,9.136569,-7.999189e-09,-6.2178085e-10,1.3948594e-08,1.3288532e-08,-2.0476748e-10,167.53418,460.53864,60.514744,-1.960226e-08
25.080048,-1.538788e-09,250491.61,-2.016315e-09,7.889161,4.582542e-10,-3.282163e-10,-7.879303e-10,3.765906e-09,5.805184e-11,-534.04175,-5.497097,53.06515,-1.6320505e-10
61.000137,-1.3892834e-09,329492.72,1.7998355e-09,8.773622,-1.095302e-09,-3.588262e-10,2.266518e-12,1.1524172e-09,-5.7916676e-09,-824.8104,-13.22171,37.73071,8.228e-09
61.554832,-6.236323e-08,269217.88,-1.6820115e-08,13.307546,1.0264118e-09,-1.935864e-09,2.7502403e-09,1.0049688e-08,8.074076e-10,308.22168,328.10712,46.447563,-3.7602828e-08
59.22628,6.802336e-09,25211.812,-4.541237e-09,5.862088,1.0495472e-09,-6.211012e-11,-2.9059366e-09,-4.106138e-09,1.9380046e-09,-421.39612,77.53888,51.574028,-9.3336885e-09
-12.097717,-1.515155e-09,257788.69,1.888689e-09,18.325191,5.666646e-10,-7.9851203e-10,-3.4049994e-09,2.0733395e-09,-2.9072391e-09,-798.7915,-11.697441,33.53417,1.0730885e-08
56.050026,-2.6415863e-08,290692.4,1.147527e-08,11.252268,1.8883055e-08,-1.5742276e-09,3.0130494e-08,6.095066e-09,2.914532e-09,-1620.137,-45.086426,38.25534,1.1038255e-08
76.903465,-1.0415108e-09,163557.17,-1.4012861e-09,8.555073,6.281058e-10,-6.85967e-10,-2.6278326e-09,4.779151e-09,4.5215412e-10,-411.29822,1.3554764,61.01699,9.229616e-09
27.185108,-5.1746283e-09,326291.62,2.4571185e-09,8.243611,-8.466938e-10,-6.755621e-10,2.054116e-09,2.6570803e-09,-3.9088235e-09,-436.09174,-7.296837,46.743916,7.463653e-09
85.20112,-7.520069e-09,222318.56,8.772127e-10,9.193077,-1.546142e-09,-8.005252e-10,9.841293e-10,5.638643e-09,-2.3724243e-09,-186.03227,-29.002838,42.496243,1.7291086e-08
63.278522,1.8148238e-09,-22715.594,-1.8569608e-09,12.364084,2.158174e-09,-6.014246e-10,-7.2231154e-10,4.6830984e-09,-3.3101152e-10,-883.74725,14.671944,33.470882,3.001792e-09
109.850845,-1.9452186e-08,289898.12,-1.7764576e-08,11.13995,-8.180769e-09,-1.9388458e-09,3.1965295e-09,3.0576073e-09,3.1419572e-10,63.630127,348.0105,40.939743,-1.4541345e-08
22.629778,-9.633874e-09,243576.25,4.887788e-09,12.203506,3.5435727e-10,-7.0280887e-10,1.2687495e-09,2.511792e-09,-3.2661496e-09,-736.7026,-14.225647,27.360939,1.6005178e-08
8.342007,4.922182e-08,-29067.672,-1.8653864e-08,12.699724,1.6741167e-08,5.882924e-09,-9.464211e-09,-7.159223e-09,-6.5838184e-09,123725.5,-881.7111,76.29898,-6.4362053e-09
55.154785,-3.4101532e-08,280803.12,-7.3069695e-10,10.960096,1.9239401e-08,2.3234783e-09,4.7111848e-09,1.1850696e-08,-2.4768458e-09,64.43384,152.81506,49.577126,4.5273736e-09
36.910843,7.112224e-08,144961.86,-1.1558103e-08,11.503118,-1.3304013e-08,6.6527606e-09,-4.199534e-08,-1.9251134e-08,-6.1890373e-09,-82.46118,-57.038773,43.939163,5.947058e-09
2.0856895,-7.1284663e-09,196733.77,6.3236576e-09,6.905305,-3.6835226e-09,-3.5492206e-10,1.0934191e-09,4.4513757e-09,-3.0236482e-09,-672.77234,-12.388985,26.093285,1.0918143e-08
-10.797676,-9.446478e-09,385617.88,7.619024e-09,5.551211,-2.8703941e-09,-2.1431577e-10,1.3336575e-09,4.5303308e-09,-4.4513744e-09,-665.4144,-13.450722,23.64441,1.6167233e-08
56.183235,-5.9030455e-08,266248.25,-1.5269904e-09,14.533237,1.79001e-08,-8.51316e-09,1.8357852e-08,8.5196925e-09,1.9170732e-09,164.37207,130.89096,52.356606,-2.0318451e-08
73.710526,-1.5255283e-08,246460.83,-1.8199598e-08,10.842192,1.7356778e-09,-1.9410482e-09,1.9992939e-08,3.3833674e-09,-3.7335233e-09,1256.6765,271.51575,46.94745,-1.6890624e-08
69.62355,-3.7412224e-09,239535.55,3.0908684e-10,11.186962,-1.9866124e-09,-1.2253857e-09,-3.604302e-11,1.9942639e-09,-7.335873e-09,186.48323,-9.992653,41.944485,1.0952735e-08
7.9632835,-4.8783306e-09,220278.31,6.6001538e-09,11.39851,1.3508209e-09,-8.223868e-10,1.9227282e-09,1.4455704e-09,-3.3402656e-09,-720.2974,-9.870216,25.80587,1.2052323e-08
35.542088,-6.1145117e-10,109251.01,-3.1143603e-09,11.2232685,1.1464919e-11,-1.2979103e-10,3.9015402e-10,3.952026e-09,6.443067e-10,-572.8989,7.0176125,33.288143,2.0389443e-09
41.513077,2.7109033e-09,187233.8,-2.6635136e-09,8.741228,1.7529402e-09,8.830563e-11,-6.9040157e-10,-7.0454758e-09,3.1614091e-09,1609.2976,-32.061707,49.35421,-2.785526e-08
67.33722,5.209502e-09,380155.8,-2.1321396e-09,12.057,9.110039e-10,6.5349304e-10,-2.4916556e-08,6.7657324e-09,1.475711e-09,13932.573,341.0891,89.65556,1.3118455e-08
115.91287,-5.04631e-08,216585.14,-2.772248e-08,5.4969497,-1.62892e-08,5.4703406e-09,2.5152545e-08,6.832414e-09,7.79051e-09,29511.473,145.11768,64.30252,-4.0113203e-08
38.46782,5.130035e-08,160926.2,3.4855776e-09,10.905398,2.2238032e-08,1.2428251e-09,-8.966679e-09,-6.6780625e-09,-1.6816153e-09,-1524.8977,412.55563,43.54418,5.690718e-09
2.864254,-1.0924701e-08,256524.27,5.3394666e-10,6.1549826,-8.635499e-12,-1.6913293e-10,2.5296538e-09,4.99618e-09,-4.1697374e-09,-635.24115,-12.851021,37.56449,1.6717856e-08
45.420673,-3.1164028e-08,188819.69,-9.985675e-09,11.499367,7.332874e-11,-2.383247e-09,7.48195e-09,7.3606716e-09,-3.7284895e-09,1109.1245,278.13965,45.7373,-3.2433533e-08
44.637447,-4.473024e-10,429573.25,4.1406945e-10,8.92776,-7.2738554e-10,-6.20855e-10,1.8067642e-09,-3.6855272e-09,-1.6060668e-09,-370.05164,11.0383835,14.816597,5.1691478e-09
85.709656,-3.4073754e-08,186481.1,6.4134156e-09,9.129096,1.7632869e-10,8.2602286e-11,1.7345041e-08,4.296262e-09,-1.7251196e-09,-970.74243,8.020493,49.24279,-1.29821744e-08
-0.83449936,-4.570922e-09,265222.9,1.6453198e-09,10.862053,7.8515514e-11,-1.3797666e-10,4.3150034e-10,3.3315344e-09,-3.7653076e-09,-603.1204,-12.428963,32.117718,1.0781629e-08
13.419422,-4.040508e-08,272205.66,3.3099328e-09,15.792976,2.812357e-08,-3.3660426e-09,1.7463384e-08,5.9604743e-09,-1.1665596e-09,152.64722,-49.92604,52.847763,-1.8669952e-09
55.918396,4.9832414e-09,165775.25,7.1159e-11,14.367975,-4.123133e-09,6.383746e-11,4.454795e-09,-5.113584e-09,1.729865e-08,3612.382,587.627,55.557518,-4.587692e-09
20.233412,7.080956e-08,-286512.44,-1.9017659e-09,16.387203,1.4195242e-08,-1.5984346e-09,-1.2642939e-08,9.754728e-10,-2.5318267e-09,40262.645,-365.2755,79.03032,4.820779e-09
92.84056,-3.6015656e-08,368543.44,-4.2552745e-08,12.512552,-2.0228565e-08,1.757913e-09,-6.306166e-09,6.420555e-09,3.8594146e-09,-949.49097,938.2043,56.512608,-1.9411727e-08
53.559525,5.315207e-09,2169.5312,-8.534909e-09,10.1697855,3.5074604e-10,-5.96999e-10,-1.8287697e-09,-5.7367364e-09,7.454104e-09,-972.0828,72.41529,68.45891,-1.812786e-08
60.103264,6.8835e-08,197379.39,-6.2828267e-09,9.514318,-1.9981764e-08,1.856126e-09,2.840236e-08,-4.161604e-09,2.5062458e-10,13957.46,17.481827,41.5219,1.3065418e-08
95.97222,-4.192135e-08,269616.44,4.1929846e-09,7.157421,-1.8300757e-10,-6.1335764e-10,1.2809048e-08,3.9071524e-09,-5.019903e-10,-2061.6238,79.49484,2.0155754,-3.4355134e-09
74.73833,-4.636554e-08,239703.78,-3.1854213e-08,10.506772,-1.328742e-08,3.0241123e-09,2.4666489e-09,8.876398e-09,5.562801e-10,-81.23999,494.8225,67.21829,-1.3091163e-08
64.68357,-2.4186154e-08,232468.12,-3.9422168e-09,11.710465,3.961754e-09,-1.0732852e-09,1.5159419e-08,6.416269e-09,1.422167e-10,1470.5254,50.861572,32.465294,-2.300662e-09
70.64827,-5.8750453e-09,283888.75,5.6392974e-10,7.8836637,2.1480677e-08,-2.3126823e-09,-3.1715204e-09,6.873968e-09,2.104395e-09,1452.8728,331.8697,41.531612,-3.0454288e-09
4.1314316,3.8708805e-09,129977.61,-2.4508635e-09,7.010638,7.5235707e-10,-4.036149e-10,-1.7877303e-09,1.5516196e-09,3.153144e-09,-87.84923,16.40456,34.04192,2.8568343e-09
18.428724,4.206422e-09,390868.06,-7.0851915e-11,10.662084,9.536664e-10,-7.647978e-10,-9.506487e-10,-5.93082e-09,3.1147456e-09,-627.6918,18.119446,34.982338,5.706282e-09
70.57944,-1.1144207e-07,323316.62,-1.892456e-08,8.005912,6.1485133e-09,-3.1458742e-09,1.3410842e-08,1.4582325e-08,-2.1895183e-09,709.0603,390.90125,31.351185,-4.6585196e-08
42.553696,4.1402235e-08,183970.62,-2.4260208e-08,13.610165,-5.9458404e-08,2.6559865e-09,-3.854805e-08,-4.1833697e-09,-1.2817149e-10,8664.159,534.6786,57.83207,-8.701821e-09
51.866543,-1.0973112e-08,187011.28,-5.38458e-09,12.481875,-8.955059e-11,-1.1274258e-09,7.384569e-10,-5.270432e-09,-4.17232e-09,93.12842,174.44092,36.498577,-1.9242378e-08
40.498886,9.1169094e-10,95110.03,-6.0918715e-09,8.553848,1.1352693e-09,-5.1206644e-10,-6.068427e-11,3.384792e-09,-7.0856425e-11,-116.6158,8.053337,45.628616,-5.251611e-09
91.26466,-3.6400525e-08,286236.9,-2.6214236e-08,11.11467,-1.4814256e-08,-2.4174265e-09,2.2408907e-08,7.039765e-09,1.6804782e-09,1112.9182,510.27637,37.96752,-3.1931695e-08
60.108223,3.5899284e-08,427609.75,4.679778e-09,6.1962094,2.2145395e-08,3.893355e-09,1.09644684e-08,-1.0858767e-08,-6.595423e-09,-14481.564,-433.55487,32.77585,1.18538495e-08
102.92944,-4.154498e-08,331624.9,-2.0753173e-08,12.878456,5.181462e-09,-3.845877e-09,1.2625301e-08,5.113341e-09,2.7421856e-09,23.30127,391.3014,59.320618,-4.0122687e-09
13.922148,2.5595848e-09,81766.4,-1.7231898e-08,11.835053,-1.9651514e-08,4.816923e-09,-1.1844401e-08,3.1187197e-09,3.1439298e-09,184900.55,-294.03436,89.35944,-1.7685826e-08
24.220278,-1.2340627e-08,185930.95,4.845867e-10,9.533383,-6.609854e-10,-2.9958722e-10,3.8606185e-09,6.082149e-09,-6.5890284e-09,-593.58356,-14.511375,44.563774,1.7878703e-08
39.46807,-2.3549895e-09,162688.12,-4.104254e-09,5.2167783,-2.9522034e-09,-2.186931e-11,-2.897829e-09,2.5697553e-09,-1.9383988e-09,-406.5127,-3.5056038,67.92088,6.3298184e-09
103.87723,-3.1228215e-08,379952.38,-1.3326997e-08,7.8031282,2.9260523e-09,-3.6025927e-10,-1.138952e-09,-4.403152e-12,2.6899323e-09,3862.6956,357.28528,63.909775,5.5304525e-09
59.63537,-2.3292783e-09,203940.39,2.1203512e-09,7.7566442,8.798971e-10,-1.5412654e-10,-8.6797214e-10,4.004492e-09,5.3619786e-10,-522.4811,-7.4124336,24.621353,7.297929e-09
135.80034,-5.860761e-08,289447.8,-2.3335508e-08,11.638546,-1.4840752e-08,1.049505e-09,7.72997e-09,3.35141e-09,3.0917127e-10,-2268.7053,113.386635,46.74999,-1.5193613e-09
134.32079,1.1726857e-08,135398.92,-2.428096e-08,8.383702,-3.4511597e-08,1.9169806e-09,6.630958e-09,-6.4142243e-09,-9.906527e-11,-1368.6511,638.02216,19.594542,-2.118317e-08
56.860497,-2.9812224e-09,303491.75,-1.1082119e-10,7.068865,-2.0700655e-09,3.581611e-10,1.1617095e-09,-1.7650444e-09,-6.5939876e-10,-488.5506,-13.459656,43.828133,5.6810237e-09
-6.7875404,-7.4254825e-09,242054.62,1.0837204e-09,10.131977,-2.7297653e-09,-4.1377743e-10,1.2707514e-09,3.021339e-09,-4.640128e-09,-755.7342,-11.444443,40.965427,1.2453928e-08
65.29921,-5.045736e-08,327763.94,9.1033264e-10,12.581473,-7.2581663e-10,-1.7105743e-10,2.5996332e-08,6.0625864e-09,6.600727e-10,-881.93286,81.192276,36.210434,2.2488906e-09
42.01015,-5.7607292e-09,252315.61,1.9195017e-09,10.603515,-1.8078344e-09,-6.6693395e-10,-1.6466628e-09,3.9342827e-09,-5.7742455e-09,-340.05725,-11.885803,42.835835,1.1800294e-08
34.319565,-2.6810623e-10,257154.06,1.4647082e-09,5.59776,-8.771561e-11,-2.2199793e-10,2.707162e-10,-2.6397262e-09,-2.8221955e-10,-321.56036,-5.706394,27.690384,-7.3661592e-09
74.2713,-3.4497052e-08,147711.14,-2.2423713e-08,9.30055,1.3663983e-09,1.5838452e-09,3.2348435e-10,5.5877973e-09,-1.3758776e-09,1077.5222,147.5188,40.473564,-2.0946635e-08
85.74958,-4.8637272e-08,191324.6,2.975887e-09,10.014321,-1.3614886e-09,-4.875364e-11,1.15030545e-08,3.6517676e-09,1.1481752e-09,1335.6599,168.2207,23.550777,-1.7745116e-08
127.73073,-4.1706873e-08,283865.25,-1.1598559e-08,8.710841,-1.1385575e-08,-5.1309232e-09,7.648432e-09,3.5928371e-09,-1.9028334e-09,-1367.1702,97.34225,44.228947,-2.6996037e-08
50.737953,-7.952923e-10,239705.22,9.547698e-10,11.105558,3.3578553e-09,1.5504212e-10,-2.311564e-09,1.7998222e-09,-1.0659805e-10,-541.19806,7.669201,10.965599,1.165316e-08
180.29868,-1.0291461e-07,374223.56,-9.457823e-08,6.729026,-3.5204597e-08,1.4284104e-09,-2.5180135e-08,7.398095e-09,2.3651032e-09,-2451.74,416.81482,55.850307,-2.7708182e-08
73.148056,6.642806e-09,235934.16,-8.143037e-09,7.8066053,-3.5800505e-09,9.092134e-10,-3.3402592e-09,5.0719837e-09,2.8361504e-09,-960.0066,700.2222,28.660627,-2.3439628e-10
67.636536,6.319635e-08,330660.2,-1.839756e-08,11.995831,-4.0392994e-08,6.5415984e-09,-2.4493781e-08,-1.3489211e-08,-1.0278888e-09,-8175.0273,-111.816086,42.359337,3.3351022e-09
21.895496,-2.9993714e-09,336107.7,8.2998836e-10,8.080688,-1.446792e-09,-4.2623707e-10,9.47529e-10,3.802333e-09,-2.5400584e-09,-799.4558,-8.803886,42.654774,8.854278e-09
19.987646,3.0861733e-10,298247.06,-3.1300538e-09,5.1397276,1.4946389e-09,-2.7158817e-10,-3.6994239e-09,3.5987922e-09,1.00911925e-10,-452.23065,-8.8578415,37.590103,5.439545e-09
28.832186,1.8336937e-08,204961.47,-1.0863477e-08,14.683365,1.7827166e-08,2.1540438e-09,-6.4693967e-10,-9.564168e-09,-6.9986403e-09,-983.00757,-310.59302,37.03169,-2.6824925e-08
26.771801,-8.7377705e-09,206311.94,4.811106e-10,9.947964,-8.430414e-10,-6.933978e-11,1.1957272e-09,4.7980073e-09,-2.989965e-09,-674.8503,-14.755676,53.629227,1.4976832e-08
67.20107,3.0783358e-08,131847.31,-3.6037097e-08,12.650258,-2.3500622e-08,-4.6807414e-10,-1.704068e-08,1.4652629e-09,-2.2102284e-09,3432.899,359.7144,42.733368,-2.1388106e-08
149.50319,-3.463805e-08,200378.9,-3.719212e-08,3.2144337,-2.1566137e-08,2.0434439e-09,-1.3270342e-08,-7.211575e-10,-5.11456e-10,1386.1829,333.30276,15.980198,-1.2256908e-08
-5.0619354,-7.832804e-09,149234.88,4.8309383e-09,7.251067,6.2621813e-10,-4.0296744e-10,6.577497e-10,3.8514685e-09,-2.5887785e-09,-648.2732,-13.637222,28.745136,1.3227707e-08
64.698,4.0388883e-08,445934.44,-8.634828e-09,5.9490657,-8.2141725e-09,5.754108e-09,-2.4310745e-08,-7.3113022e-09,-3.2506708e-09,1193.5691,453.41895,49.671616,-3.3493326e-09
35.482647,5.089973e-08,126381.81,-4.109131e-09,13.496126,2.104141e-08,2.0155415e-09,-6.158669e-09,6.107478e-09,6.7247083e-09,131517.7,341.59882,55.305218,-2.065444e-08
55.80432,-2.2095856e-09,164134.53,1.4808084e-09,8.002319,2.3925777e-09,-1.8942094e-11,-2.7232183e-09,5.302604e-09,-3.371254e-09,-695.65643,-7.989483,44.40916,8.893074e-09
-11.362251,-9.362517e-09,386682.0,1.1135918e-09,12.45426,-2.1880737e-09,-1.0394648e-10,2.502655e-09,2.1864905e-09,-6.0774217e-09,-788.2598,-14.861694,47.17768,1.6519229e-08
5.4645786,-4.446577e-09,215611.83,1.5615917e-09,9.525566,-1.1403929e-09,-2.4726035e-11,2.0753733e-10,1.8029674e-09,-2.3167965e-09,-643.78815,-11.39399,38.2083,9.7104e-09
27.45607,5.419525e-09,69596.81,-3.8726875e-09,9.23335,1.1583393e-09,-1.5228413e-09,5.884144e-11,-2.3430158e-09,5.1681344e-09,-136.5424,27.747858,40.09447,-1.1891933e-08
78.82722,3.718164e-08,236312.73,-2.4739766e-08,3.309928,5.2668985e-09,9.04276e-12,-8.656267e-09,-2.9357785e-09,-2.8985758e-09,-7227.3223,125.05866,53.30634,-2.2266827e-08
88.6626,8.557929e-10,301165.0,-2.3815362e-08,12.627201,-7.2819e-09,-6.77774e-10,-8.345004e-09,8.583214e-10,-2.186729e-09,568.07324,232.45332,38.953587,-5.548918e-09
98.00388,-6.444146e-10,17224.14,-2.9543172e-09,18.163054,1.5714048e-10,-1.2238187e-09,-3.976271e-09,7.927293e-10,4.6072484e-09,1311.9142,27.561165,37.82276,1.0351332e-08
57.59903,8.807272e-08,322309.28,-1.9936798e-10,12.801439,-4.450586e-08,1.8486909e-09,-3.940834e-08,-1.1802785e-08,-1.9956736e-09,25820.305,981.87616,41.19082,2.3486203e-08
67.11155,-1.6772107e-08,171231.25,8.12833e-09,13.355017,-6.629909e-10,-4.2404374e-10,4.1369974e-09,9.338839e-09,-6.7590102e-09,-1199.5829,-15.5646515,31.347391,1.7555807e-08
52.2275,-6.0891836e-08,54904.89,1.2648824e-08,26.040634,2.1601524e-08,-5.9784794e-10,2.9332202e-08,1.7094951e-08,9.035993e-09,64044.54,585.9294,59.152107,2.679807e-08
49.80578,1.6519902e-10,297385.88,-4.2770933e-09,15.388213,2.5285093e-10,3.2611341e-10,-1.626083e-09,-1.3479597e-09,-8.7717156e-10,2461.535,8.095417,38.906055,-1.5604749e-09
3.8288536,-3.0483602e-09,177859.62,3.8214065e-10,14.842867,-7.079006e-10,-7.460833e-10,-2.0913515e-09,2.8981044e-09,-1.8869337e-09,-1298.805,-9.361847,46.25481,1.06684475e-08
13.096695,-1.2305204e-08,225300.97,7.288445e-09,10.09498,-1.857461e-10,-5.750375e-10,3.0659084e-09,4.0548294e-09,-4.8416284e-09,-835.1343,-15.39608,32.8306,1.4858419e-08
32.26345,-2.2041634e-08,164086.28,-4.4658104e-09,12.496025,-3.3891048e-09,7.1902005e-11,5.32172e-09,2.0001298e-09,-7.5225435e-09,19.91504,-87.28166,48.96531,-1.9847953e-08
37.36449,-7.749619e-09,61223.625,3.797445e-09,8.255958,-3.088453e-11,-6.446088e-10,3.3617256e-10,2.9656917e-09,-3.0356262e-09,-858.957,-12.2632065,39.841206,1.1038174e-08
-19.625645,1.0073483e-09,303109.56,1.2375118e-09,5.5604086,-2.6604505e-09,-5.3390575e-10,-1.6107334e-09,2.0233846e-09,-2.2637157e-09,-547.31134,-6.323532,30.913334,4.299821e-09
18.748796,4.697287e-08,226577.88,-1.1747954e-08,12.644169,1.023472e-07,1.0429936e-08,-2.686287e-08,-4.6555943e-08,-1.31508076e-08,17562.352,-1390.0793,50.715538,3.6587423e-08
-1.8140259,-4.0846615e-09,391125.84,1.2114733e-09,6.3671618,5.987052e-11,-4.456095e-10,-8.7401447e-10,2.7005245e-09,-4.411799e-09,-582.06134,-10.129623,44.244137,1.2418301e-08
80.188675,4.1424975e-08,166172.61,-1.1329957e-08,11.187339,6.0012066e-09,5.9112604e-11,-8.280898e-09,-1.7617887e-09,5.7858534e-11,10076.685,304.95068,41.021534,-1.1554912e-08
30.262583,1.8037007e-10,303067.78,2.296342e-09,6.91712,2.1236244e-11,-7.2846695e-10,1.0343445e-09,1.9696487e-09,-2.193391e-09,-788.50195,-1.3093109,25.166708,3.4620649e-09
44.703533,1.7036962e-09,199357.58,-6.8458625e-09,15.8529,7.0014705e-10,-1.0349073e-09,-2.8558107e-09,6.8043654e-10,-1.159761e-09,-1021.73236,10.931332,31.659134,6.477901e-09
49.254642,-1.7111984e-09,328100.25,-2.6016471e-09,5.8161707,2.12752e-09,-2.1929922e-09,-1.3129332e-08,-1.6681595e-09,3.2467773e-09,9040.672,230.2842,46.75922,-2.3739643e-08
75.004135,8.374328e-09,278405.5,-5.5333995e-09,8.202296,-4.3367757e-10,8.07095e-10,1.6934239e-08,6.000742e-09,4.6654507e-09,373.25732,417.6972,37.56994,-7.0854886e-09
21.09412,-9.3091956e-10,174791.69,9.831527e-10,10.61176,1.9136227e-10,1.1739922e-11,-4.630281e-09,5.0922258e-09,1.5301662e-09,-506.89764,-9.603626,30.893354,8.0241875e-09
69.370255,-2.667153e-08,187459.94,-3.947709e-08,11.970359,-2.3519679e-08,1.883776e-09,-1.8705743e-08,3.0163463e-09,-1.9697424e-10,11.2438965,351.72803,62.696976,-3.6012853e-08
61.706146,-1.2264567e-08,108393.04,4.2777164e-09,8.444623,2.4570526e-09,-5.155178e-10,5.4849325e-09,-2.1656686e-10,-2.1101252e-09,470.92383,143.9049,50.323524,1.0805036e-08
40.181232,3.8558987e-08,350855.94,-2.2213365e-08,14.14092,4.521338e-08,4.5338924e-09,-3.0048014e-08,-1.1857536e-08,-7.079731e-09,11121.645,-264.47443,47.545025,-2.0477202e-08
49.274998,-3.6736072e-08,313440.56,1.3107046e-08,11.621273,1.1274211e-08,-3.2507907e-09,2.1237776e-08,5.4449605e-09,-3.4086192e-09,2455.8687,-68.754105,50.01391,-2.0050399e-10
52.738823,-9.711848e-09,156867.28,1.1900131e-09,6.1280336,8.9488095e-10,-3.1014313e-10,1.7463286e-09,5.4293197e-09,-5.8385656e-09,-531.2924,-7.1254463,42.951447,1.6092365e-08
81.57332,-7.803029e-09,297990.2,1.1341384e-08,9.770114,3.0932923e-09,-1.8464202e-10,1.1453059e-08,6.7887456e-09,2.8879699e-09,1127.6384,148.41382,31.758503,2.0339762e-08
26.42781,-8.695414e-09,214047.12,-1.1893326e-09,10.0916815,-9.648824e-10,-2.3632873e-10,1.989132e-09,3.0093017e-09,-4.802e-09,-817.41327,-11.348671,54.857258,1.502151e-08
-11.967472,-7.5568005e-09,277445.4,1.4297741e-09,7.707345,-1.629374e-09,-1.4616329e-10,1.1468915e-10,2.3025317e-09,-3.6663317e-09,-600.76654,-12.645737,41.895866,1.174657e-08
87.52966,-7.823299e-09,172025.11,-1.7337887e-09,4.618121,-1.8675355e-09,-3.8176964e-10,2.3400276e-10,8.329415e-09,4.1568735e-10,-507.5539,-19.707512,58.533684,2.3356838e-08
139.27676,-7.459058e-08,419760.5,-4.6401915e-08,0.3604021,-1.963719e-08,1.8323824e-09,-3.0098562e-08,5.3133142e-09,-1.3630682e-09,-2624.2722,219.3311,50.750908,-1.4442504e-08
8.776138,-7.518544e-09,145377.06,5.56534e-09,16.189789,1.997048e-09,-6.2884936e-10,-6.277711e-11,2.5251907e-09,-5.015985e-09,-1122.7131,-17.179764,33.21584,1.1866605e-08
98.967735,2.1289868e-09,-101483.36,-3.0981542e-10,9.413711,1.2524564e-09,-1.7933103e-09,9.749254e-10,-4.8042796e-09,5.6793716e-09,-754.5054,32.23563,31.91726,3.519476e-09
68.49532,1.6128235e-08,8682.0625,1.9490086e-08,14.931463,1.7128201e-08,2.274304e-09,9.583441e-09,2.8451677e-09,-2.938981e-09,7734.5576,-35.29384,32.92386,3.617741e-08
97.46336,-1.3383092e-07,348124.62,-3.6452825e-09,10.597631,8.450242e-09,-4.0777435e-09,3.092923e-08,1.2037314e-08,-8.425715e-10,-1206.342,218.87022,52.751152,1.2522827e-09
33.644577,-5.1762536e-09,272071.7,4.3168886e-09,5.468774,-2.3433229e-09,-1.6445911e-10,2.821996e-10,1.6143332e-09,-1.743137e-09,-618.8572,-3.4418068,32.63938,9.904388e-09
16.966679,-7.864039e-09,-33244.64,3.0801135e-09,8.141354,1.3512174e-09,-5.7389576e-10,8.7138585e-10,1.6506859e-09,-2.8443042e-10,-741.0156,-14.175278,44.657627,1.0257084e-08
72.03116,-4.412681e-08,300200.9,8.102667e-09,14.657807,1.19828965e-08,-2.0550324e-09,8.045831e-09,5.556471e-09,7.91848e-10,-1423.7771,182.7035,38.923405,-1.1756164e-09
43.047546,-5.760212e-09,387989.0,-2.3864584e-09,7.2157555,1.6914362e-10,-4.3689233e-10,1.069648e-09,5.601655e-09,-5.2530016e-09,-677.492,-11.961945,59.060764,2.0673385e-08
29.97789,-6.266355e-09,227394.16,1.5984828e-09,6.8613787,-3.851905e-09,-2.9492622e-10,1.0727491e-09,4.530973e-09,-2.1545832e-09,-677.4707,-11.962784,58.628872,1.5016582e-08
50.762962,-2.4318025e-09,-57559.22,4.985434e-09,5.201262,-2.9076053e-09,-4.4540743e-10,-8.2680657e-10,2.8620701e-09,5.4709604e-10,-745.0364,-9.293377,29.938065,6.149108e-09
59.79977,5.5691164e-08,324794.88,4.0400003e-09,9.622139,2.357495e-08,4.210584e-09,-2.4917814e-08,5.645944e-10,-9.402625e-10,8077.1084,1085.1556,69.733345,-5.4457816e-09
62.510384,-2.6580063e-09,176995.7,-2.271114e-10,5.263786,4.7875004e-10,-1.1682171e-09,1.3104126e-10,1.0607636e-09,-1.3606323e-09,-544.5763,0.49534607,24.192997,9.6543955e-09
45.62062,-3.2826788e-09,278763.53,1.9041191e-10,10.850289,3.6034972e-10,3.646287e-10,-9.0549873e-10,2.7491944e-09,-2.9117762e-09,-607.3733,-4.342819,46.909107,4.6519584e-09
25.523357,-1.002996e-08,47068.03,1.7627646e-09,12.652666,2.2991588e-10,-5.650416e-10,2.0345619e-09,4.086855e-09,-2.2732447e-09,-918.0473,-12.128014,35.59321,1.0724048e-08
77.17798,-2.7993218e-08,384077.75,-5.707118e-09,11.252292,-1.1415769e-08,-1.7562628e-09,1.3986735e-08,2.477947e-09,1.000246e-09,2612.7883,123.098045,56.07642,-2.5051953e-08
-1.8099892e+17,-9.473762e-08,315142.5,5.401121e-08,6.0076714,5.5375363e-08,-7.821096e-09,-3.4500098e-09,-4.9323535e-08,5.0809124e-08,7333.1196,7.223904e+16,26.937592,-1009831.94
16.99985,-9.045256e-09,122512.28,5.9866427e-09,5.6196337,1.8830357e-09,-4.4152912e-10,1.614193e-09,3.8419916e-09,-2.8285165e-09,-528.85785,-12.083427,29.071327,1.4134756e-08
21.648117,1.1766222e-09,205149.36,-4.6314725e-09,10.16991,2.0798054e-09,-4.518305e-10,3.3966216e-10,1.0481637e-09,4.4189724e-10,-529.78204,-5.535843,51.358875,2.513252e-09
461.84366,1.8256592e-09,9355.484,-1.441921e-08,19.078112,-9.3134025e-09,6.589924e-09,-1.336644e-08,-2.1512417e-08,-1.2845857e-09,494.6006,165.11374,-132.97713,1.6517795e-08
96.42743,-1.4943281e-07,455936.88,9.698616e-09,8.1447735,5.6472076e-09,-2.2151871e-09,3.153133e-08,1.9473891e-08,1.5515873e-10,-1005.28,161.58626,61.04068,2.201424e-09
102.80214,-4.4070013e-08,370266.75,-3.4647627e-08,10.2761135,-2.5695872e-08,-2.6950275e-10,7.703585e-09,6.3281522e-09,-8.717269e-10,379.49194,848.42395,34.27285,-1.4635124e-08
83.16135,-6.106012e-09,308644.72,-1.3496649e-09,7.86145,-2.55178e-09,-4.6556084e-10,-7.3603224e-10,5.6756413e-09,-2.5275126e-09,-383.41034,-3.319809,52.307213,1.6389071e-08
56.25483,4.952338e-08,348098.16,1.4449191e-08,10.102485,4.881985e-08,-2.0524947e-10,-2.9525909e-08,-8.903357e-09,-6.86532e-10,-9189.889,731.637,33.752296,1.7832527e-08
62.02253,-1.602483e-08,164669.5,1.399742e-08,13.315962,1.0966982e-08,2.0036959e-09,1.7792056e-08,7.425327e-10,1.5908149e-09,1552.904,140.9791,37.257515,-1.1429416e-08
61.832947,-1.0708649e-08,90545.484,1.6374445e-09,13.5169115,2.3090177e-10,-3.8825376e-10,7.3638634e-10,5.2761466e-09,-3.2503062e-09,-1340.597,-15.384659,44.365257,1.189659e-08
54.579704,-2.3101657e-08,276128.3,-9.847405e-09,13.375071,8.213074e-09,-2.3900597e-09,-3.537081e-11,2.4488667e-09,-2.8648142e-09,4950.497,46.203552,48.969486,-2.695418e-08
49.983025,-6.4087025e-09,201029.55,-1.6522929e-08,11.243243,9.155667e-09,1.5239081e-10,-1.9921453e-08,3.1075948e-09,1.4771719e-10,1651.2866,709.38837,39.975754,-8.23664e-09
188.9578,-8.458227e-08,327829.7,-3.68762e-08,7.2487197,-1.1861293e-08,-3.6601777e-09,2.7245317e-08,4.8701905e-09,-5.6036103e-11,-2625.0374,261.12115,43.38914,-3.718593e-08
67.58777,-5.1469446e-08,352498.2,6.8297106e-09,15.5518265,1.154072e-08,-7.961164e-10,2.014766e-08,9.447299e-09,1.8502905e-09,-341.60132,148.33298,48.246677,3.637393e-08
67.17949,-3.592799e-10,193790.17,-2.0887574e-09,7.354659,7.17087e-10,-9.655146e-11,-2.0023185e-09,2.1453679e-09,1.0903103e-09,63.455406,16.671661,75.201904,3.7661696e-09
94.93982,-7.651316e-08,304888.38,-1.3747031e-08,9.499404,-1.3551007e-09,-2.0032365e-09,1.1202595e-08,7.2276185e-09,2.094798e-09,-659.52905,354.60236,43.437065,-1.7188942e-08
90.14136,1.7973493e-08,633274.9,1.22391866e-08,2.407751,-1.35656135e-08,-1.7643963e-09,-4.9258936e-08,4.417769e-09,2.6839915e-09,-15622.084,155.96376,86.51587,2.391278e-08
90.06537,3.809614e-08,359971.8,1.1401142e-08,8.677635,4.4388027e-09,-3.1600644e-10,-2.3614483e-08,-9.086395e-09,-2.078963e-09,-7549.9795,525.4267,20.217575,1.9638144e-08
51.837082,-4.6612465e-09,44586.625,9.582511e-10,12.2655115,-6.230759e-10,3.2587347e-10,-1.0570275e-09,-1.4482822e-10,-3.0153913e-09,-55.1333,-1.7576447,50.35978,7.488033e-09
100.125885,-4.3496005e-08,71090.43,-2.1928345e-08,6.5172544,-4.703305e-09,8.652483e-10,7.1122424e-09,2.6379228e-09,-1.2741813e-09,-1106.1692,170.682,43.30955,-3.009323e-08
4.4990005,-2.7198568e-09,178279.44,-2.479634e-09,10.273568,-1.8217543e-09,-2.2287204e-10,2.7984053e-09,6.28084e-10,-1.0211915e-09,-215.27443,-5.406948,58.181126,4.4145962e-09
30.335997,8.425427e-09,160907.73,-4.3890105e-09,10.452397,1.3377018e-09,-7.256952e-10,-1.6204423e-09,-4.0562766e-09,9.108492e-09,24.018997,33.02271,32.922665,-5.8585097e-09
25.5751,7.309472e-08,-15061.5,-1.1438262e-08,10.768944,-2.0207324e-08,3.1219096e-09,-2.9997732e-08,-1.6045037e-08,-4.2370436e-09,9894.442,-453.5385,59.111027,2.952412e-09
32.547638,9.920145e-08,339492.22,7.498551e-09,9.87673,9.5906586e-08,1.4216374e-08,-3.9296445e-08,-2.1367716e-08,-4.656195e-09,-12795.326,-92.133865,37.05872,4.3216016e-08
29.432537,-5.6339754e-08,184852.38,8.74197e-09,12.458874,2.5381171e-08,-6.1178915e-09,8.7584295e-09,7.663982e-09,-1.2878867e-09,593.2124,129.49213,33.445747,-1.3829052e-09
109.18712,-5.0743672e-08,278235.88,-3.2502857e-08,8.799858,-3.008006e-08,1.7333264e-10,-2.5180197e-10,3.623532e-09,-1.0067184e-09,5859.782,158.00217,51.901527,-2.3486342e-08
86.02024,-3.2625493e-08,353747.12,-6.73537e-08,9.053834,9.699688e-09,-5.4638365e-09,-2.1235977e-08,1.2186411e-08,-7.582177e-09,5538.7603,826.1508,66.43085,-6.749632e-08
85.624176,-3.7133734e-09,174120.2,2.382728e-09,9.156597,1.2725061e-09,-5.770163e-10,-7.3733464e-10,2.656888e-09,4.5149268e-10,-509.54425,-18.962242,36.55392,1.117904e-08
86.21904,-1.8563904e-08,255203.56,-2.4775986e-08,10.173148,-2.5822168e-08,3.1110379e-09,9.314149e-09,3.5844078e-10,-2.0469497e-09,-1658.3494,457.69824,38.93433,-3.137938e-08
25.694561,-3.8759147e-09,385434.56,1.342685e-09,9.735567,2.5168556e-10,-4.3369128e-10,7.3993567e-10,8.175626e-10,-5.603714e-09,-347.71417,-13.074333,42.547844,1.135649e-08
86.14691,-3.2740113e-09,291503.4,1.5117567e-09,6.7583876,-2.5602158e-09,1.464928e-10,-6.593632e-10,6.33073e-10,-9.253458e-10,362.57797,26.23241,47.638393,1.050616e-08
95.9052,-7.390029e-08,221883.06,-2.147508e-08,8.379929,-1.898454e-09,-2.554951e-09,2.1963556e-08,6.3660206e-09,-4.708876e-10,-708.8479,26.918594,53.359253,-2.5840933e-08
29.629005,-5.3562483e-09,332491.72,3.1931269e-09,12.810874,2.3544897e-09,-2.6789115e-10,-1.3259192e-09,2.0553816e-09,-2.5670577e-09,-248.13359,-9.051125,24.039612,1.0823539e-08
147.68353,4.030961e-08,516535.25,-2.0118541e-08,8.631523,1.6349333e-09,-1.8282248e-09,-3.2108247e-08,6.017684e-09,4.9265836e-10,9005.992,972.0889,44.292454,3.594287e-09
-3275816700.0,7.680463e-08,826576860000.0,0.66893226,634250.06,1.437822e-07,6.6993358e-09,5.084859e-08,1.7756053e-08,1.7974288e-09,7664.7925,1018.7871,94.80344,3.262676e-09
66.9294,3.8977457e-09,180621.55,-5.2159614e-09,13.253809,1.2853507e-08,-2.9752742e-10,4.0952144e-09,6.4954975e-09,7.3638734e-10,6558.8013,-117.47783,44.640617,-3.0412494e-08
50.88165,-4.923251e-08,292591.3,9.218957e-10,13.123395,2.2228777e-09,-8.618657e-10,6.1236793e-09,3.8145935e-09,1.1728951e-09,792.8237,25.55017,41.32081,-1.7340902e-08
3.1323814,6.0722862e-09,299711.3,3.937991e-09,6.763041,-2.0559714e-09,-6.193324e-10,2.4267628e-09,-5.2589924e-09,3.2856005e-09,-513.0204,4.634697,34.66772,-4.6170814e-09
45.11375,1.0637721e-09,113879.28,-4.506617e-10,14.708696,-2.550318e-10,-2.4439703e-10,-6.9946726e-10,-1.6147077e-09,2.3661073e-09,-770.4177,7.463524,35.394497,-9.254078e-09
68.496346,-1.638452e-07,243570.23,3.1040198e-08,11.750628,2.0050626e-08,-1.3323498e-09,3.2081704e-08,2.1107311e-08,3.6670549e-09,4886.5625,116.866684,55.35981,7.2525694e-08
41.50241,-1.1768842e-08,201106.25,2.1715674e-09,5.99473,5.508122e-11,-3.9672737e-11,1.7544425e-09,5.32011e-09,-4.6889284e-09,-651.9629,-15.068504,48.661415,1.477912e-08
56.22809,1.0856989e-08,150343.31,-7.230433e-09,12.261181,-1.5450947e-09,-7.3450585e-10,-3.1177283e-09,-9.995725e-09,1.8935385e-08,1659.8048,1491.4562,27.982515,-1.1562292e-08
81.11102,-1.2331249e-07,345048.25,-1.9491402e-08,7.2227325,1.4163778e-09,-5.2643716e-09,3.8721414e-08,1.3920109e-08,-1.5088222e-09,-221.37183,294.8183,50.89588,-3.1398333e-08
70.22797,-2.0606246e-09,123432.11,2.2297695e-09,7.243013,1.8601831e-10,-1.121949e-09,8.9930385e-10,1.1228354e-11,2.6917035e-10,-63.464874,5.6373863,38.548405,6.1620913e-09
68.38571,-1.5127124e-07,214395.88,-1.2667208e-08,9.115273,1.3792912e-08,-1.7789139e-09,2.0194378e-08,1.6193074e-08,-1.3462278e-09,32.964844,291.04977,38.80199,-1.55662e-08
-11.784466,-2.3944133e-09,123192.49,5.2930216e-10,8.566109,5.596303e-10,-5.6829574e-10,-1.3611813e-09,1.959491e-09,-2.9309177e-09,-765.2097,-12.22039,48.05673,9.549078e-09
77.42445,-6.1060383e-09,120150.22,1.1831199e-09,9.273118,-6.732813e-10,-1.46673e-10,-2.1595162e-10,5.265448e-09,-1.5565864e-09,-541.59375,-14.279587,34.078102,1.3998636e-08
64.57016,1.7735132e-07,-55082.516,-2.0651752e-08,8.771709,2.1661833e-08,3.4726022e-09,-6.062317e-08,-1.0785082e-08,-1.5988508e-09,26328.805,696.4289,58.82115,1.918556e-08
-6.0625877,-5.3595633e-10,71436.97,6.2490235e-10,6.7667956,-6.3130007e-10,-2.8757588e-10,-2.0811703e-09,2.1476136e-09,-1.1887468e-09,-440.31946,-7.536022,46.21351,6.678573e-09
31.735634,-1.9086562e-08,302942.16,3.782866e-09,12.225531,4.9886006e-09,-5.6384347e-10,2.2477678e-08,-1.5233834e-09,2.2607995e-09,584.3833,-112.89574,41.817547,-6.517176e-10
40.092857,1.1482527e-08,55032.39,-4.616147e-09,10.76547,-2.76854e-09,-4.4895615e-10,9.486016e-09,-5.7582876e-09,-2.814377e-09,-1319.6086,-176.5514,46.076862,-2.0857577e-08
46.971752,1.0798112e-07,219347.31,-2.3999634e-08,6.2472095,8.541064e-08,1.1500282e-08,-2.8433972e-08,-1.2824956e-08,-9.38982e-10,13238.219,2393.1355,66.28524,2.4932154e-08
39.246178,-1.1911918e-08,143279.8,1.082607e-09,10.022762,7.67967e-09,-4.4224094e-10,1.8692125e-08,3.1045613e-09,-3.1677722e-10,309.41528,-127.13612,49.185402,-3.5264056e-11
17.16284,-5.839458e-10,330146.28,-1.5120498e-09,8.7488575,-5.895851e-10,-2.3784249e-11,1.5180949e-09,9.56887e-10,1.4512671e-09,-405.29706,-6.989834,50.88078,-6.248485e-10
-1.7925491,-4.3454955e-09,-57049.11,-9.5352e-10,5.7318106,-1.9726991e-09,-1.51943e-10,9.576667e-10,2.102674e-09,-1.848604e-09,-485.11536,-8.169403,37.041847,9.504562e-09
43.54815,-5.957873e-08,238907.0,8.936019e-09,15.317606,1.8565984e-08,-1.1456002e-09,1.6513502e-08,5.8372325e-09,-1.8129324e-09,-381.83472,55.204376,41.939117,1.5111432e-08
48.62004,5.5326787e-08,60178.188,-8.371222e-09,12.506906,-8.75982e-10,1.0629126e-09,-6.976284e-09,-9.22689e-09,1.734056e-10,5966.8423,-100.254715,35.565163,5.9218443e-09
77.39516,-1.9214868e-08,282123.62,-1.120543e-08,12.904307,-2.4347246e-08,-2.0944868e-09,2.7333877e-09,4.6784434e-09,2.396886e-09,-70.799805,272.25107,58.577385,-1.6517445e-08
18.865408,-2.6622324e-09,301398.88,-1.6847986e-09,10.919637,-6.9609535e-10,-1.2603747e-10,-2.187638e-10,1.392151e-09,-1.6183463e-09,-805.7642,-10.254272,50.032867,9.179945e-09
8.658182,-1.0552606e-08,177566.89,2.4370468e-09,8.109404,-1.43674e-09,-2.9473085e-10,2.1794786e-09,3.7089884e-09,-4.023366e-09,-692.3595,-13.981804,39.994263,1.4200972e-08
187.71872,-3.611557e-07,380007.84,-5.9400737e-08,8.279207,-1.5107222e-08,1.1656721e-09,1.6891986e-08,1.51496e-08,2.1205795e-09,-1075.0867,274.89526,46.381557,-2.4387829e-08
7.792778,-4.183098e-08,259617.84,-3.9651034e-09,14.669394,4.4280643e-08,5.563657e-09,3.0838638e-09,8.6421975e-10,2.5653012e-08,195946.78,297.92194,88.99966,-4.811708e-09
7.4802322,5.595515e-09,427185.66,-2.8870746e-09,8.143352,1.3761613e-09,-6.1684263e-10,2.3476576e-10,7.0068486e-11,3.2482999e-09,-54.15222,21.909515,39.075497,-3.4885098e-10
53.926113,-1.3774343e-08,137915.88,5.912354e-09,6.8299265,-7.9421214e-10,6.569329e-10,1.1970319e-09,7.964501e-09,-5.583417e-09,-855.109,-13.633591,31.335276,1.6704883e-08
26.419832,3.7125394e-09,314453.12,-4.605493e-09,6.8722696,-3.777782e-09,-1.1713781e-09,-2.721907e-09,-8.691558e-10,3.5712495e-09,-491.0202,9.938557,44.03671,2.5688056e-09
87.47977,-5.269495e-08,433099.88,-1.7964012e-08,6.888362,-2.5833713e-09,-5.299977e-09,-6.2181598e-09,6.472437e-09,-6.0911103e-09,-1074.1545,323.2938,62.002853,-9.458845e-09
-379376160.0,-9.23566e-08,370390.8,5.1919557e-08,6.213347,5.337649e-08,-8.912225e-09,1.0158825e-09,-4.1321677e-08,4.61763e-08,8465.485,128569070.0,266434.5,-8.889882e-07
-64.588,-8.262221e-09,420158.0,4.3483284e-09,5.852227,-1.1741297e-09,-1.5590773e-10,-5.1610954e-10,2.6215419e-09,-5.477199e-09,-606.72943,-14.22567,29.58731,1.811715e-08
34.41172,-7.259508e-09,247777.84,-2.83242e-09,12.332088,8.35278e-09,-1.1634904e-09,3.846763e-09,2.9971625e-10,-2.8484566e-09,218.65332,-303.8531,29.664349,1.1384701e-08
53.083763,-2.09726e-08,249444.6,-1.0752748e-08,10.356213,8.518947e-09,-1.3148761e-09,1.5644521e-09,1.435659e-09,-3.2266005e-09,1042.279,303.72723,40.241913,-1.29939846e-08
-7.657528,-5.7488645e-09,216311.73,7.781307e-09,10.921328,1.8385854e-09,-2.563896e-10,7.3797124e-10,2.1214477e-09,-3.1768606e-09,-753.846,-13.644844,24.904354,1.1376828e-08
40.43294,-5.6902074e-09,-53273.42,1.11567325e-10,14.389191,-4.6781684e-10,-1.1274582e-09,7.707238e-10,3.5813977e-10,-4.6122826e-09,-5.9332886,-16.740906,44.239986,8.8593675e-09
-40.657627,-3.101013e-09,137397.4,8.018627e-09,6.996757,-2.4883313e-09,-2.776924e-10,-1.4191315e-09,2.4177031e-09,-3.1452325e-09,-765.5362,-15.136337,26.808826,1.2132873e-08
-2213114600000000.0,-9.473774e-08,315141.88,5.4011313e-08,6.007728,5.537558e-08,-7.8210975e-09,-3.4501173e-09,-4.932357e-08,5.0809213e-08,7333.1045,883282800000000.0,26.937592,-12345.1455
36.740143,-2.6599196e-09,292700.16,-4.752642e-10,7.3390017,-6.6348504e-10,-2.3638796e-10,1.3527162e-09,3.1543825e-09,-2.7894576e-09,-699.40424,-2.731453,47.398228,1.10034994e-08
102.95305,7.13496e-08,358797.38,-2.8753384e-08,4.4521036,-1.3418704e-08,6.172979e-09,-2.6331277e-08,-4.653722e-09,4.2658566e-09,-870.15796,1055.3394,49.911716,-2.2558095e-09
75.28506,1.5617788e-08,351011.22,-5.677203e-09,13.263935,-3.4402705e-09,-2.5475348e-09,2.1837268e-09,-4.1832786e-09,1.3312401e-09,-1329.4607,673.09705,30.164272,-2.683209e-09
47.04196,-2.8645109e-09,134110.78,-1.1280684e-09,8.494274,1.1262256e-09,-4.3522994e-10,-5.120039e-10,3.6528887e-09,1.5093912e-09,-969.05304,0.91587067,44.4077,6.0201253e-09
70.19519,-6.5821276e-08,365926.4,-2.7036915e-09,10.333414,-1.3173404e-10,-9.375181e-10,2.1344373e-08,1.1134811e-08,1.3049863e-09,-414.13013,350.28366,41.93948,-3.1722918e-09
30.35326,-1.6740237e-09,96601.01,-6.8513986e-09,10.183967,1.5265911e-08,-2.9530443e-09,1.7461268e-08,-5.1444533e-09,-1.7184292e-09,52.791748,49.390396,54.82615,-2.224264e-08
-1.4922562,-3.3238297e-09,342838.5,-1.4885366e-09,6.163166,-3.2061593e-09,-3.3461142e-10,-5.930134e-11,1.2465232e-09,-6.262419e-10,-76.329926,-4.4655724,55.72178,1.0686866e-08
79.46854,-1.1461934e-09,133796.69,-2.1637845e-08,10.874966,1.4820892e-09,-5.7385776e-09,-1.3523389e-08,1.1914796e-08,6.9852777e-09,35743.45,117.02822,63.37475,-3.5946933e-08
19.45353,1.3257526e-09,93196.65,1.8312178e-09,8.82103,-1.604365e-09,5.7553507e-11,-2.9131237e-09,1.6462973e-09,-1.4904764e-09,-353.14734,3.75206,26.529858,6.3363954e-09
75.50778,-4.0434642e-09,-21271.672,-3.9878234e-10,11.855214,-1.367762e-09,3.6419193e-10,-1.5515899e-09,8.913087e-10,-7.4479695e-10,-816.4751,-0.56001663,39.9251,7.327429e-09
87.086044,-1.8049321e-09,164183.69,-3.5304246e-09,13.841686,5.6602018e-11,1.522649e-10,-2.258845e-09,2.466746e-09,2.2698805e-09,-904.11273,7.9030266,39.078674,4.7146007e-09
22.752079,-3.7450905e-09,333579.25,1.666456e-09,10.736651,-1.3597488e-09,-2.0163915e-10,4.724458e-10,2.2485873e-09,-1.3829136e-09,-714.7209,-13.726501,59.67233,1.3412076e-08
80.806274,-4.9703242e-08,407414.1,-3.2378466e-08,5.896507,-5.442352e-09,-2.4830582e-09,2.3698059e-08,9.391705e-09,3.9222816e-09,1560.5686,290.96207,54.932716,-1.7839465e-08
237.5053,6.299557e-08,155111.86,-3.6494225e-08,2.46171,-1.3952423e-09,3.7163739e-09,-1.1224262e-08,-9.0036645e-09,2.4742668e-09,3444.0818,365.61877,-7.620186,1.2523104e-08
26.149761,-1.4474335e-09,176386.92,3.6691712e-09,7.4517355,-7.587484e-11,1.8273065e-10,2.0732518e-09,-1.4081556e-09,8.110756e-10,-506.34253,0.67974854,27.558754,7.554302e-09
107.6765,-1.7836508e-07,107509.97,-4.1127908e-08,16.298796,-1.1536606e-08,-3.637528e-09,5.3065627e-08,1.7938454e-08,2.592417e-08,47668.848,427.16736,56.770145,-1.0529959e-07
46.027657,6.1659784e-09,201914.06,-3.757473e-09,10.026061,1.5414656e-10,-4.815642e-10,-3.517157e-10,-2.1744817e-09,6.7157773e-09,512.1094,33.04402,49.828995,-2.732053e-08
-2.8448486,1.5931179e-09,325666.62,1.3078336e-09,14.00284,1.3377085e-09,-4.675128e-10,-3.9600608e-11,-7.7501083e-10,4.284154e-10,-543.30273,-8.721527,47.522755,3.1486214e-09
78.3822,-7.416244e-09,162920.12,2.695209e-10,12.527693,-1.3113942e-09,-4.1037884e-10,-1.6607957e-09,4.3208908e-09,-1.7222205e-09,-626.21893,-18.729736,64.67261,1.369592e-08
-7.9983788,-1.9948494e-09,438502.5,1.3014116e-09,13.670189,-5.265562e-10,-6.93898e-11,5.6379273e-10,9.489631e-10,-3.823986e-09,-499.1504,-8.975079,34.34191,8.099146e-09
59.54981,-1.08048885e-08,194610.9,2.1839912e-09,12.547569,-7.404648e-10,-2.8306937e-10,2.8855445e-09,4.55664e-09,-5.503462e-09,-1058.0245,-18.407906,48.63795,1.410553e-08
53.341537,2.0886173e-09,80354.05,-2.2231241e-09,7.6882944,-2.337701e-09,1.14499264e-10,-1.3054912e-09,-6.46456e-10,1.9104491e-09,-856.1747,-14.715584,43.904976,-4.1331973e-09
54.623417,-3.7288217e-09,144321.56,1.9479136e-09,9.010941,-2.9661547e-09,-1.4956353e-10,2.610693e-09,1.2703475e-09,-1.9750335e-09,-419.93994,-15.960175,22.875153,6.039101e-09
47.511887,2.9414336e-08,185845.2,8.054994e-09,11.199647,1.04139275e-08,6.37157e-10,-4.18597e-09,4.0993813e-09,-4.273279e-10,-1656.7805,-57.098816,34.083057,5.6133267e-09
58.480927,-6.658749e-08,226057.36,4.884806e-09,8.471345,7.845629e-09,-5.8147336e-09,1.7613475e-08,3.6338224e-09,2.5871845e-09,273.46484,-15.614716,44.9113,-1.5625108e-08
37.68221,1.805581e-08,299766.0,3.8760835e-09,8.921755,3.8784854e-08,-1.7127354e-09,-2.245984e-08,-5.905371e-09,5.962587e-10,21464.58,162.26361,43.948124,1.9888672e-08
26.712017,-1.2506851e-09,295758.25,-1.7313474e-09,8.466961,-3.026162e-09,-4.799056e-10,3.039129e-09,3.750319e-09,9.1001484e-11,-729.94104,-12.623062,45.553032,5.147281e-09
64.88681,-4.066809e-09,335855.56,-2.5586315e-08,10.581804,-1.5286016e-08,-6.2889915e-10,-1.3183121e-08,4.3932284e-09,2.3384773e-11,3096.9395,561.5604,45.66626,-4.4648992e-08
88.27591,2.011425e-09,202871.62,-6.3611747e-09,10.656277,8.6637586e-11,1.4776287e-10,-1.9775113e-09,-6.3462034e-11,8.159601e-09,-45.16765,36.608864,56.811348,-9.314683e-09
27.967398,-2.6253355e-09,221077.61,9.2442287e-10,16.188221,1.0408768e-09,-6.2456446e-10,-1.8986838e-10,2.3494768e-09,-2.2231215e-09,-1240.3936,-7.8615265,26.548409,7.4064044e-09
1.7473145,-6.3820713e-09,262543.06,7.820156e-09,5.5473332,-1.4227821e-09,1.727599e-10,5.7789074e-10,3.690416e-09,-2.727008e-09,-534.1207,-9.996437,25.704952,1.1839696e-08
-0.6820526,-1.1846972e-08,386001.0,1.0171345e-08,8.846549,-1.1962394e-09,1.8397266e-10,3.2361998e-09,3.296517e-09,-5.867376e-09,-760.37854,-15.258514,23.912157,1.5652185e-08
123.65051,4.5784554e-09,193648.86,-1.2395796e-09,11.701984,-2.8650085e-10,-1.0055743e-09,-4.906193e-09,-4.3522257e-09,7.5781585e-09,-2299.521,48.81389,14.795506,-2.9398564e-09
37.60894,-5.252434e-08,346426.75,-8.628558e-10,12.989133,2.2519886e-08,-2.120314e-09,2.9825852e-08,7.409354e-09,-6.420554e-09,30.281982,-155.28157,39.335014,1.10581935e-08
35.21295,-6.236276e-09,165250.2,1.1579058e-09,5.398068,2.0236837e-09,-3.1396774e-10,1.4266839e-09,4.416695e-09,-4.391275e-09,-406.14258,-8.113533,46.45262,1.5309766e-08
17.393055,-6.531028e-09,200817.5,2.8254779e-09,11.535212,7.612848e-11,-5.138046e-10,3.215567e-10,2.7310227e-09,-2.5919185e-09,-1076.2762,-12.368423,36.4087,1.1850114e-08
-40.36574,-8.668505e-09,407453.44,8.4742435e-09,6.6396446,-1.0011568e-09,-2.9641284e-10,1.6239872e-09,2.5614502e-09,-4.96995e-09,-701.05835,-15.121155,27.266815,1.628071e-08
52.47797,9.032075e-10,205829.47,8.9761226e-10,9.750637,2.1943463e-09,-5.997439e-10,-3.7562958e-10,2.2884763e-09,2.8446825e-10,-578.415,-11.417679,53.929573,-1.9112019e-09
41.92809,-5.3362564e-10,102785.83,-3.1376826e-09,12.962495,-1.2866604e-09,-4.799011e-10,-1.5522184e-09,-2.5776785e-09,-1.5817421e-09,1844.4991,27.786266,46.202133,3.783719e-09
13.119535,-9.918468e-09,459417.2,2.541534e-09,6.975452,1.3226374e-09,-2.8758862e-10,2.3844977e-09,5.159453e-09,-5.4106932e-09,-448.65942,-9.145298,40.863136,1.8583572e-08
39.49048,2.4845367e-08,151485.66,-3.5917116e-09,8.899846,1.2155948e-09,-5.269457e-10,-2.1408146e-08,-7.755358e-09,-1.2506274e-09,-1095.0188,92.12708,44.663193,-9.877732e-09
22.918762,-3.1559209e-09,105178.8,-1.3617246e-09,10.428363,5.923643e-11,-2.9578656e-10,-1.2200694e-09,3.4230623e-09,-4.267272e-10,-179.6165,-9.413494,34.598717,8.548943e-09
67.03613,-3.3235104e-09,347264.8,-9.629515e-10,9.64134,-3.6195774e-10,3.686244e-10,3.7334888e-10,-2.1804014e-09,1.9719795e-09,-338.04688,-16.50447,27.608788,1.6410771e-08
39.804455,-6.2882966e-09,325986.7,1.1137868e-09,8.24445,2.578343e-10,8.688324e-11,1.1808552e-09,3.7468193e-09,-3.9577968e-09,-635.6054,-11.144058,25.285126,1.2336401e-08
14.225536,2.2655133e-09,380779.84,-1.4112592e-09,8.753401,4.548801e-11,-4.5942541e-10,9.2678865e-10,-9.289986e-10,1.3464515e-09,466.95502,29.223036,16.500372,-2.2516993e-09
98.72989,-5.2013203e-08,123152.06,-1.201125e-08,12.072883,-3.4434418e-09,1.489433e-10,2.7400173e-08,5.644634e-09,-3.083282e-09,-286.16528,-13.450165,23.878067,-3.8133827e-08
-6.8183174,-8.299577e-09,251246.33,8.667725e-09,6.8322,-4.1587622e-10,-4.808493e-10,5.0010723e-10,3.4229508e-09,-3.0331235e-09,-641.8555,-16.119003,27.048918,1.2957301e-08
173.7868,-4.2476476e-08,408507.7,-4.933647e-08,8.621864,-3.1565605e-08,-4.6403856e-10,-2.7571533e-08,6.5183787e-09,8.3656415e-10,2164.113,543.22797,48.97712,4.3237796e-09
33.05907,-1.4176921e-08,416591.7,1.2385466e-08,10.097393,3.314414e-08,-5.3078364e-09,-1.490418e-08,2.6563065e-09,2.44331e-09,-538.58325,420.3804,32.951485,3.1046678e-08
27.962511,1.825059e-08,203329.47,5.819881e-09,10.699355,3.3544737e-08,2.24461e-09,-8.873729e-09,-8.0335925e-09,-5.847877e-10,-3699.7205,-225.83333,32.230145,3.4470133e-08
13.1088085,6.0206157e-10,289131.25,4.318914e-09,7.364317,1.1161149e-09,-5.4622906e-10,2.8099145e-09,7.6846784e-10,-2.6413367e-09,-259.80383,-5.055607,25.500996,2.32261e-09
57.668533,-4.625456e-10,129506.77,-1.4265412e-09,10.013959,1.1627435e-09,-5.9322836e-10,2.1876965e-09,-1.6544665e-09,1.760556e-10,-59.54892,-28.991417,37.167656,5.4977884e-09
111.06523,-9.794012e-08,399845.94,-2.8801441e-08,10.560691,-1.0061477e-08,-4.4459783e-09,1.3909172e-08,1.0690046e-08,-4.9127297e-10,-657.5144,251.11407,57.88565,-1.363919e-08
0.5947685,-5.5937703e-09,85709.15,7.210447e-09,5.7494726,-2.4517495e-09,-3.8976886e-10,-9.760197e-10,2.1137274e-09,-2.641655e-09,-680.05817,-11.373001,33.431602,1.0989904e-08
70.56011,-6.057581e-09,338225.7,7.750767e-09,7.4906693,-7.537644e-10,-7.259876e-10,8.8084195e-10,4.76027e-09,-5.527938e-09,-915.24774,-6.6432877,35.61143,1.5858664e-08
16.225813,1.904643e-08,184590.66,-1.5979492e-08,14.313212,-9.590165e-09,3.6639038e-09,-2.0172075e-09,-1.43430965e-08,-2.4868665e-09,-3168.4226,-835.0706,57.312534,-5.2658544e-09
36.49546,-3.720987e-09,207151.81,5.132898e-09,10.920765,-1.3655341e-10,-2.0606071e-10,1.1001999e-09,2.0736532e-09,-1.2907735e-09,-858.174,-4.305912,29.906925,1.0812839e-08
38.681747,3.866672e-09,247311.61,6.9028205e-09,11.935158,-3.553365e-09,-3.232924e-09,6.1391745e-09,-3.3873513e-09,-4.1206927e-09,1423.7075,-58.29013,46.284252,-3.2183036e-09
106.96074,-5.866943e-09,200183.28,-5.378405e-10,8.182962,-4.657219e-10,-2.2726454e-10,-2.0965367e-09,4.5874486e-09,3.722043e-09,541.4014,-6.7295036,39.50155,2.5390957e-08
94.85431,2.3690184e-08,392711.16,-3.6766284e-08,11.786927,8.689735e-09,1.7852098e-09,-3.4768597e-08,7.996866e-09,2.3324676e-09,7261.876,435.5685,68.921936,-5.9623044e-09
82.3692,-5.800232e-09,428282.88,-3.8079573e-08,9.167587,-4.2443148e-08,5.7135945e-09,-1.7850532e-08,6.204073e-09,8.539955e-10,-3163.8674,225.3056,117.57156,-7.131307e-09
45.366707,2.3541455e-08,-26154.812,-1.2635027e-08,2.751964,-5.575475e-10,-4.1607e-10,1.4968478e-09,-8.259193e-09,1.4874082e-08,-24.419434,162.77098,56.62327,-2.6817865e-08
30.39053,-2.082576e-09,184457.2,-5.4763634e-09,8.18362,-1.6611906e-09,-3.1314543e-10,-6.4324973e-10,-8.660794e-11,2.4986093e-09,-295.16864,2.8756676,42.52199,6.917396e-09
101.507,-1.6162575e-08,349378.3,-1.085605e-08,10.614744,-9.298527e-09,1.2969625e-09,-3.59345e-09,-4.7229154e-09,-2.998231e-09,-2691.7864,340.13342,26.154331,-1.1182937e-08
27.461754,1.4572638e-09,97897.99,-1.38093075e-08,13.586346,1.32598e-08,-4.380009e-10,-2.533285e-09,2.0776836e-09,1.405611e-09,-505.26,789.4331,47.131783,-1.8515266e-08
40.606113,7.370949e-09,354245.88,-2.0081872e-08,11.51254,-2.2787356e-09,-1.406262e-09,-4.5498405e-09,-8.737619e-09,-4.716921e-09,3455.9917,-189.12733,55.65198,-4.8639574e-08
50.225456,3.0786642e-09,191789.92,-4.9544244e-09,7.8232837,-9.019108e-10,-5.226072e-10,5.5892474e-10,-2.1471822e-09,9.226568e-09,-86.56372,-10.092445,46.689644,-1.7855287e-08
25.534565,2.5229496e-09,201101.06,1.0187645e-09,6.2461967,-5.750313e-10,-2.0681859e-10,-3.64754e-10,1.529798e-09,2.8928648e-09,-441.40643,3.7922096,13.566135,-2.7890936e-09
77.09198,-4.1173704e-09,209731.61,-3.831737e-09,12.446288,2.1059936e-09,6.115912e-11,-2.4840896e-09,3.1017442e-09,7.2144174e-10,-169.81084,-14.420837,65.517296,1.2492564e-08
56.06005,-6.9798205e-08,247954.34,-2.047298e-08,15.040464,6.734636e-09,-2.9887466e-09,1.876635e-08,7.4048323e-09,-1.4870213e-09,-543.40063,233.21915,43.739605,-4.161872e-08
22.98532,-1.0636064e-08,227762.19,8.472279e-09,5.017974,-5.6554483e-10,-3.466656e-10,1.7968819e-09,4.9708584e-09,-3.3853724e-09,-659.75946,-13.746651,28.327976,1.4073442e-08
21.560059,-2.2213058e-09,247823.64,1.0892341e-09,10.161962,2.0084152e-09,1.3759893e-10,1.5385105e-09,5.677064e-10,-2.6966978e-09,-176.45418,-3.2582397,46.89932,5.5696865e-09
47.214325,-5.341505e-09,273753.88,8.2117246e-10,10.748212,8.000726e-10,-1.929693e-10,-8.696318e-10,4.4588427e-10,-3.1675864e-09,-1028.506,-7.627842,35.938766,1.1121509e-08
70.32866,-3.8859556e-09,155207.34,-3.8216466e-09,11.2001705,-4.047416e-10,-8.0826174e-10,-6.5849426e-10,3.6672916e-09,-2.5087763e-09,-1494.0753,7.0786896,40.705265,8.033231e-09
13.83349,2.0525295e-09,247282.6,-1.9716766e-09,3.408218,2.734295e-10,-3.9030873e-10,-6.437472e-10,-7.6293624e-11,-8.7315366e-10,-59.18515,2.4347343,50.08999,-5.281233e-09
16.599983,-5.908539e-09,277948.2,4.9478492e-09,9.22654,5.5873245e-10,-4.0364528e-10,-3.559863e-10,2.589153e-09,-2.4059552e-09,-556.95905,-8.498089,31.565964,1.1182856e-08
966218560.0,-9.87977,-102508110000.0,0.018442651,17163.426,7.585591e-08,2.3824311e-09,4.4660087e-08,1.7668794e-08,1.7233148e-09,11486.891,1155.5382,111.58363,-5.023329e-09
57.134148,-6.6234525e-09,212027.33,4.6106887e-09,9.832264,-7.9642265e-10,3.0953634e-10,1.483768e-09,4.4230437e-09,-4.3073207e-09,-670.6354,-12.928101,36.011356,1.2735817e-08
48.04003,-5.7259464e-09,315863.62,6.1500356e-09,11.36404,9.310257e-10,-5.8279986e-10,8.792787e-10,2.6305165e-09,-5.224822e-09,-1018.7891,-8.781197,26.219229,1.2133757e-08
31.667446,2.6814093e-10,76267.24,3.0670457e-09,7.8976746,1.7179236e-08,1.2796331e-09,-6.319612e-09,-3.2837053e-09,1.6665596e-09,1970.3801,-4.7049713,43.722473,-1.33196245e-08
63.338097,-1.0992392e-07,383582.88,-2.6171223e-08,11.212357,2.6509943e-09,-2.9104987e-09,3.1077274e-08,1.0049979e-08,1.6805325e-09,-284.91284,468.53937,41.399967,-3.8573447e-08
21.13689,5.5668736e-09,121392.695,-4.6310493e-09,10.319738,3.8224004e-11,2.777638e-10,-8.609036e-10,-1.2029997e-09,3.0764742e-09,995.07263,128.91335,75.51068,-1.3774555e-08
8.373869,1.1820982e-09,175495.1,-3.5735674e-09,9.697869,-1.3598958e-09,-3.0676342e-10,-2.5414688e-09,3.1356664e-09,-5.3175764e-10,-785.4781,4.101097,31.904907,4.299387e-09
-4.041794,-8.8159435e-09,388208.62,-3.4894914e-09,11.671328,8.4897624e-11,-8.924352e-10,9.518272e-10,3.8762016e-09,-6.9814328e-09,-479.22186,-7.70932,50.923492,1.7287782e-08
87.809296,1.9002453e-09,174762.72,-1.3426001e-09,9.461762,-1.6831427e-09,5.2247845e-10,-6.179252e-10,-4.8764046e-09,5.6039724e-09,884.76526,169.4465,73.16029,-1.9836593e-08
47.929394,-4.799529e-09,403516.38,4.158366e-09,9.972855,7.166484e-10,-6.882337e-10,1.3459482e-09,2.5576103e-09,-5.1902638e-09,-1129.2994,-10.544243,31.873829,1.7596845e-08
9.926374,-3.1475456e-09,37664.047,-8.3963236e-10,18.04852,2.0125646e-09,-2.4103125e-10,1.5392865e-09,2.1149515e-09,-2.3741002e-09,-729.12646,-13.450417,44.142822,1.0782662e-08
43.09813,4.1933297e-09,274172.7,-6.316675e-09,8.330627,8.27512e-10,-7.92593e-11,6.724902e-09,-4.8767297e-09,-4.4596254e-10,-705.8731,24.863838,21.715942,-1.2034723e-08
94.02647,-4.469884e-09,284939.16,1.16224655e-10,6.8025846,-1.0228199e-09,-6.374339e-10,1.166104e-10,2.783632e-09,-1.9860398e-09,375.9891,22.645838,70.63349,1.3415272e-08
44.815323,6.271811e-09,312221.44,-5.2768945e-09,9.384988,3.5969414e-10,-7.580713e-10,3.837242e-11,-5.7830603e-09,5.913466e-09,736.1728,91.66222,60.95546,-3.4472983e-08
27.946514,-4.830889e-08,193277.22,-9.552096e-09,13.564529,1.6120836e-08,-2.7276619e-09,1.04746425e-08,6.516452e-09,-8.7783936e-10,-46.523438,-66.341385,39.847744,-1.3855204e-08
54.75078,3.061972e-08,-25695.797,9.886953e-09,12.389621,4.6589683e-09,2.9751088e-09,9.539799e-09,-1.9993163e-09,-8.805333e-10,143.51782,-130.21849,32.996464,3.7527865e-08
38.459396,2.2990676e-08,426256.62,-2.7132211e-08,9.676771,-1.537449e-08,4.5702815e-09,-3.0685882e-08,-7.387931e-09,-5.172322e-09,-1128.6575,86.7932,53.193203,-3.7561104e-08
63.82838,3.0784495e-09,188157.58,8.465335e-10,14.080147,4.018472e-09,-1.0176031e-09,-3.1880303e-09,-2.8445066e-09,8.421441e-11,-1701.1045,13.895176,41.17752,-2.7584928e-09
38.924145,-1.1832881e-08,78399.914,6.7720047e-09,8.034508,1.893479e-10,-4.3671686e-10,1.4011974e-09,6.462735e-09,-3.4586096e-09,-924.65533,-16.346024,35.889812,1.2903635e-08
25.020628,-1.1933625e-09,-79428.3,-1.2369496e-10,11.06619,7.3429113e-10,-9.126577e-10,1.3916597e-09,-1.7387062e-09,1.428423e-10,-397.21057,-1.9150543,36.842434,3.670692e-09
88.287674,-2.7363058e-09,120636.34,3.3762634e-10,12.970811,1.4191162e-09,-1.19644e-09,-2.4239601e-09,-8.1872753e-10,9.880363e-10,-160.39882,-27.059296,33.528576,-1.0585498e-09
97.37058,-6.8695725e-09,295299.6,9.272772e-09,10.103486,-1.5325362e-09,5.212803e-10,1.0170919e-08,-4.8588062e-09,-1.287355e-09,-2428.6755,368.14328,21.29481,1.6500106e-08
38.77797,7.3587806e-08,56278.17,3.4036347e-09,17.447117,-4.7879322e-08,4.0236716e-09,8.383574e-09,-5.826793e-09,-2.1007265e-09,38089.316,-310.46118,44.881943,4.9224003e-09
86.98198,-2.3432158e-08,294669.2,-1.0578488e-08,5.4745455,1.1373695e-08,-1.6855327e-09,1.7530924e-08,2.1451718e-09,1.312136e-09,215.21143,554.2585,18.027775,1.0633833e-08
5417.4424,-3.1586218e-08,-1309472.4,-8.75204e-09,14.8324175,-1.491379e-08,9.101751e-09,-5.825417e-08,-6.788121e-08,-9.786223e-09,2165.2007,-151.7051,-1406.2742,4.759007e-08
5.2569923,3.5817036e-09,320859.8,-1.2052525e-09,14.069656,-3.6037948e-10,-2.7511518e-10,-1.6643903e-10,-7.624219e-10,5.877582e-11,-586.0993,6.9558754,37.89044,5.4545772e-09
12.703011,-5.324799e-08,168055.22,1.1558151e-09,13.317842,2.2520325e-08,-2.2270155e-09,6.0935847e-09,6.451199e-09,-4.4747872e-10,592.95435,-73.44667,55.60872,1.07385635e-10
66.141014,-2.0657588e-08,159850.19,1.1843066e-08,15.907772,1.4111911e-08,-8.9572294e-10,1.2979427e-08,4.2676813e-09,7.240044e-10,-541.0051,50.65506,36.88768,1.7114019e-08
83.76053,8.93011e-09,70737.625,-2.8287679e-09,16.120474,-1.9233449e-08,2.9498604e-09,-1.7656978e-09,4.496851e-09,-6.003608e-10,4661.135,80.01799,28.239569,-4.6249723e-10
140.95647,8.999438e-10,213175.47,-1.5919758e-08,7.2118597,4.5312407e-09,8.963857e-10,-1.4114361e-08,3.8233168e-09,2.0325054e-10,4301.5605,421.0229,23.540438,-1.828207e-08
71.02716,1.8836431e-08,480797.25,-7.856757e-10,5.496796,2.0439058e-08,-4.0469748e-09,-1.0419145e-08,-3.4209786e-09,-8.5927626e-10,-3603.1711,29.08339,51.34482,-1.30393865e-08
121.23862,-8.081909e-08,427529.4,-4.3134037e-08,7.069745,-9.374836e-10,-1.1400278e-09,-2.4514941e-08,5.2099027e-09,-1.2409828e-09,-78.36255,504.07532,49.006695,-1.489963e-08
56.014618,5.323064e-08,107386.83,-8.751571e-09,12.40535,-5.808006e-08,3.1212284e-09,-2.3043377e-08,-1.2081163e-08,-2.8607727e-09,-3185.8293,222.43448,30.206549,-4.729956e-09
38.941032,1.9660703e-08,213381.34,-9.5214325e-09,13.712262,-7.196467e-09,4.497962e-09,-3.4896208e-10,-4.866443e-09,-3.416839e-09,-986.4309,-0.75401306,33.241314,-3.965232e-09
49.203907,-2.480878e-09,165194.45,-1.6814602e-09,8.237903,4.5337742e-10,-4.3055742e-10,2.3905113e-09,-2.3467226e-09,-2.1683944e-09,561.4136,6.306862,50.48592,2.4478428e-11
35.57535,-3.9509667e-09,48609.92,-3.5636165e-09,9.9148655,5.279592e-11,-4.514769e-10,4.6489562e-10,2.3944737e-09,-9.310827e-10,-886.70844,-10.933548,49.59583,4.077841e-09
82.88677,-6.0068523e-09,335954.97,-2.431183e-09,9.457527,-1.0388962e-09,8.802853e-11,-5.428044e-10,2.8732905e-09,-3.2927128e-09,509.72754,-1.1308441,82.33505,1.2266106e-08
35.909584,-8.144517e-09,259813.12,1.4594724e-09,13.032236,-1.1274361e-09,-2.6373329e-10,4.214479e-10,3.4454335e-09,-6.3169816e-09,-667.51733,-13.469788,42.725548,2.053161e-08
55.330746,-1.1516307e-08,233866.75,2.7105331e-09,11.231356,1.1595896e-09,-2.4798102e-10,1.5827623e-09,6.1695538e-09,-5.8194543e-09,-1086.2091,-15.789574,39.616528,1.691123e-08
47.739586,-2.6262048e-09,41407.39,-4.286046e-09,8.097093,-7.043765e-10,-2.889009e-10,-7.459046e-10,2.253396e-09,3.2741648e-10,504.20447,-8.687828,49.58334,-2.1935629e-09
72.90341,-3.3850583e-08,194955.56,-2.3423869e-08,8.706987,-4.350829e-09,2.537258e-09,1.7507288e-08,5.024584e-09,-4.832204e-09,-536.1843,280.7552,47.286648,-2.4103269e-08
38.555473,-5.4272398e-08,104104.39,3.0739773e-09,9.973499,1.2589368e-08,-1.1437881e-09,1.504213e-08,4.82009e-09,1.7699844e-10,33.00879,36.032562,40.61349,-2.3541795e-09
31.849422,-9.3569845e-09,208360.48,4.070615e-09,4.590111,3.612132e-10,-1.4930922e-10,2.1565487e-09,5.5119256e-09,-3.9184176e-09,-691.21155,-9.5268135,36.854263,1.5054813e-08
63.875862,-3.502423e-08,224545.14,-1.9327166e-08,14.18,-3.3675525e-09,-7.5838635e-10,9.9277155e-09,7.4260327e-09,-4.1820655e-10,-398.07983,442.3504,51.984413,-2.4722796e-08
67.31822,-9.570685e-09,255359.58,3.0559002e-09,9.242324,-1.2479078e-09,-1.7600066e-10,3.368585e-10,7.614216e-09,-6.676868e-09,-811.6913,-9.292,40.954212,2.2092134e-08
-26.050331,-5.453072e-09,338885.75,5.2721787e-09,7.596132,-1.2115805e-09,-2.8151084e-10,-5.444947e-10,1.3665793e-09,-4.1841304e-09,-631.6629,-11.60865,30.689041,1.3042683e-08
70.27133,-4.1661767e-08,182136.92,-3.7958955e-08,10.076635,-6.394911e-10,-1.31492e-09,1.3223965e-08,5.0322106e-09,-3.501702e-09,694.7307,377.17654,49.252327,-4.2188642e-08
27.579206,-5.7528954e-08,150097.89,-5.6490097e-09,11.9552355,1.5205725e-08,-4.481152e-09,2.5051836e-08,5.313197e-09,-8.649806e-10,327.59937,-133.27782,46.547474,-2.5303521e-08
53.160107,1.2173917e-08,214178.83,5.5753535e-10,10.45599,2.6334426e-08,1.7024936e-09,7.360837e-09,-7.1028925e-09,-2.4064015e-09,1020.79736,-179.662,31.356892,-7.0610975e-09
43.45224,-6.5393074e-08,313280.5,1.4269869e-08,8.377434,2.0520865e-08,-3.9679757e-09,2.7995691e-08,1.1490737e-08,-1.1287402e-09,-9.519287,-17.731995,47.242237,4.0467857e-08
17.950218,-4.558559e-09,228679.25,5.414887e-10,8.744972,3.3979572e-09,-5.516548e-10,9.701595e-12,2.6841196e-09,-1.5504197e-09,-509.27826,-6.443573,38.60595,9.608102e-09
-33.959667,1.3706822e-09,312018.34,4.1071515e-09,8.44021,-1.244387e-10,-2.8027952e-10,-1.0819255e-09,1.6258808e-09,-2.759327e-09,-619.2598,-8.120415,24.664354,9.006351e-09
29.807945,2.1110402e-08,395222.2,-1.203921e-08,10.14058,-2.0318497e-08,-3.1678058e-09,1.5884742e-08,-1.1944294e-08,-5.516715e-09,142.09546,-391.70905,21.568867,1.490411e-09
47.010223,-2.0672293e-09,210467.3,-5.195777e-10,13.328526,-1.390534e-09,-8.171368e-10,-6.239666e-10,3.4454277e-09,-1.3863822e-09,-650.09705,-8.014694,56.238693,6.045135e-09
36.775463,-9.092261e-10,138141.38,-1.1741308e-09,9.234762,-1.9746487e-09,-3.8686897e-11,-1.0851632e-09,1.3607998e-09,-6.6450085e-09,786.4496,3.7775803,36.48932,7.376725e-10
45.636333,1.14566445e-08,53456.203,-8.811215e-09,10.844646,9.273762e-11,-6.5048733e-10,-2.3438596e-09,-5.150974e-09,8.256854e-09,-324.6541,188.07901,76.22519,-3.125059e-08
51.109993,-8.673893e-09,222670.6,-9.1725044e-10,9.980791,-6.6436334e-10,-9.347342e-10,-2.6311917e-10,7.988136e-09,-5.13145e-09,-661.2137,-6.626564,42.10292,2.2095993e-08
1.2156227e+16,-126647976.0,-1.3854385e+18,-2.2723634e-05,3533.7405,543430.94,-2.5598478e-08,2.0657532e-07,6.960527e-08,1.6691118e-08,18738.232,531.1781,62.012516,-1.6950942e-08
34.1843,-1.8081827e-09,172017.3,-1.0198831e-09,7.88954,8.0820156e-10,-1.11966984e-10,8.539655e-10,-4.9998256e-10,2.2458702e-10,74.60531,-9.353428,32.200638,4.3801696e-09
69.70654,-2.1960577e-08,195427.67,9.5007175e-09,10.92992,9.524397e-09,-1.061049e-09,1.3528663e-08,2.0410182e-09,-2.670581e-09,-1291.2766,68.80466,43.55856,-8.104728e-09
1.6150932,-7.61446e-09,294099.66,2.5328895e-09,13.347948,1.441659e-09,-6.986038e-10,1.442305e-09,1.4594849e-09,-4.0451056e-09,-722.50037,-13.204529,39.74745,1.1962792e-08
28.89395,-3.411351e-09,235950.23,-7.7690737e-10,9.534655,-2.4383995e-10,-1.0928637e-10,9.519915e-10,2.106653e-09,-3.52019e-09,-536.6922,-8.232288,46.38098,8.375362e-09
50.166283,-3.306482e-09,230611.77,-1.0179421e-09,8.933566,-1.1690547e-09,-7.357323e-11,2.1743862e-10,3.0477357e-10,1.0692492e-09,-24.756973,-2.246849,47.826744,5.8798535e-09
51.133663,-9.026538e-10,298099.12,9.960799e-10,10.354965,-5.1616766e-10,-1.376666e-10,1.6846464e-09,-6.617763e-09,1.5018596e-09,3600.2593,-30.85402,30.022339,1.3016414e-09
8.378332,-6.9518276e-09,47113.812,2.6481806e-09,8.8812475,1.8495735e-09,-7.347737e-10,3.2835448e-10,3.8668277e-09,-3.4245626e-09,-608.0009,-14.209,43.08229,1.1016799e-08
23.803005,8.026987e-10,115614.61,5.481618e-10,6.0784407,-3.4301373e-10,6.3861055e-10,-1.604476e-09,-9.069714e-10,6.4440037e-10,-128.22044,11.763172,32.12301,3.04152e-11
19.412647,7.75357e-09,169276.25,-6.240655e-09,11.754122,2.7244665e-10,-9.582753e-10,-9.69986e-11,2.3884699e-09,3.2833086e-10,-721.28,40.7437,43.1974,-8.940143e-09
79.862816,3.7396116e-08,-55276.594,-4.99242e-09,12.097556,-1.6565852e-09,4.348881e-09,-1.15895915e-08,-9.320814e-10,-1.867156e-09,-3280.9475,17.184128,32.74961,-1.1413449e-08
33.198982,-8.974674e-10,353415.88,-2.2234379e-09,10.888372,-9.692808e-10,-1.3466667e-10,1.3686751e-09,-4.7574185e-09,1.043207e-09,-381.55084,4.931732,56.607872,1.13752e-08
27.008797,-4.0209475e-10,35972.58,1.2126354e-09,9.37199,-6.969236e-10,-5.112153e-10,-2.886338e-10,-9.483149e-10,-1.3987587e-10,-610.2737,-8.3896675,31.381023,4.649948e-09
65.867485,-8.611329e-09,378760.1,3.1337906e-09,14.654389,-4.890016e-10,-1.7461054e-09,1.24479245e-08,5.94828e-09,1.8038587e-09,-2344.118,477.77997,35.21285,6.019886e-09
45.618687,-1.36760905e-08,90857.57,3.2953587e-09,10.360085,-3.8262002e-09,-1.2904033e-09,2.0277119e-08,4.7219944e-09,-6.169526e-10,652.09985,10.877655,43.862537,-1.6598817e-10
93.716125,-2.6298014e-08,369819.7,-3.011707e-08,9.474357,-4.0874696e-08,1.0997963e-09,1.0502267e-09,4.053125e-09,2.7083726e-09,-2837.089,744.51575,44.64309,-2.6817485e-08
43.116104,-7.527807e-09,116120.7,1.5915483e-09,11.880336,1.03942295e-08,-1.6731527e-10,-1.0501787e-09,-3.1196876e-09,-2.3830193e-09,-1748.1086,-121.564224,47.288975,5.8909637e-09
-3.7419357,-8.161704e-09,375481.2,1.9716935e-09,12.039433,-1.994287e-09,-3.7708392e-10,2.6377882e-09,2.4043132e-09,-4.178172e-09,-590.5222,-13.235794,37.062332,1.627612e-08
5.577734,5.1992215e-09,208164.94,-1.9882265e-09,15.113707,1.3391454e-09,-2.8299948e-13,1.0716684e-09,-3.5856713e-09,3.213498e-09,343.7708,33.120975,51.06484,-7.291372e-09
65.9729,3.2129504e-09,171941.78,-6.4289596e-09,11.344295,3.089018e-10,-7.031786e-10,1.9281299e-09,-3.2265843e-09,1.419952e-09,-634.9688,68.746956,28.402668,-1.4573864e-08
10.13377,-4.0540185e-09,-50401.344,-1.506152e-09,10.559854,-9.058313e-10,-3.5053568e-10,8.527812e-10,1.6917112e-09,1.0486501e-11,-487.13635,-9.954147,48.68742,3.865995e-09
45.169346,2.8456483e-08,-22313.969,-1.06645865e-08,13.794341,-2.5098206e-08,1.4878909e-09,2.0673645e-09,1.5003664e-09,-2.4638809e-09,1963.5697,291.2621,49.831074,-1.4416648e-08
78.938965,-4.8370115e-08,215592.66,1.6680954e-09,12.177161,6.021538e-09,-1.7918529e-09,1.1607353e-08,5.1749742e-09,-2.1866478e-09,-261.98364,73.24305,40.51533,2.8266993e-09
-5.068779,-2.6614605e-10,218404.08,1.1064757e-09,9.248661,-7.076676e-10,-4.598083e-10,2.3605654e-10,1.432414e-09,-2.272803e-09,-764.79254,-9.097855,35.008358,7.186729e-09
182.54869,1.2251802e-07,37043.516,1.178519e-08,19.816956,-2.2248004e-08,4.0950234e-09,-1.8913381e-08,-1.6024499e-08,1.8775148e-09,4163.9736,1284.8365,-14.008087,3.0974043e-08
83.20404,1.0705112e-07,-6701.8594,-9.964734e-09,12.524681,-9.876455e-09,2.2870141e-09,-2.0952212e-08,-5.781484e-09,-3.311786e-09,14719.96,193.16481,37.660397,1.6021632e-08
9.110369,7.36008e-09,37658.53,-3.5407473e-09,6.053169,-2.9083755e-09,-3.3888709e-10,3.581198e-10,-2.8377274e-09,9.933764e-10,-209.61443,15.93832,25.741558,1.0156047e-09
203.30487,-3.4855626e-07,344772.2,-6.0618376e-08,-7.025793,-2.0411168e-08,1.21472645e-08,-5.8345357e-08,1.4543941e-08,5.621204e-09,-43.722412,267.16342,48.57622,-4.0362288e-08
133.77211,7.422605e-08,552828.8,-6.470222e-08,-3.0759478,-2.7126672e-08,2.2488056e-09,-9.013502e-08,8.211714e-09,1.6718868e-10,29843.285,525.8412,144.5558,6.862393e-08
69.840866,1.586827e-08,329614.5,1.981208e-09,12.402149,1.779066e-09,-1.1202732e-09,1.1941795e-08,6.5374164e-09,4.3120987e-09,3944.9492,463.6162,28.804396,6.416349e-11
59.978672,-2.4689245e-10,273260.28,1.9057414e-10,4.878549,1.6666566e-09,-7.761391e-10,7.3162665e-10,3.4966523e-09,1.0632072e-09,-914.17816,14.827892,33.119843,4.130549e-09
85.59527,-1.4611327e-08,205521.19,-1.8650551e-08,12.65261,-9.069549e-09,-6.022805e-10,-4.6177235e-09,4.5045456e-09,-8.7122676e-10,1601.9917,179.39656,73.60433,-2.0668487e-08
47.695465,-4.0317083e-09,258416.5,3.1565879e-09,7.1727886,-1.4010073e-09,7.291674e-10,-1.1526874e-09,1.4844082e-09,-6.2153465e-09,-189.13481,-2.362423,38.099564,1.0217742e-08
10.05332,-5.194223e-09,257966.27,3.810913e-09,10.290845,1.7547646e-09,-4.725389e-10,5.377456e-10,2.821706e-09,-3.8058876e-09,-688.11444,-15.210304,32.210808,1.2310265e-08
57.77484,-7.742235e-08,176346.05,4.0149124e-09,11.279581,1.1835756e-08,-3.5185832e-10,2.6099737e-08,1.0979587e-08,-1.2878804e-10,153.22363,99.75786,40.490685,7.54878e-09
65.095764,6.1229226e-09,213762.03,7.094358e-09,10.27631,-1.4067116e-09,-1.0354829e-09,1.4009807e-09,1.7684348e-09,-3.2738685e-09,3782.9988,-2.3322449,48.367634,7.677537e-09
101.6874,1.8373457e-08,268204.25,-6.541962e-08,12.727186,-7.668395e-08,-2.9585436e-09,1.6149706e-08,-3.477579e-10,-2.4116333e-09,3729.8599,209.02936,79.870895,-1.9443497e-08
61.214966,-6.088539e-09,104237.234,2.5764846e-09,12.35149,8.4681173e-10,-5.696062e-10,6.183656e-10,5.7903953e-09,-3.5974441e-09,-1099.1135,-5.270691,32.35598,9.812641e-09
9.397551,-7.850918e-09,260866.53,3.5363117e-09,6.980528,3.8659778e-10,-5.111362e-10,1.3907195e-09,4.0502934e-09,-4.5058957e-09,-538.55884,-9.545353,34.06355,1.2112443e-08
124.86832,-2.8889685e-08,215066.44,-1.5497895e-08,8.086287,-2.3271531e-09,2.8233996e-10,1.3726254e-08,-2.64997e-09,1.2631076e-09,-2360.3113,22.119629,16.06732,-9.407212e-09
153.39699,-8.030259e-08,386901.3,-1.1639267e-07,7.6185446,-2.8434918e-08,1.3960411e-09,-1.1090809e-08,6.4132712e-09,-6.377888e-10,918.60645,273.6729,79.06686,-3.6439584e-08
24.945526,4.7858727e-08,347650.5,-5.3552704e-09,14.08824,-2.9038068e-09,1.05876055e-08,-1.9699879e-08,-1.3135154e-08,-5.1519544e-09,4002.4724,-577.1587,47.549286,8.556455e-09
197.13464,-4.0406842e-08,248165.47,-1.473456e-08,4.9364967,-5.3419082e-09,1.6744618e-09,1.665526e-08,1.0825737e-09,-2.7662364e-11,-348.15942,-32.6586,8.013649,-6.700245e-09
47.849457,1.5457099e-08,337253.66,-1.7290509e-08,12.454594,5.819156e-09,1.16009945e-10,-9.658943e-09,-1.0199551e-08,-6.6739507e-09,12792.574,50.604218,58.077244,-1.788078e-08
23.41008,-4.2866972e-08,167123.34,-7.615142e-09,14.185357,2.0865897e-08,-2.99568e-10,1.3931803e-08,8.113056e-09,3.3046923e-09,46.578613,-72.222336,30.85418,-1.0873809e-08
86.11248,1.1119854e-09,90983.56,7.812292e-10,10.84522,-8.03666e-10,-1.7530711e-09,-3.5540615e-10,3.0183303e-09,3.8160977e-09,-1198.2563,42.12134,34.170303,5.6627697e-10
38.96825,9.528287e-10,109073.52,-3.138139e-09,12.551405,-2.5753154e-08,-4.056908e-09,7.622426e-10,-2.9927308e-10,-1.6179299e-09,-1263.8494,-23.982498,72.98543,-8.15451e-09
0.2658348,7.802863e-09,173886.61,-7.127575e-09,12.272285,1.6387041e-09,-1.14375e-10,-5.1111126e-10,-3.205688e-09,4.803266e-09,-703.20276,31.467638,57.464977,-4.2402406e-09
102.04596,-4.4435474e-08,271963.12,-9.054786e-09,7.6635447,1.884172e-09,-1.2125357e-09,1.9023734e-08,4.0019708e-09,1.3185303e-09,-1065.3997,161.09322,40.20285,-1.4975326e-08
53.90303,6.451215e-08,164390.98,-1.5412404e-08,13.498358,-2.1664512e-08,1.7407679e-09,7.286145e-09,-5.559433e-09,-1.4935575e-09,11631.657,105.89992,45.43207,8.8289145e-09
47.011658,-5.7302856e-09,-21291.312,-7.3185386e-10,11.704149,4.7964127e-10,-3.2640515e-10,1.4056762e-09,3.9629167e-09,-2.9633205e-09,-530.2522,-3.4106598,35.863667,9.670694e-09
51.125843,2.4193353e-08,204005.58,6.28234e-09,13.556582,2.4010798e-09,5.633034e-10,-1.723366e-08,-2.0428904e-10,2.8252578e-10,4592.344,108.64053,60.147255,1.10120295e-08
53.136765,-5.6900715e-09,84798.195,4.260811e-09,8.919794,-7.2298945e-10,-2.934143e-10,1.716861e-09,3.1340779e-09,-2.9931402e-09,-822.1988,-12.181587,24.614775,1.2258818e-08
38.669376,6.0439223e-09,279136.06,-6.809902e-09,10.457248,-1.4786907e-09,-2.5887775e-10,-1.6929439e-09,-3.0355711e-09,6.509777e-09,-169.47813,86.46085,44.229237,-2.0252088e-08
89.32257,-6.330176e-08,253030.53,-8.766383e-09,14.326858,1.3033746e-09,-4.0328238e-10,1.01499005e-08,8.094269e-09,3.9131827e-09,-1274.0247,238.68692,27.52511,-7.538291e-09
-26.5265,-4.1428816e-08,-45983.797,7.974248e-09,25.317963,5.6194985e-08,3.0843081e-09,8.042996e-09,2.1686873e-08,1.2204099e-08,193097.56,576.3477,107.096985,-1.717215e-08
58.155193,1.4632055e-07,251931.16,7.1951983e-10,11.110225,-2.4009019e-08,1.1083633e-08,-1.0775835e-07,-2.846166e-08,7.089869e-12,-17571.307,813.18176,40.95408,3.278645e-08
103.42859,1.40517775e-08,-35793.11,-1.094017e-08,9.689367,2.5105298e-09,-5.7073796e-10,-5.2640834e-09,-1.0115235e-08,2.1419199e-08,-1276.9165,311.7479,24.151058,-5.3894795e-09
-25.668678,-1.1351782e-09,358006.1,5.8664282e-09,9.51637,-1.4818059e-09,-5.0104765e-10,-2.0096882e-09,-2.8126997e-11,-2.9202814e-09,-800.4128,-13.189751,28.694164,1.0473564e-08
-0.071689606,-5.8785594e-09,239669.92,6.643153e-09,6.61392,6.563923e-10,-2.8857983e-10,1.0633185e-09,2.5231202e-09,-1.9886817e-09,-679.8659,-11.952431,27.954235,1.0763169e-08
29.97601,4.318472e-08,267634.0,-1.1922245e-08,8.8096695,5.0467666e-08,7.4936475e-09,-1.5535743e-09,-2.0439964e-08,-5.1251634e-09,-6490.5664,-515.0684,67.40769,-4.448925e-09
74.30076,-2.6590754e-08,266108.5,-2.5912412e-08,12.863586,9.5520365e-09,-4.6400267e-10,-1.2905662e-08,3.9140513e-09,8.197911e-10,326.58496,166.38885,51.433662,-1.38431115e-08
14.807997,-9.330143e-09,336051.38,3.8387253e-09,7.458415,9.041462e-11,-2.2856106e-10,2.0294677e-09,4.308197e-09,-5.932834e-09,-687.34143,-11.981621,39.798058,1.5237205e-08
142.8803,-4.8459825e-08,307351.3,-2.686587e-08,12.466881,-1.2284424e-08,-4.779809e-10,-7.7168645e-09,6.9485186e-09,-1.9459865e-09,-861.11255,297.67712,31.645617,-1.0393554e-08
32.30769,-2.063497e-09,257702.84,-9.130731e-10,9.98066,1.1556681e-09,2.5709052e-10,3.4886398e-09,-1.6117093e-09,1.1441872e-09,-221.566,-4.279888,25.233753,2.6919964e-09
67.055244,-8.8785534e-08,200443.12,2.9424536e-09,8.336321,1.1724448e-08,-1.653768e-10,5.6329417e-09,1.0157904e-08,-2.9246379e-09,4121.7114,29.704697,69.51259,-1.5609174e-08
44.20869,-1.1940104e-09,245930.4,-6.093668e-10,16.438578,1.350255e-10,-6.41217e-10,7.492445e-10,-5.8018475e-11,-6.4430733e-10,-253.00728,-2.5938988,46.677036,2.8004359e-09
32.865677,-1.1606023e-09,287679.34,-1.538873e-09,8.827744,1.8134493e-09,-6.644874e-10,1.1675771e-09,2.2226135e-10,-7.2258755e-10,-213.07469,-9.825817,40.472134,4.444684e-09
63.890663,-2.2963905e-08,125047.266,-6.7323045e-09,5.571622,1.0629708e-09,5.2188787e-10,1.7037776e-08,3.6334111e-09,-1.3712421e-10,-1009.0178,55.59854,28.52988,-2.4757933e-08
8.3166065,-7.4474755e-09,261001.11,3.223804e-09,12.560753,-2.2051595e-10,-4.3123258e-10,8.8566626e-10,3.4429808e-09,-3.0221823e-09,-757.98474,-11.684319,31.68824,1.47666075e-08
66.513084,1.4030017e-08,268459.53,-1.3810216e-08,10.429534,-1.28027535e-08,8.57198e-10,1.4663352e-08,2.9691924e-10,1.2665192e-09,1465.3757,5.423523,43.744167,-1.6741172e-08
27.84936,-2.8639853e-08,379227.75,-7.8851965e-09,11.551481,2.3316357e-08,-1.1235798e-09,-6.508311e-09,2.5338918e-09,-7.7717055e-10,-333.59546,-76.95354,54.41461,-1.3290236e-08
74.918816,-5.073733e-08,276771.97,-1.3795698e-08,10.412029,-5.9702416e-09,-3.4235086e-09,1.9402542e-08,4.1599124e-09,-1.7338581e-09,-30.769043,8.122269,53.64955,-3.6066297e-08
23.020279,-6.2758896e-09,342784.75,2.337606e-09,10.747903,1.1340413e-09,-3.8985015e-10,3.5842393e-10,2.889563e-09,-3.7406105e-09,-380.28766,-3.678772,52.171284,1.3856302e-08
48.117287,-2.26658e-08,256767.6,-4.194645e-09,13.792772,1.0395575e-08,-6.874913e-10,1.1490718e-08,-1.7168509e-09,-1.6876546e-09,920.16846,-5.8425903,48.221546,4.5579727e-09
47.617004,-3.9748724e-09,214957.73,-1.603992e-09,9.6789665,-1.184616e-09,-4.6321913e-10,-6.607212e-10,2.4722548e-09,-3.77233e-09,-972.37775,-5.6563225,43.036293,1.0175567e-08
68.11482,-6.2126824e-09,169507.55,1.3528069e-09,6.096978,-3.1967984e-10,3.723486e-10,1.1550166e-09,6.6051373e-09,-6.5949344e-09,-660.74316,-5.2349815,31.599903,1.223503e-08
27.752718,3.607577e-09,225938.2,-1.5165924e-09,12.64775,1.7400117e-09,-8.3397217e-10,-3.7270604e-09,3.1683545e-09,5.60156e-09,-1247.5042,24.597013,33.249916,3.7310937e-09
104.68721,4.2920913e-08,-7266.4375,-2.1770019e-08,20.373337,5.970363e-08,-1.2333479e-09,3.2845453e-09,1.7119703e-08,1.6380945e-09,117358.805,1174.3702,56.131474,-1.9168038e-08
43.997902,-4.3453388e-09,238280.75,-1.7305785e-09,7.761943,-8.3013174e-10,4.3667842e-10,1.0283835e-09,3.088834e-09,-1.9987747e-09,-276.84753,-6.7198715,61.59543,7.1013777e-09
38.513443,1.0470504e-08,12832.484,-9.579483e-09,9.674434,1.470661e-08,9.2614244e-10,-1.0614082e-08,-2.6206082e-09,-2.2216007e-09,510.88965,-114.46355,63.04045,-1.6997431e-08
32.924614,-8.097236e-09,259765.67,1.0994604e-09,8.473516,-8.67656e-10,-3.662125e-10,1.8218809e-09,3.0901504e-09,-5.1093383e-09,-445.63446,-16.57373,62.193703,1.7433695e-08
45.523308,5.0778922e-08,263789.28,-1.7746753e-08,15.394541,8.610718e-09,8.902135e-09,-1.4059757e-08,-1.073675e-08,-4.1417287e-09,45706.05,151.8406,55.059116,8.628124e-09
8.079069,-1.6176159e-09,283284.06,-1.8360913e-09,12.581438,-7.2685974e-10,5.1459775e-10,1.1722354e-10,-2.0819535e-09,-2.4458369e-09,205.69801,6.6913414,3.4289093,5.8843543e-09
177.94695,-2.0262459e-07,300488.97,-5.3700802e-08,6.8985357,-1.4417456e-08,1.1321518e-09,3.3134107e-08,1.4993919e-08,8.778962e-10,6494.74,338.22125,49.774834,9.564924e-09
82.888565,-5.7876782e-08,296771.62,-1.9368512e-08,9.880479,-8.2249825e-09,-3.50656e-09,9.826088e-09,4.2036046e-09,1.8883355e-09,-943.5022,519.3924,44.5314,-3.528191e-08
76.53662,-6.7498696e-08,261641.27,1.1297662e-08,12.83321,7.316434e-09,-3.3946803e-09,1.9869969e-08,9.304645e-09,-9.944244e-10,28.255127,124.21234,39.068123,-1.1752838e-09
-6.526062,-1.1996435e-08,283034.66,2.4112572e-09,9.70031,2.4972516e-10,-4.6669696e-10,2.2146638e-09,4.4976063e-09,-5.236858e-09,-848.9632,-14.80117,37.030315,1.6349528e-08
60.149307,-7.1204522e-09,103522.68,1.5577415e-09,10.086105,-5.5871413e-10,-2.9237632e-10,1.4849287e-09,1.7858971e-09,-3.3559977e-09,-401.23773,-21.17675,55.09027,9.567082e-09
63.778732,-4.9273527e-08,248011.39,-1.7560854e-08,11.212103,-4.9907136e-09,-8.501669e-10,-8.4108285e-09,6.1517103e-09,-9.736919e-10,52.76001,273.78592,46.92599,-2.2826928e-08
46.03657,-5.983707e-09,244430.88,3.4273295e-09,19.570889,-4.889537e-10,-7.72353e-10,-2.814588e-09,2.6478468e-09,-4.955438e-09,-1166.6161,-19.283905,35.30521,1.2785355e-08
60.43725,-3.7487858e-08,223674.75,1.05914895e-08,11.923316,6.909469e-09,-1.7117749e-09,1.3719045e-08,7.2157915e-09,-9.922649e-10,409.9248,167.0,28.246893,1.4881201e-08
17.499216,-1.1010503e-08,155600.66,2.3924347e-09,8.091361,1.184737e-09,-2.7088937e-10,1.7553671e-09,4.798577e-09,-4.1126107e-09,-507.73254,-11.9253845,40.46513,1.6778161e-08
22.116693,-1.1682191e-08,200337.84,3.9598844e-09,11.469947,9.856681e-10,-3.1971437e-10,1.6343749e-09,4.4313646e-09,-4.6616306e-09,-814.2893,-16.754234,39.003887,1.6021607e-08
44.11531,8.605934e-08,247131.62,-9.061777e-09,11.245872,5.5638875e-08,9.586638e-09,-2.4807546e-08,-1.9191768e-08,-5.873327e-09,-18431.643,-177.03258,12.5174675,2.5666413e-08
70.93225,-6.954897e-09,120424.68,1.5838864e-10,7.628738,3.0292277e-10,-1.4787281e-10,1.722146e-09,9.665839e-10,-5.341125e-09,-475.66217,-6.5405884,42.20469,9.374649e-09
40.878353,-2.9211066e-08,126604.836,-8.61593e-09,14.0210285,2.3498286e-09,-3.9197388e-09,7.108487e-09,5.7922938e-09,-4.966953e-10,-170.79907,224.32698,43.67393,-2.3367418e-08
68.893936,-6.3628205e-09,139594.97,7.9883783e-10,8.194287,1.3368915e-09,-3.3414055e-10,7.963198e-10,5.2899662e-09,-3.831436e-09,-849.6105,-11.395721,32.98886,1.1684436e-08
34.027847,4.719272e-09,360325.06,-3.8646286e-09,11.140484,-2.670233e-09,4.890672e-12,-1.3587115e-09,-6.008853e-10,9.309074e-09,1120.048,57.34411,49.0966,-1.30601725e-08
69.06117,4.9341704e-09,212402.36,-3.7918078e-09,11.107994,1.8435955e-09,3.9909345e-10,-1.834279e-09,-4.0066825e-09,8.322966e-09,1039.8315,134.554,86.108315,-7.682761e-09
2.2529183e+20,-2347171300000.0,-2.5676386e+22,-2.2723614e-05,3533.739,10071424000.0,-2.559849e-08,2.0657522e-07,6.9605285e-08,1.6691123e-08,18738.229,531.1781,62.01252,-1.6950946e-08
49.8913,-1.9412644e-08,118526.99,1.3814369e-09,12.006385,-1.6541058e-11,-6.39262e-10,1.0487228e-08,5.1241744e-09,1.8966431e-10,180.84058,160.24739,29.350021,-2.0712367e-08
65.907074,-2.8592433e-08,225795.08,7.821248e-09,14.908337,3.6909293e-09,-2.9052012e-09,9.893616e-09,5.5651546e-09,-2.2222546e-09,359.97754,24.499542,55.798428,-3.1301182e-09
48.891457,-1.7533875e-09,145723.66,-2.4645614e-09,9.389168,-6.734362e-10,7.3960754e-10,-1.1944437e-10,3.8406904e-09,-7.379147e-10,555.50885,23.673117,60.071724,8.980578e-09
76.59997,-1.2521935e-08,113005.766,-8.754705e-10,5.0590343,-1.9429582e-10,-1.2048901e-10,2.4624662e-09,8.741824e-09,-5.5725424e-09,-825.87744,-19.317322,60.912785,1.8249942e-08
35.314247,2.7460839e-08,31562.812,-1.855286e-08,7.8751917,6.2752226e-09,1.0730966e-10,-2.4508753e-09,-1.3386125e-08,1.33713e-08,-89.37117,240.81747,23.276638,-2.2546175e-08
-9.479107,1.201461e-09,220493.06,-1.5803447e-09,11.11185,-1.6300266e-09,-6.8402145e-11,-3.0368688e-09,4.3210008e-10,-1.0030185e-10,-478.79755,-0.06829071,43.963455,5.474522e-09
32.24699,5.4254334e-10,308515.0,-6.022419e-09,7.7459598,1.0341875e-09,-9.636284e-11,1.3513898e-09,-5.284412e-10,4.980187e-09,836.2705,-28.112503,11.5194,-8.064247e-09
94.902176,-8.121269e-09,156256.42,1.743936e-09,12.775282,-7.7801465e-10,-7.065352e-10,3.8240314e-11,6.294817e-09,-2.2504985e-09,-731.14435,-7.8896446,45.192383,1.7187567e-08
10.877602,-3.0254383e-09,284408.72,3.673016e-09,10.519973,-1.8928256e-10,-4.4541676e-10,-1.1060722e-10,1.994274e-09,-1.3030842e-09,-918.1574,-10.579842,32.771774,1.23797035e-08
41.091717,3.710591e-08,401638.56,-8.45389e-09,12.044497,-1.045354e-08,6.326567e-09,-2.6910032e-09,-6.2307044e-09,-7.3144e-09,9974.442,-253.06963,57.853134,-1.5611963e-08
58.330456,-9.324228e-08,483088.3,2.0211834e-09,18.195896,1.055344e-08,-4.7592414e-09,5.1397224e-09,1.3935883e-08,8.6996604e-10,566.5564,419.6641,85.4937,1.6583469e-08
42.514362,-1.3408887e-09,85185.414,-3.288636e-09,8.498583,9.978159e-11,2.3428665e-10,-7.0376566e-10,-1.9392513e-10,4.522584e-09,2584.1763,39.59654,44.52658,-5.748375e-09
168.93655,-1.8965851e-07,404157.7,-4.431596e-08,0.26677036,-1.5225263e-08,-3.1984582e-09,1.2920965e-08,1.5263597e-08,3.8287555e-09,2951.338,137.52505,44.235485,-3.0305053e-08
719.47644,-4.706344e-09,-90709.8,-2.0283927e-08,15.321318,-8.487594e-09,7.0527695e-09,-3.4266034e-08,-2.9810916e-08,-3.9818624e-09,1154.6755,-41.00084,-257.3692,2.5467513e-08
26.469269,3.6531684e-08,19455.453,-9.246826e-09,10.554515,-5.9701333e-09,-4.664603e-10,-1.157866e-08,-6.926663e-09,1.4707372e-08,-114.97893,320.0531,45.296432,-1.603106e-08
36.104362,-5.6757323e-09,168738.58,7.334863e-10,12.362528,-1.4785264e-09,-3.703976e-10,1.3906648e-09,2.4244582e-09,-9.846316e-10,-563.25,-12.006523,49.428158,6.1713257e-09
77.60649,-1.182981e-07,200786.11,-6.5211956e-09,10.48119,6.2172556e-09,-1.4669995e-09,2.628504e-08,1.0949321e-08,-1.8586557e-09,-434.94263,69.28756,35.78535,-1.4385545e-08
52.147728,9.059113e-09,56678.97,-2.4657505e-09,10.309474,-3.2029621e-09,-8.141825e-10,2.9086078e-10,-2.4436704e-09,9.449381e-09,421.48956,138.91284,43.829098,-4.715131e-09
53.27938,1.9444935e-09,-68211.34,-6.4627743e-09,12.077299,2.8051406e-09,-3.7064077e-10,-2.0150164e-09,-1.8338467e-09,5.1062696e-09,-765.2544,45.05374,38.473194,3.182801e-10
35.724556,-2.6076796e-09,218524.58,-1.30921896e-08,11.635645,2.5246376e-08,9.71271e-10,-4.024282e-09,-3.1555523e-09,-2.829493e-09,1412.1194,-88.86354,47.380093,-1.790203e-08
47.394382,9.03032e-11,199446.14,-3.547903e-10,11.389075,-1.3059104e-09,3.4014816e-10,-5.820135e-10,2.0757795e-09,3.6027252e-09,-1037.3569,6.1193924,32.725822,4.914122e-09
105.433655,-7.451149e-08,362035.0,-6.4488526e-09,12.65012,-6.4966565e-09,-1.1526492e-09,2.7199132e-08,1.7926997e-09,-1.1737208e-09,2780.4485,109.41032,33.51609,-2.8903795e-08
74.152054,4.0678014e-08,278237.25,-2.0643183e-10,10.629208,-1.5114653e-08,1.2138918e-09,-1.7944043e-08,-7.302238e-09,2.7197509e-09,-1594.6785,659.73364,14.484337,-5.357042e-09
55.55981,-6.119591e-09,87123.516,-1.7481552e-08,8.984236,-1.5728357e-08,8.716307e-10,-2.162651e-08,2.3741065e-09,-1.2545597e-09,5607.5537,403.86005,47.037838,-1.6708139e-08
776.8586,-3.8322984e-08,56077.953,-6.335719e-08,21.320877,-2.9119747e-08,8.4772065e-09,-4.2937913e-08,-2.614217e-08,-2.3709386e-09,5037.3984,-255.82991,-197.52641,1.7700867e-08
65.44736,-1.12103375e-08,116438.62,1.4916652e-09,11.734116,-2.6323048e-09,6.97405e-10,-4.6986137e-10,4.8913984e-09,-5.201861e-09,-119.43581,-6.2781067,51.239647,2.0601744e-08
21.147194,-4.6150492e-09,311188.2,8.637943e-10,9.777755,-2.7925815e-09,-3.6794984e-10,1.0092291e-09,4.17886e-09,-4.488073e-09,-928.03485,-10.952698,46.6254,7.634371e-09
-6.8414917,-2.6965983e-09,485343.44,-3.9124757e-09,3.4108868,1.6448161e-09,-4.2312875e-10,-1.313866e-10,3.9122466e-10,-2.345487e-09,-416.6681,-6.936611,52.92808,1.11131415e-08
168.94096,-1.394341e-07,326201.2,-4.4331088e-08,5.0205183,-1.7864986e-08,-1.3111757e-09,1.0200995e-08,5.9441962e-09,7.847339e-10,-1230.321,121.210686,38.446472,-1.3942484e-08
98.164566,-4.9009532e-08,228219.22,-1.0475142e-08,9.827379,3.873504e-09,-5.857091e-09,-2.5029394e-08,5.775128e-10,-2.8298202e-09,1767.6951,304.74533,55.651333,-6.948672e-08
3.6857643,-6.0601897e-09,324465.44,2.2520572e-09,7.9051723,-5.217623e-10,-2.5881436e-10,2.120967e-09,1.8038387e-09,-4.258667e-09,-673.1199,-12.755684,40.411762,1.2400977e-08
41.38394,-9.2556164e-08,195994.34,7.908054e-09,8.618551,2.127654e-08,-3.2056382e-09,1.6728112e-08,1.0414847e-08,-1.840796e-09,141.83984,90.78885,54.552208,9.5149355e-09
303.87085,4.9275663e-08,274450.8,3.3913568e-09,13.3400755,1.2008853e-08,2.7240084e-09,-2.5948466e-08,-1.7117895e-08,2.0143256e-09,-7636.217,1139.1047,-35.3305,2.457885e-08
82.61888,-4.2247212e-08,368752.3,-2.0594972e-09,9.879105,-3.0293148e-09,-2.1833135e-09,1.2236657e-09,1.0040178e-09,1.6435966e-09,1141.7849,828.62427,49.057823,-1.0896838e-08
40.688828,4.1478582e-08,60692.72,-2.0624947e-08,8.9718685,3.1527667e-09,-3.580815e-10,-7.846471e-09,-7.662948e-09,2.6561734e-08,528.114,825.5196,50.894608,-3.5548144e-08
108.63666,-1.5730476e-08,187417.55,-2.95898e-08,7.389192,-1.3305681e-08,-3.8358117e-09,1.1409508e-08,4.3771204e-09,-3.591676e-10,-980.35913,287.6347,53.711178,-5.9357608e-09
55.53183,-6.1676086e-09,264496.6,1.9620261e-10,12.259541,-1.2166911e-09,-4.133734e-11,2.2174004e-10,1.215016e-10,-1.6954375e-10,-196.56175,-18.270851,40.661533,1.7646162e-08
50.970123,-4.0965817e-09,234287.47,-1.3047899e-09,8.863728,9.719185e-10,-5.971946e-10,-2.3183835e-09,7.3739037e-09,-3.449033e-09,-206.97429,3.7615776,46.673977,1.6044963e-08
33.12431,3.5561332e-09,18136.469,-4.46828e-09,11.486214,1.1151968e-09,-3.7881107e-10,1.8242641e-09,-4.1023107e-10,5.974807e-10,845.04694,39.27382,20.186728,-2.3148463e-09
37.020237,2.6147474e-08,219973.2,1.1681829e-09,12.103678,9.017106e-09,1.3012916e-09,-6.3423498e-09,-5.33547e-09,-4.7215165e-09,-1132.7112,-330.39966,24.98538,1.3717722e-08
6.508625,6.494092e-10,86124.22,-1.9164492e-09,12.8015375,-9.42526e-10,7.278913e-12,2.1398436e-09,-1.0347575e-09,-6.8401e-10,65.189026,4.8896217,25.99421,4.0550394e-09
53.646477,-1.3857124e-08,197285.3,-7.141993e-09,13.494591,-5.5633933e-09,-3.464753e-11,2.1118658e-09,1.4953595e-09,2.0280226e-09,-2332.3743,-10.684235,70.11245,-1.8094289e-08
221.76167,1.6478456e-08,264248.22,-1.1869119e-07,1.9634256,-4.7914945e-08,2.836903e-09,-1.1111873e-08,3.8281036e-09,3.230786e-09,11791.93,232.88197,48.412876,-2.862901e-09
10.749178,2.7550302e-09,303718.12,5.0348753e-10,12.036936,-2.1414624e-10,-8.57265e-11,2.0074755e-09,-3.889908e-09,3.2090475e-09,-217.86671,4.3822403,39.405643,-5.2272306e-09
35.63905,-7.1204795e-08,198340.94,7.984355e-09,9.23844,9.918544e-09,-2.7622429e-09,2.0444517e-08,1.02042454e-08,7.983978e-10,35.870117,187.05621,43.456112,1.1946543e-08
26.77217,2.3654196e-09,195973.14,-3.398968e-09,10.98815,-5.9106536e-10,-1.275809e-10,-1.4788231e-09,1.0332617e-09,3.8236707e-09,-90.80281,16.377445,31.464828,-4.592764e-10
25.011208,1.1181061e-08,197037.45,-6.5774977e-09,12.70138,1.7040193e-08,3.1060496e-09,-6.9550383e-09,-6.2859082e-09,4.2267423e-10,1061.6987,-444.4184,40.065186,1.4966126e-08
80.12103,-2.2008688e-08,313159.7,-3.618753e-09,8.911413,-8.1111216e-09,2.509498e-10,2.3119096e-08,2.0385247e-09,5.10482e-10,512.65186,33.10237,21.333715,9.1505953e-10
26.267773,-7.378888e-09,228028.62,4.2993955e-09,12.468699,1.6116766e-09,1.8692023e-10,-1.382803e-09,2.9986735e-09,-4.5888804e-09,-724.5685,-15.32505,40.505753,1.3603114e-08
209143000.0,-1.9747993,-23718644000.0,0.02043687,19043.895,5.6142824e-07,6.200065e-09,4.8764065e-08,1.9269121e-08,2.0034006e-09,11452.6875,1138.2054,101.887146,-1.0559911e-09
78.406,-5.7257585e-09,283694.97,-1.1267286e-09,10.3519535,-3.9365308e-10,-4.936215e-11,-4.8296306e-10,5.010933e-09,-2.482158e-09,-925.74164,-12.182899,61.25454,1.8773534e-08
105.29198,-9.1231215e-08,385966.12,-5.7477052e-08,10.946135,-1.7903494e-08,-2.3450382e-09,1.4933121e-08,7.95994e-09,1.6456202e-09,-369.38257,399.76697,69.34948,-3.087131e-08
48.63231,-6.2665833e-09,265348.66,-1.7810543e-10,4.6282067,1.3919045e-10,-2.8520725e-10,3.42034e-10,5.2260827e-09,-3.2010974e-09,-686.24023,-9.503868,53.354927,1.3235188e-08
6.482605,9.432737e-10,-48897.188,-7.1709955e-10,11.649207,1.1278378e-09,-6.678884e-10,-1.5115211e-09,-4.5664925e-09,7.6381835e-12,-775.8307,-9.586037,49.129566,4.0990256e-09
238311580000000.0,-2540688.0,-2.3843275e+16,-7.3974187e-09,10.994164,-9.852276e-09,9.898461e-09,-6.987671e-08,-9.97012e-08,-1.269832e-08,2653.6548,-465.84338,-32737952000.0,2.604914e-06
39.41854,7.43392e-08,171303.06,-2.6748342e-08,11.924066,-4.0486487e-08,1.8406331e-09,-3.3361268e-08,-7.853915e-09,-2.8019693e-09,10029.376,154.545,56.28848,-1.2231543e-08
13.382307,-7.3845934e-09,236599.88,3.8678327e-09,13.558185,-6.941877e-10,-4.5293103e-10,3.5433545e-10,2.25252e-09,-4.814357e-09,-939.3859,-11.343849,29.259205,1.1115506e-08
-14.670834,-5.167771e-09,154513.03,5.48557e-09,9.121462,-2.1902562e-09,-4.3313955e-10,-5.23967e-10,3.4071423e-09,-3.2653213e-09,-850.627,-14.042236,33.02029,1.1336637e-08
73.51191,-3.7188126e-08,255592.22,7.894481e-09,15.528983,6.7923183e-09,4.435876e-11,1.9116174e-08,1.5109108e-09,-3.9213113e-09,-687.8137,119.935486,23.553438,1.0679212e-08
92.328964,-3.0127744e-08,351461.2,-6.2626384e-09,9.283075,-9.099324e-09,-1.4548099e-09,1.2773393e-08,6.673327e-09,1.3520154e-09,2188.517,105.20063,40.554123,9.582974e-09
52.53505,-5.7164034e-09,224012.64,1.2852606e-09,12.485714,2.0596351e-09,-3.6018252e-10,6.158595e-10,3.8997365e-09,-2.8185885e-09,-765.9458,-10.958984,41.3086,1.4322005e-08
31.927446,-4.6301505e-08,266683.4,-8.315708e-09,8.3440485,2.1478249e-08,-3.2127447e-09,3.6311782e-08,7.75021e-09,-5.001752e-10,-264.4685,36.222626,38.937576,2.0858677e-10
12.477356,-5.3597082e-09,183057.86,-2.6463751e-09,7.363407,1.7501217e-09,-1.0147912e-10,8.0887863e-10,4.429428e-09,-3.745695e-09,-158.90422,-10.759483,44.852673,1.4522603e-08
56.23482,6.717868e-09,188299.17,-2.1646635e-08,13.389261,-6.5833623e-09,-2.7971242e-10,-2.9872307e-08,1.1191386e-10,-2.6739733e-10,5193.808,198.74696,84.3416,-1.8185434e-08
51.2716,1.3559826e-07,119781.81,-4.2225006e-09,10.3470335,2.035965e-08,2.8551639e-09,-6.664239e-08,-1.8078365e-08,-2.1231432e-09,5070.766,1244.9354,50.842674,2.7803567e-08
75.56202,-9.174357e-09,186569.23,1.6832201e-09,13.900683,-2.8626332e-09,-1.3403774e-10,5.1020616e-10,3.5098668e-09,-3.4588328e-09,-441.406,-15.33847,31.32559,1.1031424e-08
74.34646,6.2636336e-09,182333.17,-9.435768e-09,6.30771,4.7558224e-10,-3.7254225e-10,-7.5010625e-10,-8.9560176e-10,5.6873124e-09,670.23425,82.45706,7.1935387,-7.75162e-09
51.395348,-8.468318e-08,364662.22,8.0385415e-10,13.878958,1.0111172e-08,-4.9397425e-10,2.650413e-08,1.4749405e-08,3.1046672e-09,-35.506348,301.15378,50.54031,-1.1220436e-09
64.80538,-3.4387675e-08,197941.84,1.0624742e-08,7.600279,1.11489875e-08,-3.3628986e-09,1.035023e-08,2.2744067e-09,4.14471e-09,-388.68237,143.781,45.31243,4.6725224e-09
1.6894789e+16,-180118700.0,-1.6903372e+18,-7.3974187e-09,10.994164,-9.852262e-09,9.898464e-09,-6.987671e-08,-9.970124e-08,-1.2698303e-08,2653.6543,-181.43968,-2320913700000.0,5.8661085e-06
99.32522,-2.7502653e-08,276985.25,-2.2725223e-08,8.480356,-3.313113e-08,7.80729e-10,6.8377317e-09,-1.3772148e-09,-1.1591191e-09,-1829.9167,186.09523,35.05832,-1.8957142e-08
74.040054,9.175384e-09,135616.27,3.5230907e-10,8.4311075,-4.0649792e-10,5.995073e-10,-1.2367105e-09,-4.9397713e-09,6.872933e-09,397.56934,120.94097,25.029232,-1.6714774e-08
3235575800000000.0,-34495130.0,-3.2372192e+17,-7.3974165e-09,10.994166,-9.852267e-09,9.898456e-09,-6.987675e-08,-9.970112e-08,-1.26982425e-08,2653.6553,-462.00305,-444485760000.0,2.6243677e-06
50.160194,-3.9355772e-08,405552.94,-2.0299307e-08,13.323285,-5.8970198e-09,-3.9933794e-09,1.4348283e-08,3.1351257e-09,1.4345242e-09,-1118.6062,398.88132,57.893715,-5.0354537e-08
54.167046,-5.693548e-09,297070.5,1.3549759e-10,12.720254,-1.2846656e-09,1.3532987e-10,-2.624142e-10,1.8312329e-09,-2.4502462e-09,-1079.5299,-20.750313,63.392612,1.5520435e-08
30.824802,-4.0962966e-08,241955.5,3.0619232e-09,16.140993,2.467226e-08,-4.722517e-09,1.9242359e-08,4.1850043e-09,2.3028308e-09,417.86743,-95.4807,42.31295,-4.0577914e-09
70.90637,-8.0054605e-08,270052.12,-1.3131034e-08,10.02627,3.5553955e-09,-4.6384754e-09,2.3025432e-08,9.775251e-09,-1.2819905e-09,-105.872314,218.7976,41.37532,-1.4344333e-08
-6.2352867,-8.293409e-09,433962.06,5.387145e-09,9.45837,-7.7955664e-10,-5.146653e-10,2.8520648e-09,2.9101672e-09,-6.39457e-09,-718.8727,-12.631546,35.364212,1.5536592e-08
29.615818,1.0815404e-08,263663.5,-9.163432e-10,10.562475,-5.165307e-09,-8.834214e-10,7.9486856e-10,-8.037907e-09,8.220179e-09,-638.135,80.26845,25.68827,-1.03670335e-08
55.286057,-3.0043893e-08,331778.62,-9.997433e-09,11.35426,9.363708e-09,1.5363929e-09,2.2392948e-08,1.0175755e-08,-6.2368457e-09,550.4949,312.18576,45.382523,-9.331553e-09
84.607635,1.5426976e-07,84423.9,-4.2849484e-09,9.918222,-1.1693745e-08,3.4873284e-09,-1.8971777e-08,-6.3531793e-09,-3.4830266e-10,28707.25,926.34607,44.300156,2.603629e-08
110.60504,4.3791648e-08,304833.7,-2.732359e-08,10.224507,-3.0815006e-08,3.2880962e-09,-2.1972715e-08,-7.853294e-09,-7.900518e-10,-945.1233,889.13336,9.472427,3.311302e-09
63.813385,-1.6782555e-09,273270.9,-1.6615451e-09,9.409945,-1.1727679e-09,2.9820038e-10,-1.2252438e-09,1.2449662e-09,4.7317916e-10,82.11036,-12.757851,55.457962,-6.691412e-09
33.750187,-6.704185e-09,283655.56,2.105858e-10,9.283826,1.1822579e-10,-9.546125e-11,2.0720152e-09,1.7021499e-09,-3.3877245e-09,-684.6432,-12.540466,43.285378,1.0375588e-08
67.207855,-2.1537856e-08,188807.42,-1.1754172e-08,14.85425,5.3959464e-09,-7.7433315e-10,-8.100183e-10,-1.8808415e-10,-6.920603e-10,266.22534,124.96993,40.54667,-2.5488283e-08
37.335075,-7.909888e-09,94108.19,1.4073063e-09,6.853507,-4.9182786e-10,1.5956111e-11,1.8048099e-09,6.0405494e-09,-3.563978e-09,-364.6762,-11.871223,41.74699,9.203613e-09
-15.5005455,-7.981248e-09,357910.0,-2.008119e-09,10.758787,4.2203888e-10,1.54373e-11,1.5295621e-09,3.2270755e-09,-5.5498868e-09,-628.48096,-11.053246,44.959618,1.654974e-08
46.239807,-1.0788482e-09,314995.84,-2.0426383e-09,4.467588,-2.9718346e-09,4.790987e-10,7.2626993e-10,4.4248867e-09,-1.968548e-09,-385.91736,-4.617092,38.214706,-1.6660403e-09
14.978014,-5.1566826e-09,234921.06,2.024498e-10,7.50348,1.1593276e-09,-2.5738892e-10,1.2010511e-09,2.2950888e-09,-3.4305507e-09,-659.97064,-7.7715187,44.288776,7.3987105e-09
61.1689,-6.500707e-09,272025.2,5.945562e-10,5.2517605,-3.019068e-09,-7.026536e-10,-2.0460195e-10,7.0418817e-09,-4.4522026e-09,-958.2382,-6.836132,46.94411,2.1200151e-08
41.08167,-6.7501444e-09,339097.12,3.4867387e-09,9.91363,-5.144222e-10,-1.8896948e-10,1.0522633e-09,3.0042748e-09,-4.46862e-09,-721.5006,-10.75071,48.51146,1.1629193e-08
14.488876,-1.0589258e-08,140672.31,9.705776e-09,9.785936,-1.2891936e-09,-3.8345715e-10,1.2241635e-09,5.869591e-09,-3.3590797e-09,-972.70197,-15.236092,22.53427,1.2437046e-08
123.46823,-8.870005e-08,296448.12,-1.8973099e-08,9.844517,-6.9909727e-09,2.940971e-10,1.7633315e-08,6.7986363e-09,-1.6021617e-10,-1134.0574,279.9668,25.03875,-1.21356205e-08
32.7409,-6.834579e-08,249138.42,-6.42582e-09,11.5942745,1.2301755e-08,-2.4229823e-09,3.3278877e-08,1.25560735e-08,-1.4553445e-09,186.52515,-25.214462,41.418617,-1.0688455e-08
45.591618,4.713991e-09,267543.1,-7.3440742e-09,9.721496,-4.9078e-10,-5.8609095e-10,9.247015e-11,-5.669731e-09,3.948214e-09,-797.09216,24.218369,43.545753,-1.6448013e-08
48.355183,-4.7570308e-09,-58497.42,-1.382688e-10,11.396976,-1.8825996e-09,-5.370152e-10,-3.1055053e-10,3.3179648e-09,-2.5125921e-09,-411.956,-5.566723,37.918926,8.6114715e-09
75.550735,4.7742748e-09,211125.86,-7.1866206e-09,7.0111637,-2.3795618e-10,-1.4790116e-09,-1.390144e-10,3.873531e-09,8.0282414e-10,-635.9746,65.8981,38.14454,9.965267e-09
22.227798,5.3655107e-09,200043.73,-2.215835e-09,12.819085,7.390525e-11,2.0002794e-10,2.289325e-09,-8.313992e-09,5.7339684e-09,661.1493,28.34964,46.22692,-2.1520163e-09
36.400837,-6.3218684e-09,161978.36,2.8924616e-09,9.898999,2.7386093e-10,-1.3910081e-10,6.9805767e-10,1.7343306e-09,-2.0114652e-09,-408.32697,-11.210373,30.983988,1.2710596e-08
26.469957,-4.0189146e-08,157950.98,5.346592e-09,12.807904,2.0420082e-08,-4.2044612e-09,7.522625e-09,-9.732742e-10,-2.017808e-09,848.824,110.5459,41.016212,-1.46892e-09
70.69678,8.901618e-08,167964.1,-5.6122506e-08,9.235538,-7.47646e-08,6.7058736e-09,-1.2568269e-08,-1.1801583e-08,-2.9060667e-09,12143.474,769.72046,31.936773,-1.44267815e-08
21.689606,-4.0689782e-10,23002.688,1.8752933e-09,9.913634,9.908517e-10,-5.329183e-10,5.46723e-10,9.296284e-10,-1.1596963e-09,-140.37611,-0.7697716,32.132618,2.0395232e-09
-33.21053,-3.1042122e-09,141542.61,8.9297436e-10,7.8768406,-6.02738e-10,-4.7067655e-10,-2.3750728e-09,2.1479951e-09,-2.8524427e-09,-747.05884,-10.610016,34.819405,1.1916087e-08
343340460000000.0,-3660420.5,-3.4351483e+16,-7.397408e-09,10.994164,-9.852261e-09,9.898444e-09,-6.987671e-08,-9.9701175e-08,-1.2698263e-08,2653.6548,-464.35974,-47166240000.0,2.6123948e-06
46.419033,-4.561047e-09,22890.312,-2.280844e-09,15.337757,-6.2984845e-10,1.14403716e-10,-5.7103033e-10,1.2831135e-09,-4.3030455e-09,133.82968,-5.191166,51.419155,7.500388e-09
21.485128,2.911383e-08,89466.734,-9.432161e-09,13.8319645,2.402481e-08,2.188245e-09,1.8399982e-09,-7.614514e-09,-1.267365e-09,3404.2693,-95.8047,53.097874,1.5788052e-08
170.6153,8.53554e-09,330379.0,-4.5297714e-08,1.4134703,-4.4117115e-08,1.863565e-09,-1.984499e-09,-1.1940801e-09,8.543883e-10,754.71094,117.02999,37.71682,-4.4586512e-09
44.39487,-8.02561e-09,400764.28,4.01146e-09,4.0318937,-2.0301956e-09,2.7658884e-11,2.0770419e-09,5.475394e-09,-7.397014e-09,-548.97266,-8.773289,41.773483,2.0494737e-08
80.00859,2.7058704e-08,213523.44,-7.784612e-09,12.49014,4.2423594e-09,-3.3443108e-09,-5.5800053e-09,-3.0314713e-09,-5.014874e-10,-532.7561,860.47394,40.18048,2.2636568e-09
16.05675,-7.174362e-09,116734.586,4.216624e-09,9.239836,-1.603725e-09,-1.3507831e-10,-1.2416748e-09,4.11555e-09,-1.3605852e-09,-831.0796,-13.670616,21.991632,1.1420811e-08
46.304802,-8.0536715e-09,214961.39,3.4513554e-09,10.541603,2.9244918e-10,-6.5378913e-10,-2.682034e-10,5.6062794e-09,-5.11239e-09,-1141.9521,-15.454666,32.820587,1.2580497e-08
27.877285,4.0695175e-10,-28182.5,3.8545447e-09,10.026429,2.9662445e-10,-7.639938e-10,1.205644e-11,-8.394181e-10,-2.4248696e-09,-929.92975,-5.90432,23.897926,3.904514e-09
44.693245,9.7166605e-08,78317.57,4.4948947e-09,10.38389,-7.588743e-09,3.746959e-09,-3.170657e-08,-9.325981e-09,-6.15311e-11,11215.636,408.0826,39.192223,1.0817077e-08
276.5058,7.0038046e-09,137611.83,-5.1967866e-08,12.645535,-2.8984038e-08,4.0719463e-09,-2.1549365e-08,-7.0135604e-09,1.9240647e-09,1137.7976,674.3442,-4.0109177,1.0747649e-08
14.492775,1.0378416e-09,118072.83,-2.4264843e-09,12.272203,5.018549e-10,-1.4882252e-10,1.9255182e-09,-7.6050033e-10,-2.5978353e-10,272.12756,4.7860107,49.88714,-6.1317897e-09
69.14133,5.128441e-08,339108.06,-4.33938e-09,8.8756695,-2.6833131e-08,4.3371635e-09,-9.437945e-09,-1.3629689e-08,-3.693883e-09,-2327.0876,-196.66756,9.433842,1.6795635e-08
70.10947,-3.4074716e-08,261029.55,-2.0124056e-09,10.177824,-9.384803e-09,-9.464949e-10,2.6009042e-08,2.165741e-09,-4.8922852e-11,-22.591064,152.21143,29.528107,-1.703978e-08
151.03717,-5.068188e-08,231882.33,-2.1226235e-08,12.881434,-1.4114154e-08,1.6913305e-10,1.2283601e-08,3.7960546e-09,-1.1049343e-09,-1949.53,456.55402,17.858248,-4.3005985e-09
34.473743,4.1095532e-08,214784.47,5.850346e-09,12.135532,4.1688743e-08,7.5613976e-10,1.5897506e-08,-4.9345594e-09,-3.990936e-09,127.55835,-281.7624,59.84199,1.1179191e-08
8.889484,-8.653044e-09,221999.38,5.95673e-09,7.4760227,2.189914e-10,-2.3007066e-10,7.911015e-10,4.0657695e-09,-3.0233855e-09,-603.7549,-12.816689,30.511967,1.3705496e-08
60.74475,-2.722432e-08,308524.56,-1.1889069e-08,12.408553,-6.3109753e-09,-3.3042284e-09,5.0509392e-09,7.400995e-10,-1.3328775e-09,-555.3435,107.06371,52.92564,-4.127139e-08
64.1218,-6.9836754e-09,161291.92,5.7717733e-09,11.097822,2.0037365e-09,-7.977261e-10,1.4889434e-10,3.268903e-09,-3.1136853e-09,-1397.9695,-12.296127,34.28801,1.3688119e-08
3.4120293,-5.752967e-09,396710.38,3.0297689e-09,12.153646,1.3898901e-09,-1.6024007e-10,8.19598e-10,2.7990656e-09,-5.8756098e-09,-541.5698,-11.461891,32.64631,1.4974704e-08
65.04825,1.5794717e-08,557752.7,-6.84604e-09,8.522216,-6.349632e-09,3.4905967e-10,4.2190382e-10,-9.092344e-09,1.239047e-08,-117.57933,140.91655,47.97911,-1.2532215e-08
45.850327,-2.3407856e-09,201423.86,-7.123748e-11,12.0087185,-6.1814204e-10,-5.840783e-10,1.0257936e-09,2.2252449e-09,-1.4451288e-09,-943.18585,-13.150757,26.487144,4.8839164e-09
32.012848,-5.2164e-09,293216.84,-1.7894601e-09,13.869002,-7.315871e-11,-1.194416e-10,-2.559994e-10,2.0068145e-09,-2.057539e-09,-861.43335,-11.651939,61.734047,9.412414e-09
49.74861,3.4795416e-08,332194.7,-7.622145e-09,9.836736,2.0660378e-08,-2.857765e-09,-2.239693e-08,-3.6469492e-09,-4.849481e-09,15259.014,-54.572037,36.07796,-1.0701198e-09
2.4425583,-5.4634453e-09,335155.06,-1.7866201e-09,10.858992,7.587861e-10,-7.124603e-10,-4.3889933e-10,3.6003e-09,-4.839674e-09,-536.34924,-8.679661,44.88327,1.0602807e-08
41.381138,4.714778e-08,218443.66,-9.96259e-09,13.10593,8.771574e-09,-2.4789057e-09,-1.7473633e-08,-1.2485506e-08,-3.9075703e-09,12783.4795,-337.84644,51.937458,-4.9661857e-09
-5.487152,-5.1776348e-09,226362.44,5.743062e-09,9.538504,-2.1570543e-09,-3.3512592e-11,5.34701e-10,2.0327644e-09,-3.1086227e-09,-656.64136,-11.850487,23.095085,1.087845e-08
47.223236,-4.3585477e-10,230324.03,-4.00971e-09,5.6786766,3.074445e-10,-3.9150572e-10,-1.7594953e-10,2.876591e-09,-2.4252055e-11,-713.1927,19.918041,56.291832,3.7181629e-09
42.80448,1.3669631e-07,107568.88,-1.36889975e-08,7.9547353,-1.7163305e-08,5.868064e-09,-6.3768645e-08,-2.6321915e-08,-1.502006e-09,31921.23,-203.72087,40.757153,2.1703906e-08
79.46652,3.5401015e-08,228913.75,-1.8262817e-08,11.144315,-8.6739e-09,2.1892999e-10,-3.146225e-10,3.767996e-09,1.4699031e-09,11549.693,435.82874,35.838066,-1.1939915e-08
46.09879,-1.7019364e-08,285396.62,1.1804244e-08,11.937142,2.1140234e-08,-2.4283775e-09,1.2613845e-08,-3.4304226e-09,-3.729717e-09,755.2954,-111.34349,29.34669,3.4792438e-09
35.7269,5.441391e-09,201158.17,-2.7154194e-09,9.35423,1.9311486e-08,2.4283764e-09,2.2401446e-08,7.6762846e-10,2.2836873e-10,-472.3308,-174.02654,31.954536,1.2122162e-08
86.94183,3.2991675e-08,217389.61,6.7984693e-09,11.12985,-1.8452e-08,4.4610484e-09,3.6170429e-09,-6.28211e-09,-3.2444172e-09,-5510.3604,-291.77893,4.0090103,3.5513626e-08
8.3648815,1.2183309e-09,56709.438,-4.2864894e-09,12.795893,1.0784836e-09,-6.360942e-10,5.3625865e-10,4.3874206e-09,-2.094638e-10,-849.5218,-6.9344673,51.899727,5.9029706e-09
94.194786,-1.0904952e-07,331415.84,-2.8007827e-08,13.9862795,-1.2844822e-10,-2.7770493e-09,2.6788639e-08,1.210098e-08,-2.2304152e-09,-926.62964,324.24185,53.447197,-2.0401282e-08
6.911894,-9.041736e-09,277725.53,4.835645e-09,12.625701,1.3782543e-09,7.309753e-11,9.560224e-10,3.345984e-09,-4.006822e-09,-930.8309,-12.770119,33.301525,1.4805112e-08
56.3384,-7.868445e-08,191003.5,7.788331e-09,10.164693,1.2163811e-08,5.2430704e-10,2.0519455e-08,1.1338282e-08,-2.4718885e-09,-243.58374,2.8480835,46.021774,1.0552992e-08
17.804655,-6.395439e-09,357599.88,1.2562698e-09,9.034928,-2.0353959e-09,-3.3172998e-10,2.1890723e-10,4.466951e-09,-4.0053263e-09,-569.37305,-8.339947,37.517105,1.6509373e-08
51.888725,-7.8911775e-09,265138.3,-9.182581e-09,13.073193,9.186114e-09,-1.5971976e-09,1.3602172e-08,-5.098168e-10,-3.389563e-09,817.73535,-98.66661,57.422985,-2.1996442e-08
42.623814,-2.0300062e-09,151364.9,5.5717537e-09,7.8133507,-3.7769896e-10,-6.1226274e-10,-6.4926875e-10,3.7670502e-09,-1.361809e-09,-922.82184,-0.9855728,26.904175,5.362164e-09
72.95322,-5.5555867e-09,188739.23,-4.5876978e-09,11.374972,-7.4992945e-10,6.853838e-10,8.1915696e-10,4.192812e-09,-2.625667e-09,567.3074,31.437275,32.089504,-5.4673848e-09
10.991287,1.1753799e-08,400339.8,-5.321647e-09,9.707926,3.7096048e-10,1.4448204e-10,-1.4167562e-09,-4.316094e-09,3.727803e-09,1494.7045,105.53575,55.346844,-1.1332834e-08
100.3795,-8.318855e-08,390063.44,-2.5718295e-08,11.997452,-5.9667253e-09,-3.0658145e-09,1.1790937e-08,8.248929e-09,5.3659066e-10,-660.8645,276.4117,26.2933,-3.9964224e-08
46.813038,-2.4222151e-08,-38767.89,6.2700325e-09,14.023096,7.734521e-09,5.834817e-10,1.4155656e-08,2.6590334e-09,-3.2859924e-09,-1226.9851,-17.126389,28.184204,8.383765e-09
84.89469,-3.669208e-08,158456.52,1.6482774e-08,10.6846895,5.970846e-09,-2.4781188e-10,1.4563158e-08,2.5074565e-09,4.744797e-09,1424.469,68.25402,48.694366,4.3371667e-08
65.62134,-2.2502713e-09,139429.9,-2.6933458e-09,10.910345,-2.0918078e-09,-4.3852894e-10,-1.564913e-09,3.8707433e-09,-1.8851614e-09,-60.60176,-8.938698,30.310345,-1.6761939e-10
35.59706,1.3756699e-08,183595.17,-5.7573737e-09,9.600679,-5.2771525e-09,2.354026e-09,-2.1352328e-08,-2.8151672e-09,7.039053e-10,228.22241,261.76242,52.8506,-9.037848e-09
42.347496,-1.4411938e-08,260010.02,-1.8013457e-08,7.5889115,-1.7596438e-08,1.970368e-09,-1.730767e-10,-1.018347e-09,-2.4172744e-10,198.62964,166.91296,39.113564,-5.8114105e-09
112.22615,-2.1669269e-08,149764.3,-2.3079629e-08,10.74513,-3.8605172e-09,-4.0302736e-10,-3.648963e-09,4.697028e-09,-2.49808e-09,-979.5559,282.20282,36.95175,-1.1145137e-08
1.6746941,-2.3471853e-09,166460.36,-1.0751161e-09,8.158348,2.4768643e-10,1.6432386e-10,-3.0474442e-10,3.3397816e-09,-1.6490114e-09,-476.28967,-10.803368,47.766647,8.072846e-09
217.03949,6.2553184e-08,191484.95,-2.697877e-08,10.398976,-3.3031449e-09,8.763717e-10,-3.8719858e-08,-2.0107171e-09,6.0983876e-09,20722.816,794.95087,5.9999123,1.8822945e-08
39.98329,-6.0811276e-09,179633.05,6.029172e-10,11.010173,-1.5210905e-09,-2.673294e-10,1.0305902e-09,4.028711e-09,-1.8752133e-09,-794.5115,-9.207748,45.50792,9.956738e-09
-15.612259,-7.894666e-09,378592.38,3.2015568e-09,7.3273964,4.8522072e-11,-1.2178056e-10,1.0864523e-09,3.175538e-09,-3.6102177e-09,-575.25305,-10.05471,39.141117,1.5217486e-08
-7.7302628,-5.5240648e-09,250319.4,4.5941726e-09,10.690473,-1.7284286e-09,-7.463431e-11,9.7340434e-11,4.306906e-09,-4.7308077e-09,-744.58966,-11.536659,29.018295,1.1850116e-08
46.771183,-2.0918957e-08,300651.88,3.026687e-11,11.898003,1.007351e-08,-4.8270815e-10,2.5858824e-08,3.0726117e-09,3.6645756e-10,446.9043,220.68707,65.275215,-1.3564616e-08
162.17015,1.05833395e-08,233686.94,-5.073026e-08,12.731148,-4.1588645e-08,-9.012292e-10,-3.144376e-08,2.5470082e-09,2.2593512e-09,16799.922,580.3325,40.792175,-3.0027238e-09
4.750248,5.963603e-09,228518.75,-4.0795274e-09,12.925398,3.568375e-09,-4.4437504e-10,-1.0544492e-09,4.459258e-09,6.5751726e-10,416.7221,13.251804,40.381977,-4.853715e-09
37.7039,-4.895393e-08,212317.75,5.7225096e-09,13.553088,1.9756966e-08,-5.470289e-09,1.42957415e-08,8.679882e-09,-1.7735847e-09,491.1228,162.58795,47.38206,-7.254179e-09
28.280697,-5.7241234e-09,173152.55,7.4454447e-09,10.803889,4.3619594e-10,-4.912442e-10,2.278423e-09,1.0854284e-09,-2.5319629e-09,-863.9041,-12.107056,28.82345,1.0179681e-08
118.34996,-2.3910276e-08,216567.62,-4.933259e-08,4.992198,-1.586179e-08,-7.018293e-10,-3.563503e-09,1.5761471e-09,-1.9394706e-09,-1070.7424,266.88544,57.77655,-3.442103e-08
84.01944,7.4788495e-09,279080.0,-5.020247e-09,7.9370785,2.6765845e-10,3.3702702e-10,-5.619779e-10,-9.218322e-09,8.042365e-09,638.283,122.71091,36.587097,-7.3932642e-09
53.75865,-2.0801745e-09,137487.48,6.762567e-10,10.940786,-1.418617e-09,1.799074e-10,-2.3216362e-10,-3.0991096e-09,-5.7665495e-10,-573.2917,0.9905815,54.298153,7.844853e-09
55.062805,-2.7678349e-09,91111.07,-2.0636235e-09,7.211513,1.5670104e-09,4.071765e-10,-5.54623e-10,3.2698626e-09,-3.4140042e-09,-146.61143,10.28096,47.03944,7.228871e-09
57.04447,-4.474631e-09,234874.9,4.1880485e-10,7.012678,-5.794474e-10,1.9874576e-10,1.2626021e-09,1.9761999e-09,-1.7912898e-09,-394.35742,-12.106819,67.76422,1.3079806e-08
74.67529,4.21631e-08,159560.03,-1.7548032e-08,12.899931,-2.2242988e-08,3.4347245e-09,1.5934305e-08,-6.0723306e-09,-3.95333e-09,-1169.9534,138.36679,51.17955,-1.4355265e-09
45.383556,-1.9274515e-09,316637.06,-5.0186366e-09,12.481065,4.7968046e-10,-5.772567e-10,-2.9050587e-10,-2.2738418e-10,-4.128305e-09,497.00806,7.6338882,32.577316,2.3257674e-09
864.20807,-8.36779e-09,-120113.58,-1.2395335e-08,19.27695,-1.3748775e-08,7.629482e-09,-4.4536048e-08,-3.4307472e-08,-6.4000596e-09,1112.127,-62.083755,-331.11502,2.8675549e-08
-22.569736,-9.50895e-09,217145.19,3.746326e-09,2.3020597,-1.8614293e-09,-2.9995995e-10,6.926867e-10,3.5116636e-09,-4.1154165e-09,-484.93268,-12.206398,36.867165,1.6598657e-08
547045500000.0,-5704.642,-62364183000000.0,-2.358662e-05,3606.7659,24.461628,-2.5235893e-08,2.0415008e-07,6.908804e-08,1.6542174e-08,18633.404,532.6739,62.02722,-1.6844437e-08
41.639206,7.6873675e-08,205765.36,-1.1436613e-08,8.671,7.689979e-08,6.917918e-09,-7.177548e-08,-1.3861743e-08,2.2714061e-10,-10842.187,1618.9254,83.58296,6.204326e-09
81.39363,7.364589e-08,258423.17,-2.5317968e-08,13.129453,-7.02346e-09,2.995518e-09,-5.3185513e-08,-7.641576e-09,-7.634162e-11,6684.587,1375.3146,59.75081,8.326746e-09
72.47981,-4.6267923e-09,145863.94,-1.3684549e-09,6.7996836,4.183956e-10,-1.0099215e-09,5.801245e-10,4.0443098e-09,-4.458749e-09,-333.54657,-11.862968,42.612793,6.0947314e-09
213.29826,-4.7595183e-08,161749.89,-9.746529e-08,11.127473,-5.7882875e-08,4.1685206e-09,-6.0718617e-09,-9.555157e-11,-1.5661892e-09,8023.7485,356.41565,34.895355,-1.6335974e-08
126.52826,-3.752818e-08,376379.56,-1.9376186e-08,7.227284,-1.2073333e-08,5.8469585e-10,1.0226141e-08,5.6728657e-09,-3.5332433e-09,-1819.137,145.91388,42.984715,3.494167e-10
56.169518,-1.0864436e-07,255415.28,-7.037924e-10,8.959473,8.3956495e-09,-2.6974636e-09,2.959393e-08,1.370201e-08,2.63125e-09,28.276611,226.17035,45.452763,-3.268342e-08
39.344208,-3.255814e-09,257169.31,-1.6188829e-09,8.50524,-8.407305e-10,1.5784431e-10,7.0505013e-10,1.4594433e-09,1.0820997e-09,-283.891,-2.5459824,90.10459,9.954417e-09
79.58637,-2.0209145e-08,173341.45,-1.134067e-08,12.526135,1.4368104e-09,-1.4414716e-09,1.4926169e-08,3.2104697e-09,5.1423255e-10,-278.82593,10.47905,18.32624,-3.6152525e-08
47.68897,-6.5317645e-09,181339.75,4.898574e-10,6.848783,-1.5687723e-09,-2.6201352e-10,-3.5126685e-10,5.3679727e-09,-2.2497195e-09,-578.30475,-2.7617989,53.833733,1.5460332e-08
57.504734,-1.171484e-09,257743.02,-2.3836193e-09,9.746288,-1.5093665e-09,6.5479355e-10,-3.4410017e-10,-5.090471e-10,-1.8814015e-09,-339.81012,4.855961,50.75746,-3.7665777e-09
17.824686,-1.0351113e-08,351559.75,4.34076e-09,11.837324,-1.4181825e-09,-3.5103903e-10,2.8375868e-09,4.165484e-09,-5.9079497e-09,-848.25653,-13.856964,40.08133,1.5604678e-08
51.83594,-2.285239e-08,352039.5,4.2982884e-09,16.334011,1.39794505e-08,1.3059642e-09,6.002146e-09,5.7061795e-09,-3.442883e-09,-1611.5984,158.56113,37.921,8.921709e-09
58.52225,2.9622433e-09,303352.56,-1.1579659e-08,12.7193775,4.302954e-09,-1.1382523e-09,2.9412546e-09,-5.487414e-09,7.5296963e-10,-2224.2644,-211.08855,34.704628,-2.3113662e-08
19.402082,1.5592634e-10,158756.31,-4.8625026e-10,4.695116,1.3799307e-09,-2.3315896e-10,5.488615e-10,2.2987787e-09,-2.1412165e-09,-266.44562,-3.3874931,34.521645,7.551177e-09
25.796642,4.0424883e-10,89133.62,-6.7372317e-09,11.771397,1.2491879e-08,-1.0445423e-09,7.214409e-09,-2.5594638e-09,-4.127961e-09,-97.91504,-12.090485,38.09691,-6.6340626e-09
62.628796,7.881885e-08,308075.97,-3.094251e-08,4.164206,-8.779587e-10,-4.9384234e-09,2.287534e-08,-1.3672525e-08,-4.0127506e-09,12718.341,855.33405,46.581207,-4.140244e-08
77.5245,-2.641704e-08,259897.03,1.9526085e-09,12.059053,-5.030351e-09,-1.2290259e-09,2.00095e-09,1.212245e-10,-1.2053863e-09,-1528.3259,113.53485,38.54893,-6.6951367e-10
69.57715,-6.485193e-08,328219.38,-1.6981842e-08,13.675439,1.9243247e-09,-3.9836667e-09,9.850182e-09,6.58975e-09,-2.2162363e-09,-518.1648,187.56087,53.576073,-4.8403873e-08
104.91862,-1.15353895e-08,301409.6,-6.960136e-09,13.518572,-7.595934e-09,-1.7809411e-09,2.0109912e-09,3.6831445e-09,-4.7335813e-10,-1707.6663,104.05374,47.59647,-3.19465e-08
9.996662,-8.460577e-09,396525.3,7.9630225e-10,11.888369,6.9033286e-11,-9.967278e-11,2.141302e-09,2.3495685e-09,-4.4254405e-09,-469.17737,-9.409569,45.151802,1.6003211e-08
31.655834,-3.0663028e-09,210211.05,2.0787776e-09,1.0196218,-1.9037907e-09,-8.694329e-11,-4.6278578e-10,9.084284e-10,-1.442964e-09,-269.7447,-7.022373,31.457052,6.987145e-09
12.991968,-3.0714746e-09,272828.75,1.8266891e-09,7.0710077,-2.8412779e-09,-2.1995755e-10,-1.6424498e-09,3.8316204e-09,-8.346668e-10,-745.49146,-6.4971085,34.16037,9.049735e-09
39.59555,1.4530057e-09,120233.33,-3.532381e-09,13.080495,6.735122e-10,-6.366014e-11,-3.6170483e-10,-5.336311e-09,-1.3183231e-10,104.033264,-5.9365044,33.86848,-4.3576347e-09
47.78921,5.784642e-10,244167.9,-4.2474158e-09,7.884362,-1.6228795e-09,-3.1461535e-11,-1.5636986e-09,4.145584e-10,-6.2719724e-10,-124.30473,24.879679,44.813816,-9.304845e-09
58.190125,8.515837e-09,-37239.234,-6.732252e-09,9.789158,-4.2857166e-11,-8.906184e-10,-1.0202332e-09,-2.5552414e-09,3.854993e-09,-205.55675,69.66777,55.853935,-1.4580973e-08
55.827297,-2.9062455e-09,96763.26,9.200569e-10,11.003335,-1.0082447e-09,-2.1787562e-10,-8.413472e-10,1.8625508e-09,-1.110334e-09,-88.67482,-15.655258,30.680122,1.0631372e-08
74.58147,-4.894821e-09,170294.84,-3.741763e-10,9.562425,-1.054212e-09,-4.1149778e-10,-1.8930504e-09,4.320775e-09,-2.05294e-09,-633.1551,-19.593842,57.257416,1.068563e-08
54.91333,5.9060643e-08,-85631.234,-2.642647e-09,9.069886,-3.3197785e-09,8.58219e-10,-6.3315877e-09,-2.4753257e-09,-2.3212379e-09,7368.541,-27.761688,42.789867,6.6357577e-09
33.823936,-3.205842e-08,193962.08,-5.4250098e-09,14.842332,9.821863e-09,-5.130037e-12,1.0241678e-08,-1.1732137e-09,-3.222776e-09,-507.6897,179.6674,41.417316,-1.8458287e-08
209.38472,2.3389191e-08,424611.84,1.0431371e-08,11.841715,1.5113459e-08,-1.15890283e-10,-2.8846683e-08,4.106922e-09,-1.4384328e-09,6131.6636,626.23694,25.754436,3.914704e-08
38.468815,-9.696536e-10,237709.9,3.2010197e-10,13.815417,-3.940303e-10,-3.3749104e-10,-7.4368345e-10,-2.6446831e-09,-5.8374945e-09,-31.048767,-7.1371994,27.360748,7.499885e-09
167.80217,-1.2199553e-07,398154.06,-2.4833287e-08,4.96511,-1.2827913e-08,-6.684648e-10,1.4272892e-08,5.880735e-09,8.5791557e-10,-1695.2859,166.45183,42.022243,-1.7489919e-08
24.605186,-9.139394e-09,317462.94,4.027084e-09,6.5759397,7.552613e-10,-1.390615e-10,1.647135e-09,6.972968e-09,-5.8627734e-09,-702.4191,-11.486649,32.462013,1.6058907e-08
80.80914,-6.059115e-08,171621.89,-4.026316e-09,1.5760708,-3.048102e-10,-5.5461418e-09,6.7626433e-09,6.2061236e-09,-4.4682125e-10,186.17773,95.80767,79.15825,-2.724671e-08
11.953207,-1.5624815e-09,268706.94,2.318957e-10,7.626927,-1.6622221e-09,-1.3468873e-10,-1.5449888e-09,1.9063064e-09,1.4260793e-09,-316.02374,-10.779884,61.75038,6.177598e-09
37.729652,9.239513e-08,3346.7344,-1.506253e-08,9.565058,-7.594474e-09,6.4406542e-09,-2.8707476e-08,-1.2997116e-08,-4.6132045e-09,849.99585,-347.81592,50.494972,2.833549e-09
111.06688,-9.693554e-10,135447.53,-6.200347e-09,8.664285,-7.9074514e-10,-3.0616254e-10,-1.3488911e-09,-4.344361e-09,6.963454e-09,988.7613,-2.5245743,48.25796,-2.5480222e-09
52.26307,-1.2638966e-08,285156.28,2.8552807e-09,12.750375,-7.3524194e-11,3.5548486e-10,2.6875802e-09,5.9063088e-09,-9.235034e-09,-806.6299,-17.265892,41.875942,1.807215e-08
38.62972,-1.6679874e-09,280902.66,-1.3448932e-10,8.687675,1.6046032e-09,-6.008938e-10,2.66782e-10,2.519282e-09,-5.7703237e-10,-92.44809,5.614914,43.487175,-1.8134982e-09
210.81888,-9.995783e-10,-7063.1562,-4.69177e-09,10.325637,2.6169387e-09,-1.6037801e-09,-8.269188e-09,-4.3974877e-09,2.255444e-08,-658.3814,14.6270485,28.395306,2.2531227e-08
55.745205,-1.9954694e-08,376396.3,-1.0126837e-09,11.789936,1.8347228e-08,1.2967866e-10,-1.11605e-08,2.8106844e-09,-6.580372e-10,-988.0359,564.75244,53.02768,-1.6803789e-08
171.52295,-2.1714924e-07,319782.72,-3.4854597e-08,3.0041656,-2.1943638e-08,-1.4554207e-09,4.5606225e-08,1.0099101e-08,-1.6007559e-10,-632.1531,378.2144,18.386421,-2.2968887e-08
18.832907,2.445387e-10,356621.8,2.7360185e-09,8.424678,-5.182796e-11,-2.238669e-10,8.9725694e-10,2.6889881e-09,-6.4854844e-10,-135.63115,10.5698395,19.781342,2.452754e-09
90.834076,-7.496632e-08,381409.06,-1.7802031e-09,9.13201,4.434315e-09,-4.8399627e-09,1.9399577e-08,1.2167914e-08,2.1895e-09,-1343.3401,157.9047,48.668777,6.0005103e-09
83.24422,-9.260687e-08,373609.88,-3.604567e-08,9.939489,-4.88833e-09,-2.9664802e-09,6.6413324e-09,1.0309215e-08,-6.583715e-10,-784.8386,477.20435,50.86404,-3.9234997e-08
40.97027,-8.396564e-09,221751.12,6.726765e-09,6.9883275,7.875693e-10,-2.878294e-10,1.75506e-09,4.717545e-09,-3.426949e-09,-597.8356,-11.833534,21.445398,1.31991005e-08
28.839184,-8.422447e-08,219628.6,-4.826088e-09,10.106888,2.4336579e-08,-3.449264e-09,4.037665e-08,1.2901946e-08,-3.0548601e-09,126.09741,12.191635,40.19661,-6.605976e-09
39.98242,5.690631e-08,-66430.11,3.998659e-09,10.964476,-1.8448151e-08,2.1503836e-09,-7.739192e-11,-6.4973857e-09,-4.683799e-10,3922.7646,-199.52473,38.160194,5.30673e-09
72.20362,-7.6671924e-08,297678.56,4.3219512e-09,9.249615,8.873591e-09,-5.144503e-09,2.2561485e-08,1.2526253e-08,-4.4856951e-10,-19.309326,12.368515,40.413315,-2.3653909e-08
17.988903,-4.8482547e-09,57336.906,6.805983e-09,9.637803,1.7025678e-10,-4.871821e-10,-7.949514e-10,4.5587716e-09,-1.7891221e-09,-790.00806,-12.198387,30.569038,8.094589e-09
-1.6645927,-6.0278933e-09,241645.31,6.124079e-09,12.324771,-1.5587402e-09,-2.9535896e-10,3.9953413e-10,3.3609433e-09,-3.1270628e-09,-1137.7683,-16.657402,31.517841,1.1779706e-08
44.716743,-8.290857e-08,446722.0,3.879074e-09,11.518527,1.5277546e-08,-3.0612015e-09,3.779046e-08,1.4293816e-08,2.8711225e-10,313.97607,51.61476,40.00945,9.777866e-11
57.29645,4.5554085e-08,258230.77,-2.4088322e-09,14.581306,3.5370886e-09,7.3654824e-09,-3.6433427e-08,-8.435177e-09,3.9625536e-10,26658.186,309.27176,47.247078,6.6333743e-09
152.29698,-9.1314114e-08,282714.22,-3.7652637e-08,8.531901,-1.6462225e-08,-1.2567645e-09,1.2939581e-08,7.1126203e-09,-4.3110127e-10,-1468.0715,162.32207,37.92311,-2.5686957e-08
25.792217,-5.3201124e-09,203055.83,1.4487991e-09,9.985492,1.1443168e-09,-6.07436e-10,1.0292484e-09,4.8164277e-09,-3.23025e-09,-442.18323,-11.747566,47.937973,1.1798e-08
53.02044,1.9121234e-08,235205.14,-7.0552884e-09,10.093113,-1.8925155e-08,1.7403411e-09,1.7467462e-08,-4.9781392e-09,4.960923e-09,6970.467,104.70976,66.837036,-2.7988214e-08
203.19595,2.1202881e-08,209034.31,-3.3345664e-08,7.540116,-3.8908418e-08,2.4929443e-09,1.1585383e-08,-2.7392115e-09,2.3739707e-10,-1889.3503,204.30643,17.97053,-3.619247e-09
64.708145,-1.4532817e-08,47291.53,7.454267e-09,7.201128,6.4885536e-10,-5.057378e-10,2.5821028e-09,8.688813e-09,-3.665455e-09,-787.72076,-13.231781,26.3964,1.3657953e-08
60.657917,4.629304e-11,461020.3,-1.7484775e-09,9.632976,1.6776219e-09,1.3911763e-09,-1.85139e-08,3.7326386e-09,8.273037e-09,6831.178,345.81464,72.91003,3.1760744e-10
48.212288,-5.4642037e-08,224480.12,-1.8467698e-08,13.3385935,-6.9860766e-09,-4.070885e-09,2.735756e-09,6.9902293e-09,-2.7966298e-09,-122.78027,914.0353,43.397953,-2.1436573e-08
43.44659,3.4213254e-09,161467.16,-3.2893595e-09,10.666805,-1.735071e-09,-1.1113578e-09,-9.67437e-10,-1.3660324e-09,5.49956e-09,-801.5101,26.616346,41.01761,-5.299231e-09
38.885796,-1.5784368e-08,338983.7,-4.1610004e-09,11.033086,1.1536908e-08,-2.0047188e-09,6.8689796e-09,8.048355e-09,-7.470768e-09,975.55493,365.7047,57.233612,-2.206279e-08
28.588104,-3.593516e-08,286987.7,7.8138935e-09,10.643016,9.606865e-09,-3.4269299e-09,1.34605305e-08,3.381776e-09,1.2091992e-09,514.73047,-127.84349,39.660988,1.5715381e-08
-17.215538,-7.56504e-09,128237.914,3.5456702e-09,8.75479,-2.1965467e-09,-5.1168975e-10,9.083312e-10,4.0970547e-09,-2.881182e-09,-775.0932,-14.875999,34.372787,1.2711198e-08
81.731125,-4.4236836e-09,238180.05,-4.0718443e-10,13.309374,-1.3155669e-09,-5.030956e-10,-8.799545e-10,-1.7904571e-10,9.85283e-11,-863.15094,-2.3412857,36.851536,1.7769088e-08
527647470000000.0,-5625355.5,-5.2791543e+16,-7.397432e-09,10.994164,-9.85228e-09,9.898455e-09,-6.987675e-08,-9.970107e-08,-1.2698298e-08,2653.6548,-465.17828,-72485315000.0,2.6082623e-06
42.695683,9.7377786e-08,393674.88,2.1974045e-09,8.666365,3.5470457e-08,-3.7477306e-09,-4.178254e-08,-1.2563956e-08,3.639858e-09,17550.762,424.90408,28.593061,2.6198668e-08
-17.593643,1.209624e-10,289821.62,-2.0863516e-10,6.7482553,-2.7412288e-09,-1.02152696e-10,-6.9539696e-10,-9.098218e-11,-3.7715892e-10,-630.8157,-6.305626,36.955143,9.100659e-09
55.571457,2.3923798e-08,256430.39,-8.759877e-09,5.867623,-2.207889e-09,6.586034e-11,-1.7600207e-09,-9.0765635e-09,2.6823061e-08,411.51013,566.0407,41.897106,-3.621337e-08
7.394532e+20,-7703891000000.0,-8.4275085e+22,-2.2723632e-05,3533.7402,33056450000.0,-2.5598467e-08,2.065751e-07,6.960526e-08,1.6691118e-08,18738.238,531.1781,62.01252,-1.6950946e-08
34.92385,6.3523395e-08,123122.16,-8.648041e-09,11.189555,1.8284156e-08,3.5140066e-09,-1.0187043e-08,-1.0723166e-08,-2.401349e-09,645.84863,235.11539,51.069927,-3.1410827e-09
-8.636543,-5.920982e-09,250769.0,-2.5563216e-09,12.764058,1.6522174e-09,-4.992921e-10,8.8250957e-10,2.2333742e-09,-4.238927e-09,-925.3697,-12.420082,47.24743,1.3021019e-08
47.18563,3.4868468e-09,300828.44,-4.2987076e-09,13.320561,1.8634864e-08,4.370055e-09,-4.7456467e-10,-2.9526481e-09,-3.7236363e-09,7320.8604,-37.84912,55.625526,-2.0859556e-08
196.64996,-2.8741377e-07,437558.16,-1.6729422e-07,5.300232,-6.41422e-08,-5.79312e-09,1.6732416e-07,1.1800291e-08,2.2283526e-09,1407.5984,-17.317001,78.10161,-5.642646e-08
54.209457,-4.5951474e-08,187837.98,-6.518659e-09,10.940452,5.42247e-09,2.1234607e-10,1.1379234e-08,8.864228e-09,-1.9749837e-09,-490.83716,181.05643,41.862,-1.2686825e-08
69.42221,-8.63402e-09,313693.72,1.189252e-09,11.843329,-7.858785e-10,1.8367306e-10,2.3468845e-09,4.3366533e-09,-8.695072e-09,101.673164,-3.5247612,33.210648,1.9519863e-08
33.792706,4.549925e-09,175397.92,-1.9355308e-09,11.843665,1.4098061e-08,-1.8582107e-09,7.704547e-09,-7.195981e-11,-1.51021e-09,531.93384,156.15085,33.735077,-8.280878e-09
102.123886,2.413335e-09,287703.62,-3.3377177e-09,12.664179,-8.333255e-10,-4.7995337e-11,1.2032456e-08,-3.2704461e-09,1.3987268e-09,-4729.8076,150.69945,35.706097,-1.2417304e-08
88.6893,-6.0607874e-08,222313.48,-4.4964846e-08,9.031324,-6.691253e-09,-8.8584484e-10,1.44760195e-08,4.1349724e-09,9.17741e-11,253.90039,136.38403,62.76022,-3.4913445e-08
20.087025,3.8140087e-08,-77416.95,1.4337037e-09,14.123811,-8.204839e-09,1.7202288e-09,1.7039214e-10,-8.183649e-09,-1.9546473e-09,-1247.0955,-323.8853,64.27011,-3.661125e-09
135.3474,-1.412785e-07,365205.16,-5.2549687e-08,5.3719163,-1.2980276e-08,2.8742825e-10,9.247977e-09,9.13269e-09,-1.4102837e-10,-1250.7361,255.98523,45.15845,-2.9123063e-08
126.0307,-3.291762e-08,322150.3,-3.661557e-08,6.6506753,-8.533684e-09,-2.5687144e-09,-2.594729e-09,5.6977196e-09,2.2750306e-09,32.125977,543.0713,32.542892,-2.5128243e-08
42.05186,-5.3612346e-09,251298.9,2.3788096e-09,15.341358,1.5738646e-09,-3.613689e-10,-4.8971854e-10,5.174264e-09,-5.376702e-09,-1253.7422,-11.028175,23.334442,1.3206597e-08
59.376152,-3.3835035e-09,221023.5,2.5687488e-09,11.896407,-2.4754018e-10,-1.3151767e-10,1.821533e-12,1.5576995e-09,-1.5595433e-09,-588.4228,-6.5748405,40.469124,1.28913165e-08
37.168922,3.6429777e-09,168071.4,-4.9614703e-09,10.419063,-3.5146763e-09,1.1822232e-09,-1.8674683e-08,-1.2176742e-09,-1.1221298e-09,-1835.6741,60.05925,45.896477,-6.9061574e-09
14.401695,1.5749317e-09,163600.19,-3.2529475e-09,10.154281,-1.1583042e-09,-3.6648143e-10,1.9518496e-09,-6.843368e-10,1.4844918e-09,-838.71716,15.024776,70.25222,-9.466535e-09
76.877594,-3.3804636e-08,299909.75,-2.2877616e-08,10.994514,1.4632996e-09,-9.718941e-10,7.0710247e-09,6.692191e-09,2.8231723e-10,-557.4431,158.42723,36.349228,-7.711378e-09
50.021294,3.6594796e-09,274817.12,-2.9160385e-09,7.814901,2.362631e-10,-3.0746655e-10,-8.4803126e-10,-1.6409201e-09,6.248747e-09,-424.95184,22.593092,10.514435,-5.9486083e-09
81.435486,-6.012149e-08,303121.28,-1.0562177e-08,10.085835,-5.7730034e-09,5.237064e-10,1.9413818e-08,8.396859e-09,9.561167e-10,-675.5261,165.98915,24.275593,-1.4192418e-08
31.582542,-4.8767244e-09,308098.25,-1.5725711e-09,11.111452,-1.1032094e-09,-1.6442153e-10,1.7482418e-10,2.269917e-09,-2.48936e-09,-850.6106,-9.027012,71.30275,1.5192494e-08
55.76933,-9.983524e-09,152912.0,1.6003687e-09,7.536463,8.597055e-09,-1.2706195e-09,5.150103e-09,-2.9775735e-10,2.398138e-09,-222.18188,-112.33818,57.656136,-1.35292595e-08
146944230000.0,-1532.48,-16749845000000.0,-2.346868e-05,3597.0261,6.5696445,-2.5283393e-08,2.0447202e-07,6.916272e-08,1.6562769e-08,18649.795,532.4866,62.025654,-1.6860595e-08
-22.918571,-8.948374e-09,281617.06,8.408558e-09,8.160455,-2.7659516e-10,-3.0268063e-10,1.1587091e-09,2.9083018e-09,-4.5111577e-09,-776.3682,-15.749977,26.84602,1.4316233e-08
53.905144,1.3060381e-08,-8979.141,-8.612249e-09,8.523078,-8.769011e-09,7.117093e-10,7.297651e-09,-2.796767e-09,1.4060425e-09,1453.6191,283.7494,35.282013,-2.4950523e-08
91.52246,3.95836e-09,311281.5,-4.5147055e-09,8.829931,1.6853279e-09,1.5762734e-09,7.177953e-10,-1.3954181e-10,2.1532132e-10,3386.9177,153.82541,30.189682,9.38065e-09
14.103617,-2.7424953e-09,333600.4,1.2353646e-09,10.565655,-2.1039535e-09,-5.277752e-10,-6.9491707e-10,6.0465677e-10,-8.3306767e-10,-947.186,-7.967087,34.984623,1.01908055e-08
43.75531,-6.1009895e-09,229422.7,2.49285e-09,12.917152,1.793044e-09,5.268389e-11,3.199115e-10,4.34985e-09,-3.0496101e-09,-1072.2711,-14.253693,38.949932,1.1248303e-08
107.60864,-2.0209876e-07,358882.12,-3.4155136e-08,8.194803,-3.0867247e-09,-1.9794792e-09,3.242698e-08,1.971574e-08,6.208543e-09,-285.24585,585.20013,44.013073,-1.9828517e-08
32.1336,3.0112481e-09,239420.12,-9.592501e-10,11.050663,-5.679066e-10,3.7896966e-10,5.1896615e-11,-5.6640617e-09,3.083007e-09,1450.205,53.023315,29.47625,-6.4449783e-09
65.41994,-1.6164866e-09,11549.094,-5.4357576e-09,9.890102,-2.5751088e-09,8.0715434e-10,-8.483324e-10,-3.169635e-09,3.7099555e-09,1171.1183,42.19779,50.40312,-7.409204e-10
34.635258,-3.7403947e-09,180044.05,-1.8374119e-09,13.026102,-4.0360614e-11,-4.0764167e-10,-9.759996e-10,3.0907883e-09,-1.9891249e-09,-1475.6442,-5.3950233,56.74656,7.2525173e-09
14.895536,-2.6505513e-09,221453.1,6.494427e-10,14.488978,5.1688465e-10,-1.9630077e-10,-2.503046e-11,3.018721e-09,-1.9695763e-09,-712.20917,-13.001472,38.07547,7.903191e-09
66.37799,-1.8834934e-08,238721.11,-7.07863e-10,13.120558,1.1201625e-08,-2.3300748e-09,1.8956433e-08,4.3772577e-09,-1.0790798e-09,178.87744,296.33417,37.34077,-2.6588708e-08
83.41921,-1.6849079e-08,419149.5,-1.723402e-08,9.994607,1.9289969e-08,-2.9117182e-09,4.6243733e-09,1.9607045e-09,1.4667839e-09,-3069.9812,939.17303,37.456055,-5.392024e-09
22.96439,-6.2405734e-09,293747.38,-4.9396415e-10,14.780453,-6.585199e-10,1.3153141e-10,2.7458658e-10,3.0420566e-09,-3.7796695e-09,-814.30914,-10.872658,45.094986,1.27767565e-08
24.614279,-6.355316e-08,263967.5,1.7801072e-09,13.209951,2.5104066e-08,-4.8274944e-09,7.261618e-09,7.920365e-09,-3.3366723e-09,580.20557,57.662537,44.044292,2.7157665e-09
73.63399,-1.8269995e-08,281493.8,-1.8599506e-08,11.0627165,1.12247855e-08,-1.3732188e-09,6.147931e-10,2.442507e-09,2.5734932e-09,-1564.5623,430.6656,25.533419,-1.4492839e-08
21.436686,2.605992e-08,230946.8,-7.352157e-09,11.033219,5.093666e-08,-1.8172973e-09,-2.3306049e-08,-7.4264666e-09,-8.7334984e-10,2753.7578,570.3151,54.23509,1.4228971e-08
26.264359,-9.562413e-09,167058.52,-1.9189977e-10,11.13373,1.2561092e-10,-2.0563783e-10,8.8629526e-10,2.7895906e-09,-3.469337e-09,-878.3752,-11.722282,41.907227,1.6925775e-08
28.425823,-5.17255e-09,250440.6,3.132605e-09,10.455586,1.4479722e-09,1.07791475e-11,-6.301899e-10,2.876564e-09,-5.1415068e-09,-832.2653,-10.836761,42.51777,1.4560229e-08
11.5191,-4.960006e-09,112694.45,1.5822927e-09,11.160372,-8.349415e-10,-3.1545e-10,9.857551e-10,3.4886405e-09,-2.6644693e-09,-723.1803,-11.334892,39.893467,8.213243e-09
50.97204,-8.14673e-09,243585.47,2.2713234e-09,6.2703395,6.651079e-10,-4.6551693e-11,2.2140956e-09,1.4769143e-09,-2.2753444e-09,-444.213,-10.817734,47.67091,1.3640637e-08
11.67098,-1.2607824e-08,159521.28,2.6646354e-09,6.2163477,-2.0832962e-09,-2.2403616e-10,2.8772016e-09,3.9476302e-09,-4.250959e-09,-728.0462,-13.290916,37.558517,1.4662678e-08
28.500956,-1.8305356e-09,148480.2,-3.356708e-09,11.425742,1.7332235e-09,2.9432157e-10,9.316122e-10,3.700079e-09,-2.4067603e-09,-225.26595,-7.6356583,33.192352,1.6927885e-09
22.776455,-7.2636306e-09,226630.25,-1.217543e-09,10.787554,1.7889105e-08,-6.0592447e-09,1.6534768e-08,4.984294e-09,-3.8026062e-09,936.71655,297.52338,48.650963,9.380793e-10
-11.847565,-8.246609e-09,427115.56,1.5544862e-09,8.888933,-1.2601771e-09,9.204196e-11,-5.134287e-10,4.495149e-09,-5.2874936e-09,-576.6617,-11.666283,32.0515,1.7869652e-08
1.5384102,7.1783024e-09,186946.42,-9.323207e-10,12.081266,-2.451046e-09,-6.773062e-10,-2.174768e-09,7.0520045e-10,-1.006273e-09,-628.4203,14.5860405,16.709911,1.6584952e-09
27.39775,4.728911e-10,162379.81,-2.6379102e-10,10.558955,-1.0488875e-09,-2.6085487e-10,1.8881492e-09,1.7632529e-09,2.3073325e-09,-573.8935,-16.914177,39.271027,-2.0571311e-09
31.269075,-8.72714e-09,219762.52,6.9169497e-09,10.851085,-1.012731e-09,-2.9503197e-10,-3.22531e-10,4.465009e-09,-4.3351727e-09,-997.84674,-12.538849,27.709711,1.1688076e-08
40.6276,3.413039e-08,313470.7,-1.5069265e-09,9.628026,5.3537352e-08,-1.869856e-09,-3.444134e-08,-9.24249e-09,5.6291967e-09,-4466.7705,204.85126,53.893616,-4.9031357e-09
11.153147,-8.929803e-09,224512.5,2.277802e-09,8.4274645,1.3269567e-09,-2.0801148e-10,1.4592035e-09,4.3499377e-09,-3.6220447e-09,-461.58856,-14.923714,47.74771,1.4876471e-08
68.81813,1.0189045e-07,-45319.344,-3.4272594e-09,11.354639,-5.373445e-08,3.5924461e-09,-1.822122e-08,-1.3590095e-08,-2.2139863e-09,3263.8235,19.442139,31.949867,1.190945e-08
125.872116,-8.491829e-08,260525.31,-1.9732967e-08,9.196861,-7.797604e-09,-1.0241411e-09,2.3600641e-08,4.8603175e-09,-8.868015e-10,-1788.3875,200.03568,31.48383,-2.8134735e-08
87.98289,-5.781278e-08,330350.8,1.1519683e-08,15.163256,5.903609e-09,5.2578436e-10,1.1984524e-08,1.12674785e-08,3.785429e-09,-2502.0774,241.42468,79.475136,3.333179e-08
95.409836,-2.7556707e-08,288193.94,-2.8896915e-08,8.876289,-1.1850824e-08,1.9280475e-09,4.169134e-09,4.3315214e-09,-7.036573e-11,39.324463,315.8193,23.322206,-2.110988e-08
150.33334,-4.8818812e-08,453396.94,-2.8747706e-08,3.3736067,-3.5942332e-08,1.9225321e-09,2.1658566e-08,1.856828e-09,1.0687624e-09,-3230.2566,215.97734,38.368332,-9.479911e-09
26.333254,-1.6143394e-09,295603.16,1.10513876e-10,7.4699306,1.4399653e-09,-8.8298024e-10,-3.8897058e-10,4.488771e-09,-3.3069802e-09,-496.40247,-1.7940979,39.722977,7.3193736e-09
59.88787,1.2285399e-08,235370.28,-1.27044055e-08,15.395459,-8.724683e-09,1.9602584e-09,1.2970706e-09,-1.5796467e-09,-9.098457e-10,594.63257,54.393784,59.5221,-9.1809085e-09
67.74811,-8.129541e-08,335491.03,-1.3402186e-08,13.695835,2.5244045e-09,-2.3147237e-09,1.4393559e-08,1.2807788e-08,2.3869375e-09,-203.51587,196.39098,71.75264,-1.8853658e-08
155.64278,-2.589897e-06,407855.84,4.5107087e-09,5.6243773,1.2626873e-08,5.596495e-09,1.1996471e-07,4.008638e-08,1.2064584e-09,2881.0205,246.363,54.041813,-3.8903668e-08
91.43194,-8.198586e-08,349497.2,-1.5978726e-08,10.605203,9.999334e-11,-3.2913656e-09,1.4931116e-08,1.0954402e-08,3.1708652e-10,-1155.1448,182.19247,50.038063,-2.1657183e-08
40.361603,1.3692839e-09,116745.91,1.2790208e-09,7.019297,3.8869397e-10,-1.7077371e-10,-8.158718e-11,-2.0349953e-09,-2.2203595e-09,-434.75806,20.850327,32.329098,-5.210347e-09
126.04944,-6.7081196e-08,383794.12,-1.2234613e-08,6.681229,-5.4888694e-09,-2.893623e-10,1.6158793e-08,5.859836e-09,3.2756926e-09,-920.67017,270.43597,26.387968,-3.5188217e-09
61.492554,-7.656856e-08,119528.695,1.7197868e-08,9.390478,1.5781524e-08,-2.290082e-09,3.2104982e-08,1.0875478e-08,-5.3459557e-09,18.729492,29.329483,52.060795,3.4488913e-08
41.19308,-2.4033337e-08,206300.94,1.9415567e-09,12.923094,1.9091807e-08,-2.210473e-11,1.7117003e-08,5.348089e-09,4.0857745e-10,-369.01,-180.19514,21.312923,2.4267491e-08
47.892315,-1.1407585e-08,144268.53,3.620901e-09,9.250753,-5.695932e-10,-5.0806834e-11,3.1511311e-09,4.656452e-09,-4.777011e-09,-893.76984,-15.549461,42.563076,1.32643425e-08
20.927254,-8.860851e-10,311647.94,-3.1561634e-10,9.648199,3.2730805e-09,-1.3535333e-10,-1.4294965e-09,1.342664e-10,-1.4703829e-09,-361.28278,0.791523,62.99523,1.1011636e-09
80.05756,2.0617676e-08,377879.78,-2.6144406e-08,4.313799,-2.3194403e-08,-1.7026901e-10,-8.439413e-09,-2.252223e-09,-1.4113414e-09,-1754.9187,665.8378,49.865166,-1.0583004e-08
8.594934,-2.2201303e-09,145457.02,4.510072e-09,9.831794,-3.86746e-10,-4.162051e-10,1.5297882e-10,3.9389e-09,-1.5993743e-09,-515.8401,-10.068222,33.385845,8.036474e-09
33.39652,-1.1806041e-08,134640.08,3.4662122e-09,10.672986,4.4288911e-10,-6.6117545e-10,2.7717908e-09,5.0363362e-09,-5.861982e-09,-610.9167,-15.185638,41.48103,1.6655408e-08
26.702082,-4.0863033e-09,275241.28,-1.0351678e-09,7.239568,-2.701918e-09,-4.5183626e-10,3.3801397e-09,3.801838e-09,-3.9185055e-09,-595.9639,-3.3626785,44.24163,6.366527e-09
53.37221,-3.0975202e-09,229592.22,-5.761363e-10,16.747473,-4.741642e-10,-1.9868135e-10,1.3036614e-09,2.0572446e-09,-5.266249e-09,539.2815,-9.116554,30.80059,1.085124e-08
40.638245,-1.0422568e-08,113776.8,3.034341e-09,13.247277,-8.51081e-10,-3.5313746e-10,2.3524203e-09,5.2180167e-09,-4.470248e-09,-944.7852,-13.967346,35.488007,1.4517603e-08
60.282814,4.2103114e-08,313053.0,-2.2976135e-08,8.567324,-6.7763968e-09,2.922981e-09,-1.0895772e-08,-3.3407195e-09,-4.4033124e-09,-557.3684,-57.404144,62.258144,-2.5660687e-09
40.100475,3.4404302e-09,236640.44,-1.1072909e-09,8.458065,2.782794e-09,-5.860034e-10,-2.0254098e-10,-2.086289e-09,-1.9218933e-09,202.65823,-2.9370766,40.947464,-4.822574e-09
265.17874,-6.772568e-08,81575.18,-3.845109e-08,15.701444,-3.520413e-08,4.9965223e-09,1.9429597e-10,4.96574e-09,6.760236e-09,26590.898,46.473495,20.907436,-2.3543393e-08
83.32008,-1.05578984e-07,569364.9,2.7722965e-08,8.235451,1.13540395e-08,-1.7645003e-09,5.0577795e-09,2.2999545e-08,-2.6837328e-09,-5324.996,190.48676,88.17223,5.2364356e-08
37.826935,-3.897334e-08,168407.64,1.6012478e-08,11.947117,2.3500727e-08,-1.6649842e-09,1.9254374e-08,5.334994e-09,3.8284298e-10,308.1975,-143.80089,36.974884,4.89474e-08
44.797802,1.0625706e-10,286426.1,-5.337606e-09,8.682968,-3.4669358e-09,1.5464437e-10,2.0495086e-09,5.556207e-09,-2.6553195e-09,376.98047,3.5382652,49.093933,2.7257532e-09
16.971394,-1.7502194e-10,120392.73,8.514551e-10,8.721113,-3.2870004e-10,-3.3497663e-10,-6.9078104e-10,1.5009833e-09,3.4103862e-09,65.897766,4.9546814,28.710117,3.7262e-09
64.30136,-2.0552317e-08,149032.69,-8.654778e-09,12.40955,-3.055922e-09,3.87492e-10,2.2681837e-08,1.9676063e-09,-1.1141992e-09,-89.139404,137.33241,61.44628,-1.6762325e-08
118.492874,-3.5591135e-08,353395.7,-3.076564e-08,10.710457,-2.5907477e-08,-1.9655289e-09,-7.1116224e-10,8.0218445e-09,2.7893394e-09,1082.2056,235.9078,61.833374,-1.3728046e-08
141.2125,-1.1404634e-07,245021.16,-6.4587816e-08,3.037776,-9.243146e-09,-2.8768438e-10,-1.5615971e-07,1.4125514e-08,2.497368e-09,8246.375,421.23224,82.13269,-3.1746886e-08
34.349674,1.0478797e-09,202800.77,8.601721e-09,12.951308,6.463009e-09,-6.0402416e-10,1.7996609e-08,-5.0666467e-09,1.3228358e-09,-526.4026,-110.47792,35.90944,1.4246365e-08
76.19806,-5.611754e-09,227873.16,1.925998e-09,7.761751,-6.1508687e-10,-2.6981922e-10,4.1479498e-10,5.4984346e-09,-3.4223506e-09,-375.5686,-24.20787,50.238693,1.7549603e-08
26.974361,-2.92044e-09,221748.75,1.176047e-09,4.166394,-1.6376503e-09,-6.226042e-11,6.786698e-10,4.8083018e-09,-3.0076122e-09,-490.07495,-6.088585,44.253357,1.0094251e-08
5003289600.0,-52.23853,-569172950000.0,-2.2463764e-05,3499.568,0.22284663,-2.5747491e-08,2.0770582e-07,6.987577e-08,1.6760728e-08,18808.377,530.6705,62.009552,-1.7015376e-08
17.88773,5.1058637e-09,204673.1,8.971848e-10,12.242605,-4.5135343e-10,-6.559012e-10,-6.488928e-10,-4.083574e-09,5.2412696e-09,-495.39233,6.307869,33.983906,-2.5097918e-10
48.666813,-1.6506233e-09,138768.53,-2.5690896e-09,8.437918,-1.5074159e-09,-8.7888036e-10,1.911618e-09,3.084804e-09,5.2425214e-10,-1119.6293,0.3292923,47.789986,8.065673e-09
18.427776,-5.062854e-10,158856.84,2.3018323e-09,7.995329,-2.2511066e-09,-1.7924519e-10,1.7391961e-10,9.734464e-10,-1.293707e-09,-600.4233,-4.717163,41.264793,4.36226e-09
45.58846,4.9281965e-08,210888.16,-1.2873303e-08,10.9485035,-1.6437154e-08,4.473113e-09,-5.343805e-09,-9.720755e-09,2.8944307e-09,2147.813,171.68242,27.431282,2.144623e-09
41.05773,-1.3308362e-09,242954.1,3.3395017e-10,6.485758,-1.2939487e-09,-5.4496685e-10,-7.540134e-10,1.0164393e-09,-9.723911e-10,-581.20667,-4.7315025,33.908894,5.470639e-09
61.59247,-7.662434e-10,220983.28,-1.6754322e-10,11.38431,9.737203e-09,-8.606797e-10,2.5848143e-08,3.1476162e-09,-1.1269972e-10,2036.6023,51.94821,39.334564,-1.5949487e-08
31.249756,-1.5473228e-08,366216.38,5.4640092e-09,8.583551,-2.4939506e-09,-2.743679e-10,4.648651e-09,5.5086518e-09,-5.9155925e-09,-839.00476,-13.673935,38.363857,1.9902917e-08
-67.22427,-6.801053e-09,325493.9,3.6134182e-09,6.888714,-1.6431032e-09,-4.6540327e-10,-2.0712615e-10,2.3110143e-09,-5.165236e-09,-704.70844,-14.198448,31.242819,1.6225206e-08
81.78088,-1.0882183e-08,226387.58,2.6435392e-09,7.300065,-3.0544176e-10,-1.8542035e-10,2.2528839e-09,7.416874e-09,-4.3334065e-09,-459.2599,-8.653877,60.10083,2.4103922e-08
70.93631,-9.051405e-09,245153.44,5.6331464e-09,7.3316374,-7.418354e-10,-1.8239246e-10,6.384557e-10,5.46529e-09,-4.4733377e-09,-596.55634,-9.386635,28.61132,1.905383e-08
82.02638,8.074992e-09,235176.75,-8.649913e-09,4.764608,-1.3024114e-09,-1.8854321e-10,2.6985922e-09,-4.6126987e-09,9.26519e-09,568.6621,173.66753,38.463833,-2.7147202e-08
-9.705353,-3.9926226e-10,418660.78,6.440852e-09,6.9421377,-4.090124e-09,-2.3180424e-10,1.5927747e-09,6.123154e-10,-1.8537253e-09,-520.4238,-3.0752792,22.31428,8.36594e-09
64.28667,-3.7025778e-08,353846.12,-2.830304e-08,9.737112,1.9895414e-09,3.273369e-10,2.4756181e-08,4.517767e-09,-2.6943971e-09,-654.7073,182.7734,68.72441,-1.722929e-08
51.95546,-3.1863227e-08,263814.97,-1.7944134e-09,13.216787,9.7464286e-09,1.2874285e-09,1.3962722e-08,6.624718e-09,-1.0932504e-09,33.89331,133.22792,45.74158,-1.9549173e-09
124.51141,-2.0582068e-08,264978.06,-2.1789942e-08,10.177219,-3.0173116e-08,-2.0914734e-09,8.833027e-09,-5.258133e-10,-3.316077e-09,-1756.8464,231.85983,34.390945,-2.3363764e-08
-24.92136,-7.6186915e-09,97581.055,3.499946e-09,13.634301,-1.3724423e-09,-6.511064e-10,3.2152825e-10,2.2565005e-09,-3.7091086e-09,-1007.01056,-16.780907,34.88553,1.3219416e-08
44.21898,-5.861643e-09,161425.89,-3.6569306e-10,3.696599,-3.1612252e-10,-6.810271e-10,-1.5162368e-09,6.6102475e-09,-3.858728e-09,-604.1176,-6.01857,35.074917,1.2507586e-08
38.399868,-5.001065e-09,303913.6,-1.9506377e-09,4.5482287,3.6946618e-10,-3.9942769e-10,9.64098e-10,5.62472e-09,-4.2148898e-09,-371.77783,-6.1662903,53.23531,1.4105067e-08
40.69723,2.9368126e-09,406768.7,-5.3606057e-09,8.423625,1.0858997e-09,-4.3636955e-10,3.066972e-10,-3.459909e-09,5.2597082e-09,32.570038,17.741264,43.796024,-1.4122762e-08
44.05903,-6.844271e-08,327783.44,-1.63532e-08,13.218697,8.618568e-09,-2.3193838e-09,2.674803e-08,1.3820291e-08,2.0829533e-10,-273.66675,455.64862,31.72615,-4.0232983e-08
11.879717,-2.0307922e-09,90997.79,1.5090305e-09,12.851725,4.2267523e-09,-6.190914e-10,-4.8554455e-10,-4.851938e-10,6.757333e-11,-627.8381,-7.894943,29.247517,6.8004975e-09
33.561928,-3.8810977e-09,140478.97,2.4123332e-09,6.0004444,-1.1472859e-10,-6.629737e-10,1.5463191e-09,2.6136474e-10,-4.1169694e-09,-708.42194,-7.27269,28.355244,5.903854e-09
73.666855,-1.6701613e-08,330739.12,-6.103114e-09,13.162165,-4.3100807e-09,-1.9802542e-09,8.980507e-09,5.3921516e-09,5.4057114e-09,1570.1177,87.98094,30.468323,-2.6483834e-08
48.9426,-3.408133e-08,151547.17,6.6656245e-09,9.9180565,1.1701503e-08,5.4913574e-10,2.822223e-08,4.0306014e-10,-1.464711e-10,479.65503,-160.47215,28.789629,2.1013161e-08
143.76503,2.3522537e-08,344436.72,-3.6069707e-08,7.678835,-5.5182383e-09,4.955562e-09,2.940399e-08,-1.9959263e-09,1.9023632e-09,-574.27466,73.34548,35.09609,-9.692346e-09
18.517633,-2.034977e-09,313537.47,1.9444177e-09,11.420421,1.530006e-09,-7.6814155e-10,-3.9114945e-10,7.3536055e-10,-5.370082e-09,-871.56055,-6.75354,34.395294,8.946248e-09
75.39601,4.0484373e-08,98247.51,-4.628621e-09,10.3881,-5.049005e-09,8.6711854e-10,6.1627765e-09,-2.404068e-09,-8.0719154e-10,1614.3313,236.216,17.952816,1.5454663e-09
59.49353,-6.118404e-09,146749.98,3.9496744e-09,7.9110165,-5.512932e-10,-7.270411e-10,1.1540082e-09,3.4206071e-09,-2.3710425e-09,-406.0686,-6.74736,36.4127,1.2484458e-08
44.871124,-3.386586e-08,291073.5,6.681649e-09,11.373874,2.4328457e-08,-1.8575662e-09,2.2211376e-08,6.629289e-09,-1.0252945e-09,-393.0359,-78.873245,22.2561,2.6021235e-08
-2.7822456,-1.7937515e-09,203140.28,4.6256474e-09,6.4451447,1.480181e-10,-2.6977928e-10,-1.4337679e-09,-5.256318e-10,-2.2061262e-09,-659.72955,-9.427723,32.828682,8.236773e-09
245.66003,-1.6155929e-07,243019.33,-5.1093515e-08,4.1856003,-2.3948076e-08,3.4640095e-09,1.226564e-08,3.0421705e-09,4.792478e-09,-794.2483,272.1115,6.227928,-1.7997017e-08
22.475702,-7.365618e-09,201798.61,1.0612057e-09,9.915653,-2.120227e-09,-3.1853134e-10,1.9591768e-09,1.5555834e-09,-2.7427092e-09,-589.4652,-19.427246,71.44666,1.2139798e-08
47.566067,-5.071871e-09,257307.83,-3.377215e-10,9.140737,5.8767885e-10,-7.8088e-12,1.7253508e-09,2.1204225e-09,-3.112738e-09,-664.82086,-11.592911,61.43376,1.1036908e-08
-10.956928,-3.9988233e-08,97352.9,-9.912393e-09,17.760656,2.4319517e-08,1.22716814e-08,-8.248847e-09,-1.4434789e-09,9.643779e-09,215669.53,-265.63275,93.7446,-2.190699e-08
79.2847,-1.4668379e-09,-35320.938,-8.893741e-10,8.267417,-2.0850193e-09,-1.5039296e-10,3.2637673e-09,-3.1870033e-09,8.994481e-10,375.3552,61.5456,51.74456,-2.7941105e-09
24.543972,-2.0202795e-09,273348.34,-1.700515e-09,16.030544,-3.5579198e-10,-4.2410656e-10,3.7474015e-09,-5.53667e-10,6.508343e-10,-719.075,-7.636162,30.113548,4.8807878e-09
42.911636,2.470624e-11,75776.19,1.0490366e-09,8.351454,-4.9222676e-10,-1.9807794e-10,6.907816e-10,3.3536383e-09,-1.403194e-09,-525.1445,17.138409,6.6495934,4.5343502e-09
13.057308,-4.5787747e-09,241020.2,-6.599599e-10,12.981563,7.703053e-10,-3.9664363e-10,-1.3349466e-09,2.6161469e-09,-3.2883196e-09,-928.59393,-7.762348,46.267693,1.2872092e-08
98.02764,4.560643e-08,157999.53,-2.1494303e-08,7.7219286,-3.1387213e-08,1.6923114e-09,-2.8921974e-08,-2.4984492e-09,-9.523036e-10,474.17285,143.76477,39.70843,-2.1187117e-09
62.99285,1.128562e-10,308775.1,7.947191e-11,12.570759,1.940475e-09,-6.9119255e-10,-1.1793024e-09,2.7098e-09,-2.0118855e-09,-633.17395,0.67813873,35.679787,2.9600762e-09
109.79704,1.4430553e-07,225889.39,-2.2174984e-08,12.201352,-7.4376395e-08,5.271909e-09,-2.849664e-08,-1.4668071e-08,-3.1649938e-09,2226.102,181.69208,27.803524,1.2543917e-08
51.206398,1.6553981e-08,208967.98,-1.5928869e-09,9.38375,1.882499e-08,1.7052135e-09,1.0775444e-08,-6.955157e-09,-4.53774e-09,6061.9917,-194.43422,25.19719,8.416198e-09
29.791512,-5.0238345e-08,215246.23,1.2084984e-08,13.906535,2.7550549e-08,-6.9488065e-10,1.8277397e-08,1.0087291e-08,-5.0894966e-10,-242.44214,-165.47377,36.14993,4.0593765e-08
246.12079,-3.0001942e-08,307745.78,-4.16047e-08,6.8457947,-2.8729035e-08,2.6340448e-09,-3.2729528e-08,1.5433301e-09,2.2718147e-09,-344.60815,146.73996,17.203562,9.413951e-09
51.572166,-6.222789e-09,120129.74,-5.6005506e-10,12.763015,-1.678961e-10,-6.837581e-10,-3.028837e-11,2.2529476e-09,-3.6565262e-09,-1108.2104,-17.670395,59.099648,1.2272281e-08
15237075000000.0,-158745.36,-1736560800000000.0,-2.2723689e-05,3533.7415,681.15656,-2.5598457e-08,2.0657636e-07,6.9605576e-08,1.6691246e-08,18738.246,531.17816,62.01252,-1.6950937e-08
139.05489,-2.1092892e-09,68693.84,-2.5561617e-09,6.203861,2.8813055e-10,-1.7294458e-09,-2.335146e-09,-2.8041138e-09,9.895461e-09,518.0679,-19.535187,22.14397,1.0364603e-08
1.949873e+26,-2.078799e+18,-1.9508634e+28,-7.3974147e-09,10.994164,-9.852275e-09,9.89846e-09,-6.987672e-08,-9.97012e-08,-1.2698356e-08,2653.6538,-181.43996,-2.6786298e+22,5.8661058e-06
51.890434,-9.8789465e-09,211715.2,2.321158e-09,16.429089,1.6193571e-08,7.304199e-10,7.759385e-09,3.978529e-09,-2.7993097e-09,-1329.3489,131.07095,21.936249,-2.9779262e-08
-0.42702103,1.6608075e-08,194839.3,-7.168529e-09,11.802835,-5.1648897e-08,7.692159e-09,-5.9346714e-08,-6.403295e-09,-7.7109155e-09,2954.275,3849.2083,72.10559,9.066192e-09
23.944838,-7.0544193e-09,-14551.375,5.2676924e-10,12.792077,2.3862597e-08,-1.5147246e-09,9.238656e-09,1.1271382e-09,-2.5841378e-09,-410.41235,-218.93068,41.882645,3.761629e-09
22.38824,-9.620865e-09,164616.02,3.5803955e-09,4.9155674,-1.4583295e-09,-6.221759e-10,2.6946094e-09,3.8299275e-09,-3.6595593e-09,-574.8995,-11.059563,39.5689,1.2308891e-08
88.22733,3.729295e-10,83871.234,-6.657733e-09,15.2236185,-1.14629275e-08,1.4212928e-09,-5.155376e-09,-3.8290593e-10,3.0405634e-09,2459.3447,316.90005,20.748167,-1.0152039e-08
1.9907455,-1.1483214e-08,173318.4,2.0845519e-09,12.505052,-1.1640163e-09,-5.7388283e-10,1.9466977e-09,4.4901975e-09,-6.0077343e-09,-934.3931,-15.548508,43.524517,1.5908016e-08
6.8345354e+20,-7120465400000.0,-7.789285e+22,-2.2723618e-05,3533.735,30553045000.0,-2.5598489e-08,2.0657515e-07,6.9605264e-08,1.6691121e-08,18738.232,531.17816,62.01252,-1.6950937e-08
14.736866,7.7653866e-08,173182.47,-1.0868698e-08,13.972422,-2.9769183e-08,8.685987e-09,-3.9170573e-08,-2.7492245e-08,-3.9035686e-09,34999.58,-477.0923,48.477757,2.0212475e-08
110.178925,-6.6819496e-08,287184.03,-1.582707e-08,12.114529,-8.947471e-09,-3.958947e-09,1.749285e-08,8.462344e-09,2.2007935e-09,-1563.7556,136.4721,50.48371,-3.0577283e-08
75.692764,-5.594992e-09,179806.22,7.5413153e-10,5.061052,-3.8860776e-10,-7.729427e-11,-1.1997286e-09,4.3432142e-09,-4.146115e-09,-96.813354,-22.414726,56.328484,1.3568675e-08
93.26739,2.9231792e-08,279263.88,-1.6141612e-09,10.081994,1.8395891e-08,3.4514893e-09,2.5934847e-08,-9.699381e-10,3.4062166e-09,1633.1116,399.10538,20.969486,-2.34133e-08
21.841661,-4.0542028e-09,234704.52,2.8372926e-09,5.606264,-5.052997e-10,-3.7341066e-10,1.4362938e-09,4.087798e-09,-2.8223812e-09,-442.68964,-9.363174,28.020157,1.1449973e-08
51.658985,-5.8685348e-08,283447.03,-1.7094536e-08,11.288213,1.34708715e-08,-2.6176559e-09,1.9233916e-08,1.0050692e-08,5.131079e-09,-22.084229,100.06369,54.736023,-3.5341966e-08
69.44687,-1.1336502e-07,418942.88,-6.286629e-09,9.918522,-2.1947928e-09,-6.32383e-09,2.3082322e-08,1.4666114e-08,6.228433e-10,-240.1604,155.21773,69.7016,-3.885958e-08
25.649069,-8.2397955e-09,230967.72,4.2803343e-09,7.4319816,-4.9334925e-10,-1.6782706e-10,6.0327576e-10,5.223199e-09,-2.8389389e-09,-593.3489,-12.811523,33.532238,1.3410887e-08
23.600758,5.493231e-08,106526.375,-1.0001237e-08,9.809834,-1.25969e-08,2.5588702e-09,-1.729929e-08,-1.6038038e-08,-3.499222e-09,41472.91,-666.40704,63.41414,1.6400456e-08
42.633537,-3.715471e-09,103949.05,2.1652946e-09,7.121915,-8.2200836e-11,-5.3545373e-11,1.4216872e-09,1.8230708e-09,-1.010886e-09,-707.2679,-8.109879,29.371656,4.428387e-09
75.08691,-8.497541e-09,189015.36,4.3736637e-09,12.531225,-1.2068666e-09,-4.728722e-10,7.6456497e-10,5.606267e-09,-3.5486196e-09,-1212.7407,-16.91658,33.15267,1.13265815e-08
23.480228,-6.4779705e-08,284228.28,-2.6941782e-09,9.735711,1.8991503e-08,-5.7202585e-09,3.29758e-08,1.3069389e-08,-1.2998049e-09,253.52515,124.86068,25.595425,-1.088367e-08
30.91174,-3.2256624e-09,94020.76,6.1731855e-09,10.949745,1.7984096e-08,-1.4280287e-09,-1.9178112e-09,-5.641267e-09,-1.7523073e-09,1456.9758,-211.36256,42.443726,2.2933138e-09
114.604675,-5.6557166e-08,244091.98,-2.3845894e-08,5.7203455,-1.1120878e-09,-1.4798994e-09,1.6371876e-08,6.9916357e-09,-2.0001216e-10,-1070.8855,214.67633,37.47401,-1.6680193e-08
34.250416,-3.094304e-09,185584.83,-2.2419149e-09,6.927882,-4.1640073e-11,4.76656e-12,-1.8375799e-09,3.4393741e-09,-6.0267515e-09,-48.07115,2.2156448,37.779594,7.899544e-09
-3.4184494,-3.1213092e-09,190553.17,2.4259323e-09,7.541367,-1.3043677e-09,-5.5628113e-10,-2.9193803e-10,8.9662816e-10,-1.7014756e-09,-777.43115,-10.145279,29.048122,9.544145e-09
36.565113,7.4879374e-08,93517.83,-5.2086184e-09,11.642112,-2.2809894e-08,3.0084216e-10,-3.6753523e-08,-7.995979e-09,6.122156e-10,11132.083,609.79553,59.709732,-3.6563446e-09
47.331207,-7.551044e-09,120843.17,2.3990432e-09,11.971495,7.366504e-10,-7.2029593e-10,-9.877719e-10,3.5332e-09,-2.50879e-09,-1378.6294,-11.233398,35.362015,1.1304473e-08
24.452797,3.8257325e-10,210447.69,-3.847457e-09,11.381454,1.41507e-09,-3.0460887e-10,-1.4166831e-09,1.0209502e-09,-3.9029278e-09,-354.9934,-0.17382431,32.687004,7.810874e-09
1332110600.0,-14.324965,-155696580000.0,-2.7717964e-05,3878.9297,0.10462578,-2.381128e-08,1.9696023e-07,6.693951e-08,1.5933498e-08,17878.102,537.6725,62.035225,-1.6376646e-08
62.345547,4.259999e-08,225399.28,-6.462583e-09,12.46825,-3.6768565e-08,2.9749554e-09,-1.1186551e-08,-4.864258e-09,-1.9668673e-09,6040.586,93.29281,44.00754,1.0164375e-08
86.70372,-1.9961975e-08,326038.6,9.0689145e-09,13.623627,1.7189906e-08,-7.4014217e-10,1.4415459e-08,-1.1682971e-09,3.5067156e-09,-2778.2522,209.2917,28.67915,3.323423e-08
44.25316,4.4084976e-09,265631.2,-3.704876e-09,11.567783,4.9347987e-10,-2.0975899e-10,1.01846e-10,1.01115526e-10,5.6879017e-09,591.1856,31.095137,47.024025,-1.46442e-08
38.694965,-4.1313886e-09,185562.58,3.872105e-11,7.060671,-1.2098963e-09,-2.5054614e-10,-1.1314062e-09,3.62902e-09,-5.5423204e-09,-428.84137,-6.969349,44.58085,1.5360708e-08
34.258312,1.0456611e-08,128809.61,-9.149847e-09,13.14418,2.9001981e-08,1.5159214e-09,-7.746429e-09,-3.6031889e-09,1.4790535e-09,-1706.7742,469.25958,49.40394,-2.4271298e-08
6.113697e+22,-651793370000000.0,-6.1168026e+24,-7.3974147e-09,10.994164,-9.852265e-09,9.898456e-09,-6.9876755e-08,-9.970116e-08,-1.2698362e-08,2653.654,-181.43996,-8.398662e+18,5.8661058e-06
28.23201,-6.839948e-09,219061.53,8.4498547e-10,12.176407,-1.6542488e-09,-4.9608342e-11,2.0392195e-09,3.545991e-09,-4.4464623e-09,-669.3889,-11.282219,50.699303,1.0233015e-08
26.018494,-5.7219833e-09,195929.48,5.795971e-10,4.493775,-4.748933e-10,-2.3966693e-10,1.1316964e-09,3.609958e-09,-2.3778362e-09,-441.60156,-14.9073105,61.182186,1.0069555e-08
66.852715,-7.507011e-09,124732.555,1.0548952e-09,11.039552,-1.5260662e-09,5.9338215e-11,1.072456e-09,1.8492475e-09,-2.0257944e-09,-248.55498,-25.610863,59.502995,1.12024106e-08
31.755798,7.257566e-08,50467.562,-3.894881e-09,8.824376,1.1575464e-08,2.6242117e-09,-1.5532951e-08,-1.2499422e-08,-2.5106344e-09,839.4468,-318.6797,43.62583,1.8696241e-08
51.337868,2.8065516e-08,145207.62,-1.1322573e-08,9.177034,-7.359473e-09,2.363514e-09,-1.0994368e-08,2.4540645e-09,-1.785359e-09,19715.16,-113.34032,53.443523,-1.9786235e-08
140.69792,-2.2755417e-07,449762.84,-3.685084e-08,6.0793366,-5.243041e-09,-1.5397049e-09,2.5900892e-08,1.47233505e-08,2.08692e-09,16.329102,313.32333,53.314644,-5.3314082e-11
12.42972,-4.4895163e-09,136584.69,2.709183e-09,10.582754,1.1748723e-09,-3.426582e-10,9.96076e-11,3.4150036e-09,-3.7347854e-09,-715.52344,-12.634674,43.269135,1.0182442e-08
-37.07948,-1.06967475e-08,211564.23,5.2356075e-09,12.801772,1.3337245e-10,-4.3221096e-10,1.4036596e-09,2.3736826e-09,-5.597164e-09,-958.0362,-18.710922,32.982338,1.5688043e-08
-8.007053,3.0835983e-09,212796.58,-5.6203335e-09,5.5214233,1.7182278e-09,-7.422481e-11,-1.7259426e-09,-2.6807614e-10,6.628055e-10,17.022186,18.96909,60.091957,4.1686694e-09
54.920856,-5.29982e-09,254151.83,8.466382e-10,7.857851,5.4571503e-10,-6.978483e-10,-4.6737652e-11,2.7863314e-09,-3.643383e-09,-535.67084,-2.9625587,43.97298,5.033696e-09
34.331127,-8.186022e-09,253839.31,-4.7555393e-10,10.864084,-1.7046644e-09,-1.3327166e-10,8.2481755e-10,2.7567117e-09,-3.8041397e-09,-599.5965,-17.910652,81.48723,1.6821243e-08
98.46155,-4.9081265e-08,196069.36,4.0822252e-09,7.9435444,-3.2492966e-09,-2.891124e-09,2.277758e-09,1.0697592e-08,3.112209e-09,2893.8848,67.169846,53.75126,6.402124e-10
38.466877,7.351855e-08,357673.66,-1.032408e-08,7.5115905,-1.76765e-08,1.1870986e-09,-1.48191255e-08,-1.2466467e-08,-1.1495768e-08,2528.358,383.63306,53.73938,-2.905763e-09
62.281487,-3.1425436e-08,342606.22,-7.3560567e-09,7.551068,1.1042174e-08,-2.5325406e-09,-2.408294e-10,6.807678e-09,-4.4213277e-09,-1764.533,744.3064,55.267574,-6.749157e-09
51.198513,3.6526742e-09,246786.88,-2.6002593e-09,7.9901915,-7.0500067e-10,-3.6476616e-10,-4.4222186e-09,3.7710843e-09,2.9081142e-09,-451.67102,46.93911,35.548477,-3.4661862e-09
66.80626,9.870029e-08,154080.14,-1.6192615e-08,9.474268,2.2262988e-08,8.439562e-09,-5.273192e-08,-1.0555645e-08,-1.5788599e-09,-10079.502,-110.243576,35.957558,4.955429e-09
28.55272,-7.3983353e-09,248266.5,9.0429536e-10,11.11992,-1.1623749e-09,-6.7087384e-11,7.909383e-11,1.7306506e-09,-4.213959e-09,-800.3054,-15.459549,65.423134,1.6410674e-08
40.926987,-8.3686205e-09,170366.72,-2.33355e-10,7.0095787,-2.3360042e-10,-7.602848e-10,1.898823e-09,4.470847e-09,-4.3830637e-09,-462.6776,-12.975853,56.664246,1.624483e-08
30.560925,-1.1242484e-08,257378.25,4.445538e-09,14.360846,4.4853812e-10,-6.6122813e-10,1.6914262e-09,4.746228e-09,-6.6838757e-09,-959.6923,-16.237701,33.73128,1.3779012e-08
239.98486,9.038049e-08,-48579.562,-5.751099e-09,15.120885,-6.2962364e-09,5.566927e-09,-2.3600261e-08,-1.8296918e-08,-1.3539816e-09,3721.4905,489.27533,-84.49249,3.8285357e-08
66.94866,-7.26176e-08,299135.72,2.6743588e-10,6.752605,6.38947e-09,-4.7652016e-09,2.4917622e-08,5.153581e-09,2.7077942e-09,500.95215,84.81456,35.537575,-1.1735684e-08
48.76637,7.158338e-08,109270.46,-1.9524344e-09,12.544778,1.4501279e-08,5.4944653e-09,-1.2855666e-08,-1.14627134e-08,-6.2209177e-10,13763.197,-256.5006,45.72411,2.0606254e-08
61.81488,-5.901251e-09,178879.73,1.5323878e-09,11.580521,-1.6815703e-09,-5.876573e-10,2.0801783e-09,1.5608397e-09,-3.2826324e-09,-541.2444,-3.8264198,35.776764,8.520151e-09
-9.524223,3.7673313e-09,41761.344,-1.9881836e-09,6.6805553,-1.8094898e-09,-8.1327267e-10,-2.635612e-09,-2.4993257e-10,9.926512e-10,-617.5721,-1.1072273,31.472479,5.303174e-09
109.89244,-6.863713e-08,336931.3,1.492138e-09,9.191054,-2.5361144e-09,-1.4501795e-09,1.6911008e-08,6.8408594e-09,-1.1316552e-09,1054.991,192.85977,35.95478,-1.2966596e-08
36.12899,-9.4816786e-09,51049.766,3.829459e-09,10.521204,1.2741994e-09,-5.864993e-10,1.5973107e-09,3.843351e-09,-3.1934013e-09,-755.4637,-13.269257,35.744274,1.1490971e-08
-21.56461,-9.671065e-09,287767.6,5.3749876e-09,9.512473,-7.940805e-10,-4.4140144e-10,3.226776e-10,3.344356e-09,-5.7508864e-09,-723.28033,-15.939766,30.981161,1.5977083e-08
113.58865,4.8163e-10,356436.78,-2.1713223e-08,4.443719,-1.2785878e-09,-1.0084364e-09,7.2284703e-09,1.6262353e-09,2.267933e-09,2074.0327,446.99982,48.057564,2.2583277e-08
73.548225,-7.5270286e-08,414421.44,-1.9503197e-08,9.717507,-1.9052206e-09,-7.1688855e-09,1.9692639e-08,9.303242e-09,-2.1824942e-09,-794.7395,369.06412,49.764133,-2.2202856e-08
14.783283,-9.376791e-09,231785.36,-8.0333273e-10,10.452971,-1.2966678e-09,-6.6394595e-10,7.89331e-10,4.065557e-09,-3.880319e-09,-809.1378,-10.0158,46.611,1.4486086e-08
43.366047,2.1752127e-08,23564.281,-2.1437963e-09,14.723437,1.895834e-08,4.98008e-09,9.996136e-11,-8.8539415e-10,-3.812644e-09,-312.34302,-125.70375,45.742836,6.0033423e-09
79.002884,-1.7626688e-09,145111.45,-2.0550617e-09,9.904283,-1.3615368e-09,-2.1871487e-10,2.155329e-09,3.6405776e-10,-2.907103e-09,686.17633,28.884735,57.904053,1.7447674e-08
99.08924,-2.311477e-08,335320.2,-1.4515721e-08,11.008959,-6.3231607e-09,-1.5574622e-09,4.059402e-09,5.5668408e-09,5.2913954e-11,-1435.8411,197.8772,45.93935,6.8159025e-09
75.92124,1.37160825e-08,-129008.984,-6.469676e-09,12.228701,3.1380334e-09,-9.2755487e-10,-2.261469e-09,-9.3295425e-09,1.33945806e-08,-391.51147,97.81067,47.468754,-1.1675438e-08
96.239105,-9.86271e-08,454687.56,-2.2534072e-08,8.003939,-4.4289497e-09,-3.6008374e-09,3.3969336e-10,1.3064724e-08,6.946298e-10,-971.44556,453.12396,53.713463,-3.675531e-09
75.05444,1.4252951e-08,75634.164,-6.1795307e-09,5.9177012,2.1077675e-09,-2.68487e-10,9.617372e-09,-1.6533303e-09,-1.3800828e-09,-1807.5774,26.53926,44.868313,3.555088e-09
48.683445,3.7953596e-09,355524.7,-3.0520866e-08,9.859028,-6.7423036e-09,1.395366e-10,-4.113325e-09,-1.993011e-09,-5.972933e-09,18561.125,65.12747,54.018463,-4.445202e-08
127.2885,-1.9315215e-07,382419.75,-6.412708e-08,-1.1482964,-1.0693907e-08,-2.5784874e-09,1.5434619e-09,1.191556e-08,5.653129e-10,679.5737,114.13059,70.89955,-4.5013923e-08
283.8705,5.202877e-08,270099.3,-6.471659e-08,17.903868,-6.199246e-08,2.5648133e-09,-2.6849923e-08,-9.818205e-09,2.3489237e-09,4533.4023,571.7667,-8.619465,1.1414002e-08
60.0995,-2.9581564e-08,363956.7,-2.5849611e-09,8.579839,1.756592e-08,-2.6161417e-09,2.3162027e-08,1.2453016e-08,-5.2183555e-09,1802.5991,456.69757,50.39042,-3.2699244e-08
55.61958,-2.1977577e-08,207967.61,-4.3971067e-09,14.349488,1.9161848e-09,-4.467471e-09,1.3018214e-08,-1.4606781e-10,-1.68749e-09,1689.0781,65.73665,52.611572,-2.6901473e-08
23.80254,2.737457e-09,244435.56,-2.0135553e-09,13.854506,3.508092e-08,-9.485258e-10,1.6177612e-08,-1.2027797e-08,-4.3772848e-09,-165.7937,-309.67633,36.77413,-2.115377e-09
65.69016,-8.332334e-09,187291.92,1.4228856e-09,13.797147,-3.1053635e-11,-4.0195122e-10,-1.9876296e-10,5.5361373e-09,-6.296833e-09,-890.22687,-16.522713,40.862034,1.9858295e-08
124.507126,1.0973831e-09,303163.4,-1.8569802e-08,10.624436,-3.0489492e-08,7.9540696e-10,3.4072492e-08,5.5839217e-10,3.9481288e-10,-948.67065,441.0234,37.473206,-1.3144625e-08
55.53778,-6.3805294e-09,349434.6,2.0337414e-09,9.152603,-2.4406812e-09,1.4483206e-11,1.1373336e-09,2.0701723e-09,-5.5159615e-09,-828.58264,-8.797794,52.669758,1.5484275e-08
56.445396,-7.230818e-09,244804.16,1.8572459e-09,7.2104387,-1.9454143e-09,-4.1911205e-10,1.5929111e-10,3.8878842e-09,-5.939681e-09,-749.32263,-8.749401,46.728065,1.2159548e-08
150.93839,5.9380646e-08,179355.66,-2.9107296e-08,9.016109,-1.11352305e-08,8.882413e-10,-3.5645133e-08,-4.8904076e-09,1.9050717e-09,5500.8438,1393.9828,14.420877,6.2793206e-09
-48.3771,-1.5565856e-09,350506.75,-2.751523e-10,6.9330025,5.2454634e-12,-4.3245812e-10,-1.6465711e-09,7.291511e-10,-3.9382626e-09,-640.25696,-8.159298,34.286003,1.450099e-08
92.2308,-1.6033198e-08,219777.78,-1.5946823e-08,12.523277,1.7664952e-08,-6.9515443e-10,1.1519791e-08,3.9210613e-09,1.4763867e-10,1650.8416,547.0672,30.786036,-2.787318e-08
75.829,-1.8939714e-08,123479.45,4.178304e-09,14.6632805,-4.2884323e-09,3.1390732e-10,1.8395758e-08,3.8084904e-09,-1.0830201e-09,1838.6094,3.1487427,49.074936,1.5952669e-08
28.11721,3.715972e-08,128242.94,-6.1556e-09,12.678833,6.7971966e-09,6.531174e-09,-3.0622754e-08,-7.506816e-09,-4.8690807e-09,-1109.3816,-167.90334,52.181545,-1.2674511e-08
5.3408756,-3.551594e-09,120750.914,5.9590683e-09,6.903364,1.1053468e-09,-4.527437e-10,8.374469e-10,3.5305585e-09,-1.3072774e-09,-529.00867,-10.698875,21.877752,9.597855e-09
54.56132,-3.546487e-09,261084.8,6.717154e-11,13.306028,-7.390974e-10,9.2493756e-11,2.55328e-09,2.847762e-10,-2.5911155e-09,-39.86931,-12.351952,50.776302,6.574787e-09
58.134987,-3.0073757e-09,332664.53,4.1669634e-10,13.724247,1.2565938e-09,-3.5291818e-11,9.0541097e-10,-2.112754e-10,-2.8405145e-09,-452.4029,-15.682884,62.038326,8.678132e-09
51.29683,3.4972388e-08,360742.25,-1.648036e-08,15.506174,2.7840759e-08,2.9689522e-09,-4.7774815e-08,-8.6922745e-09,7.1417267e-10,1525.8296,155.9541,30.185907,-1.8894827e-08
35.67484,-6.421925e-08,224281.02,2.0092388e-09,12.136298,1.7082343e-08,-4.1440438e-09,1.5170333e-08,1.1946286e-08,2.300106e-09,286.56372,37.784866,42.302757,-1.6550267e-08
45.538807,3.1036468e-08,286715.38,-6.7985795e-09,10.939298,3.873933e-08,3.6595145e-09,1.7393939e-08,-5.874062e-09,-1.7231135e-09,-5676.5645,-512.9659,12.3465,9.97915e-09
60.335026,-4.7527294e-08,261193.88,1.4260573e-08,13.723046,1.2967612e-08,-4.333766e-09,2.6962363e-08,1.0784389e-08,-2.9576832e-09,-746.23267,-69.952866,38.22249,1.7789665e-08
53.934284,6.755902e-08,494979.75,-9.308292e-09,7.0879602,-6.2339156e-09,6.7503976e-09,-5.0567486e-08,-2.5139254e-08,-1.2468889e-09,-25067.75,57.03163,37.635624,1.2063194e-08
42.692608,-4.9458544e-09,197765.47,3.1228569e-09,7.2192335,1.8722304e-09,-4.721658e-10,6.6204603e-10,3.0183578e-09,-2.8881302e-09,-659.41864,-2.448944,28.440699,1.0235789e-08
60.753757,-1.2045939e-09,144132.77,-1.2945766e-09,4.271123,-7.3181583e-10,3.3312846e-11,2.139096e-09,1.7047334e-10,-2.0334e-09,-95.43028,16.848862,55.39834,-1.6443094e-09
-15.533413,-2.2300146e-09,208959.48,9.747534e-09,5.53999,-2.880913e-09,-3.8107661e-10,4.6367443e-10,2.6874154e-09,-1.8070349e-09,-706.86304,-11.581268,18.76724,9.665416e-09
28.280308,-8.248866e-09,334171.3,2.6693951e-09,10.945236,-1.1512293e-09,-3.6714498e-10,1.8744857e-09,3.967945e-09,-4.656446e-09,-572.63715,-15.37117,48.320393,1.4201406e-08
49.55415,-4.1764203e-08,241675.42,-2.5302954e-08,8.842245,-1.7104796e-09,-1.4280736e-10,-3.732502e-09,3.3155039e-09,-1.3706902e-10,-195.55249,168.75801,53.096855,-4.2096197e-08
-2.548668,7.3172663e-09,279377.9,-2.0571993e-09,8.989084,-1.5432271e-09,-7.965105e-10,2.974114e-09,-5.3677476e-09,2.3452806e-09,-829.93146,13.284058,49.191494,-4.265561e-09
28.65314,-5.2732974e-09,153524.75,3.2355858e-09,8.576761,-1.2107012e-09,-4.580824e-10,1.3928624e-09,4.924663e-09,-3.6937575e-09,-809.98035,-10.811211,31.79012,9.401448e-09
-9.308697,-8.4316826e-10,331936.44,-1.0138551e-09,11.459334,2.7650207e-10,-4.91688e-10,-9.51372e-10,-8.4901297e-10,8.2428797e-10,-345.4853,-9.502514,74.28695,7.515805e-09
96.67306,-2.5190683e-09,220250.83,1.0136167e-09,5.824513,-6.1242605e-10,-9.525182e-10,-1.5577573e-09,-4.4669174e-10,1.8669235e-11,-265.63574,23.644794,21.9117,1.2753117e-08
59.658825,2.7742447e-08,127909.25,2.4989737e-09,10.490292,6.6342136e-09,2.7217684e-09,8.951427e-10,3.5006262e-10,1.9185562e-09,2582.7441,25.259705,45.939095,-3.1311296e-09
61.122147,-4.1075975e-08,298243.56,-4.1908756e-09,9.481503,2.172851e-09,-4.4642743e-09,1.1462812e-08,4.3599027e-09,-1.3090448e-09,1597.4995,245.58797,53.12742,-6.3040586e-09
40.919212,-2.7234837e-09,355644.72,1.1419854e-09,8.697477,-8.230183e-10,-3.872111e-10,2.4509559e-09,-1.5938782e-10,-3.4263925e-09,-765.85364,-12.938637,43.770134,1.2363832e-08
-43.966595,-3.714921e-09,423134.7,4.333099e-09,5.1305656,-2.1876554e-09,-3.7013131e-10,-1.4511399e-09,3.034036e-09,-4.0645958e-09,-619.3578,-11.17926,28.89711,1.4387282e-08
107.10554,-4.3105697e-09,436903.94,-2.551448e-08,12.798328,-2.0818224e-08,-1.8443287e-09,9.572422e-10,5.674642e-09,3.8416568e-09,2496.6233,577.3994,54.65202,1.8179303e-08
5.2764435,-1.4434031e-08,431057.28,5.2010165e-09,14.0154,9.804308e-10,-3.1710268e-10,3.7580614e-09,5.0059876e-09,-8.109322e-09,-804.40283,-15.556618,38.95495,1.9408692e-08
31.960064,-9.084016e-09,180584.84,7.917453e-10,7.7328653,2.442551e-10,2.9485295e-10,2.708663e-09,3.2474887e-09,-4.7590945e-09,-430.29718,-10.336113,38.435284,1.2651733e-08
34.124638,-1.7758331e-09,243536.17,-2.1160298e-09,7.163171,-4.174586e-10,2.1968112e-10,-8.344572e-10,2.3777256e-09,-2.8936085e-09,-300.13196,0.35709,40.001457,8.513079e-09
77.24539,6.910952e-08,53006.89,-6.29616e-10,12.673519,-3.1759516e-08,2.9152434e-09,2.6304328e-09,-3.2617369e-09,9.870413e-10,7041.7456,171.03201,38.826912,1.0180361e-08
156.60411,-3.9480586e-08,304261.6,-6.038709e-08,7.1766343,-3.6412448e-08,2.5134406e-09,2.7758963e-08,1.0980155e-09,1.6227547e-09,-1122.0295,237.15643,34.8863,-2.1084494e-08
45.47566,-2.5083057e-08,203477.39,2.438351e-09,12.502951,1.2972517e-08,-2.0738062e-09,2.2810825e-08,1.0412243e-09,1.7984159e-09,-439.42212,137.90494,45.710598,-7.514066e-09
32.085556,-1.3351341e-08,254156.34,-9.067697e-09,10.93103,5.9276335e-09,-1.3620461e-09,1.6482309e-08,-4.4179984e-09,-3.1523093e-09,-1013.26733,-188.88216,41.060635,-2.4891598e-08
38.77337,-1.4074663e-09,18754.75,2.1407174e-09,6.772907,1.619014e-09,-7.309133e-10,-4.667413e-10,7.873939e-10,-2.291736e-09,-389.4452,-4.4750824,31.061802,1.3576311e-09
63.032837,-4.827065e-09,32281.516,2.4014543e-10,10.93327,-1.1094716e-09,-3.255743e-10,9.48964e-10,4.5773523e-09,-8.6090013e-10,-1179.2671,-12.11779,28.025623,6.4896795e-09
-16.146507,-1.1916397e-08,259662.84,4.9414215e-09,4.8369894,-9.699483e-10,-1.5045853e-10,1.3326261e-09,5.789847e-09,-4.7097646e-09,-631.24176,-15.474144,31.103462,1.6684284e-08
99.798035,-5.6414468e-08,379139.84,-2.5497577e-08,6.074583,-1.1302695e-08,-1.7944648e-09,8.780681e-09,7.04755e-09,-7.415924e-10,-1250.1287,295.88934,43.982365,-7.061365e-09
53.990784,-8.009842e-10,119691.98,-2.391723e-09,11.574931,-1.82866e-09,7.5100226e-10,-2.5413958e-09,9.476055e-09,-6.1700702e-09,-256.1593,14.168098,25.077297,5.0777724e-09
107.75106,1.0406963e-07,-8085.078,-2.9270293e-08,7.2131615,-6.867078e-09,3.2336263e-09,-4.001476e-09,-4.5990816e-09,6.541958e-10,8526.972,177.57086,31.537964,-1.4992004e-09
91.05185,7.6006984e-08,70835.945,-2.7978178e-08,6.9409113,1.11967284e-11,-2.78385e-09,-4.836555e-08,-6.90058e-09,-2.8740987e-09,10338.999,727.4561,53.277576,-1.27026905e-08
74.23868,-5.1847994e-08,178580.08,-7.445297e-09,12.822791,3.0987621e-09,-1.7130958e-09,3.06271e-08,3.9809342e-09,-4.070903e-09,674.13354,130.306,24.712284,-2.6238355e-08
120.01961,-6.692035e-08,317418.4,-2.5185653e-08,12.37649,-1.158799e-08,-1.2201592e-09,2.0752992e-08,2.5676081e-09,6.0439154e-10,-1532.3474,232.37794,33.02154,-1.456314e-08
24.768547,1.2998911e-09,379451.7,2.1256994e-09,10.421525,3.5196235e-10,-5.9192296e-10,-6.8082096e-11,-2.8720604e-09,2.3424753e-09,-485.1985,16.20403,22.742771,2.2929671e-09
43.742798,-9.956034e-09,64108.094,1.864349e-09,8.414155,-6.1835054e-10,-7.088051e-10,5.7272886e-10,4.6135877e-09,-3.2644747e-09,-817.2131,-11.830048,42.303696,1.5200945e-08
50.292324,-2.6793012e-10,183460.69,-1.6787051e-09,10.211789,-1.186341e-09,-5.443526e-10,2.1112194e-09,-3.374746e-09,3.919497e-09,-6.5157166,20.41159,45.043846,-1.1445244e-08
67.039085,2.2206375e-09,83552.76,-2.3844e-09,11.57772,-1.59653e-10,-1.2361114e-10,-5.458945e-09,-4.6952725e-10,3.8847827e-09,-1134.5276,-4.8936043,39.059345,-1.5354716e-09
93.33969,-8.7902965e-09,266575.88,-8.098975e-09,13.170116,4.723171e-09,6.1730876e-10,1.1008891e-08,7.0090056e-10,-6.272046e-10,-1081.2712,232.19965,35.431377,-9.789081e-09
82.36926,-6.6562973e-09,161831.38,-4.452052e-08,9.285049,-2.2197124e-08,1.0281007e-10,-2.1893033e-08,2.4756128e-09,-1.6508072e-09,5632.5713,488.79974,55.61331,-2.1994184e-08
62.064034,-1.2646922e-07,346109.28,-1.7622437e-08,8.14966,4.782417e-09,-3.7155945e-09,3.2428474e-08,1.5026165e-08,5.480612e-10,93.20337,338.32013,42.120956,-3.9639996e-08
74.06093,2.5944434e-08,146903.12,-1.3791678e-08,10.3899145,7.708477e-09,-1.8152936e-09,-1.9917323e-08,7.646651e-09,2.8527136e-09,8458.572,458.32312,35.996117,-1.5184181e-08
25.128622,4.248428e-09,248795.95,-4.093833e-11,12.04044,2.6795797e-09,-7.443637e-10,-4.3041943e-09,4.0759978e-09,-3.6419256e-09,234.50253,12.878513,21.344936,7.720994e-09
81.31125,1.1261085e-07,231237.1,1.4737783e-09,5.997172,6.3789535e-08,9.508316e-10,-2.6505463e-08,-9.496959e-09,-2.8908118e-09,19566.748,552.5079,52.3948,1.521951e-08
32.330936,2.7488796e-09,139142.75,-4.177337e-09,9.79367,9.216081e-10,-1.8803627e-11,3.5597394e-10,-5.9131144e-09,2.5500846e-09,975.34283,35.144554,36.546604,-7.6265785e-09
233342060000.0,-2433.2795,-26602107000000.0,-2.344201e-05,3595.606,10.434149,-2.5290701e-08,2.0449997e-07,6.917664e-08,1.656653e-08,18654.924,532.4584,62.025574,-1.6863098e-08
41.829556,1.972558e-08,370650.3,1.5762813e-08,2.696638,-1.1345456e-08,2.2689595e-09,1.9556259e-09,1.2314191e-08,-6.6837615e-09,1802.0029,536.19806,47.079494,-5.4237503e-09
89.60341,-3.7116628e-08,418393.1,-2.3031376e-08,9.734072,-2.9790335e-09,-6.6073413e-10,-3.2583054e-09,8.010055e-09,1.6341182e-09,2381.8164,529.93066,49.89348,5.4509086e-09
48.80959,7.820783e-09,191123.73,-7.3393065e-09,10.851037,8.320213e-09,8.232591e-10,-8.8827665e-09,-1.0706662e-09,-1.9243365e-09,2505.4102,29.092148,50.00898,-2.5494147e-08
33.8199,7.10435e-08,160859.11,-3.0304905e-09,9.529683,8.9533096e-08,4.0577093e-09,-1.894157e-08,-3.1124494e-09,2.6120048e-09,1254.739,-182.30281,37.97618,-6.4563244e-09
34.304306,-5.259561e-09,56766.89,4.398395e-09,11.059456,-8.363267e-10,-3.5482423e-10,5.5221877e-10,1.3733547e-09,-2.288214e-09,-980.19916,-13.744064,36.161602,8.31973e-09
82.74817,-3.757191e-08,250795.22,-6.6147166e-10,15.002447,-1.2129843e-08,-1.0704547e-09,2.3149678e-08,8.64984e-09,-2.8524278e-09,72.761475,131.6977,37.727318,-2.291792e-08
76.87051,-7.968901e-08,151786.69,5.0003925e-09,8.87729,9.00408e-09,-2.8437142e-09,3.5788787e-08,9.564648e-09,1.7639143e-10,-121.20288,241.72803,38.454926,-2.2821918e-09
97.275665,6.614927e-09,437341.12,-1.3658565e-08,15.545012,-2.1649825e-08,9.952644e-10,2.7369948e-10,5.6596533e-10,8.482004e-10,-1189.3464,469.59784,48.620132,-9.1056505e-09
92.88803,-4.9765028e-09,194449.25,-1.8423658e-10,7.8578296,-2.7995741e-09,2.995952e-10,-8.9477814e-10,7.962502e-09,-3.4645223e-10,-278.04816,-20.984589,40.508423,1.9781941e-08
16.705757,-4.916044e-10,138234.58,1.8485512e-10,14.129181,2.5104347e-09,-3.9726816e-10,-1.5938512e-09,1.5416507e-09,-4.9440857e-10,-421.3131,-11.422775,32.891945,5.1101203e-09
3.707615,7.816576e-10,-70506.81,-5.49356e-10,13.068723,-1.5988896e-09,-5.1805532e-11,-1.9472393e-09,-2.405571e-09,1.0743665e-09,-938.8067,-3.866413,32.790962,3.8930934e-09
30.335232,-3.3237706e-09,113259.12,-1.0059442e-09,6.3122134,-9.897263e-10,-8.9824126e-10,-1.0530968e-09,7.808112e-09,-5.471007e-09,-193.77327,-2.6398811,46.74004,8.875004e-09
85.70041,4.0604785e-08,240228.77,-9.775298e-09,5.2889833,-1.43331444e-08,9.89439e-11,-8.011578e-09,-5.3643516e-09,7.8254314e-10,2350.205,170.84213,29.78833,2.980397e-09
223.83286,-5.309159e-08,256688.31,-3.3613144e-08,9.1410885,-2.7155705e-08,1.313281e-09,2.00764e-08,-7.496108e-10,1.2296344e-09,-1040.198,364.91132,3.9791222,-1.6053736e-08
25.564777,-7.880114e-08,181308.78,8.127589e-09,9.563109,2.189258e-08,-1.985968e-09,2.4688822e-08,1.0557733e-08,-2.5198346e-09,683.78296,19.454758,40.422188,1.7096268e-08
66.59864,-3.7443413e-09,113496.84,-2.8426332e-09,9.845889,-1.2560143e-09,-5.50075e-10,-4.7719325e-11,3.2017988e-09,-1.6398846e-09,-1023.94196,-11.133759,45.91267,8.044179e-09
20.98172,-3.919389e-09,199879.66,-6.789083e-10,6.882642,-1.81108e-09,-6.242796e-11,2.7130082e-10,4.035208e-09,-5.647255e-10,-601.64844,-12.166626,59.836884,1.0957922e-08
54.241055,-1.3665522e-08,101697.91,-1.8415745e-10,10.506303,-1.1847063e-08,-3.987563e-09,7.60299e-09,1.7815741e-09,-4.050833e-10,730.61255,257.88904,43.222683,-1.627991e-08
-0.8497658,4.981978e-10,151658.7,1.4157336e-09,7.100477,-1.9296345e-09,-1.3343122e-10,4.6048693e-11,3.1929972e-09,-1.3193648e-09,-659.9602,-4.606884,25.705479,5.732577e-09
69.30382,-4.1780353e-09,262061.14,1.3945186e-09,9.383399,8.632244e-10,-1.393419e-10,-5.505776e-12,3.2190588e-09,-3.4921046e-09,-346.27063,-6.783779,45.1114,2.2509035e-09
58.710556,-6.5406e-08,395128.3,-2.4563148e-08,10.447602,6.0897922e-09,-2.1163757e-10,-7.76041e-10,8.602166e-09,7.862659e-10,-114.0542,179.33609,48.85301,-3.6639513e-08
138.29987,-2.0712335e-07,537550.2,-8.589056e-08,7.533813,-9.243356e-09,5.10573e-10,5.4963083e-09,2.0974605e-08,5.441834e-09,1069.6028,262.16852,77.45944,6.480411e-10
-10.877327,5.9232946e-10,282158.34,-1.0058967e-09,6.4395714,-4.663984e-10,-2.9029823e-10,-7.3137213e-10,8.719909e-10,-1.6780782e-10,-334.44702,-0.9406471,36.251625,1.02406394e-08
4.324005,-2.9872167e-09,211595.5,4.3898436e-09,7.7413125,-7.0890077e-10,-9.378361e-10,9.01228e-10,3.1193987e-09,-1.7494223e-09,-595.67413,-6.485958,28.979336,7.731152e-09
116.19151,-2.7883433e-09,560773.0,-1.4808886e-09,0.70231247,1.0347321e-08,-1.9007411e-09,-3.191248e-08,7.810844e-09,-1.7520683e-09,-10234.453,317.83917,52.46286,-2.6729046e-09
87.81868,-7.2486856e-08,371335.7,-1.1237246e-08,11.122017,4.230667e-09,-2.9413199e-09,2.007474e-08,9.684037e-09,9.0522305e-11,-428.7478,365.76843,44.595337,1.1525874e-09
57.15451,-3.0445362e-09,279364.28,-7.3269164e-09,13.197952,-2.58594e-08,9.1706254e-10,-1.7463142e-08,2.0388842e-11,-2.268645e-09,6696.0977,192.59428,58.30984,-2.1675849e-08
12.572887,-6.922331e-09,215973.67,8.661946e-10,13.173735,1.5012253e-10,-1.16137294e-10,6.5221e-10,2.6666238e-09,-4.092452e-09,-741.4265,-14.906303,41.034195,1.0188264e-08
72.30101,3.6506503e-10,110407.53,1.7418547e-09,7.1801434,-2.564796e-09,-5.8556754e-10,2.0775752e-10,1.3158667e-09,-1.2612264e-10,-125.84831,3.562149,34.877342,6.385636e-09
93.5876,-6.986825e-08,297946.62,-1.6756347e-08,12.282911,-3.7367984e-09,-1.655155e-09,9.139526e-09,4.804628e-09,1.117036e-09,-740.24194,366.30243,32.96387,-1.6296262e-08
36.926395,9.913889e-09,197717.12,-3.4187837e-09,10.522109,2.1745716e-08,-3.3867545e-10,2.7894889e-09,2.3172633e-09,4.2494486e-10,728.9304,-148.03749,46.458004,5.8446927e-09
107.65326,-8.13748e-09,271583.7,-3.3931027e-08,8.917723,-2.2812259e-08,-3.3506857e-09,-1.3850345e-09,5.9965104e-09,5.586645e-09,2431.349,1718.9674,35.80972,-5.308102e-09
30.380882,-3.2089276e-11,116696.24,3.9484984e-09,11.879183,1.8290305e-10,-1.9118161e-10,-2.0865587e-09,3.1613743e-09,-1.5002662e-09,-517.0619,-0.9638252,22.493673,5.9054432e-09
-6.855213,3.8320542e-09,98023.38,2.9275358e-09,10.425618,1.2043045e-09,-7.1755557e-10,-1.2942056e-09,-6.893492e-10,-4.9389354e-10,-978.332,-6.232132,28.768179,3.699236e-09
42.643997,-3.595192e-09,237913.9,4.1369166e-09,13.654247,-9.36181e-10,-3.808438e-10,-2.5844509e-11,1.9108561e-09,-3.4177157e-09,-1257.5681,-11.164192,29.023602,1.0688141e-08
-191.32497,1.7780326e-07,-6924396.5,1.945071e-08,104.33545,3.9678145e-08,-4.5319553e-09,1.7514383e-08,2.1339329e-08,3.2791703e-09,85878.98,1615.8269,150.18803,-2.0671166e-08
76.57751,-1.5449397e-07,73026.61,1.0459205e-08,17.2879,1.7773361e-08,1.8676045e-09,1.6113244e-08,2.2009635e-08,5.440936e-09,27308.15,357.3707,57.68662,5.7783236e-08
49.7395,-5.1149556e-09,260924.62,3.3404846e-09,7.1392374,-1.6613296e-09,-2.7472755e-10,1.5704611e-09,2.2808697e-09,-3.8344172e-09,-708.6838,-5.292572,36.753242,1.0711295e-08
-5.562584,1.2194767e-10,310755.38,-4.6836846e-09,7.9860516,2.5337368e-09,3.6425433e-12,-1.9905066e-09,1.6739545e-09,-3.441172e-09,-448.54456,-2.623146,39.432835,8.362485e-09
36.68126,-2.8002907e-08,437293.38,-7.4320448e-09,9.795521,1.4385032e-08,-5.024465e-09,-1.2801123e-10,1.1256391e-08,-7.4508694e-10,526.95996,573.1523,40.793056,2.1472368e-09
35.442253,-3.544357e-08,146592.53,-1.6276853e-09,11.210761,6.6828703e-09,-6.12025e-10,1.2233243e-08,5.2519242e-09,4.551038e-10,580.7007,-35.09758,38.50211,-3.5009056e-09
103.38173,-9.4822205e-08,219683.0,-5.0763745e-08,10.02889,-2.067949e-08,-2.493203e-09,-6.0289094e-09,5.436466e-09,-2.246179e-09,-582.82153,542.0923,45.366566,-3.0491805e-08
89.05883,-2.7084342e-08,274622.8,-4.1145936e-09,8.386166,-1.0736636e-08,-4.43819e-09,2.6419855e-08,3.6660417e-09,-1.7200277e-09,1937.4519,197.0788,32.63707,-3.384879e-08
38.968765,2.8272216e-11,223166.5,-1.7311024e-09,9.230094,4.456511e-10,3.9606077e-10,-7.2617246e-10,-2.340153e-09,-2.0337143e-09,854.5736,28.651945,59.561615,2.7387541e-09
42.97583,-4.4935025e-08,141453.73,-4.5312842e-09,10.688307,1.7081337e-08,-2.5388598e-09,2.8253037e-08,1.2230227e-08,-1.938584e-09,471.59668,-70.31535,26.38685,-4.137891e-08
116.94141,-6.014581e-08,319936.12,-2.3052722e-08,9.124947,-9.2400585e-09,-2.1904356e-10,1.9051918e-09,4.7561715e-09,9.881123e-10,350.73608,515.8666,17.722698,-4.4645667e-08
60.80317,-4.7032858e-09,304539.12,1.1386264e-08,6.4818454,-2.5376687e-10,-4.966552e-10,-1.755758e-09,5.045022e-09,-5.8618737e-09,-971.5943,-2.6135826,21.117657,1.2054476e-08
90.27904,6.303806e-08,56148.25,1.4916443e-10,11.890678,1.4825666e-08,2.147822e-09,-1.0633346e-08,-8.156804e-09,1.7655749e-09,3380.0737,620.8183,7.630348,1.3283857e-08
-8.378853,2.0874727e-10,220327.44,2.1807396e-09,10.485369,-2.2410087e-09,-5.8887034e-10,-1.1174424e-09,1.97851e-10,-1.2271393e-09,-575.865,-11.761856,61.672638,4.922558e-09
62.794136,1.7264496e-08,191323.61,-2.4247628e-09,11.045821,1.1496878e-09,1.4078538e-09,1.1235788e-08,-3.051189e-09,2.742785e-09,-1689.3982,625.2683,20.780127,1.6812997e-08
50.204067,-6.159092e-08,225101.45,1.3964879e-08,9.918585,2.5928584e-08,-1.0039933e-09,2.3696629e-08,7.094088e-09,1.6485346e-10,-179.03491,-85.05534,35.034824,7.5085396e-08
41.35524,-8.080971e-09,351413.5,1.3640579e-09,10.139623,-1.1603305e-09,2.1961459e-10,1.8322254e-09,2.4954514e-09,-5.320761e-09,-525.9411,-10.60157,42.04771,1.6843197e-08
27.762156,1.5963662e-08,338989.7,-6.6857175e-10,7.6660986,-9.171555e-10,2.3812528e-09,-1.8392726e-08,-7.005399e-09,2.253928e-09,1855.5718,596.4278,49.387444,3.3231387e-08
-14.287762,-5.6012244e-09,106401.914,4.7916955e-09,12.33641,2.9074348e-10,-6.5924544e-10,2.4461308e-10,1.970954e-09,-2.260454e-09,-1005.70856,-15.08548,29.864193,1.02888675e-08
36.41134,-8.281577e-09,309964.12,3.982293e-09,6.6116047,-3.3863405e-09,-2.2259928e-11,2.4095383e-09,3.4321e-09,-4.0800856e-09,-850.485,-10.2185135,42.522934,1.3540004e-08
128.28769,-9.5619e-08,378634.75,-3.9104396e-08,6.816709,-6.9126873e-09,-8.9309066e-10,-1.176498e-08,7.861026e-09,2.495927e-09,166.99927,840.4418,29.384205,-1.5824748e-08
81.74344,-2.5274154e-08,263971.2,-2.3933866e-08,10.4174595,-1.4922941e-08,-7.2628303e-10,5.059219e-09,4.8352824e-09,6.494332e-10,2369.3906,269.4888,51.2464,-2.5580995e-08
31.348328,-4.2014734e-09,83537.54,5.413939e-09,12.395217,1.4888802e-09,-2.0010775e-10,1.9066282e-09,7.216264e-10,-2.315331e-09,-1014.4484,-8.866375,23.830568,5.662611e-09
23.253906,9.343638e-09,126101.16,-6.1490577e-09,12.160622,1.8823348e-08,-2.8579115e-09,-5.0432876e-09,-1.1938541e-08,-3.3078857e-09,-274.74243,-337.344,52.071793,-5.556932e-09
64.344185,5.819457e-09,137559.5,-2.017833e-09,9.286227,-1.5042859e-09,-9.32839e-10,-2.173571e-09,-4.9630917e-09,3.8069228e-09,-67.653305,-2.3941078,22.614735,-1.1347546e-08
56.63026,-5.466379e-10,275105.5,4.7612964e-10,8.16977,-1.6358098e-09,-1.1727729e-10,-2.1176266e-10,2.0092323e-09,1.5641968e-09,-32.70938,11.953766,31.804924,7.768715e-09
66.810486,-2.1956328e-09,194513.98,-3.9618886e-09,12.51174,-3.07582e-09,-1.0212982e-09,-9.262434e-09,2.5663653e-09,-1.0894524e-09,841.5823,282.58997,47.510506,-2.107031e-09
7.8979683,4.8423003e-09,157456.42,1.3074525e-09,12.773914,2.1915156e-09,-7.1635853e-10,-1.4617605e-09,-2.0209263e-09,1.4358866e-09,562.6658,15.303173,14.428938,-2.3234825e-10
265.2318,-1.0524952e-07,295126.0,-9.158343e-08,4.5407825,-4.2450672e-08,5.08153e-09,-4.3230877e-08,5.2990123e-09,2.5627067e-09,621.4712,106.992805,36.946648,-2.1939291e-08
91.74789,-7.2422324e-08,180465.97,-3.1446352e-09,10.266097,-1.8344757e-09,-3.853355e-09,1.2559813e-08,4.7315862e-09,-7.3402384e-10,945.94385,128.47025,42.318027,-5.5914054e-08
75.79616,-3.9402623e-09,119481.96,1.5612453e-10,11.503407,-2.7768536e-09,-7.109402e-10,-1.3740517e-09,5.352052e-09,7.5366297e-10,-1082.6122,-0.8336754,48.310425,1.0656541e-08
22.621912,-5.5761573e-09,146878.4,4.067892e-09,11.081198,4.618593e-11,-2.0858638e-10,1.359329e-09,2.8200942e-09,-2.0345525e-09,-600.45764,-8.923328,40.57628,1.0981421e-08
17.513474,-4.45762e-09,297601.88,2.252179e-09,5.168972,4.6540471e-10,-3.0591404e-10,-3.5402667e-10,2.6738092e-09,-3.3939695e-09,-362.0365,-4.4432335,30.810871,1.0562058e-08
37.148373,-2.293373e-09,346444.1,3.3236693e-09,9.058086,-6.4127026e-10,-4.485557e-10,2.4069788e-09,-2.6609095e-10,-2.3213043e-09,-662.9837,-1.2183914,36.666,4.8675486e-09
68.35664,2.0985118e-08,98726.305,6.5856903e-10,16.415497,5.8716316e-09,4.0904377e-10,2.627236e-11,5.7574026e-09,-2.0561641e-11,2672.3042,610.8434,40.147614,7.939586e-09
42.070644,-3.6787797e-09,230503.69,-5.4412776e-11,8.196105,-1.8012854e-10,-1.595138e-10,1.1590529e-09,2.7410123e-09,-1.2367996e-09,-292.48047,-9.973251,56.28721,1.4879961e-08
-13.978252,-5.906592e-09,152941.4,-8.182339e-11,7.2264185,2.0029398e-09,-4.6041865e-10,1.9574369e-09,2.517101e-09,-3.6279648e-09,-482.99414,-9.823074,44.373825,1.1651487e-08
43.702156,2.490075e-08,406115.75,-1.7197877e-08,8.276213,4.3231445e-08,4.097722e-09,-7.7053414e-08,-1.14728005e-08,3.5253261e-10,3963.364,1547.7085,47.337715,-8.255138e-09
25.462482,-2.1569626e-09,319452.75,1.925338e-09,10.821232,9.730284e-10,-3.4212813e-10,6.2491107e-10,2.206985e-09,-3.4672012e-09,-740.6829,-6.861309,24.149086,5.353773e-09
38.84778,-1.1212359e-09,221234.14,-3.366384e-10,8.379058,1.5530919e-09,-2.4555635e-10,-1.5909755e-09,1.8418678e-09,-4.1487946e-09,-769.7759,-16.830177,60.62667,5.8077982e-09
79.16341,-3.1315022e-09,231430.81,1.7843101e-09,8.611999,-6.684626e-10,-5.249412e-10,1.2905378e-09,2.1699755e-09,3.0358008e-10,-678.52954,-7.7846107,60.205,1.5617168e-08
56.305252,-3.6583383e-08,255587.44,1.0145239e-09,7.9947643,1.0797599e-08,-1.6968587e-09,-2.6900817e-09,7.826136e-09,8.2992285e-10,3852.384,105.0816,50.305347,-9.257551e-09
58.172874,-7.404987e-09,164931.73,3.5312484e-09,9.947938,-2.1751265e-09,-1.5142447e-10,6.590255e-10,5.1493627e-09,-4.533283e-09,-441.85486,-14.215202,40.027298,1.20409425e-08
119.80591,-2.586905e-08,208455.4,-3.338822e-08,11.6402645,-2.6023342e-08,-1.3780918e-10,-9.232814e-09,5.0129736e-09,-1.2661224e-09,-279.46118,359.03503,55.41372,-3.8564124e-08
45.542812,-2.5865667e-09,109777.37,-1.6908533e-09,8.467838,-9.2132557e-10,-3.935732e-10,1.6392695e-09,-2.4948712e-09,2.9513822e-09,-392.7072,-2.285675,52.23533,4.6913797e-09
-29.533962,-6.7683237e-09,184637.28,1.0460877e-08,9.445192,-1.2419767e-09,-6.664626e-10,6.3599004e-10,2.4507345e-09,-3.6124996e-09,-794.9011,-16.160767,25.600334,1.216503e-08
104.57144,3.346897e-09,143845.75,-4.553317e-09,9.423989,-2.5074252e-09,8.965798e-11,-2.4764208e-09,1.8968807e-09,8.975063e-09,173.19899,-4.7770233,13.092644,-6.133048e-09
41.96248,8.231679e-08,-128645.08,-7.4174e-10,13.219302,-3.9226293e-09,-2.0409259e-09,-1.5589887e-08,-2.5993356e-09,-1.7624753e-09,18593.574,121.021126,61.575787,3.3809708e-09
72.00412,-4.1822037e-08,251234.56,-7.468585e-09,11.936531,1.3278378e-08,-1.1857664e-09,1.364299e-09,6.5950334e-09,-4.1668222e-10,689.75757,91.8613,39.882824,-1.4054682e-08
28.311943,-7.4271904e-09,239896.03,4.1014463e-09,8.39472,8.4894697e-10,-6.343271e-10,1.4723023e-09,6.1102585e-09,-5.3030793e-09,-627.3173,-8.30814,30.737411,8.976271e-09
45.112686,8.079617e-08,151839.72,-9.654658e-09,11.388071,-3.132804e-08,6.9028543e-09,-4.2721894e-08,-1.214517e-08,-1.099213e-09,1114.867,599.58765,51.75485,6.8507187e-09
32.56843,4.4843316e-09,352326.22,-2.684943e-09,8.107185,4.2802906e-10,-3.107302e-10,-7.1004913e-10,-2.5797755e-09,3.2958445e-09,1303.5302,39.573975,8.88051,-1.8057898e-08
59.609924,1.1071665e-07,132880.17,-4.5534057e-09,9.927844,1.15103385e-08,2.3183302e-09,-2.2279751e-08,-1.1687299e-08,-1.3747968e-09,23683.91,9.079071,46.593334,3.5844337e-08
2.9642715,-8.67511e-09,374103.47,7.802517e-09,10.479091,3.0852657e-10,-2.4435237e-10,7.911759e-10,2.2522e-09,-4.990171e-09,-766.2384,-12.980362,31.589018,1.4403631e-08
58.013332,-3.0441154e-08,203238.95,-1.786841e-08,8.995085,1.02477955e-08,1.2976554e-09,-1.7313136e-08,8.234588e-09,-6.3464727e-11,489.3142,288.969,50.769077,-1.7511983e-08
17.255539,-6.932196e-09,260825.84,2.1809856e-09,8.551665,2.4036834e-10,-6.1927496e-10,8.59481e-10,3.0634915e-09,-4.073267e-09,-614.7709,-10.594749,41.69895,1.1387016e-08
165.28326,-1.0002185e-07,363342.78,-5.5258016e-09,8.202199,1.8572532e-10,-7.423197e-10,2.1541865e-08,9.810319e-09,2.328508e-09,234.21509,213.61166,32.76418,8.465688e-09
17.37463,-6.1044636e-09,222372.08,9.526457e-10,8.29037,8.404599e-10,1.1911375e-10,-5.8841765e-10,5.3286584e-09,-3.813396e-09,-432.08826,-8.632065,35.627342,1.4238857e-08
34.958008,-6.0530962e-09,247395.84,3.0343346e-09,12.503074,1.3659927e-09,6.4530145e-11,1.4452157e-09,2.5100984e-09,-3.4166745e-09,-840.7524,-13.80574,38.79674,1.0976146e-08
49.207146,-1.214425e-09,164501.9,-1.368566e-10,12.788073,-1.015572e-11,-4.0268536e-10,-1.3004257e-09,3.1586584e-09,-3.3125553e-09,-1166.5992,-18.004234,58.493183,2.5591493e-09
0.28824615,-4.3975215e-09,167027.67,-1.3891825e-09,6.873511,-1.7677892e-09,-3.5104725e-10,1.1118122e-09,6.189907e-10,-9.620924e-10,-645.3789,-17.866585,77.736084,7.2100628e-09
82.04787,-2.7670698e-08,89528.86,-1.2802604e-08,9.569374,7.4875315e-09,1.2269232e-09,6.181846e-09,3.4545309e-09,1.2308663e-09,459.09644,266.55835,32.356674,-2.9397373e-08
59.794895,1.4591596e-07,75075.086,-5.4571503e-09,10.120247,-4.9994053e-08,3.1638128e-09,-3.172677e-08,-1.5711553e-08,1.1157861e-09,26421.654,1260.8196,29.683289,1.665219e-08
19.788221,-1.6032033e-08,233595.6,3.8990935e-09,6.453991,-1.1749615e-09,1.9548646e-10,2.7746527e-09,5.350092e-09,-5.8691167e-09,-670.0566,-14.836494,40.061615,1.965635e-08
-65.17111,-1.086041e-07,-1968287.8,3.6225735e-08,47.357452,5.1951275e-08,-3.893075e-09,2.2096991e-08,2.5317828e-08,5.316749e-09,54364.176,957.2055,104.03724,1.169926e-08
320.08557,4.981498e-08,286570.72,-1.1080964e-08,18.309946,-2.972735e-08,5.5712253e-09,-2.1068775e-08,-1.2799939e-08,7.1760174e-11,432.4109,669.32465,-42.042393,2.1315179e-08
-15.617451,-3.0444847e-09,447079.56,4.361798e-09,11.645868,-3.0233145e-09,5.098422e-12,-8.7111304e-11,2.2803153e-09,-3.868434e-09,-706.7406,-11.384209,28.969967,1.4599251e-08
3.6656536e+22,-390802560000000.0,-3.6675148e+24,-7.3974253e-09,10.994165,-9.852253e-09,9.898456e-09,-6.987672e-08,-9.97011e-08,-1.26982656e-08,2653.655,-181.4399,-5.035672e+18,5.866104e-06
27.06744,2.611657e-09,99214.75,-6.519398e-10,12.474771,-4.5841844e-10,-4.4022735e-10,-5.6387106e-10,-2.020923e-09,-1.1351327e-09,-85.22365,-3.9535332,17.705011,-1.2181115e-09
126.598465,1.9038877e-08,289975.03,-4.370099e-08,4.2894793,1.0055444e-08,1.4001209e-09,2.581809e-08,-4.835997e-09,2.673384e-09,3882.4253,205.49623,51.57731,-3.3771517e-08
69.201294,-7.870187e-09,142925.06,4.008702e-09,10.768827,5.500201e-10,-1.9204952e-10,1.1835912e-09,2.9595115e-09,-3.2374379e-09,-544.17346,-13.644402,27.80045,1.26238335e-08
67.951294,-2.0216266e-09,289721.38,-1.8843202e-10,10.357776,1.545289e-09,1.9104966e-10,-3.055537e-09,2.623782e-09,5.0835336e-10,-167.78252,-10.960602,33.59167,1.7625716e-08
116.47879,-1.1897017e-07,374345.5,-5.026481e-08,7.849384,-1.185923e-08,-3.0615852e-09,-1.5733485e-09,8.874257e-09,-3.1053378e-09,-1660.4636,410.56183,67.30755,-1.7921371e-08
58439885000.0,-609.3792,-6661993400000.0,-2.3556466e-05,3602.6753,2.6127322,-2.5253154e-08,2.0426451e-07,6.91121e-08,1.6549311e-08,18640.068,532.59705,62.026424,-1.6849533e-08
115.72296,-1.6506457e-08,223405.12,-3.3473146e-08,12.030519,-3.9855237e-08,-8.0421053e-10,-1.00290665e-08,2.2125526e-09,5.389938e-10,-674.93823,1197.278,40.88492,-2.7594367e-09
24.38732,9.767262e-09,73000.016,-3.339163e-09,10.569135,-1.295755e-09,-1.8116333e-11,1.8748787e-09,-7.77122e-09,8.95251e-09,1195.0137,77.1973,32.308933,-1.2132197e-08
46.118618,-2.9082269e-08,325687.3,-1.5160174e-08,8.339097,-1.6480914e-08,2.586726e-09,-4.2480373e-08,8.992805e-09,-2.2362705e-09,960.2024,2047.8435,53.34208,-2.147869e-08
71.190475,-6.271547e-08,189830.11,-1.2284502e-08,8.493244,-7.753757e-09,-8.605265e-10,1.0964852e-08,9.425478e-09,-6.194709e-10,-478.75317,275.5526,52.551395,-1.1803464e-08
6.546131,-3.1426035e-09,259223.78,4.2925596e-09,10.066336,4.813813e-10,-4.161636e-10,1.2287575e-09,-6.927604e-10,-3.611293e-09,-491.44525,-11.032906,35.99219,1.021007e-08
-6.335327,-2.677732e-09,128514.17,-3.854571e-09,9.112673,3.165517e-10,-1.4420065e-10,-6.336207e-10,3.0387017e-09,-1.0982989e-09,-547.7388,-10.52446,39.362766,8.109909e-09
41.85681,-1.579554e-10,33346.203,1.88543e-09,9.376383,-1.906733e-09,-4.7989135e-10,-1.7088413e-09,1.1390207e-09,-1.4678885e-09,-688.0875,-6.00235,34.94434,3.5328238e-09
1.5286522,-1.1433972e-08,233114.4,4.310354e-09,10.722274,3.5307363e-10,-3.3465355e-10,6.413742e-10,3.4962884e-09,-5.9376686e-09,-934.7961,-15.61187,39.251907,1.5463037e-08
4.045822,-9.018181e-09,214157.67,1.0056815e-09,6.811651,-4.6797294e-10,-7.233389e-11,-3.370112e-10,4.899019e-09,-4.179329e-09,-608.95013,-10.49128,36.958767,1.3532364e-08
44.02232,-8.647499e-09,349400.2,7.0365886e-09,9.395598,1.187717e-08,-1.3549308e-09,4.7890687e-09,9.356342e-09,4.1760266e-09,-394.06616,-94.68495,40.80536,3.8980663e-09
49.871975,5.010263e-09,135028.38,-2.8999586e-10,12.084529,1.2213647e-09,9.592368e-11,1.8397648e-08,2.161917e-09,-2.5960896e-09,306.19604,37.296005,27.11043,-1.04413935e-08
121.87709,-1.5999242e-07,346726.3,-3.664147e-08,6.698039,-7.2172455e-09,-3.1494347e-09,2.499249e-08,1.3014415e-08,9.1757396e-10,-1341.679,354.3281,39.8752,-2.9848028e-08
131.33994,-1.3772844e-08,287525.56,-1.9632001e-08,16.489717,-3.7573638e-09,-7.0327827e-10,5.7785116e-10,6.9570966e-10,3.946857e-09,-1297.1555,391.1402,32.556118,6.876177e-09
98.99114,2.8154852e-09,243496.08,-5.890146e-09,8.671303,-7.728341e-10,-5.1194976e-10,-7.24277e-10,-2.8862508e-09,4.8437347e-09,894.94916,33.60183,54.5198,-2.2498682e-08
39.29065,-2.6130837e-09,403753.9,-6.3900557e-10,10.122878,-6.7027733e-10,1.5795423e-10,1.7581321e-09,-2.895957e-10,-3.3653575e-09,173.39081,13.425869,22.537653,3.1064071e-09
49.663986,-2.3307363e-08,141428.08,-7.72717e-09,11.754289,3.6658219e-09,3.6330958e-10,1.313139e-08,9.847819e-10,-2.4410838e-09,-975.0447,-67.1566,26.362446,-2.9239812e-08
-4.8668404,-8.963503e-09,404590.44,7.962096e-09,12.248464,-4.2552145e-10,-7.208199e-11,8.875066e-10,4.036612e-09,-5.9031957e-09,-832.3577,-15.717667,27.352371,1.5297873e-08
53.479656,-3.511036e-09,334359.5,-2.2082558e-09,11.839708,1.1249154e-09,-3.1564856e-10,5.325796e-10,1.4886519e-09,5.081294e-10,107.91019,-23.127556,43.41368,1.5865746e-08
79.867325,1.0389811e-08,348915.9,-6.322753e-10,18.092545,-2.402495e-09,-5.965863e-10,-4.1095327e-09,-9.056099e-09,1.5738236e-08,1891.755,1198.1493,43.133537,-3.197769e-10
37.210945,-4.1102876e-08,91444.6,-4.1251744e-09,8.327859,8.582193e-09,-7.3214396e-10,2.5046203e-08,7.383142e-09,-1.2312759e-09,625.9951,63.52939,50.49565,-2.4738169e-08
36.839596,7.1860375e-09,160960.97,-1.3863286e-08,10.709782,2.300649e-09,5.4022703e-10,-1.0296678e-08,1.1124287e-09,4.2981e-10,1753.0798,215.20074,40.125893,-1.1044758e-08
17.44353,-4.4129592e-10,116359.805,2.400473e-09,8.152007,-2.0930526e-09,-6.5230893e-10,-3.7088624e-10,-1.0943474e-09,-1.8314138e-09,-747.81635,-9.166096,26.07898,4.433051e-09
-6.5192566,-7.469641e-09,231820.44,6.650624e-09,5.5729046,-1.6921216e-11,-3.945699e-11,8.904358e-10,2.3336413e-09,-3.6163417e-09,-650.7994,-12.500542,29.29185,1.2055846e-08
40.577652,-6.8755206e-09,368850.0,1.5498384e-09,6.436819,-1.1907879e-09,-4.716131e-10,3.5757468e-09,4.0640598e-09,-4.7841584e-09,-790.036,-6.2643394,35.95196,1.0877155e-08
7.6632557,-1.5233336e-08,107606.46,5.254304e-09,11.502311,3.7529355e-10,-3.8544498e-10,2.8413363e-09,5.5167453e-09,-4.634667e-09,-974.3626,-18.243324,32.078682,1.6401914e-08
43.60697,-6.30081e-09,107290.86,4.562313e-09,8.677161,1.6363053e-09,-6.6932654e-10,1.1651502e-09,3.850136e-09,-1.5243157e-09,-678.4257,-8.2703705,38.71388,8.853153e-09
36.18837,-3.064176e-09,301440.78,8.375091e-10,11.364451,2.1074946e-10,-5.272221e-10,5.8166094e-10,3.3171939e-09,-4.3693698e-09,-427.0451,-8.298271,28.404263,1.0108558e-08
66.16196,-1.2175214e-08,241194.22,3.340692e-09,9.328329,-9.691655e-10,-7.389161e-11,3.8215773e-09,6.1478542e-09,-6.1002394e-09,-826.8527,-15.57534,43.455208,2.0651486e-08
2.893226e+25,-3.0142675e+17,-3.2973948e+27,-2.2723616e-05,3533.7375,1293385500000000.0,-2.5598489e-08,2.0657527e-07,6.9605285e-08,1.669113e-08,18738.232,531.17816,62.01252,-1.695096e-08
128.14073,-7.191452e-09,425198.2,-2.9848817e-08,5.2510934,-2.8359793e-08,7.112375e-10,-1.9011303e-08,1.2816673e-09,1.6420586e-09,642.05884,1019.1262,13.052589,-3.9014054e-09
48.753246,-4.89683e-08,283049.28,-1.2135878e-10,11.6683655,1.6233786e-08,-3.8248205e-09,1.953255e-08,8.734203e-09,1.7777804e-09,-457.7063,5.2995605,43.720757,-1.2730348e-08
12.27508,-5.661883e-09,222222.1,1.13072524e-10,10.240538,-3.9266618e-10,-5.405409e-10,2.386891e-09,4.94203e-09,-4.3637813e-09,-795.3833,-9.788734,43.660282,1.1751109e-08
90.81686,4.4576524e-08,323846.34,-1.3056753e-08,3.8185759,-1.4650277e-08,1.6760923e-09,-3.0915864e-08,-3.1796887e-09,3.823595e-09,-2676.9207,830.4178,43.294334,-9.591084e-09
46.17912,-4.272148e-08,398419.8,-9.951611e-10,12.561619,4.511106e-09,-3.9081933e-09,2.8376736e-08,1.205557e-08,1.5847281e-09,758.1843,61.399887,44.853474,-3.628177e-08
27.423187,1.0117525e-09,270042.94,-1.4500471e-08,11.670903,-1.32112925e-08,-1.2544047e-09,-4.5214525e-09,-1.0653216e-09,2.2708937e-09,1352.5632,108.39703,33.360226,-2.592049e-09
46.71638,-4.3869193e-08,300865.88,1.6444279e-09,12.399286,3.7538284e-09,-3.329335e-09,7.793936e-09,4.738559e-09,-2.635192e-09,871.83203,-5.1808624,45.091003,-3.2262568e-09
93.11694,8.927695e-09,201582.02,-5.351789e-09,8.489111,4.970837e-10,-5.0687526e-10,-3.033912e-09,-7.1907276e-09,1.6299161e-08,-748.0531,208.26233,81.48572,-3.50776e-08
33.114037,4.4066073e-08,173073.17,-3.0375438e-09,12.275627,3.9626702e-08,5.457924e-10,-1.1263184e-08,-1.2142942e-08,-2.9081255e-09,592.3164,-270.235,44.19536,3.9390344e-09
54.33831,3.670353e-08,274631.0,-8.97456e-09,12.306498,4.8506358e-08,-2.3252973e-09,-2.7958585e-08,-2.414089e-10,4.2275548e-09,5227.7515,320.20056,52.261333,-1.5315482e-08
55.2448,-7.675862e-09,108390.84,2.7428784e-09,10.607409,-3.3654224e-10,-1.482612e-10,1.594528e-09,6.0630088e-09,-5.228338e-09,-719.97205,-19.887268,30.891716,1.4670206e-08
76.74776,-5.7968148e-08,237927.52,1.3337723e-08,10.265112,5.435978e-09,-6.334075e-09,3.8141895e-08,6.6176384e-09,1.0983174e-09,-787.48315,6.1360626,40.613007,-2.2800709e-08
63.33207,-4.724705e-08,21444.64,6.347649e-09,10.446547,5.449193e-09,-1.07920235e-10,1.0691725e-08,3.0648384e-09,-1.2958321e-09,-387.50366,2.808792,42.85379,1.0726438e-08
68.08684,4.952815e-08,156061.12,1.7269777e-09,12.161732,-3.061149e-08,1.3614213e-09,-7.8937623e-10,-6.004894e-09,-2.6105225e-09,3163.9517,540.5296,31.026442,2.4351422e-08
6.12706,-6.819119e-09,293524.06,3.6728103e-09,11.36173,1.6141922e-09,-3.1400005e-10,4.129015e-10,3.1716763e-09,-4.070019e-09,-576.2868,-11.379295,31.191996,1.2864495e-08
87.62453,-9.784251e-09,369701.88,-2.868291e-08,10.326223,-8.507342e-09,1.1886384e-09,-3.2250853e-08,1.5259916e-09,1.6149053e-10,3766.9492,159.93872,66.02938,-2.937168e-08
1.0315031e+21,-10746572000000.0,-1.1755984e+23,-2.2723621e-05,3533.7405,46112215000.0,-2.5598471e-08,2.065751e-07,6.9605264e-08,1.669112e-08,18738.22,531.1782,62.01252,-1.6950924e-08
49.6642,-4.541297e-08,175608.31,-6.055788e-09,9.812661,6.9250894e-09,-2.8008926e-09,7.614296e-09,2.5538114e-09,2.0635273e-10,457.26123,155.0895,31.384464,-3.274642e-08
55.12452,2.206559e-08,667936.1,-3.0898426e-09,8.095085,-1.4979535e-09,-3.404166e-10,-8.974275e-09,-1.1506768e-08,2.0419515e-08,-480.42035,137.77423,38.46589,-2.4572383e-08
41.33803,-6.0302385e-09,329417.12,-2.9854244e-10,5.790502,-1.570067e-09,-3.771232e-11,2.0596673e-09,3.4972278e-09,-2.8747333e-09,-470.60193,-9.939369,53.6022,1.9673417e-08
66.042076,-9.508459e-09,361445.84,3.8672328e-09,7.7974024,2.1959304e-10,-2.536269e-10,2.0001976e-09,5.2585154e-09,-6.142778e-09,-595.63086,-6.764221,38.717735,1.671053e-08
22.687008,-7.467143e-09,228295.47,4.460717e-09,7.8718147,-3.6076708e-11,-4.5455129e-10,2.3051419e-09,4.4003183e-09,-4.55257e-09,-673.8231,-11.970634,31.70153,1.2746496e-08
58.07637,9.799446e-10,129008.695,-2.7595064e-09,10.351156,-6.6493495e-09,5.0019444e-10,-1.4977561e-09,1.6316959e-10,-2.0992277e-09,4704.078,90.85804,40.47529,5.872863e-10
67.73607,-8.431572e-09,99047.164,5.6650356e-09,14.840025,1.3245398e-09,-1.0791813e-09,1.9311508e-09,3.821386e-09,-1.9496516e-09,-1753.572,-15.602325,29.738344,1.1400453e-08
61.48345,2.621203e-10,159388.12,5.1453557e-09,13.438053,2.1900313e-09,-3.1893907e-10,-1.5556274e-09,-1.082515e-10,-2.8183741e-10,-1149.7953,1.5978851,10.308332,1.2636202e-09
46.200096,-6.893666e-09,199767.9,-5.7017163e-10,11.762152,-1.0452711e-09,-5.2687044e-10,9.10675e-10,3.4865117e-09,-2.297883e-09,-906.1978,-12.407677,58.18393,1.3953515e-08
54.794556,-8.135235e-09,291753.25,-2.3790683e-09,10.235124,-1.4385616e-08,1.3895889e-09,1.4058585e-08,1.4375034e-09,2.829701e-09,-570.18384,49.194107,46.281445,-5.726809e-09
58.338936,-5.6193272e-08,351206.6,-1.4992601e-08,9.040674,6.536314e-09,-4.6250674e-09,1.8328638e-08,1.7545018e-10,-6.782893e-10,-253.7024,281.14172,30.888887,-2.0612724e-08
84.453064,-9.5323465e-08,340940.44,-3.1834748e-08,14.043343,-1.2351275e-08,-1.1118934e-09,8.437946e-09,9.894128e-09,6.510277e-10,-450.97583,595.3349,50.834084,-2.7523239e-08
93.38352,7.692159e-08,263975.12,-1.1890699e-08,8.463185,-2.0657966e-08,2.990389e-09,-3.1850174e-08,-6.932124e-09,1.78391e-11,-4211.5684,791.9259,42.46159,1.8596495e-08
33.41751,7.2330337e-09,-17175.0,-2.2985307e-09,12.036739,-3.52557e-10,-7.565417e-10,-4.073613e-09,-3.8680636e-09,7.95813e-09,-920.4356,12.275166,44.23606,-3.2926823e-09
107.133965,-9.577775e-09,284486.44,-9.668466e-09,11.385784,-5.6100693e-09,9.379464e-10,9.922476e-09,-4.3970774e-09,-1.8542973e-09,-1316.3528,593.58405,57.969982,-1.6756962e-09
60.4248,3.4863795e-08,308355.38,-7.966059e-09,12.086177,-1.9257381e-08,2.4743267e-09,1.816026e-08,-7.439371e-09,-1.4104308e-09,9951.684,-129.59508,32.600594,-2.3544668e-08
69.207436,-3.972833e-08,364917.75,-5.360648e-09,11.036058,-6.27931e-10,-1.1264113e-09,2.5126226e-08,1.1169256e-08,2.6839378e-10,617.8108,228.87625,37.046806,-9.243857e-09
43.495827,-6.9005166e-09,252183.53,-4.738566e-09,12.113232,1.4202786e-08,1.2927984e-09,-7.678953e-09,-1.2404225e-09,1.3401513e-09,-498.88647,187.50963,55.61152,-4.8242064e-09
46.45029,2.6494678e-09,173161.62,-6.2477734e-09,11.928155,1.5996796e-09,-2.818026e-10,1.2647058e-10,-2.4865504e-10,1.886231e-09,-324.32245,2.3918877,47.90727,-1.4015135e-08
110.21623,1.89886e-08,170901.7,-1.606493e-08,10.460409,-1.6944945e-08,1.8531539e-10,-1.3527327e-08,-2.3841704e-09,2.553215e-09,7186.9043,531.0365,18.187983,-1.4266129e-08
28.950336,-8.2817575e-09,315839.4,4.794744e-09,9.583929,-1.5280496e-09,-3.289457e-10,1.4292679e-09,4.288951e-09,-3.848581e-09,-666.50946,-11.462601,35.19556,1.3891533e-08
-9.533249,-1.9821471e-09,244523.16,3.051558e-09,11.77705,-3.4255543e-09,-5.731697e-10,-1.6534174e-09,1.2832887e-09,-2.7777374e-09,-1029.1825,-9.99691,37.208893,8.16902e-09
31.992012,6.233626e-08,52107.484,-4.7330158e-09,9.590222,1.4912008e-08,3.9248396e-09,-1.5533942e-08,-1.0641056e-08,2.5983893e-09,3272.8281,177.84512,55.594063,9.915652e-09
79.986176,3.5850096e-09,106979.01,-8.4481995e-09,9.594007,2.6871233e-11,8.414656e-12,2.7008311e-09,-1.6630047e-10,-2.979353e-11,-816.58276,220.43277,24.010729,-3.7341423e-09
35.047295,2.4293918e-09,165682.08,2.2837587e-09,10.746337,1.8469378e-09,1.5947455e-11,-4.557836e-09,-9.61738e-10,-1.8347333e-09,-267.28455,12.700939,19.111393,5.149134e-09
29.472626,-2.3165165e-09,412375.12,3.982811e-09,6.3432035,-2.5259879e-09,-8.801269e-11,1.3886112e-09,-5.3037896e-10,-2.41961e-09,-578.16455,-3.3712616,31.231827,9.8249595e-09
33.44157,-1.7357983e-09,34558.33,3.7107786e-09,9.643315,-2.6761806e-09,-2.7197844e-10,-1.3238246e-09,3.306418e-09,-2.028054e-09,-768.1988,-3.1972923,34.960365,8.69344e-09
80.41319,5.9359744e-09,169691.42,-4.5290296e-09,9.679693,-2.3945628e-08,-2.5010066e-10,-5.0571467e-09,-9.312119e-10,-2.3041076e-09,-1267.6433,254.84195,30.67604,5.583891e-09
132.85779,3.6418083e-08,291519.72,-9.542386e-09,10.852326,-1.0111851e-08,1.2157159e-09,-3.474099e-09,-6.2970162e-09,1.4743453e-09,872.7561,758.7546,12.309284,8.5013765e-09
89.350174,-1.3967719e-08,329762.56,5.2233604e-09,7.8132663,-3.9638723e-09,-3.824474e-09,5.3026965e-09,2.348229e-09,-4.7244892e-11,-2315.214,281.55945,41.77083,-7.5525125e-10
61.139038,-1.3761069e-09,476437.5,3.5799774e-09,8.129387,-1.8382961e-09,-6.584289e-10,-4.793711e-10,2.3725608e-09,-3.4269443e-09,-457.1421,6.36565,32.55185,1.3932037e-08
44.695152,-8.943511e-09,70590.336,1.709774e-09,8.606824,3.301182e-11,-1.6864433e-10,-3.3944966e-10,3.5482826e-09,-2.1619382e-09,-888.7812,-13.457947,43.452507,1.2647035e-08
42.15172,-3.1998784e-08,301960.4,-4.8673434e-09,10.961425,3.0700222e-09,-4.0836543e-09,1.4717003e-08,3.5594725e-09,-4.6942623e-09,1428.8845,-65.51228,45.96131,-9.915089e-09
16.728525,-8.033603e-09,132930.3,1.7403525e-09,9.345239,1.1308765e-11,-9.8877885e-11,1.2824831e-09,4.0266563e-09,-3.1993788e-09,-759.45703,-11.907623,39.206635,1.2669857e-08
65.94609,-6.4163665e-08,353223.8,-2.2162132e-08,6.2016206,1.1198332e-09,1.5847776e-09,9.306689e-09,1.0534958e-08,-2.0139768e-09,-1335.3728,199.49686,64.23663,-3.5248288e-08
111.55452,-5.939481e-09,79127.43,1.3499725e-09,11.413829,-1.0035246e-09,-7.972612e-10,-3.4347425e-10,2.708623e-09,2.7087936e-09,-1391.249,-6.2601776,31.94365,1.1869128e-08
51.502323,-7.158842e-08,246848.25,-3.1035327e-10,11.381134,1.4139624e-08,-3.6100165e-09,3.1838926e-08,9.438212e-09,-1.533156e-09,-338.14868,42.775238,38.905853,-1.6617394e-08
51.16412,-3.0040837e-08,318913.62,2.1095267e-10,14.895359,2.714027e-09,-1.0680749e-09,1.3490079e-08,3.6625818e-09,2.4469506e-09,-1829.6819,160.33292,53.39163,-1.9794928e-08
51.569748,-3.146144e-09,202697.69,5.0038834e-10,12.711979,-4.403478e-10,-8.457886e-11,-1.5732726e-10,3.1406742e-09,-3.8557713e-09,-506.49103,-9.149651,47.168243,9.421546e-09
7.396145,-7.1972956e-09,154347.02,6.104719e-09,10.412288,1.555829e-10,7.4847156e-11,8.9913654e-10,4.292237e-09,-2.7691776e-09,-957.1381,-15.224472,31.749367,1.0981919e-08
8.19503,-9.305127e-09,267708.22,2.0378397e-09,11.236944,1.8698338e-09,-8.576863e-11,6.7201383e-10,2.4541609e-09,-4.880363e-09,-545.1277,-11.205345,43.19034,1.4454402e-08
48.526474,-4.574626e-08,222528.64,4.0593706e-09,12.467805,9.4589625e-09,-1.9267397e-09,1.4541808e-08,4.1407775e-09,4.237433e-09,465.1787,236.04619,17.997751,-2.8650897e-08
63.50377,-5.0085735e-08,327048.88,-7.75418e-09,14.747042,1.2882907e-08,-1.7869636e-09,1.5407885e-08,1.2896338e-08,-2.651272e-09,529.87646,149.83337,46.074474,5.8202736e-09
51.69839,-3.0647518e-09,155305.62,-9.7391615e-09,12.799471,3.9833887e-09,1.4381527e-09,4.1802184e-09,3.41325e-09,-2.5549012e-09,-389.63892,282.83386,50.715008,-7.2701134e-09
206.44272,-5.509745e-08,245340.31,-2.8259382e-08,6.9452195,-1.5987066e-08,1.5902696e-09,2.3777481e-08,-8.7994406e-10,1.2506045e-09,-2103.1194,82.340195,10.760456,-1.8156626e-08
20.551363,-7.270351e-09,288221.6,3.443137e-09,14.169828,7.5074974e-10,1.6637701e-10,1.9453064e-09,3.4303012e-09,-4.3796087e-09,-937.4665,-14.228767,34.962837,1.1845336e-08
223.25063,-1.354274e-07,282081.5,-6.212306e-08,1.67379,-3.0175407e-08,9.637442e-10,-1.0056226e-08,2.7551272e-09,4.3393524e-09,-730.3362,255.37524,32.615116,-2.9847854e-08
25.673252,-1.7979024e-09,191328.2,7.2076606e-10,6.313981,-2.009005e-09,-4.1847167e-10,-6.3347924e-11,-6.813119e-10,2.9756242e-09,-417.182,-1.001297,81.191055,1.0240588e-08
88.84595,-7.42203e-08,440940.88,8.8242755e-09,10.316749,2.896355e-09,-5.1345923e-09,2.9106939e-08,6.533948e-09,-7.0927497e-10,-2321.82,120.50645,48.01243,7.0324795e-09
57.816307,7.6663353e-10,197796.55,-1.6137088e-09,11.933976,9.0631214e-10,-3.9909277e-11,-2.787548e-10,-1.06976e-09,1.7190647e-09,-232.99437,-8.617767,40.596867,2.5057083e-09
37.54469,-4.520159e-09,242561.19,8.593602e-10,10.910063,1.6900357e-08,-1.023824e-09,1.394916e-08,-3.000306e-09,-5.350284e-09,1740.0046,-227.0114,43.103783,5.422873e-09
87.959206,1.3957857e-08,340039.8,-1.5717427e-08,13.764812,-7.412011e-09,-4.4033435e-09,-9.723212e-09,3.0307563e-09,4.7082325e-09,4736.1997,762.49207,39.282166,-7.3087816e-09
56.358524,-1.7695744e-08,301294.3,-1.2574929e-08,9.397673,2.761891e-11,-1.7868155e-09,-5.176589e-09,6.962204e-10,2.678195e-09,1209.7993,253.32382,46.16658,-2.8489868e-08
57.59797,-2.0888267e-08,367884.38,-4.3464787e-10,10.553587,1.0299561e-08,-2.3524331e-09,3.761026e-09,3.330111e-09,1.4642751e-10,1530.2063,355.63458,44.11598,-3.200563e-09
37.231407,-6.608321e-09,338339.3,3.8379606e-09,11.537472,5.58977e-09,4.276994e-10,3.7424783e-09,4.1038724e-09,5.090677e-09,6284.501,273.21906,57.240486,1.8677133e-08
12.311752,-7.487953e-10,38151.734,2.9337188e-10,9.714433,-2.1702269e-09,-9.1545066e-10,-1.1395828e-09,2.7638087e-09,9.0808844e-10,-341.14252,-4.996441,43.731766,4.343992e-09
40.14415,-7.066201e-09,93069.19,5.2509735e-10,15.445585,3.3713934e-10,-4.9482596e-10,1.6780802e-10,3.9688253e-09,-2.3370477e-09,-887.7585,-13.212425,40.042248,1.2225488e-08
-26.02835,1.2345736e-09,154126.25,-3.0361443e-11,9.025775,-5.3962257e-09,-5.869763e-10,-2.30186e-09,-9.601953e-10,-5.266369e-10,-846.887,-7.502426,33.18548,7.571016e-09
41.814598,-3.3208508e-08,367981.7,-1.2990832e-08,12.818701,1.7654967e-08,-1.6640961e-09,9.91774e-09,7.732495e-09,-5.6087757e-09,-59.083984,-187.95726,55.968166,-3.1691123e-08
107.53728,-4.1893934e-08,216868.22,-2.1059845e-08,8.906226,-9.474705e-09,-1.848198e-09,1.8678957e-08,-4.2216747e-10,2.1904705e-09,-1605.5627,187.17546,29.749372,-2.2791198e-08
64.96515,-5.4099768e-08,350350.22,-1.2595848e-08,12.446139,4.925711e-09,-3.0866898e-09,-3.072579e-09,7.760894e-09,3.0373593e-09,-894.4978,467.89124,38.688923,-1.5098065e-08
180.29391,-2.1886953e-07,393710.0,-5.6476075e-08,4.374855,-1.8493479e-08,-2.5802083e-09,1.435569e-08,1.1329121e-08,2.5167008e-09,-1194.9026,212.83698,50.83559,-3.3865998e-08
34.83686,-7.468067e-10,121454.31,-3.1865879e-09,10.472404,-2.644657e-10,-7.8621776e-10,2.0420665e-09,-7.164916e-10,1.3599183e-09,-751.5425,-14.79026,35.529526,-1.0558043e-09
33.840813,-1.614372e-09,71219.34,-3.163576e-09,9.34947,9.979955e-10,-6.6907374e-10,2.6222262e-09,-1.181398e-09,1.4427365e-09,249.35208,6.681877,49.108604,3.3245537e-09
40.187347,-6.637818e-08,216424.08,-4.011241e-09,10.957095,1.2166401e-08,-3.8592374e-09,3.1348954e-08,1.2784706e-08,-2.9629061e-09,66.46509,78.20417,38.515915,-2.4046063e-08
60.34576,-3.9913655e-08,468940.5,-4.4015205e-09,7.239886,-2.5109264e-09,-6.613455e-10,2.6022171e-08,1.3859706e-08,-1.2872591e-09,-335.8733,874.3329,40.182285,-6.7160917e-09
24.51319,-4.159552e-09,239391.19,-1.1957357e-09,7.585212,-1.6648465e-09,-2.6721914e-10,1.0734341e-09,1.7197002e-09,-3.391458e-09,-164.09392,-14.361092,93.61983,7.078341e-10
130.61896,-4.3686747e-08,256714.73,-3.317801e-08,11.052249,-1.3600078e-08,9.0661567e-10,-3.1193995e-10,-1.3953575e-09,1.138365e-10,-811.5935,720.1831,26.554974,-1.1575968e-08
23.939808,-1.3556927e-08,165011.62,7.0619395e-09,5.596508,-5.1242705e-10,-5.4295946e-10,2.8987477e-09,4.384833e-09,-4.2686157e-09,-604.21277,-15.290337,32.550293,1.5255273e-08
49.326767,-1.9314652e-09,320703.47,1.4164984e-09,11.644638,-2.111979e-09,1.898297e-10,-1.866225e-09,2.2565956e-09,-5.5266476e-09,-223.35417,-10.720688,32.46785,9.362284e-09
53.987766,1.4377476e-09,206357.39,1.595512e-09,9.485118,-2.6907827e-09,-7.97323e-10,1.1334605e-09,2.787763e-10,8.8088514e-10,-561.4844,32.483887,22.181946,2.1263191e-09
107.07206,4.3682032e-08,271351.22,-2.2844173e-08,11.016112,-1.6230047e-08,-4.4440263e-10,2.4738438e-09,-3.408949e-09,2.1769708e-09,-1192.677,1067.6311,41.45044,-1.2406625e-08
92.28342,-1.2102555e-07,367678.44,-8.773209e-09,10.239655,9.834676e-09,-4.8271906e-09,2.2993756e-08,1.5928544e-08,2.6456923e-09,-636.5603,207.98405,43.19735,-1.5921612e-08
140.67169,-5.0380788e-08,351180.62,-6.020615e-08,14.451679,-1.5095619e-08,-2.3330757e-09,-1.1339558e-08,7.0962125e-09,1.5454575e-09,3210.3857,424.69348,66.338745,-3.33749e-08
42.721043,1.2052817e-08,120121.26,-7.650719e-09,9.890939,-5.060028e-10,1.2044483e-10,2.8467703e-10,6.983193e-10,1.3867133e-08,997.4989,146.41635,30.527266,-1.4970428e-08
61.23233,1.8818492e-08,228215.61,-1.5479053e-08,11.723055,-7.889802e-09,5.2584204e-10,-2.0009927e-09,-7.2756023e-09,-2.80807e-09,2953.0352,275.91354,27.76049,-3.574547e-08
77.82852,-2.7865004e-09,201891.81,1.4060483e-09,8.903286,-1.1698963e-10,-3.8708117e-10,6.710023e-11,1.1444019e-09,-2.492602e-09,-1014.11957,-5.7394867,22.718431,1.0301474e-09
25.074203,-3.3593017e-09,371311.25,-1.2785304e-09,6.77221,-1.4419018e-09,5.3703663e-11,1.3418981e-09,2.0330655e-09,7.3299855e-10,-535.38416,-6.856098,50.772564,6.3748766e-09
-22.627808,8.177214e-10,321152.38,2.5887457e-09,12.516895,-6.1096517e-10,-4.332373e-10,3.289429e-09,6.5542427e-10,-3.4706131e-09,-516.5059,-6.855049,28.294151,9.158549e-09
61.455956,-1.9288389e-09,283873.22,-2.9181522e-09,6.995166,-6.5217354e-10,8.6714615e-11,-1.986303e-09,1.5870237e-09,-1.5461271e-09,-669.05585,-4.960396,41.247826,8.784241e-09
-2.3071175,-1.8650357e-09,238149.1,-2.9159661e-09,9.233103,8.178724e-10,-3.0159594e-11,4.128325e-10,-6.2603106e-10,-7.3451945e-10,-186.97737,-11.906593,76.04167,5.8912324e-09
6.8801765,7.1055204e-08,403961.6,-2.1133262e-08,10.128252,8.3366636e-08,7.567911e-09,-1.5750809e-08,-2.212562e-08,-6.306465e-09,17131.42,48.984467,67.820305,7.8070235e-09
95.76063,6.511325e-09,257228.83,-7.2281923e-09,4.6784477,-2.6761537e-09,-2.737051e-10,-1.2913051e-09,3.6319705e-09,6.8272232e-09,157.61864,174.00272,40.39228,-1.1709479e-08
14.511372,3.7702454e-09,386848.97,-2.957554e-09,11.221986,1.9254194e-09,-6.5232236e-10,-1.9762116e-09,-3.6112189e-09,3.7454124e-09,-367.13794,3.0266418,52.019985,-6.9296113e-10
20.146063,3.937343e-08,161990.95,1.6093969e-08,8.019318,3.2625454e-08,-2.2184035e-09,-1.1237199e-08,-5.251554e-09,3.882218e-09,4037.3208,1251.4855,55.24475,3.5067224e-08
0.20634079,-2.6829867e-09,388571.0,1.3447375e-09,6.758112,1.4805328e-09,-6.1339274e-11,-1.5563174e-09,6.0417227e-10,-7.187571e-10,-456.76678,-5.661911,37.07764,1.1784361e-08
7.567724,1.5820988e-09,254896.56,-1.6118307e-09,12.147116,4.2283457e-09,-5.0592397e-10,-2.1261835e-09,-1.4159603e-10,-3.022714e-09,-39.38408,3.3482666,42.56988,3.205417e-09
203.43944,-3.14111e-08,255831.12,-3.0920855e-08,9.744371,-2.2071275e-08,1.3265138e-09,2.8511982e-09,-5.6689525e-10,8.907222e-10,-2136.5212,388.55054,28.519266,4.3614965e-09
38.943844,1.2633468e-08,503337.88,6.336148e-09,8.084338,-2.557531e-09,-3.2810465e-09,-2.3651495e-08,-4.6891944e-09,-2.1701305e-09,18399.664,90.389,50.224537,1.3576519e-08
48.7729,2.2535836e-08,283652.06,-5.5870215e-09,13.208257,3.5648553e-09,-5.40278e-10,-1.24884645e-08,4.8087734e-10,-4.2199355e-09,316.46484,428.86832,47.134598,-4.5171986e-09
31.130325,-6.810994e-09,192885.17,3.9814863e-09,7.8266315,2.4054986e-10,-9.9691165e-11,1.7808253e-09,3.3053353e-09,-1.918815e-09,-730.0357,-9.03986,29.73413,9.552982e-09
58.787823,1.4787038e-08,103750.23,-1.15880665e-08,10.421728,-1.2949829e-10,-1.0114388e-09,-1.3434981e-09,-5.9432015e-09,1.5963955e-08,-68.47409,152.8797,50.538643,-2.7817014e-08
25.25987,-5.733513e-09,318471.62,9.705352e-09,11.143687,2.6762753e-10,1.8087566e-10,5.480311e-10,2.0386397e-09,-2.332154e-09,-890.41595,-9.726318,20.647924,1.1849751e-08
54.482494,6.791474e-08,140356.22,-2.3595828e-08,10.51041,2.0480673e-08,3.5428795e-09,-5.3773636e-08,-3.9368326e-09,-2.2078177e-09,14774.259,676.5389,40.838837,-1.09259135e-08
71.36032,-2.2726788e-08,226909.86,-1.8795694e-08,12.74461,5.633933e-09,-2.3419688e-09,-7.761851e-09,9.053095e-10,-5.977926e-11,1826.4246,148.96127,39.41124,-3.5605293e-08
177.16293,3.857917e-09,282771.8,-4.9258702e-08,4.7918468,-2.4069422e-08,2.138529e-09,-1.3155585e-08,1.6663909e-09,1.6402909e-09,-2690.015,426.69647,36.349052,-5.6137286e-09
-11.341259,-6.0551106e-09,302523.44,5.9517236e-09,8.875552,8.825248e-10,-1.0243857e-10,1.2757878e-09,2.2129238e-09,-4.047059e-09,-709.70026,-12.357079,29.211807,1.38214755e-08
127.60727,6.979082e-08,341882.25,1.5855719e-08,7.9119635,4.7915925e-08,-2.1039417e-09,2.8672671e-08,4.2348947e-09,7.823326e-09,751.907,333.0381,47.4353,2.4784779e-08
85.96423,-1.2320261e-07,326269.06,-7.5983164e-10,3.412466,3.018329e-09,-3.549846e-09,1.9597396e-08,1.27378526e-08,-4.812151e-09,-716.6887,169.27728,46.41219,-2.2570111e-08
115.94716,7.600739e-11,346183.5,-1.4133665e-08,10.123442,-2.165241e-08,-8.397517e-10,-1.1886783e-08,-3.2538143e-09,-2.2218671e-09,-1481.8542,242.81602,49.65574,-2.0129784e-08
73.34305,-3.6740374e-08,292732.56,-1.8970603e-08,11.599553,3.4977647e-09,-2.04924e-09,5.718355e-09,4.532619e-09,-2.5141265e-09,-725.0403,208.1027,21.857841,-1.8663608e-08
72.57524,-9.96954e-08,278677.62,1.21485195e-08,11.979338,7.0415296e-09,-6.3022565e-10,2.742056e-08,1.184139e-08,-1.1504038e-10,-620.93677,51.693924,35.33304,9.986628e-09
46.075874,-4.628254e-08,237384.9,1.4363749e-09,11.42106,5.892792e-09,-4.6474797e-09,9.572992e-09,8.581516e-09,2.6699556e-09,831.0737,129.37346,27.480713,-1.941062e-08
24.098392,2.2681133e-09,220401.84,-4.3406754e-09,8.885497,-7.9645407e-10,5.9470934e-10,-1.5561501e-10,-1.5905699e-09,2.8614606e-09,387.9529,27.390144,62.869102,-6.608028e-09
34.97067,4.438456e-09,302889.16,-8.918341e-10,5.690352,1.7891261e-09,-3.6630185e-10,-2.9839318e-09,2.9854195e-09,-9.823611e-10,-494.37427,6.8184204,32.564175,1.356507e-10
45.749783,-1.6605209e-09,152673.53,1.0726152e-09,9.2685795,4.373891e-10,-1.0066497e-09,-1.2249757e-09,3.815088e-09,-2.089111e-09,-661.5604,-0.96115875,44.20938,4.665848e-09
56.06133,-3.1181873e-09,280146.8,-1.2684565e-08,10.709448,2.0993363e-08,-1.0220639e-09,-1.6225687e-08,-2.7696134e-10,-2.6043703e-09,670.24365,206.01375,45.456116,-2.1768454e-08
63.03998,1.5839495e-09,202618.94,-4.567566e-09,12.776124,1.7334909e-09,1.664715e-10,-1.5891841e-09,-1.7498949e-09,1.5152295e-09,231.20522,47.91317,49.058544,-4.690191e-09
63.027245,2.9690304e-09,254109.23,-4.439051e-09,8.066023,-4.0114012e-10,1.0008941e-09,2.0391877e-09,-4.081777e-09,1.7118124e-08,-112.98784,39.033318,78.388275,-2.4898462e-08
84.20276,-3.3793725e-08,299806.88,2.1110578e-09,13.208921,1.0433788e-08,-5.0929145e-09,7.926513e-09,6.9766246e-09,4.6193414e-09,-1510.4832,153.4504,48.89793,-2.4456726e-08
10.746458,1.2463558e-09,186331.48,-3.0245606e-10,9.907869,-6.999954e-10,-5.69599e-10,8.9944724e-10,1.1232963e-09,4.0105663e-10,-537.1585,-1.1869316,26.817009,4.5257298e-10
46.797554,-5.6394796e-09,129606.55,4.8116595e-09,10.191121,-2.6571545e-10,-2.5488262e-10,-6.898024e-10,5.2996167e-09,-4.511259e-09,-614.86743,-8.842426,24.973083,1.0129777e-08
-17.710857,-7.738557e-09,470710.75,7.9840925e-09,9.04391,1.1605094e-11,-2.5302033e-10,1.5989957e-09,3.229628e-09,-6.0812084e-09,-727.5641,-14.184067,26.491585,1.6405604e-08
108.47612,-5.085656e-08,305455.0,-3.3313277e-08,8.381185,-2.2299762e-08,-9.915306e-10,1.362218e-08,3.921279e-09,6.939791e-10,699.21387,283.87576,43.815136,-9.645304e-09
64.7564,-2.3148272e-09,325598.88,-3.4463605e-09,11.221123,-1.5598353e-09,-6.1891264e-10,-3.6043284e-09,5.7040555e-09,-2.9884673e-09,-428.32867,-3.8007965,52.192715,4.3518287e-09
43.705166,-7.975888e-09,135361.47,3.8948125e-09,8.307944,1.6446267e-09,-7.687759e-10,-2.8618696e-10,3.9971e-09,-5.1742908e-09,-519.27325,-11.9446945,38.9256,1.879048e-08
75.216675,6.998152e-08,287935.5,-1.9072788e-08,9.8241825,-5.8522854e-08,-6.4751543e-10,-1.2552724e-08,-7.401051e-09,-2.7023964e-10,8485.49,256.2906,61.60143,6.925833e-09
63.115707,-9.275754e-09,167562.53,1.6500868e-09,10.522578,-4.8703724e-10,7.135751e-13,1.7926449e-09,5.6395897e-09,-3.462919e-09,-912.01276,-19.249046,48.44313,1.4918273e-08
93.29919,-1.6589645e-08,281125.06,-1.0370612e-08,13.584239,-2.0681059e-08,-1.077152e-09,7.33448e-09,2.2306343e-09,3.398116e-09,6400.2183,388.07715,35.912613,-9.6309165e-09
128.77396,-1.1693848e-07,393495.94,-3.5062072e-08,10.779535,-5.9135186e-09,-1.608723e-09,3.373174e-08,1.1689913e-08,1.8981052e-09,-1432.1399,243.73035,49.39787,-3.0776584e-09
53.731197,2.05589e-08,272525.9,9.0275645e-09,12.386764,2.1783004e-08,8.8819097e-10,5.057669e-09,-3.1898015e-09,-3.6581058e-09,-338.4187,142.16852,32.86265,-2.7080715e-09
47.433167,2.1463586e-08,166668.6,-7.506051e-09,14.281657,1.581954e-08,-1.311868e-09,1.7883142e-09,1.2303708e-08,5.276835e-09,88267.36,213.0169,83.85972,-9.742888e-09
27.775002,-3.1956213e-09,382937.03,1.906569e-09,8.712075,-6.1893574e-10,-3.0566277e-10,-5.096933e-10,1.4468777e-09,-2.6973908e-09,-792.46063,-8.468124,36.23106,8.365681e-09
54.79239,-7.481246e-09,189988.17,1.2434509e-09,12.065902,1.342237e-09,-1.2869229e-10,2.5311495e-10,3.4074827e-09,-4.4904573e-09,-936.95233,-9.114082,34.753735,1.3455182e-08
27.568377,-9.250701e-09,403390.44,5.9817618e-09,6.440521,1.3968764e-09,-2.6572472e-10,3.068889e-09,5.1884563e-09,-4.6317057e-09,-582.05786,-9.836025,32.717697,1.5811965e-08
1284270.5,-4.1381305e-08,-33196388.0,-8.543255e-09,19.04868,-1.1000008e-08,9.763237e-09,-6.709977e-08,-9.075934e-08,-1.1921243e-08,2583.5627,-139.47585,-6952.0547,8.732957e-08
29.566822,3.0152634e-08,286074.8,-2.1768094e-09,12.006221,5.249507e-08,-3.5366534e-09,1.7388858e-08,-7.566644e-09,-3.629115e-09,263.71094,-448.17798,18.769274,3.5692584e-09
56.45452,-4.6024375e-08,169104.16,-1.1840229e-08,10.630718,5.7586944e-09,-2.7008787e-10,1.0166863e-08,7.470406e-09,4.806825e-10,522.8303,101.00821,53.291183,-2.9253307e-08
54.385445,-3.6846421e-09,248833.44,-1.8654822e-09,11.793943,-1.3862385e-09,-4.5765533e-10,-2.1001076e-09,3.4254999e-09,-6.8677053e-10,-523.42303,2.5160217,36.326588,1.2554622e-08
32.618908,-1.8240405e-08,139208.56,-3.0554814e-09,12.197182,1.3373237e-08,-9.308301e-10,-2.6335296e-09,1.4801905e-09,-5.719023e-09,-2.8891602,-40.543488,48.93868,-5.4675313e-09
-10.593197,-9.414002e-09,350752.84,-4.4516893e-10,9.2769985,-2.6381042e-09,1.5074931e-11,1.5370069e-09,3.4540273e-09,-4.168809e-09,-747.1509,-13.603912,45.710487,1.5065488e-08
58.208153,7.775221e-09,148732.95,-1.2354833e-08,12.298342,-1.5524147e-08,7.090268e-10,-8.071218e-09,-2.6663516e-10,2.5032562e-10,-65.27637,328.98767,40.816322,-1.9884789e-08
50.018875,1.5862646e-09,150289.0,-5.3032634e-10,10.927676,5.5903265e-10,-6.259153e-10,-7.467965e-10,-2.4367805e-10,2.4060693e-09,-1230.0437,10.691906,25.941395,-2.1463307e-09
75.791954,-6.910326e-09,187041.12,-8.6455254e-10,10.442349,-1.9090713e-09,-1.1663277e-09,6.949841e-10,5.2101248e-09,-2.1318864e-09,-675.3164,-8.783394,56.966545,1.6830528e-08
70.51727,-8.16508e-08,247062.97,-1.9613686e-09,12.959253,8.721704e-09,-1.5274176e-09,1.975324e-08,1.0150751e-08,1.0742934e-09,-399.24683,91.3123,33.00037,-7.921905e-09
47.602844,-6.787192e-08,351688.34,-1.5405144e-08,9.5446005,5.018504e-09,-2.1562567e-09,2.3880759e-08,1.0636228e-08,2.415216e-09,-112.83032,374.91956,49.191593,-5.8542884e-08
149.29585,8.71243e-09,197930.33,-2.8127099e-08,11.431258,-1.7987642e-08,5.6473803e-10,-2.6023418e-08,1.7618461e-09,2.2862896e-09,5329.035,575.7374,36.6185,-1.1141427e-08
123.03392,-1.1809825e-09,80872.28,-2.339268e-09,15.437849,-2.3723894e-09,-1.9462947e-09,-2.3495577e-09,-3.2135599e-09,1.26030395e-08,1031.753,139.30597,41.210297,1.383344e-08
0.7296448,-6.0565823e-09,285330.75,6.358646e-09,7.4947567,-1.2724861e-10,-6.977977e-10,3.648373e-10,2.8225497e-09,-3.1579575e-09,-657.02734,-11.253113,30.917286,1.0940541e-08
48.437714,-7.519749e-09,162302.44,2.9938996e-09,10.165368,4.808315e-10,-1.3917432e-10,2.65184e-09,2.8530576e-09,-2.9386826e-09,-902.8128,-14.513397,31.495173,1.35995e-08
1.9628258,-1.0029828e-08,307913.8,4.1920676e-09,9.709931,-1.2391471e-09,-3.2796768e-10,9.902659e-10,4.3361315e-09,-4.996881e-09,-689.54407,-14.488556,35.249054,1.607958e-08
505.91907,-4.4715954e-08,161437.95,-3.122759e-08,19.026012,-1.9694777e-08,5.4095e-09,-2.7831202e-08,-1.2236487e-08,2.2564797e-09,3402.1392,72.10448,-97.6611,7.912081e-09
45.840317,-4.3086343e-09,227720.52,3.016614e-09,12.718219,-3.8278376e-09,-1.2594856e-10,-1.3955557e-09,2.3438593e-09,-3.7336356e-10,-1281.055,-8.883652,29.881107,8.5694625e-09
19.655296,-1.0737377e-08,347990.8,7.048319e-09,4.4462843,-9.958786e-10,-2.705953e-10,3.6573602e-09,5.734071e-09,-5.090624e-09,-630.87866,-10.179268,31.333815,1.48990935e-08
32.75256,-6.444084e-09,155011.78,2.2156499e-11,11.2858095,-1.9763227e-09,2.432234e-10,7.738607e-10,3.6306216e-09,-3.5308867e-09,-540.22656,-9.838509,47.639565,1.2032458e-08
1.1157799,-8.6855e-12,456471.38,4.425817e-09,5.0545692,-1.6988526e-09,-2.6864322e-10,-6.264046e-11,2.9164082e-09,-2.7516303e-09,-723.74304,-6.515415,31.671598,1.0914308e-08
80.532036,-1.5914434e-09,287742.53,-3.648651e-10,5.3163757,-8.189101e-10,-3.436378e-10,1.7359092e-10,2.5852624e-09,-1.4706084e-09,2.583908,-1.4302635,67.176865,4.7677546e-09
41.25071,-2.0019626e-09,120862.4,6.24002e-09,13.658848,1.6168425e-08,-2.568933e-09,9.070453e-09,-2.5539555e-09,-2.1867095e-09,1482.834,-10.703522,49.291428,-9.9545465e-09
-21.612213,-9.227866e-09,497697.94,8.320066e-09,9.125158,-5.453856e-10,4.4972717e-11,2.1321884e-09,3.348389e-09,-6.3410823e-09,-780.5293,-14.399597,29.110214,1.7851294e-08
55.273376,-6.387899e-09,190113.56,3.469002e-09,10.696631,-4.149131e-09,3.0457328e-10,-1.2947147e-09,6.0444294e-09,-4.5586352e-09,-844.0118,-10.792061,30.102371,1.5209883e-08
114.40349,-9.796535e-08,271681.94,-1.747473e-08,14.6775255,9.346509e-10,-9.0052554e-10,2.2780355e-08,7.849213e-09,-8.276844e-10,-1238.6433,189.95433,35.163418,3.7900616e-09
104.60113,5.5304258e-11,323647.12,-3.0289655e-08,10.196668,-4.0292644e-08,2.5233489e-09,-1.3264856e-08,1.5879516e-10,1.335838e-09,-3035.4573,790.76447,43.463837,-1.2401119e-08
-1.3306389,-5.710911e-09,185610.48,5.715498e-09,9.662266,-2.5420883e-09,-2.2157136e-10,7.367757e-10,2.4406779e-09,-3.5079926e-09,-834.5394,-14.033127,29.974161,1.1045301e-08
46.84593,1.3875389e-08,-30499.672,-1.0779802e-08,12.395928,2.4770608e-09,-7.92143e-10,1.3516797e-09,-7.385529e-09,4.288566e-09,-827.28845,39.69831,29.1706,-1.470527e-08
87.12278,-7.54038e-08,372386.12,-2.0359504e-08,10.071561,-2.4115516e-09,-1.1895677e-09,1.29216335e-08,6.5611427e-09,-1.7859383e-09,-1125.0227,167.0961,45.150917,-2.1769347e-08
46.183945,-4.1918646e-09,300826.44,1.4422324e-09,10.938863,-2.542986e-10,3.5419556e-10,-1.551441e-09,4.7006767e-09,-5.846708e-09,-531.40625,-7.048706,30.134464,1.2196262e-08
-6.05735,-7.0983592e-09,325628.94,3.935744e-09,8.63861,8.309857e-10,-4.4311796e-10,1.6035245e-09,4.2590433e-09,-5.0281983e-09,-700.22095,-12.941933,41.1553,1.3818155e-08
65.21573,-3.3942027e-10,273716.2,-1.4921628e-09,9.150788,-2.2436533e-09,5.1004845e-10,6.347835e-10,-3.7288928e-09,8.729266e-11,-629.7342,16.92041,41.637074,2.8637757e-09
27.647413,-4.499166e-10,288497.7,1.0474163e-09,14.326071,-7.6572887e-10,-3.256856e-10,-3.2551974e-09,1.3825617e-09,-1.9009343e-09,-482.79492,-6.362774,38.85906,7.01088e-09
23.678848,-3.7323074e-09,199134.8,-2.2702524e-09,13.941232,6.0471e-11,1.5336198e-10,5.1498267e-11,1.1415248e-09,-3.7774663e-09,214.93843,-3.512165,81.7066,1.9106332e-09
108.88046,-9.154146e-08,308125.72,-3.5753324e-08,9.729673,-6.9245623e-09,-3.5739292e-09,1.6967558e-08,8.241575e-09,2.0503156e-10,-985.6218,325.9219,50.438618,-3.9439094e-08
78.8035,-3.2605796e-09,248996.45,-2.6683085e-09,12.59055,-1.5819527e-09,-6.543534e-10,-1.3246187e-09,-1.0242757e-09,-2.807921e-09,355.11133,3.1455688,36.49693,4.956686e-09
80.48689,-1.191943e-09,196661.27,-5.502128e-09,7.2163973,-2.278556e-09,-2.7698624e-10,1.8859558e-09,2.0288966e-09,2.824878e-09,222.31972,9.8554,37.662495,-1.34976865e-08
21.067017,-1.0855536e-08,201316.3,6.453632e-09,8.799681,-6.340065e-11,-5.299495e-10,2.2850162e-09,6.98836e-09,-4.111303e-09,-779.97546,-15.305191,27.142418,1.4856689e-08
35.096573,-3.081713e-09,231340.97,2.5997535e-09,10.035622,-8.416542e-10,-1.1279134e-10,-1.3833815e-09,3.789657e-09,-5.165376e-09,-751.8929,-6.203308,29.085953,1.1453203e-08
46.7788,-1.8170904e-09,108657.305,-5.402299e-10,12.946911,9.667412e-10,3.0397147e-11,-4.744127e-10,-8.1229623e-10,-1.2348091e-09,-679.651,-5.886711,36.733383,2.510635e-09
69.36804,-2.7520436e-08,287147.3,-1.5527477e-09,13.772507,4.4193436e-09,-1.1431212e-09,1.4921978e-08,4.8899627e-09,-1.0634975e-09,-121.2605,153.12262,23.08893,-1.1131701e-08
66.44275,-2.262895e-09,227592.11,3.145637e-09,8.216447,8.0193535e-10,-2.1638848e-10,-4.836751e-10,2.0180686e-09,-1.6164085e-09,-644.5436,-2.3696632,15.953047,6.418509e-09
16.599783,-9.031957e-09,337763.47,5.96962e-09,10.330581,-1.7476034e-09,-4.619534e-10,2.1949462e-09,4.106671e-09,-3.9857424e-09,-805.83856,-14.92025,31.90351,1.4768592e-08
63.70083,-4.895474e-09,138219.6,2.6387341e-09,10.474322,-2.251139e-09,-5.657784e-10,7.0187356e-10,2.5035591e-09,-4.4044213e-09,-775.8757,-9.43959,33.63159,8.69188e-09
1.151975e+17,-1200169100.0,-1.3128995e+19,-2.2723585e-05,3533.7375,5149778.5,-2.5598494e-08,2.0657534e-07,6.960532e-08,1.6691128e-08,18738.227,531.17804,62.01252,-1.6950946e-08
-11.439339,-5.1856834e-09,205281.47,6.7914594e-09,7.6466985,-2.9064202e-09,-2.2410097e-10,-4.7364883e-11,1.6063906e-09,-2.463417e-09,-780.33044,-15.118019,28.223911,1.0563668e-08
62.133232,6.7690737e-09,277750.28,-4.734177e-09,17.10797,-1.6924084e-10,1.4003618e-10,-2.4054136e-09,-9.082903e-09,2.1202167e-08,1069.5682,302.8835,73.80396,3.8380046e-10
71.01805,2.7019884e-10,321389.94,-1.7582069e-09,9.538738,-1.0514247e-09,-1.22252425e-11,-1.9726372e-09,-4.349867e-12,2.171208e-09,1001.6246,33.32713,42.036312,-1.248579e-08
36.942226,-2.6998526e-10,365032.88,3.3337164e-10,6.483677,-2.4946618e-09,-4.544774e-10,2.6559566e-09,-2.4371023e-09,3.1258087e-09,-118.521225,2.5563278,39.887268,-3.777864e-09
63.139538,-3.743328e-09,297302.3,-1.8435299e-09,6.17179,-8.616553e-10,9.666015e-10,1.2235862e-09,2.6948332e-09,-4.684541e-10,616.53845,14.018337,55.3167,2.25935e-08
234.30077,-4.100447e-07,409026.25,-9.9961035e-08,-0.7817173,-2.8408921e-08,4.3445025e-09,6.052992e-08,1.5942627e-08,1.485969e-09,-1174.9417,17.528656,61.488674,-2.0163165e-08
-29.399937,-2.2771771e-09,278298.28,-5.405241e-10,12.035948,6.6234e-10,-3.0863606e-10,-2.2196456e-09,1.3243745e-09,-3.541453e-09,-581.2394,-10.628784,41.424362,1.2311039e-08
20.439196,-4.322177e-09,225367.16,-2.413536e-09,5.3570604,-1.9136326e-09,-2.976209e-10,-2.35952e-10,2.5682252e-09,-2.5995315e-09,-399.48096,-10.899353,45.76429,1.2971502e-08
41.830566,-9.608932e-08,456795.25,-1.325005e-08,8.993918,1.1689749e-08,-5.7153757e-09,2.1816422e-08,7.050675e-09,-2.989528e-09,1061.1924,290.11145,55.413692,-1.342707e-08
47.464203,-2.3302815e-09,152923.0,-4.005781e-11,8.415137,-1.7606727e-09,4.8425874e-10,-5.2221154e-11,2.084839e-09,-4.0013326e-09,889.2115,1.0031052,39.648254,-3.3336892e-10
-12.230656,-4.8812896e-09,69974.12,5.5767293e-09,6.5162163,-1.4420656e-09,-2.1113852e-10,2.7917136e-11,2.3288227e-09,-2.0795863e-09,-748.6757,-14.107231,29.744038,1.01750715e-08
1.533257e+24,-1.6346362e+16,-1.534036e+26,-7.397417e-09,10.994164,-9.852259e-09,9.898452e-09,-6.987675e-08,-9.97012e-08,-1.26982735e-08,2653.6545,-181.4399,-2.1063049e+20,5.8661044e-06
159.31787,6.281542e-08,397517.12,-5.28295e-09,2.7090893,1.0472936e-08,5.818396e-09,-2.1153088e-08,-6.5164825e-09,-1.4724688e-09,-8528.247,258.0094,9.638645,1.5057582e-08
105.284454,-9.2806104e-08,362528.6,-2.1709642e-08,11.946946,-9.961275e-09,-2.4342786e-09,2.4378032e-08,1.3846506e-08,-1.2172066e-09,-1824.7468,276.15503,62.19072,-2.5034096e-08
40.436985,1.13296004e-07,15434.453,2.43002e-09,16.991528,-5.18839e-08,-4.5084447e-09,-1.05794005e-08,7.2929995e-10,-3.7623904e-09,84015.516,901.6334,60.586647,7.489383e-09
60.03334,-1.4401384e-08,163354.14,-5.5727183e-09,11.822277,8.2646645e-09,-2.7222178e-09,-1.130197e-08,6.5356067e-09,2.1835895e-09,55309.688,347.6588,54.627274,-1.1332871e-08
77.794235,3.002748e-08,169398.83,-1.833438e-08,9.715959,-3.4615034e-08,1.5408137e-09,-1.41424605e-08,-2.895214e-09,-8.6702634e-10,1201.3687,451.36047,42.418247,-2.8009111e-08
28.125492,-3.9731818e-10,18765.25,4.8568105e-10,7.249498,5.454532e-10,-6.570232e-10,-2.7511634e-11,-4.589544e-10,-9.47018e-10,-256.17572,3.1863708,38.723244,1.4872901e-09
-13.443653,-6.007224e-09,147148.77,-1.9949211e-09,12.619746,1.2202299e-09,-5.781955e-10,-7.9980755e-10,2.546224e-09,-4.9178044e-09,-876.0101,-12.711357,46.807823,1.3276251e-08
139.1311,2.3886037e-07,118235.67,3.7657262e-08,3.8307114,1.1483117e-07,-4.80953e-09,-1.43301495e-08,4.970519e-09,1.8503855e-09,45549.637,1398.6301,34.80538,3.9966487e-08
55.578945,-1.7347817e-09,337986.78,2.3378908e-09,5.733837,-1.0632345e-09,3.2899597e-10,9.1438307e-10,-6.959136e-10,-3.0606615e-09,-814.9587,-5.3062706,37.08131,9.426044e-09
29.487886,-3.9293426e-09,85402.86,-1.431295e-09,7.897369,4.6648174e-10,4.899965e-11,-2.7167954e-10,1.4069697e-09,-4.094703e-10,-410.63123,-6.2584305,45.584076,6.4990955e-09
66.70779,-2.205899e-08,304100.3,2.1332909e-09,12.18055,-5.5592424e-09,5.79028e-10,6.9493082e-09,1.4685324e-09,-4.942546e-10,-965.1531,97.710785,50.032703,2.9484999e-09
830.3591,6.3789867e-09,-182377.11,-2.2379522e-08,18.015528,-7.1182034e-09,7.884922e-09,-4.275206e-08,-3.642751e-08,-7.660058e-09,1664.4612,162.15662,-359.24652,3.595032e-08
43.131294,1.1242359e-09,127641.36,1.5048617e-09,10.058183,-1.241755e-10,-9.312868e-10,1.5927788e-09,-4.2292125e-09,1.8432807e-11,-936.9599,17.544441,34.69508,-2.0123239e-09
30.13183,1.2322541e-09,160485.52,-6.0189045e-09,7.6993103,-4.3269438e-10,-1.3445561e-10,-1.5980842e-09,-3.0953928e-09,-2.755287e-10,1149.505,-2.5964508,33.989822,2.7741696e-09
50.516556,8.176244e-08,-282.48438,3.0127554e-09,13.998263,-7.471619e-09,6.158627e-09,-1.471097e-08,-1.1552396e-08,-8.5844465e-10,-2147.6252,-123.66371,23.109238,1.8337643e-08
28.520092,-1.2354776e-08,218695.31,3.3677268e-09,3.1969156,-1.3631928e-09,-3.0445144e-10,2.218375e-09,1.0298444e-08,-4.9110245e-09,-480.87225,-7.716713,36.412334,1.5490334e-08
129.04001,6.060258e-08,362669.38,2.5609703e-08,10.783282,4.1432077e-08,3.403857e-09,-4.5271804e-08,-9.703376e-09,4.3876405e-09,-24676.19,1402.0325,19.265835,3.238714e-08
40.777763,-9.1553565e-09,435623.75,5.097891e-09,5.554884,-2.4428055e-09,2.2907403e-11,1.9196724e-09,4.591628e-09,-7.3260784e-09,-516.6186,-8.304085,34.9254,1.543866e-08
218.36673,1.1737301e-07,181728.34,-4.7652417e-08,11.340285,-4.256531e-08,3.1008476e-09,-3.648074e-08,-9.898191e-09,1.7821863e-09,5567.5264,1330.1414,12.692497,1.5422017e-08
81.11484,-8.847904e-08,336580.56,1.407397e-08,12.386089,7.660059e-09,-1.0259116e-09,4.1114955e-08,1.2340201e-08,-1.4976702e-09,-1139.0588,147.82053,37.151665,1.9246682e-08
54.42916,-2.6453961e-09,344289.25,2.664026e-09,13.03615,-5.678623e-10,8.483609e-11,2.0290003e-09,9.581446e-11,-4.502399e-09,-635.203,-8.347523,22.540482,9.7887245e-09
30.53664,-2.856438e-09,159364.44,-1.2624319e-09,11.941978,6.304644e-10,-4.7966103e-10,1.1815249e-09,2.0469695e-09,-1.6973644e-09,-320.2207,-5.740402,51.925858,1.1475837e-08
52.963306,2.2282548e-10,84740.44,-1.4645233e-09,11.141717,-1.7462221e-09,-6.496728e-10,-1.2657401e-09,-2.421596e-09,2.472265e-09,-1390.0209,25.06746,61.787766,-1.3144399e-09
49.823914,-8.414422e-09,152836.86,4.134285e-09,11.772893,9.2381536e-10,-6.2825606e-10,7.0291517e-10,3.8256283e-09,-5.199829e-09,-1081.8947,-9.224327,31.294212,1.4636103e-08
38.718323,-4.18663e-09,298168.06,-1.3849083e-09,16.931267,3.496678e-10,-1.7212226e-10,4.701859e-10,1.8835966e-09,-3.1675946e-09,-97.12802,-13.740501,29.566631,1.1966361e-08
68.483826,6.0208385e-09,248355.28,-5.4778506e-09,9.965488,-2.3987587e-09,1.1053038e-09,-2.1880755e-09,-2.3824516e-09,1.4952398e-08,1189.7406,448.35846,66.382164,-9.336357e-09
14.554405,-3.9910258e-10,144034.7,-1.7229076e-10,12.173158,1.3025766e-09,-1.0850121e-09,-7.8661294e-10,5.091509e-09,-1.517895e-09,-979.2348,-0.9098015,33.90329,6.2159167e-09
-37.872837,-6.207484e-09,340181.2,3.5336125e-09,5.136359,-1.1506834e-10,-3.7136935e-10,6.850665e-10,2.8222573e-09,-4.47647e-09,-553.4592,-11.892265,31.712383,1.5417633e-08
60.079075,-2.2262165e-09,332198.44,-2.6793728e-08,10.489779,-1.8886103e-08,3.387021e-09,1.0177419e-08,2.9792453e-09,-3.07816e-09,334.99683,682.7541,45.06718,-2.4549054e-08
116.6938,-2.8147172e-08,262002.0,-1.0285686e-08,12.198643,-2.3176655e-08,8.35937e-11,1.0269394e-08,2.2871762e-09,1.517367e-09,1006.8557,139.16612,33.95076,-2.1413364e-08
57.038986,-2.6856255e-09,160502.9,1.4145491e-09,11.311952,9.2057995e-10,-4.155456e-10,-2.4091342e-09,3.0953615e-09,-3.0959646e-09,-444.38336,-5.259342,54.465576,1.8620193e-08
65.53366,-5.4725646e-09,228972.55,-1.5469147e-09,11.145424,-5.336638e-10,-6.2915844e-12,-2.4645527e-10,2.3996e-09,-9.818888e-09,429.349,-7.8585777,53.599445,1.5804444e-08
62.870033,-7.377156e-08,312218.6,-1.561675e-08,13.947563,5.6788836e-09,-1.0379909e-09,2.3017513e-08,1.1566007e-08,2.73758e-09,-427.70386,161.52727,59.434776,-6.488457e-09
50.71177,-5.9216813e-08,325769.34,3.833793e-09,12.849218,1.0566459e-08,-5.5962115e-09,2.391337e-08,5.2202855e-09,1.0315625e-09,1286.3206,97.307175,53.772137,-2.431368e-08
65.04763,1.2595236e-09,238121.4,-6.2075776e-09,12.409798,9.893578e-10,-6.254895e-11,-3.665095e-09,3.0176874e-09,2.9152212e-09,-1155.3284,-2.4043198,38.841442,1.1374942e-08
42.362526,1.0321796e-08,6822.047,-7.2924e-09,13.410442,5.5378574e-10,-7.7919776e-10,-2.846939e-09,-4.152325e-09,7.436973e-09,-465.1051,93.23506,55.019547,-9.4201775e-09
-30.23071,-2.7245843e-09,134603.38,8.087303e-09,8.9878235,-1.1652235e-09,-5.101414e-10,-1.1183791e-09,2.7281575e-09,-2.5685913e-09,-784.2108,-14.028763,24.757473,1.0435855e-08
34.921898,-5.3208424e-08,386988.72,4.160887e-09,15.304018,2.656249e-08,-5.961562e-09,2.2551802e-08,1.10501555e-08,-4.2710555e-09,610.7739,146.68842,51.657124,1.7733272e-09
41.26873,1.3719853e-08,236594.12,9.387425e-10,9.533444,2.8123484e-08,1.522853e-09,1.1838558e-08,-3.5566872e-09,-2.215441e-09,2776.3872,-292.12256,19.028854,1.844622e-09
539.02545,-3.419902e-08,200944.72,-1.4943133e-07,41.693245,-6.5943425e-08,7.3514905e-09,-2.6552804e-10,-5.7059837e-09,-1.2546942e-09,6193.9595,-144.56303,-10.859657,8.817936e-09
23.540222,-2.6689424e-09,73938.77,-2.798812e-09,6.1208315,1.203044e-09,1.7631616e-10,5.4930416e-10,3.3249242e-10,2.806853e-09,656.48425,10.020031,68.318016,-8.42245e-10
14.728304,-2.5396458e-09,310333.5,3.8092063e-09,12.034868,2.6974104e-10,-1.2354023e-10,5.023598e-10,1.5652184e-09,-1.0237124e-09,-937.6358,-9.723949,37.446503,9.897524e-09
81.389465,4.464914e-08,312180.66,-3.506e-08,7.272373,-2.9417407e-08,1.7729123e-09,-1.3968782e-08,-1.25564315e-08,-1.6138193e-09,2707.722,359.76123,41.41954,-2.1892073e-09
34.782692,-7.61928e-09,31073.625,1.4969248e-09,8.758527,6.1152783e-10,-8.161193e-10,4.462858e-10,3.2772298e-09,-1.7107594e-09,-501.45117,-9.654732,43.235092,1.1574038e-08
5.1069756,9.133524e-09,61641.33,-8.818041e-09,14.057198,2.9198352e-08,7.953453e-09,-6.980982e-09,-4.9456723e-09,2.667443e-09,131669.47,-464.7173,78.33324,-1.1232819e-08
40.72897,7.7491805e-08,20708.328,-1.5582597e-09,15.138268,4.9205857e-09,3.780428e-09,-3.4172785e-08,-1.25985835e-08,-3.413824e-09,-6954.047,-151.63039,55.64,1.0445361e-08
56.821228,-5.4146616e-09,365091.25,-1.0998868e-09,12.575875,-6.6380373e-10,-7.211984e-10,2.63346e-10,1.0394018e-09,-1.5121045e-10,313.50494,-6.3322525,57.965263,1.641873e-08
114.45137,-1.2484048e-08,173886.44,-1.6047096e-08,12.577744,-8.12985e-09,1.3413988e-10,2.3663143e-09,3.1130707e-09,3.845534e-09,9497.815,255.16646,10.528076,-2.2255794e-08
26.855894,-8.099072e-08,158510.98,6.90587e-09,13.065317,2.1418925e-08,-3.918626e-09,2.4036838e-08,1.2865454e-08,2.877055e-10,332.60474,117.23002,44.367508,1.0039462e-08
63.22372,-4.0932298e-09,297820.1,-1.4935752e-11,11.512293,-5.14797e-10,-2.4084333e-11,3.5822992e-10,3.006686e-09,-2.4414797e-09,41.34507,-2.6790009,63.995045,4.162144e-09
199.22194,-8.4538804e-08,309119.94,-5.1551055e-08,6.0033317,-2.3308193e-08,-1.1292766e-09,1.468243e-08,7.1023694e-09,7.7727746e-10,-1346.0247,180.7672,40.87129,-2.0506093e-08
32.11849,-6.340405e-08,192015.36,-2.192861e-09,12.940943,3.3026502e-08,2.8900162e-09,-6.1213012e-09,1.3769257e-08,9.269919e-09,53002.47,219.43399,60.14617,-2.9176395e-08
14.378372,1.2595626e-09,77064.03,-1.8848456e-09,5.49521,-9.290864e-10,-4.568946e-10,-2.7251357e-10,-4.1360257e-10,1.1136639e-09,-147.04527,-3.493431,36.17607,-7.758916e-11
123.18277,-2.5367784e-08,298097.2,-1.3895557e-08,9.099342,-1.18826735e-08,-1.0984691e-09,1.1914747e-08,-1.336201e-09,-1.9745259e-09,1483.79,159.43283,1.3818283,-1.357075e-08
64.64316,-5.129296e-09,218270.34,-1.9977638e-10,12.818142,-4.5637766e-10,-1.3625545e-10,-2.27021e-10,4.9808793e-09,-2.6229297e-09,-1295.1793,-11.53125,65.665245,1.4541226e-08
-14.886261,-8.676093e-09,445173.75,1.3128702e-08,11.305084,3.8445425e-10,-1.7508327e-10,1.07644005e-10,2.808565e-09,-5.942679e-09,-766.088,-16.951286,21.60115,1.54747e-08
74.49883,5.5695577e-09,265113.72,-4.9267184e-11,7.926399,-1.3622091e-08,-4.0933001e-10,-1.256783e-08,-6.592855e-10,5.581989e-10,-2945.9739,313.74084,33.53069,-2.2238202e-09
62.08307,-2.8591594e-09,119578.164,-5.098693e-09,14.504438,3.568198e-10,5.237325e-10,-1.4807968e-09,1.9264204e-09,-2.552786e-09,-314.46448,-7.74263,54.196888,5.849979e-11
9.071983,-5.0509565e-09,330189.16,-3.0796465e-10,9.878619,-3.208318e-10,1.150933e-10,1.3167695e-09,2.508914e-09,-1.2501188e-09,-542.5389,-8.581287,50.119812,1.03845705e-08
72.85658,2.820532e-09,138224.92,-4.8633053e-09,6.917311,-2.069128e-09,1.1750148e-10,1.0865597e-09,5.5666196e-09,4.752987e-09,-747.14813,42.857624,56.254402,-7.0092705e-09
53.378586,-1.8732185e-09,128701.83,4.1589865e-10,8.467474,-6.2843586e-10,1.648679e-10,-6.37463e-10,1.4724965e-09,5.1214455e-10,-758.7324,5.5492287,40.229095,7.920966e-09
6.854371e+21,-73075840000000.0,-6.8578545e+23,-7.39741e-09,10.994164,-9.852252e-09,9.898455e-09,-6.987671e-08,-9.970109e-08,-1.269833e-08,2653.6538,-181.4399,-9.416161e+17,5.8661076e-06
24.872444,-8.136892e-09,363296.75,4.5281543e-09,11.307302,-4.0618647e-10,-5.426246e-10,2.4188287e-09,3.1323457e-09,-4.2221253e-09,-823.5166,-15.253769,39.50279,1.2854498e-08
158.55981,3.3924845e-08,501366.5,-3.99589e-09,6.984263,-2.3935067e-08,1.0533812e-09,-4.905045e-08,-4.279553e-09,3.480165e-09,-5330.627,1099.9835,8.081963,1.1171455e-08
98.5784,-2.9113222e-08,316199.38,-2.5159071e-08,10.6397705,-1.20651436e-08,-8.544225e-10,-1.8279891e-08,3.2566276e-09,2.3943472e-09,1148.2661,435.40704,41.792316,-2.0452925e-08
80.65487,-4.9604477e-08,424394.25,-2.4573016e-08,8.193583,-8.34017e-09,-9.963602e-10,3.9166888e-09,3.76241e-09,5.201951e-10,332.26978,449.85535,48.495766,-3.6308993e-08
71.32718,-3.0830595e-08,341134.66,-1.8564664e-08,7.403567,3.6029002e-09,1.8257983e-09,3.3364456e-09,8.353618e-09,2.4927393e-09,5.1726074,208.83624,70.15439,-1.2228563e-08
52.855453,-1.720852e-08,464733.12,-1.9387574e-08,10.215006,1.2315901e-08,-1.2589955e-10,2.9141493e-08,5.2672258e-09,-7.415572e-10,-121.92871,88.27255,48.921463,-4.7356846e-08
8.805443,-1.1526485e-08,144146.02,1.2985443e-09,8.399999,3.7675013e-10,-5.373478e-10,2.1835995e-09,4.46942e-09,-4.13431e-09,-797.72925,-16.218819,51.81162,1.457228e-08
30.588902,-7.960412e-11,223444.28,-4.5726574e-09,1.0587234,2.7208058e-10,-3.5919176e-10,-1.34438e-09,1.0843147e-11,1.9300972e-09,-331.55963,11.450237,73.66797,1.489508e-09
5.3385105,-5.7419767e-09,99458.94,4.7143924e-09,5.4147654,2.0980402e-09,1.05391605e-10,-3.1323263e-10,1.8171102e-09,-2.4250424e-09,-539.9735,-12.326485,30.384144,9.890417e-09
91.6812,-5.045194e-09,239770.19,-8.3701557e-10,10.945003,-8.8973134e-12,3.960932e-10,-2.3289444e-09,5.381104e-09,-6.0497087e-11,-510.14905,-33.329857,60.959427,2.5501434e-08
55.20305,1.3870881e-09,66714.36,-2.1058435e-11,8.969076,-7.420978e-10,-1.2561607e-09,8.217387e-10,-3.5091243e-09,-1.7415585e-09,-497.62787,4.433983,38.800518,-2.6757463e-09
62.68332,-7.749402e-09,263012.6,4.372775e-09,10.0044155,-2.0605329e-09,-5.367058e-10,1.5818468e-09,6.139603e-09,-5.0721156e-09,-625.16785,-11.644119,35.908405,1.5866695e-08
152.86807,1.83651e-07,206810.72,-8.394673e-09,15.359095,-8.592474e-08,6.1235195e-09,-4.3156398e-08,-1.9173637e-08,-2.9554303e-10,36460.434,945.9128,-8.365654,4.105117e-08
139.91452,-1.6658034e-07,387286.12,-4.352701e-08,10.731215,-1.2481974e-08,-2.5152154e-09,2.0826818e-08,1.0213515e-08,-2.704454e-10,-876.1116,503.9137,41.873055,-1.069952e-08
71.754944,-1.3172099e-08,171561.08,4.9937694e-09,9.841799,-1.5377576e-09,-3.648201e-10,3.423765e-09,8.8782715e-09,-5.0204894e-09,-947.08685,-10.215233,29.331081,1.7026592e-08
33.680294,-6.158401e-09,190879.6,1.8111174e-09,10.095519,-1.1783701e-09,-2.0200393e-10,-3.7682252e-10,3.456401e-09,-2.9148102e-09,-552.89734,-9.398201,42.63315,1.2505384e-08
20.882584,-5.6660996e-09,274514.1,5.686988e-09,8.946347,-4.9718135e-10,-2.1193032e-10,5.882045e-10,4.4777835e-09,-3.8125902e-09,-667.00964,-10.459503,31.370047,1.09276534e-08
42.969345,1.0312138e-09,267275.25,5.151452e-10,11.606162,-1.9648694e-09,-1.0395876e-09,1.1559043e-09,-2.4611624e-09,-7.210247e-10,397.2719,-2.8773842,34.563988,5.9575846e-09
31.524963,-4.8730247e-08,130765.33,-8.946363e-09,12.043224,9.398645e-09,-3.2158052e-09,2.677956e-08,8.293149e-09,-1.104176e-09,405.81787,71.700485,56.662903,-2.3658007e-08
69.14963,-4.4966013e-09,279497.78,3.4199021e-09,11.495649,2.6044028e-10,-1.3369265e-09,3.0170416e-10,2.141738e-09,-3.6805452e-09,-645.05444,-7.75074,26.698746,1.2590975e-08
42.49794,-2.2646973e-09,240283.36,1.0978799e-09,10.543838,-1.0100165e-09,-5.648877e-10,2.3545832e-10,2.18029e-09,-6.473723e-10,-672.79364,-8.111877,40.97175,7.982687e-09
50.70538,-6.0891776e-09,326016.03,2.4931848e-09,16.479591,2.4702853e-08,-3.298451e-10,1.9927073e-08,-6.7158066e-09,-3.779567e-09,-2130.2307,-230.95256,23.302975,-3.9668606e-08
43.505676,-8.679492e-09,179166.47,1.4313771e-09,12.868152,-4.8486276e-10,8.231141e-11,2.1970326e-09,2.7938183e-09,-4.782047e-09,-1051.7933,-15.345802,43.854374,1.1695222e-08
27.500586,-4.488498e-09,316334.88,4.2113837e-09,7.935775,2.625331e-09,-2.119668e-10,1.5544723e-09,5.31231e-09,-2.7504983e-09,-588.54333,-10.619064,32.93057,1.1668036e-08
22.654049,-3.3488086e-09,259713.66,3.66804e-10,10.99636,-1.0047816e-09,-1.4751515e-10,6.8566486e-10,1.5052875e-09,-3.1416632e-09,369.928,-0.30381012,101.87952,7.452706e-09
107.69388,-1.6421305e-08,114173.68,-5.227048e-09,9.301179,-7.720781e-09,-6.286446e-11,1.2688266e-08,3.4867664e-09,-2.1637518e-09,-1234.6545,127.83738,29.076529,-1.2280104e-08
68.52615,5.7344334e-09,230206.84,-1.027281e-08,9.283697,-7.0891972e-09,-3.85462e-10,8.932145e-09,-3.5412824e-09,-3.218242e-09,-3038.4573,164.64189,38.46222,6.4521353e-09
-9.32542,-6.2772525e-09,126164.86,4.4735984e-09,8.38337,-6.360449e-11,-7.7189505e-10,9.25601e-10,2.2059565e-09,-2.7434959e-09,-618.07324,-12.791809,30.704628,1.1814837e-08
36.374268,2.9219581e-08,298625.3,-8.295202e-09,11.5053215,-6.786043e-09,2.565984e-09,4.9917683e-09,-5.6289386e-09,1.3958776e-09,2148.9917,145.75961,36.30262,-1.5795193e-08
59.602924,-3.2478262e-08,313040.78,1.673462e-09,10.4661255,9.033564e-09,2.8686045e-10,1.6958662e-08,1.382565e-08,3.2432723e-09,739.11475,599.11176,47.78923,1.9091965e-08
216.11514,-1.4016958e-07,373708.62,-8.2091155e-08,4.292254,-2.463152e-08,3.5351235e-09,-3.926564e-08,5.816977e-09,4.877364e-09,1681.3105,406.977,40.288116,3.2063088e-09
15.380472,6.8726256e-09,183686.33,5.4755467e-10,14.28525,2.2248248e-10,-5.742095e-10,2.912372e-10,-6.2813963e-09,1.2030964e-09,137.50125,7.373413,28.429943,-5.171133e-09
54.46818,-1.9160357e-08,173546.75,-1.7205073e-09,14.050272,1.5167528e-08,-9.331532e-11,1.049828e-08,3.6027796e-09,1.3093499e-09,461.7776,-16.630661,30.584085,-2.1030408e-08
28.96528,2.3648669e-08,209747.56,8.75615e-09,15.779536,-1.0472634e-09,6.018052e-10,-6.1093615e-09,-1.0716778e-08,-2.7893252e-09,-282.88257,-368.0766,36.81562,2.91808e-08
117.24014,-8.751601e-09,186499.52,-7.914242e-09,8.047847,-9.998421e-09,-2.094828e-09,2.0999739e-08,4.3217376e-09,3.3767444e-09,5692.484,178.80554,38.206726,4.5882995e-10
76.259766,8.0083566e-08,318753.0,-3.4308975e-08,8.55064,-3.2138097e-08,3.7859156e-09,-3.3536907e-08,-7.1542323e-09,-3.8758814e-09,27439.447,449.37994,35.797405,1.651106e-09
33.3579,-5.20334e-08,201464.31,6.5026593e-09,13.957375,1.6152976e-08,-4.2234843e-10,1.9409534e-08,1.111426e-08,2.5185425e-09,380.93774,277.49957,41.12116,6.628437e-09
108.07735,-1.1105766e-07,381160.3,-1.750518e-08,4.9285784,-4.3587067e-09,-4.495275e-09,2.8628618e-08,1.1250764e-08,5.281332e-10,-1155.6213,208.8255,38.631645,-2.0195479e-08
25.657053,-1.885771e-06,-4611.5,7.5974915e-09,8.124626,2.5654488e-08,5.788741e-09,1.2330612e-07,5.0017732e-08,4.2199293e-09,5478.8447,374.81,56.188698,-4.2671203e-08
78.09549,-2.6128687e-08,297033.8,-2.655022e-08,8.511832,6.39084e-10,-1.2157106e-09,2.8050844e-09,8.7380203e-10,-9.0233665e-10,1449.2192,153.66624,48.342632,-3.1509995e-08
5.047872e+16,-525905400.0,-5.753032e+18,-2.2723623e-05,3533.7356,2256595.8,-2.5598482e-08,2.0657522e-07,6.960528e-08,1.6691136e-08,18738.223,531.1781,62.01252,-1.6950937e-08
25.950731,-5.411842e-09,275571.75,1.5446519e-09,8.009073,1.6541091e-10,-5.5070787e-10,1.1755878e-09,3.0879628e-09,-1.986939e-09,-552.94916,-7.90971,38.868423,1.1687765e-08
93.12689,-1.1814964e-07,476091.88,-2.1687342e-08,8.215269,-1.0041513e-08,-1.7506019e-09,3.0798503e-08,1.3782733e-08,1.6872616e-09,-725.82446,227.76634,51.944027,-1.3533097e-08
45.315186,-5.56549e-09,172219.77,-1.953311e-09,14.218233,-3.2338987e-09,2.0164342e-10,5.0451225e-09,3.4030228e-09,-3.162255e-09,594.9099,72.15058,22.153925,-1.0860725e-08
81.95033,-3.3938448e-09,-10271.609,-4.5343205e-09,10.208689,-1.8585553e-09,-2.556188e-10,-6.042324e-10,7.4607405e-09,-3.2928035e-10,-568.4012,4.1887283,29.30008,6.3284538e-09
5.0717525,-6.596243e-09,219418.97,4.9034807e-09,12.109903,-6.897483e-10,-5.0600663e-11,3.1574968e-10,4.4116466e-09,-4.359159e-09,-845.715,-11.914429,36.49338,1.0836865e-08
73.738045,-5.6806996e-08,316304.2,-5.989215e-09,10.240733,-7.032969e-09,-5.6348743e-09,-6.2581895e-09,8.000479e-09,1.7560483e-09,-334.25073,391.91565,51.152042,-1.134094e-08
25.720753,4.546252e-08,315076.8,-2.4864569e-08,16.272322,-7.407827e-09,9.139761e-09,-3.103814e-08,-1.5024826e-08,-5.7907186e-09,11371.826,-420.54138,42.639355,4.861438e-09
45.9598,4.231379e-09,221764.19,7.740937e-09,10.371239,1.8267107e-08,8.397589e-10,3.2170124e-09,4.027399e-09,3.5450827e-09,-1845.7053,112.901855,53.614,9.413595e-09
34.361885,-2.4272982e-08,187919.3,1.0004144e-08,11.978792,1.2138017e-08,-1.1893997e-09,2.069248e-08,-8.1670104e-10,-1.1824406e-09,1234.2573,-108.48396,20.539715,2.5138991e-08
68.761536,-3.3215287e-08,231948.94,-6.393018e-09,12.850803,-2.6396638e-09,-1.972603e-09,1.9919861e-08,3.5277872e-09,2.4871933e-09,151.85571,49.30278,53.191193,-2.2825349e-08
38.198017,-2.178628e-09,153289.77,6.398802e-11,11.376959,9.889378e-10,-7.767891e-10,-1.5792649e-09,3.890128e-09,-8.142451e-10,-825.6813,-6.988659,48.572197,8.307737e-09
-25.175812,-2.7517855e-09,274045.06,4.4514614e-09,6.90887,-2.0275386e-09,-1.315799e-10,-1.1043876e-09,3.1222571e-09,-3.2604475e-09,-656.0529,-9.892746,24.71077,1.0964807e-08
85.81998,5.8116085e-09,145480.27,-1.0345598e-08,9.52423,-2.1139334e-08,1.4314221e-09,1.780774e-08,-1.4417874e-09,-2.2120514e-09,-1736.7317,288.4425,5.6262016,-2.9206197e-08
30.325464,-3.3101604e-09,350140.5,1.0822537e-09,10.763983,-9.3054753e-10,-3.0274655e-10,1.3164121e-09,3.561962e-09,-3.6697423e-09,-212.02989,-3.1982193,37.356888,4.949933e-09
70.442505,-2.2000215e-09,160131.02,-2.5270488e-09,7.186363,6.409542e-10,5.1592276e-11,-6.684419e-10,2.132858e-09,8.856644e-10,482.15198,-23.255684,61.342445,-9.506307e-09
133.67575,2.4353328e-09,332793.88,-3.694375e-08,9.740214,-3.6448824e-08,3.1778524e-10,-1.5730636e-08,-2.9339149e-09,2.8859746e-09,656.0996,711.1989,28.056725,-6.3795795e-09
73.5551,-4.0343546e-09,116292.78,-3.954021e-09,6.9239283,-1.3501761e-09,1.3349565e-10,-5.9656335e-10,4.489869e-09,-2.2987257e-09,241.13077,1.5467224,61.90911,4.351441e-09
46.59508,7.409858e-08,398657.75,-2.3266551e-08,8.883634,5.8929377e-08,6.837391e-09,-2.1147201e-08,-1.7283151e-08,-4.270132e-09,-7893.954,-246.80867,57.655033,5.857251e-09
40.665848,2.9666193e-08,95592.52,-9.862953e-10,11.375803,8.5507095e-09,1.802125e-09,6.967543e-09,-7.3092026e-09,-1.6235188e-09,5831.5615,-485.25287,40.1426,2.2264103e-08
-17.984856,-6.8347665e-09,207911.98,2.8279965e-09,7.25737,-2.9147446e-10,-7.3538375e-10,-2.7584318e-10,2.5463478e-09,-2.6844655e-09,-629.51184,-14.051933,41.150085,1.3636079e-08
88.97107,3.8773255e-08,290428.3,1.0886504e-08,12.039558,-3.70794e-08,4.0374024e-09,1.2028136e-08,-5.3698987e-09,-2.1876616e-09,-7728.8887,66.33035,33.538055,-4.707869e-09
58.254143,2.0475834e-09,144871.52,-1.3918603e-09,7.7493944,-1.7006743e-09,2.659897e-10,4.475057e-10,-3.6528043e-09,-7.385689e-10,-317.16827,12.487556,44.49426,2.3792706e-09
28.168947,2.8125873e-08,431014.44,-2.567974e-10,11.294129,4.6904717e-08,-5.981619e-09,-4.810197e-08,-9.861395e-09,1.9766255e-09,50024.113,333.29672,69.96904,-1.4747641e-08
7.4003735,-5.4641363e-09,156616.1,3.6527013e-09,6.608265,1.5398909e-10,-5.841703e-10,-2.9682456e-10,5.582624e-09,-3.721534e-09,-582.51886,-11.193947,38.48322,1.0237383e-08
43.04734,4.3966278e-08,96162.92,8.5178725e-10,13.252222,2.0368827e-09,3.881147e-09,-6.977277e-09,-8.850107e-09,-6.5687336e-09,4057.469,-296.16138,28.195929,1.9180844e-08
71.259155,-2.060893e-09,181586.3,-7.5148976e-10,5.5158195,-1.5498435e-09,-4.448106e-10,7.516439e-10,6.606558e-10,2.2711646e-09,44.735687,-4.2935677,47.1096,-1.2875704e-09
85.06537,-9.919522e-09,290903.38,-2.3699055e-08,11.647307,-2.764755e-08,1.0405174e-09,6.7402848e-09,3.6473824e-09,-1.2670025e-09,-759.698,484.8916,41.088547,-2.3260522e-08
104.25318,-5.7646755e-08,197869.31,-1.9557817e-08,9.15892,-1.8164318e-08,-1.506231e-09,7.678401e-09,3.593056e-09,5.5593186e-10,35.148193,219.35684,17.214357,-3.1983674e-08
83.512215,-6.560954e-08,500728.12,-2.1101888e-08,13.7864895,-1.38514284e-08,-4.3735335e-09,-8.308821e-09,1.2090177e-08,1.4839234e-10,-565.56714,1070.9603,48.227974,-2.3385553e-08
50.755066,1.3468013e-08,217220.34,-3.6874952e-09,11.79603,2.298152e-09,2.8492122e-09,1.3655218e-08,-1.1321976e-09,-3.973213e-09,-38.49951,16.399445,40.232876,1.2454858e-08
8.1765e+24,-8.717129e+16,-8.180656e+26,-7.3974307e-09,10.994165,-9.852251e-09,9.898451e-09,-6.9876705e-08,-9.970118e-08,-1.2698259e-08,2653.6548,-181.4399,-1.1232429e+21,5.8661076e-06
74.385635,-5.3036633e-09,335914.94,2.0100481e-09,8.6315565,2.1574083e-09,-1.5914949e-10,1.0956908e-09,4.602481e-09,-4.086761e-09,-901.76715,-11.0160675,45.069252,2.5250685e-08
118.959015,1.3166851e-08,311773.8,-3.3850515e-08,7.949003,-2.1814985e-08,8.083032e-11,-1.216137e-08,-4.232261e-09,2.2124067e-09,407.29663,608.8672,16.949728,-2.1161016e-08
-12.900745,-5.223208e-09,181432.06,3.0536762e-09,8.4971695,-6.4840494e-10,-3.3992337e-10,8.7736274e-10,3.2065068e-09,-3.1634102e-09,-749.4033,-12.988899,32.829773,1.1754014e-08
41.76845,8.16299e-08,235696.05,-1.943846e-08,9.8440075,-3.711304e-08,8.149417e-09,-2.3243121e-08,-1.937575e-08,-5.669941e-09,3133.3127,82.050285,55.84738,1.1513804e-08
70.95406,-6.643524e-08,376810.25,1.1610022e-08,10.126588,1.418385e-08,-2.64146e-09,2.2016232e-08,9.8951e-09,5.32833e-10,1313.6577,69.14738,43.003773,3.9540804e-08
43.16584,-1.7574979e-09,307541.22,-2.785912e-09,11.722628,6.3615824e-10,-2.5928806e-10,-1.2243663e-09,-8.116185e-10,-8.107208e-09,376.02417,-10.008659,41.82026,1.6429971e-09
25.547523,2.9792925e-08,173447.23,5.5935416e-09,12.441038,3.7381945e-08,3.779172e-09,-1.783036e-08,-9.972519e-09,-1.3456308e-09,555.2717,-284.75128,36.07258,8.045734e-09
24.601065,-1.5129353e-09,308244.44,1.4781038e-09,10.984946,1.2203347e-09,-2.3690777e-10,-1.5923023e-09,6.7170913e-10,-1.301632e-09,-159.77275,-5.3489494,31.534498,7.06225e-09
164.99384,1.6624488e-08,312348.06,-4.1477183e-08,8.897936,-4.751629e-08,9.394955e-10,-1.9187421e-08,-2.323227e-09,3.592635e-09,599.4248,849.96606,25.50233,1.6160268e-09
29.04551,-3.2132461e-09,211065.34,-1.2769649e-09,11.8012905,1.1695135e-09,-5.275561e-10,-1.9850812e-09,4.937704e-09,-3.617025e-09,-904.9838,-9.316387,45.329372,6.448505e-09
-3.7865028,-4.5557345e-09,361145.06,8.0923024e-10,8.962189,4.197978e-10,-2.5653904e-10,-1.8606463e-09,1.3821616e-09,-4.050349e-09,-327.9712,-8.862751,36.562492,1.1153088e-08
60.482246,-2.2700541e-09,129351.33,-2.0153397e-09,13.173015,-1.5096095e-09,3.883928e-10,-7.34877e-12,1.5848051e-09,2.5126954e-09,2031.1758,36.993267,47.55549,-6.9016792e-09
60.17285,1.1070147e-07,176634.78,1.0065836e-08,10.779954,2.6964473e-08,1.6819468e-09,-3.3763893e-08,-1.2351453e-08,4.041062e-09,13309.364,316.661,36.193565,2.3806475e-08
159.3604,-4.0327894e-08,287478.7,-4.893455e-09,7.5331945,-6.4626544e-09,1.0826094e-09,7.3805415e-09,3.7969183e-09,4.853746e-09,-754.5608,284.4983,27.694296,1.3133993e-08
52.84783,-5.988586e-09,151658.03,1.5507252e-09,6.866996,-8.399794e-11,-2.6009367e-10,-7.8816187e-10,4.682503e-09,-2.9688585e-09,-918.4389,-13.905708,41.475628,1.2796988e-08
-13.865711,-8.2621465e-10,224211.25,2.3383695e-09,11.377093,-2.0275535e-10,-5.007736e-10,-2.958763e-09,8.217831e-10,-2.3489934e-09,-910.96454,-10.303398,32.504147,9.308396e-09
80.75139,4.8601642e-08,-80957.8,-4.1309582e-09,11.471251,-1.3818869e-08,1.9177234e-12,-1.6933127e-08,1.7761142e-11,-3.7479195e-10,15992.322,71.131966,25.514137,-1.1182055e-09
43.488525,-7.225601e-09,138586.4,4.0942174e-09,13.868382,-1.5532176e-10,-4.8168323e-11,-9.421869e-10,4.6395843e-09,-3.986072e-09,-1310.9868,-17.011703,37.68399,1.1098441e-08
93.46008,-4.1044594e-08,330707.06,-1.2084473e-08,8.247478,2.9406793e-09,-1.6221742e-09,2.2356367e-08,6.5183667e-09,-1.9183277e-09,1774.8208,355.11917,36.017277,-3.6698054e-08
24.501152,-1.0506706e-08,113578.1,7.6074963e-10,9.624549,2.3743625e-09,1.7528132e-10,1.445882e-09,4.1897397e-09,-4.547902e-09,-347.63513,-10.092384,35.01707,1.4091823e-08
112.356995,-5.8539214e-08,309983.0,-4.8632188e-08,10.910981,-3.227686e-08,-3.780738e-10,4.3340718e-09,7.9974924e-09,-2.0509362e-11,-459.3943,772.16437,54.052204,-1.8746423e-08
77.800255,-1.38117455e-08,307357.06,-1.7743794e-08,10.496841,-1.3967037e-08,-1.1363638e-09,-1.2306619e-08,-4.5111603e-09,-1.4054634e-09,394.7544,105.2746,52.782482,-3.959658e-08
-31.15607,-8.001971e-09,405471.78,7.635383e-09,9.674702,-1.3745765e-09,-2.520471e-10,-1.1406215e-14,2.6204203e-09,-5.6615614e-09,-785.9095,-15.32122,30.339375,1.6432951e-08
38.855324,7.8190014e-09,160684.34,1.0203309e-09,12.462133,1.527922e-08,-2.5338094e-09,1.0437532e-08,-4.6145354e-09,1.179279e-09,-1985.135,206.6779,41.818462,-3.6975067e-09
22.521124,-9.491197e-08,264233.8,-9.1085415e-09,11.597329,1.8633282e-08,-6.2744943e-09,1.8220366e-08,1.3055239e-08,-4.0162637e-10,747.6238,245.46812,49.734524,-1.8950916e-08
61.309296,-7.402517e-08,374055.22,-2.7738498e-08,9.267138,3.763132e-09,-4.8626654e-09,1.0869414e-08,8.741504e-09,-3.4697283e-09,-491.82056,367.25598,44.909966,-3.9727595e-08
34.264645,-7.939377e-09,240750.8,-1.2730864e-09,8.091724,5.9917593e-10,-4.0520795e-10,8.5340496e-10,3.855967e-09,-2.6391644e-09,-431.61743,-15.769714,60.511837,1.3429044e-08
134.9193,-2.2759781e-07,422423.88,-7.2816476e-08,7.127467,-9.904197e-09,-3.1932064e-09,1.680875e-08,1.4432831e-08,1.4671393e-10,-1022.8435,212.80486,62.550163,-2.8660839e-08
140.79959,3.53965e-08,218259.34,-2.1809793e-08,10.992119,-3.8631807e-08,2.5677974e-10,1.1890327e-08,-6.402708e-09,-3.443775e-10,-746.59937,169.04552,27.580555,1.4018745e-09
4.1906853e+20,-4366005200000.0,-4.7761007e+22,-2.2723627e-05,3533.741,18733996000.0,-2.5598471e-08,2.0657511e-07,6.96053e-08,1.6691134e-08,18738.234,531.17816,62.01252,-1.6950946e-08
104.506386,8.2028464e-08,253698.31,1.2074529e-08,10.4649515,3.124768e-08,4.0094297e-10,-2.0590054e-08,-8.546953e-09,1.8160706e-09,-8427.732,1239.4673,28.271729,1.9567185e-08
1.0272789,1.0765897e-09,115487.61,-2.6594382e-09,9.540303,-2.3051622e-10,-2.3810764e-10,-3.1176766e-09,3.0832947e-09,-1.7249491e-09,-896.57135,-1.0784187,34.68355,4.661132e-09
89.392075,-4.529186e-08,257093.45,-9.161544e-09,12.547632,-1.3392835e-08,-3.613042e-09,2.0262178e-08,5.812302e-09,2.1854425e-09,-558.6599,259.03485,51.160683,-1.46546055e-08
-1.1641197,-4.8834488e-09,-5535.1562,5.6598224e-09,11.148996,-3.3616623e-10,-9.899103e-10,-7.844698e-10,3.7619934e-09,-2.1469884e-09,-858.5988,-12.733994,31.407438,8.969001e-09
85.13893,1.5861842e-08,172909.86,-1.8165478e-08,12.035728,-3.5171492e-08,-1.762722e-10,-4.184761e-08,6.764172e-10,1.3621382e-09,777.7175,1126.9662,35.653988,-1.7745904e-08
56.85811,1.4485173e-10,-88894.92,2.0349489e-09,2.5448875,-2.626668e-09,-2.768777e-10,-3.0238265e-09,4.4617647e-09,1.0146175e-09,-337.5995,-7.6852646,19.73416,4.244053e-09
4.8253403,7.3704043e-09,280581.34,-2.9858075e-08,8.117725,5.7217946e-09,7.519982e-09,-8.506258e-09,-1.5101962e-08,-2.5459155e-08,-509.38208,845.94617,63.151703,-1.34857325e-08
57.145145,9.492358e-10,432728.0,-1.5943344e-08,10.652166,-8.40096e-09,-1.6883468e-09,7.3471402e-09,-4.006466e-09,-1.0339827e-09,-1439.6384,166.42622,54.019455,-8.114608e-09
111.15347,3.1009538e-08,199410.25,-2.0397234e-08,8.261494,-1.3622753e-08,5.468285e-12,5.6685088e-09,-2.8657885e-09,-8.2407897e-10,2498.9072,151.89337,22.367317,3.06989e-10
155.69232,2.7788781e-08,445168.5,-4.0150614e-08,7.1278524,-2.7509994e-08,2.6893303e-09,-3.826352e-08,-3.9228305e-09,-1.5926302e-09,1797.5212,614.62573,37.460472,9.965983e-09
32.223545,-1.8348576e-09,156522.31,6.5720807e-10,8.575333,-1.1458346e-09,-2.7927727e-10,1.2276479e-09,3.6095051e-09,8.322466e-10,-647.4519,-17.377419,31.35714,6.3427463e-09
79.50884,-2.3781586e-08,218845.03,1.1997648e-08,13.214713,1.361635e-09,-6.607787e-10,1.39561545e-08,7.5574595e-09,1.8974997e-09,-1549.135,37.772064,37.237053,-8.145425e-09
56.29696,-2.8469216e-09,162992.9,-1.8260103e-09,10.878392,-2.3404879e-11,-1.8608797e-11,7.1012855e-11,6.1859756e-10,1.1659561e-09,-866.81946,-8.122761,67.78065,5.56927e-09
77.36029,-7.061141e-08,657284.6,1.6798742e-09,9.940803,1.0829888e-08,-6.701269e-09,8.497546e-09,1.2551252e-08,1.3296968e-09,847.2146,345.91855,61.027843,-4.7598765e-09
175.55731,-8.3201755e-08,329085.06,-4.8828298e-08,20.60765,-1.0746375e-08,8.4092405e-10,-2.3623967e-08,1.3839798e-08,2.2232363e-09,22199.338,426.04077,63.280174,1.0159568e-08
79.98401,-3.483862e-08,183349.0,-2.376655e-09,7.962716,7.804628e-09,4.9543086e-10,9.302777e-09,2.6176048e-09,-8.429305e-10,-77.49219,17.16095,37.81772,-8.022242e-09
-0.48152542,-3.3670058e-09,480346.44,2.2343378e-09,11.75591,1.4213885e-09,-1.0707725e-10,2.6278402e-10,1.3565182e-09,-5.182907e-09,-465.43903,-9.401829,39.111496,1.3435068e-08
44.912884,-1.3693469e-08,169865.55,-3.0076077e-09,15.375128,5.746108e-09,2.9952922e-09,-1.1190945e-09,3.1486605e-10,-2.562975e-09,-941.469,397.97028,50.054317,-2.0722423e-08
24.786457,-1.9186197e-09,363005.3,7.499969e-10,6.8365617,8.4214224e-10,-7.505869e-10,-1.0944975e-09,2.3703859e-09,-4.052319e-09,-573.90814,-5.0352707,50.69077,1.1899597e-08
28.614712,7.207304e-09,24070.297,2.8966518e-09,13.476485,2.5535348e-08,-9.4366306e-11,7.0434423e-09,-9.24135e-10,5.386496e-10,588.0874,-181.95958,53.428833,6.7534063e-09
31.472061,1.2166599e-07,-121752.766,-9.679973e-10,9.757847,4.781027e-09,5.2673728e-09,-2.656866e-08,-1.4841388e-08,-2.6799956e-09,1745.7922,385.89825,62.826096,3.2487455e-09
38.816162,-1.0315316e-08,242144.22,1.8982451e-09,12.717459,-1.4190387e-09,1.6860527e-10,3.1676757e-09,5.385849e-09,-6.3923675e-09,-1059.4365,-14.829201,50.73992,1.5960085e-08
64.00492,6.944417e-08,225387.56,-9.110354e-09,13.829017,-4.0072543e-08,-7.053425e-11,-2.3569992e-08,-4.944169e-09,1.6221942e-11,6603.485,426.39557,58.03657,1.00512025e-08
78.208176,-5.1902894e-08,428188.12,-9.512232e-09,11.028918,-2.5422855e-09,-2.4452858e-09,2.1612069e-08,1.3890985e-08,-1.1975206e-09,-1688.0789,124.99529,59.633904,-9.631895e-09
383.77148,-2.1674158e-09,200213.19,-5.4867776e-08,3.06217,-1.7123304e-08,6.993517e-09,-1.6399046e-07,-3.1233442e-09,2.4666276e-09,259.1023,463.2608,-15.603844,-4.9290096e-09
54.072433,-5.650802e-08,125639.336,2.144566e-09,15.997178,4.6643205e-09,-2.0643578e-09,2.3963029e-08,6.798687e-09,1.3427331e-09,-89.775635,-6.7954865,44.85689,-8.157447e-09
78.44351,-3.0885168e-08,326584.12,-6.6814314e-09,6.206771,2.2950362e-09,2.3458828e-09,1.778523e-08,5.176086e-09,2.2397748e-09,1765.3193,74.32293,61.845924,-1.4111165e-08
79.413925,1.0123914e-08,116791.305,-1.21670825e-08,12.461889,2.7791778e-09,1.7201933e-09,3.730919e-09,-1.5561052e-09,-1.7882805e-09,-1820.2332,66.1443,26.53768,-4.581066e-09
31.558641,-3.03231e-09,141918.38,4.534419e-09,8.8496895,3.120079e-10,-2.2954813e-10,5.477101e-10,1.2093494e-09,6.914026e-10,-661.7111,-7.785122,34.816216,4.2231396e-09
42.194733,-5.061194e-09,79366.69,-1.8798887e-09,12.735432,3.955572e-09,-1.9751567e-09,-1.0473132e-08,-2.8853528e-09,1.1018267e-09,-1300.4666,-14.213409,59.305016,-2.3098362e-08
54.04605,-2.2170652e-09,95850.72,-1.2270482e-09,9.908807,-1.1662693e-09,-2.500352e-10,6.956866e-10,-1.2335196e-09,-1.6242151e-09,791.65845,2.753666,53.76249,4.8148756e-09
-6.459076,-8.270178e-09,217254.27,4.6379327e-09,7.504575,-7.9334767e-10,-5.0359283e-10,9.782177e-10,2.2431523e-09,-3.4703078e-09,-724.54236,-14.197189,33.41771,1.3348912e-08
-37.629932,-1.435341e-08,203894.44,7.717719e-09,6.440519,-9.905837e-10,-4.440246e-10,2.0071254e-09,4.0531565e-09,-4.968274e-09,-700.90625,-18.503136,30.333933,1.6487908e-08
46.513798,-4.597863e-09,88304.48,-3.2274328e-09,9.779978,-1.2919016e-09,2.368103e-10,6.972539e-10,2.1523765e-09,-3.7997507e-09,473.59186,13.182644,63.961765,-3.0973801e-09
-71.607346,-6.3501364e-09,318964.62,7.763017e-09,6.304878,-1.7741221e-09,-3.431073e-10,-3.9068965e-10,2.6097688e-09,-5.092346e-09,-657.5807,-16.134888,25.584774,1.6480168e-08
48.661407,2.3994784e-09,159039.78,-1.0708668e-10,10.630575,-3.3699565e-09,4.1041167e-11,-8.2723445e-10,-1.8889665e-09,2.5126372e-09,504.42908,35.993553,32.474068,-8.820172e-09
25.516088,2.060202e-08,111772.04,-4.3261564e-10,11.021705,4.0167166e-08,-1.0840226e-09,-3.4090046e-09,-1.1725888e-08,-3.3248648e-09,-883.1467,-290.825,37.542694,-6.8670274e-09
44.256657,7.7099855e-08,286498.0,-1.967373e-08,5.4578886,-1.7497166e-08,8.452749e-09,-4.9749975e-08,-2.2281217e-08,-4.674847e-09,19495.777,-221.89977,55.701275,-8.133028e-09
626.6171,1.4729857e-09,55991.062,-2.7955062e-08,24.636059,-2.9370893e-08,7.0199e-09,-4.7803283e-08,-2.6125763e-08,-5.0307514e-09,4680.039,-80.31859,-193.5543,2.6932078e-08
29.87482,1.604795e-08,-12347.719,-6.0432424e-09,13.887152,-7.687602e-10,-6.034086e-10,-3.1025147e-09,-1.1132345e-08,5.1518754e-09,284.2468,153.73691,33.597637,-8.405558e-09
39.322178,2.9138604e-08,130717.26,-2.7876705e-09,12.575888,9.540417e-09,2.291933e-09,1.5433427e-08,-1.0110564e-08,-3.3568865e-09,-3055.2654,-146.54976,30.89899,6.7933263e-09
85.773026,-3.82982e-08,324584.2,-1.186669e-08,14.531431,-3.7867323e-10,-2.3652418e-09,2.845798e-08,5.764657e-09,-4.0075343e-09,-1146.0149,325.706,52.03232,-3.683979e-08
70.402466,-3.642112e-08,213965.11,-9.762851e-09,11.332588,-9.233821e-09,-4.4589027e-10,9.119207e-09,5.842485e-09,-2.9508748e-10,-124.96704,544.3929,34.236916,-9.7160395e-09
59.43408,6.1224334e-08,68155.15,7.0250756e-09,8.736407,-4.2029953e-09,3.0138467e-09,-2.566458e-08,-7.167252e-09,6.843439e-10,5215.2705,46.30591,30.719131,1.30039295e-08
30.741713,-4.36578e-09,344399.8,-1.4871034e-09,8.695341,6.8595285e-10,5.715509e-10,2.3464488e-09,2.207339e-09,-3.60212e-09,-100.29669,-6.8998528,29.592571,5.1552034e-09
97.40632,1.1700319e-07,-76314.39,-3.702627e-08,13.912929,-2.8020112e-08,-2.9983757e-10,-6.409464e-08,-6.638418e-09,4.156602e-10,27407.586,1594.7651,58.678734,6.3506107e-09
22.61922,-5.5512416e-08,309477.12,3.0410603e-09,9.861772,2.5197254e-08,-7.558395e-09,2.9227447e-08,4.633645e-09,-6.208997e-10,1106.4128,-134.33931,37.330647,2.159629e-10
41.462223,-6.05256e-08,168905.11,3.3023255e-09,8.935171,2.2212644e-08,-4.2759405e-09,3.1086206e-08,8.792529e-09,1.8813089e-09,252.79468,-12.965515,36.963154,1.157492e-08
52.868603,-4.106146e-08,142433.66,-1.539561e-08,12.070595,1.0190207e-08,1.4934493e-10,7.61947e-09,7.261042e-09,6.603412e-10,384.64478,223.07466,28.851292,-4.8408317e-08
44.659786,-7.4175405e-10,374158.75,-9.831448e-10,5.0951333,-8.313792e-10,8.8448915e-10,-4.1101775e-10,-1.1034562e-09,-5.681561e-09,-446.8687,4.523323,37.15425,7.3152338e-09
73.402275,-1.0162037e-08,119094.72,4.4840007e-09,10.515868,7.185672e-09,-2.824442e-09,-2.8151068e-09,2.370188e-09,-1.0426666e-09,253.65552,143.93236,31.168499,2.5712241e-08
75.49925,-1.6121743e-10,16407.5,-1.8513971e-09,5.768368,2.4799456e-09,1.396317e-10,-1.6015503e-09,-3.1706818e-10,2.4130773e-09,-1001.0516,10.170532,41.295475,6.355952e-09
49.107826,-9.284304e-09,214343.66,6.614096e-09,12.297738,4.77433e-10,-3.2784567e-11,7.1204853e-10,4.3434105e-09,-4.53425e-09,-1105.5077,-13.240486,32.11597,1.2839183e-08
24.88876,2.6221871e-09,3583.3906,8.739974e-10,8.9102335,-6.5297046e-10,-4.0057574e-10,-2.2530524e-09,2.4237015e-09,-2.491509e-10,-434.36725,0.2935562,34.185833,1.2552651e-09
52.009407,-8.8109296e-08,443620.56,-2.0274037e-08,9.880156,-5.224089e-09,-8.7713736e-10,2.6526246e-08,2.2173055e-08,4.2543835e-09,-97.40332,954.91284,35.863945,-1.5416438e-08
94.15736,-5.30623e-08,402496.44,-1.2721403e-08,8.159294,-1.2642536e-08,-7.8923446e-10,9.747458e-09,9.014856e-09,-2.3239655e-10,-61.42383,241.60962,43.559074,-3.0836677e-08
0.3008499,-2.8437295e-09,306106.56,2.3701163e-09,13.858721,-3.5364704e-09,-6.648535e-10,-1.6623103e-09,3.761551e-09,-3.1448333e-09,-857.085,-13.241562,35.604694,1.1462147e-08
-1.8108025,5.881848e-09,304565.28,1.5272439e-10,14.0767975,-2.3440674e-09,-6.1246686e-10,1.610187e-10,-3.488839e-09,-1.3626418e-09,200.32118,12.226368,47.03058,-1.3998752e-09
23.93709,-9.494835e-09,66264.54,2.53059e-09,15.278275,1.7936719e-08,-7.834798e-10,9.508709e-09,-1.5494157e-09,-1.3060092e-09,-7.0375977,-259.40692,51.73721,5.915586e-10
226.1718,-8.4740705e-08,310813.2,-2.8079405e-08,9.748401,-2.102128e-08,2.529194e-09,6.437649e-09,2.759838e-09,3.1717802e-09,-2323.9534,436.05292,6.7528114,-1.5838495e-08
42.460136,-5.0109845e-09,329686.7,4.367317e-09,10.386867,1.4043972e-09,-3.0574482e-10,1.4630254e-09,2.291671e-09,-5.391654e-09,-891.0225,-6.918495,36.614075,1.6196918e-08
87.21913,-2.912209e-08,340145.16,-4.327967e-08,7.5370746,-1.1513863e-08,-1.4901124e-09,-1.39450105e-08,4.5703605e-09,9.965015e-10,685.0515,863.549,48.008945,-2.7775013e-08
16.654737,-9.62596e-09,119347.74,4.339275e-09,9.347484,-1.0746604e-09,-5.5257865e-10,9.929646e-10,3.9392116e-09,-3.157065e-09,-829.8311,-15.628937,39.41036,1.44966945e-08
2.8408318,-1.0892356e-08,344321.12,9.1456025e-09,6.717353,-2.1998499e-09,-4.436622e-10,1.5049122e-09,4.1070938e-09,-4.8818407e-09,-707.05475,-13.785042,25.71638,1.5420698e-08
35.019188,5.303637e-08,52098.047,-6.794028e-10,12.542381,1.5025075e-08,3.0864702e-09,-8.602985e-09,-6.2309438e-09,-3.839799e-09,2739.8,-627.49524,40.124012,1.80878e-08
92.81958,-6.049006e-10,350027.25,-3.3975243e-09,10.341356,-1.4664185e-09,2.3896313e-10,-2.2365816e-09,-3.6690428e-09,1.974469e-09,-227.13216,2.186016,51.881504,1.117806e-08
25.733826,-1.0607851e-08,246659.53,4.8711244e-09,8.888883,-1.7122991e-09,9.3417956e-12,1.3789128e-09,4.3438977e-09,-3.51397e-09,-744.08594,-12.01609,34.140415,1.2979989e-08
57.98022,-1.0513061e-08,281836.75,6.860177e-09,6.604167,-2.1638764e-09,-7.832964e-10,2.9919822e-09,7.390027e-09,-6.5420416e-09,-886.1065,-9.120869,28.8606,1.9180646e-08
75330380000.0,-803.1132,-7536866500000.0,-7.3971456e-09,10.994289,-9.568827e-09,9.900612e-09,-7.03713e-08,-1.0089688e-07,-1.272036e-08,8954.601,-134.63637,-10348532.0,3.0879114e-06
19.267502,5.4848435e-08,268650.7,-7.3028866e-10,10.978744,6.37979e-08,1.2861615e-09,-1.06854054e-08,-1.6541842e-08,-6.447671e-09,-578.4353,-476.61737,40.430405,2.3774607e-08
40.199127,-3.7756077e-08,108851.625,1.1839346e-08,14.813269,2.2915039e-08,-1.2228842e-09,2.33342e-08,2.7396443e-09,-1.2618228e-09,1043.0195,-58.954285,42.47662,1.2648873e-09
68.20999,7.271383e-08,103106.234,-6.140918e-09,10.978041,4.663605e-08,3.8240864e-09,-1.4223495e-08,-1.2792171e-09,7.563466e-10,13737.279,261.76324,51.431557,1.022236e-08
5.7745876,-7.1158404e-09,204966.12,4.082878e-09,8.745101,-1.5573106e-09,-8.067937e-10,1.2042445e-09,3.4827152e-09,-2.789787e-09,-775.9603,-13.503456,33.650288,1.2144083e-08
37.947495,2.359222e-09,330905.78,-4.3458352e-09,10.05202,3.079154e-09,-1.1825213e-10,-3.3146919e-09,-1.4182717e-09,1.5823413e-09,376.3963,6.1847763,47.678345,-3.850293e-09
61.646847,-9.401241e-10,128818.01,-9.260273e-09,11.202845,-1.8327149e-09,-6.3871797e-10,-1.514861e-09,2.5197553e-09,-2.820779e-09,-348.99023,18.187962,45.419704,5.298291e-09
38.704586,-1.65556e-08,378440.75,1.6360737e-08,13.455788,2.5307589e-08,-1.0892897e-09,1.3148939e-08,4.473246e-09,-2.1957185e-09,176.27612,64.92984,28.870186,3.5892565e-08
87.53168,-6.895033e-08,426451.44,-3.526116e-08,10.080458,-5.8642504e-09,-2.6256561e-09,-1.283486e-08,1.10587495e-08,-1.5878288e-09,1344.7434,511.47247,58.560394,-2.6261242e-08
74.51388,-6.833992e-10,330532.3,-5.392243e-09,9.829555,-1.2904605e-09,-2.2537966e-11,-2.835026e-09,1.6514271e-09,-1.4299901e-09,-308.58044,-12.723305,50.26665,-3.5963104e-09
42.771744,-5.0396e-09,292081.2,1.7453842e-09,4.4428887,-1.9579303e-09,-5.084255e-10,-1.0039669e-09,1.5655516e-09,-3.4804903e-09,-495.61353,-6.545677,41.465164,1.6575289e-08
49.056454,-1.3154493e-10,304311.88,1.8624434e-09,8.172336,-3.3889151e-09,1.959826e-11,6.998215e-11,-2.5368367e-09,-3.406075e-09,-940.9549,-2.9369698,36.70721,3.4192411e-09
29.47403,-1.0061721e-09,181151.73,-5.518062e-10,6.9463325,-6.540163e-10,-4.1937173e-10,9.891191e-10,1.8528239e-09,-7.0047274e-10,-215.94212,-5.0892487,11.212816,9.546238e-09
62.910393,-1.8568828e-08,424985.97,1.2434915e-09,16.631372,-1.0482019e-08,-9.255103e-10,-3.6494818e-09,4.427813e-09,-3.862437e-09,1154.0344,334.84747,56.841896,-1.2258779e-08
29.099554,-6.783617e-09,312850.06,5.878903e-10,12.402881,1.1055938e-09,-5.032473e-10,1.3896393e-09,3.1859781e-09,-4.279411e-09,-630.2158,-11.135651,60.22167,1.577245e-08
35.092583,-2.1696591e-09,38993.17,-9.09329e-11,11.245579,2.214449e-09,-2.2204702e-10,1.2862559e-09,4.1288098e-11,-7.085029e-11,-316.1245,-5.6753654,48.65565,4.766336e-09
136.79518,-2.0792603e-08,154304.42,-2.3926948e-08,8.119587,-2.9300923e-08,-1.164375e-09,3.4271213e-08,2.6177385e-09,1.2464446e-09,-657.21655,215.30351,47.46769,-2.5377048e-08
200.93958,-7.943927e-08,324424.25,-2.127646e-08,12.476811,-1.8245217e-08,4.15194e-10,2.5883379e-08,3.5068668e-09,-1.5028092e-09,781.7412,210.43011,24.262758,2.798622e-09
69.61197,1.6700094e-09,421897.72,1.2644408e-10,8.368137,-7.0947e-10,-7.888674e-10,-1.4599765e-09,-3.935878e-09,5.5582965e-09,53.889565,10.71302,50.873623,-2.5316709e-09
113.74899,1.2163306e-09,175938.53,-5.917981e-09,10.071143,1.1093156e-09,-1.3225693e-09,-5.5930434e-09,1.6437982e-09,5.7755343e-09,-1423.5884,66.96093,30.50969,-1.3224949e-10
68.027985,-1.2029209e-07,349701.2,-9.998059e-09,12.449657,1.0026578e-08,-2.8828404e-09,3.282146e-08,1.37290215e-08,4.5053117e-10,-164.01733,272.87537,41.7898,-2.1787068e-08
32.46996,-3.6215542e-09,161683.56,2.4363453e-09,8.626252,-1.1913103e-09,-1.8334138e-10,1.1976209e-09,3.5093084e-09,-1.9335102e-09,-537.4116,-12.801704,30.002043,5.639604e-09
18.179485,-7.5440285e-09,326281.94,2.4119928e-09,8.362909,-1.7502265e-09,2.7271909e-11,2.8179536e-09,4.2226627e-09,-4.7808317e-09,-659.4952,-11.627457,37.916958,1.6826242e-08
89.46588,-6.2653044e-08,148873.64,-4.648025e-09,9.800276,7.855695e-09,-2.18678e-09,2.5807182e-08,5.763112e-09,-6.1375693e-10,-911.2185,31.592987,38.69572,-2.6340441e-08
97.69342,-4.551404e-09,330332.88,-4.4583475e-09,10.581646,-2.3771172e-08,-3.5178305e-09,1.706643e-08,-2.0777482e-09,2.207332e-09,-3550.694,209.6585,50.06732,-2.4676606e-08
27.563728,-1.6964596e-09,168188.64,-1.025989e-09,10.496604,-4.3689458e-10,-8.6442525e-10,-1.0065504e-09,2.5824538e-09,-4.1325943e-09,-545.7791,-5.833454,36.06842,1.2692928e-08
83.36691,-1.7708938e-08,87430.09,-1.0526107e-08,11.939132,-1.0967147e-08,7.651872e-10,-2.6037124e-09,1.085912e-09,-9.637502e-12,714.2241,98.25261,43.435814,-2.6514428e-08
50.732334,1.4390391e-08,33018.953,-1.4908725e-08,12.07437,-2.751565e-09,2.6980038e-09,-7.4323205e-09,3.4552083e-09,6.186228e-10,1539.3755,351.57483,46.53163,-2.1249694e-08
32.15739,-3.4559644e-09,12007.766,-2.556958e-09,9.46171,-1.6739401e-09,3.1053513e-10,9.029415e-10,2.3136648e-09,-1.9476376e-09,138.18002,-11.874367,49.371628,5.7679035e-09
76.514755,1.021028e-08,214133.44,-1.6032916e-09,7.7799153,1.4591653e-09,1.5977301e-10,5.497523e-10,-1.0601438e-08,1.3792396e-08,1004.20135,158.3717,46.2974,-3.6495194e-08
137.91946,4.363455e-09,-97400.266,2.0475301e-09,11.774239,7.893339e-10,-5.362404e-10,-4.929062e-09,-5.8289924e-09,1.1337707e-08,-376.34546,45.846947,11.796591,4.1580805e-09
71.74459,-8.232788e-08,362065.44,-2.0160574e-08,10.702336,-3.4780347e-09,-4.6240576e-09,2.4582949e-08,1.1208489e-08,-2.1306052e-09,220.40088,229.92625,57.122425,-3.4264502e-08
42.540794,-5.175714e-09,-56729.047,1.7700097e-09,12.460576,1.6062851e-09,-1.7950594e-10,5.608306e-10,2.9771006e-09,-1.9581978e-09,-669.9687,-12.748077,33.126545,9.479134e-09
41.23633,-3.413265e-08,240235.5,1.059017e-08,11.9513035,1.3017495e-08,-2.15945e-09,1.823766e-08,-8.204285e-11,-1.8369319e-09,-453.77173,-134.50066,28.125923,2.6830012e-08
77.00942,2.7128682e-08,152709.05,-2.7551254e-08,7.33639,1.0233652e-08,1.6291561e-09,-9.8268655e-09,2.4688187e-09,2.806148e-09,12707.988,308.85764,40.425137,-3.317471e-08
34.781216,-1.2977266e-08,124986.82,-1.7333599e-09,11.539822,6.185345e-09,-1.3379245e-10,1.1668338e-08,3.458481e-09,-3.889036e-09,743.45776,-31.34729,38.115356,-9.261879e-09
41.372223,-4.9329554e-09,353002.66,-2.5723612e-08,11.8472805,2.434448e-09,-7.108086e-10,-1.4090895e-09,-8.442534e-09,-6.27414e-09,4922.736,-181.32582,70.91038,-5.6266977e-08
73.32395,-1.5483308e-09,78055.07,8.579925e-10,8.924936,8.1845947e-10,2.8645572e-10,-3.2852707e-11,1.7818095e-09,-1.2261531e-09,398.96033,8.047089,31.560608,-1.3626856e-09
102.04198,2.3392781e-08,152462.5,-9.060554e-09,9.171761,2.8097258e-09,-8.2871443e-10,-5.505856e-09,-1.7000321e-08,2.8638015e-08,-250.49422,1043.3795,19.612377,-2.3892609e-08
61.330597,7.66405e-09,364450.7,-2.2607414e-09,6.902162,-6.829041e-09,-3.2133152e-09,-1.3433582e-08,2.7899374e-10,-1.4056192e-09,-518.04614,26.450119,31.379333,-1.7794992e-08
77.44495,-1.14305834e-07,272799.53,4.673774e-09,10.97655,8.848302e-09,-3.810333e-09,2.0663034e-08,9.904591e-09,-3.066799e-10,-375.38306,115.04545,48.011715,-1.2366581e-08
79.5727,-9.876017e-09,183828.8,-4.821562e-09,13.120664,-6.160196e-11,1.3296779e-09,-1.8496129e-09,4.7032684e-09,-2.4980351e-09,-238.97632,509.9046,24.673803,-1.8878831e-08
34.464706,-3.39034e-08,246529.72,3.487905e-09,9.272318,1.9354449e-08,-7.149457e-09,2.4960845e-10,4.574389e-09,-2.819904e-09,1407.5127,99.43824,42.560074,-2.4035261e-08
59.178528,6.6711955e-08,270505.84,-9.577753e-09,9.26527,-5.5320257e-08,5.2963784e-09,-2.3718833e-08,-1.5436232e-08,-6.328664e-10,-1145.0408,281.31702,41.9881,1.1741928e-08
41.792557,-3.5598227e-08,277316.88,-1.347052e-08,7.464661,5.3181974e-09,-2.3713513e-09,2.0686864e-08,5.330563e-09,-1.7460439e-09,850.54126,6.9848175,53.622578,-2.0917083e-08
120.34407,2.287568e-08,220655.48,-9.819684e-09,11.143134,-1.0075367e-08,1.73804e-09,4.180048e-09,-3.627612e-12,-1.9494015e-09,2199.1694,176.15485,20.675644,-5.238313e-09
-7.504093,-2.9944092e-09,324222.88,-1.5125607e-09,13.2612915,-1.3159841e-09,9.925445e-11,-1.4056597e-09,2.1108186e-09,-2.3833493e-09,-279.05225,-6.862442,38.269314,1.2071175e-08
70.21165,4.4761705e-08,129691.33,-3.8126236e-09,16.598097,9.8907655e-09,1.8429942e-09,-2.1810799e-08,-4.9445683e-09,1.3656855e-09,5463.5435,379.857,36.732006,5.9293033e-09
53.835045,-1.6888732e-09,82231.766,-9.414671e-10,9.937832,-2.6095917e-10,-2.0659113e-10,1.8290303e-09,-8.20171e-10,-1.7539924e-09,-527.22253,-11.726746,41.794373,6.066751e-09
65.2856,-5.7552704e-08,122194.69,3.1673282e-09,9.983668,7.296887e-09,-5.2475717e-09,1.698099e-08,6.46302e-09,9.445461e-10,-374.4563,49.417114,40.95911,2.174945e-09
29.660368,1.2522957e-09,329265.16,-1.4189484e-09,4.25892,9.217662e-10,-7.6996076e-11,-1.8744633e-09,6.779625e-10,-1.1080451e-10,-207.35011,0.1741066,43.51338,-2.8638711e-09
35.383415,2.0340634e-08,253419.52,-1.0766782e-08,13.978535,3.403524e-09,-5.39471e-10,3.480741e-10,-1.2458238e-08,2.0897483e-08,862.5994,161.3306,37.119743,-2.8572204e-08
72.65286,-1.55404e-11,209150.25,-2.160941e-09,7.335865,-6.0789007e-10,-2.9418518e-10,-2.3935898e-09,1.2490657e-09,3.227371e-09,-1259.5168,-2.8659554,60.923943,-2.7670775e-09
92.53134,-6.782744e-08,211795.69,-8.905217e-09,11.864648,-2.2168576e-09,-1.1059317e-09,2.165328e-08,4.4948205e-09,-1.3014027e-09,-770.6697,40.26892,39.777912,-1.6183824e-08
29.185295,-8.848406e-07,149058.69,-1.9324862e-08,9.558033,2.3474533e-08,-6.9203465e-10,8.487073e-08,4.8925344e-08,6.493864e-09,11166.94,472.4217,56.631847,-6.0577094e-08
12.394308,-6.760825e-09,227040.5,4.839584e-09,7.028617,-3.7186826e-10,-4.887895e-10,9.382058e-10,4.6318203e-09,-3.3437644e-09,-745.86694,-10.795059,25.974216,1.1939511e-08
113.012665,2.8280947e-08,343847.4,-1.4625843e-08,7.009692,-5.5008337e-10,-1.5514872e-09,-4.031208e-09,-1.249555e-08,2.40653e-08,-621.78314,740.3808,52.557396,-2.2073259e-08
164.54286,-1.189556e-07,342775.44,-4.814702e-08,8.976539,-1.76349e-08,9.844424e-10,-2.248177e-10,4.3825255e-09,3.590629e-09,-1210.3645,698.29376,32.705032,-1.0509894e-08
34.975853,-2.2835631e-09,295606.0,-3.1061396e-09,13.310652,-1.1526016e-09,3.6875697e-11,-6.3949873e-10,-1.0725753e-09,-3.2514051e-09,-548.3093,-17.03688,69.59743,5.030754e-09
142.08415,1.0222954e-07,403000.3,1.2580093e-09,8.685604,-3.603354e-08,5.5652545e-09,-5.373951e-08,-1.5865039e-08,5.1996824e-10,-22662.191,895.2622,36.20928,1.7854111e-08
251.39319,-7.931931e-08,262682.5,-4.9977395e-08,7.8900023,-1.3957532e-08,6.9343287e-10,-1.4886181e-08,1.6021561e-09,6.9141226e-09,286.65112,370.54678,22.439335,-6.6487917e-09
83.05853,-8.695438e-08,152713.66,2.0189358e-08,5.9442444,1.2844406e-08,-3.303728e-09,2.09597e-08,1.2611687e-08,9.071393e-10,-427.74487,88.184265,53.98592,4.2095444e-08
17.27409,7.8172335e-10,315726.9,-2.474001e-09,9.59382,-5.637254e-10,-2.6494962e-10,3.7991468e-10,1.2650874e-09,-2.2509135e-09,805.2754,22.734465,64.85714,-1.0840815e-09
65.390434,1.1067644e-08,54767.86,-4.30087e-09,18.31789,-7.304125e-10,7.748005e-11,-8.546312e-09,-1.8422304e-09,9.821421e-09,-1225.1433,78.937195,26.638905,-8.864228e-09
84.6186,-8.387012e-08,394763.4,-2.0607379e-08,10.781189,-4.2175485e-09,-4.278191e-09,-5.747375e-09,1.3204387e-08,8.485608e-10,2486.924,227.14954,81.193344,-1.941133e-08
37.866997,-3.465723e-08,277348.16,1.1923402e-09,10.783459,-3.8836012e-10,-1.4220886e-09,2.0205853e-08,2.4086042e-09,-2.0441395e-09,1000.67334,2.702011,47.109917,-1.4037742e-08
96.08854,-3.114663e-08,309814.3,-1.3626902e-08,6.086735,-1.9741728e-08,-5.1884713e-10,1.2037523e-08,4.407182e-09,1.3054635e-09,425.40405,253.25487,49.158478,-2.5222127e-08
22.433643,-1.5463626e-09,271419.6,3.9971434e-10,10.699434,1.5345036e-09,5.02354e-11,-4.8025077e-09,3.8270294e-09,-1.6387494e-09,-564.1321,-7.348652,30.68979,9.738132e-09
-9.641975,-6.3673222e-09,331817.25,5.0720055e-09,10.787993,1.1156089e-09,1.2091039e-10,-1.3479216e-09,3.8299532e-09,-3.5199477e-09,-822.2929,-14.946754,32.054493,1.3991294e-08
43.035446,9.641399e-10,186294.47,5.3724863e-10,12.736025,6.8133865e-10,-2.6571062e-10,-1.0339455e-09,-2.9236158e-09,1.8974111e-09,-630.9768,-6.4445076,24.684464,-1.1982629e-09
190.01048,-1.083862e-08,265487.25,-5.321475e-08,12.8245125,-3.824853e-08,-2.5489075e-10,-1.06920695e-08,-1.5948765e-09,3.0829441e-09,-1153.9285,520.6339,35.989716,-2.2170644e-08
154.69968,-9.2332705e-08,496586.75,-2.8205912e-08,11.498239,-5.857067e-09,3.5298808e-10,-7.129865e-10,9.849505e-09,-8.4434426e-10,733.303,352.15814,37.14531,1.8457489e-09
57.296055,-9.712002e-09,110390.63,1.3062276e-09,14.6787195,-3.540317e-10,-1.4494528e-10,5.0469173e-10,5.009911e-09,-4.094343e-09,-1333.5687,-19.56607,52.827614,1.3797038e-08
79.55937,-7.625265e-08,342828.25,-9.646478e-09,9.787143,2.0837776e-08,-5.150865e-09,2.7707706e-08,7.886099e-09,-6.344915e-10,-725.92896,285.19193,37.584297,-2.900846e-08
38.714417,7.673945e-09,160766.89,-9.317232e-09,10.634915,1.3509818e-09,7.7195356e-10,-1.2118442e-09,-6.2193273e-09,4.6739728e-09,1070.5135,111.37167,28.13425,-2.0295339e-08
26.562466,-4.118981e-09,146645.08,1.7299466e-10,6.974455,-1.4798033e-09,-4.612637e-10,7.2362843e-10,2.9946425e-09,-1.6487988e-09,-432.84607,-2.0306587,38.376175,7.89353e-09
3.2926636,-4.8831152e-09,523154.75,1.6968095e-09,3.6555624,-8.5531854e-10,2.9256322e-10,1.5216697e-09,2.0281974e-09,-3.0147815e-09,-503.2375,-6.641777,35.555172,1.561506e-08
92.79971,-2.3314234e-08,270457.34,-1.8111763e-08,13.531205,1.4186283e-09,-1.7388531e-09,3.003773e-09,1.6569608e-09,5.603852e-10,-832.15356,327.7408,34.210495,-1.2698524e-09
-5.0811844,1.0845027e-08,161403.56,-2.8392944e-09,12.014608,1.9049586e-09,-5.842092e-10,-1.8450226e-09,-5.874917e-09,4.8271773e-09,340.4178,51.87202,69.20676,-5.6409246e-09
60.94278,3.3521432e-09,178505.73,-1.870826e-09,8.188453,-9.2871544e-10,3.4195896e-11,6.509324e-10,-2.7314135e-09,4.864605e-09,1107.4767,11.937382,40.510025,-1.42053995e-08
37.48123,7.2402426e-09,32457.297,-7.36135e-09,13.281925,1.1820684e-08,7.085039e-10,1.2180415e-08,-6.478083e-09,2.0867705e-09,2328.7363,-77.13521,36.129642,-1.8483172e-08
54.691628,-2.6198992e-09,258343.88,-1.7661991e-08,14.7963915,-1.7827874e-08,-5.078339e-10,-1.0861437e-09,-2.7715694e-10,-4.8853144e-10,3234.4294,252.16676,36.62625,-2.0092623e-08
27.98729,-1.7929119e-10,110503.45,1.4785602e-09,10.95105,1.6518105e-09,-1.1911687e-10,-5.255203e-10,1.1860916e-09,-1.5044113e-09,-543.43616,-1.6288986,36.00345,2.9332445e-09
55.68589,-6.28841e-09,220756.78,-1.0702615e-08,11.628298,1.05195435e-08,-2.2948605e-09,-5.2395563e-09,6.693695e-09,-2.0989403e-10,2912.5747,197.34238,32.85511,-1.3429384e-08
94.75832,-1.0264669e-09,343944.8,7.3794043e-10,8.6363325,1.0458058e-09,-5.520578e-10,-1.5209649e-09,6.0488126e-10,-6.364111e-10,-801.28986,7.4094048,36.194637,5.1561413e-09
54.13346,8.34464e-09,452248.72,-3.6740375e-09,2.405778,-2.7473928e-09,-3.571096e-10,-1.5033643e-09,-2.8617777e-09,6.1489462e-09,-450.04517,21.335644,45.183693,-1.3776251e-08
19.273426,-5.6544094e-09,88162.41,-2.03907e-09,14.272216,-1.207837e-09,-4.842393e-10,-8.5791224e-10,4.3969943e-09,-1.4472136e-09,-806.7406,-14.876541,55.64098,9.109804e-09
47.464066,-8.317328e-09,99924.07,-1.2726532e-11,14.526953,1.9045467e-10,-7.7638074e-10,1.287919e-09,4.1586383e-09,-2.8879128e-09,-831.76636,-15.956223,41.132954,1.1150332e-08
45.87213,-1.3831026e-08,204854.12,4.0082773e-09,8.124125,-2.0950799e-09,-2.353532e-10,3.1369174e-09,6.932496e-09,-4.6329625e-09,-682.3963,-12.2118225,27.043154,1.5971464e-08
22.356441,-9.162824e-09,255059.25,9.585354e-09,8.412256,1.1727803e-09,-2.113335e-10,2.4535416e-09,4.0256625e-09,-3.453943e-09,-768.2751,-13.677963,27.0662,1.0569241e-08
62.471672,5.1395777e-08,142713.5,-2.8700982e-09,9.9136715,1.1581346e-08,-2.6539997e-09,-1.1525098e-08,-5.5000443e-10,1.6649597e-09,16265.901,203.75816,43.15817,-9.198515e-09
35.11753,-4.2942303e-09,357729.75,1.0448452e-09,10.01095,-2.4814228e-09,1.7978645e-10,8.9690316e-10,2.5065232e-09,-9.724506e-10,-700.4298,-4.5768547,42.09063,1.0381798e-08
16.13547,-3.429084e-09,205292.6,1.1310328e-09,14.73341,-1.3008074e-10,9.9397705e-11,-1.5759957e-09,-1.4630432e-10,-1.5239611e-09,-690.71625,-5.5423775,35.47835,1.0691779e-08
81.86955,-6.709377e-08,215110.27,-4.439222e-09,12.559143,3.2187968e-09,-2.2659463e-09,2.1828757e-08,6.5454313e-09,-1.2392475e-09,-653.6116,70.458565,41.238888,-2.1511386e-08
48.187263,-1.9491708e-09,178990.8,-4.0504697e-09,9.827992,1.992725e-09,-1.6764835e-10,1.0737075e-11,3.805619e-09,-1.1809541e-09,-484.88922,-3.708435,37.13646,6.2699446e-09
92.96918,1.63038e-08,514887.0,-3.7733034e-09,9.11628,-3.7555503e-10,-1.4652218e-09,-3.9669104e-09,-8.6550775e-09,1.4394047e-08,1212.6117,291.28238,44.381824,-1.645185e-08
30.675594,-9.506628e-08,246835.19,-2.6467724e-11,14.820366,1.1190993e-08,-2.3556026e-09,2.9701782e-08,2.0430136e-08,-1.7756588e-09,427.854,119.482376,18.779959,-8.222673e-09
154.6463,-3.6093077e-08,296200.53,-4.094367e-08,11.648177,-2.1429486e-08,-3.1978284e-09,1.9700104e-09,1.847846e-09,2.1985609e-09,9967.214,407.852,35.26083,-5.2032982e-09
17.48303,3.3831586e-08,174160.34,-3.5096632e-09,13.366945,-6.3552885e-10,4.1781627e-09,-2.3859435e-08,-1.0803606e-08,-1.9779487e-09,6.613037,-145.49306,30.210688,9.261237e-09
27.531368,-3.4916732e-09,252126.4,1.0856173e-09,12.504008,-2.738114e-10,-6.311758e-10,-8.441925e-11,1.4764991e-09,-2.5566333e-09,-930.49286,-9.104824,54.988052,1.1310123e-08
70.16001,1.1949508e-07,241638.58,-2.4308767e-08,4.908508,-2.489708e-08,3.0400296e-09,-3.7777582e-08,-1.0108814e-08,-2.3529474e-09,2690.5532,244.0509,60.98046,1.5101602e-08
73.88346,-2.9202227e-09,321952.75,-5.380662e-09,7.243883,-2.3110172e-09,4.3403803e-10,-2.7978242e-09,3.2200234e-09,1.3923401e-09,397.4035,16.513298,34.027946,1.6267215e-08
86.06833,4.6085102e-08,297690.94,-6.958745e-09,7.830595,2.3961498e-08,1.708723e-09,-1.6501275e-08,-3.4046141e-09,-3.4057895e-10,-5195.2354,435.81287,36.989906,2.6451062e-08
370.4514,9.184945e-08,-53523.797,-7.5954985e-09,21.632395,2.77623e-10,4.425252e-09,-3.2203545e-08,-1.7582327e-08,-3.9222354e-09,6928.2314,830.0596,-82.14493,2.8282798e-08
-32.68572,-7.862389e-09,120596.61,2.820026e-09,7.342021,-1.2337866e-09,-4.2753223e-10,3.023624e-10,3.3411272e-09,-3.5939547e-09,-706.48956,-14.524033,33.40259,1.3569976e-08
23.40797,-6.6697465e-09,290096.25,2.8879032e-09,5.3813643,3.4714107e-10,-7.588227e-10,-2.3772662e-10,3.389568e-09,-3.6715984e-09,-627.88763,-7.6876945,41.993546,1.2573832e-08
70.58925,1.0602289e-09,43566.656,-1.7494923e-09,3.2816806,1.556617e-09,-2.7371197e-10,-1.8154251e-09,5.9218155e-09,-1.7642638e-09,-216.9493,-14.513557,43.449516,6.0297944e-09
55.295284,-6.00355e-09,121424.94,-2.2981743e-09,8.85031,-1.6288655e-09,1.1452994e-10,2.2732924e-09,2.9003804e-09,-2.9766338e-09,1059.4727,-30.819328,63.997864,3.7298964e-09
89.14587,1.0748927e-08,209347.66,-2.9690815e-08,10.563549,-3.1100807e-08,1.7138362e-09,-2.6274355e-08,-3.976423e-10,-7.120432e-11,2495.2344,492.65814,51.32525,-1.3882653e-08
129.70105,7.056866e-09,-291432.7,-1.1534e-08,14.245465,2.7483502e-10,-2.4425972e-09,-1.5942112e-09,-1.0998883e-08,1.323703e-08,559.36096,247.19019,38.265064,9.65124e-09
43.431038,1.2928504e-08,1837.4219,-3.3547431e-09,7.0921926,-1.8809025e-09,-1.2443754e-10,-4.690677e-09,-8.980831e-09,8.028554e-09,-802.2764,116.04944,75.84386,-8.3242355e-09
261.52966,1.1305735e-09,251899.69,-1.0053058e-07,4.5373526,-5.8658458e-08,1.7444791e-09,-5.5170986e-08,-2.3295232e-09,1.866382e-09,-2092.5247,698.46625,31.916973,-1.3817506e-09
56.465206,-1.00693685e-08,-23571.344,-8.261799e-11,9.983571,1.5172424e-09,-5.1756516e-10,-1.1349734e-09,7.3839628e-09,-3.6430545e-09,-773.8144,-6.9827156,36.671925,1.3629802e-08
82.219696,-5.7794814e-08,424600.62,-2.0029827e-08,13.067478,-4.178333e-09,-2.0215705e-09,7.035608e-09,5.4495066e-09,-6.2386907e-10,442.74854,339.709,36.006916,-1.0552738e-08
40.80123,6.344944e-08,181809.16,3.1622027e-09,8.991674,1.233103e-10,3.607264e-09,-8.15675e-09,-9.050576e-09,-2.1196895e-09,7765.6133,-270.1894,38.707886,2.618617e-08
39.91804,4.8718447e-09,67180.66,2.153806e-09,7.95163,-2.761266e-09,-3.2089215e-10,1.7608791e-09,6.2137806e-10,1.1014247e-09,28.762398,19.012146,35.42483,3.2873153e-09
19.732067,1.7122805e-08,228201.61,7.0400303e-09,12.323624,2.9752748e-08,-2.0900776e-10,-3.9511e-09,-4.230715e-09,-2.0191675e-09,-1206.5823,-283.9406,51.824238,1.7555532e-08
66.778854,9.442276e-08,196342.7,-3.6105796e-08,10.492443,-2.8318821e-08,7.565633e-09,-3.5775734e-08,-9.626396e-09,-2.733023e-09,22836.238,70.97104,61.374386,-8.178481e-09
77.42163,1.8245967e-08,340748.0,-4.3420187e-09,8.292952,1.85263e-08,3.6328934e-10,-1.5428162e-08,-3.216795e-09,4.372416e-09,-2668.0232,131.50394,67.98424,6.984985e-09
106.23248,9.790099e-09,179695.62,-5.939859e-09,8.8616,-1.4313333e-09,5.5730937e-10,-2.0845383e-09,-3.7988763e-09,1.4722953e-08,-311.58087,277.16724,86.772934,-2.1753362e-08
115.021515,3.9118323e-08,247166.11,-1.629146e-08,7.3568354,1.769291e-08,-1.6521773e-09,-2.7690792e-08,-1.382256e-09,8.163636e-10,-4160.4023,488.4662,38.321793,-1.1827791e-08
55.014526,-2.1122604e-09,192087.05,5.1804994e-10,12.112717,-2.5991664e-10,-6.1528926e-10,-1.6563536e-09,2.6036429e-09,-2.8930978e-09,-1265.7665,3.1636887,32.383556,9.1822745e-09
25.816278,-1.3499293e-09,-85380.016,4.969121e-09,11.020323,4.7309143e-09,6.387143e-10,3.996821e-10,-2.2129585e-09,-2.195048e-09,-227.05005,-193.29442,55.978054,6.388272e-09
47.192867,-2.1248264e-08,216985.33,5.0702824e-09,12.138764,1.2448412e-08,-3.351514e-10,2.5429574e-09,-8.783038e-10,-2.9269078e-09,614.7727,-2.6807098,38.00446,1.0223551e-08
73.386406,-1.07723315e-08,349871.38,2.7100613e-09,11.204553,-5.2076354e-10,3.0081715e-10,2.1906694e-09,7.231888e-09,-5.537728e-09,-734.4579,-7.3288155,53.81772,2.1855907e-08
46.87552,-5.1895577e-10,189085.12,-4.6718185e-09,7.047453,-2.2008306e-09,2.8193056e-10,-1.8822528e-09,1.9865274e-09,3.854329e-09,937.07837,78.9086,42.65423,-8.637674e-09
64.30919,2.0192067e-08,220576.86,-1.2623618e-08,13.009501,-2.5548802e-10,-3.828913e-10,-2.9883884e-09,3.2743532e-09,9.462382e-10,1797.4192,624.8008,21.180931,-2.3446594e-08
-0.86665726,-4.092321e-09,391660.3,2.7182885e-09,10.339602,-2.7043848e-10,-1.9163075e-10,-4.5363271e-10,2.3131614e-09,-4.002721e-09,-816.1316,-9.321754,34.739223,1.1813193e-08
17.3418,-1.3310285e-08,300358.5,4.019116e-09,7.6651807,-6.157826e-10,-2.4826846e-10,2.7329137e-09,5.3015246e-09,-5.231698e-09,-609.8847,-14.34668,42.07755,1.8141286e-08
74.947716,-4.308927e-08,258712.66,-5.6995635e-09,6.6157694,-3.740182e-09,-1.9711275e-09,1.3335729e-08,5.769793e-09,1.335718e-09,4740.498,-1.2259369,53.796207,1.6210732e-08
65.85133,1.0565172e-09,169563.97,-1.5598359e-09,9.487452,-1.543323e-09,-5.7033955e-10,-2.534888e-10,3.6857837e-09,1.5541162e-09,564.09735,2.5981636,48.387466,-4.5732835e-09
57.808178,7.677877e-11,88143.055,-1.6525739e-09,9.264684,-1.1647214e-09,-3.0130712e-10,-5.841091e-10,-1.7357252e-09,-2.1238342e-09,519.6843,20.835949,21.078913,3.852625e-09
-81.16821,-3.8424215e-09,142570.72,7.866983e-09,3.7956257,-2.7590692e-09,-5.717255e-10,-1.3938133e-09,1.3921607e-09,-4.1123944e-09,-669.65546,-15.899567,25.855402,1.4748276e-08
98.601135,-1.4683402e-09,395127.47,-3.801791e-08,14.257623,-1.9192463e-08,9.457974e-10,-1.8460565e-08,-6.243186e-10,1.082728e-09,-1200.5779,296.80734,60.469772,-2.3782716e-08
32.225853,-4.7782662e-09,268636.34,1.29732e-09,8.043173,-1.0145039e-09,7.0003246e-11,1.5512653e-09,2.250848e-09,-2.313299e-09,-804.54724,-11.619446,52.859787,1.0514719e-08
56.440514,3.855431e-09,308712.88,-1.9223914e-09,8.639361,-1.7547865e-09,-4.2087306e-10,-3.1768956e-09,-1.519074e-09,3.08599e-09,-176.9995,27.231737,27.349129,-1.1595485e-09
81.45244,-8.281731e-09,224637.25,1.6116936e-09,10.545359,-1.1849813e-09,1.7350398e-10,-1.7027016e-10,3.7667065e-09,-6.732455e-09,332.72278,-11.591789,74.28694,2.2298563e-08
47.910343,2.0588002e-08,125134.57,-8.37479e-09,9.607794,1.2416047e-10,5.0357135e-11,-3.610138e-09,-1.0974161e-08,1.1814104e-08,61.51873,213.59424,42.652664,-2.6220576e-08
-10.783619,-7.972348e-09,340263.84,3.2897234e-09,14.84042,2.0395046e-09,-2.5512412e-10,1.8881965e-09,3.2393257e-09,-5.2929137e-09,-722.4856,-13.516937,30.574049,1.5385538e-08
53.12792,-8.145908e-09,262693.78,-2.5488387e-08,11.998457,-2.573772e-09,-1.9132844e-09,-2.4883155e-08,1.2239003e-09,2.0623081e-11,-511.53052,304.6582,43.31243,-4.2173365e-08
92.02962,1.172216e-07,322808.88,-2.5400235e-08,9.547714,5.7519403e-09,1.09172046e-10,-6.198596e-08,-1.1391586e-08,3.1204659e-09,21066.953,558.3157,45.50653,1.3276846e-08
89.27997,1.5138715e-08,178965.6,-5.6568542e-08,7.4488235,1.2384463e-08,-2.701697e-09,-3.071382e-08,-2.0307498e-09,-4.3898547e-09,6247.891,1099.7103,35.851288,-6.242328e-08
3.250019,-5.994141e-09,359805.06,2.3003273e-09,12.243313,2.2945221e-10,-1.2754084e-10,1.4735273e-09,2.3213065e-09,-4.1673887e-09,-828.2854,-12.707283,38.299427,1.4504964e-08
95.32765,-2.6817145e-07,419852.5,3.073753e-09,7.427771,8.546779e-09,1.5634314e-09,3.6848167e-08,3.0743184e-08,2.3618347e-09,4699.376,329.92535,76.782524,5.4312917e-08
33.79637,-6.8525374e-08,226603.88,-1.2404463e-08,8.480734,1.4552421e-08,-3.0442824e-09,3.653152e-09,9.3131565e-09,9.089861e-11,735.9138,314.48575,43.76827,-1.795827e-08
96.29918,2.5951062e-08,292303.78,-1.1632351e-08,10.543641,-1.8948547e-09,2.0882365e-09,-1.4228058e-08,-4.458684e-09,-1.6577106e-09,-4292.0137,257.78317,28.141514,-1.3146523e-08
11.892725,-1.1562996e-08,294961.75,5.9673377e-09,4.522458,-1.517192e-09,-7.661811e-11,1.2021865e-09,4.7951256e-09,-4.333033e-09,-582.19543,-13.601295,32.468334,1.6185279e-08
235.57066,-1.761307e-07,339998.88,-3.703212e-08,5.853961,-2.0604753e-08,3.0694144e-10,4.0010608e-08,3.1466751e-09,2.5834082e-09,-2437.97,227.60284,21.216192,-2.0611301e-08
7.1977253,-9.987875e-09,282169.53,5.398665e-09,6.724969,-1.6330944e-09,-1.4349838e-10,1.5468575e-09,3.735901e-09,-4.5806354e-09,-794.87555,-12.887413,32.315308,1.3926583e-08
86.74919,-6.1306835e-08,374861.25,-4.437239e-09,8.974015,7.755601e-09,-1.6027717e-09,2.7861862e-08,5.975015e-09,5.5101177e-09,-1227.7258,629.9849,35.987953,-2.741456e-09
33.56044,-7.453269e-08,64583.4,1.6083055e-08,15.837629,2.147245e-08,-3.923471e-09,2.2578947e-08,1.0846259e-08,1.4214124e-09,329.1548,28.882248,39.952606,4.109073e-09
64.95297,8.058292e-09,100165.53,-1.5174229e-09,13.784157,8.6636565e-09,-2.6171805e-09,8.5845636e-10,4.377286e-09,-2.3700781e-09,4205.569,39.730637,51.157787,-2.2222334e-08
99.98167,-3.6710557e-09,165184.73,1.8293795e-09,9.690325,-1.2841936e-10,7.657853e-11,-2.0146969e-09,1.0057588e-09,-1.6771253e-09,-421.0633,-5.94936,38.80232,1.6784329e-08
15.204512,-7.1707498e-09,160508.52,5.0697007e-09,11.601229,-3.5735512e-10,-4.3704593e-10,1.0312288e-09,3.0414848e-09,-1.7657964e-09,-1173.6499,-14.637856,32.78882,1.2550027e-08
68.86099,-2.982142e-09,313276.1,-2.0733386e-09,10.372921,9.836636e-10,8.3854076e-11,9.851681e-10,4.628883e-09,-6.800599e-09,-532.0084,-1.4199562,37.6769,1.526848e-08
45.351616,-4.205008e-09,256351.1,3.2028926e-09,10.353984,-7.0361317e-10,1.2094908e-10,7.5674594e-10,1.0591347e-09,-8.9055063e-10,-693.50793,-0.34728622,24.4673,1.0160241e-08
124.3698,4.879532e-08,410752.62,-1.331984e-08,8.312204,-4.2114927e-08,4.101887e-09,-2.8809113e-08,-1.1540581e-08,-4.2154427e-10,-16313.301,504.21002,3.779068,6.0961045e-09
78.40956,-2.2544917e-08,295488.88,-1.7445151e-08,11.455459,-1.6895584e-08,9.281762e-10,7.210261e-09,-1.8414946e-09,-5.8823524e-10,1974.816,275.2707,34.086555,-5.3364193e-09
18.855858,-5.6731295e-09,212494.72,6.4046954e-09,13.44451,6.6233136e-10,-4.0703316e-10,-7.944224e-11,1.7332701e-09,-2.788725e-09,-923.5616,-16.484245,35.649334,1.076206e-08
32.776684,-3.7847756e-09,349540.56,2.189402e-09,8.832813,-9.532691e-10,1.940905e-10,9.943302e-10,1.7885234e-09,-5.9187815e-09,-200.78658,3.1897736,36.279484,8.956124e-09
112.694244,-4.3587782e-08,333182.0,-3.4694732e-08,6.0426836,-2.2386866e-08,-6.041008e-10,-1.0168472e-09,3.3396166e-09,1.3410718e-09,-14.080322,616.13727,29.609112,-1.7394914e-08
82.18359,-8.730626e-09,200553.86,3.0311111e-09,9.678541,-5.2046695e-10,-3.8172843e-10,6.10928e-10,5.2465134e-09,-4.1105213e-09,-841.08594,-11.031258,29.539186,1.3737886e-08
102.90358,-6.773311e-08,404667.2,1.7702885e-09,8.90193,-4.7200235e-09,-3.3874568e-09,2.4072673e-08,1.0178606e-08,-1.7664187e-09,-2323.154,211.91916,63.349144,2.8630072e-09
38.06964,-9.004914e-09,139584.06,-6.98094e-09,11.716632,4.7288435e-09,-4.485566e-09,2.3461928e-09,6.41062e-09,3.4931427e-09,-25.969238,336.13715,51.446907,-3.167827e-08
61.423874,-5.9695227e-09,2819.4844,1.7487116e-09,13.83676,9.312668e-11,2.6826662e-11,6.7446365e-10,2.8551252e-09,-3.906757e-09,-277.03955,-22.454758,34.347015,1.0835885e-08
70.05791,-9.638418e-09,263231.53,4.521721e-09,6.0360074,-2.774381e-09,3.120227e-10,1.5702688e-09,8.81675e-09,-3.992825e-09,-743.30725,-4.851055,23.299824,1.6933221e-08
31.132835,-3.7733923e-09,249878.94,5.2376037e-10,12.679975,8.1985996e-10,1.01508024e-10,-5.255081e-10,4.2104005e-09,-1.6361021e-09,-647.81665,-12.424576,33.02049,8.527191e-09
104.81171,-7.378388e-09,142352.48,1.6599073e-09,10.822279,-1.2970214e-09,-2.3465652e-10,4.3102905e-10,3.1044947e-09,1.4914773e-09,1435.3486,3.5934792,41.627113,2.5953756e-08
55.11489,-1.2240642e-06,301414.06,-2.0325427e-08,13.866034,1.1962562e-08,1.8498468e-09,9.848331e-08,4.654677e-08,8.5404395e-09,6750.0303,417.37393,56.67444,-5.950464e-08
64.0689,4.912709e-08,128813.84,-1.932889e-08,8.857531,-2.1674882e-08,6.151637e-09,-3.4160968e-10,-9.129628e-09,1.1256465e-09,2655.7393,119.453415,24.817944,-1.2545921e-08
-1.5788193,-7.723222e-09,187903.45,5.0412594e-09,6.933071,-2.4379188e-09,-3.3824818e-10,1.0811326e-09,2.7813534e-09,-2.3451527e-09,-634.1547,-12.9973755,32.794937,1.213118e-08
163.51987,-2.2868411e-08,499272.38,-8.7442245e-08,10.840438,-3.5472603e-08,2.183358e-09,-3.427539e-08,5.0660836e-09,5.103439e-09,-2320.179,786.6459,74.58937,3.7971883e-09
29.09636,-2.9986374e-08,199049.25,-9.6646735e-09,9.83178,6.4996137e-09,-7.1027326e-09,1.8761634e-08,5.4439997e-10,1.973019e-09,229.62622,119.75788,42.194996,-9.075338e-09
134.14374,1.2451661e-08,361421.25,-3.315513e-08,8.55267,-2.146254e-08,-2.4194152e-10,-3.796437e-08,9.685078e-10,1.4183621e-09,-321.5974,460.57916,48.272465,3.7910826e-09
31.489897,-9.105802e-09,319938.5,2.9776124e-09,10.937964,-1.5543455e-10,5.6174156e-11,8.186712e-10,4.9213584e-09,-6.072288e-09,-742.4487,-10.713097,35.534058,1.6913864e-08
-9.29533,-6.01961e-09,159292.84,-4.429761e-09,10.045988,3.3600064e-10,-1.6053171e-10,2.779346e-10,4.499612e-09,-3.2173715e-09,-827.17206,-10.237839,45.023933,1.1647703e-08
30.28073,-3.8390042e-09,347239.1,-2.065108e-09,9.2957115,-2.3575344e-09,-5.798269e-10,2.250682e-09,5.849003e-10,-3.871319e-09,-577.146,-8.291183,56.478844,8.463172e-09
7.7713966,-9.25092e-09,504770.2,7.0682895e-09,5.7735014,-1.4854202e-09,-2.4500535e-11,4.4699098e-09,5.1609956e-09,-6.2800387e-09,-572.75024,-9.953529,27.15538,1.728381e-08
100.763275,1.6810771e-08,329059.62,-3.0835277e-09,10.237901,1.809905e-08,-1.1310846e-09,-1.1371926e-09,2.3811308e-09,3.745657e-09,-4865.052,754.99475,46.217846,-1.8844867e-08
122.71547,-2.4213417e-08,270963.25,-3.0683072e-08,10.36113,-2.3575412e-08,2.505358e-09,9.75909e-09,-1.9132804e-09,-6.693078e-10,-2652.4993,292.35873,38.848602,-2.357889e-08
65.52099,-2.8867055e-09,101761.1,-1.36266385e-08,7.833623,-9.433858e-10,1.0792395e-09,1.78974e-09,-3.681494e-09,-7.9843976e-10,-912.5847,126.16254,45.97373,-2.5647873e-08
24.158825,-6.4692594e-09,268354.38,3.500772e-09,7.199032,-1.9350344e-10,-6.4810873e-10,1.6254642e-09,3.6020313e-09,-2.4913138e-09,-407.05237,-8.117897,29.643929,1.2629837e-08
39.623096,-4.549465e-09,165745.12,2.9996583e-10,9.75709,-5.509559e-10,-4.5659992e-10,7.7464773e-10,3.739864e-09,-3.2471366e-09,-745.4466,-11.957169,47.372444,1.0233654e-08
27.058172,4.5010395e-08,94186.36,-1.4858141e-08,10.917093,5.67035e-08,4.8848845e-09,-2.031686e-08,-9.346165e-09,-2.5001343e-09,9665.638,-765.5693,50.252205,2.0338746e-09
51.364136,-2.2487967e-09,131996.25,-1.2827265e-09,11.439281,-6.861894e-11,-3.1520414e-10,-3.1199487e-10,-4.18821e-10,2.5403724e-09,1147.0061,43.021263,53.889103,2.859136e-09
43.915104,-9.907223e-09,181208.03,4.8856252e-09,15.509826,2.5120759e-08,-5.261351e-09,9.41691e-09,1.4979408e-11,-3.0495857e-09,386.77368,-117.46068,44.88359,1.41197605e-08
32.97204,-8.58162e-09,185397.78,-6.0838112e-09,15.498437,5.2252935e-09,5.43199e-10,1.7663043e-08,1.0424109e-09,-3.0049505e-09,700.01514,-84.977036,46.875366,-1.5331445e-08
29.826653,-1.1706793e-08,265385.72,3.874431e-09,7.5720196,-1.2892759e-09,-4.181102e-10,3.0163816e-09,6.2739813e-09,-4.9608198e-09,-846.0164,-14.250298,42.199066,1.6614548e-08
32.73101,-5.653499e-09,143249.6,3.2963274e-09,9.342409,-2.1199306e-10,-6.4239575e-10,1.5152493e-09,3.767001e-09,-3.6057604e-09,-563.8516,-13.313652,33.925266,8.1053155e-09
94.95886,-9.30144e-09,76201.445,-1.0842983e-09,9.582765,1.0272213e-09,-5.1493237e-11,1.0996498e-09,3.5296468e-09,-9.494627e-10,-632.345,-6.68972,52.00989,1.834787e-08
41.491825,5.0359277e-09,147299.06,-5.878123e-09,14.216053,-4.3610388e-08,-8.1891155e-10,-3.6382548e-09,-1.6816706e-09,-2.0843818e-09,2198.5957,108.585655,61.256256,-1.117817e-08
59.272987,4.847161e-09,185382.1,-2.3583893e-09,10.5824995,-1.7494068e-09,-6.321712e-11,2.631394e-10,-3.103539e-09,1.0557234e-08,1103.3816,78.63004,30.32904,-1.5273528e-08
40.59864,-1.3286995e-08,233722.47,-2.567702e-08,9.658349,-1.5273093e-08,2.789371e-09,-2.0861236e-08,-2.0501212e-09,-6.244751e-11,-170.37476,63.25142,52.67979,-2.8882518e-08
-47.41891,-6.4810473e-09,176731.45,4.456487e-09,11.085076,-1.5133954e-09,-4.70596e-10,-1.2034558e-09,1.8832995e-09,-4.460264e-09,-890.11273,-16.097977,29.07877,1.38344864e-08
103.89828,5.2384806e-08,149447.84,-1.0047381e-08,6.8478494,-1.5432272e-08,2.6478772e-10,-1.7541055e-08,-1.7190006e-09,-1.1555366e-09,-1551.7175,219.36826,43.20829,6.235757e-11
76.58638,3.1904168e-09,162149.28,-9.678104e-10,4.6804748,-3.4536207e-09,-9.650536e-10,-1.5636764e-09,1.2905633e-09,3.404932e-09,-509.28607,69.914474,28.113747,-6.1704357e-09
47.21217,-7.364115e-08,150113.44,1.1320912e-08,14.4515705,1.4344766e-08,-2.487966e-09,3.0246703e-08,7.82575e-09,1.5294099e-09,124.71826,95.49405,53.623802,4.9245066e-09
28.893887,-3.7124423e-08,187276.69,2.8409086e-09,12.824112,1.698827e-08,-1.3630587e-09,1.9962657e-08,7.860397e-09,-3.651446e-09,618.75586,-4.692108,41.65785,9.466318e-09
28.190409,-1.7717883e-10,158248.12,-3.7339554e-10,4.752782,-1.5263081e-09,-4.2787027e-10,5.665985e-11,-3.6157226e-13,-2.6301772e-10,627.1314,-9.085014,57.06789,3.4444974e-09
21.630758,7.222062e-08,300532.9,-2.438979e-08,10.992833,4.57071e-08,7.840375e-09,-3.8588524e-08,-2.9496244e-08,-9.529835e-10,57640.895,-217.3236,48.22151,1.7879776e-08
62.26539,-1.8736828e-09,286053.72,1.3438446e-09,7.2650504,-4.358484e-09,1.691425e-09,4.0205843e-09,4.0845562e-09,6.41808e-10,-867.50366,122.47738,43.69991,1.1122191e-08
116.55794,-1.1345808e-08,216722.73,-1.1563082e-08,9.29974,-4.468176e-09,-6.375141e-10,5.7738743e-09,1.1144989e-09,3.4858862e-09,-2098.2947,385.8954,37.017773,-1.346269e-08
63.50364,1.345173e-09,200339.89,-3.486296e-09,10.850654,-9.85492e-10,-1.3941615e-10,1.1811142e-11,-2.6649015e-11,3.1471494e-09,87.80649,1.2144012,40.19571,-8.243753e-09
25.187107,1.1166704e-09,250923.81,1.7824713e-09,13.576795,1.4789148e-09,-8.2340895e-10,-1.8721642e-09,-2.0067321e-09,2.6611666e-09,-668.0627,-7.2055283,39.892677,-8.1810425e-10
70.05598,-2.5107592e-08,343499.25,5.2848677e-09,11.420432,-1.1654411e-08,-9.2263264e-10,3.4943493e-09,3.5432774e-09,4.199842e-09,1121.4109,55.584732,57.844215,-1.0856512e-08
74.74024,1.11114794e-07,145971.27,7.9872375e-09,9.746446,7.067362e-08,3.2139311e-09,-4.2056964e-08,-9.372896e-09,2.6937104e-09,-13739.592,626.1983,44.962234,1.802606e-08
87.95334,-9.185643e-08,329136.3,2.7181313e-10,9.908346,2.8004423e-09,-2.694458e-10,3.755069e-08,1.1657889e-08,9.651158e-10,-645.9319,68.657005,32.88915,-3.182542e-08
26.800987,-3.8827412e-09,323934.12,-4.359085e-11,10.671777,-1.7063557e-09,-4.7412735e-10,4.2008694e-10,-2.4510213e-10,-2.5774858e-09,113.576965,-8.440807,66.64802,9.877429e-09
60.679916,-1.446308e-09,101881.01,-1.897511e-09,8.192852,-9.336383e-10,-4.5648185e-10,6.97859e-10,-2.3414155e-09,2.0478712e-09,394.36206,25.754843,61.742577,-3.899246e-09
48.347687,-2.3599858e-09,207100.23,-2.382153e-09,15.108054,-7.1811385e-10,-1.0452553e-09,-5.0796145e-11,3.3773497e-09,1.0317986e-09,-1592.9913,-10.238808,39.42903,1.242021e-08
27.176327,-5.419677e-09,226248.22,1.4899215e-09,15.520437,1.7872809e-09,-3.1177755e-10,7.8789913e-10,1.9865884e-09,-4.4145714e-09,-812.6223,-16.911873,40.671818,1.0076946e-08
86.204926,5.6548338e-08,12021.406,-4.908057e-09,6.9017515,-1.9529962e-09,3.601519e-09,-2.2436142e-08,-2.4036135e-09,-7.0510475e-10,3072.0254,205.4467,37.89017,3.0930755e-10
91.28656,4.8608573e-08,197215.12,1.6447509e-09,5.762358,-9.033954e-09,1.4295097e-09,8.155593e-09,-6.2608336e-09,1.7529387e-09,-3556.7878,46.89087,43.426666,-6.3548926e-09
38.66737,-4.7480317e-08,161265.69,3.729549e-09,16.92669,9.875977e-09,-3.9893244e-09,1.3120466e-08,7.880589e-09,3.36002e-09,-379.72876,-19.4113,44.44852,-2.2254303e-08
-19.116203,4.807397e-09,78845.6,-1.5774627e-09,14.029182,-1.6712918e-09,-8.9107033e-10,-2.6386027e-09,-2.874077e-09,-1.8023372e-09,-894.08,1.5408401,38.223984,4.6453357e-09
145.84653,-2.0078044e-08,186256.47,-4.5192845e-08,8.419104,-1.979479e-08,-3.0211682e-09,2.8258475e-08,1.8551753e-09,-3.7493478e-10,1061.5806,26.648941,42.995758,-4.411575e-08
67.53906,-8.219428e-08,295037.3,6.886527e-09,11.966251,1.3188572e-08,-2.2175302e-09,2.381684e-08,8.743125e-09,-3.9897134e-09,-136.6648,24.272736,26.22077,3.0953906e-08
52.431942,-2.2491324e-08,265867.84,-5.02127e-10,12.977348,9.768898e-09,-4.542281e-09,5.4123577e-09,-3.8572745e-10,-2.1913373e-09,553.3093,209.01915,40.94041,-2.929343e-08
82.79036,-3.525692e-08,325302.06,-2.4700857e-09,12.680439,1.5114097e-08,2.5587588e-09,1.2971456e-08,-1.4421502e-09,-3.970092e-09,694.60986,162.65083,25.744677,6.328418e-09
34.3666,-1.4293347e-08,162118.81,-4.1437085e-09,13.196158,1.1295666e-09,-4.5450466e-10,2.0260966e-08,-9.332652e-11,-2.7759367e-10,445.20117,-126.60689,45.708572,6.220265e-09
-2.8085175,-4.8198396e-09,191739.0,2.509565e-09,8.349874,-1.6027206e-09,-4.8845794e-10,-1.4603578e-09,2.1518307e-09,-2.4956863e-09,-597.31915,-13.329857,40.79216,1.1123651e-08
69.113815,1.0381125e-10,101327.66,-7.3350557e-09,9.904367,7.9873547e-10,-6.50972e-10,2.9431863e-10,-5.4759526e-09,7.732412e-10,936.22034,-38.000633,36.609615,-9.4646095e-09
51.791527,-3.8271724e-09,130960.91,1.910312e-09,9.454873,-1.2539865e-09,-1.040677e-09,2.2221366e-10,2.5309377e-09,-4.5751766e-10,-760.14514,-2.2406425,30.215717,9.385196e-09
82.46089,-6.030185e-08,445117.25,-2.8067912e-08,12.737873,-5.214021e-10,-4.7136206e-09,-2.7753793e-09,8.238796e-09,4.0391795e-10,-368.37476,302.6757,63.71051,-1.9943563e-08
33.613766,-5.9228737e-09,283231.62,2.246382e-09,12.8484745,8.3918195e-10,-6.3684286e-10,-9.8481646e-11,3.0051295e-09,-2.35997e-09,-566.13074,-10.896202,51.15786,1.5068423e-08
57.205326,-2.5540647e-09,38971.203,8.7189755e-10,9.320423,-2.8552438e-10,-3.6309136e-10,-3.3380682e-10,1.7843624e-09,-2.7189027e-09,-442.0235,-12.671562,31.067747,7.6116455e-09
57.69359,9.832391e-09,140468.45,2.9341332e-09,15.627603,-1.3693729e-08,-1.6227576e-09,-2.1661215e-09,5.354411e-09,3.8471537e-09,-329.35425,1593.9539,51.845535,-9.792013e-09
-28.75092,-4.2570587e-09,323848.66,4.3240824e-09,9.16599,-2.8913183e-10,-3.0968414e-10,-2.9860225e-11,2.5357536e-09,-4.097837e-09,-680.2144,-10.124474,35.189,1.25521655e-08
-5.791668,-1.1085145e-08,364902.44,5.6014127e-09,5.9159765,-1.5385915e-09,-9.6656766e-11,1.6957198e-09,4.8613646e-09,-5.013445e-09,-722.31323,-13.471428,33.356518,1.7545842e-08
166.58546,9.845051e-08,184180.88,-5.8982952e-08,0.5732746,-3.425011e-08,3.083862e-09,-5.314527e-08,-7.484469e-09,2.3653264e-09,-159.04004,567.81537,45.7675,5.8120473e-09
71.39007,-4.1214718e-10,131768.6,1.2097953e-10,6.650411,-7.735197e-10,-1.3618905e-09,5.849598e-10,-1.2201823e-09,-1.782923e-09,-39.800217,16.55806,41.19863,1.1178761e-08
189.71301,-3.3775152e-07,444600.12,-1.2245552e-07,0.66852,-2.8355483e-08,4.0784034e-10,5.3553112e-08,1.6701964e-08,-7.718953e-10,-270.28687,148.51752,66.674484,-4.861737e-08
43.877224,2.3865052e-08,134994.97,-6.0035465e-10,12.788256,1.0447289e-08,-1.5353201e-09,2.0265883e-08,-1.398162e-09,-3.1951484e-09,1000.73096,-53.553528,49.259636,-1.864157e-08
-16.381653,-2.7841377e-06,-67167.95,1.5311983e-08,10.600194,2.6689424e-08,9.690678e-09,1.4378034e-07,5.1641823e-08,3.9738963e-09,5109.3833,401.0682,57.484756,-4.594025e-08
68.9404,-1.16513625e-08,196970.94,-3.374803e-09,13.031294,6.336773e-09,-1.9958e-09,1.0277872e-09,6.08988e-09,1.4414879e-09,-1030.1628,453.76263,51.047596,-2.4640597e-08
-10.8360405,-4.0112416e-10,215828.1,1.7602664e-09,11.988235,-5.587253e-10,-2.4435223e-10,-2.8110114e-09,-1.3603467e-09,-8.6213914e-10,-463.13055,-3.191433,35.414043,9.1315595e-09
69.20808,-2.3928024e-08,366639.38,-2.565748e-08,2.571661,-2.7208071e-09,-2.2923434e-10,-2.2404935e-08,6.1451755e-09,5.319799e-10,-1955.0305,292.1047,59.12186,-2.1149674e-08
125.25644,-5.3513958e-08,426226.25,-3.3007577e-08,12.984959,-2.187466e-08,-3.3558636e-09,1.6935587e-08,3.4084937e-09,5.0917978e-11,-2259.5837,317.00702,44.729763,-2.3270731e-08
14.321531,-2.2567705e-09,153508.67,-2.159095e-09,10.143632,-7.538283e-10,4.797755e-11,1.5613604e-09,-5.324065e-10,9.700599e-10,996.44507,9.712208,60.501495,-2.031847e-09
-8.935329,-6.3090058e-09,170441.2,5.8720184e-09,9.708049,1.0971085e-09,-3.9493656e-10,7.9028983e-10,2.1700741e-09,-2.90001e-09,-695.8382,-13.936432,30.02817,1.0675316e-08
56.079266,5.256329e-09,180196.73,-2.1300692e-09,8.593321,1.532486e-09,6.406141e-10,1.3189852e-10,-5.435623e-09,2.9001287e-10,-251.92159,10.417458,46.22923,-9.127401e-09
94.01338,-9.347096e-08,282135.47,-2.8541454e-08,9.725409,-1.0340589e-08,-4.7816298e-09,5.7257217e-09,1.1578394e-08,2.3600775e-09,-562.5115,377.6339,55.251152,-5.112824e-08
32.61007,3.763344e-08,47961.406,-1.2759733e-08,11.573942,1.3449242e-08,5.243134e-09,-3.345124e-09,1.2289545e-09,1.1143738e-09,612.11523,272.39008,48.60942,1.5479559e-08
55.249557,-2.774647e-09,17583.0,-2.37862e-10,10.530647,4.2664863e-10,2.8367675e-10,-1.8373438e-09,5.605447e-09,-2.4860134e-09,-18.092392,11.277664,31.422554,5.7478196e-09
44.557335,-7.583372e-08,344695.03,5.671491e-09,16.64405,1.3642213e-08,-4.9053304e-09,1.34368525e-08,9.906947e-09,-1.208564e-09,592.8142,333.1698,51.972717,9.614404e-09
72.8168,-2.191473e-09,296001.0,-3.8804773e-10,5.0885983,1.1947744e-09,-1.2619501e-10,1.6803816e-09,-2.7494412e-10,-2.161248e-09,-360.37573,-2.50449,33.79217,1.6805346e-08
47.14132,2.7109248e-08,105052.03,-5.0258095e-09,11.730434,-1.556936e-08,2.1785354e-09,-9.275593e-09,-4.2571915e-09,-4.278703e-09,-1168.2722,-60.464752,38.64963,5.5454863e-10
65.87019,-2.3993982e-08,166708.42,-1.0346215e-08,13.821543,-8.766819e-09,1.8913222e-09,-6.6674677e-10,1.4692179e-09,-3.7306536e-10,-1354.8948,209.51917,47.533875,-9.053533e-09
61.863045,-8.732757e-08,378219.72,1.2926356e-10,12.628323,3.9310613e-09,-5.2802527e-09,1.1134658e-08,1.3146781e-08,2.5910027e-09,-345.1809,241.22235,53.530712,-1.6530858e-08
43.57865,-7.890229e-09,132993.97,-1.3034278e-10,6.5691853,-1.2520782e-10,1.8435156e-10,1.0718839e-09,7.109968e-09,-3.6522376e-09,-29.098602,-8.32206,39.65089,1.25818085e-08
-41.866764,-8.8049275e-09,358401.75,2.5696036e-09,12.861021,-7.9295104e-10,-2.7005573e-10,1.6329449e-09,2.2086468e-09,-6.020367e-09,-809.1284,-16.027725,32.1581,1.7956499e-08
64.6902,-2.4840784e-08,258735.84,-2.8569666e-08,11.151322,-2.9322942e-08,-1.924645e-09,-6.6691053e-09,3.6831513e-09,-1.1665495e-09,-173.906,501.5415,67.986946,-3.6461326e-08
47.48219,-6.0956786e-09,211446.19,-1.216159e-09,10.385857,-2.2607303e-09,-3.3637207e-10,-1.7151017e-10,2.9330889e-09,-2.9370417e-09,-824.9302,-7.533844,42.17128,1.4574957e-08
31.912212,4.0570146e-08,60817.727,-1.7168526e-08,6.121744,7.95512e-09,7.7375e-09,-6.258349e-08,-4.9703868e-09,-1.382977e-09,-1550.8884,764.83154,42.87872,9.226463e-09
34.97674,-2.0513989e-10,183397.14,-2.3604171e-10,10.734001,-9.305416e-09,6.863798e-10,5.781355e-09,-1.8441811e-09,1.3877073e-09,1271.4387,358.6587,46.947422,-6.1163528e-09
23.322477,-2.2155334e-08,340516.75,6.915897e-09,11.066509,2.150297e-08,1.9112774e-09,-3.5076582e-09,-2.6265787e-09,-3.244345e-09,4034.2712,333.52942,47.371254,-9.1397645e-09
14.072592,1.5914995e-09,281239.38,4.348329e-10,11.176979,1.4374418e-09,2.2580726e-10,-2.3516336e-10,-2.4817481e-09,-3.0086027e-09,382.64417,-16.99517,35.097622,1.5134709e-09
36.39473,-5.709113e-08,155859.33,-4.1469734e-09,14.2291765,1.1532683e-08,-2.2982308e-10,1.0260028e-08,8.933454e-09,6.0809946e-10,-196.35474,131.55225,43.56094,-9.6021555e-09
-9.167278,-5.110122e-09,331575.3,5.1703997e-09,9.873038,-8.315141e-10,-2.9109746e-12,1.924419e-09,2.5567115e-09,-3.173042e-09,-632.8042,-13.463783,27.869919,1.327976e-08
41.900265,1.5673176e-09,129938.484,-3.6730934e-09,10.452986,-1.1685132e-09,-2.5503075e-11,7.526329e-10,-4.982389e-10,3.2113707e-09,1455.368,53.29417,53.812046,1.7471379e-09
26.493248,8.591121e-08,-130353.67,5.8055787e-09,12.301577,-4.6454563e-08,7.568218e-10,-6.4715375e-09,-6.609685e-09,-2.4708124e-09,22042.363,-246.91393,67.44533,4.4568775e-09
61.218758,-5.6056e-09,182199.44,-2.6307147e-08,14.921511,-2.6266032e-09,1.223859e-09,1.3599718e-08,3.2649723e-09,-2.4536908e-09,1226.4563,27.095963,42.317703,-3.2964255e-08
47.200035,5.2745954e-09,255628.72,-2.264784e-09,11.688913,4.1764622e-10,-4.375874e-10,-6.6142947e-10,2.418719e-09,3.4617056e-09,-431.2876,29.571804,34.14353,-8.033403e-09
8.1647,2.1256463e-09,100387.24,-4.1873722e-09,9.978525,-1.6429938e-10,-2.0090497e-11,-1.9821644e-09,-1.6889654e-09,-2.6651986e-10,-196.17882,22.280184,29.947838,-5.9124816e-09
36.07634,-2.0661258e-08,410165.38,-4.5901793e-08,8.466624,-4.2407223e-08,3.1095335e-09,-3.6372754e-08,5.6400978e-11,-9.570742e-09,206.76978,1639.0054,65.904434,-2.6135455e-08
40.56232,7.671832e-08,33087.188,-9.386572e-09,13.269788,3.3168426e-08,3.2087608e-09,-3.3525822e-08,-5.915893e-09,2.0758633e-09,18782.934,395.0365,40.77293,1.3420853e-08
24.304699,-9.342336e-09,57718.594,5.035968e-09,9.9967,5.753268e-10,-3.61886e-10,1.5507502e-09,3.8050083e-09,-2.3645474e-09,-902.0506,-10.002594,22.043238,1.2574647e-08
212.74438,-3.075846e-08,263971.2,-4.811348e-08,1.9519091,-2.2007164e-08,9.1097363e-10,-5.37023e-08,3.8939887e-09,3.3464516e-09,-1017.36743,256.52698,37.599995,-1.7618737e-08
-12.373348,-3.6677712e-09,249190.16,7.1475434e-09,8.381038,-1.6090078e-09,-2.4328664e-10,-1.6744998e-09,3.3806433e-09,-3.0030964e-09,-805.50323,-13.261238,24.66349,1.07183e-08
84.032394,-2.7318793e-08,311153.28,-3.2258946e-08,6.020203,-1.5295699e-08,-2.9426264e-09,2.852322e-09,3.7926795e-09,-3.5997074e-09,-269.82837,321.66077,56.571865,-2.8628744e-08
75.8495,8.772088e-08,275149.3,-1.1667257e-08,9.068334,-1.1967118e-08,1.7979738e-09,-4.9704852e-08,-8.307934e-09,3.1740337e-09,-2047.7234,1139.8236,32.72013,2.0949875e-08
14.81542,-5.6796305e-09,150580.62,-1.3198197e-09,6.457688,-1.2224969e-09,-1.5136507e-10,1.9667383e-09,2.2115993e-09,-2.93651e-09,-315.1762,-14.306107,82.83461,1.0925946e-08
147.09488,-8.172625e-09,368010.12,-3.038397e-08,10.723056,-3.3311487e-08,-1.7743219e-09,-4.671664e-09,3.818683e-09,1.2676494e-09,4606.554,322.0715,46.234814,9.993008e-10
33.16748,4.3215515e-08,204791.58,1.0197834e-08,12.722987,-1.5733604e-09,-4.5059772e-11,5.8692597e-09,-2.2604565e-09,-4.370396e-09,41902.734,-167.91576,59.057056,1.5223524e-08
76.82381,-6.994641e-08,408355.7,6.262853e-09,8.7462,5.7131375e-09,-3.0201608e-09,3.4598592e-08,7.786762e-09,-4.72647e-10,-1240.7664,369.15723,40.732975,2.5005888e-09
-6671060000000.0,-9.447657e-08,316128.25,5.384671e-08,5.906921,5.500009e-08,-7.837998e-09,-3.2635006e-09,-4.9285024e-08,5.0644942e-08,7359.33,2664132800000.0,26.93758,-49.548443
-17.167267,-1.3080158e-09,378457.5,2.7197815e-09,2.6260567,8.3723223e-10,-2.9982528e-10,-1.7629909e-09,4.008156e-09,-3.6582612e-09,-492.5454,-8.379166,33.643555,1.1214756e-08
68.4419,-7.988907e-08,281043.5,-7.636699e-09,15.11446,2.4273745e-09,-1.9982604e-09,2.5355924e-08,1.3092387e-08,1.2977601e-09,-195.4768,212.80356,37.813126,-2.9347335e-08
5.7115364,-2.2156378e-06,156637.08,5.7118665e-09,9.457939,2.244075e-08,9.068236e-09,1.359692e-07,5.2535665e-08,4.4777355e-09,5307.7974,401.59576,56.62361,-5.0721468e-08
44.949635,-2.4756253e-09,281208.75,4.282124e-10,6.8604136,1.7799109e-09,-1.3114479e-10,-1.1632428e-09,3.5306027e-09,-4.4187938e-09,-493.25677,-12.00386,42.23205,1.578126e-08
151.47592,7.108767e-09,153670.47,-5.4979887e-09,14.438136,-6.69506e-11,-4.762343e-10,-5.8983822e-09,-6.4570083e-09,2.0662638e-08,127.45759,415.96332,86.161224,-6.127378e-09
34.57429,-2.0684302e-08,157447.92,-1.988961e-08,8.932553,4.933462e-09,1.2515545e-09,-7.978699e-09,4.772636e-09,-4.349835e-10,730.9883,297.1604,44.699142,-1.0293576e-08
31.030697,-1.0606626e-08,365304.8,3.3098098e-09,5.4903393,-1.3477103e-09,-3.5021908e-10,2.0795379e-09,6.2532997e-09,-4.2527244e-09,-606.04193,-5.826565,42.50808,1.8731622e-08
-1589356700.0,-9.193587e-08,376866.3,5.1574325e-08,6.204196,5.2957393e-08,-9.068122e-09,1.6495465e-09,-4.0308894e-08,4.5565333e-08,8668.491,527521000.0,1243010.6,-8.919699e-07
74.550064,9.753395e-08,284109.12,-1.5474756e-08,8.100072,4.7943363e-08,4.8662856e-09,-2.7860777e-08,-1.2074009e-08,-1.2317606e-09,-8937.128,766.59735,43.91743,-4.3025844e-10
-3.6114273,1.1518672e-09,200791.72,1.0226071e-09,4.2756605,6.7174316e-10,-4.0461784e-10,-2.2500595e-09,5.555971e-09,-1.3337085e-09,-353.77374,-5.9896507,31.440378,7.2721975e-09
46.14663,-3.7042243e-09,284045.12,9.892414e-11,9.482033,-1.0299998e-10,-3.0785877e-10,1.0450816e-09,6.826642e-11,-3.5946988e-09,-803.88416,-2.6782417,42.763725,5.5235456e-09
49.328106,-8.835361e-11,77710.11,1.081684e-09,8.131042,-2.7795126e-09,-2.528377e-10,6.3360134e-10,3.4079628e-09,2.2897284e-09,-76.758194,2.7281342,25.910654,5.6095734e-10
25.49133,1.6027464e-09,411994.62,-3.4053282e-09,9.05393,-2.4179294e-09,-1.154649e-10,-2.2412528e-11,1.0921402e-09,3.390363e-09,505.4663,5.5784454,28.929417,-5.8234386e-09
-4.0523148,3.095409e-10,138983.42,-8.37708e-10,14.265673,1.3153165e-09,-3.3789538e-10,-8.489454e-10,-1.1552229e-09,-1.6192525e-09,-806.3869,-5.8657722,37.671154,7.419917e-09
15264496000.0,-159.25415,-1738655500000.0,-2.2914863e-05,3547.4246,0.6815842,-2.552342e-08,2.0612447e-07,6.953078e-08,1.666552e-08,18731.447,531.536,62.017353,-1.6940167e-08
5634200700000.0,-58699.133,-642126400000000.0,-2.272378e-05,3533.7388,251.87039,-2.5598457e-08,2.0657632e-07,6.960562e-08,1.6691242e-08,18738.258,531.17816,62.012516,-1.6950944e-08
107.81681,-1.0449493e-07,382988.16,-1.501926e-08,10.025669,-8.7065716e-10,-1.1352393e-09,3.9251706e-08,9.013064e-09,1.5566061e-10,-703.53687,149.33194,40.328995,-3.040288e-08
34.57595,8.007919e-08,-218006.11,5.1645883e-09,12.144229,6.0919816e-09,4.238455e-09,-1.3282399e-09,-4.5649293e-09,-6.4242656e-10,12944.732,-172.99297,43.97632,9.072627e-09
121.78435,-2.391385e-09,343066.8,-3.8657273e-08,14.423575,-1.7693205e-08,-3.0439363e-11,-4.0643513e-08,2.8096547e-09,3.914704e-10,7639.6895,751.34894,47.301125,7.107428e-09
174.91574,3.9803485e-08,193520.81,-1.0688902e-08,7.883561,9.736073e-09,2.339702e-09,-9.92075e-09,-1.010686e-08,2.8847162e-09,-3200.944,623.42645,4.3851814,1.2120905e-08
-5.729851,-4.2328616e-09,219661.2,-3.4564782e-09,9.758045,2.2894246e-09,-4.3421586e-11,5.104855e-10,1.3177527e-09,-1.9537916e-09,-407.98383,-4.0286064,49.048866,1.0694743e-08
19.159765,-3.2181495e-09,317492.06,2.902109e-10,9.410054,-1.3642125e-09,-5.956599e-10,1.574958e-09,-1.12437545e-10,1.3539965e-10,-423.26678,-5.371216,43.343502,4.7993374e-09
76.878525,-1.3405365e-08,192830.5,-1.7384714e-08,9.603011,-1.0340156e-08,2.747203e-10,-1.3523928e-08,2.316296e-09,1.963484e-09,-1466.3137,795.1368,68.15404,-2.0456625e-08
32.096443,9.196713e-08,79595.85,-2.0034948e-08,12.803836,-1.9734514e-08,9.478963e-09,-1.2493494e-08,-1.4323631e-08,-2.934106e-09,21269.666,39.82399,55.132923,2.501822e-09
36.93731,-4.0241237e-09,305598.66,3.6159324e-09,10.326511,2.9214988e-09,-3.5626754e-10,1.4994591e-09,2.2531799e-09,-3.8943115e-09,-915.82,-8.307171,32.028713,1.12285745e-08
48.432785,4.285401e-08,178020.34,-9.882167e-09,12.66664,-1.206961e-08,4.6675674e-10,-1.255945e-08,-4.1590065e-09,-1.3380433e-09,4245.5234,129.10718,51.904076,-7.4021864e-09
61.8257,8.603617e-09,65807.67,-1.6031977e-09,17.563686,1.1303498e-08,-2.0966369e-09,-3.7522203e-09,-2.6115528e-09,-3.1814487e-09,2108.28,107.745544,47.492516,-4.7412168e-09
113.73987,-5.3806495e-08,315876.1,-2.056873e-08,5.422333,-3.3523992e-09,-1.039743e-10,1.1941154e-09,5.993245e-09,-1.9060482e-09,-1141.3684,433.9646,35.363976,-2.568507e-08
77.69336,-3.5477214e-09,190560.75,-1.2623791e-09,8.958756,-8.3598833e-10,3.3987377e-10,-2.8268096e-10,3.87088e-09,2.37434e-09,158.89201,-6.624798,77.39316,8.360319e-09
16.85314,-9.414702e-09,342014.4,6.9735635e-09,7.731017,-3.2860578e-10,-2.503219e-10,2.7338116e-09,3.2077614e-09,-4.7373785e-09,-688.80756,-13.1343155,34.158344,1.5949231e-08
57.22442,-6.0134417e-09,327912.3,3.817109e-09,7.685156,-1.020262e-09,-7.849656e-10,3.1571507e-10,2.8856142e-09,-4.229804e-09,-908.68414,-10.705605,51.11215,1.5232946e-08
31.506203,1.7991665e-08,1586.4844,6.6384875e-09,11.380757,2.6839746e-08,-1.1297739e-09,9.91222e-09,-7.501309e-09,-2.2584365e-09,859.23804,-265.08417,38.905872,1.2910478e-08
73.15622,7.9101137e-10,-70877.81,-2.4014624e-09,6.9608183,1.0745224e-10,-8.0955576e-10,4.859888e-10,-1.9977975e-09,2.6787876e-09,2379.1545,53.676956,38.719368,-6.928622e-09
176.65898,6.0024403e-09,249760.05,-6.7631234e-08,4.254373,-2.1549116e-08,-2.5959195e-09,1.5043348e-08,3.103232e-09,1.7310507e-09,4600.843,397.06787,42.440674,2.473403e-09
71.039536,-6.851226e-08,194671.16,-2.4238402e-09,10.862118,9.865105e-09,-6.736866e-10,2.7910197e-08,7.672752e-09,1.1382504e-09,-47.470703,9.430313,39.410267,-2.4327521e-08
29.613419,-7.239458e-09,200518.81,-3.0009863e-09,11.128274,1.7145314e-09,1.6786078e-10,1.8729176e-09,3.087487e-09,-3.922926e-09,-418.14386,-9.343399,53.232647,1.2795895e-08
91.8176,-1.4993375e-07,532842.56,-6.6175666e-08,5.5028415,-1.4984723e-08,-1.8589243e-09,1.826248e-08,1.371597e-08,-2.0204147e-09,-195.10474,259.60562,67.939285,-3.5820435e-08
44.61607,-8.687414e-09,186044.62,2.1047566e-09,9.79343,-9.858121e-10,-5.562891e-10,1.6152714e-09,5.34103e-09,-4.073047e-09,-995.84393,-9.289722,38.138466,1.0927762e-08
16.150812,3.261138e-08,135875.61,-5.457622e-09,11.668898,1.1573592e-08,6.6127086e-09,-1.5032942e-08,-1.300516e-08,-2.7970097e-09,5942.949,-589.2629,46.88449,1.244975e-08
86.05133,-1.1800628e-07,359468.25,-1.3745399e-08,9.565111,-3.401813e-09,-2.9332612e-09,3.276954e-08,1.16310925e-08,-1.343158e-09,-728.9055,131.05734,56.166122,-2.80616e-09
45.312244,4.233006e-08,141958.2,-6.4292816e-10,12.38263,2.4813762e-08,1.9917585e-09,-1.4734524e-08,-1.4654612e-09,-2.878504e-09,-3690.0613,-27.340195,44.570904,1.2948043e-08
47.27137,1.1907136e-08,154197.28,-4.49039e-09,18.072592,1.9826151e-08,-4.155104e-10,-1.8461708e-09,-1.1238517e-09,-1.4185902e-09,-211.25269,24.761475,49.609165,-1.1927736e-08
41.539562,-1.8151423e-09,234452.1,9.931321e-10,10.631252,-3.0211462e-09,-6.9739997e-10,-1.1228842e-11,5.978266e-10,2.776106e-09,-662.062,-11.086922,34.49712,1.5103352e-09
2.4388504,1.0440577e-08,235244.12,-2.1138686e-09,10.634655,6.512435e-11,-2.3455834e-10,4.3954018e-10,-8.556705e-09,1.9514845e-09,-439.61072,38.223164,29.895575,-2.389538e-09
-3.0399475,-9.009876e-09,76537.36,6.2099423e-09,9.172271,-7.4118006e-10,-2.1968286e-10,6.090549e-10,3.9859076e-09,-3.2312797e-09,-829.90247,-16.089691,28.163761,1.1357356e-08
-10.184864,-1.285069e-08,349181.03,4.755769e-09,3.9574752,-9.704149e-10,-6.362093e-10,2.0479536e-09,5.0410485e-09,-5.1834794e-09,-684.70374,-11.566734,31.870323,1.7261895e-08
32.700634,-7.2998163e-09,371904.75,3.3873708e-09,6.697182,-2.1845491e-10,-4.921156e-10,1.945045e-10,3.3690501e-09,-4.241176e-09,-725.4721,-8.605431,40.42493,1.35053435e-08
47.949333,-7.075934e-09,148132.97,5.6460667e-09,9.891987,-2.1577824e-09,-5.001068e-10,1.1959987e-09,3.929387e-09,-4.0074135e-09,-938.8006,-12.207191,32.49013,1.2956799e-08
40.573742,-4.7206306e-08,130553.266,4.854624e-09,13.396703,1.2013894e-08,-2.3054778e-09,2.774023e-08,5.8246177e-09,-3.3011984e-09,-120.2229,-134.48058,24.160486,4.250919e-09
70.27166,-4.231119e-08,223547.55,2.4694315e-09,2.456172,2.145956e-09,-3.6343144e-09,2.5264102e-08,8.031554e-09,-2.6831784e-10,2280.1328,-62.817673,41.903282,-4.506839e-09
49.486874,-1.4122217e-07,429640.97,-1.2213644e-08,10.318268,9.251112e-09,-6.5259798e-09,3.7577944e-08,1.8871253e-08,-3.0987966e-09,397.55542,274.37134,50.377884,-2.1724473e-08
73.23351,-6.455505e-08,327514.3,-2.8631915e-08,10.205517,-2.7230995e-09,-1.3053626e-09,-5.6345058e-09,6.9927064e-09,1.5221676e-09,-614.0017,454.0191,56.0652,-2.460565e-08
37.308826,-2.1801272e-09,356329.5,-5.485231e-10,14.028664,-6.859174e-10,-4.224442e-10,-1.0765613e-09,1.0911594e-09,-6.8413577e-09,-479.70782,-8.510517,45.090454,1.0638617e-08
136.32565,-3.558614e-07,447599.5,-4.0627704e-08,7.863818,6.2445765e-10,1.4679107e-09,2.4306186e-08,2.396533e-08,7.868829e-10,1698.3303,249.8298,60.700222,1.0698329e-08
37.78899,-7.386054e-09,294284.97,3.4017578e-10,12.632213,6.9392675e-10,-3.20285e-10,1.3764705e-09,1.5024991e-09,-3.862583e-09,-821.0905,-11.910011,39.853764,1.5750848e-08
-10.041939,-1.0167125e-08,330930.94,5.2954237e-09,9.353632,-1.4516355e-09,-2.0831618e-10,2.126957e-09,4.0357513e-09,-5.8623186e-09,-760.14197,-15.112328,30.229696,1.5160865e-08
173.72292,-2.0398286e-07,385922.12,-6.0808226e-08,3.4246435,-2.3578728e-08,-2.2380888e-09,-1.3222862e-08,9.6579456e-09,3.819639e-09,-1459.3372,327.37585,47.741444,-3.325088e-08
173.72455,-9.194183e-08,451664.56,-4.463329e-08,6.1018233,-1.5293038e-08,3.2408876e-10,-3.4442653e-08,4.5122084e-09,3.736987e-09,-1842.2747,306.17932,50.24919,-4.3374715e-08
59.389877,3.8470525e-09,125173.97,-2.7278764e-09,10.231565,2.5044526e-09,-7.3242407e-10,1.8840039e-10,-2.3133442e-09,4.9949995e-09,-1271.8955,8.999371,23.140324,1.3321373e-09
19.664448,-8.073539e-09,158511.12,4.680069e-09,4.8416133,-1.231045e-09,-9.970499e-11,2.4768806e-10,4.0394275e-09,-2.7828724e-09,-589.2841,-10.285782,27.844942,1.3980158e-08
71.345985,-4.171362e-08,216520.77,-3.4296708e-09,11.68453,1.0234489e-08,-3.7028505e-10,1.6487878e-08,-4.37214e-12,-1.9162134e-09,-1175.2717,101.139046,23.795576,2.5014248e-08
14.759729,-7.4410806e-09,226701.55,-1.354643e-09,10.5234,6.40558e-10,-1.1307824e-10,1.8852683e-10,2.5669826e-09,-4.189246e-09,-386.86823,-12.559006,58.99992,1.536264e-08
78.48111,-4.6522956e-08,327323.44,6.5465793e-09,7.49399,1.4424786e-08,-4.2868704e-09,4.505461e-08,5.042602e-09,-4.3612403e-09,722.3738,146.21143,42.38073,-3.1075388e-08
58.937187,-7.024242e-09,16124.25,1.4492338e-09,14.539005,-8.8703084e-10,-6.475737e-10,2.0895248e-09,-2.3774227e-10,7.918782e-10,-505.3642,-19.878883,58.267006,6.0949605e-09
95.869156,3.65132e-08,194820.97,-5.3214827e-10,7.5747027,-1.5549853e-08,-4.5356396e-10,-7.282756e-09,9.473769e-09,4.9173794e-09,65904.35,348.5426,63.334778,4.4572065e-08
156.07178,-2.8174767e-08,265962.9,-2.2346828e-08,7.789495,-1.9734244e-08,3.184582e-09,6.3720265e-09,2.9901479e-10,-9.2728636e-10,-2607.8386,279.0089,24.59015,1.5985449e-10
29.086193,-1.6872537e-09,212574.33,1.7934351e-09,11.727134,-2.0672108e-10,2.57212e-10,1.1623893e-09,1.8829613e-09,-2.0058064e-09,116.83853,-8.449898,19.173979,1.7186061e-09
47.743702,1.2300523e-08,102285.1,-5.468894e-09,7.858884,2.3293942e-09,-1.5549612e-09,-3.4629057e-09,-4.4111887e-09,1.1985523e-08,-604.3639,1424.6433,45.42419,5.885218e-10
81.14299,-1.4826578e-09,282660.6,-1.2713458e-08,9.37256,-6.2588272e-09,-1.9489192e-09,2.3240366e-08,-2.0514903e-09,3.2682076e-10,-1202.4167,336.30957,29.143099,-1.7937918e-08
44.74306,-3.182497e-09,199593.9,2.7182842e-10,7.4949875,-1.4492268e-09,-4.2137575e-11,1.0871151e-09,2.3250646e-09,-5.6664273e-09,-779.12836,-12.379204,53.563553,1.1456142e-08
125.49602,-8.7254335e-08,455145.25,-1.2574861e-08,9.839238,-1.004045e-08,7.078102e-10,2.1487432e-08,5.2243796e-09,-1.4858441e-09,-1189.5569,433.50476,33.171696,-9.63881e-09
39.574234,5.0937157e-09,195773.6,-4.3081205e-09,5.913722,-1.1430729e-09,-6.020278e-10,-2.4800947e-10,2.986546e-09,4.8446482e-09,-315.93646,40.73394,47.816536,-1.5561614e-08
35.706554,-3.8600437e-08,219338.94,-1.5696873e-08,11.620185,1.8012393e-08,-5.9069566e-10,1.8303188e-08,1.8544704e-09,-9.915501e-10,736.45215,157.74284,50.563416,-1.9517655e-08
78.81801,-6.962234e-08,425884.8,-2.1767354e-08,8.084682,1.3706103e-09,-3.2881649e-09,4.504191e-09,9.227218e-09,1.9092021e-09,-1467.2126,184.78679,58.763275,-3.1203495e-08
52.2821,-1.7951436e-08,339212.97,-1.9965894e-08,10.845365,2.672551e-09,-1.9257334e-09,-1.0603129e-08,3.851724e-09,1.0171013e-09,105.238525,465.16412,26.21866,3.308369e-09
36.139824,-7.757438e-09,336165.12,-1.251662e-09,7.8316174,-1.5365456e-09,2.0526264e-10,1.3971563e-09,3.363651e-09,-6.0103607e-09,-633.80145,-8.270351,62.187733,1.7325775e-08
16.960808,-2.934322e-09,232156.06,6.409342e-10,10.096673,-9.590692e-10,-1.55399e-10,-2.540143e-09,6.278656e-09,-1.651465e-09,-536.4267,-6.802063,34.361782,1.0733397e-08
36.780853,2.618786e-08,76592.98,-8.956718e-09,10.058303,5.3793476e-09,-1.833311e-09,7.6118445e-09,-8.2734175e-09,-2.119984e-09,3955.3657,-490.6079,43.746067,-1.1364716e-08
11.549883,1.5973874e-09,310414.56,5.6047766e-09,4.356365,-3.4656327e-09,-5.405115e-10,1.0597059e-09,1.5253141e-09,-1.5627442e-09,-810.45544,-4.335148,17.734135,3.842076e-09
50.46572,-2.156432e-09,96253.21,4.7482693e-09,3.8600354,6.3022926e-10,-2.1104334e-10,7.21015e-10,-6.0785715e-10,-2.2559001e-09,-34.28894,-0.9926567,35.308796,1.8065932e-09
40.30839,-1.2838349e-07,331718.9,-9.493689e-09,9.334596,1.3698068e-08,-3.2877463e-09,3.63126e-08,2.1311411e-08,2.0269015e-09,681.11743,261.83514,47.223305,-2.681988e-08
61.02162,-4.6014318e-08,169428.34,-2.4799515e-08,9.734166,1.6899578e-09,-3.2478906e-09,2.3252296e-08,3.0010796e-09,1.3094889e-09,-560.9851,390.30487,37.697014,-4.4250772e-08
65.537186,-5.6573994e-09,101474.46,-2.5637017e-09,12.149503,-1.5457223e-09,-3.0383268e-10,1.4340058e-09,1.0956561e-09,-1.519287e-09,4.43219,0.8799782,54.881134,9.538128e-09
8.935413,-1.7617962e-09,218814.97,2.9327678e-09,9.701582,9.18979e-10,-6.6578626e-10,-2.4068907e-09,4.5329013e-10,-2.0832829e-09,-759.17786,-12.72773,29.51279,6.7738655e-09
113.89325,-9.40196e-08,516035.5,-2.0293983e-08,14.132136,-5.0412896e-09,-1.7089626e-09,-6.7047674e-09,1.4148836e-08,8.611944e-09,10070.464,293.88187,65.113495,1.641964e-08
86.35499,-8.280806e-08,212812.47,-9.455094e-09,9.538741,7.464478e-09,1.4617055e-10,1.9413125e-08,9.907461e-09,-1.3046016e-09,-84.90918,126.22376,32.010857,-6.2117484e-09
31.373127,2.6350966e-09,230646.56,-1.938026e-09,8.677466,-5.525945e-10,-2.660478e-10,-2.3266777e-09,5.0074065e-09,-2.9157043e-10,-1066.5083,-3.9757423,21.642233,3.224989e-09
42.188065,-4.434947e-09,201643.58,3.4293632e-09,13.399071,8.47937e-09,1.5065995e-09,1.6938353e-08,2.10085e-09,2.6920507e-10,-0.73535156,-239.07085,28.877632,2.7754517e-08
150.52132,-2.8766532e-08,357712.25,-3.7129215e-08,8.57834,-1.6341339e-08,4.3600115e-10,7.640106e-09,5.740037e-09,5.478188e-09,-880.6145,391.3595,55.777508,-7.946514e-09
34.799187,-2.763825e-08,238076.19,-3.605108e-09,11.810562,2.8433425e-09,2.573106e-09,-1.7852052e-08,5.2398166e-09,-5.891505e-09,2367.5732,96.96293,62.159714,-9.4580095e-09
34.664795,2.9330685e-09,72047.79,-6.5367884e-09,9.311557,-1.7877164e-10,-1.3648858e-10,-1.263434e-09,9.792384e-10,6.4909367e-10,-112.03853,62.49057,59.44484,-8.75655e-09
1.223215e+16,-127438940.0,-1.3940911e+18,-2.272363e-05,3533.742,546824.75,-2.5598467e-08,2.0657458e-07,6.96052e-08,1.669111e-08,18738.227,531.17816,62.01252,-1.6950944e-08
-17.156025,-9.3565315e-09,351284.7,-1.1720707e-09,9.586814,2.5767034e-12,-4.3836562e-10,2.7240263e-09,2.503327e-09,-5.8738565e-09,-675.14734,-10.797356,49.003597,1.6754607e-08
31.241587,-6.4401946e-09,176665.8,2.3822717e-09,10.410464,2.9705585e-10,-5.076847e-10,2.7970953e-10,1.2710055e-09,-1.1509091e-09,-820.0948,-13.269264,52.050026,9.820447e-09
109.48715,7.670614e-09,232534.84,-5.272214e-08,13.394726,-1.3396665e-08,2.769668e-09,-5.9366595e-08,4.097139e-09,4.368549e-09,16409.03,330.9248,72.50063,-2.1292152e-08
43.17064,-5.6113154e-09,179605.38,8.5982743e-10,8.733428,-1.9017699e-09,-2.6865335e-10,1.0096717e-09,4.326326e-09,-5.3828906e-09,-846.40845,-8.1314125,46.43628,9.170367e-09
74.752106,2.0453915e-07,338748.9,-3.192522e-08,7.5316415,-2.0151711e-08,7.0136226e-09,-6.539365e-08,-3.3759132e-08,-2.490751e-09,30975.307,1456.5099,39.815113,4.0890953e-08
82.122925,3.5731063e-08,58794.17,-2.3018979e-08,10.395786,-6.4152053e-09,3.2998543e-10,2.2484241e-09,-3.4289087e-09,7.6744444e-10,404.10986,971.07654,39.18173,-2.0212132e-08
10.47097,-4.7648857e-10,135396.53,-2.1935358e-09,11.867664,-4.5246332e-10,-7.8178124e-11,-2.9655287e-10,-4.232917e-10,-1.4397205e-09,-449.7444,-9.527679,48.277122,6.481411e-10
58.588623,-1.2359165e-08,304498.9,-3.375579e-08,10.897863,-6.6595804e-09,1.8088093e-09,-9.103237e-09,2.0632624e-09,-4.7515765e-09,-377.55054,584.9998,35.09438,-4.1785675e-08
189.58316,-1.6678017e-07,420790.44,-3.8018047e-08,5.829525,-1.6334026e-08,4.2494952e-10,1.6884917e-08,5.735315e-09,2.2870313e-10,-1651.7361,756.7267,21.203382,-3.6345018e-08
22.161514,-2.3473357e-09,-6790.5,-5.1552748e-11,12.726715,-8.183837e-10,-2.752429e-10,8.685931e-10,1.2333117e-09,-1.3667587e-09,-598.0564,-7.2250786,47.14348,5.5362506e-09
-14.017014,-9.675699e-09,379664.3,4.7226782e-09,8.349727,-7.4561585e-10,-6.1565714e-10,1.568389e-09,2.9384437e-09,-5.2576254e-09,-741.12555,-13.625282,41.152737,1.5599655e-08
88.32176,-4.5448427e-09,152500.67,-4.0827813e-10,9.708867,-1.670172e-09,-1.9543693e-10,-2.1334625e-09,3.2335796e-09,-5.4095844e-10,-360.62366,5.2133217,48.03544,1.3164944e-08
41.911587,-2.9640388e-09,299160.44,8.7627616e-10,12.207005,5.893051e-10,-5.739087e-10,1.0168463e-09,1.3822292e-09,-4.254583e-09,-860.19006,-8.395004,27.291563,1.0552972e-08
54.47238,-3.3094132e-09,228949.4,3.26196e-11,9.5301075,-2.6558997e-10,9.17632e-11,5.6624743e-11,2.3682327e-09,-1.476813e-09,-794.41003,-6.8379555,59.539597,7.096504e-09
139.26627,-1.3151349e-07,349481.94,-3.711252e-08,7.8368883,-7.282653e-09,-1.9676751e-09,3.7587462e-08,1.4186025e-08,-3.119087e-09,4451.4067,131.7706,60.496082,-3.888983e-08
91.42471,-7.059677e-08,242800.9,-4.9370446e-09,10.417653,-7.9864104e-10,-8.56663e-10,1.6654164e-08,6.0697296e-09,-3.4468306e-10,-1024.2458,77.69201,39.9717,-1.3554431e-08
51.343784,1.3412385e-09,206056.31,-2.5747726e-09,7.327172,7.100537e-10,-4.407548e-10,1.9614127e-10,1.5088161e-09,-1.6079862e-10,-247.44707,-11.582535,33.202118,3.6220082e-09
113.18541,-1.1429514e-07,405341.6,-4.6480313e-08,8.876805,-1.5110144e-08,-2.6972597e-09,2.1438066e-08,1.2868939e-08,-7.350263e-10,-1322.1423,497.34546,63.131294,-1.716276e-08
42.777702,-1.6161021e-08,451644.88,-1.6213816e-08,12.273731,8.844826e-09,-3.9989453e-10,2.574664e-08,-5.4269594e-10,-1.650173e-10,420.57666,-38.470886,31.589874,-1.4930782e-08
33.12375,4.751453e-10,82134.41,1.6509653e-09,7.920917,-1.1281253e-09,-6.2460037e-10,4.523165e-10,4.136824e-09,5.10381e-10,-382.27246,-1.2146416,29.107903,2.1485451e-09
47.80697,-2.8616944e-09,127666.06,9.950653e-10,10.933102,1.4939253e-09,-4.4880547e-10,9.4112e-10,1.6007456e-09,-1.7344245e-09,-822.5644,-10.516495,41.196693,4.989419e-09
190.82567,-2.4806553e-07,403089.0,-5.9016717e-08,9.300535,-1.5658598e-08,-2.1123598e-09,6.6261703e-09,1.2868898e-08,3.3889063e-09,-1502.1125,356.0992,45.839787,-2.3019023e-08
84.408875,-1.05360706e-10,117558.836,-3.0838598e-09,6.651435,-2.1818793e-09,3.2146172e-10,8.6329993e-10,5.220929e-10,8.333932e-09,446.1203,9.21204,38.864403,8.605419e-09
76.28705,-5.07603e-09,287589.8,2.6680255e-10,9.471228,-1.7856242e-09,-2.403031e-10,-1.3730784e-09,6.275807e-09,-3.748736e-09,140.97977,-9.378052,38.317562,1.3241163e-08
5.20722,2.1942832e-09,158363.22,-1.4057125e-09,5.2119203,1.5391829e-09,-3.6219022e-10,1.4123422e-10,-1.6557236e-09,-1.3378264e-09,-182.36171,7.026207,73.29095,-1.3264202e-09
76.796165,-8.799888e-09,96243.85,-6.693402e-10,8.006876,-2.1810815e-09,4.5121545e-10,1.3452993e-09,6.3832837e-09,-3.253533e-09,-394.00122,-13.44297,58.72969,1.7662884e-08
80.595276,7.283651e-08,322408.97,-2.7402786e-08,11.6158085,-6.757561e-08,7.2382305e-09,-2.446133e-08,-1.085789e-08,4.498938e-10,7895.709,342.3335,29.63169,-1.4632694e-08
55.159576,-3.2637688e-11,294005.56,-3.0546206e-09,11.575303,-3.356013e-10,-9.818572e-10,1.6915315e-10,3.174834e-09,-1.3416812e-09,-736.9938,4.2884445,28.700996,1.1889245e-08
106.11508,-1.1724973e-07,357308.6,5.5801115e-09,3.7751536,1.7410472e-09,-2.6165885e-09,2.1113525e-08,7.641752e-09,2.1230335e-09,705.93335,61.722458,45.792072,6.1504393e-09
56.10292,2.5297902e-09,350658.22,-6.9036195e-09,7.4100695,-1.0901502e-09,4.1336014e-11,5.503346e-10,3.3337197e-10,5.6835265e-09,-534.7892,33.90638,52.353775,-1.5525785e-08
164.46582,-1.8023078e-07,461464.88,-3.8673218e-08,8.086265,-1.402315e-08,-2.5766436e-09,6.40392e-09,1.0823555e-08,2.7752187e-09,-939.6843,328.4894,44.776375,-1.0008748e-08
30.156096,-1.0364932e-08,43197.594,4.3727902e-10,15.020094,-5.572713e-10,-6.5557465e-10,1.6104776e-09,5.152576e-09,-5.2662377e-09,-918.58795,-18.867348,52.48051,1.0699205e-08
115.98634,-4.6820006e-08,170234.94,-1.4645656e-08,8.416586,-4.0006713e-09,2.967152e-10,1.0204462e-08,1.7022967e-09,1.0279311e-10,-1709.0779,173.74936,33.553,-8.264181e-09
1.8970757,-4.823951e-09,340012.34,8.986711e-09,10.467234,4.976537e-10,-5.9797783e-13,-2.481404e-10,2.3068158e-09,-3.046277e-09,-889.7404,-14.956512,25.060608,1.090656e-08
157.9657,1.3546368e-07,261310.19,-4.345357e-08,9.796951,-8.9527006e-08,4.402714e-09,-2.6964036e-08,-1.2186032e-08,1.1168885e-09,7474.863,1067.6901,25.199549,1.1628571e-08
-6.5652313,-5.1010653e-09,314725.28,8.0688134e-10,6.9736614,-1.1848519e-09,-2.6607247e-10,8.699631e-10,3.588156e-09,-4.2021218e-09,-546.26,-9.048275,42.831676,1.1201268e-08
49.482674,-1.8981618e-09,234555.55,1.6509462e-10,9.266741,-3.2583114e-10,-6.115626e-10,9.823565e-10,-9.947442e-10,2.016717e-09,-396.49646,-11.340164,58.570206,1.3283169e-09
52.08851,-2.075672e-09,283990.75,5.785189e-10,8.592662,-1.9641166e-09,1.9220701e-11,6.7095496e-10,3.1547729e-09,-4.3685664e-09,-392.55707,-5.908455,16.634718,9.169416e-09
23.635927,3.2529606e-08,249818.1,-3.883928e-09,9.699284,6.355306e-08,2.2775961e-09,-3.3758138e-08,-2.0339044e-08,-1.3790666e-09,5295.502,-559.49207,50.927124,3.7875445e-08
18.224216,-1.9126505e-09,243848.38,8.303062e-10,5.6388726,-1.880657e-09,-2.9648467e-10,-2.307476e-09,3.0855918e-09,-1.1589273e-09,-772.1646,-7.0408096,33.882904,8.597344e-09
18.338333,-5.706689e-09,-80019.17,6.505375e-09,2.9018588,1.1985879e-09,-5.402408e-10,1.7101082e-09,2.3129243e-09,2.7635057e-11,-624.07117,-9.873253,23.462727,9.862117e-09
36.927647,-4.878395e-09,162741.66,2.205414e-09,9.190813,6.123138e-10,1.8791188e-10,6.188372e-10,4.3964237e-09,-5.602886e-09,-325.99115,-9.7443695,37.41611,1.5014313e-08
123.37544,-6.882835e-08,344616.56,-2.2283162e-08,7.9349446,-4.475745e-09,-4.1857257e-10,7.2808986e-09,7.570415e-09,1.4713017e-09,-1331.1521,113.15475,37.386623,-2.5386061e-08
71.124374,-1.7198564e-08,244380.72,-2.6374467e-08,6.898272,3.4777565e-09,-3.7893655e-10,1.05646905e-08,4.476248e-09,1.9905986e-09,1996.5477,326.50293,41.647892,-9.159075e-09
-4.8921127,-2.6599989e-09,358855.47,-9.478222e-10,12.233704,7.067648e-10,5.885399e-11,-1.1328597e-09,3.185923e-09,-2.6291451e-09,-379.14362,-5.7021027,40.303005,1.1592653e-08
54.890327,2.357923e-09,44020.016,-5.345243e-09,5.148947,4.5921894e-10,-4.3823424e-11,9.630593e-10,-3.783985e-09,3.697708e-09,423.15668,56.253834,71.555176,-1.0474925e-08
35.971645,5.465097e-08,152726.27,-1.209212e-08,12.269993,1.6209029e-08,1.9263915e-10,-6.039916e-09,-6.23183e-09,-1.6141509e-09,38159.32,-108.778336,49.189026,-1.1271635e-08
33.391815,2.8996097e-09,129641.95,6.1687433e-09,9.39689,3.8059964e-09,-1.2950423e-09,6.280981e-09,2.364035e-09,-5.8406044e-09,506.21802,-174.59755,35.09162,-3.9292056e-10
16.000566,4.8941495e-09,260684.1,-1.6746805e-09,11.010985,-3.126343e-09,2.7604924e-10,-6.833075e-10,5.674993e-10,2.9984446e-09,-560.6933,31.269129,18.299149,-6.7502826e-09
75.915985,-6.4049845e-09,268261.8,2.5472606e-09,9.453724,9.1824015e-10,-6.4048206e-10,-3.0711972e-10,6.7941963e-09,-6.256161e-09,-650.39935,-6.5324554,30.303322,1.5415747e-08
95.65079,-2.4737474e-09,208824.23,-3.9786077e-09,9.214249,-2.4406657e-09,-5.37884e-10,1.1545668e-08,1.5173932e-09,-6.5656015e-11,374.10083,225.25763,29.218264,-8.535089e-09
3.894783,6.155245e-09,439469.88,-7.2974204e-10,5.621121,-1.4753506e-09,-3.1349812e-10,3.1343783e-10,5.3452076e-10,2.5288576e-09,-484.297,10.615662,33.165745,-4.5735034e-09
18.292326,1.5908954e-08,462036.12,-1.1131046e-08,16.701517,1.6992593e-09,-1.9327528e-09,5.933967e-10,-7.047904e-09,1.43816825e-08,-275.7436,81.1421,39.115005,-1.8086112e-08
76.900116,3.2615034e-08,193456.88,2.2701352e-09,11.653072,-2.5092863e-08,4.524118e-09,1.3230133e-08,-5.705701e-09,-2.2911038e-09,4932.091,88.45433,42.957066,-6.2518253e-09
15.096333,-8.4057765e-09,152359.89,2.4349651e-09,10.214041,-3.633591e-11,-1.9146493e-10,9.0127134e-10,2.054303e-09,-2.8964589e-09,-764.816,-11.5696335,40.272224,1.107726e-08
197.92905,-1.5496008e-07,281326.28,-2.1564736e-08,14.3656,-1.4229848e-08,-1.3693938e-09,2.0840272e-08,5.0669007e-09,4.693697e-09,4924.6445,228.44786,18.842615,-9.136412e-09
80.61479,1.1782286e-08,123476.97,-2.1667258e-08,11.957532,-1.1828351e-08,6.2446694e-11,-1.4618484e-09,7.3433265e-10,1.0505592e-09,-294.62964,228.72052,27.504622,-1.7033221e-08
129.32143,4.7726953e-08,325742.12,-3.0219717e-08,12.7647,7.1464092e-09,1.0206306e-09,-4.705072e-08,-4.7574473e-09,-9.366472e-10,704.1697,569.65454,35.075752,-1.2355269e-08
262.05447,5.2111822e-08,206380.38,-3.4932328e-09,8.447393,-3.4561698e-08,3.7153502e-09,-1.4797461e-08,-1.4944932e-08,-1.4778918e-11,-5365.327,440.70688,-52.342533,2.2426876e-08
22.993244,5.6867924e-09,572110.06,-7.470255e-10,11.218162,-2.631089e-10,-4.707509e-10,-3.8436498e-10,-8.043448e-09,6.4039254e-09,586.33844,33.681503,37.308964,-8.443137e-09
84.35283,-5.320201e-09,24079.422,3.83752e-10,11.599453,4.4675927e-10,4.3947548e-10,-1.1412131e-09,3.2861276e-09,-7.498042e-10,494.77173,-23.35508,43.772713,1.0778564e-08
24.326027,-8.505987e-09,150108.84,-2.8366636e-09,4.66831,-1.5746301e-09,-3.6247436e-10,6.6661804e-10,5.1529825e-09,-5.1015223e-09,-61.065216,-13.643944,67.5504,9.575642e-09
55.73147,-1.8809172e-09,173671.58,4.2191006e-10,9.764499,5.3215427e-10,-5.4268917e-10,-2.665083e-09,1.6546416e-09,-3.7453582e-11,-914.9992,-3.6169014,33.527313,3.5751655e-09
159.72708,-4.0300062e-08,385253.2,-1.024195e-08,10.305956,-1.5487414e-08,7.5119905e-10,4.3826834e-08,7.2525492e-09,4.2295842e-09,-3696.5813,266.14987,46.36812,-1.4848856e-08
86.87035,1.3367286e-07,130928.58,6.8889903e-09,8.891511,-5.4504447e-08,8.608376e-09,-4.6179338e-08,-1.803913e-08,-1.870498e-09,-20943.064,288.46478,42.924984,1.43781556e-08
78.09097,-5.8385453e-08,325689.62,-8.998288e-09,9.284795,-8.965812e-09,-4.383879e-09,2.0601984e-08,6.839003e-09,6.664476e-11,-1083.8953,172.06192,55.916874,-3.9375e-08
50.661118,6.651858e-09,172444.11,-7.2435173e-09,11.383439,2.3172617e-09,4.8892024e-10,-8.0533813e-10,-8.598383e-09,1.0294543e-08,-10.171478,59.135365,52.092674,-1.0974955e-08
47.161423,-9.22228e-09,76277.15,3.2369036e-09,15.227176,-8.6898055e-10,-6.478528e-10,1.6845715e-09,4.2895434e-09,-4.728283e-09,-1543.5115,-19.738129,40.43808,8.96409e-09
1.8995094,-8.164472e-09,121017.164,-5.9035216e-10,5.967889,-1.4073367e-09,2.0537454e-10,-6.0150396e-10,5.217894e-09,-3.6473893e-09,-578.8077,-11.612022,38.867783,1.3977115e-08
100.21185,-7.0987207e-09,107336.07,1.1453206e-09,11.006907,-1.1983875e-09,-9.344987e-10,-9.936828e-10,1.187173e-09,2.6500884e-09,-1219.8088,-14.599541,52.35357,1.1437923e-08
74.089066,-5.412012e-08,247616.97,-5.293273e-10,11.625256,8.8054115e-09,-2.0324353e-09,2.5079054e-08,4.057143e-09,1.2850436e-09,-120.42798,191.38687,39.135273,-1.4888688e-08
42.69927,-1.9589221e-08,146701.55,1.1473075e-08,16.03357,2.4755295e-08,5.969304e-10,1.2079023e-08,2.0084372e-09,-4.8736437e-09,1913.1807,-64.59477,32.79427,4.8167216e-08
85.97574,5.2864394e-08,372277.9,-5.6744973e-09,6.0780272,-5.068038e-08,2.135896e-09,-1.496614e-08,-1.4948366e-08,7.37179e-10,-2919.7732,669.0233,-12.075939,2.1446763e-08
-4.0269356,-3.3353498e-09,140742.5,2.0488933e-09,11.1955385,-6.175896e-10,-4.140092e-10,2.7153696e-10,2.6230145e-09,-1.8671014e-09,-686.464,-12.175812,41.196976,8.340997e-09
62.863525,-9.399157e-08,355675.25,-1.3382707e-08,7.789567,-8.718855e-09,-5.645378e-09,2.713743e-08,1.0364482e-08,-3.878962e-09,169.36768,303.1339,37.26753,-3.440893e-08
64.470535,-4.6749673e-08,161859.98,-1.5095521e-08,11.109194,1.0297563e-09,-2.9405924e-12,7.847754e-09,4.4775037e-09,3.0597187e-09,61.582764,170.25606,49.197594,-2.9915718e-08
42.874844,-2.5781235e-08,192250.06,2.318821e-09,15.070689,8.876407e-09,-2.253883e-09,2.0897442e-08,4.4780726e-09,-4.3547974e-10,-70.538086,100.21555,43.942368,-1.0060339e-08
13.179468,-3.2743968e-09,144336.83,6.9343803e-10,11.692048,-5.773321e-10,-4.4640336e-10,3.4501374e-10,2.4862947e-09,-1.876868e-09,-912.5629,-12.591454,38.440277,8.323526e-09
-5.9800186,-3.7089376e-09,401508.38,5.9152296e-09,11.639905,-2.9580094e-10,-1.4183325e-10,2.4306235e-10,2.853286e-09,-4.6079367e-09,-845.28217,-12.205269,29.68924,1.082366e-08
65.54499,-6.3846365e-08,294080.03,-3.753688e-08,8.996018,-1.0533496e-08,-4.2957606e-09,1.7629558e-08,8.93121e-09,1.3918809e-09,-684.77856,532.55005,53.182495,-3.341569e-08
74.6149,-1.9094486e-09,-99968.734,-4.662066e-09,12.337992,2.607704e-09,-1.8464408e-10,-1.3598646e-09,5.0460086e-10,4.0780876e-09,-1085.346,12.016655,28.805561,4.5724984e-09
99.24519,1.5733654e-08,314258.12,-1.29052475e-08,7.7321663,-6.4275385e-09,-6.739311e-10,9.066506e-09,2.1467892e-09,1.5970679e-09,550.1277,684.1612,35.924667,9.2769366e-09
60.10578,1.0590808e-08,157852.72,1.8884474e-09,11.4076605,1.246134e-09,2.4072995e-09,9.24756e-09,3.2223544e-09,-5.2777263e-09,1709.5056,-78.05748,45.410416,-1.3363728e-08
13.886242,1.5923213e-08,50160.58,-5.752967e-09,8.813946,-9.997195e-10,-5.1954996e-10,-6.689431e-09,-4.799588e-09,6.452068e-09,403.10046,59.628307,32.54344,-1.3917888e-08
114.4418,-8.9292235e-10,332565.75,-8.065005e-09,13.183742,3.7830522e-10,-1.2175442e-09,-6.312102e-09,-2.41869e-10,8.281653e-09,-959.3316,23.023436,36.34356,1.9514154e-08
-57.64744,-4.9506554e-09,515224.44,8.218649e-09,5.403071,-2.613838e-09,-1.6193681e-10,-6.151878e-10,2.0941484e-09,-5.3626596e-09,-664.0394,-13.802315,27.83519,1.7162487e-08
41.10059,-4.565746e-09,522566.75,2.3104021e-10,4.8304734,-2.4391074e-09,3.462512e-11,1.6397754e-09,3.2784144e-09,-4.848973e-09,-448.82513,0.36576843,36.241165,1.2272951e-08
59.740387,-8.380322e-08,286798.06,-1.740483e-08,8.767651,4.94636e-09,-2.2385604e-09,2.3846155e-08,1.3820738e-08,-2.680912e-09,-312.2522,174.47168,41.9281,-2.3908441e-08
51.09382,4.496068e-09,28696.969,-4.7865583e-09,7.4002743,5.037748e-09,-1.0450786e-09,2.0205695e-10,-1.4713297e-11,2.1727273e-09,-645.40826,22.00964,36.43025,-1.0079863e-08
19.15799,-6.7470864e-09,334000.88,2.2563005e-09,9.445531,7.8349116e-10,-4.8262755e-10,1.8465381e-09,3.2836374e-09,-3.1629632e-09,-618.96625,-10.437012,38.43094,1.5090293e-08
91.69513,-5.4308742e-08,249232.56,-4.9266506e-09,11.78111,3.9932038e-10,-1.0369368e-09,2.0155873e-08,7.262699e-09,1.2256503e-10,154.8374,-4.397339,35.09848,5.4731246e-09
85.556,-4.495739e-08,161846.66,5.664193e-09,11.7467575,1.870828e-09,8.317094e-10,2.2745976e-08,6.5728796e-09,-4.4669932e-10,-1375.8376,39.63234,21.91448,-1.9050871e-08
89.0016,3.079395e-08,314142.22,-2.7327749e-08,14.77848,-4.0034752e-08,8.2369667e-10,-1.9809734e-08,-2.853098e-09,1.794792e-09,6677.199,612.0978,38.981777,-2.3797904e-09
34.13887,2.721586e-09,321264.0,-4.2499892e-09,2.7362952,-5.0274487e-09,1.2993032e-10,-1.8676032e-09,-4.3724127e-09,2.6681104e-09,-265.54614,23.017445,55.065018,-1.376685e-08
46.08877,-1.0614251e-09,161386.53,-2.5928033e-09,8.014336,-4.0262318e-10,-6.256558e-11,7.801707e-11,1.5951237e-09,3.7103004e-10,-134.3843,-7.553318,40.589497,-3.1011194e-09
103.17393,2.6352712e-08,232327.34,9.816802e-10,11.062573,6.346062e-11,4.2588977e-09,8.438553e-09,-1.1622154e-08,-2.8432143e-09,-3217.5295,146.8847,29.308115,1.847983e-08
52.849823,-2.787118e-09,62916.336,6.171634e-09,10.85817,5.3881083e-10,-3.4836414e-10,-1.961248e-10,2.6975597e-09,-2.8540355e-09,-870.89526,-15.306328,23.868256,8.356436e-09
-31.667866,-1.4440635e-09,202556.31,2.1591142e-09,8.826299,1.8855648e-10,-4.6514606e-10,-1.6639431e-09,1.9958866e-09,-2.1558364e-09,-733.4612,-9.469124,33.680264,1.0648744e-08
174.7225,-2.9414904e-09,143017.36,-5.491044e-08,0.68452835,-8.106159e-09,2.2454707e-09,-1.9836527e-08,1.0726223e-08,5.148482e-09,22091.12,392.61566,49.531834,-2.0102637e-09
101.92615,-2.0457989e-07,56399.906,-2.2165922e-08,8.921726,-5.5318865e-09,-2.8360772e-10,1.29030875e-08,2.2285203e-08,8.312068e-09,27767.955,389.2202,46.157345,-4.0784546e-08
133.03336,-1.7215966e-08,251209.48,-6.845557e-09,13.595675,-1.5885213e-08,4.053488e-10,1.6819216e-08,2.5515274e-09,-1.2326169e-09,947.2822,357.35767,29.816498,-3.4411851e-09
35.944416,1.9983238e-08,290597.3,-4.768182e-09,8.388937,1.3387472e-08,-7.600416e-10,-1.4247659e-10,-9.443e-09,-6.151341e-10,-532.4392,-115.732376,36.895527,-1.5716004e-08
20.226759,-2.9912548e-09,278140.25,-1.969262e-10,9.856733,-2.495832e-10,-6.564042e-10,3.0925512e-10,1.579419e-09,-7.7276047e-10,-805.4251,-14.347862,59.489956,7.748528e-09
41.270077,-1.1038161e-08,305854.03,2.2095514e-09,6.665848,-1.5227473e-09,4.7144934e-11,1.6676356e-09,3.918531e-09,-6.468807e-09,-606.1737,-6.9778824,53.4695,2.2710731e-08
28.88428,-3.0612057e-08,270764.8,-1.32289175e-08,12.219243,7.629561e-09,-3.1311003e-09,-2.4775904e-09,9.249639e-09,-4.4867505e-09,428.59546,420.64478,27.24067,7.629691e-11
62.93483,-3.0187206e-08,135365.22,-2.075154e-08,11.719505,3.746382e-09,-2.4649485e-09,5.382759e-10,7.136196e-10,-2.0765756e-09,899.31714,246.15619,53.639866,-3.201861e-08
117.55739,4.353563e-09,114189.06,-9.569672e-10,9.632972,1.03593994e-10,-5.9909205e-10,-3.1188772e-09,-4.8402815e-09,1.600235e-08,363.29834,127.86257,84.24649,1.4951731e-09
82.52372,-1.1331837e-07,540139.2,-3.0210067e-08,7.832574,-3.9798174e-09,-2.2038138e-09,2.968918e-08,1.8341646e-08,1.2199193e-09,2252.0537,297.85168,76.46509,-2.4616577e-08
47.0373,4.5560014e-10,314096.3,-5.1910093e-10,12.344793,1.4995295e-09,-3.3584335e-10,-1.0685748e-09,-2.4025213e-09,-2.1585829e-09,326.9084,-2.7594147,41.439552,6.716514e-10
76.54277,-7.2729264e-08,237360.08,1.0516149e-08,11.877243,1.361927e-08,2.9395755e-10,3.0521853e-08,1.0941748e-08,-2.2379179e-09,-405.84546,-22.458496,29.47825,3.0130516e-09
33.150024,1.03301765e-07,61479.04,-1.123853e-08,12.415845,-1.171695e-08,3.0366454e-09,-1.1599201e-08,-1.1094565e-08,-1.1262515e-09,24750.564,148.41687,58.936077,8.530664e-09
59.631027,1.68865e-08,-15664.609,-4.841549e-09,8.017456,1.2052644e-09,-7.39726e-10,-2.9947524e-09,-8.233366e-09,7.871323e-09,-265.0287,190.16559,12.236792,-7.760249e-09
61.911118,-4.445523e-09,64782.203,-1.0156146e-09,11.806017,2.09119e-09,-6.4256134e-10,9.615062e-10,3.9944266e-09,-9.817973e-11,-1325.1371,-8.179268,36.4041,6.3778476e-09
62.55863,-7.47035e-08,249000.7,2.4938114e-09,11.166761,1.01455475e-08,-8.6189295e-10,2.126063e-08,9.23216e-09,-8.884517e-10,-286.94653,110.16855,36.24027,-1.0514606e-08
40.12477,2.535955e-08,284469.5,2.3817417e-09,11.561226,1.3503921e-09,4.841599e-09,-5.004668e-09,-3.9145935e-09,-7.8883916e-10,-1173.592,-307.12036,52.89489,1.1098206e-08
32.450798,-1.1173717e-08,294916.9,-8.888016e-09,9.414301,1.2919405e-08,-2.2646895e-09,4.4286654e-09,6.8955486e-10,-2.0220017e-09,-359.01343,266.8431,50.78365,6.8366868e-09
186.6366,4.3966604e-09,407273.66,-6.1250134e-08,16.579395,-6.286879e-08,2.548899e-09,-3.497719e-09,-2.2544733e-09,1.9837616e-10,8232.456,699.9486,16.286812,-8.981079e-09
8.779924,-7.578008e-09,90498.016,1.249868e-09,7.79911,-6.9182093e-10,-5.649145e-10,-7.573894e-10,3.883894e-09,-2.2860869e-09,-726.7329,-14.1957855,41.62377,1.1958792e-08
20.023462,-1.5181946e-08,212378.64,2.754608e-09,11.456113,-9.2131724e-10,-5.579097e-10,3.2803424e-09,6.5700196e-09,-6.928506e-09,-914.74884,-19.849419,48.443886,2.0642764e-08
95.87741,4.8535203e-08,154020.06,-1.5383327e-08,12.334284,-3.442398e-08,6.1223986e-09,-3.269207e-09,-3.2117553e-09,-6.475469e-10,4078.472,135.30768,25.394371,1.8324654e-09
42.464874,3.61275e-08,105907.62,-5.0149176e-11,13.090215,2.8903036e-08,-9.90951e-10,-1.543601e-08,3.8026027e-10,-7.444078e-10,9826.231,-39.022034,50.690807,1.015821e-08
27.073788,-4.6035287e-09,299864.2,1.7681244e-09,10.829846,1.8641524e-10,-2.3405164e-10,1.033418e-09,4.3009352e-10,-3.0583032e-09,-887.62604,-11.244522,48.689793,1.1606407e-08
34.722694,-3.1300316e-09,218811.25,3.599013e-09,8.523902,-1.696641e-09,-5.286681e-10,2.1701425e-09,4.8637605e-10,-3.1554113e-09,-1079.438,-10.340912,44.574177,1.0087619e-08
61.91269,2.689281e-10,-64042.64,-3.81834e-09,8.010135,2.8958307e-09,-3.1410815e-11,2.7059308e-10,-3.1897491e-09,1.4662371e-09,-175.602,-9.824047,58.723022,-4.8666293e-09
20.140251,-6.7350365e-09,269650.0,4.8346505e-09,8.555596,-1.9877249e-09,-4.1113318e-10,1.572755e-09,4.284945e-09,-3.9284886e-09,-580.97955,-10.707062,43.126278,1.21492425e-08
108.198616,-1.3327517e-08,453460.62,-3.3048235e-09,12.860115,-6.034908e-09,3.9997214e-09,-1.8628603e-08,1.5599529e-08,4.3873296e-09,7240.004,313.36853,87.56734,3.7758138e-08
35.662033,-5.7253356e-08,174657.1,5.9795786e-09,14.316293,1.8781032e-08,-2.5638123e-09,2.505898e-08,6.669062e-09,2.323807e-09,-7.916748,27.356598,42.834255,-2.6619627e-09
88.07412,7.892339e-10,119648.83,-4.3927213e-09,11.245312,-4.8062465e-10,-9.718855e-10,-1.2079314e-09,2.6069893e-09,3.1304486e-09,-1820.2302,-20.493599,53.50764,-3.7984536e-09
-1.735218,-1.8774128e-10,281541.12,3.4989833e-09,9.895764,5.826456e-10,-4.544575e-10,6.957964e-11,2.2633362e-09,-1.9697692e-09,-582.9649,-6.446377,25.481453,6.383523e-09
-19.987236,2.7628557e-09,-14160.906,2.0369513e-09,4.327101,-1.3143584e-09,-3.9470194e-10,-3.99509e-09,4.301471e-09,-2.990554e-10,-631.12463,-8.680195,28.701385,7.789991e-09
41.370285,-2.3721312e-09,291689.66,1.7595938e-09,12.7244625,8.362939e-11,2.6654495e-10,7.792505e-10,5.7904664e-10,-3.950499e-09,-1222.5134,-7.368431,39.72663,8.879493e-09
86.477264,-6.190668e-10,161242.03,1.9780746e-09,4.8388243,-2.69149e-09,-6.1916383e-10,-1.4873121e-10,3.3442749e-09,-6.097896e-10,-1159.2596,4.51857,17.959951,3.985264e-09
51.308884,2.595399e-08,221984.95,-2.1547176e-08,5.0925374,-2.4044137e-08,2.231459e-09,4.4962443e-09,-3.992887e-09,-3.4390095e-09,-3213.3708,329.54703,72.37821,-2.5799697e-08
-37.771748,-2.2235203e-09,453351.3,-2.3917308e-09,9.405427,-1.0114839e-09,-5.8263472e-12,-7.06361e-10,6.1442973e-10,-3.4161642e-09,-647.7731,-7.5547943,36.01747,1.4284033e-08
132.83296,-2.0168088e-08,593849.2,-1.2178148e-07,13.156743,-3.4250775e-08,6.9838584e-09,-1.2097208e-07,1.2870325e-09,-2.088158e-09,38991.996,807.4594,88.03223,-3.3743024e-08
53.402973,-4.434714e-08,173597.97,4.1419054e-10,9.710299,3.401619e-09,-3.2500087e-09,2.2548143e-08,6.224411e-09,1.0593141e-09,110.06128,-44.30168,47.29398,-1.0237366e-08
102.87138,-4.5652024e-09,258078.31,-2.2327834e-08,9.693976,-3.2612213e-08,-1.7530911e-09,-1.672024e-08,-3.3005783e-09,1.0882802e-09,-1522.4299,1537.6963,34.90831,-1.3249632e-08
111.50246,5.1163077e-08,177264.73,-2.9437766e-09,7.035227,-1.7096088e-08,2.6287628e-09,-2.8668216e-08,-6.5240067e-09,-1.02684965e-10,-5139.619,637.66064,31.004475,2.7524993e-09
2.6194534,-7.85677e-09,526689.6,6.155606e-09,10.313208,-1.8381193e-09,-9.6431294e-11,1.5505105e-09,4.322232e-09,-5.755384e-09,-767.14197,-12.507523,29.806717,1.5892486e-08
41.770977,6.939188e-08,96334.195,9.3976e-10,10.974915,-3.1160337e-08,3.3147634e-09,-2.8755373e-10,-6.3280314e-09,-1.4397569e-10,5883.487,238.47166,44.650745,1.8542524e-08
0.7854881,-5.6940173e-09,327362.62,2.3693654e-09,8.895558,-2.2336186e-09,-6.009411e-10,-1.6357165e-09,3.800087e-09,-2.6631657e-09,-750.7632,-11.904663,28.862953,1.4469879e-08
137.10393,9.401552e-08,123212.03,-1.743313e-08,18.216106,-8.9967385e-09,2.528189e-09,-1.2209206e-08,2.3791864e-09,2.0520527e-09,46215.117,844.05334,13.892063,1.6718467e-08
26.00629,4.68216e-09,39431.406,-3.843752e-09,10.387056,-5.3449173e-10,-1.8551896e-10,1.9383062e-09,1.0116377e-09,4.4224205e-10,950.8454,19.365265,35.699734,-3.477469e-09
50.404495,1.7207062e-10,150197.38,-3.178825e-09,14.099038,2.0047646e-09,-7.212546e-11,-3.979825e-09,-1.282242e-09,1.8573496e-09,-1842.8895,2.0743217,67.74607,4.6834487e-09
77.07686,-8.563193e-09,425004.2,-1.1830048e-09,10.955114,9.060163e-09,-1.9838884e-09,1.1362816e-08,2.9204694e-09,-3.7405307e-10,-822.72485,1.6929626,54.506878,6.278983e-09
61.299458,-3.6692103e-09,127454.95,-4.9773086e-10,12.956458,1.1163457e-09,-3.2107956e-12,5.0065497e-11,2.6056484e-09,-3.5430143e-09,-878.29083,-15.928734,30.471653,1.0386678e-08
28.350418,-2.3801217e-09,244512.53,-1.050712e-09,11.34668,-4.504431e-10,2.6120084e-11,1.6091949e-09,-2.2963513e-09,7.1792533e-10,-188.76546,-4.054428,73.96066,1.1568072e-08
44.61133,1.48369645e-08,196499.47,1.0985039e-08,14.204924,1.4704554e-08,-7.341443e-10,1.2852983e-08,-3.6385128e-09,-1.4669796e-10,399.70166,176.396,34.84308,3.1467383e-08
43.98632,1.2105942e-09,183663.42,-2.8715628e-09,15.960431,-3.041475e-10,-8.454493e-10,5.8141264e-10,-1.897952e-09,1.0225023e-09,1132.061,51.01121,47.848022,-2.8341793e-09
25.985916,2.4202183e-08,530301.1,-1.1390886e-09,11.3669195,2.2272953e-08,9.400581e-10,-3.8599424e-08,-5.3162257e-09,-9.546858e-10,6186.1074,-144.82082,49.66473,3.396682e-08
50.357094,-3.481154e-09,135560.47,1.02377e-09,9.2583475,-1.3159058e-09,3.8437314e-10,-1.3135878e-09,2.2971123e-09,2.4545144e-09,-272.74512,0.23124313,41.513996,1.215373e-08
41.178753,-3.216367e-09,185290.53,-1.6110005e-10,11.119454,-1.9143164e-12,-3.4980482e-10,-7.657749e-11,9.942843e-10,-2.9513982e-09,505.96918,-1.4193687,57.729225,4.419661e-09
64.97654,3.656767e-08,107848.664,-1.0305165e-08,9.003976,-9.6607105e-09,-1.8558638e-10,1.5043278e-09,-1.719023e-09,-1.3713392e-09,3517.1074,-43.74652,46.252506,-3.893683e-09
145.85399,5.335784e-08,161003.7,-3.0179837e-08,16.641869,-2.3957112e-09,2.1119677e-09,-1.480758e-08,-2.3450117e-10,9.53826e-10,8675.709,702.37,41.051388,5.9987277e-09
24.127098,-6.3936603e-09,149759.84,1.4919777e-11,4.453115,-8.6482604e-10,-1.9653572e-10,1.993161e-09,1.9946902e-09,-1.8797162e-09,-433.59424,-13.597488,62.421974,1.1485455e-08
253.54529,3.7174722e-08,170187.03,-5.4935814e-08,9.809768,-3.8387217e-08,3.2822496e-09,-1.5960156e-08,-2.2090236e-09,3.8865525e-10,17639.074,251.35759,9.523106,1.2690852e-08
66.711174,-4.6542845e-09,213204.95,2.613226e-09,9.474466,3.8049783e-10,1.0774743e-10,7.787083e-10,5.8038676e-09,-4.3850714e-09,-969.7574,-6.413082,32.43136,1.2279962e-08
29.665054,1.1173835e-08,150670.75,8.0142675e-09,11.953805,1.6263696e-08,-1.5891739e-09,-1.2726559e-08,-3.1622547e-09,-7.854231e-10,1075.4641,-105.40822,40.479034,7.906312e-09
51.26356,-4.394433e-09,268297.66,2.6937677e-09,7.808851,7.4195655e-10,5.802008e-11,-8.0724394e-10,3.4299228e-09,-4.7247566e-09,-683.05743,-10.487289,31.89621,1.353669e-08
121.28444,-8.4316596e-08,239043.67,-3.595754e-08,5.724921,-1.0151481e-08,1.8542785e-11,1.2281713e-09,6.756373e-09,-1.3667999e-09,1975.1123,221.41043,38.154766,-4.8414957e-08
46.94662,2.360899e-09,197852.05,-4.4244692e-09,7.154137,-5.6745647e-10,3.6817285e-10,-9.2679875e-10,3.578539e-10,-3.3295958e-10,-202.55894,29.724165,39.35892,-4.746731e-09
14.548391,8.816944e-08,125953.72,1.0358329e-08,9.054163,4.3752017e-08,6.1351133e-09,-3.1264344e-09,-1.6672752e-08,-5.040067e-09,10186.417,-83.51286,55.390938,2.3649255e-08
79.0652,-7.103038e-09,283938.3,2.295383e-09,8.978052,-1.9807753e-09,-3.1055575e-10,-1.4131527e-10,6.9167805e-09,-3.706835e-09,-1291.0203,-1.0331421,42.398415,1.6340245e-08
-12.311584,8.500975e-09,209551.58,-4.8711946e-09,10.922179,-2.190038e-09,-7.22831e-10,-1.6723041e-09,-3.744343e-09,5.703429e-11,-780.6458,4.789379,37.059006,-6.14524e-09
65.379196,-9.9056805e-08,298662.28,9.448907e-09,11.666316,8.887006e-09,-1.61221e-09,3.690322e-08,1.348698e-08,2.9998735e-09,-256.6433,188.16687,36.676258,-1.5877454e-08
2801519400000000.0,-29867552.0,-2.8029422e+17,-7.3974284e-09,10.994164,-9.8522746e-09,9.898458e-09,-6.987668e-08,-9.970109e-08,-1.2698325e-08,2653.6548,-181.43843,-384857200000.0,5.866144e-06
151.90794,1.7595802e-08,199301.88,-3.8353996e-08,10.348673,-2.8054467e-08,1.9022937e-09,-2.0685713e-08,-5.3408473e-09,8.565369e-10,13.9140625,1883.6272,3.9418373,8.581207e-09
16.609613,-6.045562e-09,210247.11,-1.0580985e-09,10.216658,-1.0591531e-09,-2.3053492e-10,1.8240193e-09,1.8588326e-09,-3.5700136e-09,-291.60907,-8.556034,81.987015,9.726261e-09
43.76811,-3.4908791e-09,198312.36,1.3288302e-09,11.486854,1.0959015e-09,-5.219929e-11,-4.057757e-10,2.3958415e-09,-1.2977353e-09,-705.4115,-1.1494713,35.749805,9.96614e-09
23.069096,-2.6877147e-09,170138.25,-1.2712833e-09,5.0591874,2.338367e-09,-5.9203664e-10,-1.7267492e-09,2.8341824e-09,-1.7068953e-09,-272.36072,-2.0434074,36.66536,9.7274695e-09
31.758558,-6.4468577e-09,170960.75,2.618323e-10,5.113939,-1.2618977e-09,-6.7076855e-10,2.1208121e-10,7.1732535e-09,-2.7225164e-09,-552.7812,-9.7411,40.097004,1.3415435e-08
107.91269,-9.263917e-08,348737.56,-3.5153644e-08,10.485522,-5.8444996e-09,-4.8682733e-09,1.8307508e-08,1.0095981e-08,-5.299394e-10,-380.18042,318.95642,65.905235,-4.235725e-08
14.178791,-1.8110993e-09,331908.12,3.6851297e-10,9.565933,-1.0904891e-09,7.486449e-11,3.8367443e-10,-2.4597536e-11,3.290123e-10,-124.06297,-6.1716347,67.461494,1.1475957e-09
77.22,2.2547715e-08,117241.5,-1.2798837e-08,13.242826,1.4400231e-09,6.953741e-10,-1.0299129e-09,-1.0835693e-09,7.777286e-10,-381.19263,795.2003,45.589077,-1.3188743e-08
25.130503,-2.202295e-09,217131.06,1.4613204e-08,15.06862,1.8222174e-08,-6.9018005e-09,1.1489545e-08,-2.7565688e-09,-2.9292915e-09,-870.9441,-259.5987,45.12007,8.069539e-09
34.476574,-6.552196e-09,224387.92,1.6023527e-09,8.52894,6.150871e-10,-4.1935014e-10,2.4857416e-09,1.4175406e-09,-5.5901297e-09,-293.7348,-7.7491684,53.63264,1.308506e-08
48.712337,3.9928086e-08,144755.11,-2.8864233e-09,8.360398,-1.8393793e-08,8.254916e-10,-1.8033703e-08,-7.328134e-09,-2.3413357e-10,-2381.6873,-125.61412,40.408497,-2.2054514e-09
63.051064,-1.3441866e-07,310639.44,-2.545235e-08,9.819928,9.153513e-09,-4.3985318e-09,2.2217435e-08,1.7323385e-08,-4.111837e-10,-60.275635,351.50476,38.915,-2.7796187e-08
-24.952557,-4.6575193e-09,233373.88,-4.3570564e-10,5.046368,-2.2195485e-09,-3.2931882e-10,5.6685656e-10,3.7015395e-09,-2.5243685e-09,-616.1315,-10.961266,43.268707,1.2145353e-08
168.08133,-4.2329046e-07,507631.2,-5.203322e-07,1.7365446,-6.784741e-08,-1.551711e-08,2.8019187e-07,1.6028725e-08,5.280659e-10,-547.98804,48.54013,85.65779,-6.052523e-08
75.763245,-4.1490832e-08,331015.3,-1.5929926e-08,13.597184,7.7070075e-09,-9.693137e-10,1.03092725e-08,4.282138e-09,8.365096e-10,636.22974,261.7553,52.482147,-8.798107e-09
48.11936,-8.385894e-09,243679.12,2.8647915e-09,8.156967,-1.2168073e-09,-3.335301e-10,2.8861267e-09,5.9153353e-09,-6.5259593e-09,-795.3239,-10.738235,32.151535,1.4626687e-08
32.54032,-3.7868837e-09,201412.98,5.7216728e-11,10.0426035,-1.7346928e-09,-6.212257e-10,8.271361e-10,9.791012e-10,-9.1773394e-10,-923.9449,-3.7810822,48.606987,1.1514433e-08
43.211643,-4.900838e-09,135044.9,4.081111e-09,8.6109915,3.607785e-10,-3.2601233e-10,1.6127301e-09,3.7344967e-09,-2.9894482e-09,-892.5496,-14.188469,36.843243,8.081488e-09
77.247375,-3.5102226e-09,72466.32,-3.2312628e-09,9.5042925,-4.1359505e-10,-3.3926387e-10,-1.0944712e-09,2.8911944e-09,5.5105553e-10,778.8655,-6.003895,48.11654,8.683048e-09
68.3093,-4.5386688e-08,275905.7,4.44123e-09,11.156507,3.0239309e-09,-2.1192972e-09,2.3518684e-08,7.2744752e-09,-1.8796031e-09,-1256.282,36.275284,33.018806,-3.3516234e-09
611116160.0,-6.194915,-65304265000.0,0.017628795,16414.68,1.0975267e-07,3.9284256e-09,4.6124335e-08,1.8314706e-08,1.7723939e-09,11254.305,1140.4769,107.13051,-3.8336117e-09
36.719944,-2.2749298e-08,262181.88,-5.850057e-09,13.818003,-1.0082042e-08,1.2124255e-09,-3.297423e-10,3.7061393e-10,-5.679642e-10,-177.95337,435.79132,60.385727,-1.4943359e-08
117.54736,1.6033559e-07,23471.75,-1.7455985e-08,9.470508,-4.856812e-08,2.0435655e-09,-3.7827178e-08,-1.7946224e-08,5.4143656e-10,9195.008,1037.3617,10.210476,2.1652708e-08
132.99956,-1.1678507e-07,311457.62,-2.9460367e-08,5.7547398,-1.2346844e-08,-1.709068e-09,3.126613e-08,9.939303e-09,-2.0534507e-10,-1266.9832,116.051315,41.66125,-1.723079e-08
63.23819,-1.0850568e-08,296565.0,2.2944358e-09,11.87962,1.2588139e-08,-1.5405658e-09,1.7706013e-08,1.5987143e-09,3.4067449e-09,1397.8601,315.87122,48.870716,-1.2843003e-08
76.946884,2.198144e-08,226015.66,-5.4117755e-09,10.060502,-1.0322072e-08,2.3090079e-09,-2.4198772e-09,3.5603487e-09,1.568479e-09,531.1406,-29.966614,36.48,-1.1231988e-08
50.702908,-3.840306e-10,179557.22,-3.6513954e-09,13.917882,-1.7524522e-09,-4.031833e-11,8.0732043e-10,7.5629303e-10,4.557508e-09,1068.6846,16.573551,56.876236,9.0095287e-10
-7.194191,2.6968725e-09,218852.1,1.3305401e-09,9.974758,-2.5399125e-09,-5.905812e-10,1.3443401e-09,-6.1136346e-10,-9.0610325e-10,-733.4431,-5.439125,26.994947,3.363453e-09
101.943726,-1.9072218e-08,445893.38,-1.5562717e-08,7.849346,-1.6941657e-08,-2.697446e-09,2.3886793e-08,3.0242313e-09,9.457455e-10,-1261.9651,362.91306,40.318813,-2.2621867e-08
147.18253,-1.2577961e-07,371069.4,-3.614944e-08,5.275152,-1.7967468e-08,6.79807e-10,1.6111432e-08,6.8261268e-09,1.350895e-09,-736.1843,207.64528,39.744823,-6.9395276e-09
71.89343,-8.152721e-09,153654.45,3.90452e-09,9.1048355,4.049832e-11,-8.0597357e-10,2.1213669e-09,5.2638307e-09,-4.791972e-09,-638.36536,-2.7500687,35.991314,9.287696e-09
45.616646,1.1432136e-08,291209.62,-8.821068e-09,9.584477,8.592735e-09,-7.948658e-10,1.4006015e-08,-1.0280994e-08,-6.6303105e-09,9557.562,27.476852,39.472244,-2.0218303e-08
135.11427,-1.8926437e-07,525986.56,-4.8302105e-08,2.5810518,-1.859325e-08,-2.0729702e-09,3.3803953e-08,1.6024591e-08,-2.1050285e-10,-1226.9075,206.69276,59.128193,-3.3701056e-08
126.838,-2.595138e-09,302257.0,-9.57811e-10,10.353608,-1.0745855e-09,-2.1109776e-09,-3.4687488e-09,-1.3826458e-09,4.9808904e-09,-737.14905,14.687984,31.549715,1.2109541e-08
57.659668,-3.0649257e-08,135206.12,-6.9184014e-09,10.929118,9.594789e-09,-5.4948246e-10,1.5057573e-09,5.78005e-09,-1.860718e-09,163.23755,52.53055,56.66839,-4.011313e-09
24.959736,-2.578953e-09,124588.28,1.8533738e-09,10.643225,1.3075608e-09,-3.756872e-10,7.5966855e-10,2.7446612e-09,-4.83386e-10,-560.0562,-5.266762,27.510853,6.304828e-09
24.451637,6.012195e-09,299297.28,7.4761236e-10,14.21584,-1.3843625e-10,-6.248101e-10,-9.810949e-10,-2.897371e-10,6.319709e-10,-372.68903,4.8504944,31.364452,-4.1388177e-09
48.099136,8.333638e-09,435632.94,-7.490001e-09,8.975005,-1.3965833e-09,-8.450268e-10,-1.1379037e-09,-8.826125e-09,8.4128695e-09,285.64304,64.84777,42.34704,-1.7395976e-09
26.915073,1.3354722e-08,236308.95,-2.3949637e-08,10.917058,2.282059e-08,4.38242e-09,2.0185005e-09,-1.19379715e-08,-4.2691184e-09,-399.3899,-539.49365,56.46588,-2.6627147e-08
-2.6323624,-7.552839e-09,175742.86,6.01213e-09,14.751616,1.8975792e-10,-2.996601e-10,-1.5074986e-10,2.996005e-09,-4.206312e-09,-1060.6477,-16.902916,31.5373,1.34975515e-08
83.03876,-1.9544078e-08,247643.66,1.4864653e-08,7.779134,1.5375084e-08,3.339868e-11,1.2875758e-08,1.6507196e-10,-3.2098648e-09,-2504.1755,150.37694,13.339149,2.3005061e-08
49.139484,7.091169e-08,225128.62,-7.5803674e-09,5.4907737,-2.848787e-09,1.1060104e-09,-2.1966413e-08,-1.4866359e-08,-4.088682e-09,-2654.0393,-205.04085,47.764633,9.019576e-09
30.501877,2.7457197e-08,305653.47,6.32682e-09,9.903472,2.6256714e-08,-2.901994e-09,-4.882049e-09,-9.784411e-09,2.596205e-09,9662.813,-215.53777,45.59018,6.0067182e-09
46.273983,-2.3795865e-09,248504.94,-1.0564635e-09,12.600609,-1.312783e-09,-6.005045e-10,-2.1874471e-09,2.1086906e-09,-9.360616e-10,-513.92163,-4.699024,35.27768,8.517108e-09
51.077682,5.2419097e-08,300945.7,-8.259205e-09,13.080078,1.422659e-08,5.2893703e-09,-4.2325937e-08,-5.2356754e-09,3.779219e-10,-903.32837,504.87274,24.261724,6.3848495e-09
41.64835,-4.689677e-09,397327.7,-5.311352e-09,12.845955,-2.3670335e-10,2.3663379e-11,-1.3142215e-09,1.79975e-09,-1.4562108e-09,-648.265,-9.4119,49.69433,1.7576784e-08
118.30336,-2.6889625e-08,166221.78,-3.767548e-08,11.716853,-1.531614e-08,7.29526e-10,-1.26933415e-08,1.06693845e-08,3.3736833e-09,18855.562,182.42412,43.41549,-3.7018705e-08
75.46125,-3.0818104e-08,573450.1,-3.949052e-08,10.461438,-3.5334672e-08,1.683991e-09,-3.221569e-08,6.1018546e-09,4.799348e-09,2931.9463,655.68097,59.568737,-1.9759955e-08
0.79933167,-6.6462267e-09,299056.56,-6.583807e-10,11.260279,7.0195877e-10,-5.432001e-10,7.225368e-10,3.5146457e-09,-4.3914072e-09,-607.6737,-6.4186363,35.884495,1.5074196e-08
210.64607,3.1400145e-08,113570.484,-2.4282965e-08,12.8879385,-3.461002e-08,4.3021675e-09,-7.626472e-09,-1.1682552e-08,1.1442465e-09,-1851.8025,621.5421,-14.679813,3.8062087e-09
63.952248,1.0883947e-09,288177.8,-1.6931386e-09,12.2224,-1.0609398e-09,2.7310149e-10,-1.7032686e-09,-2.0261341e-09,2.5444526e-09,2811.6843,4.857773,38.742294,6.745566e-09
25.068176,-4.553146e-09,222735.47,-5.2223315e-10,13.129467,2.1552765e-11,4.153616e-10,-7.372396e-10,2.1806295e-09,-2.1784208e-09,-497.8653,-18.53363,53.218563,9.088466e-09
42.444824,-1.0902658e-08,237606.53,-2.7232008e-09,7.9972525,9.449426e-10,-3.1586928e-10,7.710209e-10,5.689265e-09,-5.300125e-09,-543.68414,-7.446701,53.00403,2.1828368e-08
180.93912,-1.69707e-07,328317.12,-4.1180826e-08,0.5510702,-1.0054857e-08,1.9726626e-10,2.7340601e-08,9.22554e-09,-1.3154691e-10,-58.632812,38.63919,34.660614,-1.3020728e-08
34.46941,1.4055681e-09,38437.047,-1.7692324e-09,7.5007343,1.4939536e-09,-8.1293294e-10,-1.073197e-10,-1.3480352e-09,2.285529e-09,-892.79865,4.4638824,39.108437,2.4445914e-09
52.02696,-7.836006e-09,222219.25,6.315926e-10,10.215613,3.8668704e-10,-3.2305475e-10,3.0635974e-10,5.488554e-09,-5.9437646e-09,-586.26074,-8.824524,51.27317,2.2026441e-08
98.45946,-3.3034876e-08,154085.94,-1.1678892e-08,11.125543,-2.2138966e-09,7.9909285e-10,1.1079873e-08,2.6125258e-09,5.178897e-10,-702.62134,212.12724,24.374054,-1.33290605e-08
7.144348,-3.3367538e-09,485496.2,4.57371e-10,12.113296,-3.855585e-10,-5.1778977e-11,1.443325e-10,-4.129605e-10,-2.4348055e-09,-468.99652,-5.3100853,35.88937,1.05355795e-08
39.51366,3.762795e-08,121051.35,1.1563532e-09,13.054428,-1.3547898e-08,3.314304e-09,-4.4628354e-09,-1.1970641e-08,-3.6315229e-09,-462.7268,-515.3552,24.906815,1.4558309e-08
321.98355,1.056519e-07,-112597.3,-3.6530373e-08,17.625,-5.1278295e-08,6.4161036e-09,-3.008247e-08,-1.9370656e-08,-2.6517941e-09,7391.9014,506.95667,-62.630764,2.921234e-08
35.125103,-4.9907842e-09,419971.53,1.0442919e-09,5.221679,-1.0067318e-09,-4.210476e-10,8.68955e-10,3.631912e-09,-2.6871845e-09,-343.88123,-7.0905266,34.751446,1.5530123e-08
50.72738,-1.5735571e-08,137388.6,-1.0312179e-08,13.155267,3.3542003e-09,-2.2259814e-09,-4.775777e-09,3.5579972e-09,9.697794e-10,357.23267,241.03812,44.950928,-3.0971364e-08
151.17615,-2.913047e-07,594600.2,-7.386574e-08,6.666877,-4.580526e-09,5.273424e-10,-4.3296854e-08,2.1588292e-08,5.7278458e-09,-710.03784,456.8924,56.44183,-8.479715e-09
29.632488,2.0098328e-08,55291.03,-1.4208586e-08,12.423591,2.3009193e-08,3.2979344e-10,-6.078683e-09,-7.0981274e-09,-5.753372e-09,2032.2006,-546.07556,51.320522,-1.16873995e-08
24.161682,-5.5970464e-09,319632.1,1.6961058e-09,6.642849,-4.2265347e-10,-5.77536e-10,4.291198e-10,3.915413e-09,-2.7134295e-09,-472.6173,-2.1738396,32.117527,1.2013976e-08
-25.060505,-8.124027e-09,321635.44,1.1454528e-08,9.302172,-2.0492399e-09,-2.4302363e-10,1.1394684e-09,2.5204523e-09,-4.4530415e-09,-849.9343,-17.133156,24.223227,1.3725626e-08
48.64189,-2.830898e-09,284554.88,-2.9321927e-09,5.1116643,1.5950469e-09,4.083808e-10,5.627855e-10,-1.6410061e-09,-4.5674375e-09,-270.28833,9.469543,41.92836,1.4348265e-08
81.85431,4.0459116e-09,163309.88,-3.265604e-09,12.368922,-1.606355e-09,-2.5192054e-10,-2.1681503e-09,-4.857658e-09,8.495526e-09,2375.119,404.47577,84.8999,-3.0286278e-09
57.099625,6.612361e-10,355699.88,-2.5927165e-09,7.8801403,-2.3412645e-09,-1.1056015e-09,5.606143e-10,-3.836163e-09,5.003804e-09,624.1901,37.687714,41.83148,-9.055238e-09
107.154686,-1.807825e-07,390886.88,-4.7545303e-08,10.434316,-3.0613927e-09,-4.876496e-09,2.567826e-08,9.610126e-09,-1.1944904e-09,-531.595,498.81653,39.829357,-3.929438e-08
29.346222,-5.8111898e-09,240500.52,3.9662087e-09,11.326435,2.030725e-09,-2.6656177e-10,3.6370282e-10,2.2418316e-09,-2.4462288e-09,-841.4932,-14.265999,39.305786,1.3387702e-08
19.5208,2.5035737e-08,213110.72,-1.5136361e-08,8.188644,2.0140444e-08,3.5425909e-09,-2.0462489e-08,-1.1216355e-08,-1.9307858e-09,1097.1912,-303.86877,37.21768,3.954595e-09
11.386383,-7.123354e-09,246529.16,3.023539e-09,10.683416,-4.089884e-10,-3.7144676e-10,1.6336581e-09,3.0269283e-09,-3.5602308e-09,-773.7775,-11.736038,32.036697,1.1567316e-08
66.42909,-1.1665171e-08,381054.7,9.653082e-09,9.119011,2.7010717e-08,2.5298095e-09,3.5475473e-08,-3.0961597e-10,-6.0461713e-10,10445.147,-57.82422,47.258774,3.166925e-08
37.136112,9.875946e-08,-27451.234,-1.2351907e-08,12.58685,2.0166869e-08,2.0555502e-09,-1.0786681e-08,-6.934734e-09,-3.162984e-09,6778.99,795.04565,61.392075,9.8727675e-09
98.38045,-1.3344349e-07,360142.88,-9.341847e-09,8.691046,2.6829385e-09,-3.4036152e-09,2.6882446e-08,1.3337793e-08,1.6301132e-09,-814.3347,168.4699,42.99976,3.36493e-09
28.148811,-4.6183226e-09,250839.06,3.6523602e-09,7.858865,-1.5022826e-09,-5.1146065e-10,1.2279726e-09,1.3730783e-09,-3.2565817e-09,-490.40765,-9.523685,32.853077,1.2600438e-08
53.315865,-8.261156e-09,143400.27,4.6514597e-09,12.173246,3.9301729e-10,-1.6357048e-10,-6.543016e-11,5.106853e-09,-3.6932775e-09,-1218.6091,-16.054329,36.02896,1.3530739e-08
23.548342,-4.8195483e-09,39675.47,3.8183887e-09,11.906998,2.6302699e-08,-8.947405e-10,1.7652498e-08,-6.989378e-09,-4.1095816e-09,451.35327,-406.89557,46.56711,2.3876467e-08
71.82813,4.450298e-09,-37381.594,-1.6511406e-08,12.44984,-1.0068835e-08,9.071935e-10,-6.726997e-10,2.9899952e-10,-1.4603427e-09,418.92017,261.1549,41.94495,-2.8060187e-08
58.852062,-4.245538e-08,239593.47,3.4630216e-09,13.321262,1.3008062e-08,-2.633195e-09,4.4225223e-09,-2.0215711e-09,6.8191774e-10,-385.15552,105.09686,41.596233,2.7016795e-09
62.58361,-8.192699e-09,23396.844,5.748924e-09,11.717384,-6.5187966e-10,-4.902117e-10,1.9101938e-10,3.1533316e-09,-3.9781116e-09,-747.4945,-14.932518,28.240372,8.905222e-09
91.81204,-3.2087208e-08,261922.2,-3.3626026e-08,8.068367,-2.6367053e-08,4.2901172e-10,-2.1464497e-09,3.991126e-09,-7.180394e-10,-92.03589,368.1322,66.842415,-2.3378607e-08
45.757786,2.2375787e-08,261055.12,-1.0243527e-08,9.540464,1.4809562e-09,3.1294887e-11,-3.170428e-09,-2.6828175e-09,2.0885311e-08,11.948364,148.24768,58.6258,-3.950899e-08
40.03863,-4.5721177e-10,235681.81,-2.8208716e-10,12.175259,-1.0510824e-09,-7.68387e-10,-5.506275e-10,1.5304314e-09,-5.304966e-10,-368.6338,7.1819305,45.741005,-6.0250005e-10
86.93756,1.5457091e-09,357336.5,-2.410202e-09,8.386929,-1.8169439e-09,5.594593e-10,-1.6271041e-09,8.5939067e-10,1.3722504e-09,-32.784363,36.08986,29.749557,-1.3289336e-09
44.984768,-7.7480614e-08,369800.5,1.9546442e-09,13.432734,1.564534e-08,-2.8224258e-09,2.9224418e-08,1.2008947e-08,1.986809e-09,214.63184,17.39119,42.798775,8.677756e-09
130.87476,6.236083e-08,268957.38,-2.0190559e-08,10.22735,-2.4348953e-08,3.823642e-09,-2.0900648e-08,-4.107672e-09,5.850311e-10,-2112.3137,544.5353,35.309177,5.777176e-09
30.774391,-4.3053827e-09,81861.92,-5.024437e-10,9.470634,5.070687e-10,3.1218533e-10,7.3258205e-10,1.4861067e-09,-2.1431177e-09,-467.8471,-0.65032196,57.56356,1.1444017e-08
24.562641,-1.3772332e-09,154909.28,-8.4038976e-10,13.674891,-2.5392702e-10,-2.1992388e-10,1.263916e-09,-1.0259945e-09,7.285505e-10,-860.5626,-5.559017,51.306572,7.2986635e-09
31.702452,7.659586e-09,115063.72,-7.840046e-09,10.387472,-2.0932568e-10,2.779281e-10,1.2479746e-09,-5.863121e-09,2.2897204e-10,295.68298,77.286095,31.177856,-1.4519786e-08
26.736765,-3.048808e-09,351500.38,8.4203183e-10,14.177687,-1.7050176e-08,-8.402298e-10,9.9367785e-09,-6.428227e-09,-2.4574442e-09,1075.0286,43.06833,49.016914,1.4036804e-10
74.02648,-6.794451e-08,422814.12,-3.2039205e-09,8.257713,6.672545e-10,-5.9536958e-09,1.7506627e-08,1.3247356e-08,-1.1545158e-09,-501.53882,190.20662,67.973915,3.916629e-09
79.93208,-3.9572e-08,202288.45,-1.3227499e-08,10.294375,-4.804417e-09,1.6072739e-09,1.754494e-08,4.7122315e-09,-4.0240744e-09,1092.5901,233.57288,24.15324,-2.323578e-08
39.451664,1.4730495e-08,256618.47,-2.609832e-09,11.313622,1.8427055e-09,-1.1172396e-09,-1.0116701e-09,-8.99989e-09,1.4005785e-08,138.5158,103.844666,32.948948,-1.482121e-08
29.814594,-1.3390662e-09,79306.53,6.61881e-10,11.451991,1.9267408e-09,-8.748244e-10,1.6643951e-09,-2.01428e-09,-2.2382536e-09,-1234.4836,-5.0944366,47.87523,6.3509416e-09
48.888893,-1.6347505e-08,142858.61,-2.2283377e-08,12.255572,7.815852e-09,-1.4741722e-09,6.056659e-09,2.2449922e-09,-1.4765705e-09,919.8081,-12.2790985,65.172386,-4.2859583e-08
164.7909,2.4542569e-08,280229.94,-6.4392104e-08,8.537034,-2.7151723e-08,-2.551656e-09,-1.9477588e-08,3.3869255e-10,2.4314401e-11,1105.3455,352.6981,54.206696,-9.875996e-09
151.64055,-2.1382467e-08,187524.48,-2.811e-08,14.597418,-2.2808601e-08,1.5024836e-09,3.703154e-09,-2.8440348e-09,-6.7555e-10,5721.081,372.38428,41.696163,-2.39744e-08
87.09013,-8.975872e-08,332311.66,-9.09555e-10,12.307451,9.1350545e-09,-1.2719404e-09,1.9448963e-08,9.1990895e-09,-3.0528097e-10,-265.40503,41.196274,40.3152,-9.799648e-09
90.13608,1.2007567e-08,-169832.8,-7.2107724e-09,10.081834,-1.1624792e-09,-4.554446e-10,-2.926546e-09,-6.6229693e-09,8.437915e-09,587.67413,112.525604,26.93575,-1.6964302e-09
138.58388,-1.2133574e-08,313274.7,-2.4599101e-08,13.502317,-2.3183244e-08,1.8966625e-10,-2.6573785e-09,-2.325645e-09,2.071489e-09,-1484.655,467.93243,10.082981,-1.6993758e-08
16.852139,-7.0923036e-09,187671.39,-9.2464825e-10,4.449885,-7.350438e-10,-7.1564366e-10,1.2360739e-09,4.7445194e-09,-2.5000528e-09,-373.90564,-6.5936813,49.06398,1.2099798e-08
51.025887,9.209604e-08,392023.0,2.0514472e-08,8.017143,9.887882e-08,1.1628672e-08,-8.371216e-08,-3.119333e-08,-1.9494832e-09,-46364.164,661.3362,26.394348,3.8549782e-08
140.54048,-5.3596633e-08,341279.16,-5.6449007e-08,6.7252645,-2.5299393e-08,-1.989014e-09,-3.7894687e-09,3.7340864e-09,2.587273e-09,-1338.0896,368.5437,50.1441,-1.9313372e-08
72.79732,-1.8551617e-08,378982.8,-1.8041968e-08,12.013825,-2.982622e-08,1.372216e-09,-1.5000175e-08,1.1089505e-08,6.0809513e-10,-689.2097,1205.7501,53.704002,-1.42692e-08
107.525635,-8.059221e-08,395686.5,-3.003752e-08,8.417721,-2.070312e-08,-6.6103625e-09,-4.315835e-10,7.613974e-09,1.6865301e-09,5110.6553,240.1726,57.77941,-2.0292234e-08
53.230858,-4.293899e-09,213272.34,1.3736383e-09,9.638171,3.2512122e-09,-4.494965e-10,-1.3829676e-10,4.725055e-09,-4.0281014e-09,-1082.4153,-3.0656433,34.342808,1.2597255e-08
231.71547,6.629295e-08,8565.672,-5.126453e-08,12.368038,-5.2235322e-08,6.448649e-09,-6.623285e-09,-6.8936057e-09,-1.3154119e-09,14316.428,89.79948,2.4658737,-7.0704087e-10
44.17712,-7.8696365e-09,295235.2,3.6063212e-09,9.788255,-1.4943999e-09,-6.614929e-10,2.372357e-09,4.1824464e-09,-4.1450736e-09,-842.9392,-11.622688,32.61263,1.4956209e-08
40.628624,-6.958426e-09,359527.38,-1.8440324e-11,7.1475005,1.3035618e-09,-4.919656e-10,-6.659466e-11,5.0150315e-09,-4.1852966e-09,-469.42395,-8.937489,51.30134,1.615937e-08
149.25174,-5.121472e-08,282724.2,-2.1967088e-08,11.533345,-1.6922154e-08,-5.23559e-10,6.725231e-09,4.085534e-09,2.2443407e-09,-1875.3606,402.70508,31.119385,-1.281372e-08
104.198616,-8.415831e-09,386619.44,-1.7495974e-10,6.1439996,-4.2297215e-09,7.340952e-10,3.1442074e-08,-3.2435116e-10,-4.0548596e-09,-4905.0264,90.68212,17.794432,-1.4926318e-08
-7.4466705,-2.746077e-09,286138.06,4.9440163e-10,4.275889,-1.4058437e-09,-5.293174e-10,-1.0136653e-09,4.4442783e-09,-2.0280877e-09,-612.17755,-8.356983,37.64459,1.1152037e-08
15.993158,-1.1464074e-09,411104.25,1.8149795e-09,10.934314,7.5402856e-10,-7.609134e-11,-5.39995e-10,3.4255419e-09,-3.6091639e-09,-750.2063,-3.5455055,36.979694,9.143101e-09
49.283318,2.1866906e-09,233090.69,-2.7310922e-09,10.651856,-6.47238e-10,2.0577252e-10,2.3461233e-10,-4.847227e-09,1.4602796e-09,-39.815567,8.365459,44.20792,-1.5560303e-08
86.88522,9.261072e-08,388897.88,-2.7282843e-08,8.8896885,-7.8627345e-08,4.0192196e-09,-1.0705786e-08,-9.175261e-09,6.07135e-09,23689.684,329.09946,33.94558,-8.633311e-09
14.554153,-1.0119169e-09,87803.92,-3.3331062e-09,15.503609,3.602283e-10,-6.0697436e-10,2.323662e-09,2.3006854e-09,-8.5957974e-10,134.71857,3.9114227,62.536636,5.8504135e-09
100.24946,-4.1219966e-08,406751.47,-5.166661e-08,8.866445,-2.1549626e-08,2.6602118e-09,1.1605887e-08,5.791168e-09,7.6190987e-10,1498.1445,254.72287,64.147415,-3.8180644e-08
61.572083,1.0853408e-09,160719.14,-5.385971e-10,9.964536,-1.3773223e-09,-7.987777e-10,-4.1806916e-11,-1.3522013e-10,-9.6935e-10,-354.19525,40.666985,53.21721,-4.5731396e-09
26.492077,-8.071123e-09,347730.22,2.2455824e-09,6.6704445,8.3577967e-10,-4.553559e-10,8.712788e-10,5.0627027e-09,-4.5441273e-09,-710.1476,-10.534935,39.39398,1.7483353e-08
46.271835,-1.1166951e-08,-18319.422,4.9192264e-09,15.367199,-1.4438875e-09,-7.3393944e-11,1.2417877e-09,3.1192815e-09,-1.8070608e-09,-1076.9474,-20.450111,28.956837,1.3149301e-08
-13.260269,-4.2671737e-09,126236.62,-5.024409e-09,7.204936,2.2336903e-09,-7.532782e-10,-1.5573145e-09,2.7616254e-09,-2.5594935e-09,-248.83842,-5.358074,43.560726,1.3636547e-08
133.06548,2.5908326e-08,340597.78,-3.4673683e-08,6.64992,-2.2738714e-08,-1.9756394e-09,-3.8129295e-09,-7.910329e-10,3.204457e-09,11008.495,681.77344,55.631042,1.4586859e-08
31.169815,-7.372884e-09,458502.8,1.6588521e-09,5.6010294,-5.4914906e-10,-1.0953625e-10,3.9033563e-09,3.1756582e-09,-3.6636258e-09,-407.11548,-9.889656,43.129776,1.3675948e-08
-18.598965,-1.0879326e-08,284855.1,2.3984905e-09,6.8540874,2.9663427e-10,-1.2676513e-10,1.6569972e-09,4.6139195e-09,-5.4317555e-09,-720.9042,-13.613976,33.295437,1.7537372e-08
14.703337,-1.869475e-09,155672.67,4.364291e-09,6.0637507,-2.0768485e-09,-5.685802e-10,-8.9776203e-10,4.4005033e-10,-2.3178617e-09,-609.7899,-9.261711,25.43864,6.39822e-09
94.76021,7.793586e-08,310197.06,-1.2398167e-08,7.3111844,4.5867927e-09,6.399572e-09,-3.862373e-08,-1.4677775e-08,1.8104664e-09,-8305.482,517.0622,32.517216,8.709441e-09
63.340668,3.7931386e-08,268871.5,-6.944564e-09,12.107325,-2.9037084e-08,2.3991447e-09,1.2387721e-08,-6.508955e-09,-8.182081e-10,-1368.9993,0.8551941,28.088453,-1.8513191e-08
46.67491,-5.8956388e-08,255087.36,1.4576569e-08,10.019207,1.4343401e-08,-2.5412779e-09,1.7370972e-08,1.1327226e-08,-9.856741e-10,-839.8596,13.008041,36.279663,3.412159e-08
38.94999,9.231966e-10,179599.16,-2.9277794e-09,10.134375,-1.1643055e-09,-4.3611684e-10,5.6490213e-09,-2.234366e-09,-6.1089596e-09,-3151.1946,-387.6994,51.022312,-1.1097559e-08
51.26212,-5.8574625e-09,209062.62,1.4631978e-09,11.690615,-1.3044319e-09,-1.1624391e-10,-2.7605915e-10,4.137517e-09,-5.5350005e-09,70.02455,-13.382805,61.565376,1.6487911e-08
9.27622,-7.89077e-09,64846.234,8.241126e-09,12.603931,-7.378572e-10,-5.813495e-10,1.4970502e-09,2.1658422e-09,-1.8791535e-09,-1014.85187,-13.320404,29.80444,1.0154952e-08
-18.047028,-3.812081e-09,342000.5,-1.5901525e-09,8.896676,-1.8281708e-10,-5.1947724e-10,-1.5622642e-09,1.0089782e-09,-3.3631875e-09,-510.0385,-5.8066444,41.730705,1.1681626e-08
31.232475,-1.1668978e-09,136446.97,3.1861989e-09,7.9017406,1.7748649e-09,8.03716e-11,-2.7201896e-09,2.7150249e-09,-2.8813213e-10,-888.73944,-8.392113,36.443142,4.247424e-09
44.915573,-6.534314e-08,222697.2,3.1568226e-10,8.797219,1.1008431e-08,-6.197532e-10,4.5008637e-09,9.0894865e-09,-2.97008e-10,510.58618,190.35826,38.65246,-1.1049617e-08
90.09294,-8.186409e-09,52671.734,3.411743e-09,14.407688,3.5716077e-10,2.9002475e-10,-2.524795e-09,6.028837e-09,-1.4727505e-09,-1103.5479,-17.202072,38.305782,1.001054e-08
61.620636,-6.0502217e-09,122998.69,2.2768476e-09,13.342888,-1.183602e-09,-9.3557016e-11,-3.4196934e-10,4.6095483e-09,-2.6237397e-09,-845.46106,-3.5595093,42.7454,9.0055865e-09
40.940796,-5.2856198e-08,119179.09,4.9272586e-09,10.762371,1.1598365e-08,-5.628152e-09,1.8009265e-08,5.6041234e-09,-2.6831435e-09,483.1985,49.728287,33.5055,-1.887597e-08
40.066437,8.407566e-08,74581.76,-1.1081966e-08,12.108481,5.003238e-08,4.75628e-09,-4.637113e-08,-8.2985885e-09,-1.7779197e-09,8998.736,282.82605,57.181328,-8.470916e-09
167.54329,-6.851711e-08,255777.95,-2.8712982e-08,5.964126,-1.9744405e-08,1.0466614e-09,1.8893566e-08,1.5252168e-09,8.7525e-10,-1845.6921,117.40375,27.366783,-1.9873236e-08
46.68194,-3.356522e-10,219512.53,-6.3112675e-09,11.626406,1.3528107e-08,2.1750588e-09,-9.382415e-09,6.492351e-09,-2.4136046e-09,-410.11255,24.79393,27.30768,-1.7563144e-08
-4.78153e+28,1.017461e+21,-741093.44,1.9109075e-08,9.169072,1.9257337e-08,1.0498808e-11,-2.5715387e-08,-1.4278103e-08,-2.0537332e-08,1796.9202,-115.17922,22.432371,-5.4831585e-08
103.2753,9.190318e-08,86891.78,-2.5521144e-08,14.106976,-4.6547135e-09,1.0181518e-09,-2.812708e-08,-4.1794466e-09,1.0249995e-09,2891.251,656.9874,37.882153,-2.6777034e-09
85.30344,-5.362146e-08,136866.0,-1.7593146e-08,11.518132,8.914723e-09,-7.147581e-10,2.1979387e-08,7.154043e-09,-1.7723213e-09,-490.0432,54.503937,30.368309,-1.9802712e-08
16.746763,-3.2593581e-09,265152.88,7.411616e-09,7.989712,1.5667448e-09,-1.955729e-10,2.1107485e-09,3.5777166e-09,-2.4193023e-09,-776.34595,-10.080803,23.692581,8.011819e-09
57.360596,-4.4379993e-09,266565.03,2.8618738e-09,14.400515,-2.016127e-09,-5.9398673e-11,1.8430717e-09,3.2807232e-09,-1.2320812e-09,-859.07007,-10.571526,29.84269,8.511261e-09
165.18661,5.781562e-08,189515.64,-7.3884344e-08,3.3986444,-3.504877e-08,5.7428934e-10,-3.7557797e-08,-7.190968e-09,2.9993754e-09,1294.7825,1298.725,45.716633,1.6249686e-09
132.05646,-5.3104867e-09,109047.69,1.0938546e-09,9.632318,-7.608072e-10,-3.929765e-11,-2.148516e-09,-7.622805e-10,6.7228165e-09,626.42566,-18.058586,56.714214,2.9100416e-08
16.69708,-6.3994112e-09,228647.58,1.3797076e-09,16.043064,-4.7245846e-10,-7.732096e-10,3.9599596e-10,2.8263192e-09,-3.9540224e-09,-1092.174,-13.037567,39.67659,1.1113511e-08
52.325367,-1.3710737e-10,225394.4,-3.749016e-09,9.935067,2.7401017e-09,-1.3713954e-09,-1.2117803e-09,1.9953195e-09,-3.2091538e-09,-10.81752,-4.650181,33.99619,6.842354e-09
879.4128,2.3480013e-09,-223353.11,-1.5010048e-08,11.670697,-3.3936534e-08,7.87755e-09,-4.022941e-08,-4.0375493e-08,-7.0201263e-09,1415.362,-47.368484,-409.8209,3.71133e-08
140.65698,5.142273e-08,242272.12,-1.8670788e-08,12.8927145,2.1846319e-08,-2.848988e-10,-1.8938312e-08,1.063354e-09,2.234015e-09,6430.753,971.81915,45.768013,4.56291e-09
34.386257,9.700464e-09,17349.25,-1.9162716e-09,8.659052,9.1404946e-11,-2.9308056e-10,3.869584e-10,-2.0813977e-09,9.887521e-10,853.5377,121.616234,20.947235,-6.097419e-09
30.569427,-1.6897631e-09,155127.06,-9.8064605e-09,7.703368,-2.483385e-09,2.3717805e-10,-2.377721e-09,1.1440007e-09,2.4332765e-09,89.96991,5.460369,32.61857,4.043632e-09
50.208244,-6.940039e-09,334569.7,6.0051017e-09,6.1746197,-4.5994034e-10,-4.6093372e-11,1.8330663e-09,3.5700822e-09,-5.502047e-09,-581.57355,-6.915127,30.211514,1.6564332e-08
30.110611,-9.433119e-10,41984.0,-1.5720718e-09,11.828749,6.9306216e-10,-6.9022864e-11,2.5041427e-09,-3.1010252e-09,-1.8175459e-09,41.672775,16.39238,55.57008,-4.196974e-09
72.88423,-4.4575588e-09,264757.4,2.7097569e-09,11.800051,-1.426855e-09,1.063949e-10,-1.4938336e-09,2.2536493e-09,-3.0882685e-09,-800.0137,-6.79105,41.64693,1.411294e-08
111.96532,-2.7221676e-08,480326.25,-6.152539e-08,-1.3310881,-1.7498454e-08,-2.3443653e-10,-9.909876e-08,7.05428e-09,2.0895702e-10,-8481.207,342.51074,113.44319,-1.2572484e-08
72.68623,7.780837e-09,38957.453,-7.287026e-09,8.562288,1.5769536e-09,-1.2597563e-10,-3.026537e-09,-2.6771318e-09,7.3950024e-09,-917.168,78.66858,46.374588,-2.277718e-08
20.875141,-7.1535906e-09,319324.84,4.1886534e-09,7.5629783,-2.96513e-09,-8.338384e-11,1.2833244e-09,3.5791292e-09,-4.143615e-09,-828.5656,-12.995789,41.575138,1.5117234e-08
43.057377,-8.415529e-09,304907.44,-1.6092752e-10,9.182128,-1.187457e-09,1.4200609e-10,9.331466e-10,3.4029688e-09,-2.808031e-09,-643.8466,-10.769592,57.825085,1.9764753e-08
57.098526,-2.6677853e-09,211070.12,9.5952614e-11,10.4929285,-7.922452e-10,8.4192536e-10,5.977517e-10,4.3891557e-09,-2.2298117e-09,647.0149,-6.616955,36.070705,1.19771455e-08
100.746056,-3.473599e-09,145735.45,-7.3041284e-10,7.6668053,-1.5039618e-09,1.3249418e-10,-5.3076743e-10,2.5101063e-09,6.702905e-09,831.51086,-15.6903305,68.63893,2.0536527e-08
43.98163,-4.1348778e-09,268774.2,4.336585e-09,9.480672,-1.080302e-09,-5.137598e-10,4.623826e-10,4.0381933e-09,-2.899666e-09,-536.4283,-7.472805,30.719193,9.983216e-09
60.860413,-3.0991472e-08,60086.9,4.219667e-09,14.757023,1.13356515e-08,-2.3036932e-09,1.2449377e-08,4.1796935e-09,-1.7887375e-09,537.3745,-9.31955,32.940136,-1.9360352e-08
24.941202,-1.0728256e-08,167372.44,-1.4284512e-09,13.05223,1.7704725e-08,1.1887716e-09,2.4890038e-08,-7.708308e-10,-2.8001468e-10,-553.2908,-487.18317,47.34478,3.7388537e-09
110.03725,-8.600184e-09,476791.0,-4.193428e-08,10.036994,-2.5279684e-08,2.1194704e-09,-2.3386251e-08,2.9992755e-09,3.801378e-09,-1881.2542,641.8576,61.826527,-1.9757302e-08
66.54805,9.278559e-08,308883.2,-1.9069075e-08,8.357616,-3.819399e-09,7.396968e-09,-6.327416e-08,-1.7192194e-08,8.802055e-10,-11399.361,706.8928,27.496426,9.614247e-09
282.01953,1.6143196e-07,69536.4,-2.6486118e-08,15.709232,-7.364777e-09,6.4313204e-09,-5.2222777e-08,-1.0224711e-08,-2.526988e-09,35460.02,238.15637,-22.220646,2.5929081e-08
233.83736,2.0344178e-08,273100.53,-7.254656e-08,13.908935,-6.984025e-08,3.4067629e-09,1.1181585e-09,-3.0313445e-09,-7.013316e-11,161.71289,440.02753,24.63364,-3.871864e-09
-49.8569,-5.2886118e-09,240071.66,6.126993e-09,4.901719,-3.2790706e-09,-5.234143e-10,-4.6327303e-10,2.2567692e-09,-3.6559167e-09,-623.3444,-12.87133,25.776207,1.463269e-08
47.7507,7.198959e-08,316600.56,-1.1752673e-08,11.352925,-3.7911793e-08,8.244167e-09,-4.0947835e-08,-1.2837433e-08,-5.8448746e-10,31222.639,640.0369,59.8034,3.3579004e-09
9.888626,-8.261791e-09,82618.95,-1.391233e-09,9.53529,-2.4373295e-10,-5.8962984e-10,1.0903809e-09,2.0462079e-09,-3.2444585e-09,-760.4563,-13.041199,53.95995,1.2795176e-08
53.81372,2.4481228e-09,259082.94,-4.1598747e-09,1.1739435,-2.119724e-09,-5.0856974e-10,-1.7006925e-09,-7.091458e-10,2.862149e-09,-231.6414,14.267311,72.050766,2.859276e-09
69.66437,-5.578869e-08,177686.2,-4.1802544e-09,9.892174,6.200621e-09,-2.8325364e-10,1.9859815e-08,9.315565e-09,-1.8689623e-09,520.8174,92.22579,22.260757,2.9088205e-09
107.061676,-8.873837e-08,464917.2,3.8316692e-08,11.942883,1.0562678e-08,-4.361918e-10,3.4965367e-08,1.7205384e-08,4.330818e-09,3698.6663,316.13147,67.80091,4.45958e-08
9.785679,-7.151601e-09,156606.81,2.575315e-09,10.1136265,-2.6963384e-10,-3.7323528e-10,-4.7466403e-10,3.9525885e-09,-3.851575e-09,-710.8495,-11.46788,40.169136,1.1372721e-08
38.397697,-8.144345e-10,158184.47,4.7501616e-09,7.642191,-1.7530746e-09,-6.5096906e-10,-1.1548302e-09,2.0879496e-09,-2.7036828e-09,-693.60504,-0.51750183,23.615534,6.8285395e-09
123.11075,-9.2995395e-10,189531.78,-2.0729503e-09,5.237972,-2.233449e-09,1.0088687e-10,-7.375016e-10,-1.6815448e-10,6.006434e-09,213.03856,54.502186,80.30584,5.9560814e-09
102.12988,-1.05694795e-08,-34398.594,7.678801e-10,12.025077,-1.1271182e-09,-9.1579766e-10,3.3971193e-10,4.991681e-09,1.552593e-09,-1145.7551,-27.572609,45.33971,1.2458248e-08
63.7655,-1.4353854e-09,99043.46,-1.713655e-09,9.565457,6.975939e-10,-1.4333229e-10,3.2827552e-10,-8.0952756e-10,-1.5977619e-09,-670.7537,-18.226593,46.144783,1.9701734e-09
42.696934,-1.06162465e-08,381922.78,1.2773802e-09,16.197626,-2.6031877e-10,2.8139432e-10,2.7488973e-09,5.7559406e-09,-7.799382e-09,-883.87897,-17.401917,35.01245,1.8855904e-08
6.242016,4.3354076e-09,192371.22,-4.672684e-09,12.587006,3.5556327e-09,-7.363217e-10,-1.2160563e-10,-1.7438017e-09,4.6242734e-09,-478.8261,2.3684807,39.473637,-9.0775565e-10
72.07612,-3.294829e-08,309739.3,-2.8334803e-08,8.144813,1.4817252e-08,2.931417e-10,-1.5231713e-08,1.3522759e-08,3.5752727e-09,18671.625,-46.166916,79.63161,-3.953118e-08
34.821724,-1.5408632e-07,157986.45,7.33221e-09,9.564114,2.1800828e-08,-3.4764729e-09,3.540469e-08,2.095636e-08,-8.5127855e-10,739.1548,125.952576,47.77375,5.371471e-09
43.264244,-3.080037e-08,135835.84,5.655367e-09,12.70095,1.206195e-08,-2.0369864e-09,7.219737e-09,5.843842e-10,-2.672762e-09,145.33911,-46.210663,43.980732,-2.0902233e-09
8.486296,-1.4136925e-08,282396.0,6.1528835e-09,6.0260525,-1.4808409e-10,-2.1043205e-10,4.6968287e-09,5.2554356e-09,-5.092157e-09,-626.41156,-13.964737,27.775791,1.602313e-08
45.6227,-2.24472e-08,263610.53,3.3378216e-09,15.304247,-8.977519e-10,-1.6859304e-10,-1.0699848e-08,5.524326e-09,7.87255e-10,-26.099121,263.5412,83.253334,-2.3951172e-08
26.028124,-5.399096e-08,44269.312,7.3396067e-09,12.108172,1.2099179e-08,-1.6907815e-09,1.40975756e-08,9.2958405e-09,-1.8201274e-09,79.4707,-26.319351,42.524685,-9.1456664e-09
25.69778,-7.5416375e-09,292158.25,1.5871482e-09,11.734038,-4.8881105e-10,-3.8332046e-10,5.2436666e-10,5.737108e-09,-5.2545728e-09,-823.72784,-10.59333,39.250423,1.5049057e-08
65.34508,5.3951798e-08,238451.34,-1.8148775e-08,11.286617,-3.3539937e-08,1.952103e-09,-3.8825455e-08,-4.4500807e-09,-2.1677173e-09,449.4702,480.92065,56.1739,-3.2241276e-09
1.5872536,-6.83953e-10,317151.62,5.3251353e-10,7.6121264,-1.0857283e-10,6.493062e-11,3.0366096e-10,1.4638771e-09,1.0209511e-09,-682.4151,-8.970459,48.667107,1.0200117e-08
44.73018,-9.003844e-09,181804.88,9.1417535e-10,6.7283754,7.614566e-10,1.0493533e-09,1.2663521e-09,4.661341e-09,-4.094198e-09,-529.71954,-9.774513,44.79257,1.7760463e-08
33.73102,-8.398839e-09,247305.11,1.3881277e-09,11.402972,1.7309559e-09,-5.952553e-10,2.5008338e-09,4.897634e-09,-5.188097e-09,28.04287,-13.833618,44.873505,1.5712672e-08
-1.0038948,-5.232518e-09,360446.38,-1.5689222e-09,8.725295,-5.920374e-10,-3.0938338e-10,2.3793167e-10,1.7426969e-09,-4.062258e-09,-366.71332,-7.5887947,48.018795,1.215691e-08
13.909695,-1.1001492e-08,475460.38,7.657646e-09,5.747798,-2.4750417e-09,9.280548e-11,2.8795595e-09,5.001804e-09,-6.8999513e-09,-699.24854,-11.543175,34.238453,1.6406066e-08
116.84625,-6.272761e-09,224345.4,-5.469453e-10,9.118385,-3.7649409e-10,-1.1953125e-09,-8.533825e-10,4.795195e-09,9.1790714e-10,-308.95917,-21.94783,34.56271,2.3577233e-08
-10.469456,-1.0290144e-08,221816.67,7.0391875e-09,4.5895004,-6.520421e-10,-1.4036759e-10,9.741725e-10,4.0680477e-09,-4.4509645e-09,-641.5735,-15.388809,32.246746,1.5073848e-08
36.780186,-2.629772e-09,219099.23,-5.436311e-10,8.736139,1.3422248e-09,-4.26876e-10,9.715903e-10,4.0666115e-09,-8.188524e-10,-81.83702,-4.421097,39.198227,6.4145547e-09
3.3221626,-1.293213e-10,435077.1,5.1352995e-11,11.111848,-1.8884103e-09,1.5546903e-10,6.72687e-09,-3.77044e-09,-2.6867364e-09,-62.54689,2.476162,31.604517,8.329246e-09
52.481068,-6.091997e-09,309896.38,2.441933e-09,12.942823,-1.6804258e-09,-6.4417793e-10,-9.303058e-11,3.6576249e-09,-4.3708788e-09,-1311.4141,-6.012928,40.20736,1.7096886e-08
172.40779,-3.1703559e-07,458936.44,-1.3762404e-07,0.13649273,-2.7150739e-08,5.8888e-09,-1.5769448e-08,1.7247789e-08,2.6170632e-09,673.8772,253.1972,69.6261,-4.9026404e-08
40.145092,-6.8629524e-09,199776.25,2.809924e-09,10.8597555,-2.7713705e-09,3.3859354e-10,8.263828e-10,2.9094516e-09,-3.1844831e-09,-638.61554,-12.154526,24.117447,1.0223703e-08
61.59899,-5.136413e-08,245835.4,-1.2886478e-08,11.652519,9.30395e-09,-5.284177e-10,1.5966082e-08,9.943825e-09,-1.2865761e-09,29.717285,402.3907,52.709026,-1.5659475e-08
41.842617,4.917158e-08,122343.914,-1.3990173e-08,13.411707,-5.1589065e-08,3.5646214e-10,-1.856093e-08,-3.4240237e-09,-1.939416e-09,12112.617,750.88055,52.634804,-1.0644512e-08
24.404696,-8.280716e-09,174180.25,7.806615e-09,8.411026,2.544022e-10,2.5192666e-11,6.7508515e-10,5.4002967e-09,-3.9763344e-09,-642.69446,-12.027367,30.107872,1.1735194e-08
40.4888,4.906943e-09,199980.05,-4.9136597e-09,9.56851,-1.4130729e-09,-3.4157472e-11,2.6186944e-09,-4.755904e-09,6.4477645e-09,-171.933,31.407593,24.058208,-7.4269018e-09
22.65912,-7.92641e-09,125003.12,1.7026445e-09,11.738346,6.8482026e-10,-5.753299e-10,1.8835713e-09,3.847099e-09,-2.422154e-09,-987.6141,-15.39888,48.070557,1.3585056e-08
-6.8509293,-7.487953e-09,183790.7,2.3274147e-09,15.365301,-1.6991682e-10,-4.3554568e-10,6.0946914e-10,2.500134e-09,-2.8213867e-09,-1196.7883,-15.93412,41.09851,1.2640907e-08
60.320408,-7.900452e-09,176776.69,4.017785e-09,10.961473,-1.9298287e-09,-1.1718334e-09,8.1785356e-10,4.78964e-09,-2.187945e-09,-859.906,-10.223457,30.622166,1.0085517e-08
34.130257,-7.4635714e-08,323307.56,-4.43003e-09,13.696414,3.627903e-09,1.2839151e-09,1.4972901e-08,8.098931e-09,1.2519873e-09,225.96509,266.44623,49.125874,-3.004907e-08
49.165894,-6.171174e-08,258809.38,5.399827e-10,9.7226,1.1814649e-08,-1.9047033e-09,1.980489e-08,8.340145e-09,7.7252565e-10,-865.25024,66.21153,28.317175,-1.4076414e-08
132.86816,-1.440919e-07,470504.25,-4.717256e-08,-1.5363035,-1.9206025e-08,-1.7523513e-09,1.5246698e-08,1.28820865e-08,-3.9159007e-10,2413.087,94.84861,52.403282,-1.9765361e-08
66.30475,-1.9172957e-08,169470.0,-7.95411e-09,13.457006,-3.0147507e-09,1.8611541e-09,2.1827418e-08,-5.0516364e-09,-2.627485e-09,2197.1233,-52.56317,20.672842,-3.31408e-08
14.572018,-8.6845354e-08,228976.56,1.2980098e-08,9.412,2.3366352e-08,-5.906771e-09,1.3612176e-08,1.2415922e-08,2.471154e-09,536.84766,102.11788,58.904587,-1.1430547e-08
-3.0542603,-7.640598e-09,396559.8,7.0860623e-10,9.490939,6.813471e-10,-4.8524542e-11,8.1639323e-10,3.5733905e-09,-5.5484746e-09,-492.4806,-11.06871,40.566826,1.5012336e-08
95.23404,5.5677014e-09,166991.19,-2.2303729e-08,12.908279,-2.5895302e-08,1.423126e-09,1.7085954e-09,-4.575834e-10,-1.6074672e-09,1213.0154,304.11697,43.21426,-1.6477644e-08
27.243294,5.0950795e-09,192675.6,-1.3163688e-09,7.2578206,3.1300254e-09,-4.5638385e-10,-1.8835153e-09,-8.3129426e-10,1.2347693e-09,-561.6708,9.502609,43.1933,-3.0596548e-09
43.521202,4.4424944e-08,166527.19,-1.6914687e-09,11.410384,5.213111e-10,6.1667356e-09,-6.357224e-09,-1.0779791e-08,-3.6585777e-09,-12332.238,-580.3495,41.657375,2.082764e-09
244.06308,-1.1051867e-07,333184.47,-1.6356888e-07,5.411864,-3.6776004e-08,2.9797356e-09,3.62814e-08,5.8039813e-09,-1.6979468e-11,-1490.7917,366.4469,54.242764,-2.61218e-08
82.32857,-9.232394e-08,279833.5,-1.1847119e-08,7.660489,4.8997832e-09,-8.219414e-10,2.1073918e-08,9.567514e-09,2.825782e-11,658.54517,121.04298,36.714203,-6.683589e-10
73.067566,9.275209e-10,51427.062,-2.2441722e-09,12.749655,8.0196083e-10,-1.1905721e-09,-2.1624832e-10,-2.576637e-09,4.021509e-09,-161.53874,-1.0511475,40.78312,2.696397e-09
35.44056,-2.5012812e-09,271212.22,4.3482107e-09,12.353875,7.4128187e-10,-5.556936e-10,1.0032328e-09,1.7349298e-10,-3.3660987e-09,-522.2788,-2.0467796,16.50533,9.862955e-09
0.8877945,-9.379705e-09,295465.75,4.8166844e-09,4.1631966,-2.1159414e-09,-7.36192e-11,1.2600221e-09,4.9020326e-09,-3.7760706e-09,-638.62756,-11.384201,31.965128,1.5242664e-08
70.75421,-3.4334067e-09,140868.53,-2.7505938e-09,15.134656,-1.3289479e-10,-4.6485035e-10,-2.350054e-09,3.64973e-09,-2.1375286e-09,-1128.2749,-25.390076,46.460182,4.7154045e-09
70.60657,-2.2016037e-08,46215.812,-1.0125061e-08,11.375918,1.0638789e-08,-3.1365623e-09,4.503341e-09,2.994277e-09,-1.6858264e-09,1168.6401,201.21175,62.152557,-2.471349e-08
45.36667,1.0444811e-08,114057.75,-4.443974e-09,10.38683,6.026219e-09,-2.7608822e-09,-6.4929613e-09,-4.4703e-10,2.643668e-09,720.219,133.80077,41.194637,-1.8650976e-08
54.380577,-2.6188614e-08,165203.4,-3.36488e-09,11.085614,2.2413693e-09,-2.530203e-09,1.175423e-08,6.3706618e-09,8.7616525e-10,908.895,185.7043,31.026497,-2.4761977e-08
-46.79716,-5.905483e-09,590017.4,8.880161e-09,9.727029,-8.212439e-10,-1.0153513e-10,3.484098e-10,2.6602305e-09,-6.8433423e-09,-671.6948,-14.920662,29.113884,1.7571054e-08
28.47755,2.0037588e-08,233040.27,-1.7605064e-08,10.594346,-1.3656297e-08,2.8813159e-09,-4.0311203e-08,-9.938526e-09,-1.3815965e-09,637.3955,383.731,56.199085,-2.3210882e-08
40.691753,3.306708e-08,325449.12,-2.0989281e-08,11.229554,-2.4286692e-08,1.4173013e-09,-3.1097777e-08,-6.2605165e-09,-1.8939073e-10,2541.4233,856.53613,35.668694,-1.4677389e-08
50.172577,2.249986e-09,60818.727,-3.4065482e-09,7.03798,-2.697265e-09,-3.471207e-11,-2.6670235e-10,2.8214122e-09,-5.29278e-10,-399.3717,-2.8522644,31.086145,-4.2974397e-09
-14.394234,1.1164883e-09,311071.7,-1.7584524e-09,9.307834,-3.6169834e-09,-2.155508e-10,-1.0385873e-09,-5.1030097e-10,-5.2534053e-11,-738.16174,1.9350739,54.52906,2.9870706e-09
8.614933,-1.4593017e-09,327935.94,7.446329e-10,5.349592,-1.0761392e-09,-7.0241113e-10,-5.0845367e-10,2.3325247e-10,7.789541e-10,-534.0768,-8.005295,52.010624,8.777783e-09
154.69032,7.314704e-08,140677.83,-2.7524585e-08,15.277542,-1.2014204e-08,1.4164471e-09,-2.8800379e-08,5.203179e-09,3.2681018e-09,50172.684,598.857,13.978132,1.1214002e-08
7.340475,-1.0337106e-08,185448.22,1.8616492e-09,5.173631,-1.3802047e-09,-2.505115e-10,2.1646402e-09,5.1278652e-09,-4.2537835e-09,-647.04614,-12.807037,50.57318,1.4621492e-08
142.51021,-1.4063515e-07,616957.2,-7.524139e-08,5.1005316,-1.1831424e-08,-2.3185969e-09,4.757173e-08,1.341542e-08,4.439047e-09,-2298.3362,193.22278,71.08826,-1.5316438e-08
40.042168,1.579973e-08,74387.18,-2.7417306e-09,10.198208,-1.310936e-09,-1.5576081e-10,-8.65834e-10,-6.7350387e-09,9.549178e-09,549.889,139.19824,27.011448,-8.719142e-09
55.43215,-7.335234e-09,194548.58,2.350833e-09,11.755259,-1.1932794e-09,-4.3156717e-10,1.1013744e-09,4.213318e-09,-2.2862374e-09,-946.77435,-7.9343834,47.021996,1.4964074e-08
-12.840706,-2.1831066e-09,356261.8,1.6041629e-09,10.01258,1.4807787e-09,-2.8561706e-10,-6.971568e-10,1.3816677e-09,-2.163573e-09,-513.33875,-7.552746,32.434113,1.0566003e-08
9.27319,-1.2234718e-08,222611.94,3.222147e-10,11.136959,5.33512e-10,-6.9631362e-12,2.5869076e-09,5.2230535e-09,-5.4531766e-09,-819.62744,-13.065773,46.133602,1.592279e-08
36.09126,-7.496658e-09,269983.8,5.1590514e-09,2.789731,1.2338738e-09,-7.2056844e-10,1.593902e-09,4.503747e-09,-3.517191e-09,-609.9829,-9.5492325,29.837082,1.2551044e-08
35.66112,-3.1647962e-09,133726.12,2.980452e-09,7.6511803,9.254577e-11,-4.136007e-10,2.0656972e-10,3.690665e-09,-1.6610403e-09,-557.9917,-1.8121071,16.589025,5.0564006e-09
183.76723,-2.0495943e-07,170321.92,-8.992642e-08,26.370075,-5.0385642e-09,2.7185945e-10,-2.9019935e-08,1.7510015e-08,3.91964e-09,13986.512,587.5207,67.752594,7.518121e-09
1172.9291,-4.365106e-08,-538832.8,-1.1154837e-08,73.19348,-8.887092e-09,9.135024e-09,-4.8957265e-08,-3.586477e-08,-2.1957864e-09,8630.571,-168.88676,-305.49136,1.7218499e-08
28.235939,-3.4120649e-09,402038.75,-1.6579075e-09,8.780701,8.741338e-10,2.0927905e-10,-1.3845104e-09,2.663836e-09,-2.1486224e-09,-582.0448,-10.171585,45.21856,1.0217058e-08
17.058487,-4.195005e-09,24491.594,5.486453e-09,11.7958975,1.6539259e-09,-3.9209735e-10,6.212909e-10,2.3085507e-09,-5.106896e-10,-843.0717,-12.180992,31.95546,8.355043e-09
60.997322,-4.79012e-08,453261.12,-4.554321e-09,9.656346,7.9418285e-09,-2.9981442e-09,9.668979e-09,7.908467e-09,1.6229084e-09,-1379.9822,407.8914,56.082848,-1.0980669e-08
70.94161,-1.2147403e-08,238520.42,2.8121636e-09,6.2036653,-7.741972e-10,-1.1842514e-10,2.4422098e-09,8.324905e-09,-8.809866e-09,-888.3482,-6.562851,52.64336,2.3342512e-08
27.192913,4.185297e-09,252760.44,-2.7626403e-09,11.797592,9.235552e-10,1.9127548e-10,-2.5994666e-09,-2.0910935e-09,4.024203e-09,895.3387,-7.0697136,44.70102,-1.2199032e-08
161.23842,-3.7741015e-09,293954.8,-1.0067826e-08,8.126211,-2.2192673e-08,-6.242472e-10,1.1165331e-08,4.7206644e-10,2.173108e-09,2756.859,106.602325,19.654362,5.6333995e-09
49.13772,4.6644955e-09,204686.05,-6.930243e-09,7.9950027,1.7834675e-09,-1.0451208e-09,-1.1608431e-09,1.7108566e-09,6.5152683e-10,-868.14514,18.187256,40.026382,-9.053625e-09
102.124084,3.099699e-08,353884.06,-1.3343838e-08,13.196706,1.5608336e-08,7.8687845e-10,-1.5633132e-08,6.765949e-10,5.584447e-10,-5313.802,572.76276,59.570396,-2.716367e-09
18.379026,6.073343e-08,174821.84,-1.7368993e-08,14.03775,2.1225375e-08,7.879074e-09,-1.1060082e-08,-2.0685164e-08,-8.339118e-09,12691.657,-783.51,51.804913,7.0191595e-09
323.01178,-1.03663375e-07,200843.06,-3.928328e-08,9.151406,-2.5535902e-08,3.2141338e-09,-6.778435e-09,-3.2553818e-10,2.3154525e-09,1040.1631,32.48622,-10.066406,-6.3304593e-09
193.18425,9.419671e-09,178997.3,-4.9075734e-08,8.5908375,-4.7589307e-08,4.5181108e-09,-7.2880235e-09,-5.2192726e-09,9.354723e-10,-1514.0359,408.6031,30.4133,-2.0492088e-09
43.604176,3.7487926e-08,283472.75,8.672332e-09,9.721054,3.037484e-08,1.9250206e-10,1.5050983e-09,4.282306e-10,6.4361405e-10,-1741.2263,220.28387,40.24203,1.1731458e-08
58.198376,-5.6916996e-09,404296.2,3.917409e-09,10.270939,8.550681e-10,2.0779482e-10,1.7025109e-09,4.0930384e-09,-6.5150854e-09,-704.5942,-10.492943,43.664234,1.3891189e-08
68.207146,8.2299495e-10,227326.67,-6.2301004e-09,9.434284,-2.366336e-09,-8.759336e-10,-4.824063e-09,1.5686784e-09,2.1909996e-09,348.94385,-12.214104,25.19115,3.6926187e-09
45.190544,-3.6170467e-09,221485.31,-7.37113e-10,9.494913,-8.12806e-10,2.7867703e-11,-8.104455e-11,2.8496068e-09,-1.8803854e-09,280.59357,-2.0848808,56.579803,8.771565e-09
11.486284,-8.087794e-09,248460.56,4.0733843e-09,4.06058,-8.2752627e-10,-6.6861094e-10,1.6268041e-09,3.9423953e-09,-4.1859414e-09,-588.48145,-9.843739,34.193535,1.353002e-08
136.53056,-5.661699e-08,398802.22,-2.702934e-08,8.524152,-1.22449455e-08,1.7524365e-10,1.7665595e-08,2.7775688e-09,1.3482003e-09,-496.02173,253.69724,22.823982,-1.4086418e-08
79.764534,-1.07811886e-07,239863.83,-1.4101255e-08,7.808797,2.95372e-09,-2.5716356e-09,2.6821139e-08,9.447151e-09,-1.5238715e-09,-448.1101,121.78783,36.47814,-2.7043335e-08
-23.988903,-8.926334e-09,312336.0,5.086926e-09,7.67806,-7.219906e-10,-6.663376e-10,1.5348731e-09,2.1599145e-09,-5.268833e-09,-691.184,-13.003899,32.013664,1.4431825e-08
17.672577,1.6800727e-09,160511.16,-4.089344e-09,5.387362,1.528775e-09,-4.3217537e-11,-1.2933102e-09,-2.2955736e-10,2.9410048e-09,-245.37071,9.462559,34.21443,3.497815e-09
83.912766,-1.04995294e-07,390354.7,-5.8931353e-09,8.866688,6.586456e-09,-5.374518e-09,4.4121656e-08,1.1785088e-08,5.159144e-09,-790.8865,223.80322,40.81784,-2.360712e-08
71.820915,1.9263078e-08,147841.62,-9.228683e-09,21.939259,-1.9610866e-09,-5.818577e-10,-1.2944744e-08,-8.489042e-09,2.8438542e-08,-393.57898,356.21622,35.818577,-1.2769971e-08
24.920536,3.4130984e-08,91125.91,-6.9162427e-09,13.831382,3.3670172e-08,5.308235e-09,-2.3427274e-08,-1.5054743e-08,-3.7834096e-09,-3121.3542,-647.57654,61.820576,-2.6910147e-09
43.966595,-6.2919923e-09,194778.16,4.326455e-09,10.475429,-1.1706817e-09,1.03620744e-10,6.8936823e-10,4.658299e-09,-2.4534472e-09,-879.20184,-15.023323,28.344925,1.09879466e-08
46.06663,-8.748803e-09,337981.53,9.86389e-09,13.923361,1.27090924e-08,1.2109946e-10,1.3601046e-08,6.5448518e-09,-2.937205e-09,2975.2612,-49.111496,27.407606,3.2152045e-08
-1.9902115,-3.4715524e-09,345733.4,5.2604356e-09,10.598238,2.5042582e-10,-4.802695e-10,3.7707382e-10,1.5492743e-09,-2.6645433e-09,-671.30743,-12.109665,27.725805,1.0982739e-08
40.97263,-1.0455136e-08,242708.52,1.4295906e-09,5.4169474,-5.341849e-10,4.03024e-13,2.8226645e-09,6.05701e-09,-6.035579e-09,-398.19305,-12.709328,54.131626,2.0126246e-08
31.48165,-1.0975412e-08,164220.0,2.697185e-09,12.440052,2.430808e-09,-2.0323285e-10,2.3799425e-09,3.6453893e-09,-4.5773456e-09,-1034.0449,-14.297546,33.089783,1.4107397e-08
84.15431,-4.8919148e-08,277826.4,-5.5183342e-09,11.12293,-6.286631e-10,-2.1397182e-09,2.3766471e-08,4.338061e-09,1.8294462e-09,-814.6892,143.7988,31.42081,-1.6976358e-08
-12.527924,-7.294657e-09,316618.38,4.5702357e-09,9.034671,2.462674e-11,-2.8254876e-10,1.4847303e-09,3.1853649e-09,-4.0736596e-09,-617.41077,-12.773445,28.634018,1.4797773e-08
61.87826,5.415215e-09,-79177.61,-4.2122945e-09,12.416374,-3.9283773e-10,-1.2442625e-09,-1.5188614e-09,-3.582275e-09,1.3425527e-09,-772.5142,5.2589264,41.16384,-5.1521294e-09
110.20389,-1.5464684e-07,484604.3,-2.7141182e-08,7.632781,-4.20723e-09,-4.279439e-09,3.0819685e-08,1.2204484e-08,-2.1338973e-09,-920.34204,200.92534,45.16459,-1.4937227e-08
94.23964,2.4477338e-09,358037.3,-9.012327e-09,10.906725,-1.8134548e-08,-3.6056322e-09,-1.7493635e-08,-1.6553509e-09,-1.7024873e-09,3495.9656,101.38457,51.127506,2.064243e-09
65.4368,1.10732765e-08,327097.56,-7.397296e-09,10.477138,1.959033e-08,-1.1492953e-09,2.3946434e-08,1.073894e-09,2.3138198e-09,1061.2732,-18.147217,42.349457,-9.97195e-09
62.272995,-5.6142637e-09,229632.38,2.2399513e-09,10.127298,-8.98927e-10,-1.1106761e-10,7.4444695e-10,1.1206216e-09,-2.4259545e-09,-803.3221,-10.43055,66.059685,1.4884986e-08
4.311119,-4.7440287e-09,401218.9,6.8578467e-09,9.250764,-1.560944e-09,-1.5612998e-10,6.385737e-10,2.2451734e-09,-3.6922485e-09,-664.361,-11.31855,30.56441,1.3718605e-08
156.57115,-1.374851e-07,399441.78,-1.0214195e-07,3.896707,-1.7506089e-08,-2.902908e-09,-2.0201421e-08,1.1467029e-08,4.8337787e-09,-817.0139,210.01645,77.24509,-3.469617e-08
67.49637,-2.8772424e-09,147394.83,3.8786374e-09,7.87341,7.414645e-10,-2.1754785e-10,-1.2852365e-09,2.5576092e-09,-7.485642e-10,-829.32465,-7.2846985,31.193668,7.4383855e-09
120.83685,-7.433005e-08,323335.2,-1.7632791e-08,12.281718,-8.764858e-09,-1.0128549e-09,1.4471979e-08,7.1715727e-09,2.152496e-09,-1954.8801,286.2915,35.62482,-1.8196712e-08
77.91893,-4.9608346e-08,338421.62,3.546541e-09,11.0053625,1.001392e-08,-1.1765797e-09,1.103848e-08,7.801602e-09,1.4035246e-09,-127.125,92.87607,50.2321,3.6937748e-09
66.221085,-3.5444148e-09,210576.34,-1.0011132e-09,9.96107,6.319943e-10,-6.308217e-10,5.016184e-10,4.7610493e-09,-5.718579e-10,-512.44324,-9.524643,70.12636,1.03457625e-08
57.56358,6.490512e-08,219049.64,-4.5375925e-09,11.616271,5.8471707e-09,1.8467762e-09,-2.6364477e-08,-3.896947e-09,-1.007995e-09,4062.9165,294.0683,44.387444,1.2706594e-08
42.781815,2.112555e-08,172186.6,6.150032e-10,9.557204,4.1708763e-08,1.0445817e-10,-2.00578e-08,-5.713591e-09,-4.4529074e-09,-193.7732,47.93329,38.779823,-1.6070429e-08
-5.2959824,-3.8222123e-09,180508.42,-1.4315563e-09,10.352635,1.6050298e-09,-3.4942915e-10,4.1354156e-10,2.739355e-09,-2.3314097e-09,-637.6884,-10.075371,51.111534,9.247198e-09
33.762905,-5.1649045e-09,89451.3,2.8346179e-09,14.579666,-1.1911457e-09,-8.7423924e-10,1.5149066e-09,3.2875376e-09,-1.6618715e-09,-1165.3948,-16.355171,32.512352,6.9149335e-09
27.9716,-1.4872067e-09,189780.48,-1.0672491e-09,8.808044,-7.533929e-10,-2.0229493e-10,-1.0027104e-09,-2.2968996e-10,1.7042369e-09,18.901688,-7.634403,52.35988,6.841112e-09
437.58292,-3.7899972e-10,20816.984,-3.6477335e-08,12.851381,-1.3703937e-08,5.9943055e-09,-2.7790529e-08,-2.07409e-08,-1.5387064e-09,1983.6066,197.1641,-122.24661,5.047933e-09
144.72629,-5.6253125e-08,299097.5,-1.7442419e-08,11.927012,-9.564864e-09,-5.268789e-10,1.9044e-08,5.2338365e-09,4.566838e-10,-1853.1028,46.662582,32.94552,-1.2396925e-08
3.3346825,5.5076003e-11,242482.12,2.950805e-10,8.770208,-7.4412637e-10,-2.2817363e-11,-2.6553957e-09,-8.454351e-10,2.7871776e-09,-112.870926,-5.3948174,36.300735,7.451256e-09
53.73759,-5.715866e-09,159393.53,2.5567186e-09,11.928356,1.7179784e-10,8.7685616e-11,-7.5436124e-10,4.172071e-09,-4.6239785e-09,-689.64984,-3.825241,30.631975,1.1225278e-08
85.983536,6.451016e-08,490128.06,-3.984144e-08,13.445812,2.482553e-08,4.7337174e-09,-1.9971637e-08,7.243432e-09,-1.7834726e-09,39050.336,1116.7386,74.63383,9.959096e-09
46.657475,3.198131e-08,104063.305,-4.6832693e-09,9.221573,-1.2299314e-08,1.4775793e-10,-7.813714e-09,-6.4852106e-09,1.7234594e-09,-326.99536,149.12512,32.50444,-1.0560373e-08
27.733103,-6.2857936e-08,369506.75,3.6757672e-09,11.444114,2.6626255e-08,-3.124839e-09,5.495652e-09,7.205096e-09,-9.914793e-10,704.8677,89.760155,51.876602,1.6301259e-08
16.482273,-3.6080121e-09,232321.5,-7.0774137e-10,5.026031,2.8242933e-10,-2.4783908e-10,1.3449656e-09,4.1961483e-09,-2.3506286e-09,-450.95178,-2.9014893,40.380974,8.998744e-09
61.59027,-5.4201688e-09,223848.2,7.2836914e-09,13.658728,-1.3067706e-09,-2.4922608e-10,2.075324e-09,7.913522e-10,-3.0728948e-09,-1511.3231,-16.04248,26.054705,9.3884935e-09
66.58584,-4.431113e-09,111326.984,5.679499e-09,11.616578,5.9953797e-09,3.8784906e-10,1.1182576e-08,6.092507e-10,-3.5615189e-09,5556.9194,8.467072,26.29815,1.3939514e-08
25.271103,3.3379122e-09,379761.72,-2.8045164e-09,11.75548,1.9706203e-09,-3.220244e-10,-2.7203053e-09,4.5371218e-10,1.898568e-09,200.33118,16.428585,35.592434,-4.5912385e-09
64.131615,1.3985533e-08,213416.34,-9.870891e-09,8.038428,2.5407715e-10,-1.1786685e-09,2.7038727e-09,-8.81682e-09,1.9060662e-08,1740.6763,439.43597,38.95255,-1.9688263e-08
41.932564,1.9622122e-09,97798.77,-3.189147e-09,11.548889,-2.7073548e-09,-3.5213127e-10,1.5281099e-09,-2.5753275e-10,1.249032e-09,-462.8188,23.54459,47.45069,-4.2041406e-09
6.650648,-8.8378584e-09,290653.5,3.3147798e-09,13.084508,1.454709e-09,-1.2801736e-10,2.1516433e-09,3.7684984e-09,-6.083642e-09,-729.2639,-13.266739,35.490414,1.5077115e-08
6910408400000.0,-71995.14,-787575200000000.0,-2.2723772e-05,3533.738,308.92184,-2.5598446e-08,2.0657637e-07,6.96056e-08,1.6691217e-08,18738.248,531.17816,62.01252,-1.6950944e-08
78.81358,-4.5801003e-09,428827.12,-2.1695671e-08,11.54539,-8.019409e-09,-1.7804531e-09,3.1488978e-09,-4.9044586e-09,-6.6820977e-10,-907.844,251.76506,29.355204,-1.7534525e-08
30.397736,-1.7972697e-08,285322.1,2.0443969e-09,10.19239,2.1485613e-08,-2.386158e-09,1.2383048e-08,-1.0877791e-09,-1.4519116e-09,-306.7932,-178.91945,29.738163,1.8013905e-08
-338405020.0,7.677522e-08,84553150000.0,0.06822962,64556.406,2.1855128e-07,7.2167206e-09,5.0982088e-08,1.8337783e-08,1.8737696e-09,8352.026,1045.8247,94.8899,2.9131204e-09
125.7428,9.82419e-10,16224.453,-6.237443e-09,12.269532,1.969856e-10,-2.487869e-10,-1.4693216e-09,-2.5036178e-09,9.4158334e-09,-793.1135,8.40617,35.286636,5.6498104e-09
49.12992,-8.1324886e-10,122656.98,-1.5069125e-09,7.466277,6.5765104e-10,-1.8002574e-10,-1.4252275e-09,5.442636e-09,-1.5989909e-09,-824.56616,2.0424461,57.460693,3.879511e-09
13.86771,-4.8806994e-09,452187.5,3.1547314e-09,9.374657,-7.810992e-10,-1.5551786e-10,-3.2097083e-10,4.0570174e-09,-5.222366e-09,-722.26636,-7.1130524,36.944004,1.1832707e-08
68.57388,4.0047528e-08,290431.12,-4.5840514e-09,11.434921,-8.766684e-09,2.0356197e-09,-2.2089402e-08,-1.732445e-09,9.965608e-10,11202.853,361.44092,32.944363,-6.2762724e-09
181.42558,-2.0419282e-07,477141.8,-6.999182e-08,6.887008,-2.132642e-08,-1.9639002e-09,5.3580496e-08,1.4358357e-08,3.6833805e-09,1341.5901,245.64828,53.432884,-2.2918494e-08
105.31525,-3.4019095e-08,196963.2,-1.0181441e-08,9.551557,9.542119e-10,-5.01634e-10,1.1136109e-08,3.139144e-09,1.2723205e-09,-1504.4373,170.83098,34.429214,-7.515609e-10
168.54819,-1.6138671e-07,300015.8,-4.2596305e-08,6.272991,-1.0813708e-08,-1.7539605e-09,-1.6680977e-08,9.33649e-09,4.437787e-09,-1283.4275,502.96625,33.421318,-3.1378296e-08
19.764076,-3.1159464e-09,111222.53,-2.5734739e-09,13.649012,2.9427538e-08,2.9374045e-10,3.1840973e-08,-5.203661e-09,-5.6919958e-09,620.2046,-413.83783,53.23983,-6.8740245e-09
49.864246,-1.5682941e-08,120254.76,-1.3700528e-08,9.523803,6.904107e-09,-2.7863475e-10,8.890685e-09,2.3600804e-09,-1.8393886e-09,3027.7458,24.649002,56.360012,-2.2576879e-08
19.268793,-2.0048336e-09,202342.19,-9.695725e-10,15.747924,1.8688279e-10,-5.38712e-10,-1.7815008e-09,-3.5753847e-10,-2.9043615e-10,-511.18304,-2.9958,64.36114,4.6917474e-09
209.80788,1.9805597e-08,137934.47,-2.434295e-08,15.891348,-3.2494e-08,1.5993838e-09,-1.40790055e-08,-7.837183e-09,4.2613066e-10,-828.61646,519.33923,-2.21661,9.134813e-09
64.2099,-7.1505674e-08,197983.27,7.478123e-09,14.851828,1.8734754e-08,-5.9193156e-10,2.786093e-08,9.765311e-09,-9.5468466e-11,-35.574463,-42.459045,26.905891,3.0750055e-08
28.023495,1.0644752e-08,196624.06,5.426309e-09,9.481222,2.1974717e-08,5.340267e-09,1.7768115e-09,4.0183648e-10,-8.097823e-10,596.0823,-138.29341,51.119724,-1.1011208e-09
26.078394,-8.523283e-09,274939.0,4.5960102e-09,10.149747,-5.6965643e-10,-4.8279675e-10,1.4186469e-09,5.0500697e-09,-4.942141e-09,-851.6942,-10.025658,28.93476,1.4858633e-08
105.03265,-7.993281e-09,113949.89,-2.1622126e-09,10.5675535,1.3381071e-10,-1.436497e-09,4.877066e-10,3.2878111e-09,2.3706568e-09,1782.9478,-21.507149,43.187523,1.8014033e-08
27.202082,2.0334041e-09,184521.73,-3.5340852e-09,12.4363985,4.2363e-09,-2.4548555e-10,-9.411388e-10,-1.9340059e-10,-1.3840824e-09,-105.37729,14.909283,24.654186,2.1111475e-09
75.622154,1.3694587e-07,230098.6,-8.819359e-09,12.285749,-6.569094e-09,4.5601998e-09,-4.9254943e-08,-2.021063e-08,-2.3905449e-09,-3425.133,469.23596,32.86377,3.169816e-08
63.994022,4.6231325e-08,177690.78,-8.2917975e-09,14.622733,-4.7400306e-09,-2.9173655e-09,3.195938e-09,4.1640367e-09,7.4206437e-09,66144.72,620.6206,58.389538,7.539035e-09
125.42644,2.7091547e-08,294214.38,-3.01456e-08,12.552508,-1.9730374e-08,-6.782924e-11,-2.3403402e-08,-8.7069246e-10,5.2644167e-10,-2748.3562,706.3065,52.28084,1.3466126e-08
51.92697,-2.4388202e-08,205091.78,-7.418107e-09,8.81791,8.279401e-09,-9.36246e-10,2.5801016e-08,3.0520382e-09,-8.1022855e-10,609.4702,111.24625,39.276604,-1.0457024e-08
76.05174,8.464632e-09,198558.88,6.5298726e-09,11.956424,-8.769795e-09,-2.0601486e-11,7.5111455e-09,3.0608975e-09,2.302209e-10,515.76025,122.15952,46.060863,1.3684005e-08
33.651043,-6.0041805e-10,82430.81,1.0342864e-09,8.886048,-1.2414696e-09,3.7515496e-10,-4.2658252e-11,4.868866e-10,-1.8731994e-09,-40.124954,10.158203,18.058506,1.2575188e-09
41.825832,-8.337985e-09,161504.98,7.083074e-10,9.779037,-4.591571e-10,3.7867018e-10,-1.16117976e-10,6.0001755e-09,-3.4897651e-09,-874.6214,-7.653351,40.173058,1.2979118e-08
27.420687,3.015971e-08,194071.62,-1.3837096e-08,13.667704,4.612006e-08,7.284361e-09,1.4589669e-08,-1.160624e-08,-6.502722e-09,-871.33716,-1067.1342,37.505688,-4.320722e-09
136.3243,1.326943e-09,262186.03,-2.0751132e-08,7.933275,-5.485861e-09,1.7033937e-10,-4.1216563e-09,-9.459482e-10,2.8413316e-09,-878.42896,1147.9777,22.6244,-2.419202e-10
3.7633133,-1.6575574e-09,118299.19,-1.6389294e-09,4.0121174,-4.7175965e-09,-5.9192706e-10,2.1608384e-09,-9.416977e-10,-3.6115053e-10,-430.16272,-5.3012695,49.788116,4.6176547e-09
80.29574,-6.211373e-08,170376.06,3.0173928e-09,9.378965,7.7584295e-09,-8.478743e-10,1.3052386e-08,6.4129706e-09,-3.1008835e-09,8126.6357,164.48332,53.38818,-2.303484e-09
-1.5346298,-9.895463e-09,245904.94,5.178019e-09,3.047977,1.4030784e-09,-6.492442e-11,-3.5250264e-12,5.541499e-09,-4.4196344e-09,-574.0726,-13.120125,38.184196,1.6733747e-08
192.28722,-2.1475593e-07,422025.03,-4.196533e-08,4.4789376,-1.4728127e-08,1.1579059e-09,-3.5664391e-09,9.452825e-09,2.9685332e-09,-2281.7751,337.51794,28.702894,-1.01062625e-08
69.151535,4.3781828e-08,218668.02,3.5043428e-09,11.126292,2.3920075e-08,3.124512e-09,-4.7419038e-09,-7.1243953e-09,-2.0226631e-09,4272.346,-89.643295,13.468727,7.345764e-09
17.291191,-9.9253725e-09,280648.28,4.3302597e-09,6.528735,-7.080573e-10,-2.814728e-10,1.7763542e-09,4.840864e-09,-3.981256e-09,-526.6905,-12.997856,40.347965,1.509236e-08
52.858,-5.16961e-08,290426.6,-1.1254266e-09,12.480996,1.5288194e-08,-1.8152939e-09,2.0593657e-08,3.2869043e-09,-5.4419086e-10,-645.57007,151.27058,35.760746,4.732792e-09
22.505259,9.2152563e-10,363409.1,1.9318886e-09,7.790265,-1.2908999e-09,-1.2872904e-10,1.0719562e-09,-1.3887687e-09,-2.7286644e-09,-204.23512,0.14810562,39.51023,-1.8545929e-09
74.11743,-3.1126155e-09,297867.62,-1.0866591e-11,10.85535,-1.9977398e-09,-7.4308165e-10,1.2177332e-09,1.9638287e-09,2.948702e-09,1177.9845,11.613258,63.076027,6.797263e-09
71.10254,-5.1654716e-08,188123.2,5.3885323e-09,14.39967,3.865764e-09,-1.4746177e-09,1.053211e-08,1.536979e-08,3.9275143e-09,53648.67,389.36157,58.579117,9.570254e-09
99.01221,-5.5441067e-08,328561.7,-1.4912706e-08,10.567808,-3.1363512e-09,2.7155023e-10,9.8006545e-09,5.487898e-09,1.380822e-09,-1620.2532,324.3286,31.652187,-1.37870355e-08
-22.218529,-1.2124587e-08,220969.16,1.7604057e-09,10.671489,-6.093232e-10,-4.920185e-10,-2.481071e-10,3.2661707e-09,-5.4805107e-09,-899.4655,-16.608063,35.90689,1.642169e-08
252.81335,-1.6940187e-07,324495.5,-3.0427195e-08,3.8803954,-2.1113351e-08,1.0440599e-10,1.8343883e-08,4.8526414e-09,1.3970514e-09,-2266.1887,30.55307,28.050838,-2.1633412e-08
21.120419,-8.696049e-09,344895.06,2.8507094e-09,12.690577,-1.72483e-10,-2.2058651e-10,2.2456321e-09,2.295287e-09,-4.9632582e-09,-939.9616,-11.619034,38.385895,1.2931698e-08
53.44164,6.685331e-10,58593.234,-1.9866186e-09,6.591545,1.9000226e-09,-1.6935324e-10,-3.827677e-09,8.9642266e-10,-5.2510646e-10,-1018.1103,18.17723,36.18004,9.1258495e-10
84.71289,-3.7383288e-08,240280.83,-9.155829e-09,12.85983,3.9057255e-09,4.915259e-10,-4.138816e-09,6.0877423e-09,1.8772525e-11,1979.5195,115.91205,38.72106,-2.4096876e-09
44.32796,4.213939e-08,-2616.5312,2.6866753e-10,13.5624275,-1.27431425e-08,-2.1613755e-09,1.2546859e-09,-6.5644343e-09,4.067415e-10,3533.4338,63.366394,29.510311,-4.3215396e-09
76.46568,8.127004e-09,346895.62,-1.4179464e-08,7.5626183,-1.5598483e-08,-1.0421615e-09,-1.585813e-08,-3.2146619e-09,-1.480055e-09,-3053.4846,310.6671,43.987865,-6.5440346e-09
41.691902,-1.9429303e-09,317959.38,-1.2216387e-09,10.85328,-9.902453e-10,-5.5698574e-10,-5.650619e-10,-7.267483e-11,1.218004e-09,1620.9343,37.56684,28.979092,-4.5292685e-09
229.82326,-1.1104872e-07,293598.88,-3.702181e-08,3.8135676,-2.4882894e-08,-3.0337597e-09,4.7093817e-08,8.566109e-09,2.1524105e-09,-3202.2078,-71.53227,46.728256,-2.8361741e-08
35.232304,4.5849657e-09,190365.25,-2.121581e-09,6.791003,1.0401115e-10,2.913021e-11,1.5646659e-10,-3.5551406e-09,1.2923144e-09,702.6069,51.780235,28.255817,-1.6419632e-08
43.247776,-9.9572496e-08,198415.61,6.0726344e-09,9.995956,1.7469286e-08,-3.3682421e-09,2.7619024e-08,1.2457946e-08,-3.0013e-09,318.5735,127.650406,40.780098,-2.8479317e-09
64.48227,-4.9773843e-09,147710.06,1.8485313e-09,12.772466,-1.1530373e-09,-2.3644642e-10,8.335704e-10,3.1429805e-09,-3.0170955e-09,-636.42664,-10.848343,39.927666,1.2002568e-08
-28.196926,-1.1841468e-08,103681.61,6.9330204e-09,8.652458,3.1712322e-10,-2.886277e-10,7.48511e-10,3.481893e-09,-3.7941668e-09,-757.1937,-18.057022,30.052658,1.4848395e-08
30.240139,-7.1775304e-08,316337.6,-7.964204e-10,15.998462,2.1619503e-08,-3.6542505e-09,2.5687875e-08,7.063628e-09,-1.519995e-09,31.213623,177.6287,48.749905,6.4854686e-09
42.852844,1.1260115e-09,401326.66,-5.8262817e-10,9.246689,2.2749674e-10,-5.3792537e-10,1.6157581e-10,2.9865543e-10,3.0762362e-09,-859.8265,14.379337,23.28943,6.485436e-09
62.773865,3.474252e-08,146921.66,-1.0002053e-08,13.124394,5.392135e-08,2.7789702e-09,-9.076856e-09,1.23523405e-08,-2.2794797e-09,7173.4194,560.0403,41.92272,-4.101625e-08
129.02632,-7.51597e-08,311657.7,-1.8216554e-08,12.323043,-4.7774975e-09,-1.9178186e-09,9.592515e-09,1.6929249e-09,-1.2961185e-09,-2225.0051,507.47736,30.176529,1.072703e-08
38.1552,-1.2303132e-08,196782.27,2.151648e-09,8.793137,1.3054083e-10,-3.5473327e-10,1.5747622e-09,7.0829715e-09,-5.5528675e-09,-727.02344,-12.336075,32.42326,1.7161208e-08
131.04663,-2.303925e-08,311475.84,-2.9615745e-08,8.283482,-1.1277487e-08,-1.942885e-09,-2.4594371e-08,4.0996784e-09,4.4482587e-09,357.95166,381.98022,53.26548,-2.0442465e-08
-188955230.0,7.6720404e-08,48394150000.0,0.0390393,37105.8,7.530655e-08,5.974089e-09,5.0489337e-08,1.7011534e-08,1.6708381e-09,7005.6504,989.4475,94.59017,3.749897e-09
75.725586,-5.879328e-09,311622.0,3.935197e-09,11.509577,-1.3541344e-09,-1.0534273e-09,6.2168254e-10,4.740232e-09,-4.343884e-09,-383.06732,-9.78582,38.61223,1.2281451e-08
65.70855,-6.5235937e-09,340775.75,-9.662611e-10,7.114039,4.824717e-10,-3.796299e-09,-1.1742361e-08,4.3550257e-09,2.8920882e-10,-2585.532,224.05157,68.17421,-8.961148e-09
52.527206,-8.08071e-09,204647.78,-4.273667e-10,12.356674,-7.614468e-10,-3.0337832e-10,1.1360323e-09,1.5829257e-09,-4.132574e-09,-1103.4528,-7.7673683,48.36875,1.6663623e-08
47.739353,-6.127897e-09,282936.12,4.41117e-09,6.190769,-4.1241113e-10,-6.8503175e-10,1.0240621e-09,4.0186037e-09,-3.821576e-09,-896.5662,-12.133293,43.230553,1.2683274e-08
65.66648,-3.5918613e-09,305160.16,1.5766403e-09,6.875468,-1.360727e-09,-3.3395514e-10,1.3663944e-11,2.6630587e-09,-2.9129046e-09,-465.50403,-10.1308365,56.810783,1.3672872e-08
196.44911,-2.5942293e-07,515791.25,-6.147963e-08,0.80933285,-3.5783582e-08,8.342416e-09,-1.684745e-07,1.5729263e-08,1.0214047e-08,2202.2905,222.8225,60.63623,-3.8457863e-08
57.142624,-1.350354e-09,217497.16,-1.4009714e-09,10.303316,2.6229718e-10,-1.07390076e-10,-3.6283028e-09,4.7245945e-09,-4.1817083e-09,-664.8659,-8.153881,31.479805,5.281725e-09
57.892845,9.622314e-10,172223.7,-3.0592304e-09,5.688349,5.0660426e-10,5.741275e-10,-1.5142907e-09,-3.4535582e-12,-2.4616043e-09,385.10703,17.23465,37.668774,-8.871746e-09
4673801700000000.0,-49828320.0,-4.676178e+17,-7.3974276e-09,10.994165,-9.852263e-09,9.898462e-09,-6.987671e-08,-9.970111e-08,-1.2698277e-08,2653.6543,-461.98895,-642061430000.0,2.6244397e-06
-26.00145,-4.4425623e-09,319138.44,1.3062773e-09,7.0775013,-3.4543333e-11,-5.376294e-10,7.706791e-10,2.0243303e-09,-5.1321716e-09,-548.4378,-9.229973,37.04123,1.250834e-08
491.0959,-3.00418e-08,62372.65,-2.8809058e-08,14.017064,-1.6420191e-08,5.654965e-09,-3.0162767e-08,-1.37477265e-08,2.9732892e-09,5868.881,-13.85733,-124.18291,1.1982232e-08
545.3745,-7.631433e-09,135985.62,-3.8361694e-08,3.470912,-6.4309478e-09,8.73471e-09,-8.767419e-08,-7.470996e-09,-1.1718181e-09,-442.1101,29.5018,-84.0421,-5.2927582e-09
59.896393,1.1649445e-08,-16545.766,-6.7941865e-09,10.184202,-1.6801313e-09,-9.8934035e-11,-9.453982e-09,-2.4597127e-09,7.2991804e-09,-293.35992,133.58069,56.5911,-6.1690533e-09
83.8259,-1.3475232e-09,198391.33,-3.867107e-08,9.396206,-3.08541e-08,-3.2448375e-10,2.8919578e-08,-2.3188553e-09,-2.3329798e-09,916.2749,147.81006,39.50892,-4.417561e-08
60.52585,7.5655385e-12,155105.84,2.2036904e-10,10.783433,8.231834e-09,5.1346073e-11,8.330028e-09,-2.3307978e-09,-2.5688232e-10,-731.1277,43.607483,25.138622,5.0723106e-09
57.871975,-6.019039e-09,344389.47,-1.0441619e-09,11.382301,-3.9550652e-10,5.356586e-10,1.4889765e-08,-2.6383133e-09,2.907436e-09,238.13232,73.24042,29.196573,1.0892802e-08
41.353966,-6.5830785e-10,161959.36,-5.434301e-10,7.267907,1.2843242e-09,-9.808423e-10,-2.049739e-09,-2.733296e-10,8.003936e-10,1037.9158,8.86945,33.683174,3.9733927e-09
38.46479,-3.642364e-09,268275.6,9.32764e-10,6.9201903,1.0564256e-09,-4.3629705e-10,7.7610024e-10,3.380178e-09,-4.2767696e-09,-308.73346,-10.466698,34.54138,9.820645e-09
154.18631,-6.047605e-07,331865.62,-2.9579823e-08,2.6274433,5.169348e-09,7.2657663e-10,2.4052751e-08,2.5617844e-08,4.462443e-09,3364.6685,241.64021,50.474403,-3.5397775e-08
37.105415,-5.627108e-09,341605.84,-9.584591e-09,11.1943865,2.206109e-09,7.192679e-10,-2.4154359e-09,6.0561073e-10,-1.9699775e-09,7394.6016,69.454475,43.91885,-2.2980188e-08
70.252426,2.8279186e-09,168011.94,3.742676e-09,11.497671,-2.969661e-09,1.0870319e-09,7.94624e-09,-3.2268639e-09,1.5684831e-09,-1596.1594,202.42972,40.945072,9.492053e-09
40.031513,2.0064088e-09,177394.81,-1.6378745e-09,10.476983,3.4571533e-11,3.5642367e-10,6.9694556e-11,-1.6093349e-10,-5.4393207e-10,-97.07732,-9.002018,41.693275,-6.3903385e-09
12.702703,-5.7507257e-09,339533.5,3.463888e-09,8.207507,-9.424592e-10,-1.7620967e-10,2.1814328e-09,3.1844032e-09,-3.7306065e-09,-473.15253,-12.884018,43.798534,1.2950238e-08
113.17267,-6.073512e-08,209946.52,-9.734567e-09,12.1603775,-5.277417e-10,-5.7406974e-10,1.6476415e-08,3.544585e-09,-1.0861072e-09,-1745.0837,205.10307,26.705427,7.559274e-09
57.479546,-8.542288e-09,71763.86,1.4469685e-09,11.9701,-6.9985695e-10,-7.617779e-11,2.064062e-09,2.0501112e-09,-4.546612e-09,270.13837,-17.695267,40.91064,1.1759478e-08
38.669136,-2.2652946e-08,174244.83,-2.2423475e-08,12.63839,-3.1477971e-09,4.2187082e-10,5.9311986e-09,3.746022e-09,2.4144744e-09,109.762695,258.16336,41.062614,-3.6271743e-08
134.88338,-5.8286513e-08,208198.69,-1.0892273e-08,9.519894,9.123655e-13,-1.2922736e-09,3.9296612e-08,-9.026854e-09,-1.4869188e-09,323.01392,71.71661,15.748171,-4.112063e-08
61.696377,-2.2275017e-08,220030.5,8.416436e-09,13.178806,1.6610118e-08,-3.2975471e-09,1.8831699e-08,2.0005353e-09,-1.4990668e-10,-1520.7439,235.53949,39.010414,5.919992e-09
47.29032,-1.6420696e-08,237884.88,1.00460715e-08,12.049514,1.2500294e-08,8.778004e-10,5.9875127e-09,-7.1447204e-10,4.8461024e-10,79.93701,119.36897,37.010925,6.7827033e-09
53.461502,-3.4805737e-08,409007.44,-6.0253247e-09,17.545311,-6.3804757e-09,-1.4374816e-09,1.2125949e-08,8.494837e-09,-2.820418e-09,-722.6311,145.51616,71.272736,-1.4331049e-08
22.3457,-9.049612e-09,382352.34,2.4591127e-09,9.206395,-4.1211787e-10,-4.4087073e-10,3.0100307e-09,3.2776821e-09,-5.2169065e-09,-707.04785,-8.688869,41.274723,1.2962302e-08
25.059315,-9.659018e-09,167675.62,3.0585738e-09,6.696036,7.2601086e-10,2.7591972e-11,9.091467e-10,4.8516653e-09,-4.9037974e-09,-747.2117,-10.826294,34.45667,1.3019343e-08
132.52745,-5.815665e-08,312929.75,-9.62511e-08,11.405835,-1.7168254e-08,-1.2455572e-09,-7.591718e-08,1.1325628e-08,4.5022253e-09,33795.55,581.23376,90.68972,-1.38890455e-08
-1.8097343,-1.0078409e-08,318179.9,4.427476e-09,9.096962,1.6562848e-09,-9.5213844e-11,2.7977756e-09,3.0486311e-09,-5.361104e-09,-709.65546,-12.481674,36.40643,1.5163982e-08
77.316956,-4.602352e-08,478638.75,-8.296161e-09,9.937479,-5.8673516e-10,-3.350533e-09,2.646047e-09,7.6222655e-09,3.5201588e-09,-1675.6555,138.32092,46.175327,-1.3034287e-08
60.007267,1.15036976e-08,78401.72,-2.1159996e-09,11.976599,1.5638975e-09,-2.0288644e-09,-3.3494724e-10,-6.7655836e-09,6.679034e-09,-1410.0477,1774.2426,57.823303,-1.9637323e-08
49.752388,-9.170074e-09,210330.22,-2.3314426e-09,13.782417,1.28733975e-08,4.3527934e-10,1.9300945e-08,4.4956536e-09,2.941515e-09,2207.3345,17.761337,52.699673,-1.7630363e-08
71.85708,4.2764605e-09,183921.36,-2.0231228e-09,11.76466,4.1076773e-09,-1.5373923e-09,5.881693e-09,2.4297364e-09,-5.319955e-10,-389.13208,106.52732,41.255066,3.0546203e-09
50.541218,-1.0530388e-08,246525.27,4.7475046e-09,9.165755,7.0015643e-10,-1.5122281e-10,2.574674e-09,5.85565e-09,-5.5505316e-09,-883.7037,-11.812981,28.825283,1.8204966e-08
138.83105,-5.9027233e-08,228144.72,-4.8711712e-08,4.6277103,-2.044126e-08,4.9600746e-10,7.910097e-09,3.095241e-09,1.6901758e-09,-1052.5159,620.2129,36.619415,-3.126496e-08
63.3135,-5.2433378e-09,285313.28,1.1596565e-09,4.348222,3.4489397e-10,-3.3740014e-10,1.9133695e-09,9.405768e-10,-2.4472382e-09,440.06165,-13.05896,47.857956,1.5735075e-08
13.144184,6.699426e-10,343689.34,2.4688473e-09,10.095147,-1.3122445e-09,-2.004856e-10,1.7546066e-10,8.044989e-10,-1.5541288e-09,-851.2769,-5.976433,36.59176,1.0589117e-08
204.31563,-4.8750504e-08,234351.61,-2.2974767e-08,13.652544,-2.3629239e-08,-3.4154474e-10,1.7412411e-08,9.458207e-09,5.09925e-09,8540.937,205.27846,29.31024,-6.8807307e-09
58.71982,1.0989272e-08,156918.77,-1.22200445e-08,7.5978413,1.6868658e-09,-1.132674e-09,-1.1853505e-08,-7.373368e-10,2.853823e-09,3609.2065,379.40656,30.053057,-1.693697e-08
95.29668,3.8709963e-10,136180.02,-6.209066e-09,11.2384615,-3.2946157e-10,-2.668819e-10,-1.5957459e-09,8.2787877e-10,1.6414652e-09,-1553.1145,15.792709,37.212246,-5.609714e-09
56.54659,4.0950314e-09,161972.81,6.321678e-09,9.941373,-3.6214567e-10,6.379567e-11,-1.196882e-10,-2.2939244e-09,1.8931612e-09,496.04248,30.38365,24.46134,3.828752e-09
-15.158035,-4.7437565e-09,244154.06,2.304106e-10,9.1931925,-8.0423296e-10,-2.7493693e-10,-1.7278842e-09,3.0686946e-09,-3.5937593e-09,-632.7423,-9.3450165,38.246765,1.2737811e-08
82.19232,-6.8301165e-07,1468972.6,-6.4879366e-08,2.066656,2.662232e-08,2.237369e-08,-1.3440053e-08,8.636795e-08,1.803453e-08,1906.5212,278.64905,80.91034,3.037482e-08
87.40304,-6.2743325e-08,320363.56,-6.7526513e-09,7.8082466,9.862918e-10,-4.773806e-09,2.5078876e-08,7.627902e-09,-1.5549264e-09,-852.7278,104.94639,36.254066,-8.826259e-09
16.024164,-2.4582194e-09,106369.75,3.1017016e-09,7.1115494,-3.6852493e-10,-4.0826845e-10,-7.729634e-10,1.6879328e-09,-2.931492e-10,-670.4553,-9.40358,34.167503,6.9258927e-09
22.410042,-2.6566611e-09,465644.7,-4.267057e-10,7.7257204,-1.9358204e-09,-1.09300125e-10,-1.6031887e-10,6.6630884e-10,1.7969055e-09,-444.78906,-10.51783,56.58133,8.460489e-09
20.576258,-5.320455e-10,193023.2,-5.7709715e-10,11.085083,1.5453734e-09,-1.8762156e-10,-1.6477614e-09,4.4602704e-09,-2.5369156e-09,-503.82587,-4.564869,21.273043,5.808556e-09
40.494278,-5.0747713e-09,328701.94,1.0144439e-09,2.8661056,2.3313498e-10,-2.2325453e-10,1.7123156e-09,2.67649e-09,-2.3867086e-09,-395.50586,-8.083565,46.332752,1.0791822e-08
54.845295,-4.375918e-09,189590.5,1.7017727e-09,13.304977,-2.6268912e-10,-5.8854e-10,-1.6273349e-09,4.249489e-09,-1.3500958e-09,-1018.0611,-11.108444,49.47589,1.5044932e-08
39.809456,-5.2886867e-10,269182.22,-1.2441521e-09,10.622731,2.1440867e-09,-7.3614803e-10,-7.3340356e-10,2.1499864e-09,-2.1268032e-09,-834.1303,-6.275009,44.334587,9.247305e-09
7.946802,-1.39747085e-08,164376.53,1.160632e-08,10.461101,-1.3920548e-10,-3.9560494e-10,2.1633935e-09,5.38326e-09,-4.0732013e-09,-979.513,-20.533813,23.473476,1.4763005e-08
32.853664,-6.8247026e-09,136898.34,4.1438475e-09,10.829977,1.5052819e-09,-4.1392131e-10,-7.248637e-10,2.3543447e-09,-2.0931772e-09,-763.1363,-14.404892,37.612103,7.409632e-09
69.41171,-7.950222e-09,158440.47,-1.10157265e-10,10.824293,-1.6518803e-09,-7.385554e-10,9.472818e-10,6.7176438e-09,-3.939162e-09,-846.75635,-18.453117,49.260975,1.7601991e-08
47.565033,-8.104376e-10,193098.52,-5.4498717e-09,10.024101,-2.4419397e-10,-9.185367e-10,2.3264685e-10,1.1109692e-09,-2.711983e-09,-1048.0654,-7.6817703,53.648003,2.597953e-09
58.429756,9.387365e-09,199569.48,-1.3796222e-08,12.292622,1.3309172e-08,6.9632955e-10,1.9876234e-08,5.892432e-09,2.0998638e-09,9599.239,303.43018,46.493107,-3.2935635e-08
39.487995,-9.476807e-09,324366.38,-1.3617236e-08,7.474213,1.7888945e-08,-1.784458e-09,-3.0176568e-09,-7.6225076e-10,-1.4836219e-09,1629.2085,-35.5067,45.48464,-2.5492977e-08
67.71518,-3.148478e-08,309988.88,-5.301659e-09,8.625956,-3.8809262e-09,-1.3116089e-10,9.411483e-09,5.6014273e-09,-4.6137187e-09,560.60205,264.88367,53.48134,-1.2369698e-08
47.872974,-5.500149e-08,478334.44,-9.171519e-09,11.486339,1.3439866e-09,-2.0505984e-09,6.3609265e-09,1.3299805e-08,-3.6484729e-09,-459.99146,290.94504,46.62695,-1.2656724e-10
107.896065,-1.0463561e-07,345880.66,-4.4778062e-08,1.0056734,2.184505e-09,-2.8205738e-09,1.3728964e-08,1.2168527e-08,-4.1151058e-10,543.84424,301.45483,73.34809,-1.3302913e-08
94.26129,9.0303764e-10,188665.3,-3.325855e-09,7.251871,5.112027e-10,-1.438741e-10,-1.9112905e-09,1.1589002e-09,2.5936644e-09,-930.19354,9.102493,40.163555,1.15078365e-08
63.91088,-4.3030983e-09,230118.8,7.6294276e-10,9.757277,1.695732e-09,-3.466566e-10,-1.0168074e-09,3.3585907e-09,-9.39835e-10,-770.9609,-2.0614738,39.663292,9.615169e-09
64.42178,-5.471025e-08,297297.7,-6.5142354e-09,14.149839,7.515983e-09,-2.741486e-09,2.2398863e-08,9.597776e-09,7.846743e-11,-954.677,107.203606,45.49117,-1.8866285e-08
50.238846,-7.470842e-08,237088.9,1.2337155e-08,10.64449,1.3588242e-08,-1.4107006e-09,2.6818869e-08,1.1396966e-08,-1.9920672e-09,167.66455,-11.909836,30.128147,2.620529e-08
6.4731674,-8.9674295e-09,324191.12,2.0947697e-09,11.2728,-1.9272248e-09,-5.8768275e-11,-3.5316733e-10,2.5900475e-09,-5.139538e-09,-690.79266,-12.534874,39.09659,1.5004936e-08
47.195374,2.4792168e-08,174334.84,2.2322733e-09,14.694139,8.097875e-09,-3.4244735e-10,-1.3231654e-08,-3.198237e-09,-1.7721004e-09,1688.8242,54.107025,39.026123,1.525245e-08
50.65775,5.173221e-09,115123.87,-8.5330445e-09,10.873634,-4.7758204e-12,-7.7189394e-10,-2.3651077e-09,-7.2323114e-10,5.3464704e-09,-1173.1984,23.199757,55.000656,-1.3260096e-08
65.77295,-4.184845e-09,193983.86,3.7118457e-09,14.64643,-7.6404943e-10,-7.4010514e-10,-3.130918e-11,1.0567277e-09,-3.627697e-09,-1427.9585,-13.247299,31.138737,1.0345788e-08
66.85244,-7.634464e-09,107451.77,1.6036102e-09,11.919012,2.5123376e-10,-8.181479e-10,-1.933059e-10,2.755912e-09,-3.1927614e-09,-841.71533,-14.031639,50.42274,1.119157e-08
37.882767,-1.1004352e-08,208416.56,1.5007466e-10,14.610746,-7.634912e-10,-7.7757173e-10,6.294336e-10,5.72643e-09,-6.9050765e-09,-942.3028,-16.550964,46.51265,1.5369983e-08
85.57657,5.832949e-08,32005.5,-6.0673e-09,13.152068,3.373714e-08,3.4353633e-09,-7.108956e-09,-2.0870226e-09,3.4121301e-09,2171.066,487.78754,27.225792,-1.0405668e-08
-50.017353,-6.869343e-09,82656.37,2.468288e-09,5.7610235,-1.2880828e-09,-5.139012e-10,1.0361004e-09,1.8597037e-09,-3.1882925e-09,-698.4783,-14.330925,29.885279,1.4110869e-08
117.7478,-8.910607e-08,423699.7,-3.6883492e-08,6.0805955,-9.650258e-09,-8.195389e-10,2.5418023e-08,4.7370183e-09,-1.0079987e-09,-1245.6584,337.0844,55.097607,-2.5104574e-08
33.75792,7.1288326e-09,12167.531,1.2688588e-09,14.853152,-1.9104998e-09,-3.3631958e-10,1.4219544e-09,-6.044828e-09,4.0679233e-09,-423.30585,39.537975,11.46447,-1.6169065e-09
6.241722,-5.350635e-09,222618.88,2.8820546e-10,11.020782,-1.8965422e-10,-4.698831e-10,-7.942021e-11,4.3943302e-09,-3.8971204e-09,-828.33044,-7.9470177,41.369953,1.1481348e-08
7060408700000000.0,-75272424.0,-7.0639946e+17,-7.3974284e-09,10.994165,-9.852273e-09,9.898453e-09,-6.9876755e-08,-9.9701154e-08,-1.2698339e-08,2653.654,-181.43935,-969920100000.0,5.8661267e-06
81.87888,-4.2324267e-08,366588.3,-5.0709847e-08,11.188032,1.2931053e-09,1.7721102e-09,-3.0299297e-08,1.7563061e-09,1.2241e-09,4456.84,294.67743,75.064835,-1.2978845e-08
1.7494965,-5.9216654e-09,272200.94,-7.926571e-10,11.54822,4.9235508e-11,7.774247e-12,2.574663e-09,2.9572327e-09,-2.3711442e-09,-670.09906,-12.293175,50.015465,1.1488208e-08
100.18794,-5.9946785e-08,295122.53,-2.6907385e-08,12.666008,1.2029072e-09,-3.2572327e-09,2.2542872e-08,5.52158e-09,-1.2295336e-09,-898.09155,251.10637,45.223225,-1.4984817e-08
40.329662,4.792583e-09,411432.2,-3.6324532e-09,13.969288,-4.723323e-10,-8.640464e-10,-1.0568755e-09,2.1652409e-09,3.9635832e-09,-431.42957,30.323853,47.39138,6.979706e-09
89.37927,-1.0712291e-09,179003.42,-6.595654e-09,8.890083,-1.234275e-09,-7.487933e-10,8.044566e-10,3.2244387e-09,5.069303e-09,-938.8664,11.828472,38.333897,8.1673324e-10
31.316912,-6.210791e-09,252126.22,6.211971e-09,10.692478,-9.343135e-10,-1.5999412e-11,2.6799374e-09,2.214974e-09,-4.0775583e-09,-618.0599,-9.432266,24.720966,7.649951e-09
53.9288,-1.368227e-08,241123.72,9.8594235e-09,12.063922,9.157351e-09,-3.482482e-09,2.3812115e-08,3.3387286e-09,3.0759655e-09,1211.4216,190.96796,48.54383,1.3686744e-08
61.600925,8.318026e-09,181065.77,-2.2147022e-09,8.217672,2.9244955e-09,3.877339e-10,-2.554472e-09,-4.533888e-09,1.1275697e-08,240.29642,70.217445,43.541733,-2.602505e-08
32.53999,-4.739225e-09,245378.97,4.7177053e-09,18.932003,2.1484764e-08,-1.9985764e-09,4.9545053e-09,-1.9512107e-09,-1.650319e-09,826.62744,-25.453049,56.827236,-7.2080657e-09
11.859306,-5.5429483e-09,287088.88,2.7256144e-09,9.277687,3.464893e-10,-6.9390765e-10,-3.7782288e-11,2.8448386e-09,-3.0322416e-09,-706.4936,-7.917942,31.5548,1.1806591e-08
-52.529156,-2.5755273e-09,248524.31,6.934306e-09,4.906804,-2.5258091e-09,-3.3970401e-10,-2.1953481e-10,1.4879398e-09,-4.468032e-09,-701.93994,-12.643097,25.17059,1.2944916e-08
47.662277,-8.1255145e-09,189007.16,5.636795e-09,14.4999275,1.1248537e-09,-2.755711e-10,1.8246832e-10,4.7474304e-09,-4.3480983e-09,-946.1927,-13.234543,28.862186,1.3344402e-08
50.95945,1.5306007e-08,227315.53,-2.6921118e-08,5.102474,3.0925268e-08,1.1345865e-09,-2.3602158e-08,-1.3711825e-09,2.0774268e-10,5227.544,595.0391,45.31571,-5.503981e-08
46.39242,-6.212196e-09,287700.34,4.20636e-10,11.964151,-4.6636783e-10,-1.125457e-10,-1.9365272e-09,4.056255e-09,-5.03341e-09,-623.7553,-13.9631195,31.889069,1.38129e-08
4.7545357,3.5647194e-10,20118.75,-1.4928178e-09,6.9239593,1.3618573e-09,-6.9152023e-10,2.5071767e-09,6.8712425e-10,-7.069797e-10,-735.56134,-3.4338722,40.826107,4.8035353e-09
2467110800000000.0,-26302352.0,-2.4683643e+17,-7.397424e-09,10.994165,-9.852254e-09,9.898463e-09,-6.987674e-08,-9.970118e-08,-1.2698314e-08,2653.6548,-461.83124,-338918150000.0,2.6252453e-06
46.12084,-2.3626117e-09,470933.3,2.004502e-09,10.832396,1.7660686e-09,-6.881989e-10,-1.7231078e-10,9.2258273e-10,-2.9171088e-09,-982.4511,-3.5516052,38.510082,1.0902893e-08
12.137594,-3.2317333e-09,171944.1,-2.1673536e-09,9.242301,-8.5613583e-10,8.408687e-11,3.3462477e-10,1.8451e-09,-2.0780311e-11,-256.0428,0.39400864,82.08641,9.046637e-09
58.659622,-8.649371e-09,205457.53,4.480861e-09,7.3611655,-2.0727914e-10,3.0572697e-10,-5.090272e-10,5.0855187e-09,-4.347713e-09,-479.54456,-5.5154915,42.204132,1.3212028e-08
55.183403,-7.3771114e-09,217160.56,1.5027269e-09,11.015767,-1.0135961e-09,-8.402531e-11,-3.0910374e-10,3.6492764e-09,-3.959666e-09,-967.8945,-10.836807,53.53326,1.4643857e-08
36.02995,-8.755956e-09,193221.02,1.1763374e-08,13.98062,2.40981e-08,-1.7446035e-09,1.0959759e-08,-1.4514411e-09,-8.667688e-10,-754.26685,-262.47827,33.374016,2.2436133e-08
258.05768,1.0839887e-07,100617.555,-2.773805e-08,5.2785187,-3.0916162e-08,5.0256435e-09,-4.9046196e-08,-1.6076415e-08,-7.055514e-10,8305.078,290.33698,-42.948605,2.7761047e-08
-2.1650925,4.50128e-09,136595.39,-2.6854476e-09,11.6092205,2.7088038e-09,-6.013721e-10,-1.7308757e-09,4.1002273e-09,-1.5641562e-09,66.689255,-2.340065,28.348206,-1.2345834e-09
114.5061,-1.2779256e-07,296222.44,-9.069929e-09,12.359424,6.554661e-09,-1.0682182e-09,2.5700711e-08,1.1503592e-08,3.5959605e-10,-938.4905,138.84659,38.443737,1.3776889e-08
74.72106,1.4169018e-07,-99203.7,-1.6279222e-08,11.3838825,1.22179e-08,4.684911e-09,-3.156942e-08,-8.3048235e-09,2.2301359e-09,12980.4795,562.2923,43.710167,-1.4039528e-09
27.146645,-1.0378779e-08,194751.86,3.0919516e-09,8.42226,-4.261547e-10,-2.7363356e-10,1.2123362e-09,4.429423e-09,-3.5548302e-09,-967.94916,-16.419228,42.60608,1.5592105e-08
53.02762,-1.0945344e-08,230126.56,-2.6515196e-10,10.746704,-1.4269212e-09,-2.1217997e-10,2.247899e-09,4.4330006e-09,-6.0162795e-09,-870.5016,-13.303719,58.874992,1.9287496e-08
40.94792,-3.208579e-08,136958.23,3.6273753e-09,11.897523,-9.0784763e-10,1.6968132e-09,1.309641e-08,2.400843e-09,1.159005e-09,400.59473,176.5422,33.708553,-1.2468336e-08
13.412277,-8.176001e-09,154356.66,4.3895483e-09,6.9988394,-2.8984297e-09,-3.742638e-10,-7.1195466e-10,2.956017e-09,-2.0066786e-09,-684.52576,-10.318527,28.527885,1.385779e-08
49.26205,3.8414175e-08,178750.25,-1.8460735e-08,11.370972,4.752637e-09,3.1838097e-09,-3.5091297e-08,-1.0076442e-08,-2.2970902e-10,-2626.114,1002.472,46.619064,-4.851258e-09
62.95658,7.897171e-08,479926.25,-3.0549568e-08,8.66902,-4.0126857e-10,3.5846452e-09,-8.2063005e-09,-2.3833962e-08,-6.455628e-09,3718.9866,-182.0183,34.54355,-1.0104526e-08
70.677765,-2.0971527e-09,55330.22,-4.957143e-10,10.074905,-2.824997e-09,-5.05518e-10,-6.240849e-10,1.5563552e-09,1.3187452e-09,-673.1225,-0.713768,42.849922,2.6389282e-09
97.47005,-2.2367443e-08,241310.69,-1.5607965e-08,5.8755503,-5.5578733e-09,-2.963711e-09,-4.3450807e-09,3.5404155e-09,1.9713464e-09,1144.4783,394.03857,46.173817,-2.6660953e-08
81.04141,-2.131507e-08,190384.89,-1.2975086e-08,11.991641,-1.4306933e-08,-1.1361536e-09,1.7694548e-08,2.3193272e-09,1.3415836e-09,600.50073,166.9088,31.040733,-1.7322776e-08
93.19734,5.058178e-08,354621.88,-7.822574e-09,11.043518,1.247936e-08,1.3036096e-09,1.2806471e-08,-7.113499e-09,-1.4617503e-10,961.426,674.51117,38.160187,-1.2239315e-08
25.528446,9.4440665e-08,210515.23,1.9877953e-09,11.43989,-8.03312e-09,1.0835985e-08,-1.5314853e-08,-2.8126127e-08,-1.9084974e-09,-4920.9395,5.6479797,25.051836,1.3537508e-08
58.805264,-5.838584e-08,176682.89,7.283742e-09,6.318908,1.1390165e-08,-8.060743e-10,3.0099827e-08,7.447727e-09,-2.0838498e-09,-559.6824,46.737442,40.447235,1.4984666e-08
31.47419,-2.0996199e-08,269852.06,1.3412658e-08,8.64996,1.9737515e-08,-5.1065157e-09,2.0577286e-08,4.6903432e-09,-3.6163206e-09,32.22754,42.25586,32.870735,-1.335226e-09
72.50819,-6.749906e-08,342426.56,-7.0724577e-09,8.706984,3.065252e-09,-2.2286104e-09,1.7357525e-08,1.0648198e-08,-2.140734e-09,-1168.9446,259.76935,29.241528,-8.647813e-09
52.412243,-1.00832086e-10,68131.55,4.863947e-10,9.259768,-2.627617e-10,-5.046015e-10,5.027837e-10,-1.1051217e-09,3.9095758e-09,-783.2034,19.465675,37.847507,3.2775225e-09
10.903099,7.260333e-08,368905.53,-3.5187633e-09,9.902135,5.0465488e-08,3.459e-09,-1.1446274e-08,-2.5958878e-08,1.4862254e-09,3877.9846,38.49901,30.347626,2.9121274e-08
75.18575,-4.513128e-08,296128.62,-1.0130286e-08,15.94044,2.9940664e-10,1.0916492e-09,1.8317058e-08,2.6629936e-09,2.3528757e-09,-987.52515,194.19759,48.613712,-1.8662568e-08
80.00746,-7.173413e-08,284094.78,5.0223514e-09,7.0474105,8.19425e-09,-6.0774648e-09,1.5956147e-08,9.243641e-09,-9.917006e-10,363.24707,21.902298,44.069508,-1.8112884e-08
167.91435,-3.9924732e-08,252363.16,-2.210002e-08,8.696966,-2.0953724e-08,9.0438357e-10,-1.6638506e-09,-1.4809751e-09,1.4008906e-09,-2737.6887,172.43097,20.743752,-1.39759475e-08
4.2098618,-4.7264854e-09,137931.9,1.5278864e-09,7.5531874,-8.245513e-10,-5.552337e-10,4.2908446e-10,3.061453e-09,-2.6665683e-09,-789.96136,-8.926292,34.466553,1.0023972e-08
35.88344,-5.3697775e-08,85562.57,9.463841e-09,14.870212,1.5989976e-08,-1.764033e-09,1.7533669e-08,5.299868e-09,3.4469794e-09,376.9214,135.6029,53.408524,-4.7760187e-09
66.44209,-2.037388e-08,357336.25,-1.0825073e-08,9.92684,1.9491408e-09,-2.5062439e-09,1.5136239e-08,1.8317788e-09,4.4435694e-10,-1470.5994,181.53201,50.752663,-3.9799716e-08
82.69017,-3.3275285e-08,220864.83,-1.6958973e-08,10.35707,-1.15529675e-08,9.384701e-11,3.3291339e-09,1.6868399e-09,1.7936316e-10,-234.87134,421.42657,23.61175,-1.5549555e-08
16.364912,-1.9457589e-09,113623.36,-2.241873e-09,10.636952,-1.7828381e-09,-7.4034323e-10,-6.3156463e-10,4.423676e-09,-6.2652566e-10,-1005.37775,-10.151215,53.955154,4.751312e-09
9624733000000.0,-100273.96,-1096925300000000.0,-2.2723712e-05,3533.7393,430.26282,-2.559846e-08,2.0657615e-07,6.960562e-08,1.6691219e-08,18738.25,531.1782,62.01252,-1.6950931e-08
51.342834,-5.6175345e-08,250677.52,-2.419979e-08,9.736741,2.4234335e-09,-2.2772206e-09,1.079798e-08,1.1194191e-08,3.7860475e-09,-10.841309,464.9475,40.87845,-2.1438256e-08
70.10129,-4.144475e-09,324923.12,6.567757e-09,13.418213,1.5847533e-08,-2.7731784e-09,-1.0283371e-08,-2.047275e-09,-6.6245515e-10,-2495.176,276.22742,52.3994,-9.661645e-09
66.32678,2.3244219e-08,103853.79,-1.9958637e-08,15.096762,2.4863007e-09,1.013825e-09,-1.522959e-08,-1.2750534e-09,-1.2804109e-10,-618.38306,272.00403,36.20754,-1.1068752e-08
81.89116,-3.5142232e-08,340243.3,3.5792294e-09,10.736333,5.144351e-09,-2.0657621e-10,1.7468215e-08,5.4259885e-09,-1.8561785e-09,-342.43335,306.23123,38.385242,1.7774507e-08
30.658161,-9.41131e-09,320458.7,6.2553553e-09,12.498913,-1.556916e-09,-8.031884e-10,2.6506661e-09,3.995591e-09,-5.542446e-09,-1094.26,-15.595833,30.320786,1.484551e-08
44.60208,-9.174429e-09,312503.7,4.981218e-09,10.612954,-1.5966762e-09,-5.35633e-10,2.7919478e-09,4.6254485e-09,-6.26392e-09,-1012.1641,-13.501808,33.451504,1.4218108e-08
62.515305,2.470926e-08,401712.8,-4.2453724e-08,6.72206,-2.7947364e-08,3.6823231e-09,-3.3478408e-08,-1.2802381e-09,2.8808724e-09,-1290.7361,823.83954,44.023113,-1.47161e-08
34.99522,1.0805522e-08,242243.88,-1.1115908e-08,9.468645,4.1948717e-08,2.9954172e-09,1.8526788e-09,-1.4879011e-08,-6.1303815e-09,16595.25,46.090958,53.392742,-2.9668279e-08
181.21349,-7.689297e-08,312178.88,-2.9426452e-08,9.341291,-2.3635602e-08,-5.123163e-10,6.8248145e-09,1.4715744e-10,9.713705e-10,-625.57544,167.09386,17.570787,-2.5114518e-08
64.93611,3.3887695e-09,218976.81,-1.5533809e-08,10.248296,2.747628e-09,2.0800377e-09,1.4949512e-08,-3.6082917e-10,2.4880675e-09,720.32446,56.633896,38.285095,-2.3296533e-08
65.98354,-4.1288932e-09,359683.38,3.0451548e-09,6.716181,-7.7793033e-10,-4.3534815e-10,1.9196418e-09,5.4061244e-09,-1.5869612e-09,-813.13855,-11.48465,28.142971,1.0752691e-08
131.45827,-8.71932e-08,423896.3,-5.1802157e-08,12.047187,-1.8528597e-08,-1.141788e-09,1.4442089e-08,8.01776e-09,2.3836486e-09,-487.32788,418.82074,66.22887,-2.0686583e-08
55.394257,-1.1914097e-08,188949.72,2.0161488e-09,10.619447,1.0267044e-08,-2.0601722e-10,1.6971507e-08,5.7756293e-09,3.009539e-10,-539.719,77.14515,20.421131,-1.4327331e-08
95.89796,-1.1580275e-08,173198.81,-4.787406e-09,11.586892,9.428132e-09,-1.9801487e-09,1.253608e-08,5.927452e-09,2.9137652e-09,4713.171,86.19979,43.177814,-2.0378561e-08
69.95986,5.197039e-09,271621.4,-6.2639904e-10,15.414205,3.2746915e-08,1.0844315e-09,-7.20267e-09,2.393877e-09,1.0310388e-08,39288.7,133.41861,53.668617,-1.9063746e-08
127.07701,-2.7031522e-08,124970.44,-3.1347284e-08,11.605535,-1.3999065e-08,4.1955725e-10,-1.6356129e-09,1.271885e-09,1.1513827e-10,960.05835,153.84612,32.072857,-5.7603838e-08
68.81213,-3.9634087e-09,373684.06,-3.8613564e-08,5.8274374,-2.9009014e-08,-1.3831251e-09,-4.022127e-08,1.3778994e-09,-8.2379237e-10,3978.7402,796.15076,64.8163,-1.894188e-08
44.76539,8.466785e-09,336185.06,-1.0416142e-08,8.498274,-1.2623892e-08,4.876649e-09,-3.382194e-08,-1.7431553e-09,-5.843468e-09,1698.6855,335.0744,61.55742,-1.6664726e-08
35.655888,3.7925223e-09,-28074.422,1.5790521e-09,5.745229,9.853413e-10,-1.5547198e-09,-3.5658483e-09,-2.643729e-10,2.7010147e-10,-584.9198,13.724979,18.478931,3.4722993e-09
51.921024,-8.956108e-09,112020.77,-5.6799e-10,7.779949,1.3860659e-09,-1.1766867e-10,1.6342521e-09,2.1475524e-09,-3.0826444e-09,-860.009,-8.215153,52.87829,1.5978303e-08
22.95375,-2.8262193e-09,236088.94,-3.244002e-10,7.772917,-2.7775782e-09,1.0307864e-10,-1.4355823e-09,3.4676833e-09,-2.9123168e-09,-858.4297,-0.5707474,38.044605,1.05255324e-08
45.795013,6.851395e-09,162078.08,-1.0659562e-08,9.203808,-1.0603624e-09,-1.2390068e-09,-4.870543e-09,2.1144355e-09,5.8145737e-09,310.89536,166.31184,34.060406,-9.835888e-10
87.1176,-6.426624e-08,372693.88,-1.574768e-08,8.870246,-2.2529645e-09,-1.003478e-09,1.458215e-08,9.046243e-09,2.2455693e-09,98.021484,368.9087,37.60648,-3.9219543e-09
16.044872,-5.043321e-09,186923.89,-1.22492e-09,7.538417,5.7569693e-10,-1.883493e-10,3.5503671e-09,1.8166727e-09,-1.149332e-09,-109.839066,-10.286926,49.86457,1.0121062e-08
53.1794,3.469781e-08,81722.57,-4.5958894e-09,11.510984,-4.9728726e-08,-5.0137605e-09,1.615792e-08,2.1129999e-08,7.1413814e-10,238196.97,437.74872,83.16616,-6.5745875e-09
98.537285,2.258664e-08,184154.78,-3.2017393e-08,15.327602,-1.3284303e-08,-4.1395194e-09,-4.7612858e-08,8.489791e-09,3.3048237e-09,39062.504,362.96692,71.86618,-1.1752977e-08
52.806137,3.0747365e-09,97345.914,-2.5612867e-09,6.083306,-4.393826e-10,-1.1357901e-10,4.901743e-10,-1.0698507e-09,1.6712962e-09,-655.5131,36.445,45.89741,1.3127929e-09
75.22999,-5.297482e-08,420616.44,-9.239934e-09,11.005899,-7.926614e-09,-3.4092622e-09,1.1216501e-08,6.065164e-09,-1.3421471e-10,-1376.0369,219.63084,45.102688,2.5275576e-10
27.8386,6.9766157e-09,466285.5,-7.0920736e-10,12.950159,-7.429305e-10,-2.93036e-10,-2.5248827e-11,-3.9810852e-09,1.4801408e-08,2796.6333,87.6936,28.10888,-2.1403114e-08
85.749344,-1.9565205e-08,159880.72,-2.010044e-09,10.891667,-1.7438294e-08,2.182489e-10,1.670216e-08,2.633514e-09,1.0709743e-09,-1826.1389,84.34784,33.608456,-1.5826911e-08
27.364536,-8.69018e-09,279772.5,2.350512e-09,11.581347,-5.817263e-10,1.5792059e-11,-5.4825203e-11,4.9972733e-09,-4.70207e-09,-651.0976,-12.289246,38.66586,1.3562344e-08
43.837543,1.5956879e-09,225117.88,-1.9886481e-09,11.016916,-1.0006455e-09,-3.1980288e-10,-3.2546936e-09,4.4161322e-10,1.1230769e-09,-627.1355,-14.322601,68.69815,-2.5041025e-09
53.888313,2.3768129e-08,448783.1,-7.39734e-09,10.442081,-4.0415737e-09,-3.0904387e-11,-1.4044294e-08,-9.1361665e-09,3.584667e-08,1122.4756,1851.1934,68.67897,-4.052577e-08
81.06154,2.847815e-08,361755.06,-9.640586e-09,9.474588,-1.5836237e-08,-3.3590561e-09,6.591044e-09,-3.5379935e-09,1.2101725e-10,-1023.0383,593.73553,39.830933,-3.191015e-08
53.117928,6.1394454e-09,139734.16,3.023039e-09,14.18586,-7.5266176e-09,-4.053215e-10,-9.459115e-09,-3.538103e-09,-5.3218296e-10,-1083.5603,62.615036,39.34667,-4.579773e-09
65.559906,2.937674e-08,26888.828,-2.2655094e-08,8.765394,-2.0736216e-08,1.0951033e-09,-1.0814901e-08,4.214237e-10,-1.1869551e-09,1361.3257,196.16942,56.304893,-1.1735758e-08
104.03526,-1.2175167e-07,381563.53,-2.9894537e-08,9.136507,-3.3199943e-09,-2.2243138e-09,2.5588763e-08,1.2535454e-08,7.6499246e-10,-818.1194,354.81305,38.67388,-2.0521341e-08
111.777725,-1.077143e-08,25701.688,1.2653839e-09,9.10696,-1.6316123e-10,-4.4130387e-11,-8.4917373e-10,7.547139e-09,7.7833767e-10,-712.5295,-35.101517,45.790413,2.3026233e-08
76.58095,4.7792246e-09,101547.625,-5.4632987e-09,10.039641,-1.043832e-10,-7.372726e-11,-7.7058065e-10,-5.325761e-09,7.738857e-09,607.12994,54.363434,38.910862,-1.1325761e-08
73.45655,-4.830761e-08,315977.34,-1.3361903e-08,6.73109,-5.514636e-09,-2.042914e-09,1.11749765e-08,9.1505665e-09,-3.4797052e-09,268.4392,311.77124,44.932404,-1.6978133e-08
12.264128,-5.0520987e-09,250569.48,1.3165221e-09,9.357124,-1.4694254e-09,-4.0571727e-10,-4.7042575e-10,2.980687e-09,-3.2410246e-09,-738.7706,-10.308304,43.772923,1.1018258e-08
140.0694,-1.2966876e-08,403427.75,-1.2618253e-07,5.973643,-3.550482e-08,-1.6060714e-09,-8.532284e-08,8.53149e-09,2.3494917e-09,13883.687,539.8314,109.22586,-1.1037169e-08
45.67119,-5.9005547e-09,236706.06,-4.2580654e-11,7.953649,-7.820928e-10,-2.0815048e-10,8.612323e-11,1.3087202e-09,-2.2114655e-09,-195.81789,0.9596939,43.638885,8.527075e-09
120.69728,-4.050381e-08,295608.25,-3.5380104e-08,7.882761,6.2356493e-09,-1.9848228e-09,-1.729489e-08,4.117645e-09,2.9183398e-09,-1819.5115,477.15137,54.121338,-3.445518e-08
103.29335,-9.269871e-08,348519.94,-8.87285e-09,11.994647,9.524389e-09,-4.338157e-09,2.6393462e-08,1.652143e-08,4.1632564e-09,23446.67,250.56549,59.320023,8.757041e-09
263.7233,2.6328761e-08,187743.22,-2.1487526e-08,10.682659,-2.5424708e-08,3.254065e-09,-9.633426e-09,-1.18599255e-08,1.5427143e-09,1921.4496,534.3074,-48.076138,6.3675154e-09
84.029106,1.4647399e-09,373651.0,-4.6242974e-09,11.157246,-2.3992723e-09,-8.979247e-10,-1.1461851e-09,9.115529e-10,3.759875e-09,-1322.4391,1.6697159,32.875954,-7.349668e-09
164.12563,-4.282958e-08,447360.56,-6.921614e-08,7.070403,-4.089435e-08,-1.5287706e-09,-4.692434e-10,6.0070655e-09,7.7033585e-10,-1412.7991,632.36743,51.730637,-8.444538e-09
8.742243,9.5966985e-09,201416.47,2.791251e-10,8.74347,-6.6990524e-10,-3.2934608e-10,-4.98471e-09,1.6347163e-09,2.4908529e-09,-223.08778,19.90596,30.961782,-2.0312805e-09
59.61415,-6.7664786e-08,314719.9,1.1937893e-09,15.623726,1.4248878e-08,-4.217881e-09,1.0732524e-08,8.5461584e-09,2.214735e-11,-523.4065,209.30743,51.12416,2.24472e-09
30.954819,-6.5137997e-09,109568.266,4.606056e-09,9.443186,-5.5497723e-10,-1.3595121e-10,6.6279987e-10,3.3693779e-09,-3.1913188e-09,-819.9404,-13.810257,32.6116,9.679331e-09
67.98351,-3.173139e-09,152258.92,2.0785302e-09,10.822817,-1.1374202e-09,1.3166061e-10,-6.0510013e-12,9.0245156e-10,-1.8330856e-09,1089.2944,-0.66344833,34.12972,2.148806e-09
34.614563,-1.2615539e-09,194798.67,-7.771644e-10,13.046518,9.770631e-10,3.1431732e-10,-6.901194e-10,3.4725338e-09,-2.8834697e-09,-820.2136,0.33417892,35.64923,9.557931e-09
73.50325,8.148818e-09,160431.73,-5.7621508e-09,9.569176,-1.9786617e-09,-1.3449045e-09,8.0042035e-09,7.7488843e-10,-6.850075e-10,1207.7136,172.9983,37.631363,-2.2824459e-08
-1.1351471,-1.0732438e-08,582567.7,6.4615526e-09,8.968056,4.1645726e-10,2.062538e-10,3.3659877e-09,3.9451984e-09,-6.458619e-09,-609.85956,-11.501785,33.377934,1.8280458e-08
64.35157,-8.673471e-09,203246.1,-1.2326585e-08,13.01946,-1.44805155e-08,-1.3454248e-09,-1.0666034e-08,-2.2054798e-09,1.5735888e-09,404.56982,315.34747,33.90753,-7.0270296e-09
51.214584,-3.2555463e-09,241403.83,3.8304984e-10,13.078502,9.440371e-10,-3.693178e-10,-8.2855806e-10,4.148613e-09,-4.743811e-09,-910.68915,-7.0998154,25.243906,7.305818e-09
60.224854,-1.7143467e-09,30335.438,-2.2289732e-09,8.471928,3.7891395e-11,-1.9417172e-10,6.6541905e-10,3.8261846e-10,-1.1861225e-09,-497.58167,-18.772339,38.046192,-4.331527e-09
21.774734,-4.472429e-09,273565.03,-1.4394099e-09,5.3343205,-2.1939832e-10,-4.6924926e-11,1.0991804e-10,2.0578295e-09,-2.098844e-09,-214.64326,-7.575981,73.50989,9.242849e-09
90.706696,2.1827884e-09,211040.16,-9.349681e-10,7.382636,-4.269809e-09,3.9667394e-09,9.4598835e-09,3.0751024e-09,1.1729486e-09,-2204.8625,387.71423,45.40565,-1.2544721e-09
4.512986e+24,-4.811385e+16,-4.5152793e+26,-7.397426e-09,10.9941635,-9.852251e-09,9.898443e-09,-6.987674e-08,-9.970106e-08,-1.2698338e-08,2653.6548,-181.43993,-6.199695e+20,5.8661044e-06
40.26082,-4.4129678e-09,58616.812,1.6826885e-09,9.888969,2.429769e-09,-6.337087e-10,5.3778787e-10,2.0112365e-09,-8.378224e-10,-701.42285,-6.855789,49.108818,6.8491874e-09
11306505000000.0,-117795.26,-1288595800000000.0,-2.272368e-05,3533.74,505.44455,-2.5598471e-08,2.0657693e-07,6.960564e-08,1.6691233e-08,18738.27,531.17816,62.01252,-1.6950963e-08
-16.185574,-1.2106179e-08,311233.75,6.50254e-09,13.877257,2.7655253e-10,-3.1625194e-10,1.8957322e-09,3.1493197e-09,-6.1321948e-09,-948.27716,-17.536339,31.50751,1.7314752e-08
23.727364,-6.433308e-08,96461.1,-8.281714e-09,9.641914,2.4354613e-08,-4.284275e-10,7.309569e-09,6.4838783e-09,-2.9778033e-09,86.67871,337.5413,57.71642,-2.4696794e-08
44.863,3.6212695e-09,166298.56,-5.837858e-09,9.96194,2.5120575e-09,3.246844e-10,-1.440752e-09,3.457076e-09,3.5964692e-10,95.87005,3.5965538,31.067865,3.8451247e-09
6.604546e+18,-70412390000.0,-6.607898e+20,-7.3974387e-09,10.994164,-9.852254e-09,9.898458e-09,-6.987671e-08,-9.9701e-08,-1.2698351e-08,2653.6553,-181.43996,-907296100000000.0,5.8661026e-06
22.181713,-6.3641568e-09,213409.6,4.3493587e-09,5.910433,2.7152855e-10,-5.821979e-10,1.5604759e-09,2.074786e-09,-2.9871154e-09,-548.95984,-8.122108,35.400272,1.0771665e-08
41.107395,-6.802472e-09,322867.44,3.3746013e-09,10.314015,-1.2881106e-09,-5.7321403e-10,1.3112256e-09,5.8844485e-09,-6.40461e-09,-849.2844,-14.725731,47.287445,1.527044e-08
50.285816,-7.589872e-09,532005.8,5.4493645e-09,8.262062,-3.0194411e-09,4.971093e-11,1.0590003e-09,4.6171964e-09,-6.961609e-09,-805.7263,-8.57497,30.216095,1.7040012e-08
42.306458,2.5619594e-08,124379.75,3.364054e-09,16.260733,1.6895447e-08,2.4567255e-09,-1.9765043e-08,-3.49187e-09,-6.6626027e-10,-2045.696,-103.69597,26.03776,1.28973054e-08
28.762897,2.7476787e-08,34001.875,-1.7199684e-09,13.9103565,-3.5859722e-09,-1.6140074e-09,-5.7014604e-10,-6.8072987e-09,1.2063714e-08,-606.11676,111.287384,28.745815,-1.0938942e-08
37.50403,-1.911416e-08,171714.1,7.860356e-09,13.980603,2.3620686e-08,3.2054967e-10,1.9124734e-08,1.8350056e-09,1.579172e-09,-211.3606,-153.26729,43.13257,1.19938575e-08
45.451473,-6.3118705e-08,310636.5,3.4816452e-09,11.147792,1.238288e-08,-2.9321063e-09,2.6858276e-08,8.161254e-09,4.4507322e-09,189.46216,94.035225,39.322105,-2.552607e-08
86.46634,-6.02995e-08,203013.8,-1.5440719e-08,12.4478445,-6.2887775e-09,-2.7503988e-09,1.2716432e-08,6.5316796e-09,5.327208e-10,-459.2146,298.7828,46.95761,-1.35824765e-08
79.91815,-5.0176507e-08,248744.31,2.4835095e-10,12.150102,8.571642e-09,-1.2854848e-09,5.978525e-09,7.566509e-09,-2.4828015e-09,-1258.5237,171.31487,36.615936,-1.9938716e-08
55.226105,1.2397835e-09,457583.25,1.16509575e-08,10.0519705,8.417778e-09,-2.7516276e-09,1.1453129e-08,3.2154348e-09,-5.888685e-10,407.69263,-32.15634,41.071213,3.0651712e-08
9.4602585,9.2504837e-10,358914.88,-2.8069322e-09,8.924228,1.488063e-09,2.4585117e-11,1.4202894e-09,-1.3075762e-09,1.9770852e-09,-183.96233,-1.6863098,49.15325,2.5851408e-09
-57.59612,-1.6206536e-07,-73465.625,5.435446e-09,23.187439,2.6080048e-08,2.7883884e-08,5.5836624e-09,3.4545806e-08,3.6502524e-08,80436.35,930.02203,77.22496,-3.1219898e-08
69.87805,1.798436e-08,201110.86,-3.1168068e-09,11.074639,-2.1481616e-08,-4.0701678e-10,-3.806128e-09,1.4618925e-09,5.352421e-10,8740.563,363.38687,45.93077,7.710561e-09
24.957113,-2.756448e-08,302652.56,3.431637e-09,12.732317,2.1609052e-08,-1.8992614e-09,1.9374474e-08,3.5208967e-09,-2.3217353e-10,-411.08472,-119.22957,31.944471,2.7923276e-08
-8.862328,-2.102808e-09,361142.53,2.0935216e-09,7.6589403,-1.0024692e-09,-4.4476525e-10,-1.1386704e-09,2.5945732e-09,-3.0878287e-09,-605.62933,-8.909409,35.159153,1.1518979e-08
111.56444,-4.946357e-08,293692.8,-2.1919835e-08,11.096072,-7.667706e-09,9.734816e-11,7.177144e-09,3.053716e-09,1.4066031e-09,-1008.6824,248.59137,35.84666,-1.3591082e-08
-3.1248932,-6.618555e-09,271588.3,-4.2206075e-10,6.2648087,-6.121356e-11,9.740931e-11,1.1215557e-09,3.8318646e-09,-2.7328784e-09,-540.98083,-11.424583,51.01952,1.3851504e-08
24.388828,9.981463e-10,216018.88,-2.401704e-09,5.8878117,-7.101617e-10,-5.702591e-10,-6.8894096e-10,-7.428596e-10,7.7638107e-10,-754.70154,5.774597,60.508793,9.476746e-10
22.57838,3.3933798e-08,242579.25,-6.3135057e-09,12.242035,1.9593815e-08,1.8346622e-09,-3.8077346e-09,-1.7516783e-08,-6.6848194e-09,6050.0684,-507.66034,48.991302,5.4307575e-10
13.234167,-6.7055645e-09,332138.34,7.576049e-09,10.615343,-6.7724576e-10,-1.8981564e-10,1.7806087e-09,2.9078768e-09,-3.3764151e-09,-721.4736,-13.058678,31.068924,1.1843839e-08
7.4256516,-8.617075e-09,153491.28,3.7045178e-10,6.734618,-1.4877619e-09,-5.042649e-10,1.3478918e-09,2.4677267e-09,-3.5124261e-09,-779.431,-10.457161,45.039986,1.2255144e-08
97.457,5.8507346e-09,247620.28,-4.996548e-09,4.4187284,-9.778891e-10,3.9653e-11,-6.0916867e-09,2.0880329e-09,1.2436336e-08,-242.88954,82.97791,56.26345,2.394869e-09
-4.868622,-4.009133e-09,418448.5,8.596472e-09,6.9419107,-1.5705768e-09,8.2665944e-11,8.3670804e-10,3.452296e-09,-2.9493452e-09,-722.28156,-12.051834,27.373089,1.098578e-08
876350140.0,-9.001113,-92655550000.0,0.013660488,12639.6045,6.690853e-08,1.6772357e-09,4.4402093e-08,1.7799165e-08,1.7292002e-09,11461.8545,1152.6864,112.48163,-6.4381083e-09
129.8001,-8.750211e-09,224355.62,-4.4591108e-08,10.005468,-2.6511245e-08,-3.984164e-10,-1.0646702e-08,5.192205e-09,2.8172287e-09,2209.9844,582.3575,61.010456,-2.203884e-08
75.10964,-1.0148988e-08,202104.94,1.0968159e-09,4.6537333,-1.2214292e-09,3.2568506e-10,1.1708753e-09,5.636499e-09,-3.5398464e-09,-747.40765,-10.568436,46.296516,2.0155687e-08
60.137665,-4.585141e-10,368371.38,-4.692034e-09,11.3681345,5.6175725e-10,2.0520832e-10,9.506477e-10,1.6343148e-10,-4.54789e-09,143.55319,-12.314064,30.382225,8.4895575e-09
101.25064,3.721604e-08,258212.38,-9.5687644e-09,12.447909,-1.8737587e-08,3.0650058e-09,-7.547405e-09,-7.56044e-09,-6.5631117e-10,-5436.12,276.0094,36.92066,-1.3490639e-09
67.30463,-6.114972e-09,106888.125,2.6062064e-09,6.5727887,-1.1257381e-09,6.3312855e-11,3.959071e-10,3.4366012e-09,-2.1733508e-09,-453.07318,-11.408455,34.2691,9.717995e-09
7.578085,-2.538445e-09,331625.5,3.210308e-09,7.1704493,-6.6575717e-10,-8.038641e-10,9.852773e-10,2.0339932e-09,-2.9715241e-09,-820.39154,-6.9994545,36.481644,1.0154523e-08
67.98636,2.894465e-09,209650.77,-6.7734187e-09,8.300113,-9.674321e-09,2.7928235e-10,2.334652e-08,2.4614182e-09,-3.90014e-09,1682.4854,51.091507,42.669785,-1.6996767e-08
16.542568,6.8924555e-10,82469.516,-5.2736926e-09,12.683678,1.6564864e-09,1.062675e-10,1.4470803e-09,2.1071045e-09,3.6382862e-11,-207.62627,-6.450695,38.694424,5.1263166e-10
25.1512,-1.0189917e-08,201692.17,4.4199777e-09,6.8982697,-1.1551721e-09,-3.411914e-11,4.6886767e-10,6.8821038e-09,-4.8749484e-09,-745.5736,-12.785469,37.078087,1.47563e-08
66.0012,1.5602819e-09,276250.44,-1.8407723e-09,8.331019,-1.7923022e-09,2.323321e-10,1.9477439e-10,1.0941712e-09,-7.929911e-10,-64.336624,-1.6571503,29.534735,-9.801923e-09
93.66101,-4.6046043e-08,295213.0,-6.824081e-09,10.9622755,6.473725e-09,-3.7273358e-09,6.7849426e-10,4.113598e-09,-1.0832362e-09,238.90479,284.70236,45.062122,-1.2475509e-08
45.011887,9.395928e-10,133085.28,-5.0228954e-09,9.602121,1.4209263e-09,-1.7364528e-10,-7.9283685e-10,1.0869209e-09,-2.8208375e-10,-875.0346,15.794678,49.082367,-6.326107e-09
58.783558,-6.0235883e-09,266106.5,-6.8015993e-09,9.317198,-1.5728776e-09,-7.998188e-10,5.7104073e-09,-1.6927644e-09,-3.437496e-10,5719.7627,278.7425,53.04672,-4.8017865e-09
64.67515,-7.6571305e-10,-71916.266,3.1032907e-10,12.897566,-1.385244e-09,-9.649881e-10,-1.172416e-09,3.450007e-10,2.0784856e-09,-159.88899,-18.615257,33.68736,4.353554e-09
43.385788,-3.0387137e-09,388520.5,1.7993216e-09,9.804011,-1.5709974e-10,-2.4168398e-10,-9.61812e-10,1.9972053e-09,-4.7911333e-09,-637.24945,-8.107948,53.343117,1.5489459e-08
-9.521706,-3.9234744e-09,144876.38,-4.808982e-10,10.682247,-6.421928e-10,-8.14883e-10,1.3695162e-10,2.2664752e-09,-3.3523508e-09,-859.75635,-7.54908,57.02146,8.674682e-09
17.933819,-1.0223065e-08,101456.73,5.6141047e-09,10.498969,5.6291544e-10,-1.1337391e-10,1.9999011e-09,4.7919446e-09,-3.794881e-09,-826.81354,-16.667885,38.74827,1.26369555e-08
50.908676,-2.220432e-09,-61973.42,3.8364005e-09,9.056618,-9.437107e-10,-1.9001689e-10,-2.893657e-09,5.4845004e-09,9.46604e-10,-897.43915,-7.7822113,37.696735,5.1222644e-09
62.517906,1.3202762e-09,39463.47,-5.200202e-10,11.781336,-1.4903652e-10,-5.7773086e-10,4.895725e-11,-2.724591e-09,2.725298e-09,-341.29865,-9.05674,28.752623,2.792559e-10
48.68124,5.2951865e-08,215226.11,-9.690407e-09,10.29979,-4.459033e-09,-2.0525968e-09,-5.410118e-09,-1.873783e-09,-6.126111e-10,1070.4211,584.8185,53.773018,-9.817347e-09
3.2298706e+25,-3.3649942e+17,-3.6810655e+27,-2.272362e-05,3533.7417,1443878100000000.0,-2.5598485e-08,2.0657527e-07,6.9605285e-08,1.6691114e-08,18738.238,531.1781,62.01252,-1.6950956e-08
116.56052,-1.3758456e-07,460762.3,-8.797348e-08,11.598413,-2.1973326e-08,-5.249408e-09,2.867948e-09,1.2633684e-08,1.4316858e-09,-1397.4104,443.90607,76.02412,-2.6023587e-08
115.25656,3.3946492e-08,99115.76,-1.675991e-08,5.9509325,-6.9896555e-10,1.2244749e-09,-1.5740369e-08,-4.4623444e-10,3.5277408e-09,15899.388,141.11526,47.112362,-5.6595275e-09
37.753582,-6.870328e-09,96449.2,2.8718685e-09,0.16218758,6.432719e-10,-2.89071e-10,2.911175e-11,9.1697744e-10,-2.8155644e-09,-386.64227,-4.671982,41.61985,1.0944329e-08
97.43651,4.122393e-09,107144.96,-2.246332e-08,9.564093,-1.953382e-09,-1.4610271e-09,-1.5913361e-08,2.2914726e-09,1.1969847e-10,5915.5425,33.775787,46.085556,-2.8475323e-08
43.365,-3.7669864e-08,294797.25,-8.255646e-09,9.456199,2.1644944e-08,-1.9567177e-09,4.834981e-09,7.6493185e-09,-5.7559757e-09,-19.8125,69.669945,63.478508,-5.6003016e-09
35.19949,-3.0337337e-09,122461.16,-3.6148375e-09,11.080164,1.80179e-08,-2.9123057e-09,3.6480365e-09,-4.9781255e-09,-1.3533535e-11,-1179.8,-64.23775,40.41263,-1.1506687e-08
-5.5065536,-5.480769e-09,245148.16,8.3647596e-09,9.902131,-6.398836e-11,-8.836924e-10,4.3475248e-10,3.3027092e-09,-3.4784293e-09,-757.42285,-11.675285,26.196724,8.803334e-09
10.69384,-2.5680156e-09,243514.16,-1.4640432e-09,8.05708,2.4435438e-09,-2.0333954e-10,-1.1855613e-09,4.521545e-09,-3.991437e-09,-459.85046,-2.1677246,39.696815,7.2343225e-09
45.840714,1.3348812e-08,157253.73,-7.031893e-09,15.687859,5.4605316e-09,3.2231475e-09,-8.8286685e-09,-2.8058404e-09,4.3853093e-10,390.15576,193.8535,53.02236,-1.0404403e-08
49.17891,-5.7777367e-08,200717.95,-2.5050166e-09,10.91477,7.671873e-09,-1.3638092e-09,1.3840116e-08,1.0139615e-08,1.1412046e-09,508.30542,326.849,37.769306,-2.3484738e-08
72.42836,-2.134739e-08,180141.25,-2.3085997e-08,9.909688,-2.5868891e-08,6.482106e-10,1.39528655e-08,2.756146e-09,3.198847e-09,-107.89453,723.5406,41.641804,-4.2481602e-08
1.4657135,-1.19472165e-08,295619.8,3.573524e-09,11.368756,-1.2373707e-09,-4.3550347e-10,2.0889481e-09,4.81751e-09,-5.9759473e-09,-990.9533,-14.269356,36.825314,1.6179213e-08
84.9778,2.1911186e-09,216681.92,-5.3006715e-09,9.502074,-4.6694746e-09,-1.957133e-09,1.34602205e-08,3.6939376e-09,3.9331938e-09,-3482.8635,914.47235,40.28717,-1.3470435e-08
31.551476,1.6010995e-08,149079.31,-1.037015e-08,9.486913,-8.186025e-09,2.125165e-09,6.6490804e-09,-3.1368268e-09,-3.7236223e-09,-696.9099,-1.5973663,40.85769,-1.8508832e-08
38.660553,6.64492e-10,72085.36,4.1469788e-09,8.770208,-1.2009438e-09,-1.0231481e-09,1.3151721e-09,-1.9031834e-09,-9.246987e-10,-307.61627,2.3427734,22.106604,1.5726594e-11
107.3154,-1.1581134e-07,406185.8,-1.1970249e-08,5.553256,-2.3602433e-09,-6.439234e-10,3.976494e-08,1.2211999e-08,1.4944448e-09,-347.3733,243.23233,41.01568,-1.4426464e-08
61.717842,-2.538693e-08,295952.25,6.9799424e-09,11.892621,2.7102033e-08,3.5838155e-10,2.0996339e-08,5.000997e-09,4.851653e-09,1216.8267,64.90735,18.272827,3.4567673e-08
46.83712,4.0439286e-08,328754.12,-1.1379673e-08,10.127654,-4.5346007e-09,5.2197633e-09,-9.622201e-10,-1.19151755e-08,-4.2926733e-09,10011.931,-160.24486,58.82872,-1.0661528e-08
45.715908,6.3138984e-08,111971.88,-1.7198973e-08,13.88161,1.0315426e-08,3.9512114e-09,-1.6825506e-08,-1.7098413e-09,-5.8260956e-09,39220.15,165.93561,54.987526,-2.7141775e-09
11.968977,-7.63258e-09,134569.33,2.3067432e-09,10.9744625,-4.5232043e-10,-5.7735755e-10,8.7834434e-10,3.1756793e-09,-3.1046374e-09,-845.66864,-14.217812,44.00322,1.0794871e-08
64.348526,1.4918708e-08,230297.22,-3.112431e-08,11.554015,7.004932e-08,-1.7445292e-10,5.0071957e-08,1.3810928e-09,3.2992165e-09,-382.71558,470.25122,54.99647,-5.3722406e-08
32.470997,-3.648e-09,245812.78,3.271026e-09,7.986977,-1.1048578e-09,-3.2434286e-10,-7.348356e-10,4.7784887e-09,-2.733967e-09,-645.4026,-4.779442,33.66957,1.0055223e-08
38.444736,-8.303e-09,108984.836,-6.344547e-09,8.783623,9.51097e-09,2.2062085e-09,-9.74262e-09,-1.5614696e-09,2.4484056e-10,-1443.0364,80.84515,51.456806,-1.4076829e-08
124.06972,7.506189e-09,253302.64,-1.2876993e-08,18.913357,-4.1003902e-09,-5.1733645e-10,1.1452496e-08,2.5660846e-10,-7.281206e-10,-112.16235,723.00336,35.35115,1.2275342e-08
136.30782,-5.589738e-10,-158098.45,-5.0411324e-09,11.068558,-6.3112954e-10,3.6402356e-10,-1.2013973e-09,-3.2137237e-09,1.1208869e-08,1422.6282,93.431915,42.89105,1.0768604e-08
165.08694,-1.753826e-08,320100.62,-9.824987e-09,10.777835,-1.4889206e-08,1.2653122e-09,4.8815627e-09,3.7462287e-09,-7.764542e-10,-1650.3547,91.17927,21.451115,-1.9331539e-08
50.386673,-3.3155485e-09,248440.66,-2.4217095e-09,12.09868,-1.874043e-09,5.1448473e-10,-2.027769e-09,3.441689e-09,-1.3433343e-09,-243.1263,-0.79735184,63.87693,6.1269895e-10
34.893337,-4.25262e-09,148315.53,3.2066858e-09,10.10263,-1.2792059e-09,-9.308184e-10,-1.8432845e-09,4.570492e-09,-1.1201607e-09,-842.4729,-9.012775,29.575052,8.600124e-09
68.48971,3.966511e-09,214451.36,-1.4598843e-08,9.738863,8.548293e-09,-4.16109e-09,4.993492e-09,2.03205e-09,-3.3734882e-09,2640.4277,227.02162,56.291943,-1.8344194e-08
62.688805,-6.792334e-08,431334.94,-2.6692394e-08,11.906569,-2.2960869e-09,-1.1761566e-09,3.5792211e-09,6.7628005e-09,1.4829529e-09,-187.51685,290.57132,47.445797,-4.530228e-08
70.82832,-3.5075704e-08,185745.56,-1.8227537e-08,14.889614,5.8736356e-11,-2.4508453e-09,3.370277e-09,7.610071e-09,1.6105621e-09,-526.0222,235.70995,43.381134,-3.1558308e-08
79.533844,-7.3780493e-09,178191.0,1.0242475e-09,5.6420317,-3.765275e-09,-7.471074e-10,-9.365209e-10,8.702161e-09,-3.0474727e-09,-930.8681,-10.3645935,40.602406,1.734038e-08
31.03712,-8.273899e-10,100934.66,-7.8630746e-10,13.535955,7.297276e-10,-4.0911233e-10,8.120755e-10,-1.0014936e-09,3.920022e-09,-751.1539,-22.911415,22.861563,4.875896e-09
234.01784,1.8845934e-07,107078.72,-2.7268062e-08,7.8334475,-1.8149356e-08,5.332674e-09,-3.196059e-08,-1.3745196e-08,3.394265e-10,14894.994,940.59143,2.358738,3.8227707e-08
-15.030834,-4.6935194e-09,184939.03,4.5099204e-09,13.517277,-9.245566e-10,-5.677311e-10,-1.665506e-10,1.6880632e-09,-3.2334806e-09,-1012.2513,-15.090683,32.14662,1.213384e-08
209.83934,-1.222042e-07,276513.25,-2.6623837e-08,7.6661177,-8.664117e-09,-9.82608e-10,2.5507598e-08,5.645987e-09,8.1429946e-10,-1923.4011,45.915604,28.201021,-2.704871e-10
81.25865,-4.3924015e-08,204009.4,2.6947375e-09,9.783815,6.6109016e-09,-3.3455394e-09,1.2429578e-09,9.644574e-09,2.8611485e-10,15515.251,-2.868103,49.67797,-1.2928612e-08
76.30932,-9.854711e-09,263371.53,6.7319896e-09,9.1513605,-1.515181e-09,-1.1755308e-09,-5.869221e-10,7.2189374e-09,-5.2207714e-09,-960.804,-9.658386,30.097008,1.964984e-08
-709027700000000.0,-9.45702e-08,315775.84,5.390572e-08,5.9433966,5.5133906e-08,-7.83193e-09,-3.3462302e-09,-4.9300144e-08,5.0685355e-08,7353.7354,283092940000000.0,26.9376,-4795.298
40.27266,-2.4767728e-09,169735.39,1.8620891e-09,14.696801,-6.1805e-10,-5.8958866e-10,-3.1343375e-09,4.4105595e-09,1.647848e-09,-1072.7345,-11.755386,25.742981,8.204563e-09
70.056694,1.4881827e-07,136540.28,-3.7376755e-09,6.2366004,5.2369995e-08,4.431978e-09,-5.6960527e-08,-1.35410545e-08,2.8460785e-09,58896.84,1160.2329,25.728651,1.804027e-08
45.77928,-6.6099197e-09,296390.12,2.8473774e-09,9.5285845,5.343543e-10,-4.689813e-10,7.554606e-10,6.047795e-09,-5.560408e-09,-571.38074,-8.183826,35.78395,1.2177921e-08
68.138985,-9.341872e-09,311030.03,7.8138246e-10,11.146046,9.368285e-09,1.7843979e-09,-6.4927805e-09,1.7443325e-09,-1.7445306e-11,2101.7588,431.3428,20.363605,1.7943243e-08
78.324875,-8.785958e-08,382538.2,9.313532e-10,9.90067,1.4585427e-09,-2.684364e-09,3.4511235e-08,9.775072e-09,-7.559099e-10,181.55005,186.61443,34.736298,8.6508946e-11
-4.942238,2.1445519e-10,526975.5,-1.3383846e-09,5.9113464,5.138336e-10,-1.2052657e-10,-1.5578888e-10,-5.484477e-10,-6.593314e-10,-439.13776,-1.4825745,31.959167,9.570315e-09
40.874496,-3.2326962e-08,281198.22,-8.879834e-10,14.257175,2.50552e-08,-1.344279e-09,1.764054e-08,9.426882e-09,-9.727406e-10,-508.2849,101.58436,34.1933,-1.7882e-08
67.51746,-7.117949e-08,233869.22,1.3897891e-10,10.708377,9.160065e-09,-1.5630722e-09,2.036459e-08,1.0022056e-08,-4.3962825e-10,-345.07983,190.78261,43.245564,-2.1359954e-08
58.65848,-2.5509552e-09,79032.32,-2.7072497e-10,12.025316,1.8529195e-09,-2.2966931e-10,-7.722698e-10,1.1984468e-09,-6.5739847e-10,-585.6726,-10.471588,41.880577,1.4377648e-09
86.57065,-5.114637e-08,360758.53,-7.051469e-09,11.31455,1.1632313e-08,6.547088e-10,2.925722e-08,6.9554007e-10,3.2423886e-09,-694.1096,120.901596,28.165127,-3.8308347e-08
65.28828,2.4424118e-09,321512.94,-6.546059e-09,9.872996,3.935338e-10,-8.8688605e-11,1.0873148e-09,-7.0851625e-10,-3.2357508e-09,-127.50972,-20.873756,37.741013,-4.4992716e-09
101.986084,-3.162452e-08,334035.2,-1.6365572e-09,9.305898,-7.696442e-09,-4.677914e-09,2.3493227e-08,5.3686156e-10,-1.4359417e-09,-1463.3181,402.13367,47.867886,-2.9342606e-09
47.50837,-7.1860974e-08,234009.44,6.0384804e-09,12.375902,7.407587e-09,-4.0263823e-09,1.826527e-08,1.1546281e-08,-1.5849273e-09,673.2832,197.2891,49.243557,-8.6686756e-09
45.113743,2.2044983e-08,206755.94,2.982722e-09,16.014204,3.761548e-09,-1.7407822e-09,-1.6908414e-08,-3.4799785e-09,-7.675627e-10,11495.421,251.85748,46.904015,1.8164245e-08
16.933584,-7.26234e-09,281920.28,3.989534e-11,12.70318,1.3022199e-09,-3.200509e-10,2.1951245e-09,1.5342956e-09,-4.3675996e-09,-951.17706,-7.9005814,56.302345,1.2889394e-08
61.908653,-1.0961371e-07,435504.16,-3.4867128e-08,7.944045,-1.4666718e-08,-5.0335864e-09,3.341258e-08,1.7750907e-08,1.5643156e-09,911.3191,851.04675,50.231953,-5.1889398e-08
50.976692,3.5156835e-09,245831.69,-3.9198764e-09,8.779233,-1.6405304e-09,1.5306315e-10,4.116105e-09,-4.901141e-09,5.4837925e-09,482.45917,27.446293,34.531853,-9.369774e-09
36.64805,-2.4912705e-09,432401.88,1.7847278e-09,8.987323,-5.2954396e-10,1.5589827e-10,-1.0805725e-09,1.4409673e-09,-2.9750624e-09,-498.58118,3.5667038,32.843456,1.2790509e-08
89.96687,-2.6494331e-09,167752.77,-1.1755912e-08,10.407112,-2.276523e-08,8.444653e-10,8.350986e-09,-3.7629974e-10,1.3385288e-09,-892.4563,62.581055,49.158134,-1.4011724e-08
59.078728,-4.850663e-09,304017.34,-1.6274502e-09,9.147721,3.5148623e-10,-2.3982902e-10,-1.1382891e-09,3.3793217e-09,-2.8102116e-09,-120.93761,12.022751,38.057007,1.6790855e-08
-45.79262,-1.15585195e-08,313381.03,1.0746811e-08,11.746441,-1.5717464e-09,-3.564301e-10,1.8611229e-09,3.2542622e-09,-6.0293095e-09,-940.89154,-19.80532,25.532042,1.7137259e-08
14.411676,1.9952387e-10,284743.2,-1.5110447e-09,11.755859,-5.0488943e-11,-2.8848615e-10,-1.7298186e-09,2.0946889e-09,-5.9816305e-11,-191.66774,-1.6927719,52.099167,5.1946585e-09
53.633385,-2.907346e-09,162986.72,1.402436e-09,11.598332,2.4234195e-09,-1.050833e-09,-3.9246384e-11,2.9341531e-09,-5.5421228e-09,-558.2268,-3.9687653,22.576492,7.347437e-09
34.362244,-2.6060136e-09,289979.56,-7.182086e-11,7.3530045,-2.0069257e-09,-7.888738e-10,2.187239e-09,-1.4932039e-09,-7.539615e-11,-688.474,-9.012878,49.25521,7.536894e-09
85.505844,1.45956855e-08,247449.42,-1.1248433e-08,9.520442,-4.4968953e-09,-9.026466e-10,2.0220666e-08,6.0093583e-09,-1.13022404e-10,882.36084,173.00165,34.418842,-1.0980535e-08
44.055283,7.4517835e-08,376469.38,-5.3859313e-09,7.9426823,6.3756964e-08,1.6935937e-08,-3.9588546e-08,-2.6954353e-08,-7.829654e-09,-51197.812,-1039.3436,28.718021,1.137236e-08
-0.30163574,-7.965974e-09,186614.06,1.6868895e-09,7.2226114,-2.2572044e-09,-1.9537046e-10,7.98665e-10,2.5306301e-09,-3.867913e-09,-667.3545,-12.586052,41.538532,1.4352112e-08
6.5652046,-8.813991e-09,217092.77,5.7840968e-09,6.907542,-9.913117e-10,-6.8513545e-10,1.8995001e-09,3.282899e-09,-4.2983195e-09,-734.88464,-11.517525,31.704054,1.2210047e-08
58.161594,2.0050447e-08,148930.62,-1.5543625e-08,11.798929,-3.0386495e-08,1.7250442e-09,-9.886722e-09,-7.498984e-09,3.3531429e-09,945.9656,895.54376,45.516247,-1.1328233e-08
78.478035,2.9327998e-09,153984.78,-1.7881495e-09,5.4374037,6.1879435e-10,-7.0810724e-10,-1.2594319e-09,1.5959238e-09,2.0825948e-10,-281.7213,-9.151173,41.83289,-7.4252076e-09
1.719306e+24,-1.8329866e+16,-1.7201788e+26,-7.3974284e-09,10.994164,-9.852265e-09,9.898449e-09,-6.987672e-08,-9.9701076e-08,-1.2698272e-08,2653.6548,-181.4399,-2.3618873e+20,5.866105e-06
51.677177,-6.028788e-10,-2561.3281,-3.4243943e-09,12.459881,-6.461308e-10,-5.0639803e-10,-9.2582025e-10,2.4319056e-09,-9.089641e-10,1160.6711,13.188667,31.249306,4.3129673e-09
27.580553,-4.4482693e-09,392090.88,5.455878e-09,3.694147,-3.5142544e-09,5.6601e-11,-2.3209906e-12,4.1312425e-09,-3.3040795e-09,-579.93494,-2.0492783,22.838177,1.0839608e-08
-51.935978,-6.4682983e-09,190796.81,5.6237313e-09,6.12469,-1.8997369e-10,-3.0965305e-10,-1.3542965e-10,1.2482112e-09,-3.6872954e-09,-608.52905,-14.078049,25.70769,1.4414773e-08
3970975500.0,-41.534805,-450823550000.0,-2.0968675e-05,3380.7603,0.17651343,-2.6355021e-08,2.1211284e-07,7.08293e-08,1.7020323e-08,19011.861,528.3785,61.991154,-1.7219273e-08
39.65643,4.9185993e-09,142813.72,-6.5340555e-10,12.7877445,1.1250326e-09,-5.874588e-10,-5.99848e-10,-1.8987927e-09,2.900444e-09,-477.5681,13.281216,36.448128,-1.2765215e-08
107.080605,-1.2727004e-07,331350.38,-2.2243084e-08,6.722731,-1.0371118e-09,-1.7960474e-09,3.312105e-08,8.345133e-09,1.4111463e-09,-542.43384,278.1356,31.45671,-1.3351244e-08
52.523323,-3.7438095e-08,281275.22,-8.484052e-09,14.946107,-4.8134043e-09,-7.044498e-11,-1.26846125e-08,6.2919283e-09,3.4420693e-09,281.1521,477.61707,43.57051,-6.6066366e-09
1.2430878,-1.6028987e-09,180726.88,1.3144564e-09,8.065325,1.5405608e-09,-6.5922984e-10,-5.610682e-10,1.4162297e-09,-3.128652e-09,-539.2507,-5.229744,35.946205,8.495232e-09
41.523853,-1.2020944e-08,317353.25,2.5557751e-09,7.488533,-3.5276264e-09,1.9472976e-10,3.0492762e-09,5.923547e-09,-7.620216e-09,-810.63776,-14.970787,52.445335,1.8612328e-08
15.437841,-4.656462e-09,304747.06,3.4321141e-09,9.418674,-2.5977305e-09,-2.479307e-10,1.2609185e-09,1.6944006e-09,-3.9160475e-09,-581.2872,-7.9548073,40.95564,9.228276e-09
86.57181,-4.9111537e-09,223430.5,-6.780986e-09,9.360715,1.6079943e-09,-2.1697897e-09,5.704756e-09,1.9022772e-09,8.966946e-10,-713.0271,496.54626,25.041,-1.3972178e-08
8.363453,-1.1161328e-08,415695.28,1.117686e-09,8.805103,1.7428116e-09,2.0588249e-10,1.8340797e-09,4.7419864e-09,-6.5146923e-09,-502.3156,-12.174591,43.020496,2.0486308e-08
-13.875099,-8.425371e-09,342762.22,1.5392645e-09,8.576099,5.193722e-10,-8.396288e-11,9.916318e-10,4.3840096e-09,-5.139508e-09,-624.72797,-13.012016,34.18476,1.5920499e-08
56.074554,-2.4525844e-09,121307.35,2.4369348e-10,9.898538,4.1007456e-10,-4.593957e-10,-9.534565e-10,1.4190492e-09,-3.224783e-09,-316.30066,1.1284866,17.23816,7.6241795e-09
30.769943,-1.5549903e-08,501512.7,3.6179526e-09,3.9310737,-1.1436954e-09,-1.7064596e-10,3.876488e-09,6.5254597e-09,-7.928842e-09,-556.45074,-9.297024,41.07745,2.5780244e-08
40.47256,-2.7491063e-09,262134.81,1.1401226e-09,15.132877,9.349113e-10,-3.6444264e-10,6.22551e-10,-6.5331457e-10,-3.2716851e-09,-720.54315,-9.115738,25.947315,9.647726e-09
16.01422,-5.8807665e-09,277872.25,5.5817875e-09,5.5309577,8.680548e-10,-2.8328673e-10,8.560495e-10,5.22944e-09,-3.3842333e-09,-657.2123,-10.150696,34.536686,1.1498686e-08
142.42003,-1.0624674e-07,311403.4,-4.2813276e-08,6.927764,-2.1184679e-08,-2.8360994e-10,1.2329626e-08,5.871575e-09,-1.9073811e-09,-971.61206,188.46367,42.517838,-1.551182e-08
51.113235,-5.0745435e-09,170589.69,6.216426e-10,12.070431,-1.3617775e-09,-4.4832752e-11,-1.2832417e-09,3.3750827e-09,-3.03431e-09,-1268.7028,-11.0149765,40.731533,8.760197e-09
67.689606,-3.238828e-09,192948.78,1.0183556e-09,5.757459,-1.7374485e-09,-6.943268e-10,-1.3620793e-10,3.1778886e-09,-4.6201967e-09,333.96417,1.7939606,50.117867,6.533884e-09
70.04872,-4.9484887e-09,236261.9,2.727957e-10,8.187653,-3.0814045e-09,6.2875136e-11,1.7984232e-09,4.9975846e-09,-3.059886e-09,-570.07904,-10.685814,32.074753,9.499576e-09
47.567253,-2.5514986e-09,100798.37,1.2493897e-09,10.352153,-2.824807e-09,-3.003541e-10,-2.07371e-09,4.1845687e-09,-5.502028e-10,-1028.614,-5.8772507,31.162354,6.853943e-09
52.216515,-1.2170557e-07,366595.62,6.287793e-09,8.944214,1.9522258e-08,-4.7399107e-09,3.9825164e-08,1.9109766e-08,2.5634335e-09,6.286621,105.865555,37.2147,2.8085385e-09
64.56601,1.5099406e-08,215963.5,-9.478564e-09,12.372497,-1.7929693e-08,1.4774407e-09,-6.247116e-09,-8.806682e-09,-1.5054278e-09,2753.016,271.34464,37.689243,-1.6192138e-09
6.1395435,-3.4981715e-09,98080.87,7.301814e-09,10.915365,2.6026095e-10,-7.670489e-10,7.0760214e-10,1.466182e-09,-1.9018918e-09,-895.6353,-12.0073395,18.73103,8.856382e-09
72.611946,-6.168511e-08,497600.2,-1.6154235e-09,10.681995,-6.0679555e-09,-3.2256187e-09,-2.8243938e-09,1.2133725e-08,-2.0478579e-09,786.30396,987.2405,43.3817,2.155115e-08
78.52828,1.7936719e-08,-41568.97,-3.46104e-09,10.909678,2.2399498e-09,9.099827e-11,2.074193e-09,-1.0333609e-08,1.3643001e-08,129.18579,365.04333,39.630905,-2.3322029e-08
49.600895,-5.198461e-10,397376.12,-3.2431917e-08,7.6929283,-3.1905326e-08,2.7260028e-09,-4.698454e-08,7.344769e-09,-6.8103816e-09,-859.61304,1119.3496,45.1152,-3.3660278e-08
35.261963,1.148969e-09,44825.766,-4.7895163e-09,16.672108,-2.2936125e-10,-9.37914e-11,-9.2405855e-10,-2.810413e-09,1.0576966e-09,-461.87628,11.6731415,57.079727,-9.258762e-09
34.652657,-2.7573335e-09,190015.2,2.3442204e-09,10.493966,3.0307077e-09,-8.9195057e-10,2.496423e-09,5.090198e-09,-2.0470803e-09,-674.90924,-9.750523,29.571255,1.1918023e-08
301.06073,-2.54338e-08,134643.05,-7.22251e-08,18.668404,-1.0261215e-08,1.1802224e-09,-3.9101316e-08,-4.089685e-09,2.2946258e-09,19062.223,383.4488,19.180246,-5.188957e-09
71.16994,1.3059321e-07,164825.58,3.6189949e-09,4.5449038,-3.0902815e-08,6.6089685e-09,-3.243225e-08,-2.5243782e-08,-1.567753e-09,-22309.146,135.33212,33.171383,1.8417117e-08
91.410835,-1.7213628e-08,210012.72,-4.9574624e-09,13.991857,-5.15588e-09,-4.2263684e-10,1.4338622e-08,5.459374e-10,6.368646e-10,-290.64233,152.53236,44.542446,-5.3059175e-09
37.965767,-3.4829714e-10,305737.56,7.6734646e-10,10.656353,1.1755997e-09,7.1191797e-10,1.5853728e-09,1.4287079e-09,-3.670885e-09,91.38725,0.64450073,16.298845,2.4131543e-09
30.763151,1.5336546e-08,124023.33,-1.802129e-08,5.148394,3.0948318e-08,3.525292e-09,5.0232125e-09,-6.535973e-09,-6.6014523e-09,-788.4988,277.0357,45.242214,-3.881155e-08
71.62225,-5.965337e-08,233177.88,-7.4008213e-09,13.2295,7.399363e-09,-3.472836e-09,1.3232382e-08,7.7986275e-09,-2.0550326e-09,-78.25879,178.21576,43.865536,-5.776266e-09
110.923096,-2.5135785e-09,159311.34,-4.0415236e-09,9.266223,-1.4181462e-09,-4.2496587e-10,-6.77693e-10,1.7767422e-09,6.371522e-09,-1320.1223,25.93838,56.033054,1.8596416e-09
89.31953,-6.4682826e-10,173183.47,-1.3353836e-08,9.422506,-8.8915115e-09,6.581679e-11,-1.3583877e-08,2.4968092e-11,9.126277e-12,-1835.1672,60.676605,33.065044,-6.8977646e-09
84.497375,-8.447103e-09,164936.97,-1.517983e-08,11.93281,-6.8567125e-09,9.487893e-10,-2.1053895e-08,1.5609147e-10,6.5844497e-10,3966.5586,152.04335,58.030193,-1.6794125e-08
27.449184,-7.185583e-09,163128.05,4.1512953e-09,11.425615,-6.770523e-10,-7.0244577e-10,2.0199507e-09,4.2505506e-09,-4.248923e-09,-791.3625,-10.349518,35.673683,1.1389899e-08
23.744865,-2.9025045e-09,243236.88,2.8776395e-09,8.711671,6.7622036e-10,-1.04424504e-10,-8.495554e-10,2.338992e-09,-4.315673e-09,-577.7899,-6.7279167,23.065165,6.3039685e-09
19.139877,1.3624378e-09,178406.88,-1.8525635e-09,10.430999,-1.7772481e-09,-1.8406825e-11,-1.3483965e-09,-3.2533745e-09,-9.490694e-10,282.74585,10.430012,36.197502,3.55748e-09
54.60454,-3.3288366e-08,313750.75,-2.2073719e-08,8.207338,-4.749644e-09,2.7857174e-09,7.2671664e-09,3.272166e-09,1.6686738e-09,-12.503906,407.01398,57.17659,-3.7155953e-08
38.86225,1.0734951e-09,251951.31,-2.67859e-09,11.069361,4.823121e-10,-5.7558447e-10,1.253554e-09,2.5621846e-10,-8.509666e-10,667.19904,-11.726425,37.44278,-1.2598881e-08
73.24777,1.2982566e-07,175077.4,-6.957647e-11,6.125516,1.2602085e-07,-5.012481e-10,-5.553641e-08,-2.1401291e-08,4.1236197e-09,-5432.3574,2077.6548,34.812954,1.6015296e-08
66.071335,-1.0701898e-09,271057.3,-4.2370624e-10,12.820122,-2.60123e-09,-4.6175613e-10,-4.3117026e-09,4.520983e-09,-5.853451e-09,-1110.3473,6.396782,49.005085,6.5933787e-09
30.206583,1.4357656e-09,248191.12,-8.04836e-10,12.510954,-1.758068e-09,2.808617e-10,-3.9965878e-10,2.4180349e-09,1.3443527e-09,2187.8003,52.246155,34.33038,-8.220676e-09
26.684357,-9.707375e-10,311792.62,-5.0942495e-10,11.07864,7.525912e-10,5.861996e-11,2.8850503e-10,-3.0403722e-12,-1.5054501e-09,-257.6419,-3.8073273,64.38788,4.1650328e-09
68.897705,-1.000842e-08,174249.25,2.9103635e-09,8.601847,-1.2815277e-09,2.6260505e-10,-1.8864257e-10,6.72384e-09,-3.325251e-09,-336.26593,-13.137688,26.25717,1.461929e-08
108.284546,-1.785734e-08,431899.5,-2.4589587e-08,11.996854,-5.8157617e-09,-1.735585e-09,-2.343592e-09,1.587166e-09,3.40316e-09,476.51538,864.9147,28.383682,-1.921145e-09
16.918911,-8.4472545e-09,424320.25,3.9025188e-09,6.8712015,-6.7637357e-10,3.9198433e-11,1.5053625e-09,4.204094e-09,-4.277502e-09,-671.3228,-11.08802,43.994747,1.4261338e-08
16.712051,6.6147304e-10,106784.56,5.0327187e-09,10.595292,1.5620204e-08,-1.04657054e-10,-4.476815e-09,-3.52893e-09,-3.759134e-09,-991.6321,-67.64763,19.800762,1.18945085e-08
22.912949,-5.490275e-09,179969.94,-7.377114e-10,13.554468,-6.7723016e-10,-2.6422306e-10,5.796093e-10,1.9657784e-09,-1.2361656e-09,54.319466,-17.749886,81.73918,5.943984e-09
156.15216,-2.0798046e-08,362262.03,-7.2394606e-08,17.65814,-4.6406797e-08,1.9341966e-10,-2.0906945e-09,3.6320733e-09,4.2009494e-09,15413.18,477.8578,61.494396,-2.322986e-08
28.553854,1.215864e-07,138080.73,7.92425e-09,14.705224,1.5464623e-07,5.724262e-09,-4.140268e-08,-8.146411e-09,-5.9569225e-09,3698.7432,623.1663,43.500397,2.8426165e-08
17.149548,-2.584896e-08,166250.02,1.3698289e-09,11.770013,5.2313385e-09,-5.0671405e-09,2.1806265e-08,5.733763e-10,5.545401e-10,-467.51392,-54.78955,35.438156,-7.516671e-10
53.172913,-5.181535e-08,270469.7,-2.7196727e-09,10.14826,5.4717475e-09,-1.334323e-09,8.312511e-09,6.367733e-09,-1.1720849e-09,228.26782,296.08875,56.06934,-8.545365e-09
75.16656,2.3530513e-08,201252.34,-1.7638296e-08,8.11908,-4.0081648e-08,3.5166278e-10,-1.5011882e-08,-4.641448e-09,-1.8609504e-09,-1593.8357,61.742218,55.465015,-2.3335486e-08
73.69589,-2.566369e-08,241479.19,7.1999207e-09,11.352737,4.224923e-09,-1.2290631e-10,1.35763925e-08,5.698791e-09,2.219391e-09,-540.74585,-0.6070404,35.801178,2.1705832e-08
44.240295,-3.2378997e-09,374929.38,9.490314e-11,10.36415,-2.7914957e-09,3.267783e-10,1.4655974e-09,2.0563198e-09,-3.874758e-09,-290.06744,-7.1049614,59.450638,9.474686e-09
23.480633,4.521264e-08,126020.77,-1.1240585e-08,9.803855,3.09787e-08,3.7983496e-09,-1.3839981e-08,1.2309899e-08,-2.1261688e-09,249265.84,587.64453,87.85712,6.765433e-10
206.43274,4.6020403e-08,227638.81,1.5283447e-08,15.969017,-3.7087642e-09,1.0326361e-09,-9.963859e-09,-6.73353e-09,3.5670447e-09,-9124.283,1385.9435,3.0981941,2.38337e-08
132.04782,-1.8212035e-07,350247.56,-6.161602e-08,5.387313,-1.565129e-08,-1.723566e-09,3.008742e-08,1.3497597e-08,-2.1052904e-09,-928.1653,481.27234,46.182365,-4.412684e-08
61.78138,-1.9223123e-09,139828.06,-2.1674256e-09,15.020835,-2.723986e-10,-8.61342e-10,-1.6229448e-10,3.1517238e-09,2.004505e-09,-907.7304,-7.6704254,48.483955,5.079086e-09
12.7776165,-5.0986593e-09,201537.28,-2.4418563e-09,10.638209,3.641427e-10,-1.3324798e-10,3.4720962e-10,1.0868862e-09,8.4445184e-10,133.20332,-9.775879,62.857407,1.08582325e-08
34.539692,-1.9501024e-06,163690.52,5.1169335e-09,10.033727,2.1800686e-08,6.2299423e-09,1.3054647e-07,4.9174616e-08,4.6406625e-09,5240.704,370.46426,55.684467,-4.9079325e-08
26.44279,5.4081415e-09,180289.95,1.010717e-09,12.828539,1.5075512e-08,1.2916705e-09,1.2672459e-08,-2.6822697e-09,-1.1069343e-09,708.68115,-303.5912,35.4117,1.75022e-08
-3.2933083,-4.6235207e-09,496781.38,3.1368594e-09,8.99987,-1.5968501e-09,-7.351663e-10,2.3583056e-09,3.0189558e-09,-5.3731393e-09,-586.8845,-9.019993,41.43094,1.4895482e-08
65.753,6.12533e-10,59156.47,-5.1665356e-09,11.775488,2.4672457e-09,5.2233295e-10,2.2958393e-09,-3.4423517e-09,3.7812034e-09,1158.8362,133.42691,31.896666,-8.964621e-09
53.423656,-6.598852e-08,295188.03,-1.916479e-08,11.222679,3.1675143e-09,-5.817387e-09,1.4975324e-08,8.964131e-09,-7.770431e-10,-336.04956,624.96436,49.358414,-2.1623277e-08
20.182646,3.3126628e-09,242432.19,-1.4278561e-09,10.267438,1.2045842e-10,-1.8178713e-10,-8.597649e-10,6.5029204e-10,-1.6301296e-09,1206.4877,-18.655022,57.19442,6.538834e-09
79.307014,1.2093056e-08,63398.0,-5.738856e-09,11.705281,-9.201551e-10,3.6374675e-10,-2.9116283e-09,-7.958932e-09,1.8333235e-08,-1197.5239,150.74008,53.00705,-1.5369116e-08
81.34114,-1.573427e-07,426621.38,-2.5102493e-08,10.340043,2.7641927e-09,-1.3073962e-09,3.443932e-08,2.1643833e-08,1.4683112e-10,-151.88013,805.78986,40.941418,-2.8899157e-08
106.9985,-4.40028e-08,323322.2,-3.1072723e-08,10.961352,-2.425311e-08,-1.8271816e-10,3.7159609e-09,1.920053e-09,-3.0016967e-10,242.95337,189.3308,48.123924,-2.826176e-08
79.86322,-5.4089963e-08,362714.56,-2.0331061e-08,8.4826765,-5.223369e-09,-1.6043583e-09,3.7957147e-08,6.1531895e-09,-5.3981924e-10,-1676.7742,-27.16745,40.269096,-1.5943154e-08
92.46863,4.911974e-08,172595.67,-5.5920553e-09,7.3622384,-1.9885056e-09,-5.155534e-10,-1.8128162e-08,-2.6367661e-09,2.2285327e-09,5879.257,882.71716,5.560837,1.6135294e-08
36.723396,-7.039821e-09,79948.23,4.924556e-09,8.528489,-1.4906516e-09,-2.3207827e-10,8.217572e-10,4.4990385e-09,-2.7352864e-09,-917.1965,-8.33424,33.02713,9.190085e-09
-12.856041,-7.187264e-09,357932.84,5.3019282e-09,8.971797,-1.322326e-10,-1.8626047e-10,5.543198e-10,3.5075343e-09,-4.310434e-09,-767.5378,-14.612022,31.993036,1.4901214e-08
53830218000.0,-561.4165,-6135308000000.0,-2.3410374e-05,3591.1685,2.4061503,-2.5310909e-08,2.0466109e-07,6.92038e-08,1.6574578e-08,18659.389,532.37427,62.024624,-1.6869604e-08
120.60217,-7.831483e-08,324046.7,-6.397227e-09,4.835623,-9.469113e-09,-3.8395465e-09,4.3788962e-08,4.1961488e-09,-2.3181936e-09,-1508.886,132.41577,30.623013,-1.2619451e-08
84.25605,-7.596212e-09,151495.86,-5.091948e-10,7.526601,-4.4238163e-10,-4.315502e-10,-4.3135082e-11,7.519729e-09,-4.5684443e-09,-828.484,-12.347572,51.28204,1.7933232e-08
40.19188,-2.1149074e-09,139348.66,4.712554e-09,9.916131,6.3756445e-10,-6.3270067e-10,-2.9061675e-10,2.7529607e-09,-1.3919254e-09,-877.03827,-10.674866,31.054482,5.838344e-09
68.59963,-4.5538144e-08,337744.66,-3.5701014e-08,11.633188,-1.05877165e-08,-1.4284937e-09,1.6242502e-08,6.9174964e-09,3.2945071e-09,-1.0527344,475.45746,56.248276,-3.7202415e-08
56.835106,-5.7517506e-09,172098.55,1.4944309e-09,10.667941,-1.4424594e-09,-2.9057007e-10,3.3137118e-10,5.462281e-09,-3.8951846e-09,-811.2571,-19.081306,52.328148,1.1783645e-08
58.837635,-3.3801002e-09,97710.72,-2.0606825e-09,6.1012783,1.4489644e-10,-3.2100983e-10,-2.4113267e-09,9.1515435e-09,-2.0600603e-09,-499.81885,5.056305,52.095295,1.2748026e-08
101.2894,-8.4524274e-08,347767.12,-3.2479413e-08,6.6140184,-1.0398168e-08,-7.5379736e-10,1.4838595e-08,1.0060218e-08,-2.2140194e-09,-727.9221,178.07542,50.181614,-1.6392281e-08
41.659992,1.673805e-08,-2049.8906,-7.3002266e-09,11.490945,1.5190075e-08,9.833121e-10,-1.7724796e-08,-5.7272635e-11,-2.0138569e-09,-1050.4695,31.015717,38.468945,-2.627422e-08
33.88748,-1.0446332e-08,230951.94,-4.98391e-09,13.120938,-1.017462e-08,-1.3992977e-09,1.8909665e-08,4.245959e-10,-3.2146426e-09,1780.3865,163.78319,39.422913,-7.047915e-09
77.67638,-5.301835e-08,345178.4,-1.4831022e-08,9.236975,-2.2946407e-09,-3.1624536e-09,1.6324288e-08,9.918809e-09,1.8496952e-09,-873.38696,194.86632,41.572052,-2.5397627e-08
86.681854,-7.1883505e-08,608634.0,-4.3136268e-08,13.526438,-8.467245e-09,-4.2073993e-09,-3.6985497e-08,2.0730427e-08,6.053347e-09,1836.3425,298.55185,112.143524,-1.8343354e-08
110.79141,4.261116e-08,448149.3,-2.500488e-08,15.102608,-2.0048764e-08,2.849523e-09,-1.0393694e-08,4.0442084e-11,3.0102165e-10,-2878.193,684.79706,45.37802,-1.1270106e-08
74.359055,-8.1287034e-08,296379.47,-3.4462286e-09,11.2508135,5.356023e-10,5.4861604e-10,2.1859481e-08,7.871684e-09,-1.1979641e-09,-36.706055,158.7064,37.906143,-8.0449345e-09
50.36109,4.4631253e-08,273338.06,-1.0839901e-08,8.651833,3.4564753e-08,3.3114018e-09,-1.1977714e-08,-8.33882e-12,-2.7312324e-09,3516.0776,437.11182,34.014076,3.092309e-09
69.976715,-5.7146687e-09,348681.44,-2.861588e-09,10.976335,-8.907058e-10,3.1510505e-10,2.1174722e-10,5.255968e-09,-4.935944e-09,-181.23387,-14.124405,64.11445,1.5709293e-08
24.830742,-1.1284356e-08,381901.53,4.730143e-09,11.512352,-4.0335876e-10,-1.1543402e-10,2.8552012e-09,4.9706816e-09,-7.137358e-09,-772.95386,-13.676117,39.34105,1.6514235e-08
16.529114,-2.3663709e-09,78393.28,1.6360846e-10,8.679919,1.473467e-10,-5.1006194e-10,-1.6674544e-10,-1.5995162e-09,-1.1480077e-09,-654.97516,-9.689854,46.311596,7.653632e-09
16.283607,-4.2716004e-09,220831.44,3.1499832e-09,7.5780334,7.43832e-10,-6.6646993e-11,2.0080468e-10,2.8860634e-09,-2.3994955e-09,-514.64484,-4.5042686,25.463139,1.1571996e-08
88.03792,-6.686545e-08,367608.66,4.473562e-09,13.269491,9.42126e-09,-5.1727302e-09,3.5604213e-08,7.992688e-09,3.1347471e-09,-393.16626,36.428055,48.955105,-1.0331852e-08
76.100845,-3.1189707e-08,421740.34,3.8005865e-09,6.607932,-4.2781805e-09,1.3845749e-09,6.3243237e-09,5.294009e-09,1.3242611e-09,-651.5598,320.27216,15.218649,-4.7938844e-09
75.88816,1.37770355e-08,204229.34,-1.2924294e-08,12.624922,-1.921344e-09,-5.8871386e-10,8.589056e-09,1.2311838e-09,1.3946837e-09,2180.7004,235.30865,34.931755,-1.318909e-08
137.87212,-6.3667244e-08,305600.75,-1.292191e-08,11.28127,-1.0985996e-08,1.2228384e-09,1.6913e-08,1.3533932e-09,-5.3421993e-11,-244.49048,246.70496,22.084248,-6.276933e-09
42.41129,-7.349853e-08,127889.09,3.7847627e-09,11.133213,1.6792061e-08,-2.3031832e-09,1.5827466e-08,5.744584e-09,1.0941607e-09,498.10376,103.53145,43.53516,1.7502426e-09
-10.820698,-5.682237e-09,257375.44,3.1513805e-10,5.6352158,1.0412232e-09,-4.881932e-10,1.2143393e-09,3.348666e-09,-2.6472833e-09,-407.92303,-12.690292,45.32639,1.4742731e-08
57.152924,-6.5547696e-09,233458.47,2.7881735e-09,9.7441435,-1.1133343e-09,-4.755191e-10,1.5251065e-09,3.1954563e-09,-6.3803847e-09,-834.3241,-11.222923,45.721516,1.468342e-08
99.55885,-1.38102365e-08,230045.31,1.448758e-08,16.432924,5.8798273e-09,-1.1243817e-09,1.1513253e-08,3.364935e-09,3.6748669e-09,-492.52124,460.96118,25.938486,6.0038346e-08
60.943478,2.3273332e-08,275235.34,-1.299238e-08,11.183643,2.5435485e-09,8.147457e-10,-6.6069648e-09,-1.2278136e-08,2.9781962e-08,1016.3952,447.59375,9.819998,-4.3469747e-08
69.02971,-6.670078e-08,182853.14,4.354745e-09,12.724741,9.696218e-09,-1.4585272e-09,2.5271433e-08,1.0375902e-08,-4.2652277e-09,-654.2112,102.555016,39.06994,1.4270511e-10
54.583683,-7.508316e-09,400289.3,-3.4800035e-08,4.5181603,-4.8574043e-09,2.918724e-09,-4.7093387e-09,5.2780127e-09,-7.741196e-10,1906.6827,797.9878,39.36327,-3.891994e-08
-9.947231,-9.179203e-09,174684.17,1.1824949e-09,4.823245,-1.2057669e-09,-3.9536097e-10,1.5684976e-09,4.543515e-09,-3.5488008e-09,-533.09375,-14.063889,37.78654,1.2795248e-08
29.556297,4.463644e-08,325073.8,-1.0124825e-08,11.040241,1.0377893e-08,3.3239178e-09,-1.5784865e-08,-1.4265722e-08,2.7247818e-10,-862.34155,262.97424,40.213997,-9.537632e-09
40.34475,-5.223567e-09,96588.234,2.9211356e-09,4.554955,2.2782243e-09,-8.579968e-10,3.866924e-10,2.9216602e-09,-2.3633921e-09,-480.4386,-7.779793,33.33416,1.06661355e-08
115.42638,-4.444524e-08,295578.06,-1.8456209e-08,11.136885,-8.455742e-09,-6.618809e-10,6.4578676e-09,6.8093455e-09,2.7733764e-09,-1195.7668,578.662,36.188522,-3.6755585e-09
60.081535,-5.3917915e-10,130021.71,-5.1924487e-09,8.079012,-1.7507676e-10,-2.2696456e-10,-3.4349246e-09,3.990798e-09,1.0718979e-09,-351.44073,1.18713,40.118534,2.0910935e-09
52.83399,4.3652573e-08,109934.016,-4.6308268e-10,13.003238,1.40038425e-08,1.2325236e-09,1.5462488e-09,-5.8634426e-09,-3.6328318e-10,-180.32104,46.878433,36.622807,2.21046e-08
32.243393,-7.822626e-09,150869.86,4.0630326e-09,11.714443,-7.633247e-10,-4.9930976e-10,1.6740222e-10,4.1117727e-09,-1.6476385e-09,-893.01996,-13.203392,29.761051,1.1828876e-08
31.085257,-4.611731e-09,326201.3,5.411626e-10,6.312619,-1.4577797e-09,-4.3619536e-10,4.4205997e-11,2.1182054e-09,-1.7359164e-09,-528.8778,-10.538391,54.730824,6.9694197e-09
30.660044,-1.8151547e-09,277682.62,-1.0484743e-09,11.355753,-7.2601126e-11,-2.7119337e-10,-1.6009928e-09,3.186308e-09,1.8233886e-09,-922.9068,-8.257534,59.291832,8.854885e-09
44.074192,-4.129522e-09,282320.44,4.180126e-09,9.012704,-5.7107003e-11,-2.2884229e-10,4.931939e-10,1.5774083e-09,-4.2401997e-09,-585.72845,-8.87434,44.274193,1.2113408e-08
28.272015,-4.362045e-08,139002.97,-1.6856946e-08,7.0245423,9.905339e-09,-3.7249916e-09,1.3496227e-08,8.296411e-09,2.505196e-09,1998.73,310.92593,48.50904,-5.0384322e-08
14.3873825,-9.665461e-10,332685.97,-3.4044356e-09,7.9350853,2.5658866e-09,-5.202698e-10,9.810552e-10,1.1565726e-09,-2.0086814e-09,-552.765,-8.079941,46.696022,6.4436008e-09
65.292625,-8.825763e-08,395630.56,5.5559507e-10,11.337718,1.4609707e-08,-5.991667e-09,2.181227e-08,7.591593e-09,2.352879e-09,-52.10205,159.96036,50.783543,-2.1043679e-08
62.84038,2.6340077e-08,179503.16,-6.3153784e-09,8.641211,-8.593805e-09,1.2738098e-10,-1.0361426e-08,-3.0441016e-09,-1.2749868e-09,-549.60376,110.69321,37.353302,-8.130732e-09
-4.901661,-1.7109352e-07,-32321.0,1.5166147e-08,20.789274,3.4956823e-08,-1.543934e-10,8.417297e-09,3.3084895e-08,1.5919847e-08,70897.99,702.91296,76.68075,-2.0196145e-08
2.0672874,-3.0013725e-09,142234.61,-1.1495781e-09,8.003614,-2.888793e-09,-4.454204e-10,-1.1901184e-10,2.9203202e-09,-3.6138554e-09,-646.8644,-10.553795,44.372307,6.8877193e-09
80.50676,5.7392025e-13,250386.69,-5.071708e-09,7.8974524,-2.1175357e-09,2.0833456e-10,-4.2135045e-10,3.5593055e-09,2.3906175e-09,-302.2881,52.84635,65.84148,-2.7997444e-08
19.427265,1.8481762e-07,28537.344,1.9331383e-09,5.358462,-6.224899e-08,1.708108e-08,-8.648036e-08,-3.6323446e-08,-2.88366e-09,-5217.5947,1625.7118,51.537247,4.2085773e-08
157.77292,-1.2250786e-07,216503.94,-5.2206147e-08,8.73786,-5.77158e-09,-3.036257e-09,3.901892e-08,1.6681698e-08,2.2768563e-09,26806.875,366.81342,39.80549,-6.222807e-08
35.62099,4.225566e-09,135221.2,2.5990559e-09,8.359701,3.0281306e-08,5.75607e-10,-5.0656754e-09,-1.9580602e-10,-1.6810817e-09,744.10034,-14.722137,50.10749,-5.1327103e-09
178.5209,-1.4853764e-07,492505.5,-7.928129e-08,12.665324,-2.4689214e-08,7.999732e-09,-1.4114825e-07,1.0386236e-08,2.0535404e-09,-1664.9343,687.25507,62.522545,-2.5547235e-08
83.97658,3.426536e-08,362447.97,-2.3903717e-09,9.090036,1.3180175e-08,-2.827889e-10,-6.76136e-09,-2.592948e-09,-1.7726063e-09,-1743.7766,584.46924,24.267443,-1.0384427e-08
84.10762,1.421949e-09,174620.2,-2.6312513e-08,9.157307,-2.1431244e-08,1.2907777e-09,-1.862986e-08,2.3082669e-10,1.9063788e-09,778.3054,713.1322,38.747448,-1.0114706e-08
39.746246,-7.0550996e-09,213645.25,2.1953857e-09,10.763914,-8.880517e-10,6.355649e-11,1.7427745e-09,3.0300347e-09,-4.2589225e-09,-788.66077,-10.20961,26.629253,9.225922e-09
115.40263,-7.4248696e-08,206827.03,-2.6962612e-08,11.538968,-5.244177e-09,-3.9896055e-09,2.1723613e-08,5.786198e-09,2.0774478e-09,-982.07153,123.2242,48.731632,-2.9865266e-08
65.05686,-8.636931e-09,357791.7,-5.532058e-09,9.92613,-4.1432973e-09,-2.2480964e-09,7.229223e-09,4.7367297e-09,-3.6243292e-10,6892.853,158.98721,39.6554,1.9398048e-09
96.45786,-9.635291e-08,329850.0,-4.813243e-09,5.9509106,1.0008299e-09,-2.4816749e-09,2.7787745e-08,1.28744935e-08,-2.6460323e-09,173.93408,78.51942,53.57644,3.959619e-08
47.38046,-3.4703064e-08,197016.62,-3.3683878e-09,8.4399605,6.6761485e-09,1.6930795e-09,1.5994814e-08,4.2195354e-09,-5.5457767e-09,1803.6987,31.32167,41.979225,-4.8442517e-09
56.794624,-5.3350586e-09,35970.36,-4.1786813e-10,8.485172,-2.2939899e-10,-6.646915e-10,-9.822027e-10,3.9681125e-09,-2.9599774e-09,-70.84451,-14.9835205,42.69508,5.8536505e-09
45.849144,-2.5532219e-09,123535.305,-8.616798e-10,8.979664,-1.1710102e-09,-6.6368616e-10,-2.3616396e-09,4.6745883e-09,-2.0143394e-09,-796.1833,-11.985344,35.087166,8.672409e-09
147.18315,6.494791e-08,221868.25,-5.8301517e-08,15.903177,-8.555675e-08,1.3575872e-09,-2.0719629e-08,-4.8445417e-09,-1.9790732e-10,35914.1,761.2483,35.47984,3.8995855e-09
67.66543,1.8812608e-08,379160.62,-2.0157204e-08,7.0699906,-3.1883104e-08,-8.513066e-10,-2.860285e-08,-3.1476393e-09,-1.6548141e-09,313.9502,475.58142,48.332497,-7.873898e-09
15.911829,-1.5993908e-09,72093.97,-1.7530011e-09,9.880614,8.6684276e-10,-9.370614e-10,1.773356e-09,5.118398e-10,-3.5408119e-09,-590.65155,1.3510017,45.438133,4.938495e-09
51.2389,3.3431935e-09,139210.97,-7.667409e-09,12.572501,3.8552467e-10,-2.8630576e-09,-1.8618497e-08,1.0317636e-08,-6.385581e-10,57916.24,191.55943,63.934242,-7.68943e-09
12.272871,-6.676921e-09,404401.9,3.975922e-09,10.294436,-2.4723593e-10,-3.4402498e-11,2.2856521e-09,2.3886764e-09,-4.5702886e-09,-576.75165,-10.761215,32.085194,1.3080477e-08
42.731506,-5.273818e-09,345700.75,3.3060066e-09,11.130177,-2.0819027e-09,-3.6719813e-10,2.0866162e-10,3.7652086e-09,-4.065448e-09,-666.9603,-11.602333,38.58813,1.2158497e-08
20.64638,-5.3632045e-09,251658.55,-3.1800236e-11,9.166674,-2.2562388e-09,3.80573e-10,-4.968082e-11,5.780505e-09,-1.5926677e-09,-783.7791,-5.7093315,40.08281,1.0239674e-08
111.540985,-3.74046e-08,195645.31,-2.1558664e-08,10.412359,-7.3451374e-09,-1.2452657e-09,2.7744434e-08,1.2073262e-09,-2.9805813e-09,1280.4326,45.60182,48.64119,-3.439575e-08
246.46426,-1.1735852e-08,-220571.05,3.3447967e-10,30.335304,-1.761842e-09,1.8061997e-09,8.8347445e-09,-1.1677581e-09,7.861374e-09,69328.375,312.17798,14.302128,5.2147064e-09
47.477592,-5.5271485e-09,25302.062,2.125543e-09,7.8378797,9.465244e-10,-9.0111474e-10,2.7232766e-10,2.2274434e-10,-1.3545811e-09,-784.8812,-10.9750595,42.289295,8.514277e-09
53.77854,5.3616387e-09,104337.05,-1.2560788e-09,8.578342,-3.4956038e-09,1.3128495e-09,5.824558e-09,1.821121e-10,-3.3868064e-09,211.30591,-76.975204,34.123665,4.95778e-09
63.406685,7.7952585e-08,258000.81,2.330621e-09,9.689755,4.2011838e-08,3.5842513e-09,-1.8042526e-08,-3.0133163e-09,1.3924846e-09,521.22363,443.9259,30.99519,-2.443857e-09
99.313194,-4.3419693e-08,288283.7,-2.2015339e-08,11.220892,-1.8422378e-08,2.8291924e-10,-4.117618e-09,6.0692913e-09,3.0623364e-09,-774.3425,391.82196,47.865547,-4.308621e-09
50.527905,-2.1876085e-08,283613.9,1.4661664e-08,11.407581,2.5961619e-08,-4.3061177e-09,1.0674389e-08,2.8363063e-09,-2.2728273e-09,-513.36694,1.0440826,42.016953,7.779186e-08
-24.631756,-9.886428e-09,261083.78,1.4343607e-09,8.642328,3.8418985e-10,-2.788193e-10,1.087591e-09,4.167991e-09,-4.92732e-09,-678.5735,-14.897202,36.946056,1.5458298e-08
4.083908,3.7617315e-10,203444.33,3.5478784e-09,12.755049,-1.5183166e-09,-1.0688144e-09,-2.2312565e-09,-6.69927e-10,-1.3590118e-09,-508.28955,-3.211937,27.78681,5.753745e-09
23.889662,-9.764097e-09,105457.92,3.834554e-09,6.643736,1.2952116e-09,-8.991684e-10,9.527654e-10,5.408806e-09,-3.123453e-09,-692.4776,-10.005302,31.231428,1.1936477e-08
75.64128,1.4148608e-07,288423.34,-1.681684e-08,6.684992,-5.4066483e-08,6.795032e-09,-4.0105853e-08,-1.6396205e-08,-9.76786e-10,8622.211,601.18695,51.551678,1.0379295e-08
68.92841,-3.035904e-08,292885.66,-2.7368513e-08,10.366909,9.467987e-09,-1.4140262e-09,-1.1945753e-08,8.4269995e-09,-5.4433613e-09,2030.6648,344.33066,61.511154,-2.815841e-08
57.77484,-5.9778344e-08,323206.4,9.6784865e-09,7.240084,1.2266292e-08,-1.7058124e-09,2.6387392e-08,4.738596e-09,8.490243e-10,1695.2932,41.103027,35.41464,5.3819926e-09
78.51814,-2.9241374e-08,263553.53,-1.5733582e-08,10.96001,-1.0705338e-08,-1.4767509e-09,1.6335443e-08,5.339955e-09,2.4770033e-10,3191.9326,232.51788,48.304356,-1.8319437e-08
106.20329,7.809957e-08,380462.25,8.436991e-09,8.035561,-4.2143746e-08,2.1262954e-09,3.5732537e-09,-1.2922748e-08,-2.2091935e-09,493.01367,-221.6508,8.393246,1.8915456e-08
31.64137,-5.833962e-09,298621.1,8.915024e-09,8.085238,9.1845226e-10,-7.9325435e-11,-6.727613e-10,4.1074397e-09,-4.78105e-09,-890.89813,-9.464745,22.323519,1.34985925e-08
40.49054,-1.7558643e-08,349838.25,-6.9722916e-09,10.851885,-6.5754824e-09,1.6041528e-09,-4.4230326e-09,1.8349329e-09,9.836504e-10,1231.9968,81.16645,54.35614,-7.785703e-09
82.5565,-5.52228e-09,78789.44,1.8231566e-09,8.27633,-1.7657301e-09,-4.423294e-10,7.773155e-10,2.1432853e-09,3.6457098e-10,-708.4376,-11.226028,32.29255,1.0968429e-08
36.00608,9.7540216e-08,118942.516,-8.71123e-09,8.505154,-2.798766e-08,6.2601937e-09,-2.3268617e-08,-1.5867396e-08,-4.834121e-09,11435.051,380.97797,48.50465,1.7869409e-08
20.009874,-8.758607e-09,-53824.562,3.0462686e-09,11.308726,2.0717378e-08,5.469e-12,3.1810037e-09,-5.576422e-10,-1.3876259e-09,-1358.325,-228.16676,42.128437,3.164666e-10
48.913116,-1.4117767e-08,361104.94,-1.8698465e-08,9.925835,2.90127e-09,2.7978184e-10,-2.1798094e-08,-4.7202864e-09,-1.0111012e-08,-569.7068,-200.79314,57.31574,-4.154778e-08
28.233664,7.939192e-09,80517.98,2.4009388e-09,9.314318,-8.7656055e-10,-1.117349e-09,-1.4349385e-09,-7.82401e-09,6.319325e-09,-692.5785,14.19178,27.26054,-1.4242578e-09
93.04384,-2.903841e-08,183541.52,-6.070061e-09,11.393044,2.4168736e-10,1.0997415e-09,1.15779635e-08,4.303383e-09,-1.6216984e-09,-409.8518,48.17723,19.209866,1.8016493e-09
45.371216,-3.6260892e-09,193067.4,-1.4610143e-09,6.8685913,1.966344e-10,-1.0879241e-10,-1.1904187e-10,2.149691e-09,-3.3766958e-09,-706.74023,-8.980129,50.429626,8.428547e-09
23.415905,-7.3950837e-09,360937.78,6.7175208e-09,7.088995,1.438796e-10,-1.3398596e-10,4.8569326e-10,3.4002903e-09,-2.9757796e-09,-576.434,-11.590439,25.970268,1.5709086e-08
45.6463,-3.4964471e-09,153964.12,4.795301e-10,5.3375697,-2.0227573e-09,-5.7014077e-10,-2.5070748e-09,6.4547065e-09,-1.6577628e-09,-503.16235,1.7050896,27.680565,6.80948e-09
37.20703,-5.312705e-09,274860.12,1.4261102e-09,13.370361,-1.07963624e-10,-1.2194867e-09,3.427111e-10,-1.4786052e-10,-1.2910795e-09,-337.3938,-7.1043777,29.81797,9.1092645e-09
53.557613,-4.0129503e-08,175630.44,-4.798697e-09,13.605795,-1.6634837e-09,-3.1119005e-09,6.126161e-09,1.0997236e-08,-1.3142651e-10,-427.04907,240.57861,48.244934,-2.5276014e-08
-0.2864418,-1.2949224e-09,66126.445,2.303319e-09,8.749546,-2.0395805e-09,-6.800034e-10,-2.0326099e-09,2.2303426e-09,-5.5544275e-10,-588.2936,-9.277195,25.920128,6.45885e-09
-66645976.0,7.641231e-08,16948584000.0,0.013724727,13491.641,8.164415e-08,6.4544303e-09,5.0406722e-08,1.7548759e-08,1.7947286e-09,7901.235,1015.4876,94.81575,3.3657106e-09
21.08885,2.0875597e-09,90505.57,-4.3898365e-09,6.5442266,-2.1637483e-09,-5.648187e-10,-2.1983686e-09,-1.6412494e-09,3.32898e-09,-128.79674,27.682383,48.61141,1.2679957e-09
75.24356,-9.752836e-09,277217.75,-1.2246441e-08,5.846194,-1.8685478e-08,-5.3172394e-10,4.702362e-09,1.120286e-09,-3.2396527e-10,1172.7622,521.5456,39.434742,-2.6731874e-08
37.938354,-6.4778236e-09,243214.03,5.9398744e-09,11.495409,-3.6595307e-11,-1.3347877e-10,1.0622041e-09,2.9919096e-09,-2.9562301e-09,-849.0047,-13.639069,31.994318,1.0399495e-08
24.785969,1.564728e-09,296713.84,2.2811006e-09,9.823395,7.9833654e-11,-7.4810345e-11,7.0281625e-10,-3.5875322e-10,5.1110055e-10,-682.32605,1.6286545,21.282677,4.3020063e-09
72.30049,-6.316254e-08,128504.95,1.4983097e-08,7.9631453,8.546433e-09,-2.521064e-09,2.3004006e-08,7.838573e-09,-2.1082909e-09,-726.19507,110.02398,48.703888,-2.0290574e-09
62.131012,3.0716862e-10,151464.56,-3.3140581e-09,9.849649,-1.0893162e-09,-8.977044e-10,-9.1612945e-10,1.4729049e-09,1.0787854e-09,70.31077,8.973759,11.530363,1.2104514e-08
88.627075,-8.3050544e-08,383652.16,-2.8667044e-08,11.280794,-4.7375224e-09,-2.5234055e-09,1.6480696e-08,8.555879e-09,-2.5034905e-09,-716.177,395.997,52.79854,-7.462702e-09
64.32621,-2.2981836e-09,114919.336,-2.1610747e-09,16.543392,-3.7741854e-10,-6.260701e-11,-1.3087469e-11,-4.1754986e-10,4.0230197e-10,-690.85724,-21.59684,56.39472,6.7251835e-09
44.9674,7.0780395e-08,250463.06,-1.1124623e-09,8.99031,-1.2856662e-08,5.7934857e-09,-2.0414724e-08,-1.4919264e-08,-7.930846e-09,12377.76,-119.87013,33.03278,3.298275e-08
125.89911,2.8350566e-08,166402.3,-1.7717452e-08,8.284048,-7.844774e-09,1.9314064e-09,-5.332401e-09,-1.6712622e-09,-5.351533e-10,1083.6208,813.4789,15.263237,-1.0681961e-08
57.258213,-7.7546956e-09,99237.04,-7.6627943e-10,6.6275234,6.0841987e-10,-3.2953493e-10,7.221861e-10,5.7007497e-09,-4.7359894e-09,-353.54224,-18.00956,49.39421,1.5522584e-08
90.15316,2.2716064e-08,251182.78,9.0336405e-09,9.889694,-4.2155746e-10,1.9878408e-09,3.3408099e-09,-5.626221e-09,9.1495506e-10,-3461.9963,255.8542,9.955635,2.5559073e-08
53.236397,2.0474147e-09,-53294.53,-1.2528133e-09,10.154701,-1.6311407e-09,-2.7436572e-11,8.8462215e-10,-1.9066095e-09,4.946191e-10,-887.4725,4.683426,44.629482,1.5891569e-10
61.75854,-1.6258339e-09,92859.984,-4.572696e-09,7.9973836,3.215886e-09,-2.5056793e-10,1.6360348e-09,-9.1109703e-10,1.2540641e-10,-596.75586,7.092331,40.85868,-8.091318e-09
31.653404,-5.3428703e-08,178123.12,-5.000319e-10,12.879594,8.214368e-09,-1.8528851e-09,9.777035e-09,7.70959e-09,1.7192064e-09,631.8186,137.68198,51.585823,-1.14522685e-08
41.197174,-5.199353e-08,210164.36,-1.9700469e-11,11.578289,1.3461629e-08,-2.5101021e-09,8.348653e-09,7.646774e-09,-1.0550197e-09,1045.7178,106.984634,49.384228,-6.234482e-09
56.39154,-9.7063634e-08,300715.56,7.1654624e-09,12.685331,1.2577779e-08,-1.6284939e-09,3.3840294e-08,1.1608382e-08,1.4886278e-09,-35.973877,60.393982,39.2633,-6.883003e-09
83.69035,-3.4446759e-09,206557.44,-2.3215727e-09,12.702456,-1.8846353e-09,-9.918347e-10,-2.2692872e-09,2.0691853e-09,2.9778378e-09,-947.8344,2.2529755,47.687954,7.023171e-09
39.5139,-6.243711e-09,150908.48,3.745404e-09,10.919142,-1.5289406e-09,-5.796855e-10,1.0230975e-09,4.276637e-09,-2.21029e-09,-1172.8451,-11.933479,29.282867,9.586371e-09
47.63079,-7.769388e-09,70241.54,-1.800636e-09,15.050068,5.4295857e-10,3.5487027e-10,6.003281e-10,4.5196256e-09,-2.8071356e-09,104.136086,-5.85606,54.46918,1.5815358e-08
9.528324,-7.1097968e-09,336377.56,2.3056408e-09,8.662791,-1.8239331e-09,-8.027939e-10,7.5467305e-10,2.6100897e-09,-4.1249884e-09,-590.1618,-5.718292,47.764503,1.0414864e-08
-20.074642,-6.303285e-07,46856.92,-3.866408e-08,23.997807,-1.3267577e-08,1.5502373e-08,-8.984116e-08,5.4749847e-08,2.179456e-08,18265.062,903.8609,62.827324,-1.0184433e-07
52.25911,1.5120614e-08,205622.84,-2.274718e-08,7.8460293,-2.7357954e-08,-1.3692292e-09,-2.7063125e-08,2.5648544e-10,-1.1128902e-09,862.3513,575.32635,48.921963,-1.0978618e-08
49.69894,-1.10042954e-07,320850.62,2.4219078e-09,9.785925,7.045172e-09,-5.1119082e-09,3.734812e-08,1.4302692e-08,-3.5404626e-09,-34.275635,368.6123,37.96087,-2.3870506e-08
0.46960068,-5.991919e-09,291073.62,7.4434428e-09,12.489979,-5.5598987e-11,-6.604608e-11,-2.7124153e-10,2.571433e-09,-3.9357784e-09,-846.40796,-15.180298,30.388432,1.1364101e-08
69.82355,-3.9361733e-08,451116.75,3.8792343e-09,10.343194,-2.3693751e-09,-2.3900943e-09,1.14261605e-08,1.0022792e-08,4.5346242e-09,-844.17554,280.03375,40.221855,-5.6506226e-09
86.01495,8.3008814e-08,328569.2,-9.343124e-09,9.261219,-1.0381877e-07,5.319039e-09,-1.7382511e-08,-1.171491e-08,-2.5148081e-09,-11039.986,236.65707,43.28665,1.0261993e-08
3.8871384,-7.4794055e-09,372598.25,6.8777517e-09,5.0861073,-1.836191e-09,-2.4677663e-10,8.7583646e-10,5.209423e-09,-4.33538e-09,-662.1422,-11.085556,33.38745,1.46977825e-08
155.51299,-3.5605984e-07,402606.47,-7.436726e-08,5.737443,-8.601118e-09,2.8002358e-09,1.117395e-08,1.9978076e-08,-1.2369152e-09,-665.37524,405.42474,53.048557,-2.8367323e-08
27.823807,-5.231852e-09,275700.1,4.970495e-10,10.355107,-3.0332548e-10,-2.846669e-10,-3.7907757e-10,4.783943e-09,-3.9804924e-09,-583.2124,-8.415417,45.258595,1.2755788e-08
53.262398,-3.895536e-09,376304.8,-1.0530891e-09,6.7844543,-2.1695434e-09,4.3771903e-10,-5.586937e-10,1.656064e-09,-2.480608e-09,163.67404,5.3442764,57.27261,1.0108451e-08
40.021122,-2.2589395e-09,355222.06,1.208748e-09,8.746155,1.3926076e-09,5.305244e-11,-5.998295e-11,1.8868707e-09,-3.7810177e-09,-285.37317,-12.838577,41.394096,6.159743e-09
67.60279,5.602322e-09,337653.44,3.738509e-09,13.183523,-1.0093981e-08,-1.7860421e-09,-3.4948626e-09,2.8789189e-09,1.4863685e-09,6005.5024,113.89636,63.14984,8.7044025e-09
14.179464,-9.134151e-09,187571.77,2.4811033e-09,11.341928,5.954333e-10,-2.2648505e-10,3.8764686e-10,4.066903e-09,-4.630375e-09,-928.0256,-13.158791,41.606606,1.4853276e-08
52.012768,2.8339292e-08,271073.44,-3.0604068e-09,7.6852593,4.750565e-09,3.4331045e-09,2.4877167e-09,-1.1790964e-08,-2.5765976e-09,169.0022,661.8285,35.463955,4.5530446e-09
75.96424,-2.0667476e-10,303710.5,-2.9903646e-09,9.314123,-9.736443e-10,-5.259972e-10,4.0787157e-10,6.525282e-10,2.158853e-09,-975.0704,5.589184,52.0412,-1.6805822e-09
1.6220083e+19,-168986670000.0,-1.8485941e+21,-2.2723612e-05,3533.741,725101060.0,-2.5598482e-08,2.0657522e-07,6.9605285e-08,1.6691116e-08,18738.232,531.1781,62.01252,-1.6950954e-08
17.957699,7.5021816e-08,96318.06,-2.181122e-08,9.936834,9.227466e-08,1.4179955e-08,-9.0081553e-10,-2.1116673e-08,-7.5267135e-09,8003.808,-1086.6731,36.328205,2.4008381e-08
-155.85555,1.3329875e-09,-383454.7,7.245218e-09,17.183594,1.09524265e-07,1.0365097e-06,-1.4224108e-07,5.3757184e-08,-1.6845396e-08,292078.22,1285.2411,102.8029,-4.5873723e-08
13.093016,-4.576906e-09,389074.06,-5.893748e-10,8.193447,1.020815e-10,-4.0169565e-10,1.807223e-09,-8.196854e-10,-1.1698478e-09,-591.98035,-4.837551,55.835186,1.1751524e-08
-5.60096,-4.6259125e-09,128828.63,-7.868321e-11,10.796407,-9.0381647e-10,-5.1184754e-11,5.997465e-10,1.1490248e-09,-1.4916188e-09,-852.2952,-13.403107,54.504936,1.02053574e-08
19.698544,-5.2221423e-09,191108.53,3.2849308e-09,12.712203,2.1486466e-08,-5.418045e-10,9.060115e-09,-4.119056e-09,-1.2168916e-09,282.8291,-385.03992,49.355892,6.4309216e-09
58.56288,-6.875363e-09,293393.22,-8.1536475e-09,8.69324,1.3666005e-08,1.7908582e-09,-1.0556605e-08,4.983277e-09,-3.3863667e-09,599.5686,839.1564,38.532352,1.9748231e-08
29.230038,-9.9349515e-09,244807.33,6.3084173e-09,12.287214,7.336986e-10,-3.5498676e-10,1.6915452e-09,5.056351e-09,-4.700552e-09,-1066.602,-14.384918,31.60628,1.2684235e-08
-8.01059,8.202753e-10,282310.75,-1.2431487e-09,8.959086,-2.3185451e-09,-7.6903706e-10,-7.6436146e-10,-1.4368232e-09,-1.3851514e-09,-512.12103,-4.9242554,33.086918,7.3798665e-09
119.8987,-3.749965e-08,251904.1,-8.949714e-09,10.167705,-1.3126733e-08,-1.6799301e-10,3.034568e-08,3.6205705e-09,-2.0251547e-09,-40.776367,0.7394104,28.912582,-1.44743915e-08
57.238197,1.8691724e-09,252026.48,-1.9664674e-09,6.428496,-1.7851353e-09,-1.1640787e-09,6.852471e-11,-1.6564269e-09,-2.1124276e-09,-564.21466,5.5116386,39.668713,3.2872438e-09
7.7189655,-3.5871899e-09,187039.31,6.948437e-09,8.0856495,-1.2778495e-09,-1.956814e-10,-1.6956027e-09,3.6172347e-09,-1.8547595e-09,-742.69403,-9.872597,20.849913,9.011011e-09
30.780209,-3.2175105e-08,241228.75,-1.2002329e-08,8.456154,2.6883709e-09,8.599413e-11,1.0449621e-08,7.2616526e-09,-1.4076051e-09,685.1843,3.7128143,55.47849,-3.1257958e-08
60.963455,5.8296155e-08,29636.64,9.178582e-09,13.896294,1.6323954e-08,3.709771e-09,-1.0103709e-08,-2.4204436e-09,-3.7175546e-10,-379.79272,319.41684,54.664104,8.461179e-09
-36.547367,-1.5174514e-08,496830.25,3.453174e-09,3.023747,-2.0693987e-09,-2.381281e-10,3.1912286e-09,3.9849946e-09,-7.643556e-09,-581.36945,-14.463135,39.339806,2.4249175e-08
43.366802,-4.083611e-09,231090.55,-2.8971852e-09,13.029357,2.6583255e-10,-1.4757755e-10,-7.1810996e-10,4.68816e-09,-4.5619903e-09,-281.49353,0.79045486,47.72194,9.868554e-09
58.041805,-3.9436824e-08,179015.22,-9.778674e-09,11.9977665,-1.2097047e-09,1.5805764e-09,2.2262885e-08,5.4872196e-09,-8.1069057e-10,-7.043457,119.57155,37.106106,-3.942177e-08
-44.433315,-6.5538286e-09,380490.25,9.6017825e-09,6.3776035,-3.9417665e-09,-3.0285882e-10,7.637255e-10,2.088584e-09,-4.7036703e-09,-725.99695,-15.570175,27.840496,1.6053605e-08
-30.990177,-4.870463e-09,295924.7,2.4776017e-09,9.333466,-8.69284e-10,-5.897686e-10,-2.901146e-10,2.9621268e-09,-4.3793915e-09,-790.73285,-13.424156,36.157383,1.3345906e-08
34.998295,5.1823946e-08,52224.08,-6.8475563e-09,13.523096,3.018093e-08,2.5271323e-09,8.270226e-10,-5.4563234e-09,2.0296105e-09,9922.856,-251.35564,30.089155,1.0812223e-08
28.361433,-2.0722053e-08,75612.08,1.8029422e-09,13.78349,2.5792453e-08,7.7945345e-10,1.6292292e-08,5.6819205e-10,1.3679056e-10,-843.3845,-270.81818,32.452965,2.171029e-08
77.02016,-2.098198e-08,116404.87,-4.1011745e-09,11.703183,-5.9757954e-09,1.2481406e-09,-1.9602962e-11,5.4871268e-09,-4.0415684e-09,1191.7393,400.77493,51.985817,-1.1802582e-09
41.025375,2.8942937e-08,243079.5,9.475793e-09,11.301155,1.6583373e-08,3.811697e-09,-4.1989816e-09,-9.511589e-09,-3.1520295e-09,-1027.8064,-126.24141,31.024185,1.8181542e-08
56.593826,-5.042649e-09,236817.36,3.5664027e-09,11.868591,-5.3537447e-10,-5.579798e-10,7.806523e-10,3.2895704e-09,-2.474019e-09,-928.0225,-10.004219,32.224705,1.1658602e-08
52.947624,-1.732624e-08,274987.34,-1.3083318e-08,14.807444,-1.6461415e-08,-1.7623994e-09,-4.6310187e-09,-1.5737377e-09,-2.3966615e-09,276.9182,278.54443,41.152153,-2.7910733e-08
37.94609,-6.624022e-09,329877.44,3.7932884e-09,6.7477436,-9.596317e-10,-4.8650597e-11,2.065985e-09,3.8359227e-09,-6.1378294e-09,-683.73566,-11.78434,45.297916,1.2180804e-08
102.800674,6.783772e-08,55216.266,-1.619796e-08,10.551266,-6.5292376e-08,3.2157372e-09,-1.3586554e-08,-1.0618757e-08,-1.2550992e-09,7168.176,338.3507,-2.8093185,1.4231137e-08
69.89951,-4.797889e-08,58050.406,4.852266e-09,9.73523,3.2783376e-09,-7.647638e-10,1.5533175e-08,8.228245e-09,-9.583384e-10,-274.7556,59.87477,25.911613,1.6439023e-08
30.320923,-3.2392233e-08,278455.2,-7.650719e-09,14.092841,2.157599e-08,-2.61171e-09,8.421685e-09,3.281792e-09,-1.8882613e-09,348.25684,-116.131485,46.79809,-6.6051538e-09
48.99089,1.1356397e-09,207198.53,-2.715216e-09,5.203461,1.0772441e-09,-3.5407863e-10,-8.202308e-10,1.4914922e-09,1.2541456e-09,-519.6728,6.4737625,39.9869,3.888706e-09
30.192722,3.7771886e-10,215073.05,-2.1108433e-09,6.9233117,-4.530957e-10,-9.892663e-11,-1.3361997e-09,-6.3578376e-10,-1.9328699e-09,483.02264,-9.232243,48.485016,-9.537456e-10
76.957306,3.3512272e-08,241896.55,-1.4358805e-08,13.48002,-2.1242196e-08,3.5771146e-09,-7.8176393e-10,-7.4768974e-10,3.0278053e-09,756.0271,492.3214,45.713936,-1.0989513e-08
41.40388,-3.281802e-08,325826.25,-1.36084735e-08,14.34645,1.7648446e-08,-6.0808185e-09,-1.4443278e-08,3.815564e-09,-2.3695121e-09,-417.30054,37.53186,46.657265,-2.4945418e-08
49.560402,3.1478329e-09,197376.27,-5.18195e-09,7.6009493,1.9301345e-09,-4.9213805e-10,-2.730967e-09,9.671135e-10,1.5372168e-09,425.65662,35.640648,26.93098,-1.13061445e-08
-8.213684,-5.7607163e-09,303050.2,-2.347667e-09,9.870019,1.7430419e-09,1.4892317e-10,5.4235494e-10,3.0671883e-09,-4.4971333e-09,-485.01404,-7.335808,40.878693,1.3336822e-08
58.510773,-5.2376606e-08,447558.94,-1.5169245e-08,11.425313,1.0733764e-08,-2.7956066e-09,2.4698318e-08,1.3407949e-08,4.3059183e-09,1131.7668,441.6623,36.28621,-2.3391506e-08
-13.293369,-6.685287e-10,380929.94,1.9499657e-09,10.521173,-1.3124919e-09,-3.9807999e-10,6.334428e-10,3.1613434e-09,-3.2216898e-09,-825.63,-6.544792,28.353851,8.016855e-09
64.418,1.450411e-11,133469.75,-2.9061555e-09,6.966545,-1.7390706e-09,-7.876594e-10,-1.6537802e-09,5.5855107e-09,-3.2409433e-10,-366.35516,20.280651,58.415077,-1.1041456e-09
54.223747,-8.648785e-09,169123.9,2.3382034e-09,7.0891843,-1.8931205e-09,-5.098477e-12,1.0756688e-09,6.4514705e-09,-2.5589197e-09,-756.25946,-12.645653,43.305595,1.4675942e-08
18.156738,-6.7826864e-09,199695.33,5.359166e-09,12.900039,1.5928758e-09,-2.0015804e-10,2.1810862e-09,2.228895e-09,-2.9395377e-09,-875.66974,-14.8856125,36.02092,1.165634e-08
-1.7552172e+30,3.7349273e+22,-741093.44,1.910909e-08,9.169072,1.9257334e-08,1.0498604e-11,-2.5715387e-08,-1.4278107e-08,-2.053733e-08,1796.9205,-115.17927,22.432373,-5.483159e-08
58.899773,-4.458366e-08,338823.6,-5.057611e-09,11.129439,8.815279e-10,-6.7602293e-09,2.0660035e-08,1.6177546e-09,4.0362078e-10,123.28052,204.5955,53.159515,-3.5622012e-08
82.53488,-9.2144505e-09,230579.53,-2.5702622e-08,8.368789,-1.5419308e-08,5.542808e-10,-1.0798851e-09,3.0460863e-09,-5.9674143e-10,-2038.7659,475.97327,61.50173,-2.1200353e-08
44.15346,-4.5258307e-08,44437.78,-1.1759177e-09,8.107534,5.967584e-09,-4.0997676e-09,2.236176e-08,3.039955e-09,-2.5161677e-09,-66.0354,43.990402,60.32545,-1.0820735e-08
98.406204,2.6688687e-09,325836.8,-2.0140556e-08,14.557354,-2.3405391e-08,9.660789e-10,-3.1620768e-09,-2.5289448e-10,1.1770075e-09,-2236.9001,192.2791,34.962738,-6.8317956e-09
62.80311,-3.5680632e-09,6174.2812,1.6415875e-09,9.176278,-1.4784065e-09,-3.2699274e-10,-2.4448517e-09,-5.3978502e-11,-3.1902276e-09,65.5985,6.021225,31.243752,1.1492008e-08
37.386528,8.320902e-08,387775.94,-2.543601e-08,9.790696,-3.3335827e-08,6.859918e-09,-3.799774e-08,-2.7457595e-08,-9.096596e-09,-254.38403,-52.10756,36.3266,8.129208e-09
52.065582,-5.6653144e-09,261206.83,-9.0159774e-10,8.131771,7.8627654e-10,2.1274728e-10,8.7380403e-10,4.629522e-09,-7.1133113e-09,-739.71155,-7.754818,50.757614,1.3499027e-08
120.42139,-5.1111574e-08,419859.56,-2.6221965e-08,10.694682,-1.1691731e-08,-1.0164444e-09,7.963625e-10,-1.9406393e-10,-1.8201659e-09,166.25781,596.96173,32.786167,-1.4208578e-08
125.33168,1.0001798e-07,129787.64,-1.9719783e-08,9.37788,-8.4717025e-09,2.7559866e-09,-2.47669e-08,-5.932875e-09,8.087112e-10,-1970.5251,1000.8737,27.492455,9.731632e-10
53.546394,1.5384332e-08,169475.44,-9.0819136e-10,11.628971,1.7946994e-09,3.9298764e-10,-2.2692899e-09,-5.862355e-09,5.4700675e-09,-534.943,127.03714,33.346832,-1.918348e-08
35.438515,-4.588525e-09,275450.0,1.7619184e-09,15.053799,-1.029112e-09,-1.9104811e-11,-1.5556435e-09,1.8011834e-09,-2.5958042e-09,-768.7965,-12.651588,36.691082,8.5473815e-09
28.493185,-9.0569525e-09,120274.46,7.159607e-10,9.68795,1.14963906e-10,-5.2659904e-10,5.0670407e-10,4.814217e-09,-4.2592014e-09,-638.63983,-14.049744,43.980106,1.6663298e-08
34.688133,-5.892496e-10,147480.36,-2.1325395e-09,10.437276,8.72197e-10,6.715604e-10,-2.9464384e-09,3.0963192e-09,2.3333766e-09,-531.7213,7.187771,43.29942,4.8650715e-09
9.437265,-1.9738737e-09,148932.0,3.1982281e-09,10.618124,1.2323923e-11,-5.7271293e-10,-1.9554482e-09,3.7291943e-09,-1.8159749e-09,-947.44293,-13.681,30.783451,6.8008563e-09
56.103043,-9.292442e-09,212431.03,2.2029543e-09,10.495949,-1.3074419e-09,-1.2348039e-10,2.7473321e-09,4.8376654e-09,-4.6370605e-09,-807.14734,-14.694244,34.762203,1.6640067e-08
32.555763,-1.2371404e-08,250665.98,-7.8707005e-09,10.249793,2.0253129e-08,-3.1269656e-09,1.5130473e-08,8.858732e-10,-3.1340608e-09,584.0928,-397.4759,40.750927,2.975067e-09
65.05337,-3.5217777e-08,349869.5,-8.12648e-09,13.820995,6.413911e-09,-8.037336e-10,7.847015e-09,3.5680139e-09,-6.7798642e-09,2367.5845,462.89117,49.295525,6.3966596e-09
58.75632,-7.142735e-08,287494.78,9.5792165e-09,10.609541,1.16909575e-08,-2.3390492e-09,2.2822286e-08,5.1443916e-09,-1.6823769e-09,-777.49146,76.942986,40.248493,5.8441385e-09
47.215275,-3.2374279e-09,123217.01,-1.8631936e-10,8.877435,-2.0149203e-10,-4.167882e-10,-7.63333e-10,2.4971112e-09,-3.932707e-09,-380.99933,-18.619423,63.10274,6.556454e-09
89.82277,-1.4403601e-07,398299.3,-3.893153e-09,12.26901,5.1664037e-09,-3.5248924e-09,3.2754023e-08,1.6112333e-08,-4.8613464e-09,-335.29907,136.66644,56.461437,-3.931834e-09
93.043915,-4.7115677e-08,215492.62,-7.927899e-09,8.322998,6.019367e-10,-9.5015e-11,3.7504214e-10,6.545287e-09,2.1241853e-09,-372.00513,111.1007,36.26733,-1.351084e-08
92.30107,-5.5607742e-08,365232.5,-1.3767518e-08,7.680376,-4.4510378e-09,-3.462642e-11,1.4408021e-08,6.4012347e-09,3.4584304e-09,1245.8484,323.8266,30.217525,1.1935509e-09
23.926006,-3.0428914e-08,106893.56,-1.7090201e-08,7.997685,-2.1738698e-08,6.2004655e-09,2.537636e-09,1.1538159e-08,9.987549e-09,344919.1,544.3245,108.2613,-5.8281728e-08
107.98891,-5.031177e-08,389055.56,-6.390925e-08,6.5777187,-2.567828e-08,9.456153e-10,1.2177457e-09,8.592395e-09,1.8379503e-10,-622.1848,308.11603,70.62698,-2.6083717e-08
31.46418,-1.0524209e-08,237848.19,7.036699e-09,9.143227,-1.9794995e-09,-4.700036e-10,3.0819614e-09,5.9566037e-09,-3.9637884e-09,-778.4115,-12.253975,30.66727,1.2153748e-08
69.29625,-5.1951424e-08,354187.56,7.0583246e-09,8.378113,5.4382223e-09,-9.655182e-10,1.9189772e-08,8.518011e-09,4.7014126e-09,-611.83276,141.07458,50.92389,6.4567955e-09
96.196236,-6.764259e-08,291454.97,-2.3503912e-08,5.9702735,-5.4263354e-09,-2.736823e-09,1.31103155e-08,7.5187625e-09,-2.2909343e-09,-262.61694,580.9506,49.261566,-4.267795e-08
24.869434,-3.966017e-09,113804.586,1.151582e-09,12.872618,-6.668261e-11,-6.360532e-10,-1.2887376e-10,2.9481153e-09,-2.7161333e-09,-792.5164,-10.137527,32.299805,7.130265e-09
28.676477,-1.7421189e-09,340064.62,-3.1743874e-09,5.048067,1.503001e-09,-4.4667517e-10,1.679928e-09,-7.2617723e-10,-9.696446e-10,-278.83313,-0.413517,58.43719,8.055372e-09
109.244965,-3.4303156e-08,287659.62,-3.804997e-08,6.1669264,-2.3878526e-08,1.178099e-10,2.1285548e-08,3.70145e-09,-6.8395917e-10,-1815.2659,109.29963,47.70225,-2.6215814e-08
11.860359,5.9612697e-09,247865.81,-6.3829264e-10,13.109403,3.0876696e-10,-2.84849e-10,-1.4592447e-09,-4.225628e-09,-5.4632615e-10,612.5883,51.056175,23.245697,-2.5272893e-09
-4.2293205,-9.987429e-09,167774.33,1.644226e-09,6.0268283,8.041444e-10,-7.388444e-10,1.835952e-09,5.684727e-09,-4.121193e-09,-520.2107,-12.859421,38.009953,1.4733479e-08
95.28905,-3.9280877e-08,246551.69,-1.4349806e-08,10.861267,-1.3455058e-09,-1.3657753e-09,9.284243e-09,5.162065e-09,4.5911404e-09,-95.57495,282.95126,29.5043,-3.2132014e-08
22.764421,-2.099087e-08,308377.5,2.7052949e-09,13.5154295,1.0153817e-08,-3.1831928e-09,5.1694653e-09,2.2048796e-09,-3.5837186e-10,533.92725,-100.547806,39.032127,-4.2045563e-09
96.870514,4.569005e-08,78813.63,-1.8787242e-08,13.648804,-2.5582644e-08,2.776812e-09,-1.6564814e-09,-1.4125655e-09,-3.8397565e-09,19163.629,225.16588,31.190514,-1.4647779e-08
17.892397,-2.6197144e-09,395658.7,3.1251497e-09,12.366614,4.5384183e-10,-9.910068e-11,2.4808305e-10,2.4981017e-09,-1.0383338e-09,-670.5078,-7.356201,28.078373,8.50644e-09
53.860233,4.7692765e-08,181043.95,-1.1221937e-08,14.785854,-4.1297668e-08,8.90283e-10,-1.6297188e-08,4.162792e-09,-2.0420163e-09,62115.99,630.6302,46.05495,-1.4732154e-09
8.97566,7.606164e-09,455534.75,-2.7802423e-09,7.510274,7.5191375e-10,-3.4115483e-10,-5.995372e-10,-4.5710116e-09,4.261884e-09,-252.08617,20.822353,40.3946,-1.3594559e-08
212.45396,-4.0154833e-07,424182.97,-8.654618e-08,-3.5518932,-1.9693465e-08,4.3442974e-09,3.948687e-08,1.536103e-08,4.259884e-09,-845.30786,39.259354,63.17331,-4.0662243e-08
-20.089603,-4.4183937e-09,244739.38,4.170773e-09,9.155742,-8.785359e-10,-6.938272e-10,4.1487472e-10,9.76156e-10,-3.1388003e-09,-634.152,-12.920448,33.209755,1.1137663e-08
96.598915,-5.8883753e-10,331999.8,-8.635039e-09,10.242562,-6.5736625e-09,7.467403e-10,8.809864e-09,4.3073536e-09,3.6265357e-10,-1311.5891,239.45166,35.6603,-5.1571427e-09
71.972786,-1.4712485e-09,244330.88,-3.3610126e-10,9.278537,-3.144257e-09,-8.885652e-11,-2.7024383e-09,6.4041874e-09,4.142195e-09,-469.88458,-0.50541306,52.186676,1.3109876e-08
28.944822,-5.885825e-09,168798.58,2.3241908e-09,12.322212,7.110229e-10,-7.898575e-10,4.9903986e-10,3.1724825e-09,-4.7323296e-09,-556.9861,-7.446846,32.416138,1.3122618e-08
75.25746,3.749848e-08,135209.0,-2.675206e-11,7.6229153,-3.5818344e-09,8.113053e-10,-1.2277338e-08,-5.8583125e-09,-1.7722448e-09,-4688.498,111.19223,55.591515,-7.3808804e-09
122.34511,3.3220182e-08,303024.5,-4.7097597e-08,9.853031,-3.3113064e-08,2.2890114e-09,-1.4661514e-08,-1.0467297e-09,-1.3849926e-09,-2245.1614,196.51167,57.219757,-9.870536e-09
45.172573,9.902562e-08,142360.81,-1.043401e-08,9.986856,-2.1641664e-08,8.2032106e-09,-4.7120512e-08,-2.0712369e-08,-2.9749647e-09,6182.324,102.85833,40.38499,7.266668e-09
-8.271702,5.060901e-10,150786.69,-3.5391715e-10,10.508028,-1.6382765e-09,-4.6562815e-10,-2.088119e-09,-6.3381955e-10,3.037965e-10,-671.40546,-4.4462852,22.57046,4.822355e-09
197.87402,9.350769e-08,210651.38,-6.0764194e-08,7.480401,-2.8040713e-08,4.5326614e-09,-1.5478784e-09,-2.2717643e-09,-2.5951508e-10,5050.4053,523.47235,19.934822,-5.8365455e-09
33.922432,-1.9546922e-08,84646.58,3.6885979e-09,12.754808,2.1287978e-08,-3.4121432e-09,3.8067416e-09,3.3471212e-10,-1.1060884e-09,494.9314,-83.18797,56.729763,-5.1611795e-09
86.83591,9.382358e-08,240034.86,-1.8263828e-09,4.7917447,-1.72351e-09,3.5674517e-09,-1.8400047e-09,-9.561552e-09,2.3643024e-10,9865.141,667.84174,24.65963,7.0955575e-09
-55.386738,-2.8586756e-08,128179.53,1.7590585e-08,18.460363,-1.153406e-08,6.743188e-08,-5.048142e-09,2.1811097e-08,3.2128494e-08,289383.6,1637.1517,99.868065,-2.6590332e-08
73.68182,-3.3155088e-09,265323.06,-5.09587e-09,9.267169,-7.012499e-10,-4.952111e-10,-1.9874034e-09,5.199684e-09,-3.9537595e-09,-1079.8038,1.9904175,59.053764,-1.1866191e-09
100.84491,-1.4512763e-07,474076.62,1.4314088e-09,12.112801,7.727122e-09,-5.2831846e-09,2.82711e-08,1.3637713e-08,6.5185046e-10,2518.8809,244.44176,55.18171,2.6912234e-08
72.31471,8.0222314e-08,142957.34,-1.773575e-08,13.189717,-5.2704237e-08,4.4347854e-09,-4.344257e-08,-1.0678937e-08,1.0887469e-09,5592.324,2256.2322,39.197403,4.4366018e-09
117.56352,-2.228193e-08,309566.06,-1.566981e-08,10.863051,-2.7903317e-08,-1.4425758e-10,3.4756937e-08,2.4084565e-09,-1.2741954e-09,856.3801,199.2928,34.64443,-2.358722e-08
19.47264,6.7596355e-09,448655.8,5.6414134e-11,9.37305,6.265827e-11,-8.14855e-10,3.031214e-09,-3.558495e-09,7.442197e-09,-511.93256,8.624386,27.727446,-9.279783e-09
16.919619,-7.7389775e-09,263446.6,1.9388162e-09,8.343811,-1.3814187e-10,-1.4944346e-10,1.8949626e-09,3.5455223e-09,-3.7908965e-09,-828.1264,-11.511368,35.697437,1.42159395e-08
56.29463,-8.847048e-08,430365.94,1.1695329e-08,7.376098,2.0172612e-08,-3.951713e-09,4.38748e-08,1.2575803e-08,2.2367304e-09,-202.71216,28.873138,59.006058,1.1668301e-08
30.467308,-8.849159e-09,172782.69,2.3583449e-09,11.433775,1.874467e-09,-9.43169e-11,1.4273213e-09,3.6182872e-09,-2.8923641e-09,-469.72577,-14.209251,50.829502,1.4403091e-08
66.20033,1.1188488e-09,229703.33,3.5279638e-10,10.681858,-2.9610117e-10,-4.4203063e-10,-1.4152886e-09,2.1624258e-09,3.76745e-09,420.7567,6.4250603,38.79497,-1.3935142e-09
39.06839,-2.314067e-09,268567.03,2.5036045e-10,11.427546,-4.8776777e-10,-2.5477917e-11,1.1709617e-09,-2.0484394e-09,-2.3384008e-09,-444.80707,-17.182251,44.325623,2.826151e-09
23.703323,-4.6067563e-09,254369.66,5.122829e-09,9.47925,-4.1430187e-10,2.7326474e-10,-1.4320907e-09,2.5424447e-09,-2.3048181e-09,-405.72314,-7.53677,28.813393,1.5390045e-08
112.68028,1.6771692e-09,142153.39,-7.634145e-09,11.58387,2.1087625e-09,-1.5281858e-09,-4.30268e-09,-2.801512e-09,1.0621657e-08,-350.9084,48.775146,39.75265,-2.3917306e-09
34.8274,-3.2822949e-09,246991.28,1.3093543e-09,11.836973,3.4931072e-10,-1.4684541e-10,-1.8210479e-09,2.097917e-09,9.154329e-11,-552.50616,-11.229744,39.80542,1.1244299e-08
21.087564,-1.2203506e-09,492659.94,2.8852798e-10,5.6330776,1.1922108e-10,6.157404e-11,-9.1533564e-10,-2.8185079e-09,-6.592726e-11,-248.84474,-4.961582,63.683624,6.1685994e-09
32.572952,1.7490063e-08,141356.88,2.2844968e-09,12.555246,6.7530603e-09,1.8052237e-09,1.6407697e-08,-5.169119e-09,-8.138359e-10,-152.65527,-248.54521,25.048521,1.6394562e-08
46.434673,-6.204275e-08,199155.98,-7.7626785e-09,10.928321,5.0271107e-09,-2.8338876e-09,3.160429e-08,8.530166e-09,4.783518e-10,591.5078,254.88965,29.563343,-1.1274476e-08
50.59574,-7.534952e-09,268668.25,7.403706e-10,8.914264,2.8028854e-10,-1.9776265e-10,9.0135166e-10,5.7268457e-09,-3.330525e-09,-870.5917,-12.91452,52.933456,1.7110024e-08
-15.142128,-5.845875e-09,422952.44,5.63803e-09,5.4088798,-5.496504e-10,-3.0220498e-10,5.244435e-10,2.6454965e-09,-2.8206362e-09,-637.2329,-11.4967575,34.919373,1.3849404e-08
45.376717,-2.0488484e-09,340855.9,-2.366177e-09,10.274853,5.830425e-10,3.3157715e-10,-9.229261e-10,-8.78745e-10,-1.3731372e-09,76.38344,-10.016609,47.478306,-3.9451464e-09
70.327225,-4.6743667e-09,133779.08,3.387017e-09,6.186817,-5.944595e-11,3.3238873e-10,6.5216915e-10,4.311572e-09,-7.9662704e-10,-801.13965,-9.41457,29.302069,1.1465893e-08
102.815506,-1.585341e-08,197520.52,-1.4433298e-10,9.625904,5.745476e-09,-2.3843497e-10,9.832807e-09,1.213284e-09,-3.4091413e-10,-375.43628,66.90939,21.773533,8.66905e-09
22.461016,-4.064762e-09,448497.06,-1.3226982e-08,11.446079,-1.7745396e-08,-4.849267e-09,-3.838079e-09,-3.63537e-09,-5.283996e-09,518.02563,691.46783,34.840088,-1.682829e-08
21.87744,-5.3621036e-09,295953.9,2.160165e-10,7.1694016,-1.1545128e-09,2.6593264e-10,6.6524275e-10,1.8965625e-09,-3.0184857e-09,-538.47974,-7.7071304,42.964027,1.3047752e-08
33.072,-3.7629803e-08,290686.9,-5.2485887e-09,12.167563,1.6781899e-08,-1.4315765e-09,1.8089043e-08,8.929815e-09,-9.511936e-10,787.2969,-67.85588,43.756214,-1.9949333e-08
56.92405,-2.8737397e-09,148502.98,-8.6599217e-10,13.026327,1.1093881e-09,-2.5156158e-10,-1.4163822e-09,1.1909685e-09,-1.4367438e-09,-352.22327,-2.4489403,34.561264,5.832609e-09
180.38315,-2.630152e-07,391981.28,-4.484605e-08,15.78372,-1.0635482e-08,-1.6091712e-09,3.309192e-08,1.4833801e-08,4.4069237e-09,-1335.1516,733.28094,36.728996,-9.002689e-09
28.739573,-1.2232487e-08,141328.08,7.731512e-09,8.970471,-1.8531512e-09,-3.4526096e-10,3.2342926e-09,6.2448784e-09,-4.4887494e-09,-808.971,-15.604073,29.44542,1.3139069e-08
44.40393,-2.721237e-09,192274.72,-1.8918314e-09,11.365135,4.4892398e-10,-2.2576589e-10,-5.860319e-10,1.748323e-09,-1.7700006e-09,-648.96643,-15.923393,52.138184,2.4460276e-09
34.548832,3.3641285e-09,143910.22,1.6973274e-09,12.935786,4.9262794e-10,-4.691725e-10,-1.1511334e-09,-1.4034736e-09,2.2540612e-09,-205.33452,10.074108,26.036163,3.2470016e-09
37.05563,-4.4741527e-10,398801.47,3.701022e-10,6.679267,-9.553413e-10,-9.2664494e-11,5.9823557e-10,-3.370753e-10,8.278849e-10,40.886818,9.433693,30.414726,7.877162e-10
31.66145,-3.3186613e-09,212778.75,-2.1450237e-09,8.488961,7.08115e-10,-9.1806354e-11,1.6285904e-09,3.96911e-09,-3.2126344e-09,-332.66357,-5.635315,54.948086,8.8554435e-09
20.75025,-9.686867e-09,373608.53,3.7457015e-09,8.975786,-1.7283175e-09,1.575827e-11,1.673945e-09,4.6930686e-09,-3.2036647e-09,-617.71466,-10.073135,38.282093,1.5435187e-08
5.3857725e+20,-5611090000000.0,-6.1381343e+22,-2.2723649e-05,3533.74,24076497000.0,-2.5598466e-08,2.0657512e-07,6.960527e-08,1.6691123e-08,18738.229,531.17816,62.01252,-1.6950935e-08
35.599133,5.9916347e-09,74123.2,-4.436386e-09,15.82772,5.5042673e-09,1.1543378e-09,-2.5497473e-08,-3.2412126e-09,1.0700154e-09,769.03955,92.959335,60.832737,-8.421879e-09
17.830366,-9.806995e-09,342338.2,8.769212e-09,11.34561,-7.290765e-10,-3.9367712e-10,2.7241862e-09,3.851976e-09,-6.4433174e-09,-866.67346,-14.599564,27.173025,1.171488e-08
66.861496,-6.9738135e-08,255908.22,-1.3428597e-09,11.284175,6.104154e-09,-1.0610799e-09,1.6583716e-08,1.0158248e-08,-9.548063e-10,-407.06323,71.918915,39.642033,-1.0282093e-08
63.190166,-2.2437949e-10,291674.84,5.4475024e-10,7.5875473,-2.449174e-09,-3.0498531e-10,2.26696e-09,-3.5819506e-10,1.46385e-10,-537.3491,-1.5439377,22.421982,5.0789745e-10
2.4160614,3.129116e-08,478702.44,-1.815001e-08,10.169744,-5.7458505e-09,8.588844e-10,-1.0043443e-08,-1.0499241e-08,2.6797515e-08,28.105583,284.54926,51.686485,-3.9280135e-08
89.00581,-3.095767e-08,215518.16,-2.0358966e-08,8.992782,-1.7237866e-08,-4.726903e-10,6.1634453e-09,3.2534473e-09,-2.3551099e-09,-1901.6931,158.81929,43.47777,-3.4772977e-08
110.56558,-6.003065e-08,307652.6,-2.1156623e-08,15.140216,-1.7016076e-08,-2.4745612e-09,2.2981206e-08,3.8879695e-09,-2.0820403e-09,-242.47046,598.1018,44.114674,-4.2249695e-08
110.02704,-1.5116457e-08,283543.62,-2.0853538e-08,11.399992,-1.3125837e-08,-8.5552654e-10,-9.076221e-09,6.492471e-09,3.4151373e-10,5997.6143,167.49155,50.393345,-2.7401875e-08
248.41304,1.8942384e-08,229373.86,-3.5599655e-08,3.1872396,-1.8209414e-08,9.518005e-10,-2.5752067e-08,-4.1880002e-10,3.6443977e-09,-2634.0007,283.2521,17.70041,-5.8009673e-09
-0.8804283,-5.015116e-09,268504.06,5.5471268e-09,5.1796217,-1.2177616e-10,-2.9576028e-10,7.754789e-10,4.3419053e-11,-2.0684472e-09,-510.71967,-8.618595,26.653702,1.1571158e-08
216.16788,-1.058994e-07,258638.8,-3.5185682e-08,8.005422,-1.3743661e-08,1.3047051e-09,-3.171753e-09,2.9404787e-09,1.4416394e-09,-1223.7019,408.45413,2.7762375,-2.9535623e-09
-78108326000000.0,7.680874e-08,1.9766747e+16,16001.387,15173641000.0,1.2970364e-07,6.5249153e-09,5.0857217e-08,1.7590489e-08,1.7870597e-09,7455.069,1011.02484,94.77028,3.3670409e-09
16.386045,7.0402617e-09,275123.44,-2.6781393e-09,4.5770235,1.4401708e-09,3.6394488e-11,-1.5992264e-09,-1.8987203e-09,6.055277e-09,1.4651031,26.4401,30.191437,-8.9669445e-09
-0.21839905,-6.070883e-09,238549.78,9.1605105e-11,8.535669,-2.1724171e-09,-1.3101376e-10,9.487253e-10,2.9842784e-09,-2.5440088e-09,-586.51465,-8.030403,36.80861,1.1080022e-08
-1.0413059e+26,2.2157947e+18,-741093.4,1.9109086e-08,9.169072,1.925733e-08,1.0498604e-11,-2.5715385e-08,-1.4278108e-08,-2.0537339e-08,1796.92,-115.17925,22.432373,-5.4831585e-08
13.212513,-1.2819086e-09,253651.53,-1.0883299e-09,11.315334,1.3085967e-10,6.236405e-11,-2.1251055e-10,7.5941003e-10,-7.2323003e-10,-674.15796,-11.795425,52.028423,9.099053e-09
-7.8865204,1.19967245e-08,345652.62,-3.501391e-09,3.0231652,-3.4096492e-09,-2.1174248e-10,-1.0510574e-08,-3.0870961e-09,4.360675e-09,-224.2405,36.05031,15.387569,-1.1648897e-09
3.9724922,-1.1195123e-08,270095.44,4.1280668e-09,8.6757345,7.02973e-10,-3.911746e-10,2.051066e-09,3.5227798e-09,-4.3562944e-09,-705.73303,-13.996239,28.871708,1.4650182e-08
24.025171,-1.2287642e-08,310929.84,1.3233141e-09,7.0644674,-1.4694287e-09,-4.0714596e-10,2.411678e-09,4.8341966e-09,-6.102777e-09,-506.68494,-12.444344,57.148598,2.013818e-08
12.640339,7.95562e-09,59068.656,-5.565578e-09,14.365321,5.489296e-10,2.5701055e-10,-2.6719718e-09,-5.309819e-09,1.008844e-08,435.76093,100.23662,41.913136,-3.1285676e-09
86.335846,8.247847e-09,193404.53,-8.387605e-09,13.166794,6.514916e-10,-1.5592071e-09,-9.410429e-10,-2.027836e-09,1.2452732e-08,-1182.9973,35.72983,53.703094,-1.4101689e-08
2.7039538e+20,-2817076000000.0,-3.0816815e+22,-2.2723614e-05,3533.7388,12087727000.0,-2.559849e-08,2.0657527e-07,6.960529e-08,1.6691132e-08,18738.236,531.1781,62.01252,-1.6950937e-08
-7.216385,-1.0647447e-08,221311.11,7.747235e-09,9.91115,-1.030213e-09,-3.892047e-10,9.387314e-10,3.5293184e-09,-4.4917874e-09,-776.2161,-15.451805,27.658365,1.4578485e-08
63.92814,-1.4457615e-08,224859.78,2.153808e-08,13.1701355,1.8849711e-08,-5.679718e-10,2.0701737e-08,7.1815487e-09,4.488796e-09,17306.818,-64.81221,68.24528,2.0074706e-08
44.994358,-1.9115971e-08,413869.25,7.5231305e-10,10.999018,-1.281171e-08,4.197494e-09,-1.07513465e-08,7.558808e-09,-1.0911284e-10,3479.9626,194.74524,57.988235,7.453256e-11
22.340143,-1.5975429e-09,172120.4,2.0849096e-10,9.175463,6.233893e-11,-7.143731e-11,1.3682088e-09,-1.4930978e-09,-3.1835174e-09,2390.4011,5.623474,81.21062,-1.4995175e-08
47.100315,2.8017688e-09,142652.44,-5.202007e-09,8.0235195,1.3596848e-09,1.925946e-11,1.416997e-09,-2.790403e-09,1.0305172e-09,842.8011,-3.2369347,38.85563,-2.0446905e-08
76.90426,-3.34767e-08,367829.47,-1.5310937e-08,8.937776,-1.3024184e-08,-4.1045287e-09,5.1488853e-09,7.5672e-09,-5.9673955e-10,-716.5969,415.50085,50.2205,-3.402216e-08
118.08659,2.3165592e-08,313153.8,-1.6576308e-08,12.412229,-3.2138757e-08,-7.426643e-10,-8.324689e-09,-4.0729407e-09,-2.106413e-09,-158.50488,570.8688,39.97319,-3.0722591e-09
33.28452,-5.559309e-09,72878.914,1.388142e-09,8.301926,-1.7427755e-10,-2.717533e-10,2.1222887e-10,1.486934e-09,-1.2273541e-09,-226.3802,-9.318081,53.273388,9.746944e-09
20.699812,-6.830358e-09,238241.77,4.319403e-09,8.962385,-1.6042147e-09,9.406633e-11,3.9418532e-10,3.7600034e-09,-3.472939e-09,-910.19073,-12.853897,33.97881,1.0439304e-08
27.60964,2.846791e-10,372295.7,3.4124462e-10,12.6845255,3.1827079e-09,-6.8696625e-11,-3.3059968e-09,7.470606e-10,-3.680833e-09,-559.87103,-6.5077133,38.4173,8.144549e-09
99.09781,8.8676975e-11,305781.4,-2.9031353e-09,8.634877,-1.7743395e-09,4.8310644e-11,-2.5704956e-09,-4.2705404e-09,7.88636e-09,-774.1754,48.29832,67.22977,-4.2736765e-09
31.097752,-4.28372e-09,142574.16,1.4233793e-09,15.306137,-1.1656964e-09,-1.338809e-10,-1.0535949e-09,2.0960798e-09,-4.8304316e-09,-1311.3805,-14.06044,35.439133,6.5623667e-09
30.589926,-6.3388246e-09,223093.22,-2.5829618e-09,9.851876,-1.6854195e-09,4.9990034e-10,1.8013573e-10,5.1596842e-09,-6.1425345e-09,-319.27252,0.1703186,42.100613,1.0952459e-08
29.354637,-1.1513994e-08,-30527.14,1.0825341e-09,12.766957,1.5973335e-08,3.5558775e-10,1.0034531e-08,-2.3067408e-09,-2.311545e-09,38.07129,-290.7923,47.176422,3.254459e-09
4.382141,2.8680476e-09,139945.88,-3.3574412e-09,8.435328,-2.2544193e-09,-4.1810286e-10,6.942517e-10,-1.846008e-09,-1.0532932e-09,-802.92834,2.8906136,37.90525,2.7567848e-09
52.664352,-1.962492e-09,113513.15,3.5813148e-09,5.265826,-2.50745e-09,-5.468796e-10,-5.4043203e-10,3.887096e-10,4.4538326e-10,-784.1967,-0.83945084,29.634567,4.568328e-09
74.425354,-3.879059e-09,290287.06,1.5964233e-09,12.046931,-1.8118164e-09,-9.470211e-10,-1.1404282e-09,2.867154e-09,-1.4283804e-09,-487.73517,-15.3956375,46.864773,1.2781392e-08
61.804306,1.2206328e-09,13534.328,-4.191907e-09,13.372779,-8.273557e-11,-2.987215e-10,-2.2245459e-09,-1.3916448e-09,-2.8610716e-09,-118.160904,-1.5857391,46.28662,2.2579048e-09
42.839027,7.927561e-08,69819.7,-7.2411127e-10,11.427753,1.0433431e-08,4.8381392e-09,-1.3551784e-08,-9.640126e-09,-1.8103681e-09,-2990.7024,289.41962,51.970684,6.7570136e-09
20.542095,1.9084569e-10,71070.9,1.158919e-10,8.232648,2.6994906e-09,-5.401901e-10,-1.3195003e-09,2.4940139e-09,5.194281e-10,-658.0582,-8.086933,36.573067,4.312326e-09
117.39867,3.6765787e-08,217779.72,-1.1437798e-08,15.754487,-3.724431e-08,3.409625e-10,-6.662431e-09,-5.2805484e-09,2.9178966e-09,-1544.655,1130.8143,24.528187,4.908013e-09
77.98671,-4.3386152e-09,234015.28,1.244794e-09,5.058179,-8.271939e-10,-4.722718e-10,9.00549e-10,5.631348e-09,-3.7338355e-09,-790.0587,1.9433479,44.39343,1.7205352e-08
30.313496,-2.6130602e-09,142149.03,-2.4475009e-09,3.3578248,-1.7509086e-09,-3.8218442e-10,1.9563162e-09,1.2383627e-09,-8.815817e-10,-575.45435,-1.6523933,51.749435,2.4520987e-09
183.02975,-6.5898774e-08,243949.16,-4.0091e-08,3.5154667,-2.2604606e-08,1.1540432e-10,5.925544e-09,1.5783606e-09,1.871755e-09,-1891.2913,313.8125,27.191948,-2.4292188e-08
37.913082,2.215454e-10,248994.7,-8.394875e-10,7.138812,1.4304762e-09,-1.9283114e-10,1.1037681e-09,-1.1466023e-11,2.5593814e-09,331.96503,10.826103,25.693403,3.634139e-09
82.40474,-8.185324e-09,180078.77,6.887962e-10,7.043147,-1.9844901e-09,-1.3671065e-09,1.6068076e-09,3.7523793e-09,-3.733464e-09,-964.1258,-8.861668,52.987,1.8887473e-08
35.81401,-5.043387e-09,240964.6,-5.0432986e-10,11.052482,-1.4472571e-09,1.0585249e-11,8.3301793e-10,4.0247605e-09,-4.0992445e-09,-530.3577,-10.171402,55.888573,1.2448802e-08
41.297237,3.3568939e-09,176884.4,-1.107468e-09,6.8872957,1.877403e-09,2.3821979e-11,-1.6627085e-09,-1.1738265e-09,2.1771553e-09,397.59637,32.78807,20.704893,-3.34162e-09
26.339916,-3.5133847e-09,262771.47,2.920242e-09,11.143127,3.2172517e-10,-1.9786967e-10,9.477424e-11,1.981467e-09,-5.5629954e-09,-938.9111,-12.439331,34.235786,8.873803e-09
28.091396,-3.7474126e-09,436792.88,6.644944e-10,9.852767,2.4232236e-09,-1.0018375e-09,-1.6968552e-09,-1.2731046e-09,-3.12613e-09,-502.40997,-2.5941544,36.481445,1.4036447e-08
19.768965,-1.4459028e-09,236143.97,7.3637374e-10,17.373093,1.3751578e-09,5.365793e-10,-3.390251e-10,-2.6753717e-09,2.7558564e-09,1998.2766,-3.40382,39.54401,1.2630991e-08
103.152145,-6.912338e-09,381718.03,-3.2817425e-08,13.358176,-1.7583025e-08,5.2094545e-10,1.0833436e-08,4.5917727e-09,2.7390294e-09,-213.93335,687.4512,19.311779,-6.835943e-09
68.95195,-3.0452167e-08,290405.4,-2.6251104e-08,15.853001,5.927022e-11,-3.9387227e-09,2.4124443e-08,2.1804305e-09,8.7743446e-10,-1292.5906,519.2882,54.581577,-4.6700748e-08
30.627981,1.0444341e-08,212168.17,-3.44049e-09,10.047684,1.3816728e-08,5.5581834e-10,-3.1119844e-09,-1.0219444e-08,-1.7606078e-09,-1194.6965,-61.10109,42.03913,-7.179665e-09
45.73166,1.46713e-09,263118.56,-1.9245487e-09,7.4946337,-1.1346619e-09,2.9183697e-10,1.2072321e-09,7.2560585e-10,-6.859691e-10,-259.36652,7.5102844,23.136303,-2.1468467e-09
1.43931675e+20,-1534484000000.0,-1.4400479e+22,-7.397417e-09,10.9941635,-9.852253e-09,9.8984545e-09,-6.987672e-08,-9.9701204e-08,-1.26982425e-08,2653.6548,-181.43993,-1.977254e+16,5.8661067e-06
34.490597,-9.444595e-09,235394.97,9.273922e-09,9.432929,-8.9898633e-10,-8.6942153e-10,1.7799849e-09,5.059669e-09,-4.826088e-09,-1007.15814,-10.805084,21.008356,1.4666585e-08
73.01175,-7.1262996e-08,262394.7,5.1527844e-09,11.549413,4.391551e-09,-3.0033005e-09,1.8260103e-08,1.3551068e-08,-1.0436265e-09,-306.8938,121.26103,60.944588,2.1573785e-08
78.51135,-5.6944828e-08,311131.2,2.2456867e-09,11.725205,1.1691361e-08,4.0110765e-10,3.7375184e-08,8.741634e-09,-4.4525743e-09,-230.8186,193.21834,26.601524,-5.479214e-08
104.48386,-4.407454e-09,265780.62,-3.0986926e-09,10.466066,-1.4412019e-09,-9.170033e-10,-5.283995e-10,2.758214e-09,5.556042e-09,-200.3395,-8.856705,45.325256,7.376662e-09
27.487259,-7.486168e-08,150171.66,-3.8103537e-10,13.405487,2.3007322e-08,-3.934071e-09,1.711857e-08,1.1767289e-08,-3.6064338e-09,143.34155,116.17762,51.869736,-1.0038242e-08
32.4163,6.712837e-09,395643.6,-3.972204e-09,7.5484695,5.43158e-10,-9.602179e-11,3.0630536e-09,-4.1020534e-09,6.659014e-09,176.45566,-6.904442,59.60338,-1.5562145e-08
33.314056,2.1321672e-08,313814.66,-1.5063511e-08,12.948782,-1.01350475e-08,6.6861974e-09,-3.6501973e-08,-7.192576e-09,1.0909164e-09,3185.976,1006.3162,65.66968,-1.2391623e-08
111.29608,-6.7736057e-09,262170.2,-2.4572713e-09,11.582628,-1.9897026e-09,-8.918377e-10,-1.4337442e-09,2.518216e-09,1.8543521e-09,-153.48967,-8.401958,36.54332,1.40884815e-08
170.72757,-2.5712188e-07,353686.8,-6.325909e-08,6.538071,-1.4723897e-08,-3.8572598e-10,1.8518909e-08,1.2823177e-08,1.1439729e-09,-968.7239,283.8485,38.628086,-2.7477368e-08
13.983234,-2.3924593e-09,193517.89,2.247075e-09,10.662611,-2.0974807e-10,-2.976208e-10,-7.198998e-10,1.9501452e-09,-5.353334e-10,-948.4007,-11.373718,39.7559,7.026395e-09
102.678604,-5.5717453e-09,309371.94,1.5430691e-09,4.7444663,-2.804003e-09,2.1185644e-10,-1.3065927e-09,4.5250723e-09,-1.5709732e-09,-633.3933,-12.97538,66.19615,2.6005573e-08
203.65588,-1.5162294e-07,325673.94,-3.915453e-08,4.262169,-2.3374234e-08,5.1121307e-10,3.1420623e-08,4.92981e-09,2.8115898e-10,-944.6365,186.78659,24.98925,-3.896807e-08
48.00025,5.992528e-08,104311.19,-5.2867364e-09,11.6348,2.4752751e-08,1.7786521e-09,-7.79381e-09,-1.0699e-08,1.2067649e-09,6014.0176,411.35004,45.73389,-8.5755164e-10
54.387245,-8.034861e-09,71110.29,3.6112975e-09,10.662943,-6.718095e-10,-7.13272e-11,1.2087293e-09,1.7701217e-09,-4.0290815e-09,-288.97882,-14.94413,38.938343,1.4157968e-08
238.61836,4.47819e-08,303635.1,-7.813782e-08,12.694303,-7.839055e-08,1.7166091e-09,-6.9005295e-09,-6.400768e-09,2.045709e-09,7149.742,591.16156,10.713608,4.0959836e-09
23.294764,-1.9391908e-09,189636.14,1.574295e-09,9.633567,1.3059224e-09,3.2559166e-10,1.021665e-09,4.163363e-09,-2.9192224e-09,-145.98695,-11.439064,25.004566,6.869691e-09
-2.4866257,-4.4075295e-09,164008.33,2.9928358e-09,9.434634,2.086144e-09,-4.9436893e-10,-6.9971756e-10,1.7496812e-09,-2.9237124e-09,-707.4827,-10.336945,35.09774,9.540732e-09
55.992344,-7.3354927e-09,175989.33,3.9557446e-09,7.2477307,-8.4520885e-10,-5.493847e-10,1.1514154e-09,6.20675e-09,-4.1523807e-09,-727.64185,-11.79641,35.558876,1.2816414e-08
27.035591,-2.0163606e-09,322124.75,5.5181043e-10,11.028901,1.5834217e-09,3.5118833e-10,5.268132e-10,2.34103e-09,-2.5614988e-09,-424.30438,-5.2029495,40.686924,7.624784e-09
90.49801,-1.935356e-09,104272.51,-1.1379658e-09,9.458223,-1.3855195e-09,-5.779487e-10,8.415246e-10,9.69517e-10,5.6151697e-09,-244.77412,-10.9205475,48.86012,9.238729e-09
113.55351,6.123659e-08,441290.03,-6.286755e-09,9.437948,-3.4452892e-08,-6.8388883e-10,-1.0842902e-08,-3.9213466e-10,1.0002303e-09,2630.7114,1131.309,35.287117,9.764762e-09
395.8461,5.15301e-08,163881.64,-3.3183113e-08,-0.83789635,-1.3893801e-08,6.611793e-09,-4.245709e-08,-2.1091326e-08,-3.3891083e-09,-249.02808,690.84436,-101.19211,2.3856256e-08
45.405205,-2.374985e-09,316558.8,5.4815436e-10,6.6491566,-2.2382067e-09,-3.3177042e-10,-1.2364052e-09,2.9395315e-09,-3.6180499e-09,-454.23737,-1.91465,41.596775,1.141043e-08
112.063156,-1.1424963e-08,143280.38,-9.855649e-09,9.01657,-1.9961009e-08,2.000941e-09,1.1276331e-08,3.3960318e-10,-3.86727e-10,-1720.1497,155.36702,26.978935,3.3903746e-09
62.755634,-1.0926256e-07,359338.2,-7.691225e-09,12.301634,5.179931e-09,-2.0809303e-09,1.5324417e-08,1.4282674e-08,-3.2011527e-09,-338.82935,314.4839,58.306248,-1.93246e-08
20.825829,-4.9440785e-09,410367.7,1.0186371e-09,9.201495,-9.512376e-10,-2.958061e-10,-6.3028344e-10,2.4599978e-09,-3.5134227e-09,-597.8718,-11.545311,52.44542,1.3284341e-08
55.47441,1.9772919e-09,129670.305,-3.2503211e-09,12.072542,1.0841082e-09,2.6713243e-10,9.820688e-10,-1.3235008e-10,1.28424e-10,22.978271,-1.0470467,52.811398,1.1369372e-09
18.497755,1.5620328e-08,173622.72,-1.2254639e-08,10.623334,-1.06163105e-08,4.76042e-09,7.364315e-09,-1.2752212e-08,-6.9624546e-09,-1440.9431,-676.2423,58.813232,-1.4513984e-08
85.539,-5.979529e-08,283607.7,-1.1465787e-08,13.328795,-2.57209e-09,-2.87381e-09,3.3180793e-08,5.1129425e-09,1.033416e-09,-700.74194,160.2477,58.657448,-3.49215e-08
41.79673,-6.238093e-09,367777.3,-2.3846738e-10,5.650301,9.1785e-10,-1.532207e-10,7.084573e-10,1.8555527e-09,-1.2885709e-09,-276.02716,-10.176674,43.311287,1.1422161e-08
4.5284233,-3.9746006e-09,71480.945,-7.142426e-10,14.230032,1.0785169e-09,-4.0095785e-10,1.4280523e-09,1.4329165e-09,-2.3651763e-09,-1115.3279,-13.911781,41.477463,9.662472e-09
68.81304,-1.1122312e-07,282145.28,-4.535704e-09,11.837828,1.1758634e-08,-1.9565787e-09,2.5150824e-08,1.5172706e-08,-5.590614e-09,45.614746,234.15497,36.62898,1.03445856e-10
20.725754,1.9286972e-08,438715.8,-5.147662e-09,8.580568,-3.5068142e-09,-1.0708888e-09,-4.1463014e-10,-4.2248236e-09,1.0536047e-08,-249.32222,85.20282,35.1016,-2.187708e-08
24.715387,-2.2196527e-08,173054.48,4.329797e-09,13.401228,1.675306e-08,-2.2198304e-11,1.726948e-08,2.9091127e-09,-3.3751635e-09,35.740723,-337.5321,26.206722,1.8231258e-08
61.631027,-1.2105043e-08,168900.0,-2.1994614e-08,14.102296,1.1313945e-08,7.51784e-10,2.653038e-08,2.5892255e-09,-3.9975463e-09,1091.5823,321.86108,54.49692,-6.087753e-08
52.634155,7.5980545e-08,173043.9,4.1051127e-09,6.377676,5.2940443e-08,-1.5342485e-09,-3.1938995e-08,-1.9172893e-08,6.259708e-10,7863.705,734.7216,47.827225,4.463141e-09
43.234406,-1.3428021e-08,227752.47,6.8426615e-09,11.937525,9.1609365e-10,-7.5579465e-10,2.4819982e-09,5.5677734e-09,-5.0057087e-09,-683.3207,-16.36773,26.877657,1.714128e-08
22.229807,-1.8667872e-09,134938.11,-2.4436337e-09,12.147624,2.505877e-08,2.3578386e-09,-3.3291518e-09,-6.7230603e-09,-5.290915e-09,-1415.2112,-513.8153,58.37559,-1.0747048e-08
52.452274,-3.7800415e-08,255979.1,-1.0903508e-08,9.405811,1.4552816e-08,-3.7983585e-09,2.5340606e-08,-5.091968e-10,-3.169573e-10,-756.9978,455.6023,46.593185,-5.4231542e-08
95.34891,4.3929116e-08,106631.2,-3.0057844e-08,13.826441,-2.8394675e-08,3.0872076e-09,-3.8482573e-09,-4.1614574e-09,7.9412784e-13,268.35742,468.86688,18.164034,-3.923765e-09
-7.3614883,-5.444638e-09,333746.7,5.2238205e-09,5.8518734,1.8316286e-09,-1.4560025e-10,-3.5879322e-10,4.186633e-09,-3.3595517e-09,-545.08563,-9.854824,23.532986,1.2836348e-08
3.524784e+20,-3672247400000.0,-4.0171766e+22,-2.2723632e-05,3533.741,15757159000.0,-2.5598474e-08,2.0657522e-07,6.960529e-08,1.669112e-08,18738.242,531.1781,62.012516,-1.6950944e-08
44.495758,1.02966435e-08,177278.89,-1.7009248e-10,8.667624,9.572779e-10,-5.5267413e-10,-7.3440726e-10,-7.0867507e-09,7.468099e-09,-79.242584,49.119663,43.042168,-1.1595657e-08
36.62017,1.434746e-08,-18528.969,5.3040314e-09,11.4655695,1.6625815e-08,4.4541277e-11,2.9972194e-10,5.677293e-10,-1.9481738e-09,1209.8835,-107.04506,24.717815,4.0790287e-09
7.752632,-7.612275e-09,147690.36,2.0455115e-09,5.5155764,5.6506433e-10,-6.4390343e-10,-1.0249919e-11,5.3813327e-09,-3.3298937e-09,-611.72235,-12.032059,42.595146,1.3172207e-08
48.319214,-6.533553e-09,216611.48,8.119492e-10,9.197188,7.8451556e-10,-4.4503204e-10,-7.386764e-10,3.9793258e-09,-4.857885e-09,-917.8505,-11.440758,46.77632,1.2056017e-08
-14.683403,-1.03034035e-08,176625.31,3.4529442e-09,7.927622,-3.859177e-09,-5.65605e-10,4.841579e-10,4.1203396e-09,-3.94257e-09,-819.28186,-16.108856,39.325325,1.3386825e-08
27.642984,-8.316025e-09,428736.0,5.1809117e-09,11.675815,-6.4663197e-10,6.1688744e-12,2.1239868e-09,3.3447867e-09,-6.534688e-09,-727.7819,-11.244324,34.920654,1.4971782e-08
0.043403625,-4.6825126e-09,387788.44,5.19247e-09,8.682267,-7.110379e-10,-2.834674e-10,1.1094192e-09,2.042089e-09,-3.4179033e-09,-715.18915,-10.101746,34.43586,1.1913942e-08
74.932495,1.5146595e-08,-40220.562,-7.3940214e-09,6.7664375,-1.1115556e-09,3.9866618e-10,-7.199615e-09,-9.428224e-09,6.2392616e-09,-575.8925,149.9397,48.468754,-8.969523e-09
28.931427,4.423777e-08,265978.28,-2.0326874e-08,10.806941,2.544627e-08,3.0947709e-09,-2.664984e-08,-1.703137e-08,-3.2148646e-09,2908.58,-746.3846,56.06771,-2.6015035e-10
90.9314,1.0843261e-08,324932.5,2.1797746e-09,13.337042,2.0396247e-09,1.5364361e-09,6.7511725e-09,-4.3295416e-09,4.830277e-09,3777.107,444.88214,30.664728,9.143533e-09
54510040000.0,-568.503,-6212771000000.0,-2.340064e-05,3590.3542,2.436533,-2.5314934e-08,2.0468877e-07,6.920967e-08,1.6576182e-08,18660.432,532.35834,62.024467,-1.6870807e-08
29.788742,-7.637794e-09,229195.98,-4.153484e-12,7.4995937,9.410027e-10,-7.647269e-11,3.938502e-10,3.888716e-09,-2.9013352e-09,-439.20795,-5.2348404,61.76301,1.6306885e-08
53.745506,-9.012479e-10,151795.38,-2.42318e-09,6.3728952,-2.665937e-09,-5.605691e-10,-9.858714e-10,1.7474089e-09,1.2875915e-09,-504.32623,12.333572,55.39244,2.2897313e-09
28.677288,1.3067238e-08,257029.38,-2.3103148e-08,7.120838,1.9090706e-08,2.4272055e-09,-6.4613026e-09,2.6059017e-09,-5.8022938e-09,3123.685,729.4187,54.052288,-1.6604853e-08
17.587435,1.2048138e-08,148383.19,1.0515533e-09,8.214474,-4.2382528e-10,-3.604795e-10,-1.1025609e-09,-4.045554e-09,7.640318e-09,-9.047745,20.88926,33.7377,-4.226352e-09
119.93817,-7.1531803e-09,-56507.594,-2.899376e-09,9.538231,-1.106339e-09,-8.768129e-10,-1.1965364e-09,4.8455537e-09,6.843618e-09,502.03827,-10.8563385,26.642323,1.5866766e-08
27.070171,-8.489921e-09,312608.06,2.601691e-09,10.654024,2.5894226e-10,-1.209773e-10,2.0050304e-09,2.9731573e-09,-3.705954e-09,-717.0673,-11.716316,40.656013,1.7137474e-08
77.2669,-2.692846e-08,223944.45,-1.9124823e-08,10.566158,-1.3007029e-08,1.2898947e-10,2.8204237e-08,5.083064e-10,9.595237e-12,-1559.9885,227.13905,49.663483,-4.2226606e-08
28.774792,-4.4921954e-08,260581.1,-5.6529497e-09,9.786839,1.9288432e-08,-2.9179603e-09,-5.2513576e-09,7.687683e-09,8.835075e-10,1040.8936,-36.477905,48.60923,-1.12399965e-08
0.611393,-8.331097e-09,252935.05,3.3444372e-09,12.652721,-4.384628e-10,-7.936958e-10,1.4551484e-09,3.5000967e-09,-5.2827676e-09,-941.6088,-13.902817,37.277435,1.41281555e-08
3019326800000000.0,-32189650.0,-3.0208598e+17,-7.3974333e-09,10.994165,-9.852255e-09,9.898455e-09,-6.987677e-08,-9.970115e-08,-1.26983455e-08,2653.6548,-462.1015,-414778400000.0,2.6238642e-06
120.0499,-2.4132126e-08,224214.28,-3.300085e-08,9.171195,-1.33259945e-08,9.495864e-10,1.4524277e-08,-1.7940787e-09,5.0798934e-09,-705.0862,519.662,18.603516,-3.0241967e-08
29.436367,2.4172253e-09,206635.48,-2.4416288e-10,10.427589,-4.7534587e-11,-5.9888355e-10,-1.9052226e-09,4.848061e-09,2.567389e-09,-603.39014,15.101631,47.91095,-1.7928844e-09
24.736935,4.8127404e-09,224413.39,-1.1618502e-09,14.594269,9.893409e-10,1.7018971e-10,-4.719621e-10,-1.2480805e-09,-1.6517551e-09,1032.9249,-2.2109184,33.048454,2.7167948e-09
50.590614,-1.07388885e-07,252051.05,6.183005e-10,12.192827,1.7774786e-08,-3.2190026e-09,1.315264e-08,1.3568334e-08,3.5632668e-09,328.6941,170.4324,44.57511,-2.4214792e-08
167.61485,4.7669118e-09,261495.97,-6.2819296e-09,10.035855,5.700696e-10,-3.4022107e-09,-7.936975e-09,-5.696209e-09,1.867936e-08,609.1024,64.94808,55.936714,4.795457e-09
3.9186783,-5.056045e-09,230222.1,6.644554e-10,5.4659977,2.9138858e-11,-3.0262332e-10,8.7509056e-11,3.2873242e-09,-2.844923e-09,-543.21625,-5.9375534,36.840492,1.1974032e-08
75.62355,-1.09969136e-07,263767.78,5.8642993e-09,8.0535755,1.7719735e-08,1.2523047e-09,2.3840059e-08,1.2240237e-08,-1.7509517e-09,5242.378,50.45308,28.443195,4.0002217e-08
37.70054,-2.2215152e-09,225260.52,6.614273e-10,10.540719,1.7280529e-09,-2.18657e-10,-2.9857447e-10,8.7220586e-10,-1.569243e-09,-154.43114,-1.7263947,33.673862,7.033602e-09
43.16336,-3.0723604e-10,210695.77,-2.9103981e-09,11.14717,-1.1773864e-10,-2.3743846e-10,1.5536822e-09,5.906124e-10,-1.1779324e-09,724.9781,-22.538956,54.62908,7.1380843e-09
56.733574,-3.5821512e-09,294808.0,2.4853202e-09,9.260189,-2.4714183e-10,-5.1285015e-10,1.1957446e-09,5.129057e-09,-4.0902126e-09,-712.73303,-2.1285248,31.36181,7.796739e-09
27.64449,1.3274436e-08,277398.06,-6.4041794e-09,13.245582,5.9041483e-10,5.920683e-10,-2.3912499e-09,-3.997341e-09,1.5877774e-08,2155.0305,173.76729,60.624653,-2.1651037e-08
29.77229,1.3916147e-09,324533.25,-1.4784244e-09,9.5108385,-9.130713e-10,3.1231845e-10,-1.368622e-09,-2.4381615e-09,-1.5899264e-10,-187.01778,10.209999,27.811907,-1.3777275e-09
73.66826,-3.4006597e-08,243922.55,-2.1230353e-08,14.697778,8.642081e-09,2.2474937e-09,1.794731e-08,9.293585e-09,-3.3740137e-09,131.37476,410.66626,40.859447,-3.0071394e-08
17.127579,-6.152984e-09,263539.88,2.197572e-09,9.631484,-1.0700872e-09,-2.264612e-10,5.7384686e-10,3.9503485e-09,-4.073411e-09,-671.17804,-10.82476,32.205273,1.1620373e-08
78.56536,-5.548473e-09,106822.586,3.1090774e-09,10.661688,-1.7826211e-10,-2.1807313e-10,-6.7969497e-10,5.3398366e-09,-3.0225031e-09,-709.742,-0.55908966,23.6395,1.4080779e-08
58.891277,-6.528077e-09,161788.67,5.992887e-10,8.551194,8.740631e-11,1.4330444e-10,-2.596746e-09,6.686217e-09,-2.7140927e-09,-1108.0568,-9.480827,43.64649,1.128106e-08
33.73445,-7.045702e-09,186197.8,1.4581416e-09,15.3847065,2.1966474e-10,-4.4447196e-10,1.2782776e-09,3.373657e-09,-3.7708507e-09,-1485.0667,-16.894768,40.04352,1.1490288e-08
46.87904,-7.3239484e-08,280175.6,1.3723339e-08,8.939267,1.4655533e-08,-3.9711465e-09,3.0969794e-08,8.544571e-09,-8.7269486e-10,395.31934,122.23293,46.205303,2.2192292e-08
104.18495,-7.916507e-08,361065.06,-1.1017265e-08,8.994812,1.1595324e-09,-2.7578948e-09,2.4702384e-08,7.4456232e-09,-1.8941575e-09,-982.9573,159.89291,39.175713,-2.479931e-08
46.758575,-2.7126419e-09,233572.61,-4.141726e-09,13.201488,-6.029833e-10,-5.7240024e-10,-4.4704845e-10,4.233359e-11,4.203269e-10,-472.65088,9.604813,49.325336,-2.805409e-09
39.76382,-7.6707295e-08,146531.6,-1.1875501e-08,7.241192,5.6343947e-09,-4.778853e-09,-3.9539922e-09,7.4189517e-09,-5.177817e-10,947.17896,424.84192,39.931602,-3.780382e-08
66.72138,1.46493395e-08,184744.8,-8.163646e-09,8.269691,6.223952e-10,6.866662e-10,-1.1549116e-09,-7.803078e-09,1.4093259e-08,803.9684,330.77545,50.484715,-3.8007137e-08
31.38023,5.678504e-08,71978.914,-6.9095445e-09,11.997515,-4.9447575e-09,2.1937192e-09,-1.7292201e-08,-7.636731e-09,-1.1741966e-10,2245.9985,452.60284,50.338703,-7.8407676e-11
-11.731777,-1.1349138e-08,196844.88,2.2741973e-09,2.9288363,-8.437632e-10,-5.5486327e-10,1.9034418e-09,4.4012207e-09,-3.909807e-09,-483.16864,-13.950401,37.99178,1.6197903e-08
51.846855,-7.68362e-09,196066.12,4.405323e-09,8.196447,1.3473873e-09,-7.623416e-10,2.0572608e-09,3.917661e-09,-3.300475e-09,-704.31696,-11.934769,42.314774,1.62507e-08
1.01885565e+18,-10862227000.0,-1.0193734e+20,-7.397423e-09,10.994165,-9.852267e-09,9.8984545e-09,-6.98767e-08,-9.9701154e-08,-1.2698286e-08,2653.6548,-181.43999,-139964805000000.0,5.866103e-06
70.31648,-2.8546038e-10,76519.95,-1.0612698e-10,11.335726,-2.31115e-09,-6.217345e-10,-6.777859e-10,1.6586713e-09,-1.9139712e-09,-1320.8468,11.820873,34.99539,-3.504665e-09
45.53686,1.8968194e-08,343042.12,-1.1389856e-08,13.029235,8.610719e-09,-8.642574e-10,1.0246619e-09,-1.22495e-08,-6.529352e-09,962.2676,-135.72047,44.466095,-2.4792168e-08
174.18405,-2.6020538e-07,388211.3,-8.494595e-08,6.559334,-1.9707945e-08,-3.2290672e-09,2.1375152e-08,1.19285195e-08,1.1341923e-09,-1278.6238,270.97177,59.072,-4.3310706e-08
25.434998,2.6608733e-09,141141.97,-3.5549566e-09,11.523211,-3.837616e-09,-4.0081133e-12,-5.3663857e-12,-2.854667e-09,6.5053856e-09,-420.49554,43.024815,41.199615,9.564166e-09
60.81784,-4.8869396e-08,265869.47,1.8311951e-08,12.499027,1.1713254e-08,-3.3617937e-09,1.8595957e-08,5.524612e-09,1.420217e-09,446.7163,26.714172,38.22898,1.2086699e-08
42.636703,-8.268072e-09,403264.3,1.4661058e-09,13.130877,-1.3169196e-09,-4.894024e-10,4.6806394e-09,3.2312888e-09,-7.0930586e-09,-978.9428,-14.71022,45.543888,1.6698499e-08
91.27617,2.3450034e-10,184212.14,-5.5371294e-09,4.851554,-1.4534806e-09,-1.4583776e-09,-1.2303031e-09,-2.2661001e-10,1.4202145e-09,-270.52942,-13.143486,37.090992,-2.3082423e-09
27.131077,-9.275064e-09,152879.9,-1.2424666e-09,9.222151,1.2783077e-09,-6.3474376e-10,1.7044772e-09,2.9636185e-09,-2.5590277e-09,-716.96533,-10.520775,45.288166,1.5381973e-08
27.740095,3.9313814e-09,138763.84,2.5938751e-09,14.459936,1.332744e-09,7.8903317e-10,3.9450545e-09,-4.3934825e-09,1.5190391e-09,-781.9153,17.36409,44.185677,-1.5382472e-09
34.156803,-1.592224e-09,337038.75,5.4966632e-11,10.329506,-9.392317e-10,-4.6355342e-10,-2.4379523e-09,-2.9575162e-09,2.0343704e-09,135.41011,0.17261887,52.77697,1.3116763e-08
24.362415,-4.090115e-09,391408.7,-2.5016783e-10,12.376288,-3.4358413e-10,-2.8999697e-11,9.845632e-10,1.8072981e-09,-2.8795462e-09,-467.85822,-6.3606644,52.830322,1.0268877e-08
51.04536,-5.485362e-09,222656.48,-1.4152448e-09,3.544764,-2.2831612e-09,-2.5433897e-10,2.938012e-09,6.399342e-11,-2.069128e-09,-27.90007,-16.586548,53.06841,1.9500996e-08
15.626938,4.496473e-09,126788.84,-1.3342437e-09,11.366553,4.6077767e-11,-3.387423e-10,-5.7333055e-10,-2.8712093e-09,5.094788e-09,494.41797,30.503372,35.845837,-1.1822008e-08
84.61496,2.8296117e-08,394120.16,1.2372769e-08,11.814328,-9.547076e-09,8.000916e-10,-8.447488e-09,4.0716158e-10,1.9446578e-09,5611.147,219.86938,56.945236,3.5731308e-08
60.1589,-2.6637139e-08,309511.03,-4.3031005e-09,11.612959,5.596518e-09,-2.9913256e-09,5.5845346e-09,4.0492822e-09,-5.074472e-09,1119.6531,176.99118,52.66789,-2.9594952e-08
60.89833,5.546625e-08,267209.6,-2.5104008e-08,9.594463,9.501161e-09,1.7439781e-09,-2.8463656e-08,-3.4445877e-09,-3.0493692e-09,29426.096,354.26413,59.790863,-9.4881285e-09
34.7661,-1.05813935e-08,249493.16,-1.2005656e-08,14.223155,-8.145871e-09,-1.879549e-09,-5.857691e-09,-6.0154486e-11,2.4692681e-09,487.81885,338.76398,57.18255,-1.4247362e-08
77.58174,1.7563535e-07,135117.16,-8.2355833e-10,11.448619,-3.002662e-08,6.1722574e-09,-4.2477236e-08,-1.9769807e-08,1.8092308e-09,6885.694,1494.1328,28.209608,3.299932e-08
24.802544,-2.3814035e-09,162772.52,-8.715569e-10,8.490006,2.4767464e-09,-3.760803e-11,6.7698447e-10,5.0920645e-09,-1.5974976e-09,-231.1533,-12.576752,50.090576,1.0175402e-08
-36.918003,-4.2299777e-09,264927.06,4.74493e-09,9.071708,-1.564076e-09,-3.914935e-10,-6.379642e-10,3.3600456e-09,-4.607186e-09,-634.2648,-13.621872,25.820808,1.21552235e-08
58.090786,1.1428495e-08,94312.47,-2.3612134e-09,9.407931,-2.9853047e-09,-1.0454398e-09,-4.5010053e-09,-2.558026e-09,1.1970355e-08,-1073.4888,76.151306,23.787998,-2.0539364e-08
57.3772,3.3252245e-08,209713.17,-1.7310109e-08,12.110732,1.7813186e-08,3.989567e-09,-9.741732e-09,1.3838668e-09,1.8951383e-09,16830.568,522.9353,47.50541,-1.9198085e-08
26.790697,-1.7760708e-08,210978.69,-5.3300586e-09,12.415822,1.4999562e-08,5.960498e-10,6.653894e-09,-2.3769295e-09,-1.4158487e-09,131.18604,-376.49292,30.190527,-4.2995594e-09
14.153759,2.0619373e-09,499852.06,-2.119255e-09,8.792212,-2.7224042e-10,-1.8180928e-10,1.225592e-09,-3.3984178e-09,1.1010379e-09,-449.99725,20.260426,16.009132,1.0114326e-09
85.91705,-3.89478e-09,216752.06,-1.4195608e-09,6.8131733,-5.143611e-10,1.2315757e-10,2.6959068e-10,7.83337e-09,-1.9664526e-09,-328.6349,-24.552048,45.267365,1.424488e-08
24.692537,-3.2007637e-08,210764.22,8.8634815e-09,12.015086,1.7740566e-08,-5.252715e-09,-6.660093e-10,8.477751e-09,9.678177e-10,135.69678,626.0851,58.422672,9.009641e-09
53.279457,-2.652158e-08,248289.61,1.3166946e-09,15.994757,1.5935324e-08,1.3905246e-10,1.1282006e-08,9.786464e-10,-1.6890191e-09,275.3628,-83.20729,43.643486,-8.701668e-09
96.00672,4.386859e-08,186259.73,-3.824892e-08,13.35484,-4.544015e-08,2.3174098e-09,-3.6544385e-08,-9.342423e-09,-4.752595e-11,-1149.9705,1169.4323,28.650097,-1.1725152e-08
23.170225,4.9861466e-09,-41873.938,-2.4617284e-09,14.969854,-9.093244e-10,-7.861027e-10,-3.3196532e-09,6.194487e-09,1.6510524e-09,-1106.1661,9.050106,36.57447,2.886265e-10
26.43137,-1.0144139e-08,155083.3,-1.0644422e-08,13.350231,5.1040536e-09,-1.6558597e-09,9.477163e-09,-2.4013664e-09,2.5999718e-09,293.9922,-21.0849,44.152035,-1.679791e-08
42.198032,-7.601601e-08,220403.86,3.0065388e-09,9.639022,1.0303562e-08,-1.7061332e-09,1.7297376e-08,1.2084955e-08,7.564393e-09,85.27612,55.723206,30.78886,-9.332042e-09
18.377373,-4.061914e-09,235716.39,-1.17391e-09,11.39258,2.1806867e-10,-4.7150017e-10,3.8546288e-10,1.01665225e-10,-7.750539e-10,-189.20042,-6.2175064,66.47299,1.0455868e-08
53.869976,2.4926338e-08,66695.04,9.599346e-09,12.324755,1.0769737e-08,-9.380351e-10,-3.8231915e-09,1.6647832e-09,3.1734768e-09,9069.731,9.264603,34.011246,1.2946777e-08
57.064835,-9.777557e-09,70509.91,-1.5215843e-09,10.092583,-1.5056119e-09,-3.9997963e-11,1.5594354e-09,8.033389e-09,-4.2266883e-09,-639.58014,-22.08899,43.935753,1.3984531e-08
130.1131,-2.295459e-08,365008.2,-3.6481882e-08,7.6664276,-1.2231112e-08,-1.3436859e-09,-8.598935e-09,6.7835058e-09,4.190219e-09,1868.9326,301.28516,59.257504,-5.5113865e-09
1675520100000.0,-17456.191,-190957820000000.0,-2.2724113e-05,3533.7236,74.901955,-2.5598483e-08,2.0657144e-07,6.960568e-08,1.6691402e-08,18738.357,531.178,62.01252,-1.6950946e-08
46.91432,-5.3000533e-09,126280.78,-6.839633e-09,15.33211,-2.888001e-10,1.4280614e-09,9.127902e-09,1.7708064e-09,-1.5211884e-09,581.1138,-6.097351,45.100563,9.10093e-09
70.166016,-9.919423e-08,284758.34,-6.979057e-09,13.511611,6.589697e-09,-2.1538606e-09,2.3080673e-08,9.900667e-09,-5.389709e-10,-305.90308,116.35954,36.050777,-9.890332e-09
59.5399,4.6430544e-09,126601.72,-4.6373745e-09,10.08139,-3.5332097e-09,-3.223578e-10,-2.5358982e-10,-5.6123106e-09,7.7701445e-09,852.6343,109.335014,52.76169,-1.4234649e-08
20.36741,-7.460344e-09,191051.02,6.4047883e-09,6.2170334,8.2531587e-10,-2.7695948e-10,1.1900234e-09,3.212492e-09,-3.3911067e-09,-501.07776,-11.442131,32.176,1.1037955e-08
58.061913,-6.1190136e-08,298775.78,-8.480754e-09,10.29242,6.9413977e-09,-3.1906882e-09,8.546732e-09,1.0750659e-08,3.8782744e-12,403.02222,259.10336,43.361267,-4.6552295e-09
115.467636,-7.241807e-08,292502.9,-2.2575945e-08,4.679496,6.5569576e-09,4.0267303e-10,1.0370889e-08,5.6565512e-09,-3.9993737e-09,-269.8733,73.958435,35.231506,-3.6744968e-08
23.308552,3.6512137e-08,336718.22,-7.1223667e-09,14.100598,2.9709986e-09,6.1135825e-09,4.6381534e-09,-2.3259327e-08,-6.8268933e-09,2292.8887,-878.0159,40.629936,1.1007872e-08
79.86165,-8.8784496e-08,250876.6,3.615006e-09,8.430602,3.5058887e-09,-3.9688497e-09,2.5429474e-08,1.1484768e-08,4.0344142e-10,12.289551,85.65318,38.51162,-2.2575268e-08
58.769455,3.753146e-09,-85663.83,-8.644035e-09,14.463623,2.7975153e-09,-1.9392594e-09,-2.0171975e-09,-3.6794103e-09,4.733187e-09,-2041.876,6.430916,51.031166,-4.815727e-09
18.465912,-5.1785087e-09,325129.4,5.742693e-10,9.256001,-5.26194e-10,-2.548378e-10,1.4790704e-09,2.4743807e-09,-2.0184117e-09,-675.833,-13.335709,43.90448,1.0836204e-08
17.27181,4.6976304e-08,-38966.22,-3.8060124e-09,12.4952965,1.1996073e-08,2.4486941e-09,-2.1208258e-08,-1.119973e-08,-4.006003e-09,-4783.627,-572.2196,69.22469,1.3704485e-09
100.187256,-3.001845e-08,259486.0,-2.1797957e-08,5.8193183,-1.12235e-09,-2.2061277e-09,-1.8278786e-08,1.7176055e-09,3.5467735e-09,-662.95483,225.59282,58.869972,-1.957113e-08
73.735115,-1.00277004e-08,211689.38,-1.8325462e-08,12.0051985,9.151832e-09,-1.191044e-09,1.4466394e-08,5.224127e-09,3.18018e-09,-362.01733,123.10063,39.346558,-2.7882942e-08
65.368065,-7.035031e-08,429111.88,-2.642326e-10,11.929289,6.855665e-09,-2.7644724e-09,2.9212806e-08,8.296266e-09,1.6291032e-09,-409.0105,54.66368,26.727983,-1.2416116e-08
58.836113,-3.8839825e-09,69094.88,4.760936e-09,7.611259,-2.1822992e-09,-3.905102e-10,-1.2934706e-09,4.892278e-09,-1.3530895e-09,-569.63495,-14.121475,25.997639,8.009944e-09
37.205666,-5.559937e-08,48405.234,2.7639944e-09,12.003167,1.8345467e-08,-2.5738858e-09,1.8706507e-08,5.9539693e-09,-4.063847e-10,266.45825,135.84256,45.991802,-1.4226038e-08
33.340824,-1.06423474e-08,165831.66,2.4280715e-09,10.664714,-1.5324931e-09,-4.1972897e-10,1.6536453e-09,5.807975e-09,-4.3390807e-09,-873.4883,-16.199203,51.523563,1.8389983e-08
108.09307,-7.625465e-08,544975.56,-2.1838245e-08,11.568113,-2.1001089e-08,-3.4134598e-10,1.6640056e-08,7.4070714e-09,3.1042562e-09,-592.1443,701.32495,50.911198,-3.2623987e-08
58.273125,2.916902e-08,85707.086,-9.627365e-09,12.079879,-8.942124e-10,-6.99815e-10,-1.7220986e-08,-1.0845469e-09,-3.4507948e-09,8815.899,156.76874,71.84343,-1.2736213e-08
48.639706,-4.427098e-09,318513.62,8.11607e-09,11.188203,-1.0658561e-08,-1.5389181e-09,2.049361e-08,-1.0650811e-09,5.278482e-10,1304.7319,229.30331,48.471714,-2.6862704e-08
29.33846,-1.3933749e-09,372231.4,3.0586205e-09,7.845439,2.4584264e-09,-6.949608e-10,2.6932678e-09,1.2548783e-09,-2.7217781e-09,-179.63445,1.4370842,44.970707,8.09822e-09
41.897373,-3.1939615e-09,170452.6,-2.7632137e-09,7.401932,8.409273e-10,1.0534977e-10,-1.6466516e-10,5.1738938e-09,-2.8348766e-09,-446.7536,-13.568535,39.857994,2.1102478e-09
105.682724,9.317231e-08,294269.47,-9.317673e-08,8.271293,1.865696e-08,3.8954124e-09,-6.526885e-08,-6.337689e-09,3.6917356e-09,45024.2,1956.3048,66.425766,4.5198822e-09
71.53822,3.2606187e-09,155562.31,-7.935423e-09,10.7773,-1.2087851e-09,3.688129e-10,-4.303354e-09,2.0465383e-09,5.366841e-09,-274.3993,72.3328,61.394775,-1.8160506e-08
33.557407,-7.131875e-09,130250.38,5.0669757e-09,6.4343605,1.5829428e-09,-2.4261626e-10,-9.434211e-10,4.1883945e-09,-1.9596347e-09,-358.37946,-6.913578,29.90421,1.0525799e-08
64.25715,-2.7344091e-08,329791.3,-1.0242629e-08,8.860001,-1.1075178e-08,-1.3640483e-09,1.2702599e-08,-5.5967286e-10,-2.9434306e-09,2127.2144,143.29047,54.61974,-1.1867022e-08
43.558304,-4.0313815e-08,393421.12,4.1376933e-09,11.26831,9.993757e-10,3.7290887e-10,-2.901577e-09,1.1908984e-08,3.020941e-09,-792.9929,63.345764,41.712475,2.7843685e-09
59.528442,-6.137835e-10,300280.53,7.331204e-10,11.133235,1.4902292e-10,-5.3795457e-10,-8.906998e-10,-2.2553885e-09,9.490609e-10,-625.73895,-18.968056,57.843277,6.3659553e-09
74.065155,3.4216303e-08,383984.8,-3.0650334e-08,11.641509,6.3125905e-09,3.887819e-09,-4.0778502e-08,-6.884457e-09,-3.0114862e-09,9336.416,320.77554,50.956425,-3.828812e-08
47.7729,-2.668258e-09,197503.14,7.162396e-10,8.012924,9.304388e-10,-1.1894002e-09,-1.7558822e-09,4.2111306e-09,-2.4003124e-09,-750.16284,-6.703808,32.552967,6.9288197e-09
44.824562,-7.817592e-09,261606.5,2.5885882e-09,11.102081,-2.20882e-10,-5.1151733e-10,-4.52895e-11,5.0202322e-09,-3.5889243e-09,-912.3569,-14.251984,47.036076,1.4291153e-08
80.36452,-3.5066101e-09,240784.02,-1.4547966e-10,11.811109,8.5091073e-10,-4.9732474e-10,-1.6173013e-09,3.7000738e-09,-3.9345625e-09,-952.2941,-2.647663,39.9116,1.17189565e-08
41.441654,1.7421818e-09,71876.86,-7.140701e-10,6.7955027,5.6671956e-10,-5.911699e-10,-1.8565743e-09,2.2454703e-10,-5.623144e-10,134.67813,3.7951431,45.187683,-8.790954e-10
52.15169,-3.4514671e-09,225459.75,-2.5134728e-09,11.409727,-4.04052e-10,-4.4664905e-10,-8.418791e-10,3.270746e-09,1.1847796e-09,-719.2649,0.9471779,38.538994,7.897948e-09
83.139336,-6.129481e-08,338003.97,6.265272e-09,9.301998,7.008689e-09,4.0184367e-10,2.2264249e-08,9.516009e-09,-1.9592477e-09,-464.20483,265.3463,40.3407,-8.874242e-09
35.63128,-8.251336e-09,270247.47,6.841547e-09,3.5707197,-2.409769e-10,-2.964066e-10,6.671977e-10,4.1705253e-09,-4.2970214e-09,-585.0472,-12.137741,31.309683,1.7199726e-08
76.129395,2.1071235e-08,124633.375,-3.6077978e-09,15.574437,-1.0865486e-08,-5.153647e-10,-8.9044927e-10,-2.8750748e-09,-2.7605653e-09,2238.1592,565.69934,60.48046,-2.0330895e-09
34.47149,-3.9547507e-09,209168.11,8.6610646e-10,6.579812,9.565391e-10,-2.829173e-10,1.7137186e-10,2.0506326e-09,4.4086845e-10,-295.18994,-2.603466,50.571648,6.597801e-09
67.532074,-7.9984295e-09,261474.66,2.5863605e-09,13.607395,-5.523762e-10,-3.4501368e-10,2.0884361e-10,6.1471233e-09,-5.8906133e-09,-1605.5269,-10.179176,42.865726,1.5960081e-08
47.702267,-1.2099671e-05,-4831444.0,2.5839e-08,7.6856394,2.0092182e-08,5.724892e-09,1.3734878e-07,4.0492207e-08,2.1549962e-09,4319.966,365.3725,61.74368,-4.946196e-08
52.066372,-7.780997e-08,279756.4,-9.656194e-09,8.667469,1.2176898e-08,-9.27943e-10,2.410515e-08,9.020947e-09,1.7313191e-09,612.49,150.06165,30.081438,-2.6925905e-08
63.170555,1.1953251e-08,165999.62,3.6633352e-09,9.589193,-8.802966e-09,-6.572158e-10,-7.939852e-09,1.0559651e-08,3.796134e-09,47403.465,40.826202,87.760605,1.9669848e-08
40.751602,1.0590019e-08,229019.69,-1.2014401e-08,11.528389,-7.2501543e-09,-2.049773e-09,-3.316611e-08,-3.0645217e-09,-5.093914e-09,-841.17456,584.12616,57.625168,-1.9394362e-08
147.58002,-1.0825147e-07,286437.06,-2.9459684e-08,11.581191,-8.55893e-09,-1.5330416e-10,1.7686412e-08,3.1238487e-09,4.4942441e-10,-2002.7185,405.29395,36.958553,-8.079455e-09
-6.4964447,-3.843864e-09,191137.06,9.755819e-09,8.730575,7.9546325e-10,-2.0097583e-10,9.356624e-11,1.4197711e-09,-3.0843643e-09,-684.9011,-11.43779,26.008026,8.973199e-09
47.212708,-9.390882e-09,318910.3,-1.7538017e-08,6.423022,-3.9775794e-10,2.1221256e-09,-2.2265557e-08,2.4522973e-10,2.0447113e-09,2171.0322,450.99356,61.441475,-2.0616195e-08
97.28531,-6.5990853e-09,-13148.578,-1.6660058e-09,8.317134,-2.6203524e-09,-5.807138e-10,1.7991442e-10,4.133233e-10,2.3084707e-09,-59.489334,-17.28563,48.432365,8.492293e-09
69.32567,4.5798778e-08,397153.3,-1.1477321e-09,11.585712,-6.2858607e-09,2.0899578e-09,-1.2740646e-08,-8.131193e-09,6.4612127e-10,-12865.834,-26.594818,33.369095,1.2310638e-08
21.29937,7.440254e-09,43354.36,-2.916894e-09,8.07712,-6.7926004e-10,-1.4371894e-09,-4.973623e-09,-6.8992807e-09,7.135465e-09,-818.84235,23.960255,57.012432,-2.6078442e-09
97.42436,-1.3612612e-07,518327.7,-5.1156725e-08,5.558378,6.057787e-10,-3.3451617e-09,3.2436407e-08,1.3420551e-08,-7.6369666e-10,-702.4934,275.14728,54.71485,-4.3324555e-08
165.53801,-1.4623494e-07,337348.44,-2.5442858e-08,8.91407,-4.670525e-09,1.1803303e-10,1.78106e-08,5.2350035e-09,2.5348867e-09,-1416.1995,345.41217,7.3863792,-1.6035653e-08
79.23888,-4.5994454e-08,333504.38,-5.514243e-10,9.938908,5.7475615e-09,-3.5224272e-09,2.1142771e-08,4.539539e-09,3.7172732e-09,466.4209,28.890045,48.130604,-3.4220996e-08
41.30468,-1.7662947e-09,220776.73,2.5694304e-09,10.352335,-7.7244244e-10,-4.942221e-10,-5.933441e-10,3.4255019e-09,-1.2262652e-09,-677.1058,-3.501564,20.156101,5.301833e-09
21.720543,-5.1751905e-09,184363.73,-1.9219897e-09,4.3509793,8.9774826e-10,-4.049793e-10,1.2069258e-09,1.692409e-09,-4.9534543e-10,-68.95076,-9.517925,48.98304,1.1433769e-08
12788728000000.0,-133237.56,-1457523900000000.0,-2.272369e-05,3533.7373,571.7058,-2.5598458e-08,2.0657659e-07,6.960561e-08,1.6691233e-08,18738.252,531.17816,62.01252,-1.6950937e-08
194.13986,-1.2568505e-07,447939.3,-5.716165e-08,5.1335487,-2.964293e-08,-1.6748869e-09,-7.628473e-09,1.0390657e-08,4.8886557e-09,-1900.6335,32.00142,63.46212,-3.6575614e-08
16.429869,-3.4426513e-09,286164.12,3.94238e-10,8.205133,5.716974e-10,-6.3655986e-10,-1.2419257e-09,1.9235176e-09,-1.4394245e-09,-495.2531,-9.014526,41.502613,8.219666e-09
39.940098,1.2569603e-08,186494.27,-1.45120165e-08,10.7701435,-6.0444094e-09,1.5519793e-09,9.32089e-09,-3.6784373e-09,-7.5031853e-10,-2981.9568,-203.71602,62.03607,-2.6412428e-08
80.429756,-3.8428354e-09,162000.55,-3.2019518e-09,12.566975,-1.1439673e-09,1.1404161e-11,-4.3983137e-10,2.0344226e-09,3.7300563e-09,-193.70409,10.451622,38.637474,8.854222e-09
68.10271,-3.5755544e-08,306749.7,-2.4799636e-09,10.675279,-2.672943e-09,-2.9484077e-09,8.247954e-09,2.693705e-09,-4.9076134e-09,-524.0408,71.28604,47.08566,-8.731967e-09
41.29796,-7.088159e-09,96592.016,5.6842393e-09,8.81186,4.912501e-10,-6.073281e-10,6.8731987e-10,4.491617e-09,-3.1926077e-09,-786.58167,-13.100815,34.286716,1.1260543e-08
-25.750355,-6.3659106e-10,394132.56,5.119965e-09,0.51268864,-3.5759538e-09,-1.8396924e-10,5.0964594e-10,1.7083851e-09,-2.4632274e-09,-620.8306,-6.517624,27.140162,1.4443555e-08
-6.1896553,-9.304078e-10,365217.06,5.0916564e-09,10.699219,-1.5804323e-09,-4.6587345e-10,-1.437957e-09,2.3438484e-09,-3.5558765e-09,-771.1221,-8.485886,27.423859,1.0370042e-08
-25.261509,-1.373624e-08,326978.25,9.506941e-09,10.025414,-2.2734759e-09,-2.0361661e-10,2.0219393e-09,4.507877e-09,-6.555711e-09,-838.6695,-18.675255,27.340302,1.8157364e-08
9402738000000.0,-96824.23,-1088885540000000.0,-1.843643e-05,3245.5498,427.10913,-2.7095792e-08,2.1468776e-07,7.2187134e-08,1.7385508e-08,19598.967,525.6003,61.983757,-1.7416587e-08
108.4635,-4.966845e-09,362070.0,-2.023817e-08,5.6658936,-1.0415971e-08,3.006428e-09,-9.925485e-09,-2.2930802e-09,1.706478e-09,-1718.8376,351.37003,42.21067,-4.5535065e-09
76.24628,-1.714307e-08,196196.5,1.8450647e-08,14.665702,1.620671e-08,-7.1705436e-10,1.9152164e-08,3.7377825e-09,5.6366423e-09,212.76099,55.44693,27.332598,2.6821754e-08
36.255905,-1.1376073e-08,130421.18,2.8434861e-09,9.078236,1.1210277e-09,-5.2407917e-10,1.8634485e-09,4.828011e-09,-5.136628e-09,-847.3452,-16.568344,47.675377,1.578094e-08
30.813381,-4.2165524e-09,164069.3,3.0677855e-10,5.9822793,-2.0410944e-09,1.8286357e-10,1.1062865e-09,-2.0501338e-09,-2.3231326e-09,-371.64618,-5.7802277,83.843094,3.902966e-09
118.76338,-5.3636867e-08,306314.56,-7.356041e-09,11.976485,-4.4616577e-09,-1.0785343e-09,2.142482e-08,7.353304e-09,-5.944007e-10,-177.41968,91.51145,42.67488,2.7491922e-09
14.06329,-8.4416065e-09,188616.52,2.7327083e-09,10.345348,-5.155841e-10,-2.2184451e-10,9.047415e-10,3.782456e-09,-3.8851358e-09,-954.06696,-9.746983,34.062546,1.3601583e-08
42.062138,1.3482157e-09,240301.61,-1.8420544e-09,5.7789526,-1.5952603e-09,-1.2184864e-12,-8.3172663e-10,-3.2666307e-09,7.9952445e-09,2175.1218,33.16839,52.253586,-5.8228724e-09
53.017963,8.007181e-09,260258.17,-9.684924e-09,11.001394,-6.51139e-09,3.9976272e-10,1.3688169e-08,-1.2409167e-09,3.616462e-09,6031.3345,209.85011,36.017036,-2.9394936e-08
26.319395,6.620555e-08,-4078.5781,-4.57299e-09,11.840486,2.240312e-08,1.362101e-09,-9.486838e-09,-1.0538105e-08,-3.7145196e-09,-395.91528,25.614166,52.70467,-5.366187e-10
63.73858,-8.5828145e-10,41932.92,-2.3245825e-09,10.35117,-2.6067861e-09,-5.709808e-10,-1.1403223e-09,2.319443e-09,-1.2646855e-09,-1282.6919,-7.2413445,58.652554,6.0483796e-09
78.73715,-1.15844266e-07,301987.3,9.572094e-09,11.364542,1.2276719e-08,-8.621163e-10,2.9934547e-08,1.18108625e-08,-1.5029245e-09,-373.02856,56.821182,26.005491,6.0601617e-09
-14.206829,-1.3810015e-08,337442.8,5.288644e-09,4.7692285,-8.331976e-10,-4.0790407e-10,3.1405978e-09,5.6069993e-09,-5.6072476e-09,-657.49994,-15.265411,33.715126,1.7837797e-08
27.198013,-2.207253e-09,103855.37,6.951576e-10,8.441178,1.0421299e-09,-6.6566097e-10,-7.189931e-10,1.937511e-09,-1.2112628e-09,-584.231,-9.273346,27.447144,8.077931e-09
141.1436,-9.544896e-08,378766.0,-1.6936868e-08,6.8017516,-9.517952e-09,-2.1295758e-09,4.06353e-09,8.272929e-09,1.011559e-09,1251.1138,264.45544,27.023787,-2.6763594e-08
51.593315,-1.1993108e-09,325459.53,-6.567637e-09,8.514616,1.11286966e-10,-1.04224296e-10,-1.3613912e-09,-3.2904072e-11,-3.7003545e-09,-493.43005,36.89895,28.26997,6.334663e-09
23.05378,-5.660774e-09,184127.03,2.1655284e-09,7.4172254,5.983455e-10,-2.502759e-10,-5.4136007e-10,2.860181e-09,-3.3739098e-09,-315.65997,-10.208023,40.280926,8.531473e-09
92.70741,-3.5268317e-09,91046.055,-4.1108406e-09,9.368548,-1.15892324e-10,-8.243689e-11,-1.5290642e-09,2.1939732e-09,5.244543e-09,2155.277,4.1433105,57.061256,2.0339206e-08
88.15671,-4.4998796e-08,357364.9,-1.8158916e-08,6.199218,-8.286825e-09,-2.8967049e-09,1.911872e-08,6.9254904e-09,-3.0785223e-09,-960.6228,114.6638,39.245888,-1.9752965e-08
18.90373,-3.8110962e-10,438363.75,2.810503e-09,7.522216,-2.3146127e-09,-6.7936057e-10,-7.7920065e-10,-3.8290515e-10,-2.1915554e-09,-426.30292,1.5985374,37.09105,3.1579903e-09
19.125101,-6.8413892e-09,258952.97,4.9583098e-09,7.144372,-6.4773414e-10,-1.0034748e-10,5.9518605e-11,3.987163e-09,-4.027123e-09,-674.3787,-8.826649,29.504824,9.896796e-09
55.21477,2.2853635e-09,261438.8,-8.226261e-09,10.784939,1.1525273e-08,1.5919985e-09,9.236749e-09,-5.839826e-09,-6.773624e-10,2862.941,-25.862732,38.520653,-1.8826987e-09
3.5267264e+18,-36742690000.0,-4.019391e+20,-2.2723607e-05,3533.737,157658420.0,-2.5598482e-08,2.065752e-07,6.9605306e-08,1.6691128e-08,18738.242,531.1781,62.01252,-1.6950937e-08
39.943203,3.5202053e-08,123056.33,-4.4089252e-09,12.402937,1.1699153e-08,4.637239e-09,-2.164894e-09,-6.6501884e-09,8.786169e-10,-2134.6482,-50.895798,43.333965,3.5672583e-09
44.58202,-3.9314334e-09,131608.75,2.43551e-09,12.178142,2.1962725e-09,-3.132563e-10,6.407984e-10,3.3116234e-09,-1.9997595e-09,-1321.4307,-14.48761,39.121067,7.972279e-09
16.568708,-3.0905791e-09,199622.89,5.295315e-09,7.9648547,-2.8893192e-09,-5.7527516e-10,-1.0404197e-10,4.6964046e-09,-3.2127543e-09,-638.2132,-5.0293427,28.694008,6.9214967e-09
40.029583,-1.2303923e-10,283572.03,-3.7056136e-10,7.8447456,-6.3850647e-10,-1.0851011e-09,7.602413e-10,3.1290837e-09,-3.7187913e-09,-922.64667,0.365036,34.856033,5.004073e-09
44.42395,-3.835039e-08,205120.03,1.22879875e-08,13.779414,1.6265743e-08,-5.3296563e-09,1.8740462e-08,5.583252e-09,2.3592737e-09,1979.5117,-4.1257477,47.25368,2.050492e-08
169.06062,-4.6118444e-08,303760.6,-1.8778454e-08,9.648701,-1.6922131e-08,-8.0090484e-10,-1.2000304e-08,1.9586384e-09,6.9010597e-09,382.62866,65.54518,36.299324,-8.802966e-09
51.12559,-5.8632196e-08,219923.88,2.9394354e-09,12.2043,1.655393e-08,-2.9980651e-09,3.3270396e-08,1.0242846e-08,-3.5021558e-10,-445.3557,94.081635,34.620144,-3.0771858e-08
47.049545,3.2359482e-09,286905.0,-1.7883474e-09,8.221414,8.1710594e-10,4.6144474e-10,2.214838e-09,-1.6464342e-09,-1.3455711e-09,89.4402,28.91176,30.494,-8.51559e-09
47.958515,5.189624e-08,212561.8,6.0978738e-09,13.926842,5.9261116e-09,-3.3831828e-09,3.1513352e-09,-3.4834633e-09,8.815473e-09,99041.06,538.9451,56.786053,1.9814488e-08
6.7169075,3.2543621e-09,177943.34,-2.1091084e-09,11.490036,-3.073291e-10,2.7588581e-10,-2.0707545e-09,3.4103323e-10,2.3196585e-09,1695.3518,-4.9209175,37.43131,1.5221622e-09
35.414234,-4.6448734e-09,166840.66,1.07197674e-10,9.1785755,1.6231476e-09,-8.318024e-10,8.380631e-10,2.3479116e-09,-1.7666404e-09,-426.76904,0.30001068,39.92272,1.3491671e-08
8.146345,-8.470763e-09,256461.31,3.1713825e-09,12.50395,-1.4871353e-09,-8.674004e-10,8.5435026e-10,3.902268e-09,-4.827385e-09,-827.2355,-14.742493,39.14128,1.4652841e-08
48.640472,-6.8087935e-09,198603.92,-1.8543199e-10,14.422486,5.0586528e-11,-9.8427475e-11,1.3498905e-09,4.3747987e-09,-4.6976254e-09,-993.75446,-11.696274,38.692055,1.5213097e-08
42.45571,2.8023701e-09,80992.125,-7.191451e-09,12.6345825,-1.4916568e-08,3.3680279e-09,8.52695e-09,3.1481713e-09,1.6133029e-09,1030.8523,279.88727,37.179104,-1.4284437e-08
48.8401,5.7003486e-08,-97263.016,-1.2795136e-08,8.524298,-4.2788507e-08,2.125156e-09,-1.7886627e-08,-7.1086097e-09,-1.3642173e-09,-1932.6868,100.86257,61.01017,-5.401197e-10
53.425026,-3.173083e-08,347281.2,-2.6233995e-09,8.81379,5.7899645e-09,-2.0402655e-09,-3.5885186e-09,1.0516146e-08,-7.817291e-10,-874.1438,587.1349,30.01421,-1.2203013e-08
17.589691,-7.451377e-09,113426.47,2.4819673e-09,11.617227,1.0831781e-09,-3.3288589e-10,1.2363781e-09,4.164145e-09,-3.3178817e-09,-908.5894,-15.084839,35.20315,1.32350015e-08
31.483202,-3.3805648e-08,139905.06,-1.0874952e-08,10.398219,1.515478e-08,-3.2010297e-09,2.869199e-08,2.4487372e-09,4.0314183e-10,120.79346,35.015793,44.78592,-3.4480927e-08
91.32413,-3.4661774e-08,310263.1,-2.1486727e-08,11.207631,-2.2881514e-08,-1.693686e-09,1.1003496e-08,5.428894e-09,6.663779e-10,1380.9326,222.3432,43.1753,-1.0332401e-08
7.4930134,-5.405787e-09,224651.0,3.722295e-09,7.146494,-5.0651794e-10,-1.0258414e-10,7.6419565e-10,4.6457584e-09,-3.057598e-09,-665.429,-12.442009,37.633736,1.2190844e-08
71.402824,5.690229e-09,169375.22,-5.881002e-09,8.863799,1.3786079e-10,-7.016569e-10,-6.694355e-10,-6.4713412e-09,7.1492847e-09,-1168.3186,77.042076,58.384827,-3.150011e-08
45.80901,-7.481681e-08,479126.56,-3.3604013e-09,10.199625,-1.1026319e-09,-2.5273832e-09,2.9557377e-08,1.0681542e-08,1.830492e-09,37.18628,301.5249,37.63259,-1.2359555e-08
21.566525,1.8802166e-09,291305.7,-1.5691394e-09,8.987164,-2.3597062e-09,-7.576216e-10,-1.8640693e-09,-8.310936e-10,-9.678564e-10,-875.0715,9.974922,70.31431,1.0457754e-09
94.14424,-4.4735348e-08,148128.12,-1.5413207e-08,10.9970255,-4.165905e-09,-2.262287e-09,2.6738833e-08,4.8546633e-09,-1.252265e-09,-495.79028,-22.981781,41.88333,-3.1971954e-08
-193.65678,-1.851046e-07,-1062022.5,1.5893733e-08,21.636425,1.6215373e-07,5.525472e-07,-5.8938255e-08,3.8098133e-08,2.9885552e-08,75296.734,1096.0253,89.328476,-4.1913015e-08
44.63836,-1.2237582e-08,136351.53,1.0669234e-09,10.783728,3.229604e-10,-1.4197421e-10,2.7697273e-09,7.071549e-09,-4.169432e-09,-666.26556,-13.855156,53.558994,1.732806e-08
62.38745,-7.508318e-09,247959.55,-7.361233e-09,15.229471,-9.3026085e-09,8.2451457e-10,-9.001147e-09,3.4334282e-09,-2.9931067e-09,-1607.2502,684.13794,39.350548,7.260424e-09
-1.1910477,-6.2996406e-08,-128631.234,1.6652917e-08,16.782396,3.3725904e-08,1.673377e-09,-8.169133e-09,1.9919586e-08,2.3550994e-08,147902.02,688.5616,97.6886,3.3633096e-08
26.84053,7.579097e-08,187831.11,2.8499219e-11,11.835294,-3.2593682e-08,9.00575e-09,-3.233082e-08,-1.9312845e-08,-4.0934265e-09,15168.722,-234.02446,41.9539,2.1314547e-08
150.40031,-3.8877054e-08,450903.38,-1.253116e-08,14.632767,-1.3141175e-08,3.5104013e-11,1.5669704e-08,1.0898079e-09,7.4255024e-10,-2646.985,199.86674,35.900105,-5.2406315e-09
83.09386,-3.8967833e-08,322223.72,-7.183806e-10,14.312682,1.4200405e-09,-2.9597702e-10,2.5060483e-08,5.7658824e-09,5.4334883e-09,-1642.9421,139.3312,31.311094,7.943567e-09
143.86066,-4.1611035e-08,509273.06,-9.2463345e-08,4.0060506,-5.0911055e-08,2.478867e-10,2.1362156e-09,8.906521e-09,3.1984928e-09,47.1438,533.9913,69.40288,-1.9634574e-09
86.8177,-8.82576e-08,253740.64,-1.0688595e-08,9.160355,-3.176658e-09,3.837517e-10,2.2827027e-08,1.1330231e-08,-5.101063e-09,263.09448,227.14821,42.480854,-2.8104331e-08
-0.4925537,-1.1696955e-08,182459.45,3.3308025e-09,8.892788,5.269568e-10,-4.0915177e-10,2.0092383e-09,5.722051e-09,-4.9911555e-09,-814.0471,-15.043571,37.79283,1.4460749e-08
39.638725,3.8687042e-10,207513.45,-1.2202259e-08,8.206856,1.885038e-08,2.1348134e-09,-8.985118e-09,-3.7592693e-09,-1.092709e-09,-604.5393,464.59314,46.727734,-1.12331655e-08
172.1676,-5.1983246e-08,349134.8,-5.751939e-08,7.239477,-2.2846452e-08,6.823302e-10,3.506588e-09,3.4211927e-09,2.4351137e-09,-2739.7922,369.96722,51.47749,-1.4130836e-08
4.7307014,-7.7230844e-10,147325.45,-2.4097875e-09,7.8610764,8.93361e-10,-3.180726e-10,1.03120026e-10,5.373512e-10,4.1604897e-10,-787.846,-5.4714355,47.707478,7.557183e-09
126.904526,-6.547849e-08,345199.8,1.5788745e-08,9.411299,4.0798018e-10,-1.4010626e-09,2.7553297e-08,4.973845e-09,1.4812772e-09,-1921.0945,30.754425,32.858387,6.3507075e-09
-2005443700000000.0,-9.473235e-08,315162.3,5.400792e-08,6.0056763,5.5367817e-08,-7.8214395e-09,-3.4463887e-09,-4.932277e-08,5.080579e-08,7333.66,800408700000000.0,26.937597,-11263.045
37.09384,-2.7713458e-09,157610.06,-2.0342943e-09,15.605413,-6.3413236e-10,3.7967747e-11,1.2878395e-11,5.516252e-10,-2.3384453e-10,1048.3092,0.29929352,48.831245,-2.2245634e-11
53.00403,-6.783077e-09,221882.4,-3.327431e-10,11.240811,-1.1995607e-09,-1.7660418e-10,5.9008265e-10,1.5432814e-09,-2.3822653e-09,-699.1583,-16.007126,64.64761,1.502813e-08
43.609158,-5.03551e-09,91629.016,-6.374277e-09,7.76429,1.4039007e-08,1.0858155e-09,-1.1468617e-08,6.7492416e-09,-2.114439e-09,1360.4519,105.40259,32.76397,-1.7360652e-08
59.94568,-3.7818277e-09,252635.2,-1.0106493e-09,11.219096,4.7399414e-11,-3.0955485e-10,-5.776581e-10,2.7244051e-09,-2.4143472e-09,-734.6557,-12.307648,41.948067,8.2962766e-09
77.009514,-2.9038883e-08,258480.47,-7.75418e-09,12.117728,-7.513837e-09,-2.488605e-10,-7.509907e-09,3.1618677e-09,3.2031355e-09,-1447.8718,272.2417,40.498234,-1.2599859e-08
32.196312,5.1053437e-08,214390.77,-2.1454115e-08,11.012258,7.1190596e-09,9.102534e-09,-2.4771737e-08,-1.4786811e-08,-4.4351607e-09,8851.0625,-402.71704,48.424152,-2.6288418e-09
130.77106,-7.8206924e-08,351627.06,-3.5026652e-08,9.879226,-1.9330752e-08,-4.5926916e-09,2.5639924e-08,6.1923964e-09,1.4855118e-09,-1255.3044,188.8258,50.36841,-3.3582825e-08
104.827835,-4.0325958e-08,390575.4,9.652875e-09,11.119568,5.765559e-09,-5.134004e-09,1.5517502e-08,1.0302121e-08,1.6334478e-09,-3348.3342,206.72556,52.42944,2.3601421e-08
-11.184502,4.5035703e-10,173781.83,9.696228e-10,8.947231,1.4306658e-09,-4.8251436e-10,-9.679699e-10,2.087629e-09,-2.8975036e-09,-461.81146,-8.598141,33.016434,4.806561e-09
46.175785,1.4195907e-08,115628.72,6.1893384e-09,15.910024,2.3577892e-08,6.961678e-10,6.534273e-09,-4.715138e-09,-9.5323104e-11,-1002.4812,-208.10222,38.567535,2.1582794e-08
6.7145285e+16,-699543940.0,-7.652513e+18,-2.2723638e-05,3533.74,3001656.8,-2.5598467e-08,2.0657512e-07,6.960527e-08,1.6691121e-08,18738.236,531.17816,62.01252,-1.6950937e-08
9986556000000000.0,-104043540.0,-1.1381626e+18,-2.2723632e-05,3533.7424,446438.25,-2.5598467e-08,2.0657447e-07,6.9605186e-08,1.6691112e-08,18738.234,531.17816,62.01252,-1.6950942e-08
77.38058,1.7969134e-09,311966.47,-1.2039272e-09,11.301346,-4.0591985e-10,-1.4922489e-09,-2.6917508e-09,3.8578314e-11,3.6795886e-10,-509.6725,-5.2497787,33.66794,1.3165947e-10
30.59431,-8.517345e-09,350678.84,4.0027093e-09,10.786551,-2.3142652e-09,-4.8827004e-10,1.9910398e-09,2.7769682e-09,-6.144397e-09,-819.661,-14.966515,45.585503,1.5293317e-08
114.44661,-6.497508e-08,195498.23,-3.2431917e-08,8.290842,5.0036406e-09,-8.7565893e-10,3.0511416e-08,9.6745e-09,-4.87903e-09,-1028.7756,315.90063,39.413616,-3.5653937e-08
156.23523,-1.4242501e-07,184899.73,-2.115365e-08,13.587082,3.4490772e-09,1.8418248e-09,-8.280954e-09,1.7945071e-08,2.2758704e-09,13371.472,350.38876,47.29591,2.6128507e-08
46.108433,8.274856e-08,134359.6,-2.7455865e-08,6.963858,-6.7504263e-10,2.7124458e-09,-1.0786991e-08,-1.0470768e-08,-4.7129363e-09,1681.0923,183.7975,62.065704,-1.2797042e-08
-23.520275,-1.1346553e-08,290788.7,6.1834124e-09,7.871456,-1.0016787e-09,-3.8488956e-10,2.7477562e-09,4.58598e-09,-4.988937e-09,-727.4912,-15.277115,30.667824,1.6039923e-08
42.676743,4.6100368e-08,-47299.562,5.881564e-09,11.093568,-2.1210202e-08,2.416684e-09,-5.1870637e-09,-4.9929594e-09,-2.39849e-09,840.5217,-155.58797,50.69093,8.38462e-09
87.940475,-1.978137e-08,218575.53,-1.2324863e-08,13.741193,5.643117e-09,1.2178174e-09,9.214426e-09,2.7904579e-09,2.5239957e-09,51.404053,209.03185,39.304955,-1.097218e-08
-17.938622,-9.971595e-09,247151.34,2.1022597e-09,6.6958256,1.282615e-09,-2.7855948e-10,1.5486574e-09,3.949027e-09,-4.2738084e-09,-706.70154,-14.694283,36.711025,1.6153892e-08
64.83025,-1.7636095e-08,235276.8,9.016247e-10,10.875726,-5.5567023e-10,-1.6643656e-09,1.903756e-08,4.0184176e-09,-1.1579365e-09,340.854,-39.35074,33.739746,4.679612e-09
22.120743,-2.3590794e-09,281968.7,5.173228e-10,5.7716217,1.9130904e-09,-7.5292744e-11,-4.879165e-10,2.1432172e-09,7.1458495e-10,-282.2273,-12.738281,48.06425,9.995118e-09
9.95919,3.4213232e-09,414004.25,-2.4193167e-09,5.677035,3.4384455e-09,-2.3866467e-10,-5.431993e-09,2.4586422e-10,3.7115443e-11,-184.05849,2.187214,25.076857,6.046954e-09
50.186195,1.2614275e-09,177428.95,2.0342803e-09,7.14945,3.7093983e-09,1.0665945e-09,-3.146551e-09,-4.8226294e-09,-1.0876947e-09,-1530.2537,74.43503,31.920092,4.7632986e-09
90.337906,1.6447804e-09,228442.06,-1.1578826e-09,3.0837173,-7.844809e-10,1.8234149e-11,7.054196e-11,-3.856372e-09,3.9590327e-09,-26.96408,-2.8386955,66.12927,-1.6424256e-08
31.813332,-4.1590653e-08,222648.5,-9.66479e-09,12.951583,5.213832e-09,1.2491522e-11,2.1388418e-08,6.0495235e-09,6.033257e-10,-77.43384,34.423615,50.813988,-1.0957843e-08
71.81569,8.948465e-08,67018.21,-8.109864e-09,10.898172,-7.1609794e-09,3.9330716e-09,-5.130235e-08,-1.3616934e-08,4.7099054e-09,11311.16,2203.1414,60.681442,3.9037196e-09
58.87312,-5.269843e-08,285450.16,1.1995209e-09,10.212296,-1.6126833e-09,-8.048914e-11,1.7450724e-08,7.314686e-09,-9.588299e-10,153.10693,30.822739,40.179234,-1.2487785e-08
27.01841,-6.66322e-09,138977.92,3.806775e-09,11.573354,1.0528677e-09,-7.586616e-10,1.9522223e-10,4.6062203e-09,-1.5350567e-09,-1070.8936,-12.98719,34.685017,1.02032764e-08
78.03619,3.3913063e-09,200508.75,3.1128482e-09,6.201339,2.8351937e-10,-6.728575e-10,-2.2388258e-09,1.3987951e-09,2.8297262e-09,-876.6871,25.441307,13.287315,-5.7599734e-09
27.327766,-8.354588e-08,202856.66,-3.2695995e-09,12.451709,2.2556971e-08,-3.3058283e-09,1.819273e-08,1.543216e-08,-5.88345e-09,332.02222,121.983284,43.409195,-3.783803e-09
61.10447,-5.658218e-09,80743.19,-1.1874972e-09,7.8538566,8.3686835e-10,-3.8995088e-10,-4.2272658e-10,5.483909e-09,-4.1426222e-09,98.48154,-4.87582,50.469475,8.940671e-09
21.822302,-2.009451e-09,242349.03,2.0242124e-09,11.441425,-7.888867e-10,-1.4073159e-10,1.3917376e-09,-4.119175e-10,-2.7926346e-09,-569.1746,-9.945694,45.332348,6.1774297e-09
27.368694,1.1633503e-08,73895.17,-7.547833e-09,11.339112,-3.8815517e-10,-4.425215e-10,-3.5849654e-09,-5.936637e-09,1.0808168e-08,-327.581,56.900093,28.22611,-8.608692e-09
33.689297,-1.5331947e-08,312546.7,7.538731e-09,13.048014,2.1840286e-08,-8.232731e-12,1.103844e-08,1.3513588e-08,-3.1214824e-09,-103.62842,156.36392,26.475988,1.891697e-08
95.31909,-2.2818616e-08,361931.6,-2.6185543e-08,5.9333777,-1.7165442e-08,-1.7744115e-09,-1.3289116e-08,3.822407e-09,2.6838485e-09,-283.4265,51.632034,56.39664,-2.2056513e-08
47.164238,-2.2051994e-09,150894.64,-1.3181708e-09,8.18546,1.0463401e-09,-2.425848e-10,2.2153246e-10,3.0404308e-09,1.53001e-09,-200.51112,-11.158539,31.413597,1.144163e-08
75.15216,-8.117076e-09,28261.75,-9.3657e-10,9.478395,-1.817816e-09,-1.4113834e-10,7.900602e-10,3.6223642e-09,-2.873596e-09,-549.86383,-19.02407,54.98624,1.6584575e-08
145.7868,1.867182e-08,214089.56,-1.37380445e-08,11.477772,5.78575e-10,-9.948793e-10,-7.625075e-09,-1.4063408e-08,3.643252e-08,-141.94374,813.0335,89.35939,-3.2008835e-08
34.58556,-4.0524295e-09,353411.7,3.1777403e-10,14.052976,4.3797288e-10,-9.395693e-12,-4.883453e-10,9.764731e-11,-6.8869204e-09,-392.8332,-7.026367,44.557243,7.361787e-09
87.28466,-3.916029e-09,184197.34,1.5753959e-09,9.144682,7.2727574e-10,-8.119217e-11,-2.0123927e-09,3.1511274e-09,-1.8668695e-09,-1063.3235,-11.736984,37.680275,1.5386643e-08
26.94148,2.8810307e-08,146158.05,-1.0374346e-08,9.736477,2.3069168e-08,-7.363966e-10,-1.940469e-08,-7.740072e-09,-8.564504e-09,986.4375,323.17914,57.594574,-9.678254e-09
111.62363,2.6714746e-09,230996.16,-2.5135518e-09,12.151467,4.122765e-10,-7.736042e-10,-5.465292e-09,2.4916696e-10,6.2488823e-09,-338.98865,32.278103,32.126713,-9.3807175e-09
5.9347343,-2.2108306e-09,106923.74,-2.7629423e-09,5.807749,1.3048292e-09,-3.4558392e-10,2.7620486e-10,4.5106234e-09,-8.746012e-11,-388.9815,-2.8954086,37.70209,6.318993e-09
985.24634,-1.36494975e-08,-62461.297,-1.6510107e-08,17.816235,-2.1031463e-08,8.353601e-09,-4.4012822e-08,-3.7371876e-08,-5.8394276e-09,700.8301,-163.53642,-382.33978,2.3070056e-08
110.469376,2.5868736e-08,395298.28,-3.4205826e-08,5.1345325,-2.2358826e-08,-3.7288664e-10,-2.4077355e-08,2.9901186e-09,-3.3659128e-10,-2543.11,262.6287,43.913605,-1.753563e-08
-13.600487,-6.5089987e-09,251748.94,8.186048e-09,12.0182705,-1.1228707e-09,-3.723328e-10,6.2023864e-10,2.5483982e-09,-3.0586598e-09,-941.72675,-17.012245,28.014362,1.25775825e-08
52.731026,-2.3031594e-08,177547.44,6.0530874e-09,13.158086,1.5117163e-08,-3.3188746e-10,2.1955849e-08,2.0821926e-09,-4.3327284e-09,-331.40747,-83.2567,10.1614,-2.1467754e-08
64.09833,-7.5338384e-08,117826.26,-1.4805834e-09,12.809536,6.612843e-09,-2.1864346e-09,2.6544589e-08,4.24899e-09,1.200554e-09,-252.59058,111.91864,38.972492,-3.6318184e-08
46.561348,2.3597707e-08,207374.44,-1.5454509e-08,9.9226055,-2.286851e-08,1.7762e-09,-5.550632e-09,-8.88493e-09,1.2163466e-09,2129.4614,68.76328,37.69865,-2.4411873e-10
138.51526,5.2962847e-08,264980.7,-1.7134376e-08,9.451751,1.5469057e-08,2.875115e-09,-3.5855468e-08,-1.0738538e-08,4.6572195e-09,-12040.955,716.66144,25.451735,-3.1328569e-09
-155248660.0,7.6735326e-08,39003283000.0,0.0314032,29714.787,1.6876524e-07,6.8922428e-09,5.0748362e-08,1.8060838e-08,1.8152985e-09,8149.6787,1037.6891,94.80852,3.1113383e-09
35.809986,8.007001e-08,248058.7,-1.5813708e-08,11.314955,5.404569e-08,6.0584324e-09,-4.9504663e-08,-1.4096845e-08,-4.6000785e-09,32881.508,178.81375,57.733265,2.4901375e-08
39.76459,-2.5786768e-08,53360.562,-1.3977396e-09,13.9490385,1.0327143e-08,-5.662808e-10,2.2774724e-08,1.7487535e-09,-3.839871e-09,11.451904,-250.77934,45.641365,-1.429911e-08
86.665306,-4.576687e-09,145557.53,1.9849238e-09,5.925724,4.9850285e-10,1.15071286e-10,1.0071214e-09,2.9370577e-09,4.0383405e-11,-199.27544,-3.3880806,35.87801,1.1145708e-08
44.29613,8.584968e-08,176831.03,5.031759e-09,12.382577,-2.141062e-08,4.365191e-09,-2.0096767e-08,-1.3266105e-08,-2.2618842e-09,-801.3635,381.0152,31.833443,1.632453e-08
25.900215,-4.390794e-09,216851.42,6.2259806e-09,13.866316,-4.087366e-10,-6.2925515e-10,8.092962e-10,2.467833e-09,-2.9311584e-09,-1106.6327,-15.302193,17.869198,1.2436967e-08
26.499136,-4.1494617e-09,285575.12,-1.4508106e-09,7.4201846,-1.0771062e-09,-4.2485605e-11,-4.625158e-10,3.2878937e-09,-2.1148678e-09,-300.9555,-11.113144,55.709553,8.903842e-09
57.763474,-6.8599912e-09,116904.56,9.87235e-10,15.735942,-6.4484684e-10,2.6223362e-10,1.3537226e-09,2.8731377e-09,-3.0391234e-09,-5.881302,-21.562195,47.881992,1.3847066e-08
44.259,-2.8001352e-09,159736.52,-5.146971e-10,9.324533,-2.794567e-10,-2.1307192e-10,-2.9150224e-09,3.826455e-09,-7.059048e-10,-790.7728,-12.026161,44.23708,3.792642e-09
1.6232109,-1.0242503e-08,258493.44,7.2002715e-09,8.942654,-2.6487736e-09,-4.7360876e-10,3.171394e-09,2.4502105e-09,-4.387804e-09,-789.7838,-14.935936,28.168118,1.3785896e-08
50.596718,-2.0429928e-08,235537.75,-5.7229146e-09,12.3614025,6.178404e-09,-2.9096514e-09,-7.369679e-09,3.2993368e-09,-1.3928665e-09,-103.74097,130.08058,51.871765,-1.6293601e-08
142.36314,-1.18794794e-07,610150.9,-8.872814e-08,3.7025614,-3.0687186e-08,5.9496985e-09,-1.887889e-09,1.715458e-08,2.8232137e-09,-3330.7473,155.91316,95.40013,-2.8437473e-08
42.687305,-9.501904e-09,76052.836,2.1889763e-09,10.81252,8.565507e-10,-3.9834774e-10,4.0061132e-10,5.9147975e-09,-2.7468368e-09,-943.137,-14.556084,37.66875,1.4715213e-08
84.1741,-3.0014102e-09,154776.75,-2.8664568e-09,10.227952,-2.2352407e-09,6.373295e-11,-1.3194668e-11,1.8634552e-09,9.941277e-10,-214.60316,0.94879913,46.79193,9.875461e-09
46.381336,-5.60471e-09,160159.39,2.492868e-09,11.085803,1.0243572e-10,-5.2283755e-10,4.069413e-10,3.10792e-09,-2.6832665e-09,-688.9032,-15.245544,41.423477,1.1412226e-08
31.777988,-5.9502803e-09,129475.84,7.2702147e-09,8.625927,-7.179118e-11,-1.3561274e-10,1.3635475e-09,2.2802575e-09,-2.158762e-09,-720.402,-10.4066925,21.61654,8.423674e-09
64.79049,3.01305e-08,23217.5,-5.676099e-09,13.957473,1.460964e-08,1.6259565e-09,2.6919205e-09,8.6241885e-09,1.8469096e-09,45446.97,-95.222,61.765556,-9.371477e-09
23.838612,-1.3339141e-08,335954.9,5.2135807e-09,6.0436125,-1.0769738e-09,1.0596826e-10,3.771318e-09,6.0569145e-09,-5.5545724e-09,-686.3346,-13.423225,36.226913,1.7642815e-08
54.35096,-5.1557054e-11,106048.484,-2.8024574e-09,9.832452,-6.0240835e-10,-7.5070195e-10,-2.078676e-09,1.059882e-09,4.1906742e-10,-372.46057,-12.71965,33.740093,-8.412481e-10
29.555557,-9.486303e-09,308448.9,3.0927354e-09,6.9680696,-1.0299539e-09,-1.5700595e-10,1.5404197e-09,4.517351e-09,-5.2574385e-09,-466.82288,-8.006546,39.854336,1.45190375e-08
53.446068,-3.1405756e-09,414899.56,1.6591197e-09,6.7267046,2.9920746e-09,-6.343493e-10,-1.5061549e-09,3.6774082e-09,-2.4791755e-09,-391.60913,-2.4757195,44.430214,9.752062e-09
118.80681,-3.1597833e-07,227737.97,-5.4551474e-08,13.733222,-1.1785169e-08,4.2501883e-10,1.7533576e-08,2.54242e-08,7.3135205e-09,22412.807,497.51868,65.91623,3.1719545e-09
24.253475,-2.6463396e-09,65662.88,1.3982605e-09,11.096259,3.625166e-10,-5.938284e-11,5.521938e-10,5.1310733e-10,-1.4039487e-09,-902.22174,-11.80571,39.78048,5.389543e-09
56.6638,2.2775377e-09,245354.34,-2.187002e-09,6.6467667,-1.6072049e-09,7.611144e-10,-2.1656283e-09,1.763284e-09,6.286922e-09,1065.2268,98.54137,19.910341,-9.658821e-09
13.627953,-1.3723925e-08,188059.12,4.543878e-09,13.178064,3.2412006e-10,1.1870124e-12,2.0342636e-09,4.2360124e-09,-4.9077924e-09,-1078.1011,-18.156921,40.88182,1.7185247e-08
85.07326,-4.623546e-08,217194.06,3.010968e-09,10.787128,6.0721234e-10,-1.0757943e-09,1.6472912e-08,6.5841292e-09,1.2742738e-09,-977.8176,71.53377,15.754402,1.806619e-09
68.363266,8.078256e-09,289962.7,-1.3643101e-08,9.241754,-1.0827592e-08,2.0240547e-09,-4.3255706e-09,-1.8081163e-09,1.958776e-09,-112.97998,697.6854,36.954895,-1.3610933e-08
9.220516,-4.1937693e-09,219283.75,5.5574305e-09,5.846383,9.849103e-11,-2.9450004e-10,1.0409331e-09,4.1918446e-09,-3.0617178e-09,-596.5596,-10.52401,30.0607,8.115404e-09
18.228025,-4.9797215e-09,312517.16,4.7544675e-09,11.736177,1.1756327e-09,-6.6484823e-10,5.0400095e-10,2.689294e-09,-2.4225133e-09,-858.61304,-13.031204,29.563046,1.2008911e-08
52.467506,-5.2816755e-09,86879.766,-5.338777e-10,12.643111,-1.0717166e-09,-1.3879063e-10,5.85257e-10,3.193688e-09,-5.9954464e-09,277.6296,-10.466217,30.503407,7.1349926e-09
-18.675072,6.16949e-10,196875.31,1.7735137e-09,9.921309,7.483493e-10,-6.8041633e-10,-2.2110647e-09,-8.959253e-10,-1.5633355e-09,-724.4161,-8.09679,37.296383,6.678565e-09
62.90806,-3.4447245e-09,164593.23,1.0201794e-09,5.879623,-3.1728917e-10,-1.6416743e-10,1.06766554e-10,3.2191145e-09,-2.9390321e-09,-699.3324,-7.8254814,21.933954,5.823719e-09
-228.58368,-5.8400286e-07,-5546549.5,3.0230304e-08,69.200806,8.4944865e-08,4.30275e-10,2.936688e-08,3.3928423e-08,3.6199124e-09,22040.096,1044.7582,94.93091,-2.5207134e-08
21.648346,-7.887747e-09,228337.4,1.245646e-10,12.277387,1.158874e-09,-8.2859264e-10,2.0244275e-09,4.12243e-09,-4.4430246e-09,-911.3455,-15.361649,42.53319,1.2706786e-08
7.374733,-1.2220647e-08,236634.66,6.3395436e-09,8.994471,-1.5629144e-09,-4.869068e-10,2.0687572e-09,3.4345586e-09,-3.7468664e-09,-667.31824,-15.118431,29.527996,1.4972493e-08
42.271004,-4.1904098e-08,358807.12,4.6518194e-09,9.076864,1.693287e-08,-1.6625814e-09,1.4842818e-08,1.2255131e-08,3.383717e-09,478.75537,62.897095,31.978992,4.7969646e-09
75.65486,-8.326192e-09,329856.5,-4.4318678e-09,7.6202283,-1.1391814e-08,-7.38485e-09,1.13073595e-08,-3.1475667e-09,-1.475571e-09,-15.295166,448.79626,45.34496,-2.5965956e-08
-0.17526245,1.4338067e-09,339848.47,1.877148e-09,9.726179,6.4604333e-10,-8.302511e-11,-1.2856662e-09,-3.153335e-10,-8.41656e-10,-667.408,-3.2228699,43.999493,4.6373256e-09
23.495834,-5.1592157e-09,195842.4,2.1926026e-10,10.666102,2.638091e-09,-3.9249057e-10,2.461209e-10,9.945861e-10,-3.5582184e-09,-769.6284,-8.690983,47.974163,1.1859446e-08
84.73005,-5.1257636e-08,324450.0,-2.3315984e-08,12.54253,-8.576916e-09,-1.9480768e-09,3.0785838e-08,6.6519386e-09,-7.900029e-10,-70.27515,137.04193,56.3021,-4.0997804e-08
71.88191,3.6583113e-08,222670.45,-1.5617582e-08,9.255268,1.0605825e-08,8.7405394e-10,-4.7624187e-08,2.6117268e-09,-2.5419202e-09,5080.785,590.4852,35.53176,-1.9073583e-09
79.84102,2.9581345e-08,109074.54,-2.1799607e-08,12.004777,-2.3475874e-08,1.4254467e-10,-1.0021782e-08,-2.2358067e-09,-9.565932e-10,10783.358,404.39224,17.148592,-1.9054687e-08
14.045452,-3.2759873e-09,183459.16,1.3063777e-09,8.907083,-9.2842145e-10,-6.203989e-10,-1.6944404e-09,4.2350696e-09,-3.2695666e-10,-698.3865,-4.406296,34.140575,7.0362653e-09
74.006195,-9.07366e-08,209383.88,-3.26795e-09,10.28606,3.5251652e-10,-2.0460946e-09,1.142553e-08,1.1097374e-08,-4.602164e-10,-798.8074,223.0744,58.632687,-1.7759131e-08
36.69647,-4.2897e-09,283628.56,3.3094383e-10,8.687195,-2.647936e-10,-8.3443036e-10,2.7959798e-10,1.658036e-09,-4.556344e-09,-691.8711,-1.832344,45.124413,7.3955864e-09
89.2816,-1.6871554e-10,149498.9,-1.2236749e-08,10.468457,1.5558145e-08,-3.48218e-09,7.545893e-09,-5.080769e-09,4.142985e-09,-1260.4314,919.7544,46.833782,-3.136043e-08
-8.115662,-1.331048e-08,334089.28,-1.7248096e-09,5.784622,-4.406656e-10,9.781085e-11,1.6567696e-09,4.3761665e-09,-5.9231975e-09,-351.83527,-11.355362,47.455715,2.1345368e-08
22.867964,-2.8139471e-08,162827.86,-1.3756312e-09,11.486111,1.3610103e-08,-2.6044955e-09,1.4878514e-08,-2.9465821e-10,2.9981564e-10,-907.6687,-17.428314,45.44868,4.701948e-09
104.30611,7.639075e-08,237258.33,1.2059476e-08,8.635372,3.2860747e-08,2.2759257e-09,-7.0961033e-09,-8.424707e-09,5.982924e-09,-112.65015,818.1754,23.081758,4.8138425e-08
80.106064,-9.398181e-08,428192.94,-9.986527e-09,7.489611,1.4869519e-09,-1.413094e-09,-4.000652e-09,1.6940863e-08,1.4047029e-09,2211.1226,140.53331,73.09117,-7.491564e-09
94.84422,-4.4821792e-08,120761.58,-1.7196937e-08,7.929557,-3.343148e-09,-3.2227032e-09,-2.9835978e-10,3.9462247e-09,1.5208059e-09,-2.0935059,464.85498,43.569157,-2.8801486e-08
223.6178,-1.5713344e-08,317177.66,-2.5923105e-08,5.9804482,-1.9296387e-08,1.8558977e-09,-3.3193521e-09,1.8694357e-10,-1.0618954e-11,-4038.8298,33.556473,20.97201,2.6201263e-09
80.72871,-1.5488594e-08,364697.44,-3.3662133e-08,13.584908,-2.3880668e-08,-2.1777593e-09,6.049519e-09,-5.0493464e-11,2.8412726e-09,483.90063,513.56445,50.58672,-3.5561857e-08
24.710085,8.486203e-09,46017.094,-6.4974683e-09,14.305176,5.3440996e-10,-8.2748797e-10,2.2134519e-10,-8.481598e-09,1.0694144e-08,375.9964,61.717865,47.849606,-5.9924843e-09
58.190506,1.0657725e-09,231607.06,-1.3475069e-09,11.2851925,-5.8774674e-09,-7.3084194e-10,1.596229e-08,-1.4775013e-09,1.918096e-10,-1834.322,-75.14186,21.756636,-8.0406204e-10
50.656925,-1.0913318e-09,157942.7,-1.5963664e-09,10.94399,-1.1554979e-09,9.487089e-11,-1.0345598e-09,1.809771e-09,4.8335598e-09,1200.9581,16.78276,72.43327,1.4282417e-08
6.77594,-8.1717975e-09,223376.3,2.711738e-09,13.014793,-9.159043e-11,-6.341245e-10,9.474482e-10,2.1196684e-09,-3.5877876e-09,-868.597,-14.249825,33.363728,1.3822516e-08
54.837425,2.379276e-09,314588.2,-2.203511e-09,6.7331166,1.1471532e-09,5.2554183e-10,1.2352287e-09,-1.5963916e-09,4.2399475e-09,1029.801,-19.846092,50.051857,-1.1227471e-08
108.520966,-9.7946376e-08,236931.19,-3.5496037e-10,8.231982,9.876637e-10,-1.4699219e-09,2.2975945e-08,7.3768778e-09,1.2033916e-09,-1071.2493,74.39181,19.05502,-1.5311048e-08
123.63527,-9.8403554e-08,378682.25,-1.596071e-08,13.163336,-4.7918345e-09,-3.2012493e-09,2.1320123e-08,7.157584e-09,-1.9102449e-09,-960.2063,180.37679,43.77981,-2.4584281e-08
195.32109,-6.430962e-08,327497.38,-2.036844e-08,6.5268307,-1.5980742e-08,5.4441723e-10,1.1559329e-08,2.391432e-09,3.4648182e-10,-631.25757,41.510315,19.52851,-7.255939e-09
29.680332,-6.0309524e-10,355988.06,2.6596005e-09,11.723301,3.0933365e-09,3.2098277e-10,-2.4002145e-09,6.7578293e-10,-2.7271074e-09,-461.7506,-9.686432,35.75998,9.069919e-09
118.12453,2.7141445e-08,437579.12,-1.4431627e-08,11.158707,-1.0495484e-11,-2.2439748e-09,-9.8199395e-09,-1.5709034e-08,4.191962e-08,142.4361,738.36676,81.94891,-6.9875e-08
50.454414,-4.5736122e-08,401034.88,2.4563964e-09,9.151656,1.5531267e-08,-3.5658303e-09,3.2840422e-08,8.569804e-10,1.5598552e-09,840.2029,154.26784,52.30122,-5.105102e-08
101.09192,-3.1354176e-08,186107.95,5.930556e-09,10.863027,9.061379e-09,-1.6954422e-09,1.0876395e-08,2.1493318e-09,2.9228653e-09,-1929.323,-32.374023,23.388645,-2.253912e-08
14.42219,-2.8011355e-09,189634.58,3.3022414e-09,14.05678,-8.9396746e-10,-3.720676e-10,-1.680892e-09,-5.6180928e-11,-4.543985e-09,1946.4663,-36.47991,43.148193,8.244618e-09
-27.649563,1.9876882e-08,236089.88,-1.0925537e-08,5.3636336,-1.3879802e-08,3.0472858e-08,-5.8943307e-08,-6.8505e-09,-3.8495074e-08,4774.038,2577.6753,78.42188,2.1163395e-08
52.683205,-3.547508e-08,102493.61,-3.0537066e-09,12.557825,-7.0173427e-09,-2.1421882e-09,9.864006e-09,4.153004e-09,1.0150569e-09,-5.099121,143.10774,50.408222,-2.6516709e-08
126.550674,-7.881391e-08,359743.62,-1.7353004e-08,9.959758,-1.1129831e-08,-3.3962728e-09,2.6842203e-08,3.0599756e-09,1.3749111e-09,-1663.6028,158.96301,40.512894,-2.5352797e-08
11.274328,-6.1387434e-10,304041.94,6.5272796e-09,11.844389,4.2227236e-10,-4.0472273e-10,-2.106856e-09,1.6287915e-09,-5.071377e-09,-769.5133,-9.173412,19.79647,7.784244e-09
79.91121,1.8201643e-08,361259.62,-4.2937664e-08,13.685559,2.8887295e-09,1.3482335e-09,-1.4859049e-08,-2.3053681e-10,-3.1227412e-09,3834.3896,341.35965,31.667847,-3.9404718e-08
19.487059,-6.6527717e-09,352789.78,1.9337283e-09,13.010067,2.8105032e-09,1.5958913e-11,2.1084121e-09,1.8201997e-09,-3.607545e-09,-718.6194,-10.694984,34.51101,1.631411e-08
70.76082,4.5732094e-08,346797.0,-3.753311e-08,11.06531,-3.8615102e-08,6.846605e-09,3.873656e-10,-2.0701492e-09,-2.0702549e-09,6053.37,66.839066,47.278603,-2.719515e-08
92.868286,-2.433287e-08,366440.06,-1.1063695e-08,9.318364,-8.978457e-09,-2.0150626e-09,-1.371803e-08,5.9139593e-10,5.3962573e-10,-1885.259,355.42224,50.390778,-9.754001e-09
53.6709,-3.2175198e-08,524110.56,-2.6337409e-08,12.130147,-1.4035639e-08,-9.86835e-10,-1.2839705e-08,9.7303925e-09,-2.0742903e-09,-212.19653,588.90356,56.81936,-2.7339883e-08
96.87922,-6.3077124e-08,268912.56,-2.0552905e-08,9.946049,-1.2034366e-08,-2.3730844e-09,1.9446835e-08,5.0585074e-09,1.3287342e-09,-1281.405,335.9909,43.21777,-2.2594087e-08
62.589684,-1.9504736e-09,348056.44,1.9917858e-09,7.628416,8.976771e-10,-8.8329083e-10,1.4948076e-09,-4.5411766e-10,-8.404207e-10,-194.06325,-10.85244,40.34934,1.24416655e-08
24.282688,-7.700855e-09,186801.16,7.423928e-10,6.9515676,-6.136144e-10,-6.031497e-10,1.5249698e-09,3.818945e-09,-5.509805e-09,-605.3275,-9.333492,42.401207,1.2138636e-08
60.267075,-5.4852546e-08,317766.25,-2.0185784e-08,7.3535767,5.097868e-09,1.040635e-10,4.271748e-09,1.4051144e-08,-4.5491775e-09,925.8508,193.64835,44.97482,-2.4351934e-08
360.4027,8.434775e-09,178110.03,-8.086796e-08,21.075703,-4.94336e-08,4.7174082e-09,-4.527623e-08,-5.0835816e-09,-5.162785e-10,3979.138,277.5006,-10.441109,5.705618e-10
31.814632,2.6970314e-08,316029.47,7.1237483e-09,4.2385497,-8.573138e-09,1.2083838e-08,5.243494e-09,-7.442376e-09,-2.5486298e-09,3453.0984,89.18566,56.762817,9.547673e-09
61.757683,-9.697342e-10,144501.7,5.3147287e-09,4.1832204,9.952613e-10,-8.3292095e-10,-3.4848371e-10,-4.9867555e-10,-1.6423939e-09,-670.386,-3.0489006,29.674559,3.3805507e-09
17.296755,-6.474466e-09,383788.06,2.3113285e-09,9.178003,-6.8454303e-10,-5.6456384e-10,1.5745683e-09,4.6274335e-09,-4.533104e-09,-540.6711,-8.508472,36.389793,1.4514262e-08
82.56052,-7.324362e-08,178584.2,6.9987585e-09,11.6897545,9.030574e-09,-2.355364e-09,2.3572943e-08,3.4291658e-09,9.0974384e-10,-370.11255,121.43985,42.097645,-3.4697198e-09
32.03162,-1.3447861e-09,185500.0,-3.7582304e-10,8.216671,-2.8127226e-10,-2.341449e-10,1.6785652e-09,5.965416e-10,-1.6945542e-09,-449.0782,-3.2818985,44.151802,7.0776e-09
48.68245,5.098947e-08,311355.38,3.1716747e-09,12.190397,4.997379e-08,1.1243424e-09,-1.3366154e-08,-2.4984395e-09,2.0155857e-09,8680.829,-139.17296,44.176098,3.2290234e-08
16.150736,-8.666035e-09,248959.94,8.114506e-09,10.964444,8.7546875e-10,-7.628439e-12,1.8524178e-09,3.647421e-09,-3.5515841e-09,-780.42645,-15.430489,28.052937,1.2751483e-08
-12.065823,1.7018965e-09,140105.38,3.4703007e-09,11.190707,-5.7055954e-10,-7.6114004e-10,-2.3588702e-09,1.7286023e-09,-1.2802014e-09,-973.5965,-8.041775,28.767729,6.690895e-09
32.71902,7.723997e-09,159309.58,2.4011602e-09,14.358622,9.316141e-10,-6.8670014e-10,-1.6848163e-09,-2.477454e-09,5.9414402e-09,248.97986,35.344963,14.719439,-6.7106836e-09
32.303036,-6.401765e-09,294141.2,-5.058841e-10,12.477489,6.716813e-10,-9.360617e-12,4.9071445e-11,4.710203e-09,-3.8213583e-09,-623.8934,-9.373428,50.209946,1.623658e-08
-3.1914978,-4.846444e-09,143701.86,3.4296357e-09,3.689044,-2.7258777e-09,-2.6336502e-10,1.5019233e-09,3.1348812e-09,-2.4745104e-09,-666.3058,-12.729034,38.023777,1.1703502e-08
67.48064,-6.209548e-08,257654.47,2.3875215e-09,10.974858,6.2486185e-09,-1.6164193e-09,2.6766674e-08,7.1636457e-09,-1.9414363e-09,-226.53442,-20.995499,46.43061,-6.8005916e-09
25.400574,3.0519491e-09,326143.62,1.4140523e-09,9.777267,-6.221586e-10,-2.9522185e-10,-2.239365e-09,-2.1323416e-09,-2.587896e-10,-361.6947,11.174526,37.015034,8.9693676e-11
4.593006,-1.0696273e-08,183234.64,3.4802647e-09,12.3615675,-4.416144e-10,-6.091741e-10,1.7906671e-09,4.1602535e-09,-4.726868e-09,-924.22235,-15.929787,37.895123,1.4388117e-08
15.855261,3.888272e-09,127440.984,-3.1017067e-09,14.062651,1.679275e-08,-5.9792915e-10,-1.5840874e-08,-7.786513e-09,-3.8300034e-09,249.08813,-211.27919,41.46573,-2.023279e-09
121.96735,1.519524e-07,17997.172,-1.1534687e-08,6.502986,3.6541035e-09,5.6759792e-09,-2.5295753e-08,-1.3248651e-08,-1.9865397e-10,14646.923,255.46295,-16.552605,2.7168149e-08
20.873629,3.613024e-09,124852.625,1.3431067e-09,10.746913,-1.0404285e-09,-3.3429998e-10,8.521434e-10,-2.0491535e-09,4.2818478e-09,582.2591,14.866669,49.702343,-9.89263e-10
98.38143,-5.0178905e-08,246063.2,-2.3456959e-08,12.760861,-2.3729868e-08,-9.281548e-10,6.8016854e-09,5.4071507e-09,2.3370637e-09,-1356.2351,418.0001,38.364952,-2.4083466e-08
102.01759,4.1330535e-09,282224.25,-2.884945e-08,6.249981,-2.3097982e-08,9.665935e-10,8.104872e-09,1.5315703e-10,-6.1590905e-10,-495.46606,134.70981,46.52698,-3.9533155e-09
35.592102,-1.5418335e-09,215459.28,1.4379221e-09,6.064079,3.2906056e-10,2.1385354e-12,2.2497528e-09,2.1962265e-09,-3.6049852e-09,-554.3262,-8.031433,41.985172,7.2188406e-09
48.256195,5.2352735e-08,256031.16,-1.09613385e-08,11.787202,-2.9476903e-08,4.5908e-09,-2.907339e-08,-9.343644e-09,-3.6868562e-09,-2264.9832,-239.22792,49.18604,2.3368039e-09
1362.5028,-3.561963e-08,-330333.38,-1.7307134e-08,18.56937,-1.3716496e-08,8.3305745e-09,-4.933742e-08,-4.6589935e-08,-5.247366e-09,3674.2058,-222.9999,-538.766,2.6883127e-08
54.2366,3.3454395e-08,231106.38,-4.9934794e-09,12.456765,-9.704497e-10,4.1571684e-09,-2.1235438e-08,-5.5642704e-09,1.5760453e-09,-2310.7185,33.45552,52.590996,-6.7649117e-09
19.579908,-8.248382e-10,75508.94,2.4368243e-09,14.383431,-1.4983115e-09,-1.0062345e-09,3.7732054e-10,-2.749514e-10,-1.03922e-09,-696.1985,-4.7759094,36.376583,4.495007e-09
99.0352,-6.31573e-08,356102.94,3.1327905e-09,13.011979,5.029317e-09,-2.6059193e-09,4.048351e-08,8.661656e-09,-7.782692e-11,-1634.8313,-15.470383,54.795963,-4.110373e-08
14.9088955,-3.674823e-09,353813.8,3.6160412e-09,7.783416,1.0000438e-09,-4.571453e-10,1.4231705e-09,-1.0295552e-09,-2.713188e-09,-576.7237,-9.786812,37.490757,8.803592e-09
61.698,4.466756e-09,139098.97,-3.858885e-09,10.806303,-1.5011882e-09,-9.699062e-10,-5.325407e-09,-5.109499e-09,7.392226e-09,-1144.8591,67.33062,56.10106,7.837436e-10
172.50508,-3.6595967e-08,266105.94,-5.215252e-08,10.512422,-2.2493088e-08,1.2480051e-09,-1.2759455e-08,7.544863e-09,3.595953e-09,6373.2354,191.40105,35.16126,-1.8774644e-08
51.650818,-5.8661534e-08,331319.75,-2.158385e-09,9.940404,8.5231555e-09,-3.1682712e-09,1.9182645e-08,1.0371479e-08,3.9136017e-10,6.3911133,38.446335,35.536163,8.037692e-09
38.922844,8.816858e-08,449096.2,-5.986982e-09,7.150603,-6.8315856e-08,8.293556e-09,-7.476014e-10,-2.9055723e-08,-4.6728488e-09,14132.029,-127.59331,33.118965,2.468216e-08
76.97902,8.366182e-09,327511.3,-1.64821e-08,13.598864,-2.8573016e-08,2.2380902e-09,-3.5111444e-08,-5.500167e-10,1.2487312e-09,118.54956,1435.8301,10.273666,8.799013e-09
53.880676,-4.896021e-09,279873.0,-1.5940801e-09,9.468638,-1.2975864e-09,2.3489932e-10,1.6174233e-09,3.0008904e-09,-4.4786557e-09,119.81439,-3.9393005,52.098267,1.1960952e-08
150.1011,6.6251085e-09,296777.16,-2.3298263e-08,10.673335,-3.4192897e-08,-8.815655e-10,-2.3587365e-09,-2.6262963e-09,4.267075e-09,5943.2764,377.97363,25.205856,-1.274854e-08
46.98872,-9.513557e-09,230634.84,1.2740958e-09,8.058382,7.4515344e-10,-1.1992998e-10,1.3607174e-09,6.3223498e-09,-5.510985e-09,-1070.5642,-12.896133,48.714794,1.7421863e-08
14.4975395,-5.2356497e-09,314080.3,2.5254225e-09,8.754833,1.0394514e-09,-4.1430664e-10,1.4770424e-10,3.8398227e-09,-3.88689e-09,-753.5403,-10.389908,37.72254,1.1560795e-08
-5.7916565,-8.289901e-09,199263.47,4.3934345e-09,11.858515,-1.412586e-09,-6.598338e-10,2.4847074e-10,3.7671106e-09,-4.1610253e-09,-918.4062,-15.447998,31.887924,1.3583703e-08
87.69362,-5.511751e-09,218784.61,4.989411e-09,6.670023,-1.2134691e-09,5.883403e-11,8.216114e-11,3.8954995e-09,-1.6575707e-09,-787.94586,-5.7621727,19.139694,9.493151e-09
31.627178,-2.2640542e-08,61576.78,1.6204305e-09,14.300156,7.3594286e-09,-8.4373025e-10,1.24190205e-08,1.8868451e-09,-2.0888977e-09,-215.1853,126.396645,42.331413,5.494865e-10
202.78331,1.7432733e-08,351827.0,-5.724015e-08,10.904232,-3.03768e-08,-9.046233e-10,-3.6421508e-08,1.47342e-09,1.904504e-09,3755.5876,541.15186,44.638893,7.932464e-09
30.434563,2.4037399e-09,212423.0,-5.1615467e-09,14.414911,-8.862079e-10,5.235995e-11,-2.6611213e-09,-6.353531e-10,5.0693725e-09,-478.6225,44.703133,87.705444,-3.559723e-09
45.208096,-5.340299e-08,232301.47,-1.1867257e-10,10.991356,1.647222e-08,-2.5411429e-09,2.3576797e-08,7.687164e-09,6.5746025e-10,833.30884,160.20528,31.859879,6.221347e-10
2.1351013,-1.4390252e-08,282034.2,4.666043e-09,7.0112505,-7.7443174e-10,-3.3306746e-10,1.6194451e-09,6.217982e-09,-4.8925974e-09,-596.5561,-13.455452,30.590881,1.7000092e-08
72.39798,-2.6554469e-08,185745.72,-1.7610585e-08,14.7747755,-3.1089447e-09,9.443033e-10,4.181587e-09,7.2680217e-09,-2.1599476e-09,-1425.6272,217.44194,44.01263,-3.2197516e-08
108.17961,-5.1630227e-08,185157.4,-3.6493553e-08,10.826823,-1.0121798e-08,-4.543793e-09,1.709393e-08,6.1880026e-09,-5.9995986e-10,645.4868,178.24063,61.308594,-4.3235968e-08
32.575615,-1.1425103e-08,207945.36,3.7717665e-09,7.361784,2.1105814e-08,2.840233e-09,-1.3935587e-08,4.6735353e-09,-1.2393594e-09,1616.5608,295.06296,29.454035,-4.8366626e-09
51.782375,-3.5828538e-09,147287.31,-3.932733e-10,14.387047,-8.0978263e-10,-2.9325917e-10,3.9029435e-10,2.6143463e-09,-3.0582692e-09,-428.82434,-14.507416,35.728237,7.602269e-09
105.85715,-1.0814879e-07,334286.56,4.619636e-10,6.8707523,6.4884054e-10,-3.5435683e-09,3.942384e-08,1.0060085e-08,8.2628154e-10,-495.57056,107.761566,57.8799,-4.992887e-09
139.49557,1.0500609e-09,173320.95,-2.5585013e-08,12.502288,-1.4975905e-08,9.254088e-10,-2.8789772e-08,3.0111127e-09,9.480486e-10,13394.374,462.75232,40.17404,2.497049e-08
20.313698,3.1051444e-09,96735.97,-6.5352213e-09,9.955202,2.5120694e-10,5.942701e-10,-1.3707055e-09,-1.2102123e-09,4.980198e-09,28.411629,24.486301,33.972626,-3.4489296e-09
73.36663,-2.7421687e-10,98122.58,-3.7214145e-09,11.450431,-1.5908923e-09,-4.030379e-10,9.728032e-10,1.8182906e-09,-6.555398e-10,-1137.046,20.605156,54.854645,-4.519318e-09
58.85196,4.910892e-09,114964.84,-5.591703e-09,13.849219,-1.7800575e-11,-8.9312024e-10,2.8453612e-10,-7.342258e-09,8.266433e-09,304.0174,57.51972,50.454872,-1.4803994e-08
23.788624,-4.6230966e-09,278788.2,3.3045375e-09,6.1973476,-1.5220336e-09,-1.957636e-10,1.2915252e-09,3.969603e-09,-2.20048e-09,-542.2173,-7.7831383,34.139996,8.163335e-09
32.353294,-2.4904865e-09,146832.47,-1.2829078e-09,12.011249,9.242441e-11,-6.465218e-10,1.3201364e-10,3.0381773e-09,1.3445193e-09,-908.2032,-10.238686,51.967667,5.4963585e-09
53.390392,2.5561077e-08,274684.94,-7.503582e-11,7.728396,-8.318117e-09,1.7845969e-09,-1.5002291e-08,-3.5102858e-09,-1.0819828e-09,-3055.6697,21.980148,37.106792,-4.7906554e-09
72.05331,-8.4667775e-09,67586.17,-2.0047621e-09,11.675159,8.356792e-11,-1.4369411e-10,-1.0872571e-09,5.182805e-09,-3.852483e-09,-1634.4092,-13.3368,54.044624,1.0477841e-08
90.837585,-1.6338689e-09,29994.234,-4.168205e-09,6.3618717,-9.987308e-10,-1.0364724e-09,-4.559794e-09,5.9109224e-09,-1.6231276e-09,-314.39233,11.0371475,48.77357,1.1961944e-08
46.11233,1.0453365e-09,27160.0,-3.725311e-09,12.048442,1.039367e-09,7.03982e-11,-4.8644307e-11,9.762596e-10,3.5966004e-09,-1051.2311,-1.6858139,46.816757,5.628245e-10
125.003296,-6.1970724e-08,202689.61,-2.8541635e-08,8.634753,-1.3845888e-08,7.879647e-10,5.367262e-09,2.22796e-09,-7.788188e-10,-1098.4958,246.72574,32.2192,-3.1424015e-08
151.24857,-5.598432e-08,660686.25,-5.6418714e-09,12.554217,-1.7394494e-09,2.785967e-09,-3.6415317e-09,1.7047086e-08,3.2356413e-09,-2404.1028,541.50366,82.28099,5.848827e-08
51.85704,-9.389377e-08,286847.97,1.1912425e-08,5.999391,1.3777242e-08,-4.064105e-09,4.5150884e-08,1.4658485e-08,-5.167508e-09,10.29126,132.2537,49.900383,-4.3098267e-09
240428560000.0,-2507.1816,-27410280000000.0,-2.362925e-05,3609.4065,10.751148,-2.5223445e-08,2.0408679e-07,6.906495e-08,1.653562e-08,18628.295,532.73035,62.027596,-1.6839316e-08
15.926167,-1.3055378e-09,132134.14,3.5683976e-09,10.404816,-1.3505953e-09,-4.887169e-10,1.7317988e-09,-1.487585e-10,-1.6911235e-09,-810.21014,-3.866562,30.401217,3.7215562e-09
62.248577,-5.3674807e-08,141095.8,-1.4514508e-08,9.636605,-1.2199236e-08,2.6659857e-09,9.387074e-09,4.471357e-09,-4.2040877e-09,789.5266,224.23837,55.45105,-4.4490065e-08
41.832565,-9.570355e-09,289578.44,5.928601e-09,9.096835,1.7312044e-09,2.2109732e-10,2.662549e-09,5.5491056e-09,-5.6359157e-09,-809.54,-10.121094,31.841478,1.5480698e-08
6.666252,2.0396747e-09,322482.97,1.3838665e-09,13.124059,-8.2724316e-10,-2.5251717e-10,2.4243012e-09,-1.2505037e-09,2.4365556e-09,2692.1797,68.61711,61.841698,-1.1851754e-08
110.97778,-7.851824e-08,226680.72,-5.2267093e-09,11.148954,-5.0478546e-09,-2.0998143e-09,2.1040465e-08,8.236101e-09,3.201322e-10,-1227.5559,49.171463,42.31161,-1.7011177e-09
28.325739,7.0950996e-08,147856.69,-1.6823629e-09,13.637921,5.650777e-09,2.8558775e-09,-1.4582021e-08,-1.7041762e-08,1.2429305e-09,85.203125,-236.23485,53.56628,1.0364852e-08
-20.358208,-1.0858037e-08,230614.72,8.879658e-09,10.451182,2.3675617e-09,-6.2644584e-10,1.3213071e-10,2.9319822e-09,-4.199433e-09,-808.3462,-16.640076,25.443636,1.458841e-08
33.25953,-4.9591997e-09,184497.92,4.982827e-09,14.601465,-2.1486901e-09,-2.9070985e-11,3.811442e-09,8.8376834e-11,-3.4691396e-09,4471.443,8.390266,64.03321,1.62373e-08
116.03616,4.0266546e-09,186863.95,-7.345208e-09,10.0979185,7.7225176e-10,-6.793264e-10,-2.38036e-09,-4.8976814e-09,1.3033413e-08,-785.81445,16.306805,27.991623,-1.5805808e-08
68.98292,2.9159494e-08,472309.38,-4.045853e-08,5.6431046,-1.057509e-08,5.3593707e-09,-2.3113845e-08,1.8776471e-09,-2.543449e-10,1230.8813,212.2646,59.413586,-3.7720966e-08
23.353266,6.5615666e-08,316747.84,-1.1153341e-08,7.380393,3.3345575e-08,1.4469703e-08,-6.855622e-08,-3.1457695e-08,-1.0487721e-08,1048.6956,-443.80212,59.0427,2.0265267e-08
36.171463,-1.5911604e-09,316377.38,1.2107478e-09,9.989997,-5.4341603e-10,1.594714e-10,8.703345e-11,2.6386295e-09,-4.739089e-10,-112.24919,-5.0849304,42.692715,1.7680676e-10
74.19659,-4.357796e-08,478788.62,-1.6519513e-08,9.382023,-5.3055014e-09,-7.299079e-10,4.687306e-09,1.22514745e-08,4.7534665e-10,-1068.1345,301.4739,52.341896,-1.2504311e-08
88.70979,-4.938938e-08,260804.39,-1.03629745e-08,7.9118185,-1.0196992e-09,-3.2373588e-09,9.672007e-09,5.593454e-09,1.5887945e-09,-862.0261,339.5532,35.001236,-9.508571e-09
28.399239,-5.103223e-10,396784.44,-2.7923253e-09,5.4818087,1.2765662e-09,1.4136935e-10,6.5117195e-10,2.0652264e-09,7.542676e-10,-47.505554,0.20864105,36.05485,-4.4362392e-10
-8.893539,-6.251504e-09,359584.5,3.6543324e-09,12.381108,4.609246e-10,-9.843922e-11,5.968393e-10,3.0008847e-09,-4.6838537e-09,-769.7872,-11.660698,31.853672,1.3126219e-08
13.774092,5.957367e-08,351179.94,-2.1638552e-08,10.783568,5.2460567e-08,6.6269585e-09,-3.9643115e-08,-2.9085223e-08,-8.510357e-09,2398.6875,-429.60553,58.829037,6.0049676e-09
50.09236,-5.363592e-08,221759.88,1.3072645e-08,12.955521,1.8998891e-08,-1.8311612e-09,1.4701417e-08,5.620691e-09,1.083288e-09,11367.013,12.612015,42.92928,1.5627126e-08
54.750134,-9.6720775e-08,277044.72,2.2201136e-09,9.21269,1.653534e-08,-6.3719368e-09,2.3457728e-08,1.2766116e-08,-2.164134e-09,423.64624,48.201508,43.492172,-3.8623957e-09
137.96059,5.8116395e-08,15497.859,-1.2342218e-08,9.472778,-5.6015392e-09,2.4506157e-09,2.292297e-08,-7.387855e-09,4.5968154e-10,4752.64,424.72073,9.817291,-1.3119758e-08
36.01165,-3.9843616e-08,238738.0,-8.308333e-09,11.969619,2.6838572e-08,-1.4129614e-09,4.398712e-09,9.5924815e-09,-4.3845994e-10,759.3479,60.760788,40.94769,-1.6860248e-08
42.661156,-1.036531e-09,232851.12,-2.4207444e-10,9.529165,8.0711277e-10,8.616254e-10,-3.0448907e-10,-1.2210738e-09,-2.3217368e-09,481.65198,-7.359707,40.938766,2.6313827e-09
16.692665,-4.6007385e-09,269354.6,5.1056346e-09,7.273203,1.0995224e-09,8.325805e-11,-1.2872695e-09,3.2544587e-09,-7.142797e-10,-790.5832,-7.0345383,29.336212,1.1270568e-08
27.36082,4.2057886e-09,346264.38,-1.2597136e-09,12.025593,1.9627024e-10,2.4961241e-10,-2.0928907e-09,-1.7967445e-09,7.270387e-09,-180.14912,12.428413,56.936417,-1.1327507e-08
12.859217,-6.733971e-09,522165.06,5.313673e-09,9.642707,-1.7969856e-10,-7.678829e-11,2.594983e-09,3.1309597e-09,-4.9701523e-09,-775.5846,-10.208107,31.036877,1.5421557e-08
103.53526,1.387301e-08,206633.89,-1.16351675e-08,8.779504,-7.593079e-09,-3.474151e-09,4.4531316e-09,5.128179e-09,-2.3029696e-09,10478.052,418.0517,58.21238,1.5632567e-08
32.70587,-1.560937e-08,198802.83,-6.950505e-09,9.361781,1.6983029e-09,1.7499316e-09,1.2633706e-08,-3.2835072e-09,-3.1887884e-10,244.1748,-233.8774,41.86261,-9.532195e-10
-8.169159,4.277007e-09,280330.22,4.3730464e-09,4.0212126,-1.3707355e-09,-4.6848664e-10,7.377336e-10,-5.5114096e-09,1.2527873e-09,-334.0089,5.6125107,18.205126,4.0394754e-09
83.01615,-1.915525e-09,547685.7,-1.9185988e-09,15.980516,-1.6319229e-08,-2.3732822e-09,-1.0167147e-08,8.622468e-09,1.3766639e-09,2352.1904,396.79648,94.21178,3.2366668e-08
24.250542,-5.0775495e-09,235583.86,1.2891477e-09,7.3162374,-9.3022723e-10,-3.1509673e-10,1.9736054e-10,1.048049e-09,-2.8909186e-09,-165.39409,-8.906479,62.75071,5.291376e-09
41.636078,-1.2174266e-08,221319.31,-4.4107713e-09,10.651819,-1.3697723e-08,-8.718862e-11,4.72066e-10,2.0147166e-09,-3.6612076e-09,2055.46,174.89548,48.89289,-1.5894805e-08
40.37656,4.3235392e-08,355366.0,-1.6065492e-08,12.725002,-4.7348927e-08,1.7792757e-09,-3.3779923e-08,-1.3569229e-08,-3.454265e-11,3408.2642,288.70587,48.20438,7.854434e-09
32.204407,1.5297706e-08,91803.98,-1.1149848e-08,10.074695,3.8497507e-09,-5.7079347e-10,5.0457745e-09,-4.8002695e-09,-1.0318217e-09,3177.6658,-349.2146,57.126602,-2.0048e-08
82.71875,-4.200058e-09,182782.81,1.3335305e-09,10.263762,-1.3673801e-09,-5.1661883e-11,1.7809566e-10,1.6169159e-09,7.6453355e-10,-351.46808,-11.556992,38.076866,9.100883e-09
49.56904,1.0422917e-08,87118.266,-3.4242131e-09,4.564314,-9.090345e-11,-7.895993e-10,-1.1907098e-09,-4.482109e-09,9.084362e-09,188.58075,94.77354,50.557472,-1.2273564e-08
4.1110198e+20,-4283008000000.0,-4.685306e+22,-2.2723607e-05,3533.7385,18377863000.0,-2.5598482e-08,2.0657527e-07,6.960529e-08,1.6691123e-08,18738.229,531.17816,62.012516,-1.6950954e-08
32.98306,-1.8903294e-09,281231.25,1.2701341e-09,9.522022,-6.891133e-10,-3.5033718e-10,-1.1043041e-09,3.0312948e-09,-9.248184e-10,-739.2213,-7.7730446,41.722134,8.836338e-09
76.430916,-2.8321393e-08,180811.03,-1.6803684e-08,11.917513,-4.953044e-10,-7.5487744e-10,-7.7074486e-10,3.1797815e-09,-8.203546e-10,218.32422,407.61835,42.14524,-1.6232653e-08
71.40675,-4.529595e-08,178112.33,-2.671522e-08,12.202702,-2.6801616e-09,-2.5307352e-09,1.831061e-08,3.0255414e-09,8.832054e-10,-388.44995,221.67375,53.677525,-5.079031e-08
-28.23936,-2.2141624e-09,493395.44,3.8123034e-09,7.092094,-2.7598457e-09,5.189588e-11,1.04644626e-10,4.5194112e-10,-3.5383565e-09,-657.28186,-8.729294,27.277153,1.4106667e-08
34.254574,-8.791317e-09,336166.25,1.5644795e-09,10.194754,-1.6366922e-09,-4.7918763e-10,8.763467e-10,6.390971e-09,-5.524008e-09,-597.46,-12.948013,50.224274,1.67003e-08
60.03361,-1.174287e-07,389875.66,-1.2018608e-08,11.879011,1.4423705e-08,-2.3460245e-09,3.1026158e-08,1.5035932e-08,-3.0749245e-09,47.51367,112.42759,37.75121,-1.0524411e-08
37.481045,4.767728e-08,131246.81,5.003328e-10,13.60271,-7.924203e-09,8.58186e-10,-1.5859166e-08,-6.901793e-09,-3.265328e-09,3784.1467,207.47395,42.277943,-3.7502296e-10
65.238205,-2.532643e-08,254152.62,-4.477378e-09,9.327759,1.8654221e-08,-5.893222e-09,1.9900847e-08,3.3581093e-09,-4.641929e-10,4245.1323,137.81975,56.071583,-4.144124e-08
-1.877327,-5.7919403e-09,260456.31,1.3467251e-10,6.560587,-1.5471455e-09,-5.1634563e-10,1.592834e-09,1.6530105e-09,-3.0492062e-09,-656.05145,-9.556164,51.745037,1.1062683e-08
59.574066,-1.1154729e-07,504946.06,-6.74509e-09,12.248254,1.5351652e-08,-5.173813e-09,3.35457e-08,1.5456859e-08,1.3305475e-10,-27.560059,218.9157,53.53959,-1.1628276e-08
34.25264,2.9495146e-08,215760.64,-1.4627249e-09,12.274687,2.1787546e-08,4.052134e-09,3.6628756e-09,-1.1566274e-08,-1.0045048e-08,-130.01733,-227.51042,39.91767,8.74472e-09
49.870564,-5.826239e-09,430965.56,6.6470336e-09,10.686646,-2.4976279e-09,1.568412e-10,2.3149682e-09,4.031181e-09,-5.4968323e-09,-986.872,-6.583473,17.898012,1.3905303e-08
12.04599,-8.050514e-09,297115.44,4.122067e-09,12.579233,3.2465033e-10,-3.7057757e-10,2.021349e-09,4.300216e-09,-5.350671e-09,-893.9882,-11.431435,29.552986,1.4111924e-08
-49.751537,-5.1449502e-09,328645.94,6.3432903e-09,7.108346,-1.4308433e-09,-4.7996346e-10,-2.1251526e-10,1.5126306e-09,-4.2361594e-09,-749.5885,-13.698662,27.56269,1.4140625e-08
30.016327,-4.342672e-10,241932.44,-7.3107337e-10,9.8380995,-1.6366465e-11,1.2265279e-10,-1.4081173e-09,-1.2816486e-09,5.260009e-10,1818.6505,7.946884,27.419373,-3.8703477e-10
42.487682,-7.870779e-08,335015.3,-6.2113292e-09,10.181822,1.0395143e-08,-4.0030734e-09,1.7218783e-08,1.1020845e-08,-1.276216e-09,107.44971,258.85,34.96327,-1.46693395e-08
48.022747,-9.40626e-08,385907.2,6.073946e-09,10.136877,1.46020165e-08,-6.1939334e-09,2.7763951e-08,1.3765711e-08,-8.5095153e-10,478.3484,138.94627,39.935802,-1.5602513e-08
87.93358,-4.5415898e-09,179925.27,-5.1946283e-09,11.244175,-6.9394446e-10,-2.5332518e-09,2.5078965e-08,1.4975955e-09,-6.612387e-10,870.2112,72.27298,32.431488,-3.7981483e-08
7.671961,4.1694976e-09,281852.4,-2.8129812e-09,10.026422,8.252159e-10,-2.6399797e-11,-4.7175828e-09,1.8231274e-09,-8.8630436e-11,-118.57707,17.043457,36.638092,4.5796895e-09
22.682575,-6.820141e-09,334644.72,3.6848566e-09,11.6398945,8.9792634e-10,2.1257174e-10,3.5367953e-09,3.829049e-09,-4.209667e-09,-780.8381,-10.306686,33.157997,1.196436e-08
55.05253,-2.9900974e-08,140526.81,-1.2995344e-08,9.717275,-2.173834e-09,1.0783436e-09,-2.484974e-09,9.732375e-10,1.3046734e-09,304.1819,523.2509,29.954468,-9.652093e-09
-9.782162,-3.0715803e-09,200861.69,4.5346918e-10,8.585501,8.857158e-10,-4.0737794e-10,-3.9353454e-10,1.3084613e-09,-2.6140827e-09,-635.3066,-8.684441,37.89846,1.0138201e-08
199.39519,1.9471508e-07,-5912.4688,9.505788e-10,11.17398,-4.105453e-08,5.3344498e-09,-2.6893325e-08,-2.203439e-08,4.37135e-11,21236.676,982.5797,-33.336132,3.8704368e-08
79.40155,-4.970186e-10,278484.53,-6.8260655e-09,7.6969547,6.4730227e-10,1.5555923e-10,-7.7480194e-10,6.291455e-10,2.063016e-09,839.4454,16.511524,40.267582,-1.736078e-08
11.255857,-9.07276e-09,219120.78,4.956816e-09,12.071165,2.4419233e-09,-4.3301338e-10,6.944829e-10,2.8404115e-09,-3.3867613e-09,-713.9514,-13.936295,31.480984,1.5279927e-08
71.96037,-4.7099157e-08,463978.44,-5.450236e-09,10.155731,9.577108e-09,-1.8292127e-09,1.7491855e-08,9.253255e-09,4.1811647e-09,5021.6504,189.87735,39.956593,-3.554596e-08
8.395159,-5.5768554e-09,446233.88,3.8722856e-09,8.819946,-1.8648398e-09,8.01221e-11,5.1639704e-10,3.9800847e-09,-4.025899e-09,-683.41095,-7.9901123,36.639816,1.4463472e-08
85.95828,-7.223007e-08,284234.9,1.6987596e-09,10.356996,4.236915e-09,-1.7731299e-09,3.653567e-08,8.748298e-09,1.5388045e-11,-984.4758,190.59306,43.704403,-1.320725e-08
61.27336,-6.3528227e-09,244748.28,4.4774353e-09,3.5020223,-2.1458604e-09,2.3307795e-10,-4.553077e-11,4.2455737e-09,-4.5562167e-09,-731.10315,1.499855,34.71308,1.6672272e-08
21.791994,-7.344915e-09,407764.84,1.6782552e-09,10.173678,7.4300127e-10,1.2119591e-10,2.6131244e-09,3.331702e-09,-4.3038386e-09,-572.09656,-9.462727,40.480732,1.2482552e-08
61.468773,-4.3161648e-09,117011.56,-1.1012068e-11,9.912295,-1.2807385e-09,-4.905193e-10,7.644213e-10,1.2510417e-09,1.1881792e-09,-892.51605,-10.231155,37.527905,4.459535e-09
22.256542,4.093438e-09,124745.81,-2.9768308e-09,9.741755,-2.4591413e-09,-1.3575136e-11,-2.172402e-09,1.9885901e-10,-2.544545e-09,6.0585175,17.556831,33.7313,-8.1556255e-09
118.99927,-5.0114878e-08,276714.62,-1.9507365e-08,7.823351,-1.4833574e-08,-8.7574703e-10,1.6332606e-08,2.4234104e-09,2.377245e-10,-390.01978,35.57518,30.551025,-1.6292498e-08
52.000465,-7.364275e-08,423810.12,-3.327003e-08,10.225088,3.5358585e-09,-6.4940475e-09,1.6551532e-08,3.5173957e-09,-1.3943818e-09,172.98584,443.37427,63.894894,-7.991582e-08
28.880028,-5.384537e-09,163589.83,1.9949173e-09,15.783815,-4.83039e-10,-4.580591e-10,1.4398453e-10,3.0943708e-09,-3.0168303e-09,-1070.3502,-15.366196,39.42202,1.0407529e-08
-36.9191,-1.31166615e-08,315405.06,4.322638e-09,1.469532,-2.4340516e-09,-3.0467232e-10,1.6443511e-09,3.6310572e-09,-4.7566853e-09,-559.1658,-13.931969,32.310055,2.0174662e-08
20.93578,-6.619629e-09,299149.88,4.4096766e-09,10.391904,2.0169222e-11,-2.6407304e-10,2.1797966e-09,5.1531743e-09,-4.1499266e-09,-698.60046,-11.09391,31.096306,1.3199271e-08
160.7736,-7.8531734e-08,355729.8,-3.2178733e-08,6.706921,-2.422815e-08,7.041277e-11,1.9673452e-08,1.8852568e-09,1.2250371e-09,-804.9719,77.44196,30.87725,-2.7345493e-08
20.321732,-5.202371e-09,-6562.703,-1.314306e-09,10.918371,-6.15243e-11,-5.446249e-10,2.4472617e-09,2.923913e-09,-9.494657e-10,-666.0379,-10.610199,59.12359,6.2808034e-09
68.38097,-7.558549e-09,151111.03,3.3463848e-10,11.651348,1.9779045e-10,-4.754047e-10,7.009338e-10,4.2002593e-09,-1.4861038e-09,-599.5232,-13.754814,47.688236,1.5952184e-08
33.327526,7.890058e-09,377424.78,-2.2054423e-09,7.317469,1.9848969e-08,1.0983076e-09,8.305745e-09,-5.4575118e-09,-9.586126e-11,-496.9646,-188.65068,40.992035,3.309904e-08
108.21005,-1.206768e-07,376758.5,-3.0633093e-08,7.3189692,-1.5686278e-09,-2.2520708e-09,1.0762102e-08,9.992347e-09,2.6049303e-09,-1132.261,436.20154,48.79474,-7.797915e-09
184.17932,-1.4219592e-07,438139.3,-5.7836896e-08,6.3491545,-2.388636e-08,5.7386584e-10,-2.73865e-08,9.127246e-09,2.7131464e-09,-2155.1208,353.1189,54.049397,-1.5613141e-08
38.809128,1.7499229e-09,268370.0,-2.5139475e-09,6.6378465,1.7621943e-10,-5.347281e-10,1.4116127e-09,-2.9109244e-09,2.4320927e-09,1417.816,-25.344704,40.797634,-2.113713e-09
111.48303,-5.1113985e-10,43499.844,-1.1145003e-09,10.452395,-9.853247e-10,-1.5588151e-09,-3.1556513e-09,-3.7731668e-10,7.096809e-09,-263.55933,-18.317177,43.63556,3.0728655e-09
46.612473,1.2877026e-09,288456.12,-1.3635922e-09,10.615106,1.7664973e-09,-1.0034027e-10,3.9107453e-10,-2.5215747e-09,8.437622e-11,-104.46097,3.875679,33.3998,-2.7879024e-09
-309580450.0,7.6771116e-08,77373600000.0,0.062452577,59120.203,2.3469518e-07,7.3043567e-09,5.071673e-08,1.8256342e-08,1.8096338e-09,8681.533,1045.0934,94.90126,2.928099e-09
34.332962,-8.720271e-09,192043.16,4.9901776e-09,13.179682,6.840339e-09,-6.1974625e-10,4.0447737e-10,1.4577064e-09,3.3741516e-09,-419.5979,144.1931,55.918457,-8.9446734e-09
70.596756,-9.74744e-09,166402.56,7.620095e-10,13.71078,-1.0490976e-09,2.5205016e-10,1.2829905e-10,5.486667e-09,-3.904663e-09,-990.36884,-20.39093,39.28748,1.4844193e-08
16.991854,-9.1229546e-10,151559.67,-6.9755685e-10,10.52047,1.030848e-09,-4.9605705e-11,1.00861396e-10,4.510719e-09,-5.670553e-10,-702.9157,-4.5203323,41.16662,7.657665e-09
56.565796,1.029652e-09,200854.31,-1.4695941e-09,8.607017,1.4159656e-09,2.715031e-10,-1.0783358e-09,-6.899959e-10,-8.026076e-11,1520.3308,22.914299,22.482412,-1.21681785e-08
23.852753,5.7938106e-08,297923.22,1.7284811e-09,13.68227,3.499458e-08,4.7891127e-09,1.257943e-08,-1.8516047e-08,-2.1211486e-09,-1596.1633,-289.22998,27.677248,3.7233256e-08
3.7621117,-7.761432e-09,271183.84,-1.228889e-09,11.579913,3.4627717e-10,-2.3715535e-10,5.6466104e-10,4.219636e-09,-3.4001972e-09,-754.97363,-12.515579,49.79039,1.5779571e-08
27.26788,-4.2899106e-09,442226.25,6.645608e-09,7.273634,-1.0797897e-09,-3.293372e-10,1.7442024e-09,1.2235052e-09,-3.4151766e-09,-382.50543,-8.9062195,32.197853,1.108778e-08
5.70986,-1.3345687e-09,280817.1,-1.7514092e-10,10.797579,-2.0573998e-09,1.0233228e-10,-4.5055046e-10,2.1124662e-09,-1.7925122e-09,-595.19916,-6.0025406,46.087013,3.775626e-09
21.699905,-4.8994555e-09,142210.56,3.9005082e-10,11.502481,1.503612e-09,-8.2261414e-10,2.35872e-10,4.4350554e-09,-3.0039076e-09,-734.8053,-8.91444,43.722492,7.791702e-09
68.71772,-3.1310247e-08,256775.69,-8.174719e-09,8.440751,-1.081623e-08,4.4727078e-10,2.8492657e-09,2.4809295e-09,-1.4634474e-09,-60.081787,307.25745,29.536911,3.855001e-09
157.18097,-5.300228e-08,443478.66,-4.3644132e-08,8.031781,-2.4828429e-08,1.8057113e-10,-1.9736941e-08,5.3450027e-09,5.490764e-10,-805.7517,246.49747,45.036163,-3.9511168e-09
-19.868141,-6.3232224e-09,186176.17,8.617526e-09,6.8763857,-2.2244704e-09,-6.659315e-10,-4.9742394e-10,2.8028122e-09,-3.5335914e-09,-776.8059,-15.057266,28.662254,1.1845519e-08
-11.765678,-5.704208e-08,105421.05,-1.084171e-08,20.033646,8.347539e-09,9.699157e-09,-1.0999313e-08,1.24745565e-08,9.0345775e-09,205999.72,857.0215,89.41016,-3.308017e-08
40.473145,8.4427726e-10,163002.12,-3.3287078e-09,16.030516,-4.2805906e-10,-9.6668354e-11,-5.809573e-09,4.6187547e-09,-2.7384643e-09,-298.20752,6.5639763,51.566406,7.980735e-09
38.919525,3.4494544e-08,136700.03,-1.8536815e-08,8.304583,1.5847656e-08,3.8186143e-09,-1.4121749e-08,-1.1721236e-08,3.501931e-10,3713.5962,64.16498,44.631283,-2.7490819e-08
12.314194,-3.3793108e-09,397794.8,3.833023e-10,5.9257393,-4.201151e-11,-3.1775158e-10,4.4029272e-10,1.9043294e-09,-2.6130644e-09,-270.52753,-1.8614998,48.695145,9.9478985e-09
279.33395,-1.427259e-08,276360.88,-4.1724682e-08,15.064834,-2.8676444e-08,3.131214e-10,6.521876e-10,-2.5977225e-09,1.6233205e-10,-4074.279,1452.909,2.4791603,6.0619954e-09
41.149307,1.5913368e-08,507494.44,-7.876972e-09,9.957914,-3.461597e-09,-1.4675344e-10,-3.056939e-09,-7.2903426e-09,1.8923322e-08,554.37634,155.3494,36.186172,-3.9232237e-08
99.10393,-1.03344874e-07,307334.72,-7.4043256e-09,8.522177,-1.1625781e-10,-2.1696978e-09,3.1677683e-08,1.027798e-08,-2.2669344e-09,-613.4529,114.391495,39.291,-9.795454e-09
12.914419,-5.3397873e-09,247280.72,8.714704e-10,11.784172,1.3223221e-09,-2.488531e-10,-6.566347e-10,3.8712518e-09,-3.1656548e-09,-501.31824,-10.034576,46.98903,1.1845474e-08
47.665432,-5.630683e-08,325264.75,1.3538003e-08,10.39141,1.13830225e-08,-5.725117e-09,1.672329e-08,1.1442308e-08,-7.4949165e-11,-32.40381,123.09338,46.25407,-1.0968494e-08
74.02539,-8.502841e-08,379999.06,-2.5815792e-09,14.512932,7.0422446e-09,-8.667636e-09,1.7798861e-08,9.389825e-09,-2.0822688e-09,-318.65063,70.88918,43.898773,-3.1061415e-08
26.254967,-1.5256628e-08,294610.88,5.0969367e-09,8.280902,-1.6888145e-09,-1.04898874e-10,3.9629593e-09,7.470283e-09,-6.9005877e-09,-899.2928,-11.40303,37.480694,1.8604213e-08
-27.119308,-1.0471736e-08,494516.44,1.3326735e-08,3.310277,-2.592457e-09,-2.4921942e-10,9.431818e-10,3.787233e-09,-5.5187046e-09,-651.7106,-15.329987,22.856548,1.9735813e-08
125.48784,-4.7560736e-08,380815.3,-4.7373277e-08,15.1800995,-2.6704571e-08,-2.8854121e-09,4.1921957e-08,8.511663e-09,-1.5290916e-09,1608.1455,201.40175,65.93051,-3.7077474e-08
176.81827,-1.5932137e-07,473161.3,-2.828808e-08,5.50439,-1.9889475e-08,-1.2751419e-09,2.7879231e-08,6.2471734e-09,-4.7749094e-10,-1431.6101,2.0138702,40.21556,-2.3886226e-08
166.49034,-1.332674e-07,398605.06,-5.35958e-08,14.4111805,-1.5626656e-08,-6.3069694e-10,1.6388226e-08,9.894331e-09,1.6796934e-09,-1750.8289,384.2436,45.032772,-4.3417234e-09
39.88527,3.8377723e-09,251923.12,-4.6156665e-09,7.2791176,-2.3892375e-09,-3.781788e-10,-6.915808e-10,-4.272506e-09,1.6949753e-09,-258.29663,18.881207,36.88446,-9.293142e-09
59.067574,-9.657197e-09,468860.75,-1.683829e-08,9.549532,4.4842703e-09,-1.2768172e-09,6.219643e-09,9.857368e-10,2.7506926e-09,-777.9236,331.68042,50.418655,-3.355946e-08
29.89137,-8.36581e-09,297139.78,-3.9292766e-10,11.800159,5.7697463e-10,2.9991182e-10,1.914035e-09,5.2187725e-09,-5.808766e-09,-672.8788,-14.219879,56.061043,1.1390792e-08
36.14875,-3.7538874e-09,62457.773,2.9945908e-09,12.285261,1.0297e-09,-6.6098155e-10,-7.508735e-10,-8.650355e-10,-2.1888178e-09,-968.13837,-3.5979652,43.281666,7.793401e-09
11.337194,-1.0184449e-08,377677.7,2.8066467e-09,6.656705,7.241688e-10,-1.97962e-10,2.5983309e-09,3.2935004e-09,-3.8032617e-09,-623.14484,-12.835663,42.203167,1.6384103e-08
51.67378,-1.9364032e-08,237364.56,-3.274643e-08,11.308293,-1.3030719e-08,-1.9953148e-09,9.94188e-09,6.2732664e-10,1.9267667e-09,1979.8489,664.84296,61.7976,-5.0940542e-08
43.456577,-8.04025e-09,275394.1,4.75607e-10,11.855961,2.0050308e-09,-1.4279838e-10,4.9095233e-10,4.7937263e-09,-2.9371519e-09,-884.80817,-16.893318,46.766262,1.7827603e-08
30.737644,5.3276444e-10,102455.01,4.1149878e-10,10.954113,-4.196356e-10,-5.9593996e-10,1.9209034e-09,-2.2497921e-09,-6.448024e-10,-78.11792,15.024815,47.99916,3.7249412e-09
25.96464,-4.6210284e-09,63996.625,-2.544594e-09,7.3307405,-3.4596779e-09,5.13326e-10,1.0258824e-08,-4.8837214e-09,-3.989852e-09,-627.5012,-76.40346,44.870083,8.259794e-09
79.194,-9.924741e-09,309372.84,1.0063709e-08,9.462533,1.6450107e-08,-2.3722546e-09,7.258497e-10,8.167963e-09,2.5554103e-09,-2741.593,43.434464,63.093147,4.2075126e-09
35.746876,-7.7290124e-10,342112.7,-1.4543705e-09,11.358901,-1.6367134e-09,-4.770841e-10,2.9401862e-10,-3.5267644e-09,-6.997611e-10,263.5426,-8.994045,35.55133,1.8231949e-09
40.7024,4.3469203e-08,142805.48,-5.314918e-09,11.951592,9.7134105e-09,3.3234897e-09,-1.2435472e-08,-8.740038e-09,-2.677018e-10,4188.249,-126.61232,30.584803,1.6580753e-08
22.364582,3.243882e-08,151988.77,2.6912823e-09,15.11997,3.6482785e-08,7.687984e-10,-2.3063622e-08,-1.2727093e-08,-3.9652366e-09,-3367.7356,-263.95074,56.545284,1.2156331e-09
34.418045,7.341547e-09,68976.48,-7.632791e-09,12.733902,-2.541011e-09,7.084505e-10,-2.1776356e-09,-7.663207e-11,7.2052253e-09,501.22546,132.7269,47.011562,-1.2103e-08
26.778227,-1.3913808e-09,76658.4,-1.5912174e-09,8.183258,2.9226638e-12,-1.7458124e-10,-6.033195e-10,1.084378e-09,-9.749012e-10,-561.41705,-1.4395905,29.143246,4.6739106e-09
95.696945,2.056088e-08,197010.1,-8.86254e-09,15.096262,-1.7398655e-08,1.1188773e-09,-3.1947952e-08,-1.4304439e-09,3.0758684e-09,2951.5625,1134.5863,42.067146,7.7383895e-09
2.0542603,1.7261162e-09,100367.24,-1.4440876e-10,6.3421416,-3.5753922e-09,-8.930973e-10,1.2802118e-10,-5.2341426e-10,-6.149875e-10,-741.2951,1.9750862,21.353664,3.102099e-09
53.62455,1.0134167e-09,74010.58,2.860142e-09,11.177059,1.2533269e-09,-9.720593e-10,-2.0208173e-09,-1.9257307e-09,7.6065304e-10,-1501.1494,14.848343,21.68438,2.1018165e-09
164.72589,9.880918e-11,338893.44,-1.8573369e-08,7.4253025,-3.119158e-08,-3.9000628e-10,-1.3662464e-08,-5.186049e-09,7.4628786e-10,-4823.7295,452.22217,11.099861,-1.0290343e-08
51.7576,-1.769839e-08,197001.34,-4.4032267e-09,10.857765,2.9017664e-09,-5.7895235e-09,-2.489797e-09,1.3627266e-09,1.8827144e-09,2321.1082,181.4781,36.473534,-2.7006834e-08
126.331345,-7.4765076e-08,246577.6,-3.485537e-08,11.419613,-9.271402e-09,-8.586437e-10,-2.5953586e-09,2.4532865e-09,9.409351e-10,-987.72974,456.50684,37.069614,-2.0859316e-08
51.371746,-2.8329833e-08,410270.5,-6.815346e-09,13.070747,9.2205565e-10,-1.911684e-09,1.2428042e-08,-6.154835e-11,-4.780111e-09,538.08545,69.36594,26.27517,-4.9107474e-09
123.80409,-5.1482925e-08,300097.16,-3.5719303e-08,9.86531,-2.2224722e-08,-2.6010203e-09,-1.3702657e-08,4.286539e-09,3.7957943e-09,-2281.4084,329.56012,56.696964,-2.8819763e-08
30.54461,-9.851971e-10,226407.88,-5.301686e-10,8.615702,-2.691771e-09,-4.4409885e-11,8.5110397e-10,-4.9848253e-10,3.0481897e-09,-75.17212,3.9631195,41.030052,-3.07187e-09
52.236633,-8.6452474e-08,337285.2,-1.0741754e-08,9.680272,2.3178588e-09,-4.5522177e-09,2.056467e-08,1.2881699e-08,-4.1683013e-09,399.23193,344.55487,38.883533,-1.2012494e-08
60.38637,4.615828e-09,15988.078,-1.0510138e-09,10.116547,-3.7643216e-10,-1.1272361e-09,2.129455e-09,-4.6402393e-09,4.762982e-10,-822.3424,34.557037,7.9127655,-5.0026174e-09
91.714775,2.1570006e-08,297356.72,-2.9613776e-08,8.232697,-4.324546e-08,1.4770816e-09,-2.7557254e-08,-3.546842e-10,-2.3568103e-09,-1001.16724,423.99506,57.131462,-9.846269e-10
57.115387,-5.637985e-08,333136.56,8.1196445e-09,15.815802,8.508153e-09,-2.7676172e-09,2.0238717e-08,9.993605e-09,-2.9816882e-10,55.658447,85.58125,57.077007,-1.1749892e-08
102.0541,-5.1791773e-08,365435.72,-1.7992999e-08,14.012857,-5.730383e-09,5.649195e-10,1.678758e-09,9.5164845e-09,1.3987456e-09,-1515.8167,342.33865,33.94755,-1.8390702e-08
86.15442,-4.3235165e-08,293537.47,1.2444049e-08,9.131018,1.2393886e-08,-3.0864589e-09,1.7695772e-08,6.72026e-09,-1.2116187e-09,3096.6255,61.17601,30.576874,2.4956006e-09
100.09482,-2.9868918e-09,127968.97,-2.5402085e-09,9.929552,2.6492275e-10,1.3756946e-10,-3.755208e-09,2.9209395e-09,3.8050407e-09,-894.4494,-17.32531,54.6894,6.510876e-09
28.41212,3.1813445e-09,-6385.0938,-6.7567074e-10,9.998045,3.1797828e-10,-7.0525036e-10,-3.7775866e-10,-2.4952391e-09,1.4112294e-09,115.0621,26.599953,30.706402,-2.1909763e-09
17.95085,-3.940013e-09,384110.8,-7.469601e-10,10.00663,1.0479068e-09,-4.2385967e-10,2.9780618e-09,1.0618204e-09,-3.298025e-09,-359.10797,-5.938118,50.755478,1.08734595e-08
24.370693,5.1395478e-08,241437.08,-1.1672465e-08,15.756962,2.6115897e-08,7.580796e-09,-3.875291e-08,-1.5776795e-08,-9.195549e-10,6193.1055,-554.14056,58.33544,5.6244804e-09
13.261269,-5.3850524e-09,359456.12,5.3298828e-09,6.2608185,5.0270765e-10,-1.7227834e-12,1.5370336e-09,2.853992e-09,-3.3713552e-09,-528.0914,-8.146923,29.24437,9.440405e-09
44.32485,-7.567033e-09,177083.53,1.2628271e-09,10.229877,-1.7258271e-09,-9.763074e-11,2.889468e-09,4.064938e-09,-3.8721804e-09,-900.9908,-10.086632,38.09091,1.1314065e-08
72.97931,-5.404694e-08,351650.06,1.5520674e-09,11.876572,1.9770041e-09,-2.7863553e-10,1.796872e-08,3.6028345e-09,4.4095413e-10,819.6599,64.342636,42.87313,-2.0665052e-08
51.676342,1.830058e-08,292457.25,-1.5156887e-08,16.766415,-1.3845411e-09,-1.8520397e-09,-1.0535032e-08,-1.2138407e-08,2.6342756e-08,151.0962,1103.1721,64.15642,7.7216615e-09
35.86653,-7.520965e-09,155125.28,1.3528741e-09,15.615396,-9.241022e-09,-1.5361024e-09,1.0349611e-08,-2.9203477e-09,-1.254891e-09,1946.5996,-158.41524,55.737648,-1.2543612e-08
109.46117,3.4461976e-08,284231.75,-1.7431026e-08,7.3277073,-2.0380176e-08,4.495607e-09,1.6231537e-08,-5.9056253e-09,-9.682019e-10,-589.88745,379.03674,41.395668,-6.7342985e-09
44.512432,-9.301446e-09,112572.99,6.0687837e-09,10.763402,-4.5117306e-11,-5.427311e-10,2.0849575e-09,3.0173317e-09,-3.4539478e-09,-933.59576,-16.608643,23.860996,1.0910791e-08
23.49168,-2.4812923e-09,307376.44,-2.370219e-09,10.178969,-2.9132044e-10,-5.7620053e-10,-4.3869078e-10,3.22656e-09,-4.847176e-09,-745.68896,-12.00679,72.243454,7.3503066e-09
103.16992,2.303095e-08,197795.23,-2.606648e-08,16.292213,-2.0529683e-08,2.7611808e-09,-2.5681699e-08,3.974165e-09,1.5440643e-09,26399.012,478.55988,37.99052,1.2733673e-09
118.71329,-3.039044e-08,372601.56,-2.2270882e-08,6.9848614,-1.2525194e-08,-2.6267002e-09,2.412975e-10,3.73224e-09,3.7143055e-09,-3580.3586,333.07513,53.50724,-1.5102762e-08
10.887194,-7.657165e-10,230682.86,1.3084052e-09,11.651395,1.6455232e-09,-5.153592e-10,-3.4055379e-09,2.2270668e-09,-3.325022e-10,-499.3006,-9.457542,46.084877,6.515293e-09
10.821884,-9.121069e-10,285529.56,3.0159946e-09,12.617241,3.5579803e-11,-6.7007566e-10,8.1240925e-10,6.041443e-10,-1.3241428e-09,-406.47113,-9.945442,24.131287,6.1273844e-09
39.28867,-4.4694417e-09,350135.5,4.4249998e-10,6.374404,-2.0284137e-10,-3.4170083e-10,2.044391e-09,3.08389e-09,-2.8607041e-09,-927.1668,-10.809509,51.4553,7.997172e-09
18.32029,-3.3767375e-10,279494.66,-1.4435073e-09,10.563305,1.919278e-09,-3.8932993e-10,9.535772e-10,3.937746e-10,1.3114346e-09,185.32072,-1.029335,61.096905,2.7524418e-09
28.27621,-5.599047e-09,351233.75,2.0284003e-09,8.9079485,1.5113866e-09,2.9129255e-11,5.472965e-10,-3.8376847e-11,-4.2012016e-09,-595.36615,-5.0853615,44.38158,1.1323515e-08
55.28521,-2.5793994e-09,366795.7,-4.0183963e-09,12.413525,2.1943661e-10,-1.7592175e-10,-6.0966004e-10,2.210684e-09,6.181869e-10,-486.70795,-5.302086,69.21547,1.0161229e-08
53.62678,9.538759e-08,407036.06,-6.771613e-09,8.12078,-2.5205603e-08,9.773995e-09,-3.4630958e-08,-2.23816e-08,-2.8969322e-09,-12993.928,410.9945,38.825424,1.8622147e-08
-15.469982,-1.0759861e-08,297063.88,2.609902e-09,8.110787,1.1340368e-09,-1.2435854e-10,1.9401065e-09,3.7272745e-09,-5.2132063e-09,-567.4567,-13.273003,29.635456,1.5934333e-08
39.58829,-9.729163e-09,175255.97,3.0856016e-09,14.368961,1.8209978e-08,-1.2633151e-09,1.5016953e-08,1.8696356e-10,-3.1147864e-09,-201.94849,-53.167953,38.447674,-1.499266e-08
31.902782,2.4437444e-08,216097.31,-7.43668e-09,9.758766,-1.927896e-08,-3.104743e-09,-4.862439e-09,-1.0176505e-08,1.2797352e-10,4064.2437,167.93193,46.568115,-1.130095e-08
33.03809,-7.019299e-09,246357.72,2.2589282e-09,14.944962,7.1726247e-10,-8.166584e-10,-2.3315608e-10,4.649272e-09,-3.5291576e-09,-1420.3903,-16.5598,38.33995,1.0994571e-08
46.5384,2.8472e-09,166339.4,1.1033142e-11,13.494007,2.1573936e-09,6.388592e-10,1.244766e-08,-1.8434196e-10,-2.1070898e-09,1054.9473,-77.36034,20.227188,8.661462e-09
80.58688,-5.7836744e-09,140363.28,5.9039773e-09,8.49593,1.0217774e-09,-8.3498136e-10,1.202381e-09,4.3931467e-09,-1.3953967e-09,-1082.4338,-7.4998016,37.805054,9.420471e-09
151.87666,-4.7350812e-07,385271.97,-5.4708828e-08,4.124078,-5.4248672e-09,2.925888e-09,2.2207265e-08,2.4824256e-08,1.6767205e-09,464.71973,393.74774,43.324364,-2.984545e-08
65.8929,-5.753268e-08,194168.1,6.4848096e-09,7.593327,1.3760134e-08,-1.1025579e-09,2.4945528e-08,8.988436e-09,-8.08214e-10,1559.2759,72.53929,45.74633,-1.8273062e-09
43.814278,1.5496304e-09,282718.84,-9.377056e-09,9.68636,4.333525e-09,-8.3309576e-10,-6.6993704e-09,2.76991e-10,4.4721993e-10,267.7766,-113.916855,58.05209,-2.165695e-08
-15.737919,-4.9773345e-09,350142.12,2.0113669e-09,8.264634,-1.2871557e-09,-1.7791536e-10,6.215675e-10,2.6070215e-09,-3.925386e-09,-560.13385,-9.552227,31.83322,1.3107067e-08
33.33521,-5.3419953e-09,102144.836,5.3619327e-09,11.816055,1.525958e-08,-1.554457e-09,3.9099926e-10,1.9680833e-09,3.3675722e-09,2915.767,-38.868774,41.444027,6.9551436e-09
32.505783,-3.7671786e-09,200369.36,1.2856293e-09,6.955447,-5.760244e-10,-7.103738e-10,-1.1105095e-09,3.4798335e-09,-2.4575413e-09,-674.23175,-12.5767975,34.417515,1.2312095e-08
-1.5070838e+27,3.2069245e+19,-741093.56,1.9109077e-08,9.169072,1.9257334e-08,1.0500033e-11,-2.5715385e-08,-1.4278107e-08,-2.053733e-08,1796.9208,-115.17925,22.432375,-5.4831574e-08
95.79784,-7.703795e-08,478467.0,8.259539e-09,7.4571877,-9.788521e-10,-2.4908913e-09,2.3785137e-08,8.427423e-09,3.9189615e-10,-2101.8723,73.746155,44.122902,-1.8864261e-09
142.6695,-1.4367266e-07,458081.0,-7.8625405e-08,1.8089437,-1.8889471e-08,-2.14951e-09,-4.01233e-09,1.2126431e-08,-1.4554618e-09,-1337.1736,562.4593,59.013184,6.0370586e-10
20.543272,-3.3407712e-09,282834.03,-1.1864276e-09,12.41958,7.463571e-10,-4.8132753e-10,3.255651e-10,-3.5788958e-10,-2.0639017e-09,-37.253952,-12.29921,36.998386,1.0831852e-08
57.891956,-8.2518135e-09,376971.28,-1.0712568e-08,9.743461,1.2860709e-09,-1.2439184e-09,1.538127e-08,4.7617728e-09,-1.4078266e-09,2715.1465,138.5747,51.93785,3.6337173e-09
44.020786,-1.8229752e-09,185180.64,-1.0020688e-09,5.412472,8.965384e-10,-1.6571208e-10,-2.192905e-09,2.508326e-09,-8.540272e-10,227.65065,9.158932,33.22625,8.736912e-09
-14.079353,-3.7404773e-09,208568.95,-2.1135185e-09,7.4137497,1.8787778e-09,-4.978217e-11,-8.943091e-10,3.8777483e-09,-3.0079568e-09,-467.602,-12.295998,47.381588,1.0597595e-08
11.415352,-5.2334324e-09,210430.75,7.117259e-09,12.907122,-1.04249484e-10,-4.7870036e-10,2.9267028e-10,1.0136778e-09,-1.2465486e-09,-1124.7125,-14.083382,34.107826,9.806311e-09
38.578373,7.789144e-10,341730.3,-2.3567166e-09,9.846847,-8.009614e-10,-1.6671145e-10,1.5530982e-09,3.2279654e-10,4.9805643e-10,-490.1548,4.69841,17.903046,-1.1270359e-09
45.90882,-1.1041265e-08,303847.5,1.7799319e-09,7.200892,8.587569e-10,1.5024224e-10,3.6519678e-09,6.518358e-09,-5.8022955e-09,-735.39777,-10.255928,48.55027,1.7541295e-08
26.0685,-1.0586473e-08,217609.6,1.6288045e-09,13.253427,7.7230533e-10,-1.7513822e-10,1.9341728e-09,3.3559275e-09,-6.104947e-09,-789.92444,-18.010033,43.293064,1.7965293e-08
67.91652,-6.083641e-08,319961.06,-1.9771566e-08,14.039759,-4.2455675e-10,-5.864067e-10,1.6622012e-08,8.431058e-09,-1.3003755e-09,-0.47802734,147.177,44.03673,-2.1965144e-08
116.30258,2.9644836e-08,277807.44,-8.775917e-09,8.120572,-3.2381482e-09,1.4532608e-09,-1.9680407e-08,1.5249987e-09,3.741881e-09,-3774.927,861.1484,22.362759,-1.5273701e-09
79.99028,3.8042362e-08,667623.5,2.3315426e-08,1.8960314,-2.9363704e-08,8.799396e-09,-8.281542e-08,-1.1292403e-08,1.706155e-09,-79419.35,310.61993,79.4527,1.0081461e-08
-4.349373,-1.7908411e-09,149912.86,2.3421616e-09,8.182257,2.1694777e-09,-7.81868e-10,-4.6458343e-10,1.5484104e-09,-8.259029e-10,-558.5789,-5.477417,29.393723,7.727431e-09
24.548754,3.2100647e-08,-47897.78,4.3376223e-09,11.275063,2.2872952e-08,-6.7498523e-10,-2.250788e-09,-8.6240055e-09,6.3787114e-11,2554.2354,-121.44505,49.63198,-1.1688683e-09
156.4615,-2.9739766e-07,631234.06,-1.5032627e-07,-0.4826641,-2.594099e-08,1.1078279e-08,-5.9280477e-08,1.8958643e-08,4.5173154e-09,374.0161,293.24982,75.97728,-2.9445204e-08
173.90155,6.325552e-08,66826.945,-3.788181e-08,15.098946,-2.9327648e-08,1.1065548e-09,-1.9531107e-08,-9.2872625e-09,2.2614082e-09,1707.3533,1153.0139,23.148338,9.184372e-09
61.710968,1.0242909e-08,161904.98,-1.526352e-08,5.991157,-2.162795e-08,1.9004336e-09,-2.5145421e-09,9.393126e-10,5.5504473e-10,68.05298,304.5147,44.450974,-5.848568e-09
41.48278,6.514201e-10,246706.94,-8.8060587e-10,9.42641,1.3990724e-09,-2.0424362e-10,1.4382943e-09,2.1304576e-09,2.7493145e-11,-640.5408,-1.1443405,25.703049,2.310001e-09
11.627256,-4.5709925e-09,165215.25,-9.730737e-10,6.539538,-1.8696593e-10,-1.5772587e-10,2.665458e-09,5.3609756e-10,-1.919304e-09,-184.27989,-12.161461,52.422157,2.9775595e-09
18.674917,-6.588661e-09,137597.7,6.9708075e-09,8.830816,7.9523665e-10,1.5996779e-10,2.8628913e-10,3.5150753e-09,-1.6908276e-09,-735.75604,-12.471695,26.525337,1.0671551e-08
17.877684,-3.1638514e-09,214388.75,2.8507066e-09,11.565177,-1.09386306e-10,-1.8208182e-10,-3.9857952e-09,2.8344727e-09,-2.1165452e-09,-800.67755,-10.840355,39.368076,1.32295455e-08
228.1585,-8.104777e-08,326054.7,-3.9141653e-08,7.1806464,-2.6543772e-08,9.1555724e-10,2.5446804e-08,-1.7295406e-09,3.355106e-09,-2264.7024,390.95117,17.6243,-1.3794162e-08
-32.61481,-1.0568757e-08,112100.54,7.997016e-09,10.096542,-3.4465603e-10,-8.815965e-10,1.1595426e-09,2.9866e-09,-4.4717097e-09,-894.6495,-18.300346,30.772755,1.4074184e-08
35.810097,-5.275747e-09,449583.66,2.3174405e-09,6.196577,2.0216662e-09,-5.906451e-10,1.0794899e-09,3.968625e-09,-4.4439843e-09,-495.5373,-6.030506,36.71425,1.4035878e-08
48.9252,-8.173056e-09,79494.734,5.078461e-09,13.613573,8.1652524e-10,-1.0471833e-09,1.9760729e-09,2.2958901e-09,-2.0466766e-09,-1191.7239,-16.430466,33.8637,9.760254e-09
28.666212,-4.5617816e-09,247016.84,2.8809954e-09,17.023323,1.3225213e-09,-1.2782601e-10,1.095075e-10,2.9330955e-09,-4.2436445e-09,-967.8167,-12.299118,30.301302,1.0741287e-08
62.565132,-9.0701484e-08,296475.1,-3.1798024e-09,7.9246445,2.2295006e-09,-4.5867785e-10,3.001516e-08,9.987392e-09,-8.6977897e-10,67.06421,43.244217,31.362392,-1.9845885e-08
51.245884,-3.2068388e-09,352639.1,-2.3946134e-08,8.502996,-1.0753523e-08,6.030516e-10,-9.938224e-09,1.6082564e-09,-4.671312e-09,2168.0488,-9.164307,59.93367,-2.8933774e-08
31.613941,-5.6240173e-09,248912.31,5.8177005e-11,11.380399,1.4517564e-09,-6.186249e-10,1.6474632e-09,1.2083787e-09,-4.580473e-09,-471.2621,-11.065056,46.756824,1.33122615e-08
71.986435,-8.269249e-08,230795.05,4.2617323e-09,11.529153,8.791057e-09,-2.2354498e-09,3.48354e-08,7.0115984e-09,1.2101018e-09,-211.88696,57.7332,44.428707,-1.600005e-08
62.17464,-3.6565448e-09,147371.1,1.2259986e-09,9.020571,1.3250975e-09,-1.2934358e-09,1.9289164e-09,2.9822402e-09,-1.4412677e-09,-919.65594,-0.600235,28.380993,8.848574e-09
94.215225,-4.6361812e-08,332084.56,9.9109085e-09,11.9204035,7.1678343e-09,-6.8262246e-10,1.9758732e-08,4.853119e-09,1.7017319e-09,-1313.1316,-29.795303,12.422756,2.1905764e-08
77.507324,-1.135344e-08,275450.2,1.3247586e-09,8.08186,-1.7177424e-09,-2.1701971e-10,9.1492536e-10,7.0548736e-09,-4.798947e-09,-337.95563,-16.25711,58.315186,2.7426621e-08
31.337942,2.1847633e-08,149628.9,9.135449e-09,10.454633,1.7173063e-08,-6.629172e-10,6.092817e-09,-1.1967784e-08,2.8576896e-09,-1538.2502,-88.20979,37.312454,8.346007e-09
13.26618,2.8694977e-08,-17944.906,-9.11435e-09,13.143864,3.04357e-08,2.516304e-09,-2.1345587e-08,-1.0945403e-08,-5.2285083e-09,-826.90356,-524.65857,51.33736,1.4499093e-09
45.55135,-6.3160392e-09,300776.5,3.0892962e-09,7.4345393,-5.5684546e-10,-6.631702e-11,1.5841425e-09,5.3345386e-09,-4.606797e-09,-716.2954,-8.656681,35.494072,1.3205121e-08
57.163315,9.904701e-09,224332.95,-1.8763988e-08,7.836217,4.2655466e-09,9.436514e-11,-5.675424e-09,-4.9468396e-10,1.6123162e-09,1803.1824,247.2262,37.860886,-2.8832892e-08
62.16751,-5.688997e-08,207738.06,-6.8929165e-09,11.80352,1.149492e-10,-8.510629e-10,1.3069933e-08,6.988542e-09,7.697982e-10,455.23022,340.26416,41.97376,-1.0915046e-09
-8.978554,-7.0035344e-10,251039.12,1.0635322e-09,9.666276,-2.0660398e-09,-5.552542e-10,-5.936129e-10,1.4821699e-09,-2.6546592e-09,-627.7666,-4.964119,34.369053,9.020852e-09
104.68151,-3.951484e-10,147387.5,-2.7244317e-08,12.291303,-1.20411e-09,2.9198228e-09,1.149056e-08,1.9211868e-10,-3.0421665e-09,63.30957,21.686447,45.58472,-2.4138071e-08
26.492432,-9.646768e-09,357472.88,3.914284e-09,5.9792805,1.5214765e-09,-4.0716047e-10,2.6577331e-09,4.9250106e-09,-4.204343e-09,-607.61273,-7.732746,30.819683,1.4934153e-08
6.836069,-3.0999155e-11,187314.39,9.742915e-10,9.764772,-8.303987e-10,-2.7194533e-10,-8.3576984e-10,-7.8176565e-10,-8.236442e-10,-478.9673,-9.378094,35.48124,6.9382415e-09
57.334152,-4.905903e-09,399491.9,3.636213e-09,9.172734,5.780442e-10,-1.7896977e-10,7.50277e-10,2.9616165e-09,-5.7387775e-09,-772.3829,-11.224419,27.596262,1.4037305e-08
6.8449306,-4.5883053e-09,65429.273,3.933465e-09,10.656865,-2.6177922e-09,-7.330043e-10,-4.5540016e-10,4.218895e-09,-1.6372882e-09,-1061.7085,-11.234009,32.414074,8.497572e-09
51.723778,9.043099e-08,241499.89,8.8552765e-09,11.638526,1.7818516e-08,4.7263886e-09,-1.818413e-08,-1.5897228e-08,-3.1214917e-09,1078.0974,235.66791,22.39554,3.867454e-08
52.813717,-5.129778e-08,271950.53,5.0282543e-09,7.0942206,1.0144969e-08,-3.0750091e-09,2.0589216e-08,6.5614185e-09,8.3617994e-11,854.07007,206.88887,33.92572,1.7492358e-09
25.369814,-6.90851e-10,286819.53,1.4927716e-09,8.293604,-1.2789186e-09,-4.99238e-10,2.765324e-09,1.4398311e-09,1.0723624e-09,227.01437,-5.4959793,24.633585,-3.624636e-09
28.39714,6.1662035e-08,219769.55,-1.1277773e-08,12.711889,-1.1066914e-08,7.2214097e-09,-3.286934e-08,-1.9880284e-08,-2.507658e-09,-7793.4326,-662.8338,47.672127,-2.2540685e-09
-5.1103554,-7.932919e-10,186425.94,6.979219e-10,12.757535,6.1347377e-10,-7.104591e-10,-2.924278e-09,3.7765036e-09,-1.876e-09,-275.30402,-9.479301,43.317677,9.184564e-09
-10.084652,-8.091971e-09,354510.25,5.4126117e-09,9.82363,2.9789635e-09,-1.3321888e-10,7.1249623e-10,3.5229109e-09,-4.892006e-09,-756.1147,-13.956512,33.109688,1.4859913e-08
88.33034,-2.8130499e-08,274506.16,-1.098321e-08,5.326756,1.4946753e-09,-2.4368338e-09,2.06999e-09,5.671028e-09,-2.1948452e-09,-576.4065,229.88089,32.191967,-1.5104069e-08
43.273422,-9.154566e-09,259592.44,4.840641e-09,6.3179398,-2.151584e-09,-2.4187458e-10,3.1710998e-09,3.4929857e-09,-4.340347e-09,-735.58136,-10.107407,29.83766,1.6255433e-08
12.722971,-1.4721273e-08,269808.22,1.5509326e-09,9.108511,2.1418054e-09,-5.704546e-10,3.2442153e-09,6.2268404e-09,-6.2053376e-09,-638.5367,-13.219841,41.20706,2.0351198e-08
-5.9406815,-4.82654e-11,295873.38,9.428656e-10,8.864946,-9.2749786e-10,-4.0988846e-10,-1.7271492e-09,-2.0641102e-09,-3.747198e-09,-433.46893,-6.458061,36.834053,4.8159237e-09
124.39058,8.4405265e-09,312937.47,-1.678718e-08,13.419094,-7.3736075e-09,1.835266e-09,3.43693e-09,-4.883193e-09,1.7760735e-09,325.40137,452.42633,18.109724,-1.7196907e-08
138.03313,-1.5357887e-07,255466.34,-2.3448154e-08,10.204655,-4.4375854e-09,-1.1609432e-09,2.2911395e-08,9.05571e-09,6.56868e-10,-884.3235,435.2937,22.997168,-2.8192293e-08
49.83927,-7.337744e-09,101934.31,2.7685274e-09,9.919607,-1.0327108e-09,-5.439694e-10,1.4833665e-09,3.3403327e-09,-1.9899258e-09,-1015.919,-13.72493,41.759888,1.5117264e-08
82.68348,6.8157977e-09,129777.56,-1.1570517e-08,11.318943,-1.9314335e-09,6.705334e-11,-1.665628e-09,-1.0813314e-09,1.6180817e-08,1547.1869,211.10272,37.63267,-1.2887363e-08
3.8180962,1.706092e-09,422961.94,-3.6197003e-09,12.6588125,-1.4514239e-09,-2.3170528e-10,3.03838e-09,-2.5260105e-09,-1.1476141e-09,-261.89447,3.0656662,22.672852,-1.659411e-09
-9.265881,2.2619138e-09,-18135.156,5.6996146e-09,10.395087,1.0204785e-09,-7.7731144e-10,-1.9367867e-09,-1.3011291e-09,-3.4125672e-10,-568.19086,-6.057453,24.937048,5.436304e-09
39.67733,-9.675092e-08,354186.34,8.761693e-09,13.455354,2.4498695e-08,-3.6275218e-09,2.6168644e-08,1.7579042e-08,-3.020054e-09,331.25317,73.421585,23.986557,1.2789616e-08
75.53333,-8.558596e-09,265667.72,2.557083e-09,8.040424,-1.7723614e-09,3.616971e-11,2.3683135e-09,5.0775664e-09,-4.3519135e-09,-473.62573,-18.273888,52.0399,2.140088e-08
8.446016,-1.10653575e-08,373882.1,5.142479e-09,10.848153,7.5438006e-10,-2.5578115e-10,1.912425e-09,4.1026875e-09,-5.906333e-09,-756.73584,-14.203247,32.06463,1.6102518e-08
8.05603,-7.212135e-09,344483.75,4.3020143e-09,7.273903,-4.1796835e-10,1.0273137e-10,9.785635e-10,2.9417502e-09,-3.6024579e-09,-669.9094,-9.972893,35.519367,1.5201596e-08
84.3522,-3.9841325e-08,352505.62,-4.2079293e-08,10.51754,-2.8010614e-08,-1.829211e-09,1.0335114e-08,7.2452937e-09,2.280751e-09,-571.8557,934.0504,54.159714,-3.465708e-08
52.90364,-4.3276227e-09,-11587.516,-6.311426e-10,11.691057,-2.0260076e-09,-6.773574e-10,3.3309582e-09,-1.2730229e-09,1.7021348e-09,-105.00993,-8.253891,43.18246,3.895339e-09
78.0031,-1.2632829e-08,279433.88,-1.9539074e-08,9.377127,-5.6396054e-10,-3.5226044e-09,2.8961935e-08,1.0074398e-09,-8.5093277e-10,3958.6128,268.00317,41.71222,-1.9021963e-08
12.276289,-2.9706675e-09,383275.62,6.597604e-10,9.589035,3.9021472e-10,-6.69531e-10,2.3804374e-09,7.99261e-10,-1.984291e-09,-481.5722,-3.905941,48.80747,7.1058794e-09
63.62227,-5.7054814e-09,20338.125,1.4329926e-09,10.519677,-5.505827e-10,-4.1735757e-10,1.3774273e-09,1.9644881e-09,-1.0538878e-09,-677.6003,-15.410751,32.068577,1.13124266e-08
-8.5617485,-5.7665455e-09,275685.62,3.7129708e-09,7.0619164,-1.3111889e-09,-2.4964683e-10,3.5111458e-10,1.8150648e-09,-2.898685e-09,-547.3284,-10.570976,34.562515,1.1523463e-08
53.44534,-8.056605e-09,291801.97,-1.0812228e-08,9.952156,-7.042806e-09,-3.569321e-10,6.025801e-09,-3.8884992e-10,-1.8419479e-09,-218.5144,89.60876,54.16406,-2.7258439e-08
163.93582,-4.529992e-08,247555.38,-2.999592e-08,12.25764,-1.9933792e-08,-6.5053835e-10,8.57118e-09,3.040222e-09,2.1726874e-09,-1429.3411,968.7145,22.630198,-3.0924567e-09
57.087074,-4.722382e-09,410302.25,6.2160384e-09,6.5174837,1.2467505e-09,1.649816e-10,4.1463266e-10,5.194012e-09,-3.989611e-09,-715.99066,-7.138405,17.805182,1.6562431e-08
8.505138,2.033721e-09,293859.97,2.8786094e-09,10.733295,-1.4783187e-09,-2.3064435e-10,-2.133232e-09,-7.716331e-10,2.937149e-09,-762.04706,-4.672928,35.995823,5.6311786e-09
134.30469,-8.145528e-09,289045.84,-1.4697881e-09,6.9544835,-1.675613e-09,-1.1789401e-10,-1.7865204e-09,3.8676276e-09,6.8574896e-10,-248.61751,-33.365776,61.421345,3.3932608e-08
45.55549,-4.7437318e-08,195746.33,4.3621804e-09,14.40001,1.7343432e-08,6.260642e-10,1.6606055e-08,2.309739e-09,-5.594664e-09,-180.8518,-130.63805,33.420753,2.631484e-09
30.065159,-5.9573124e-09,177326.53,-3.5803303e-09,9.093837,-3.7240516e-10,-1.0884264e-10,1.8187302e-09,1.0787737e-09,-3.4776786e-09,-555.6742,-10.07238,72.84142,5.512803e-09
39.02601,-6.9620545e-09,197419.77,2.4928914e-09,10.313135,-4.494244e-10,-5.8553984e-10,6.5474887e-10,3.489791e-09,-1.4448598e-09,-677.24133,-12.856255,34.798595,1.3181358e-08
13.618359,-6.5571726e-09,330467.3,3.9162162e-09,9.25404,-1.3729877e-09,-2.851204e-10,7.022361e-10,3.5064833e-09,-4.5789794e-09,-754.2678,-12.198158,39.34693,1.0850166e-08
-25.545013,-1.0314625e-08,353850.75,3.2158924e-09,3.813107,-6.8705336e-10,-4.5461937e-10,1.9600979e-09,4.6787387e-09,-5.5398184e-09,-586.5366,-13.239349,36.801334,1.743907e-08
51.733177,4.735034e-08,150759.47,1.3239078e-09,9.513159,-1.0927151e-09,1.4329702e-09,1.333879e-09,-4.5078132e-09,2.4625009e-09,4989.0303,256.3719,41.31396,-9.9496456e-09
17.634914,-5.1557776e-09,284090.56,5.3602953e-09,4.929693,1.353126e-09,-4.790721e-10,5.668146e-10,3.1847112e-09,-2.9266571e-09,-587.8085,-8.22036,28.80595,1.1226645e-08
68.192184,-2.0746267e-09,341348.12,-7.041971e-09,14.337868,-5.570974e-09,5.0776017e-10,6.867322e-09,1.147754e-10,-4.116325e-09,2138.3787,211.87045,52.17482,-1.1635767e-08
40.592484,-4.07178e-09,147493.22,4.279304e-09,12.5570545,1.4066426e-09,-5.338935e-10,-4.920391e-10,2.217162e-09,-2.79753e-09,-942.9388,-6.8884087,24.8653,5.411602e-09
33.21233,-1.1918019e-07,363893.94,-6.142761e-08,6.695681,-1.2611339e-08,-1.5166218e-09,-6.5819665e-09,3.386687e-08,-5.943465e-09,1063.9275,1348.0203,51.619434,-5.967586e-08
0.24478531,-1.0446185e-08,259478.9,5.3028066e-09,14.127961,4.8340276e-10,-2.005214e-10,1.5316991e-09,3.645294e-09,-4.927215e-09,-947.87665,-15.50444,29.955048,1.4215549e-08
44.599857,-2.907092e-08,325233.3,6.001063e-09,9.047621,7.472966e-09,-3.6009473e-09,1.0815545e-08,4.728708e-09,-1.5357065e-09,2282.7964,49.17961,46.167236,5.7172067e-09
74.91989,-1.05501236e-07,383720.62,-7.835808e-09,11.217672,9.45372e-11,-3.3132193e-09,3.1689783e-08,1.2314361e-08,1.235026e-10,111.28955,191.67998,50.50956,-1.2632795e-08
11.607719,1.1924084e-09,241829.94,2.6179485e-09,8.478622,5.376126e-10,-4.705524e-10,-9.331002e-10,1.0241324e-09,-1.014294e-09,-890.18195,-1.9975433,26.281197,1.8592488e-09
35.21107,-6.806234e-10,122445.984,-4.1328e-09,6.9859734,-9.325678e-10,-1.1547862e-10,-4.6225168e-10,1.1214928e-09,2.1320778e-09,-296.48297,10.706524,44.42275,-6.965817e-10
101.500084,3.642818e-09,282578.0,-1.38499265e-08,8.30095,8.2111884e-10,-2.2045468e-09,-1.6302055e-08,-9.612409e-10,3.6032617e-09,-3179.2327,492.03503,42.195038,-8.813829e-09
-18.633194,-5.694216e-09,292852.28,4.8838737e-09,5.0568323,-1.3307797e-09,-6.3374644e-10,-5.891651e-10,8.455768e-10,-3.7222632e-09,-562.44525,-7.9355545,27.704702,1.2648589e-08
62.840897,-3.9956635e-08,319493.62,-7.241228e-09,10.446976,9.195986e-09,-3.600819e-09,1.7763277e-08,8.211023e-09,2.913175e-09,-203.98853,159.1726,44.74844,-1.4249713e-08
9.473909,2.2879854e-09,235569.81,8.0259094e-10,11.840357,-5.7255267e-10,-8.22937e-10,2.295443e-09,-1.5694265e-10,-4.6476714e-10,-794.9509,-8.723579,32.759884,1.363943e-09
8.515528,-1.5357148e-08,317449.84,3.7241306e-09,4.0913267,-5.893557e-10,-5.805292e-10,3.896453e-09,4.9255044e-09,-6.3542056e-09,-489.4557,-13.41362,40.060005,1.8377296e-08
24.115604,-2.3812776e-09,176949.1,-2.98173e-09,8.3426,-3.8395095e-10,1.9244185e-10,-2.2815967e-09,3.801866e-09,1.5253626e-10,-379.80927,-0.47766113,30.340427,9.8850865e-09
27.984001,-8.507028e-09,368657.34,4.1552717e-09,7.1359725,-7.7380563e-10,-5.9709343e-10,2.2928557e-09,4.9104543e-09,-4.3625468e-09,-682.74457,-10.28994,44.0997,1.7801995e-08
12.1349125,-6.413692e-09,332535.66,3.736582e-09,5.3422985,-3.5139233e-10,-9.5695146e-11,2.3397784e-09,2.9418274e-09,-4.2055333e-09,-470.4453,-7.881031,40.282314,1.1828996e-08
74.0274,2.0357497e-08,232369.47,-6.2662755e-09,7.1238103,-3.2673744e-10,-8.3571944e-10,7.057651e-09,2.2040068e-09,-1.4722791e-09,14682.833,263.48785,53.09529,3.1257348e-09
16.958456,-3.0654384e-08,145881.47,2.3149782e-09,10.574416,2.9055014e-08,-2.1987674e-09,2.1544937e-08,4.1604392e-10,-1.362762e-09,-147.67896,-277.99115,42.064365,-1.1272028e-09
53.935516,1.005665e-09,115976.57,-1.500106e-08,10.609439,-1.04461355e-08,-9.789081e-10,1.3395521e-08,-3.384506e-09,5.260443e-10,2484.7764,332.78232,63.961998,-3.4847844e-08
-16.02694,-1.3826997e-08,255655.83,1.1566438e-08,3.886001,-1.242977e-09,-3.3121117e-10,2.7347364e-09,5.3546527e-09,-4.374836e-09,-655.15314,-17.22322,23.04427,1.6285789e-08
0.56645966,-6.5583508e-09,448366.4,9.124581e-09,7.809128,-2.3732956e-09,-4.3308277e-11,1.531023e-09,2.5093763e-09,-4.794722e-09,-716.248,-14.632698,27.461494,1.6069981e-08
98.5962,-2.389103e-09,103170.94,1.2552412e-09,9.2223,9.934567e-11,-1.8162818e-10,-2.0274022e-09,3.913697e-09,2.0973858e-09,1004.6592,19.070343,44.852074,1.9620263e-08
245990.33,-3.7902943e-08,-8271138.5,-8.102261e-09,18.697826,-1.13024825e-08,9.612927e-09,-6.4607995e-08,-8.51211e-08,-1.1337113e-08,2473.4126,-140.717,-3972.2385,7.003739e-08
102.50199,1.7978829e-08,265527.66,-3.204914e-08,9.490377,-1.3935057e-08,4.0624135e-10,-2.8819555e-08,-1.9497965e-09,1.3070012e-09,-825.9983,747.1908,22.550737,-1.480581e-08
927524.9,-3.857391e-08,-19196672.0,-7.958279e-09,12.583959,-1.0752552e-08,9.7171915e-09,-6.674717e-08,-8.977841e-08,-1.1658749e-08,2586.5874,-150.47517,-5848.665,9.8693604e-08
52.022186,-2.0929052e-09,254086.39,8.1911156e-10,9.991531,-1.0310187e-09,-6.480441e-10,-7.496526e-10,-6.902953e-10,-1.2015668e-09,-644.7597,-9.901173,39.151142,1.546981e-08
54.58449,7.5770386e-09,413126.7,-4.0212527e-09,11.461076,1.0297728e-10,2.3456695e-10,-1.8209101e-09,-6.199811e-09,1.02332365e-08,-256.91412,62.24421,24.31157,-1.7428786e-08
5.752445e+25,-6.132794e+17,-5.755365e+27,-7.397423e-09,10.994164,-9.852242e-09,9.898455e-09,-6.987671e-08,-9.970109e-08,-1.269827e-08,2653.6543,-181.4399,-7.902391e+21,5.8661094e-06
93.37041,-4.578579e-08,303201.5,-3.4184156e-09,9.797208,-9.14098e-11,-2.9740184e-09,1.7707027e-08,5.230858e-09,1.0101238e-09,-2038.8,26.995789,47.585712,-4.7616546e-09
45.486145,-5.4372795e-09,133284.05,6.3803625e-09,7.7607417,1.018287e-10,-1.538013e-10,9.730617e-10,2.0112292e-09,-5.584001e-10,-365.11627,-13.876007,25.924038,1.0299646e-08
107.1544,1.2097242e-07,414001.25,1.7667931e-08,7.926987,-8.363896e-08,3.1361096e-09,-3.349942e-08,-2.0483894e-08,7.7120726e-10,-6931.7,1564.2955,17.29715,3.8483677e-08
52.078114,-1.8434905e-08,325596.12,-2.6831721e-09,11.962754,-7.621013e-09,-3.9723944e-10,1.48608645e-08,2.7462407e-11,-8.622659e-10,-418.0808,75.057365,27.473106,1.6887766e-09
83.97198,-5.204903e-08,383997.94,-3.939491e-08,6.6218653,-3.738192e-09,1.574967e-10,-3.0407026e-08,1.2190752e-08,-1.6463151e-09,733.6079,455.63013,63.425144,-3.4408956e-08
55.986134,-3.653525e-09,23670.14,-5.2845435e-09,7.4887657,-3.241694e-10,-4.039958e-10,-2.5565658e-09,6.006993e-10,-6.638422e-10,-162.89677,-17.013962,41.772667,-3.228866e-10
-6.4860954,-7.32704e-09,432797.0,3.2171636e-09,9.090981,-8.8308943e-10,-1.8295354e-10,7.823616e-10,4.3970183e-09,-4.9958206e-09,-707.87775,-12.954643,37.057213,1.5943327e-08
65.24465,-1.2420503e-08,183854.42,2.3654905e-09,11.632477,-8.5580937e-10,-7.977158e-10,2.9781833e-09,6.15141e-09,-3.7451326e-09,-746.5407,-12.085953,54.523262,2.1147981e-08
10.166622,-3.564281e-09,367096.75,3.2389469e-09,9.4706,-9.570905e-10,-2.2888473e-10,3.2291575e-10,1.1486457e-09,-3.0086586e-10,-455.9591,-9.494419,42.78077,1.0759576e-08
-2.222187,-1.1523941e-08,222480.5,5.410044e-09,6.607586,7.659369e-10,-3.6065637e-10,1.7480145e-09,3.3781493e-09,-3.9769352e-09,-669.6947,-15.127029,31.942923,1.5414878e-08
40.491955,-4.049706e-09,345555.5,1.0196873e-10,9.401223,3.997492e-10,1.5008104e-10,4.948513e-10,1.0030357e-09,-5.7410148e-09,-336.14282,-12.806137,44.64808,1.3208261e-08
27.372368,-1.1642428e-09,381483.06,-3.8258037e-09,6.4054527,1.876345e-09,2.0155792e-10,-6.014406e-10,-6.438521e-10,3.696889e-10,-22.089035,9.255978,49.938374,3.888494e-09
33.055977,-1.3348377e-08,334997.16,2.23795e-09,5.900723,-5.5547306e-10,-1.0495878e-10,5.8071277e-09,3.8224983e-09,-7.54119e-09,-373.02277,-12.240921,52.085278,1.9473623e-08
142.07494,-2.2880191e-07,390861.62,-8.2696666e-08,9.710038,-1.9824423e-08,-6.46806e-09,-2.5896949e-08,1.9298534e-08,2.843366e-09,12288.526,386.21677,60.332367,-5.5178642e-08
62.30358,-1.4185167e-08,207638.4,8.667091e-09,13.713898,4.317429e-09,-4.1674633e-09,4.9972165e-10,-4.0596664e-09,-2.8285891e-09,9331.734,83.449814,40.152817,2.9378945e-08
23.342974,-4.2299014e-08,241417.14,-8.484191e-09,12.798727,1.1159783e-08,-3.2140253e-09,-1.6645247e-09,6.669087e-09,1.0003971e-09,160.7976,80.517365,44.256886,-1.8056019e-08
-1.9597816,-5.5536726e-09,181331.9,5.660406e-09,2.4175806,-1.8513081e-09,-4.0257342e-10,-3.1492922e-10,3.3015004e-09,-2.937074e-09,-579.0235,-10.00737,29.024054,1.2776246e-08
32.34098,-2.491977e-08,203542.45,-9.208285e-09,10.175632,-1.2735829e-09,8.991374e-10,2.6820388e-08,8.381813e-09,-3.836001e-09,61.734863,325.76648,40.897446,-3.132894e-08
41.360546,-3.6642806e-08,262765.72,-1.5835848e-08,10.256217,7.861919e-09,-3.8391867e-09,2.709325e-08,-6.451923e-10,1.9338572e-10,-230.01636,-63.009384,51.385925,-3.8243694e-08
56.453117,-4.875252e-08,230609.5,-1.8515389e-09,13.068107,-1.5046095e-09,1.5564014e-10,2.1286889e-08,7.754664e-09,-2.4625293e-09,-620.9519,47.840515,38.09859,-9.784946e-09
121.24698,6.507196e-08,56803.25,-6.2839853e-09,17.122732,-1.0664928e-08,3.775662e-09,2.0355055e-09,-3.969123e-09,2.2576427e-11,7811.176,577.99713,28.822084,1.1287846e-08
68.80412,-4.386848e-09,90997.734,4.167101e-10,7.880316,4.129611e-10,1.454253e-10,-8.320018e-10,-4.508494e-10,1.9624578e-10,-948.221,-3.9199486,49.65114,6.399802e-09
19.722956,-2.7547216e-09,376134.7,-5.4878574e-10,6.664336,-1.6596716e-09,-1.4072493e-10,3.8665595e-09,-7.675313e-10,-2.4466373e-09,-56.748947,3.6138115,38.85874,4.6467576e-09
142.60686,-4.360966e-08,197546.4,-2.1912594e-08,11.490815,-9.316653e-09,1.6735169e-09,-8.521476e-09,-3.835145e-10,2.9288423e-09,-834.19507,408.7998,37.878242,-3.1785316e-08
65.44288,-6.378522e-08,219654.83,1.1037069e-09,8.525495,5.367385e-09,-6.5131606e-10,2.1741512e-08,7.955706e-09,-1.1444317e-09,-732.8396,228.26176,28.370565,-2.1569224e-09
82.30569,-5.300525e-09,377668.94,8.331009e-10,9.139357,-1.1052839e-09,-1.2874297e-09,-1.2496773e-09,4.868488e-09,-5.9851804e-09,-557.90186,4.2451744,42.72328,2.9417315e-08
38.959045,-1.0792763e-08,116117.42,2.495868e-09,9.610738,-9.56271e-10,-3.7854314e-10,2.9963345e-09,7.487449e-09,-4.3378345e-09,-792.961,-17.736038,46.210308,1.3437919e-08
-454904130.0,7.676754e-08,114657190000.0,0.092683025,87999.34,1.3487116e-07,6.7392882e-09,5.07793e-08,1.783324e-08,1.8133839e-09,7704.836,1025.1913,94.83035,3.2058838e-09
-46.666607,-7.387144e-09,180590.31,5.2232694e-09,4.713788,-6.40012e-10,-5.814213e-10,-2.793002e-10,1.6735494e-09,-3.9626897e-09,-604.1978,-13.752098,30.354198,1.5151862e-08
30.84705,-3.3762756e-08,206420.98,-3.6066121e-09,11.986419,1.5316026e-08,-3.5589698e-09,2.0169194e-08,1.003006e-08,-3.2288272e-09,-344.58813,-32.262726,60.72426,-9.350643e-09
53.813385,1.5249594e-08,235210.69,-2.0330537e-08,10.952488,-1.8814697e-08,1.6628711e-09,-1.7880613e-08,-6.273207e-09,-3.5149967e-09,-841.4563,270.96484,57.926224,-3.458317e-08
38.021515,-2.9770964e-08,221847.72,6.910177e-09,8.718208,-3.795163e-09,-2.3791464e-09,1.5734917e-08,8.885701e-09,1.7868543e-09,447.79858,258.76462,34.25545,-1.9379176e-08
70.215515,-3.5594014e-09,177979.27,1.1390244e-09,7.3788157,-1.478989e-09,-4.272053e-10,-8.404292e-10,3.7232464e-09,-2.6629507e-09,-621.47156,-8.4984665,38.45464,1.390969e-08
-2.306839,-5.2344373e-09,226524.53,2.2880585e-10,16.326517,-2.6151808e-10,-1.1611685e-10,1.2352869e-09,2.291574e-09,-4.438661e-09,-936.30475,-16.254593,42.765694,1.1170874e-08
227.8028,-6.8535684e-08,374545.03,-4.897734e-08,10.328585,-3.258775e-08,3.2134695e-09,2.4457862e-09,3.0352993e-09,6.2044286e-10,-3397.9626,69.36612,37.60361,-2.6832527e-08
47.117653,5.76898e-10,154707.81,8.072134e-10,8.671728,3.110642e-10,-6.3980715e-10,1.9074236e-09,-1.5835572e-09,4.4815587e-09,1416.272,19.124725,32.568073,-1.4975084e-10
45.563457,-5.2198526e-09,341253.75,-3.996803e-10,8.858137,-5.055897e-10,-7.244638e-10,2.0595459e-09,3.0599039e-09,-4.1341943e-09,-502.71588,-5.676708,40.73065,8.372014e-09
164.20622,-1.7782455e-07,516383.62,-2.0354419e-07,-2.7635126,-3.6262968e-08,2.3694615e-09,4.626031e-08,8.464716e-09,3.987261e-09,219.8103,290.403,66.5751,-4.4117662e-08
45.965736,-1.6971525e-08,209569.33,-1.2185674e-08,12.379691,-5.2007705e-09,-7.9959134e-10,-5.308285e-09,5.570598e-10,-1.7436291e-09,1011.25903,-83.339096,46.053173,-2.5144839e-08
103.86449,4.5751502e-08,302483.9,-3.210673e-08,6.780589,-3.1529435e-08,3.6556471e-09,-8.539294e-09,-2.3306e-09,1.9115365e-09,2174.271,604.4757,32.5355,-1.1558837e-08
60.359814,-4.3208335e-08,364764.53,-2.981521e-08,10.465638,-3.2713203e-09,-4.48772e-09,-6.836666e-09,8.1642035e-09,-1.6640983e-09,-549.2478,363.7633,44.72904,-3.572679e-08
59.612656,1.1562932e-08,284810.0,-8.854462e-09,11.545584,-1.0691337e-09,-8.4107227e-10,2.4007536e-09,-7.780005e-09,1.69982e-08,262.43274,203.64374,30.320663,-2.6393101e-08
39.536762,1.4484346e-08,196576.27,-1.2591511e-09,12.459954,6.427223e-09,1.580779e-09,3.0655898e-09,-4.4057766e-09,-3.4478878e-10,3504.1184,-229.96715,49.04042,-5.5748153e-11
13.856688,-4.001393e-09,173288.67,6.072185e-10,8.187911,-2.2583981e-09,-3.5162193e-10,-1.8425236e-10,3.271383e-09,-1.9517676e-09,-557.3737,-7.5969925,48.071384,9.8144985e-09
142.30106,-8.7264134e-08,292731.72,-2.8950055e-08,6.7203283,-1.3390539e-08,1.2015164e-10,-3.4696028e-09,5.4930915e-10,1.550206e-09,-3184.2112,525.56006,44.10547,-2.8558974e-08
94.799484,-1.5264101e-07,403660.8,-9.767227e-09,7.7895527,1.2943271e-09,-2.1321294e-09,3.38154e-08,1.1736933e-08,-1.6730599e-09,-754.90063,116.56564,21.037008,-2.1655305e-08
-15.525654,-1.1494548e-08,74603.12,1.0546051e-09,7.888211,-1.2416739e-09,-4.683289e-10,2.6695437e-09,3.1585201e-09,-3.6995669e-09,-737.606,-14.6816635,39.509388,1.4675271e-08
37.22822,-5.0719553e-08,272875.8,1.1776754e-08,6.8589554,3.113112e-08,-2.7281744e-10,2.3047372e-08,2.4874889e-09,7.1765642e-09,564.19116,226.55771,49.06795,-1.2602792e-08
49.55473,-2.2273559e-09,111262.64,5.802498e-10,13.075097,6.8369843e-10,-6.950457e-10,-1.600771e-09,4.1678194e-09,-6.294227e-09,-499.77942,2.7678223,37.493744,7.199953e-09
55.439243,7.552664e-08,347324.94,-2.7789085e-08,7.864894,-1.7899133e-08,6.055604e-09,9.875902e-09,-9.116582e-09,-3.5478238e-09,9618.735,70.33521,46.520374,-2.2808074e-08
9.089563,-6.9836985e-09,429425.12,-1.7146552e-09,12.905317,-5.785595e-10,-2.7723393e-10,6.2987776e-10,2.141864e-09,-6.965178e-09,-305.77863,-12.609558,61.56235,1.6538529e-08
19.7401,-6.979028e-09,205944.3,4.1613216e-10,9.259072,1.6619726e-09,-4.3008635e-11,-4.5957452e-10,3.6077026e-09,-4.036182e-09,-681.95795,-13.370796,46.35444,1.0354154e-08
40.20975,-8.7853165e-09,89916.62,2.1292839e-09,10.743849,-9.0466096e-10,1.3533168e-10,-9.1039964e-10,7.0421313e-09,-3.1071035e-09,-865.13715,-11.937485,36.44484,1.4688469e-08
51.78443,-1.5755031e-09,217227.14,1.189488e-09,5.725423,-1.3490418e-09,1.1766213e-10,2.1210553e-09,-2.6821068e-10,-1.341364e-09,-707.973,-4.3665123,25.780544,7.3531696e-09
53.505703,-9.568218e-09,128920.89,-8.746675e-09,14.806291,-1.0982018e-08,-1.8985593e-09,1.0570091e-08,-3.0480327e-09,-5.480841e-10,1177.3335,119.10473,39.475082,-2.237856e-08
11.01631,-1.13564e-08,288896.6,5.400782e-09,7.756099,-2.578297e-10,-4.94956e-10,2.730137e-09,6.417922e-09,-4.407199e-09,-779.65686,-13.862961,30.473835,1.4240321e-08
78.96403,-5.464209e-08,273174.62,-1.2808524e-08,6.546379,1.2194954e-09,-1.7697105e-09,5.2507585e-09,2.9404357e-09,1.8677138e-10,-921.24,147.08437,34.997234,-1.23076545e-08
37.306286,1.6381241e-08,316708.12,-8.5474445e-09,11.348785,2.4436652e-08,7.610051e-10,-1.0510273e-08,-9.733446e-09,-7.3900117e-09,4558.205,-578.0519,53.75016,-2.9177796e-08
107.14706,-5.0943413e-08,272631.12,-1.07882064e-10,13.7546215,-5.689442e-09,-1.8874495e-09,2.5579032e-08,7.4229707e-09,5.077272e-10,1565.1155,91.76499,51.068104,-1.7053807e-08
27.513035,-8.076573e-09,193096.39,5.45032e-09,9.6799135,2.1328703e-10,-6.4195166e-10,1.7301187e-09,2.9586795e-09,-2.933822e-09,-745.98865,-12.75312,30.276531,1.1081562e-08
67.58001,-6.937995e-08,201830.4,1.2887786e-08,10.731588,8.260544e-09,-2.7057092e-09,2.4694383e-08,6.7296324e-09,3.48861e-09,-468.69263,30.494125,22.685057,-2.2063984e-09
62.85165,4.6664796e-09,161665.84,-1.1723027e-09,9.174427,1.1014111e-09,-3.745548e-10,5.1691135e-10,-4.8137436e-09,1.6474272e-09,-53.74008,118.86475,23.06702,-8.318761e-09
70.732834,-8.702722e-08,290842.53,1.5222136e-08,9.902219,8.741552e-09,-4.1032884e-09,2.8769197e-08,1.30064715e-08,4.4060855e-10,-316.95972,79.197136,46.353962,8.535361e-09
12.034857,-4.621744e-09,349450.0,-3.7145628e-10,4.984669,-1.7586393e-09,6.979419e-11,2.9429156e-10,1.413645e-09,-1.0851118e-09,-343.95673,-7.9100533,56.76998,1.0953084e-08
7.1152363,-3.952148e-09,299737.94,-1.2677809e-09,5.335031,-9.0079544e-10,-6.5087813e-10,-5.5344224e-10,7.9748874e-10,-1.4620286e-09,-590.4304,-6.5431404,48.546448,9.111478e-09
59.31063,-2.047775e-09,266492.5,-4.43636e-09,9.971342,-5.4620486e-10,-2.3603958e-10,4.659754e-10,3.511455e-09,1.6363353e-11,-94.20836,-5.391098,42.39585,7.2197004e-09
55.841106,3.7772256e-08,168223.97,5.4412865e-09,9.869463,5.3382117e-09,6.242518e-10,1.917889e-08,-8.0245295e-09,7.417401e-10,-905.11646,230.94739,28.679506,3.9479855e-09
80.80258,-4.2520973e-09,249309.8,2.216063e-09,9.692589,7.3485174e-10,-1.0047718e-09,1.9517177e-10,2.7177096e-09,-3.6332632e-09,-713.29553,-5.7121696,52.80636,2.0738067e-08
46.611454,5.0101354e-09,15209.109,-4.48718e-09,8.519539,-8.3452445e-10,7.2570255e-11,5.0582343e-09,-2.3916333e-09,4.1380677e-09,-453.40564,33.716385,38.17112,-1.3573257e-09
29.587488,-9.441775e-10,29543.531,-2.1139985e-09,7.5768456,-1.3745702e-09,-1.337567e-10,1.5197846e-10,1.2462901e-09,-1.0050198e-10,-262.48462,-7.7740555,29.640425,4.9744386e-09
35.344994,-9.75455e-09,202726.36,1.1174828e-09,11.342972,5.459387e-10,-1.2275513e-10,1.6132207e-09,4.6916413e-09,-5.6931087e-09,-756.1715,-11.982933,47.990532,1.5773265e-08
5.1422903e+20,-5357422000000.0,-5.8606373e+22,-2.272362e-05,3533.7446,22988038000.0,-2.5598464e-08,2.0657505e-07,6.9605264e-08,1.6691121e-08,18738.234,531.17816,62.01252,-1.6950946e-08
63.60632,2.840376e-09,481162.62,-4.0673647e-09,9.602255,-2.1061651e-10,6.265022e-10,-1.007233e-09,-3.4835788e-09,5.1232676e-09,904.3772,28.313944,26.755915,-7.4851965e-09
42.756184,-3.3120998e-08,346592.53,7.951768e-10,9.058462,1.7173457e-08,-3.309416e-11,1.419677e-08,4.6090403e-09,3.439909e-10,-3.4887695,-100.182785,37.46476,-5.195229e-09
48.218437,-5.0226308e-09,197728.47,1.2404151e-09,13.78216,-6.4168576e-10,-2.4600258e-10,-3.1739075e-10,4.141554e-09,-2.6307796e-09,-820.32837,-16.06382,44.732414,1.4465656e-08
22.948298,1.1399196e-07,313259.0,-6.0659846e-09,11.065077,-6.0339715e-08,1.2570326e-08,-2.3419856e-08,-2.6117776e-08,-5.1989564e-09,22440.012,1878.7234,44.2854,5.1286886e-08
14.270075,-4.2896184e-09,154495.31,2.5245446e-09,10.875479,-9.946709e-10,-2.3696226e-10,5.812955e-10,2.365558e-09,-2.829089e-09,-981.5496,-11.202866,34.44132,8.158838e-09
71.128235,3.7948734e-08,356777.03,-2.9540292e-09,10.354794,-1.0734044e-08,-2.0663153e-09,-3.7128437e-08,-7.1690724e-09,-8.2153045e-10,-4322.702,676.1703,48.220913,1.7538282e-08
26.562387,8.08072e-09,190510.4,1.948043e-09,9.421147,2.2991808e-08,-8.294349e-10,1.8398824e-08,-6.2378387e-09,-2.0070647e-09,-2060.3914,-503.2943,33.575638,2.2181439e-08
44.18229,4.7821146e-08,220515.19,1.9714537e-09,9.402281,1.2305185e-09,1.3458056e-09,-7.795454e-09,-7.848805e-09,-6.632362e-09,15782.21,-80.50026,81.412125,5.2363776e-09
70.48622,1.1128857e-08,293321.9,6.615847e-09,12.042024,-1.0767977e-08,-5.8678096e-10,-1.40882035e-08,-3.7439714e-09,-1.1497086e-09,553.6411,-28.675507,29.601181,1.0169895e-08
8.543846,1.1983114e-08,385271.53,-3.3801466e-09,3.3386593,-1.2462772e-09,-6.5372996e-10,-4.3770005e-09,-4.2378643e-09,5.884639e-09,-375.12183,31.04655,41.519234,-8.477835e-10
-24.181793,-2.7449616e-09,361825.94,4.6156545e-09,0.2748356,-2.72402e-09,-4.6240783e-10,-3.8037648e-10,3.0109715e-09,-3.7104972e-09,-544.99036,-8.212753,31.426397,1.516279e-08
35.279625,-3.084604e-09,209772.78,-1.6418167e-09,9.802123,-4.6174267e-10,-4.963287e-10,3.344943e-10,1.824103e-09,-8.3727913e-10,-226.57893,-9.671597,30.686256,4.9500426e-09
100.14859,-4.3919314e-08,219689.05,-1.6868213e-08,15.140342,3.3937564e-09,-3.4868266e-09,8.80004e-09,8.462427e-09,-7.5992634e-10,-813.13403,267.6704,61.813477,-1.5961593e-08
60.707375,-1.1841253e-08,84129.65,3.2273684e-09,7.4458413,-3.201248e-10,1.653074e-11,3.2777316e-09,5.0822195e-09,-3.3636331e-09,-866.06555,-13.196335,48.239872,1.585248e-08
206.01643,-1.2211794e-07,328768.84,-9.4391936e-08,6.3976045,-4.2303903e-08,4.383207e-09,-1.0617246e-08,7.4242203e-09,2.1791196e-09,-1070.5212,315.16705,53.953003,-1.2867607e-08
-20.058407,-5.4604525e-09,422533.25,6.1270494e-10,8.328587,-1.0504888e-09,-1.8698142e-10,2.8652833e-10,2.690991e-09,-4.0181307e-09,-507.46155,-8.358566,40.59112,1.5208549e-08
38.383663,6.0471976e-08,83288.234,-1.0022269e-08,9.7367935,-2.835249e-08,4.541498e-09,-1.3188454e-08,-3.7175945e-09,7.2145546e-11,64422.812,-86.88576,61.799072,1.0430618e-08
37.95215,5.7838374e-09,168736.77,5.4553544e-09,17.80337,1.991915e-08,2.2253017e-09,1.6855572e-09,-2.1463884e-09,-4.8882147e-09,2023.9437,58.17781,39.48295,1.702884e-08
18.81583,4.04161e-08,12011.25,-1.1872187e-08,11.172924,4.5474113e-08,4.580681e-09,2.074935e-08,-1.2613724e-08,-5.1956284e-09,-6774.9893,-1151.8896,51.57028,-1.3415722e-09
218.9326,3.3319534e-08,264114.8,-7.796348e-08,8.594755,-7.140555e-08,2.1743214e-09,-1.2880544e-08,-6.1131e-09,1.3566283e-10,2822.2236,764.4705,24.482414,-2.3866722e-09
58.761314,-5.6891754e-09,125098.31,-1.5307434e-10,9.818926,-5.2769245e-10,-2.760201e-10,-5.949465e-10,2.057921e-09,-2.5998874e-09,-420.18848,-6.3531647,51.158833,1.4013504e-08
88.98729,-6.4788e-08,259174.17,-1.3067413e-08,9.970006,-2.9996632e-09,-1.1040998e-09,2.3750227e-08,7.024676e-09,-1.403215e-10,332.49756,110.27815,16.16914,-1.4467806e-08
56.528397,-2.5111138e-08,124108.984,1.8503838e-09,12.244562,1.4786304e-08,2.4876445e-10,1.8040158e-08,4.0250372e-10,9.546398e-10,-512.94214,-24.73256,34.176445,7.9719403e-10
57.020844,-2.713995e-08,177974.58,7.9155316e-10,13.685078,-1.0016797e-08,3.25144e-10,1.8496824e-08,1.0034941e-08,7.110214e-10,318.3413,143.06491,20.330723,-2.2972467e-08
51.95287,4.4867856e-09,72144.07,-8.341834e-09,7.9229956,-1.8332719e-10,9.822355e-11,-5.459608e-10,-4.0015675e-09,1.5772043e-09,362.28333,36.062603,36.49563,-1.1138987e-08
23.106161,-8.982232e-09,218022.72,1.9773236e-09,9.23712,-5.457479e-10,-1.1297447e-10,5.0457805e-10,5.182328e-09,-4.5392086e-09,-672.68207,-14.491013,42.30236,1.5553457e-08
14.189072,5.7833835e-11,272070.66,1.4258313e-09,10.936366,1.4676996e-09,-1.2354494e-11,2.3673425e-09,-2.2576359e-09,-3.2447796e-09,-254.51567,-0.979084,29.26245,9.023838e-09
59.1708,1.2495678e-09,290903.44,-3.2298972e-09,8.895058,4.9620097e-10,-1.0062513e-10,-2.1056126e-09,2.297898e-10,2.916652e-09,117.546295,-48.746475,43.85476,3.668276e-09
15.945185,-9.014287e-09,304561.88,3.5621224e-09,9.652182,1.232631e-09,-4.6171128e-10,1.0488481e-10,3.4233607e-09,-4.2041264e-09,-709.3565,-15.243439,40.764072,1.6785666e-08
39.023212,1.8238788e-08,285220.38,-1.5394235e-08,14.10742,-6.0757294e-10,-1.1587828e-09,-1.4624107e-08,-7.437292e-09,-5.239408e-10,55656.844,-87.55757,49.357464,-5.6789915e-09
74.68268,-7.0732113e-09,74131.72,6.935952e-09,7.7391896,6.295817e-10,-4.0122647e-10,9.078908e-10,2.4695028e-09,-2.5183653e-09,-757.4168,-12.681801,27.477688,1.4232386e-08
33.84655,-5.096704e-09,181784.25,1.8012348e-09,14.707193,1.9616475e-09,-9.022419e-10,1.2334722e-09,3.6566212e-09,-3.996902e-09,-631.12103,-8.915855,32.93288,1.074546e-08
72.605156,-9.28765e-08,250161.88,-1.5061165e-08,10.115238,9.227397e-09,-6.474184e-10,2.4343189e-08,1.2988201e-08,1.5357282e-09,-419.7234,143.84003,31.674656,-1.9589706e-08
36.511536,-1.1765181e-11,131893.23,-4.0388654e-11,8.185931,1.3514344e-09,-8.285637e-10,4.5366033e-10,2.9794835e-09,-2.8814604e-09,-700.9378,-0.122802734,22.815388,6.304939e-09
12.389549,-9.4768495e-09,99319.58,4.945084e-09,8.691531,-1.0946241e-09,-2.4260557e-10,6.0146466e-10,3.564179e-09,-2.717698e-09,-701.6506,-13.319374,33.83578,1.3669182e-08
10.410908,2.516886e-08,159102.95,-8.521979e-09,13.749722,1.1301434e-08,1.14536186e-10,5.7561382e-09,-1.3113619e-08,-2.8700164e-10,1126.5339,-114.699295,54.30218,-6.866787e-09
77.420685,-2.7317043e-08,119889.82,-7.1026025e-09,11.366078,-1.2436724e-08,-3.5635321e-09,1.39069085e-08,3.8748036e-09,-2.0439819e-09,-514.949,359.3656,63.427654,-1.5492676e-08
76.66155,-5.2474376e-09,364823.3,-2.283593e-08,11.014229,3.478627e-09,-6.9028366e-10,4.8904893e-09,1.6153973e-09,-6.455365e-09,3552.438,120.88855,40.404526,-7.837244e-09
55.60149,-7.553446e-09,327039.7,1.3939971e-09,7.6508665,2.9312666e-10,-3.7476114e-10,2.1691209e-09,4.572018e-09,-5.868511e-09,-805.2462,-8.714455,63.346222,1.6073685e-08
59.967686,-4.8118824e-08,250845.66,-1.5439367e-08,10.64315,4.6794963e-09,-1.566294e-09,1.9921274e-08,1.9438382e-09,-2.1965383e-09,257.3081,2.4322357,44.818806,-2.3942588e-08
62.045277,8.048614e-09,214969.5,-5.1958065e-09,8.870204,5.910872e-09,-2.4775009e-09,1.1936772e-08,3.822984e-09,5.9275944e-09,855.0405,329.74573,37.263664,3.4789944e-09
103.04912,-1.05647e-09,145671.16,2.1172655e-09,7.6359067,-7.3916095e-10,-4.4134457e-10,-1.310191e-09,3.8120307e-09,2.2136666e-09,-1402.9321,17.295437,14.864592,7.84513e-09
60.533714,3.017368e-10,119014.26,-3.6906511e-09,14.557026,-2.7647962e-11,-4.3175366e-10,1.4414221e-09,-4.0465253e-09,4.5659704e-10,-120.383896,-0.84931946,38.341133,2.7195424e-09
131.6184,2.231743e-08,285016.62,-1.843999e-08,4.456362,-1.511797e-08,3.5751075e-09,2.7123507e-08,-7.766054e-09,-5.695716e-11,-508.0271,375.8786,8.063755,-2.8674052e-08
69.03027,-5.0030984e-08,155982.31,3.4383727e-09,12.800621,3.4939172e-09,-4.0176618e-09,1.9700872e-08,6.971135e-09,-4.610553e-09,-538.9514,133.11682,52.536484,3.9399675e-10
1.6773076e+18,-17882106000.0,-1.6781598e+20,-7.3974156e-09,10.994165,-9.852276e-09,9.898452e-09,-6.9876734e-08,-9.9701204e-08,-1.2698282e-08,2653.6543,-181.43996,-230419320000000.0,5.866102e-06
45.673977,-4.416176e-08,209130.66,4.2787627e-09,15.695466,2.1981236e-08,-1.1676858e-09,2.6327166e-08,7.265547e-09,1.8496787e-10,-770.4094,4.0287323,38.286613,-2.2188829e-09
69.72397,-2.6641215e-08,276779.47,-2.0246997e-08,11.53505,-3.194609e-08,-1.3148812e-09,-1.3291594e-08,-5.899566e-10,-1.8929878e-09,-334.27612,272.93405,37.420288,-5.1783996e-08
176.36537,6.279199e-08,69026.83,-5.7478843e-08,14.778943,-4.3959613e-08,2.420003e-09,3.7139933e-09,1.2326803e-09,1.60629e-09,63860.664,214.87059,48.074944,-1.3434751e-09
27.219627,-2.7567215e-09,263002.8,4.7442033e-09,13.854573,1.9065538e-09,-1.4327089e-11,-1.497314e-09,3.2402687e-09,-2.6400755e-09,-1078.8236,-12.664513,28.72995,1.188232e-08
42.282093,-5.549849e-09,333834.72,2.7482576e-09,8.008459,-2.0150889e-10,-1.0534077e-09,3.4148814e-10,5.4288107e-09,-3.8352903e-09,-690.3444,-8.299,30.38512,1.2875759e-08
15.661591,8.635649e-08,205926.44,-1.37741925e-08,12.07219,-1.8360096e-08,9.829558e-09,-3.8142446e-08,-3.0893904e-08,-8.574044e-09,6373.1245,-673.20935,47.00129,1.3612402e-08
47.01099,-3.695458e-08,315367.84,-1.8073868e-08,9.793228,5.13724e-09,-2.8571234e-09,5.273197e-09,-1.3613298e-10,-2.29501e-09,1020.89233,56.48178,47.002254,-3.3130526e-08
56.799732,5.3744305e-08,365654.22,3.4582337e-09,10.37903,-2.0893575e-08,1.7360781e-09,-3.092347e-08,-1.1239381e-08,3.4505319e-09,2307.428,287.26025,13.672306,3.024616e-08
66.800125,3.840534e-08,162197.95,7.4310473e-09,18.221573,2.7808928e-08,-3.2711733e-10,-3.2015985e-09,-2.8998088e-09,9.0361114e-11,1325.2749,396.36514,21.247599,3.5066385e-08
63.625042,3.4814004e-08,73072.64,-7.741871e-09,10.648392,2.8580482e-09,-5.5745613e-09,-1.4040835e-08,-5.31465e-09,-3.5262e-09,2796.1255,461.58923,47.77642,-1.923964e-08
35.75822,8.157549e-09,149241.98,-3.963905e-09,10.555827,-2.4466706e-09,-6.711343e-10,-9.101699e-10,-1.041805e-09,4.6883404e-09,80.77023,70.01868,34.36996,-1.1413244e-08
-61282066000000.0,7.680874e-08,1.5508554e+16,12554.335,11904898000.0,1.2970392e-07,6.5249193e-09,5.085724e-08,1.7590486e-08,1.7870528e-09,7455.0713,1011.02454,94.77027,3.3670315e-09
42.407364,1.1654291e-09,350847.56,-2.985452e-09,6.146985,-4.5283874e-10,-5.0235266e-10,-2.3101394e-09,-1.703062e-09,5.2296154e-09,-48.510376,-8.667664,59.64573,-1.0552482e-08
135.3639,-7.905025e-08,284275.53,-4.3973643e-08,10.371155,-2.6763981e-08,-1.893602e-09,-4.5481445e-09,7.633219e-09,3.721413e-10,-1606.0535,351.28766,49.32269,-3.5789398e-08
41.03848,-4.5673758e-08,212032.6,-8.022214e-09,10.57139,5.3068265e-09,-3.443783e-09,1.4013977e-08,8.9480725e-09,-7.178174e-10,-212.68433,108.06157,51.42351,-4.2673374e-08
34.20188,-4.0661327e-08,193499.48,-1.2000884e-08,10.386265,1.5890684e-08,-3.2060596e-09,-3.636781e-09,5.3312266e-09,-6.7390943e-10,560.3823,-3.3464355,52.460564,-3.859799e-08
41.621254,5.127962e-10,59229.11,-1.4325103e-09,9.000291,-3.1288994e-10,-5.2748994e-10,-2.5325808e-10,-3.948556e-09,2.2595514e-09,-925.87384,10.901821,35.54103,1.1702234e-09
10.50248,2.7460782e-08,471901.75,3.4239056e-09,11.910903,1.3373133e-08,1.1024746e-09,-3.853898e-08,-1.4981165e-08,-4.021305e-09,346.56128,1301.5135,54.826183,1.8954612e-08
42.94147,-1.3232935e-07,231033.47,6.8053594e-09,7.172469,2.010427e-08,-4.269144e-09,3.6113658e-08,1.548363e-08,9.7721574e-11,300.94678,109.20678,48.512356,6.9901445e-09
63.563942,-1.020149e-07,161109.75,-1.1308207e-09,12.507617,9.050196e-09,-1.8784792e-09,1.8355516e-08,1.4315416e-08,-7.872888e-10,-198.29224,171.08592,47.507362,-1.6539898e-08
-10.62603,-1.5118454e-08,493805.3,1.1913653e-08,3.3160267,-9.704427e-10,-2.6585584e-10,4.230977e-09,5.6197536e-09,-6.801805e-09,-569.8404,-14.581024,25.589485,2.1163423e-08
41.643623,-5.064286e-09,259018.0,2.2092714e-09,13.935211,2.3655964e-09,-3.705808e-10,2.433931e-09,4.3943778e-09,-2.8216378e-09,-982.852,-10.459274,41.567314,1.16380185e-08
105.25726,-6.824824e-08,343987.94,-4.1681492e-08,5.220074,-1.2477522e-08,-7.4402356e-10,3.201002e-08,5.3965814e-09,-8.419054e-10,-616.3435,303.9197,51.639347,-1.4507023e-08
194.7449,-1.0797003e-08,187922.94,-1.9345853e-08,7.7776155,-1.5328892e-08,2.3713882e-09,2.9868097e-09,-4.4750634e-09,-8.3444274e-10,-831.7156,-77.3228,-11.176884,-4.306995e-09
94.94844,-2.3839116e-08,386097.94,-2.0398215e-08,12.168451,-1.28040165e-08,1.5651098e-09,1.7103902e-08,-1.126559e-09,5.4834837e-10,-675.76636,273.08685,36.4747,-3.5555516e-08
39.588142,-1.8775118e-08,212183.62,-8.6525587e-10,12.916181,4.6237716e-09,9.1045926e-10,1.0611488e-08,-2.459894e-09,-9.6211636e-11,-745.73755,138.61871,35.537884,-2.5887372e-09
35.022667,2.893029e-08,127896.97,5.8480962e-09,10.971973,1.5573413e-08,2.1604547e-09,2.104016e-08,-5.480344e-09,-2.87212e-09,1358.8625,-107.373764,39.606968,1.4580936e-09
82.44263,9.620648e-08,312962.97,-1.3867431e-08,7.249458,-6.359718e-08,4.613795e-09,-2.5651826e-08,-9.431315e-09,-1.2302459e-09,1176.4343,450.4214,54.82644,1.5792603e-08
91.93506,-2.526454e-09,250132.08,-1.6730194e-09,6.5595436,-1.1777805e-09,-4.639067e-11,7.583171e-10,3.4300707e-10,-1.140361e-09,-151.76817,6.189186,25.05708,8.48415e-09
46.14435,-6.2798504e-09,251653.2,1.8752109e-09,11.765806,-4.800013e-10,-3.9507192e-10,-1.0521695e-09,2.8064602e-09,-4.44102e-09,-797.06396,-8.230289,43.589848,1.6340788e-08
49.94355,1.556399e-08,55371.547,-5.2492966e-10,10.606938,1.2417133e-08,-7.691045e-10,4.345347e-09,1.0406771e-09,-2.2755706e-09,385.34937,0.8314209,33.11696,2.0461188e-08
58.740746,1.8214603e-09,6664.0156,-1.8488953e-09,13.541796,-1.0036441e-09,6.8890305e-10,-9.251201e-11,-4.3976903e-10,2.7829608e-09,1515.2594,24.360016,9.0844555,-4.2450905e-09
24.777943,-7.465015e-10,247911.4,4.035099e-11,12.429114,-5.0393373e-10,-6.6437533e-10,-1.4039624e-09,1.6480799e-09,2.1440356e-09,-803.7352,-3.343586,44.88638,6.1720073e-09
48.95311,-2.0232345e-07,567696.7,-8.429562e-08,7.7666163,-2.4805498e-08,-3.391119e-09,-1.3708076e-08,4.297433e-08,-6.0467693e-09,1059.3508,1410.7281,51.127983,-5.1427115e-08
48.008,-9.945239e-09,260122.78,-7.298707e-09,12.667191,7.776067e-09,2.5793394e-09,3.551549e-09,2.3331044e-09,-2.6160987e-09,-1276.2878,223.75632,44.38879,-1.9884423e-08
8.336641,5.558824e-10,152481.5,2.6776552e-09,6.799027,-2.1324842e-09,-6.7542993e-10,-2.4860671e-09,3.2191065e-09,-1.3517463e-09,-586.769,-8.279892,25.240847,4.851359e-09
90.08801,-1.3324823e-08,295593.2,-2.7211282e-08,14.920204,-3.1011304e-08,7.7899365e-10,-1.1331183e-08,-4.821312e-10,1.4601197e-09,-524.64526,698.64624,54.14221,-1.4138859e-08
70.19088,-5.434891e-08,304507.0,1.0202517e-08,10.184254,6.273009e-09,-3.0976206e-09,2.9095252e-08,5.4198166e-09,4.709905e-09,-161.2268,6.3934174,32.742027,4.2423098e-10
22.723858,-1.8175725e-11,415439.78,-1.470014e-09,8.500942,-1.9273687e-09,-2.2663084e-10,-1.8595483e-09,-2.2274405e-09,-1.0446959e-09,-609.8449,2.896515,61.03252,3.1376282e-09
-24.248615,-3.263104e-09,134899.16,3.5436314e-09,8.1764555,1.0854503e-09,-4.684223e-10,-4.322684e-10,2.9863865e-09,-3.359368e-09,-670.16394,-11.574959,30.033386,1.1654464e-08
41.48797,-1.4554438e-09,215489.92,-3.0561928e-10,6.065385,-3.067581e-09,-4.0493367e-10,-1.8228384e-09,1.3297037e-09,-1.680401e-09,-489.46838,-0.15375519,36.480526,5.445131e-09
50.58089,-4.581036e-08,167135.2,-9.043674e-09,9.240623,8.5646175e-09,-2.2168314e-09,2.8733085e-08,3.925204e-08,-5.7887575e-09,520367.97,710.9256,103.48632,-6.040784e-08
81.96982,-2.9198407e-08,126031.27,-2.1345908e-08,13.350195,-7.1672366e-09,-5.1905547e-10,-5.24039e-09,4.6719597e-09,-5.802464e-10,1189.6577,130.8102,46.604546,-2.7128385e-08
22.100597,5.1616467e-10,166532.05,-6.5104083e-10,3.4122734,7.287642e-10,-4.5811419e-10,-2.888647e-10,-2.2302063e-11,-4.329986e-10,-484.32135,5.1734734,34.54586,4.3955644e-09
92.12947,-6.401028e-08,416013.8,8.191228e-09,14.644592,6.2868173e-09,-1.9294688e-09,1.1963882e-08,1.4595395e-08,4.9126996e-09,6594.6304,350.02142,76.24119,4.5184393e-08
66.438416,-6.682304e-08,372975.25,-1.21072254e-08,11.109414,-7.0034e-10,-6.2168213e-09,2.0871065e-08,1.071236e-08,5.4974547e-10,327.75757,498.82013,60.945587,-2.5517316e-08
11.556696,-9.904651e-09,217034.89,4.575254e-09,7.602413,-1.0783785e-09,-1.2014349e-10,1.355187e-09,5.581379e-09,-4.071559e-09,-725.82416,-12.279816,30.638906,1.3456722e-08
29.369774,2.5186823e-08,195728.84,-3.179708e-08,9.671752,9.188399e-09,3.9930503e-09,-9.557623e-09,-1.1851547e-08,-6.8143353e-09,1264.1082,-184.23625,54.876495,-1.8262476e-08
80.9545,7.302876e-10,425268.25,-2.4243585e-09,8.8178,2.0665776e-09,-4.0628048e-10,1.867519e-09,3.758592e-09,3.972574e-09,-370.00647,12.897366,38.63651,1.1451202e-08
-5.980465,-7.5125275e-09,326115.7,7.792085e-09,12.513674,-9.462897e-10,-3.190242e-10,1.9893411e-09,1.568986e-09,-3.916232e-09,-829.6634,-15.459991,25.120195,1.3450875e-08
47946297000.0,-500.0485,-5464551000000.0,-2.3387907e-05,3589.113,2.1430464,-2.5320578e-08,2.047262e-07,6.9218366e-08,1.6578692e-08,18662.531,532.33417,62.024254,-1.6872724e-08
179.99474,-4.4960622e-08,308773.0,-5.3518665e-08,9.611815,-3.8451383e-08,2.6391729e-09,2.5784525e-08,-7.6007334e-10,2.2314754e-09,-664.3811,620.1629,28.144722,-2.498501e-08
67.69522,-5.0885762e-09,368218.7,-1.8289834e-09,12.80773,-1.2195588e-09,-3.4630612e-10,1.1749924e-09,1.4766861e-09,-6.241548e-09,-864.0,-11.093803,54.091984,1.1524131e-08
0.89868164,-5.5932294e-09,258143.58,8.528597e-11,7.077858,7.84585e-11,-2.605122e-10,1.4431581e-09,5.2767763e-09,-2.319186e-09,-432.1172,-9.722435,39.7689,1.3018642e-08
4020247200000000.0,-41884380.0,-4.5818543e+17,-2.2723623e-05,3533.7385,179720.78,-2.5598476e-08,2.0657566e-07,6.9605335e-08,1.6691136e-08,18738.229,531.1781,62.01252,-1.6950946e-08
54.049255,4.3294053e-09,344989.8,-1.10731895e-08,11.963327,-2.0423723e-08,-4.9628213e-09,-4.0156174e-11,-2.5602722e-09,-1.0058268e-09,1378.8787,491.27118,26.689657,-2.2908567e-08
-8.035797,-9.652841e-09,139933.56,3.2010055e-09,9.885906,4.9846408e-11,-3.7964087e-10,1.8706874e-09,2.9553284e-09,-4.251827e-09,-822.32996,-14.194809,35.716957,1.3620333e-08
37.99012,2.3967845e-08,218869.19,-1.0325199e-08,12.617876,1.6342982e-08,2.3742335e-09,-7.55075e-09,-3.2477125e-09,-2.2651148e-09,1266.6736,-190.79115,46.570763,-9.468785e-09
27.300661,-1.0801048e-08,305275.4,2.252674e-09,6.558716,7.0352957e-10,-4.1230377e-10,2.4380356e-09,4.7801207e-09,-5.852509e-09,-398.73907,-11.021606,44.58419,1.4998013e-08
37.018272,2.3948296e-08,185968.94,3.3746657e-09,10.721877,4.4283702e-08,1.4322552e-09,4.9455134e-10,-3.2521146e-09,-2.6054348e-09,10361.832,-296.66333,43.337032,-1.907362e-08
103.50839,-4.7441997e-09,173344.2,-2.0512951e-10,7.978013,2.863651e-10,-1.2430801e-09,-1.5881874e-09,3.296565e-09,-5.474883e-10,-615.1738,-8.423527,45.378647,1.7305076e-08
86.35434,-5.3512387e-08,184452.05,1.0649421e-08,10.4370165,3.890557e-09,-2.22205e-09,1.4761119e-08,5.933631e-09,1.8583819e-09,-941.0149,-47.391907,27.214417,2.1397314e-08
70.91211,-3.8178984e-09,184127.81,2.171717e-09,10.597769,8.8198074e-11,-1.2714557e-10,-1.2846388e-09,1.1755318e-09,-1.7560583e-09,226.59387,-1.341526,46.116726,1.4700049e-08
29.813122,-5.5645097e-09,226636.2,-1.8537109e-09,10.648198,6.1430827e-10,-3.7863523e-10,4.2477794e-10,4.5336086e-09,-4.035571e-09,-331.53296,-6.229389,44.065487,1.0703129e-08
77.10604,-1.2029965e-07,355418.88,-9.165929e-09,7.85007,7.0735426e-09,-1.6102594e-09,3.9189118e-08,1.581654e-08,3.095898e-09,-589.7312,176.6513,37.523754,-2.4873778e-08
-18.013481,-8.5195895e-09,183230.58,2.2577225e-09,10.542299,-3.1715774e-10,-4.6207382e-10,5.5720945e-10,3.3573555e-09,-4.497118e-09,-713.17804,-14.926559,37.229824,1.3416554e-08
4.7686844,-5.1483546e-09,12404.531,-3.532503e-09,8.676716,-3.7694636e-10,-8.003117e-10,-6.646803e-10,2.3944413e-09,-1.8625239e-09,-776.2859,-9.751595,51.00644,9.370588e-09
41.69603,-8.750365e-09,311695.3,-1.4467894e-08,7.197879,-1.560686e-08,3.1632656e-09,-3.6502161e-09,-6.287801e-09,-6.1123613e-09,-1774.5876,350.0968,48.056934,-3.7027277e-08
47.965454,-7.1252053e-09,240256.19,2.4140825e-09,10.476593,2.466034e-10,-3.0926772e-10,1.9582544e-09,3.0252636e-09,-5.7308416e-09,-497.66504,-13.895119,41.43063,1.5395429e-08
17.602821,-3.1592655e-09,346577.0,-8.826298e-09,12.435292,2.651592e-08,-2.574024e-10,4.4541582e-10,-9.510028e-09,6.989857e-09,-1239.3298,-222.34584,49.508118,7.6305415e-09
202.01382,8.652947e-08,100892.65,-1.6342629e-08,9.645289,-1.9905267e-08,1.3405252e-09,-1.8387619e-08,-1.12707115e-08,2.3542044e-09,-2574.7922,1158.1149,4.4982033,2.211539e-08
18.57133,5.7876735e-09,106419.16,-1.6738226e-09,10.642998,-1.2363656e-09,-1.3058409e-09,-2.4174314e-09,-1.1796745e-09,5.067243e-09,-538.1567,8.691135,42.88341,1.0601806e-10
106.6241,5.2617807e-08,281697.8,-1.1895988e-08,7.155775,-1.0528597e-08,-1.7910495e-09,-7.901636e-09,-8.383755e-09,1.4338583e-09,-3118.826,517.5891,16.434788,-1.7711702e-09
119.87033,-1.2806e-08,491483.3,-2.2753305e-08,15.7205715,-3.790555e-08,-1.490445e-09,-4.947975e-09,3.4661152e-09,7.4589196e-10,-2754.6487,723.59827,40.88916,1.5267189e-09
41.19226,3.0448543e-08,191296.83,2.069949e-09,12.777094,6.045574e-10,5.0892517e-09,-1.2211519e-08,-9.2367264e-10,2.5970932e-09,4346.0376,-19.133835,46.755016,5.0044613e-09
125.71248,-5.1598118e-08,279976.75,-3.0326945e-08,9.884168,1.3692429e-10,-8.275183e-12,1.1669601e-08,1.7914357e-09,4.6788253e-09,855.50903,652.83685,31.629723,-3.202951e-08
50.726864,-3.4170373e-08,154133.28,1.5614281e-09,8.04685,6.304633e-09,-4.1309015e-10,1.6473281e-08,5.227638e-09,1.6830279e-10,196.86694,108.660995,41.27503,-3.494858e-08
78.00252,-5.9180948e-08,255833.69,2.4970367e-10,11.442787,-1.202819e-09,-4.692581e-09,2.4174842e-08,7.0860477e-09,2.7439768e-09,225.41235,30.943863,38.499153,-2.7418862e-08
-139435580000000.0,7.6808746e-08,3.5286738e+16,28564.986,27087333000.0,1.2970366e-07,6.5249073e-09,5.085722e-08,1.7590487e-08,1.7870446e-09,7455.0703,1011.02454,94.77026,3.3670409e-09
71.39927,2.2330664e-08,191432.23,-4.743304e-09,9.432829,7.521792e-09,1.7793523e-09,-1.00257225e-08,-4.4018408e-10,-3.5364117e-10,1286.7322,475.42126,37.159744,8.839875e-09
24.34822,-1.2023306e-10,123617.78,-3.4541279e-09,7.209979,1.2956166e-09,4.752511e-10,-2.4679297e-10,1.7282468e-09,2.3688103e-09,1624.8357,-0.8188095,38.02555,-9.9078e-10
33.19204,-1.00000666e-08,44489.734,-1.2504856e-09,10.885025,-4.568928e-10,2.1134133e-10,1.8041543e-09,3.1886336e-09,-4.2445403e-09,-142.87602,-12.3074875,71.34377,1.1735111e-08
-41.896633,-3.0734362e-09,562607.1,6.265426e-09,3.3705006,-2.421087e-09,-2.8234287e-10,-5.959282e-10,7.305147e-10,-4.9043445e-09,-591.6028,-9.9168625,30.087782,1.972561e-08
-2.714676,-1.4807798e-09,215012.83,-1.244841e-09,10.243755,2.5507232e-10,-3.3742037e-10,-8.358997e-10,3.7196315e-09,-1.6236651e-09,-590.1789,-6.193001,32.920612,8.191369e-09
14.228449,-3.901527e-10,211870.67,1.4138593e-09,10.535934,3.0850134e-10,-5.4591215e-10,-8.65279e-11,2.6806832e-09,-3.1107936e-09,-695.71326,-0.16188812,20.6004,8.4964515e-09
-6.403637,-3.1258245e-09,458538.2,2.592781e-09,4.628017,-6.5278255e-10,8.368784e-11,-5.109717e-11,1.9309614e-09,-1.8442775e-09,-473.3913,-7.6550446,28.252441,1.2875742e-08
60.457184,-6.8422894e-09,381227.0,2.703482e-09,10.056345,-1.2774167e-09,-6.5076916e-10,6.353629e-11,5.423529e-09,-7.0445108e-09,-850.4383,-7.3165207,48.197628,1.8477913e-08
148.27003,9.644314e-10,318432.5,-4.8201527e-09,9.515537,-7.236992e-09,2.591491e-10,-2.2889868e-08,7.781681e-09,5.360043e-09,9567.64,566.00085,40.718296,3.7450086e-08
36.635147,5.0928213e-09,216195.88,-1.1198138e-09,8.778548,1.968098e-09,-3.657247e-10,-1.1944157e-09,-3.1956076e-09,7.968045e-09,-3.737915,29.60399,29.617619,-1.39141045e-08
82.21961,-7.918657e-09,247237.64,-1.6869247e-08,7.5525084,-2.610932e-08,5.389387e-10,-1.0843941e-08,-1.4155498e-09,-9.820401e-10,1974.367,57.12932,46.947163,-9.9109085e-09
57.555458,-5.7531486e-09,122681.47,3.599908e-09,5.6389337,4.1479664e-10,-7.0794737e-10,9.154251e-10,3.1867702e-09,-1.8966608e-09,-873.9139,-8.1971855,27.584099,1.0818166e-08
73.01096,-3.0688962e-08,346291.28,-1.9577085e-08,9.9202175,-2.0893864e-08,1.616665e-09,-1.6779666e-08,7.696179e-09,4.726027e-09,552.55493,1005.8709,33.039276,-1.7134788e-08
38.27143,-8.9922725e-10,340680.7,1.8379003e-09,9.162584,9.034639e-10,-7.045141e-11,-5.1191557e-10,-9.363902e-10,-4.746803e-09,-515.821,-4.7971344,30.454197,9.490393e-09
112.0155,-3.5542747e-08,450210.25,-5.916192e-08,11.295495,-4.0816868e-08,-7.124075e-10,2.966253e-08,7.4075546e-09,4.7463105e-09,-1013.31177,370.3128,78.973816,-3.0608675e-08
72.12471,-4.552141e-09,325595.0,-3.60131e-09,9.500003,-6.484509e-09,1.3389198e-09,1.7295697e-08,8.1263685e-10,-5.945857e-10,-997.2883,-2.676239,61.268394,-1.176517e-08
-1.9516068,-9.273444e-09,339691.88,1.8272661e-09,10.354623,6.9134776e-10,-8.2468025e-11,2.5471418e-09,3.652604e-09,-4.8632733e-09,-777.87646,-12.413132,38.422195,1.6467908e-08
-14.926353,2.6804272e-09,111742.17,2.2618407e-09,4.621271,-3.9847503e-09,-4.4173964e-10,-4.0767403e-10,1.7790953e-09,-7.581659e-10,-571.4498,-4.587826,27.159431,5.612562e-09
49.0794,-7.574939e-09,294857.7,5.328385e-09,7.8800125,5.356923e-11,2.676019e-10,1.3441849e-09,4.857175e-09,-4.7628275e-09,-835.85077,-12.734261,39.945446,1.4205484e-08
15.610779,4.6249127e-08,-5667.422,1.3794952e-09,11.253017,5.5486627e-08,7.567312e-09,-2.414692e-09,-6.8345054e-09,-4.07258e-09,-3510.6423,-232.62614,57.544395,5.1839177e-09
95.3013,7.824909e-09,192622.16,-6.2508825e-09,13.235824,2.2536904e-08,-4.154234e-09,4.0236845e-09,-6.6761346e-11,8.9723684e-10,2398.483,319.5489,28.169628,-1.650628e-08
45.645218,-1.46093635e-08,141598.11,7.360842e-10,10.619329,1.2614756e-08,1.5527563e-10,1.48787915e-08,2.6764e-10,-2.9672669e-09,-1441.4578,-102.32048,24.05977,5.5637583e-09
60.547585,5.176224e-08,358994.7,-3.6804295e-08,7.746351,-4.4639364e-08,2.9867098e-09,-3.486978e-08,-8.936599e-09,-1.5800192e-09,16435.03,403.25104,67.171776,-1.9494312e-08
55.7796,-6.9958126e-08,218632.34,1.907254e-09,8.131728,2.5844741e-08,-1.8655803e-10,3.4101213e-08,1.1367267e-08,-3.259831e-09,368.96753,187.90524,31.527231,-3.9796193e-09
26.832447,2.8216483e-08,19040.781,-2.4695406e-09,12.857883,1.6203987e-08,4.325325e-09,-1.0031429e-08,-8.700073e-09,-2.8837932e-09,-5085.367,-561.9608,55.838177,4.6885216e-09
124.007034,-2.5590792e-08,280038.5,-3.2381415e-08,14.181551,-2.2646686e-08,3.40045e-10,-2.4302372e-08,1.4854636e-09,1.4998782e-09,-355.27124,783.047,45.741554,-1.9799591e-08
29.087574,-5.1325615e-09,98010.33,-2.699997e-10,10.308766,6.8174666e-10,-4.4545728e-11,1.1851119e-09,1.4041209e-09,-5.059059e-10,-499.39563,-11.127022,48.189533,1.2484521e-08
63.164993,-3.3598364e-09,113146.78,-3.7663526e-09,6.173808,-1.1151285e-09,8.277441e-12,-5.498793e-10,-1.0028606e-09,1.8111089e-09,151.6067,-8.462883,52.0279,-5.1960147e-09
67.36692,-7.806196e-09,200145.9,2.6625433e-09,13.619053,6.852865e-10,-7.408868e-11,3.7923698e-10,4.740962e-09,-4.641842e-09,80.88712,-13.002213,50.4223,1.4949892e-08
30.15562,2.3611452e-08,116068.47,6.1762635e-09,12.830793,1.3502271e-08,2.2283937e-09,2.256085e-09,-2.6197378e-09,-1.869493e-09,229.92041,-151.93028,53.80313,2.0839893e-08
83.58835,4.6892303e-08,414203.8,-3.5032883e-08,13.353523,-3.55804e-08,2.940819e-09,-2.2172012e-08,-9.053195e-09,4.2434614e-10,-1427.8088,210.27318,33.840553,-1.1732423e-08
14.204067,-3.5729846e-09,274181.84,5.0479305e-09,11.868309,-1.1393373e-09,1.2941011e-10,-1.8600035e-09,3.0541238e-09,-3.626882e-09,-633.7639,-12.711998,25.930466,1.3151121e-08
59.623363,-5.552312e-10,173979.05,-2.0019486e-09,11.657077,1.1105155e-09,-5.4940694e-11,-1.6385854e-09,5.218814e-10,-3.4755214e-09,-376.11554,-5.3864098,58.726616,1.14209255e-08
46.7886,-8.290449e-10,263195.06,-3.6783638e-09,10.828676,7.933973e-10,-4.2165386e-11,8.778657e-10,4.191113e-09,-4.5968775e-09,455.25372,-4.871147,48.495174,5.2589244e-09
36.278458,2.7643006e-08,210680.56,-1.01944915e-08,11.681178,5.814749e-09,2.470834e-09,2.8052376e-09,-3.0591776e-09,-2.230763e-09,7774.116,-123.77556,66.43492,-2.3795733e-11
44.419792,-3.3758134e-09,363340.97,-7.08287e-10,13.010688,-9.722855e-10,-2.312012e-10,-5.255568e-10,-5.5703786e-10,-5.4566436e-09,-589.00574,-7.0468903,48.329346,1.1192797e-08
74.48732,-6.6925967e-09,280393.56,-3.6920983e-10,5.9523344,-1.3700625e-09,1.5638672e-10,-6.1778893e-10,3.7855212e-09,-4.3472523e-09,259.01157,-4.0347404,41.38316,2.0465553e-08
1.1504922e+26,-1.2265627e+18,-1.1510764e+28,-7.3974307e-09,10.994164,-9.852261e-09,9.8984545e-09,-6.987674e-08,-9.9701154e-08,-1.2698327e-08,2653.6548,-181.43996,-1.5804832e+22,5.866103e-06
90.62398,-4.0111452e-08,243114.86,4.561528e-09,12.562678,4.83497e-09,-1.0995259e-09,2.4878078e-08,4.6911e-09,2.741599e-09,-1131.9114,-56.85753,40.76503,1.0385766e-08
58.631783,-4.7487635e-08,272365.2,8.921046e-09,11.922914,1.4564056e-08,-3.193095e-09,2.2200853e-08,5.728343e-09,-1.4379002e-09,-815.3142,-51.581345,49.294605,2.2341366e-08
50.705727,1.2315608e-08,171505.38,5.737199e-09,12.696018,2.7980581e-08,1.7874519e-09,-1.1500787e-08,1.793412e-09,-3.2683636e-09,-201.5354,-30.700089,45.669544,1.6088036e-08
179535820000.0,-1872.3197,-20465630000000.0,-2.3515096e-05,3600.733,8.027144,-2.526521e-08,2.0435117e-07,6.913366e-08,1.6554823e-08,18643.357,532.55743,62.026226,-1.6854372e-08
53.275352,-1.1353637e-07,286161.7,8.558352e-09,8.3431015,1.9083165e-08,-3.6330958e-09,3.0422758e-08,1.8586311e-08,8.5010293e-10,106.97656,214.10202,46.8521,2.0992132e-08
80.52467,3.204437e-08,371511.88,-4.493259e-08,10.464875,-5.135861e-08,-1.8242902e-09,-2.2279306e-08,-7.5383255e-09,-1.502994e-09,5192.294,938.4416,63.20381,-1.2748518e-08
-13.282166,-9.0020515e-09,383929.22,8.23493e-09,6.829541,6.1875793e-10,-7.405661e-11,2.1584226e-09,3.771121e-09,-5.268029e-09,-645.29956,-11.435867,26.181885,1.5960174e-08
30.375969,-1.0841089e-08,157028.25,5.384625e-09,15.1411915,6.1455513e-10,-6.0166583e-10,1.549608e-09,4.8642677e-09,-4.5111763e-09,-1060.963,-17.084023,26.119854,1.37764555e-08
41.397625,-2.839096e-09,107998.47,-2.2613973e-09,11.392908,1.1749878e-09,-1.9326392e-10,1.778148e-10,2.6026996e-09,-3.293947e-10,-546.4702,-10.220406,41.854874,7.916397e-09
32.265724,-2.5439881e-09,257207.22,1.3466647e-08,11.80329,2.0846175e-08,-5.6063806e-11,2.0586286e-08,3.9023456e-09,1.6993303e-09,2103.904,102.43573,40.45543,3.5424993e-08
56.974136,-5.0729705e-09,194249.73,-2.6097824e-10,12.171372,1.0651776e-09,-6.3157135e-10,-9.8975e-10,3.534218e-09,1.6232251e-09,-944.61456,-19.811035,52.729385,1.0377934e-08
64.82018,-5.2335314e-09,115065.914,1.5738362e-09,11.296441,9.2080094e-11,-4.547541e-12,-2.9856823e-10,1.9423492e-09,-4.1687036e-09,-1062.3398,-8.42194,31.982014,1.5582751e-08
-19.267666,-2.8031104e-09,242194.44,-2.0062839e-10,5.372628,-2.4708255e-10,-5.1341004e-10,-1.2570731e-09,3.6857326e-09,-2.8232763e-09,-644.05444,-8.658913,38.555508,1.2774306e-08
1.0553558e+28,-1.125136e+20,-1.0558923e+30,-7.397427e-09,10.994165,-9.852261e-09,9.898458e-09,-6.9876755e-08,-9.970108e-08,-1.2698289e-08,2653.654,-181.43999,-1.4497903e+24,5.866102e-06
30.412256,-3.9271084e-09,175087.62,2.3326918e-10,15.932308,2.2918077e-10,-1.823879e-10,4.5068557e-10,3.5168046e-10,1.5278138e-09,-449.32568,-10.536446,47.979015,9.260033e-09
42.69579,5.2779314e-10,22699.484,-2.0471654e-10,11.82817,-1.1700135e-09,1.8520482e-11,1.0061926e-09,-2.0922313e-09,-1.1279346e-09,4245.1694,38.85424,31.34224,-6.00139e-09
3.7072334,-1.10452625e-08,173541.66,9.030754e-09,9.438544,7.499036e-11,-3.9586553e-10,1.0651577e-09,5.1084457e-09,-4.223863e-09,-770.8453,-16.031433,24.03527,1.2803649e-08
58.12941,-5.0918287e-09,320510.8,3.2618241e-09,10.323236,-4.5825135e-10,-3.9377793e-10,4.1237105e-10,1.8818611e-09,-2.1918962e-09,-575.5222,-17.444069,34.480267,1.3488071e-08
70.249596,-9.4145385e-08,159171.77,-4.304244e-09,9.089475,2.5196607e-09,-2.1644946e-09,2.7328454e-08,1.2457418e-08,-1.5046747e-09,-456.9524,128.68533,39.478367,-1.12058e-08
67.07103,-7.812569e-08,289086.94,5.7777725e-09,10.344605,1.39273215e-08,1.0734461e-09,2.8706731e-08,1.3521649e-08,-2.156229e-09,-770.3015,122.201675,16.230536,4.968504e-08
10.063084,-4.2889727e-09,259023.84,-1.1313813e-09,11.6712475,-1.114599e-09,-3.4319284e-10,-1.8078973e-09,2.2566802e-09,-1.5077352e-09,-710.20544,-11.277054,58.272026,1.0013535e-08
54.832375,4.3450886e-08,384005.34,2.9305505e-09,9.235802,1.5578095e-08,4.9423865e-09,-1.3232702e-08,-1.18037775e-08,-6.4063834e-09,-18110.037,-446.59497,25.648737,2.497398e-08
88.23538,-2.7326892e-09,230253.44,-4.4104085e-09,6.1715894,-1.012472e-09,-1.6444842e-11,3.212823e-10,8.775427e-10,2.7742806e-09,648.4263,39.97744,50.568424,1.28004976e-08
3.3043338e+17,-3442574000.0,-3.765932e+19,-2.2723607e-05,3533.7405,14771664.0,-2.5598476e-08,2.0657505e-07,6.960528e-08,1.6691128e-08,18738.24,531.17816,62.01252,-1.6950944e-08
142.19437,2.3770575e-08,200635.38,-5.904548e-08,12.812878,-1.4114695e-08,-4.7168736e-10,-1.43179335e-08,-5.356511e-09,4.058373e-09,17614.256,399.74335,46.53326,-3.629821e-08
134.15962,-9.748559e-08,286346.72,-2.3654254e-08,4.9668555,-9.1289785e-09,-2.9047111e-09,1.6447897e-08,6.2142833e-09,-1.843234e-09,-962.0315,47.02585,38.073174,-1.4346551e-08
76.504425,-7.1226225e-09,285126.66,-4.3135797e-09,8.292094,5.9854095e-09,9.928917e-10,1.4092313e-08,-5.6844346e-10,-1.745577e-10,-4471.503,-58.10637,35.782837,-3.044538e-08
9.09638,-1.2376435e-10,211539.2,-2.607486e-10,13.140663,1.1999516e-09,-4.94705e-10,1.0130415e-09,1.7236906e-09,-2.4983415e-09,530.6197,-9.087212,53.012897,3.2879945e-09
1972452900000000.0,-21028722.0,-1.9734545e+17,-7.397414e-09,10.994165,-9.852256e-09,9.898452e-09,-6.987674e-08,-9.970111e-08,-1.2698274e-08,2653.6548,-181.43785,-270964790000.0,5.8661594e-06
71.35778,1.1734114e-07,-55747.36,-1.7391663e-08,16.633612,-1.41157885e-08,6.025227e-10,8.834709e-10,-1.5999354e-09,1.0052267e-09,42400.95,529.51447,39.51916,-5.449832e-10
0.47809982,9.511939e-10,249953.92,2.1939877e-09,10.40042,-5.5809013e-10,-5.5183297e-10,-4.624649e-09,7.9320783e-10,-2.2135187e-09,-828.0866,-5.8288307,32.6045,4.9801425e-09
42.081154,5.1643912e-08,-25195.812,9.973516e-09,12.973134,3.1820777e-09,1.1248963e-09,-8.267845e-09,-1.5019147e-09,-4.60618e-10,16195.224,69.20353,54.962227,5.218983e-09
57.912064,2.4556417e-09,158519.86,-6.499151e-09,11.873731,-1.1336688e-09,8.196646e-10,-1.0167439e-09,-1.0069489e-10,3.4845826e-09,-1141.1422,23.229984,34.162437,-6.6948584e-09
30.059126,-8.20705e-09,216187.34,3.282962e-09,12.373254,-1.413745e-09,-2.7842398e-10,-6.2271546e-12,4.807925e-09,-5.129329e-09,-889.09344,-9.460533,35.056175,1.5379465e-08
48.934036,-7.537784e-09,161195.05,1.4032618e-09,11.492946,-8.699291e-10,-3.5915565e-10,1.1557194e-09,6.7009758e-09,-3.7222465e-09,-275.47308,-14.586273,32.694813,1.01037525e-08
85.87475,1.290484e-08,323199.9,-4.7305986e-09,10.888685,-1.9197441e-09,-1.7276006e-09,-1.7249974e-08,3.4222951e-09,-2.4396702e-09,4652.1978,689.55963,39.494637,-1.8697508e-08
-1.5090561,-9.028253e-09,408470.0,2.3878421e-09,6.0856295,-6.8511397e-10,-2.1379233e-10,3.0791305e-09,4.741329e-09,-5.0001456e-09,-587.3617,-13.315437,40.738346,1.6708746e-08
130.27296,1.5120285e-08,29367.5,-4.8120707e-09,15.149137,6.713284e-10,7.406371e-11,-4.32089e-09,-8.690426e-09,2.5607136e-08,582.138,885.2661,40.35831,-3.2334353e-09
85.7773,-4.0113313e-09,124032.47,1.7759394e-09,7.941641,-1.107902e-09,-6.771035e-10,-1.0898675e-09,9.296387e-10,-2.7206604e-09,-1145.6692,-14.154854,22.804005,9.150718e-09
30.447277,-9.952614e-09,-5801.828,2.2806068e-09,10.842914,5.5044114e-10,-8.0563217e-10,2.0989699e-09,5.8848575e-09,-3.997194e-09,-827.2911,-17.377625,43.165855,1.2787178e-08
20.470484,-3.4001586e-09,229567.05,1.3857703e-09,10.1138525,-8.731604e-11,-2.149863e-10,-3.8518014e-10,2.3070457e-09,-1.5779231e-09,-384.59857,-10.084351,44.75822,5.3494413e-09
99.66961,1.2220129e-09,297011.38,-2.270947e-08,5.5998187,-1.1005151e-08,-1.2892316e-09,-1.0725721e-09,-3.432414e-10,-1.5643921e-10,-2666.0994,340.44385,32.713013,2.3081215e-10
23.444305,-1.0028106e-08,177693.19,3.2165977e-09,3.6718946,9.260793e-12,-4.621599e-10,1.0002124e-09,5.943384e-09,-3.576744e-09,-574.657,-13.504913,41.555336,1.5362623e-08
105.24469,8.0582176e-08,386783.3,-4.764433e-08,6.379689,-5.3686776e-08,3.0451706e-09,-2.2380267e-08,-8.021825e-09,-5.7795013e-10,3578.044,746.3167,47.565678,-5.94879e-09
71.352516,6.678958e-08,221916.53,-2.4972655e-08,12.014766,-2.5067882e-08,2.0955762e-09,-1.6146391e-08,-6.1331438e-09,5.9028227e-09,16952.59,600.12964,47.71691,6.77832e-10
16.762594,3.3846476e-08,333082.78,1.2217712e-08,9.402596,8.47673e-08,1.1481812e-10,4.2132978e-08,-1.8491486e-08,-7.09382e-09,-830.46655,-113.91258,36.125267,5.3560747e-08
40.964565,-6.6672676e-08,186790.83,1.1782362e-08,12.244008,1.3249274e-08,-5.174352e-09,2.6306257e-08,3.7719445e-09,-5.5245647e-10,503.24512,83.371086,37.471252,-2.4621562e-08
161.14856,-4.0163574e-08,190224.14,-6.121091e-08,5.130354,-2.8439052e-08,5.5397664e-10,-1.8230049e-08,7.0726682e-09,2.7169857e-09,12919.078,222.00015,36.817463,-6.243821e-09
41.213272,-2.6562785e-09,248605.52,-1.7618292e-09,14.001232,9.516321e-10,-9.638925e-10,-9.529738e-10,1.6268175e-09,-1.0998087e-09,-1616.583,-12.020592,48.509285,8.663126e-09
73.26778,4.5272003e-08,400700.7,-3.0075956e-08,11.103453,-5.404313e-09,-4.733511e-11,-2.4618993e-08,-6.7257555e-09,-1.3540261e-09,14217.271,475.04297,53.98661,-2.2959513e-08
52.012356,-5.305905e-09,225128.69,-6.0753674e-10,12.500477,-3.5549944e-10,2.132726e-10,1.3126099e-09,3.3185255e-09,3.1000194e-10,-441.23798,-4.8425217,50.657642,9.359512e-09
34.695736,1.8133975e-09,238643.6,1.0474372e-09,11.380747,1.3088559e-09,5.009711e-10,-1.7149718e-09,5.289343e-10,8.711563e-11,-656.47943,0.83420944,38.698093,-3.0220564e-09
35.930344,-8.765315e-09,165653.64,8.5356505e-10,15.296172,4.1523163e-11,-6.498384e-10,1.6293178e-09,4.1229624e-09,-4.1233963e-09,-742.93256,-14.161964,38.53446,1.47138595e-08
60.541374,-5.784751e-09,384366.44,-2.12717e-09,13.246542,-9.1647784e-10,-8.736595e-10,-5.8466104e-10,1.7014858e-09,-1.3259916e-09,-58.218597,-10.253212,54.374374,2.7967271e-08
74.875916,2.3226319e-09,42007.83,-3.3691522e-10,7.8486147,-3.8559547e-09,-7.429414e-10,-7.380113e-10,-3.55178e-10,-1.2369702e-09,-232.09132,39.03291,30.972687,-7.3819656e-10
123.08772,-1.2266825e-07,388050.8,-6.2384224e-08,7.824608,-1.388017e-08,-2.0094921e-09,5.952471e-09,9.678552e-09,1.2069363e-09,78.46777,315.10394,59.789085,-1.8452216e-08
96.5108,1.410642e-08,123767.04,-4.8430877e-09,14.02576,-1.42403405e-08,6.7434697e-10,-6.372947e-09,-5.847068e-09,4.939297e-10,-1482.8547,338.2934,14.704235,1.1901607e-09
30.110516,4.6358704e-09,124348.96,5.15385e-09,9.462701,1.0912796e-09,-4.138528e-10,-1.966072e-09,-1.972919e-09,-1.3219209e-10,-409.97778,24.430435,25.164509,-7.801483e-09
-2.7599144,-5.4747756e-10,282362.12,9.0676167e-10,7.1820507,-4.959544e-10,-1.7467681e-10,-1.6510432e-09,3.4015617e-09,-8.463242e-10,-296.95245,-1.9919281,35.02038,1.04142615e-08
126.486206,-9.201108e-09,151339.67,-3.0120478e-10,12.19517,-3.529532e-10,-5.845647e-10,-2.072602e-09,9.125687e-11,2.0176896e-09,3075.9946,-36.423782,58.98882,3.7285655e-08
136.6806,4.7217675e-08,164315.27,-3.3436514e-08,8.682302,-1.0769016e-08,2.5332758e-10,-5.7990555e-08,-8.212418e-09,8.941736e-10,4871.2266,887.77246,37.567665,8.8120835e-09
50.530746,-3.8967745e-08,157113.64,1.2464303e-10,12.257794,2.2581514e-08,-1.6690033e-09,2.1010056e-08,7.4111983e-09,1.4504363e-09,-437.6438,-75.099655,31.359756,2.2660631e-09
46.70737,-3.034691e-08,247043.36,-6.3113452e-09,12.059689,1.6332661e-08,-7.797262e-10,1.836703e-08,5.77436e-09,-4.5965334e-09,902.7822,-217.60802,51.86699,-1.40962975e-08
95.01513,-9.799622e-08,286511.0,-1.2482132e-08,6.261793,-5.7709815e-10,-1.0164661e-09,3.354746e-08,1.1088863e-08,7.789946e-11,-835.2068,221.5192,51.79614,-1.3295381e-08
87.17819,2.1760496e-09,304727.97,-6.6032024e-09,11.930785,1.1210466e-08,-3.0936625e-10,-1.7275434e-09,-1.9316613e-09,1.4256023e-09,-1618.5432,145.26074,41.330803,6.327531e-09
69.217865,-1.6536811e-08,390380.8,-2.1405915e-08,13.903516,-6.73184e-09,1.8238648e-10,-1.2073946e-08,5.27667e-09,1.3538916e-09,2070.7532,280.56076,55.1163,-2.664241e-08
23.926039,1.2865036e-09,74153.23,-1.0669317e-09,8.399097,-3.1233482e-09,7.307561e-11,2.3097686e-10,-2.0460997e-09,2.9497664e-09,36.88687,6.981346,18.548635,-2.7985398e-09
69.59456,-1.0761555e-07,452466.0,-3.129049e-08,9.211742,-3.83242e-09,-1.6169405e-09,2.0076275e-08,1.4630998e-08,-6.0108207e-09,-66.683105,572.0989,47.715263,-3.9324213e-08
54.298447,-7.9197235e-08,105116.02,3.5567802e-09,12.755838,1.3512433e-08,-7.075857e-10,2.449846e-08,9.396203e-09,6.7407996e-10,-258.6526,42.545593,30.457771,4.8634097e-09
60.60802,-9.047463e-12,211012.42,-1.4490706e-09,11.336443,-6.7605455e-10,-6.9520896e-11,3.6836444e-11,1.1388126e-10,1.0215097e-10,-961.164,-36.467087,47.746235,3.9126196e-09
79.90233,-7.786296e-08,368069.25,-2.5014485e-08,6.361908,1.809326e-09,-3.6614287e-09,1.42533745e-08,1.110676e-08,2.0076472e-09,1272.2852,466.44946,48.25776,-4.0697003e-08
61.120773,-5.5235382e-08,291356.6,1.0312235e-08,10.481741,1.1867645e-08,-2.6531917e-09,2.5565129e-08,6.7924186e-09,-7.48208e-09,252.64502,91.526726,47.1675,9.180377e-09
120.824066,-1.6764795e-07,689107.75,-3.5980617e-07,6.6697283,-4.39755e-08,1.1828301e-08,1.7066364e-08,1.1459072e-08,5.040827e-10,485.4568,291.84393,102.406845,-5.1170524e-08
50.688606,-5.4082423e-09,163067.94,4.9900173e-09,6.9549828,-3.79449e-11,-1.075903e-09,1.7622835e-09,4.841909e-09,-3.377416e-09,-762.14886,-8.773678,32.718372,1.1625372e-08
33.442184,4.2360595e-09,414623.88,-1.6643773e-08,10.267268,-1.7626714e-08,5.6749445e-09,-7.383607e-08,-1.052306e-08,4.0880908e-09,-648.3259,892.7772,63.202644,-3.3686376e-08
95.001465,-5.9892455e-09,238912.95,-6.532887e-10,6.7602654,-5.385864e-10,-3.572298e-10,-1.000559e-09,5.037857e-09,-2.8801146e-09,-119.43321,-1.6838531,33.933105,1.953556e-08
26.728659,4.1472186e-09,249762.0,-5.3002586e-10,10.611333,-5.6817345e-10,-5.872185e-10,-9.2926694e-10,-2.6349118e-09,4.5239053e-09,865.1753,29.45117,41.317703,-7.666299e-09
13.220642,7.342799e-10,200619.06,-1.4759453e-09,15.324835,2.9269167e-09,-2.35319e-10,2.3246731e-09,-1.1933696e-09,-7.719363e-10,-954.6734,-1.5522804,28.036694,8.1324965e-09
196.18086,-9.483075e-08,348184.7,-4.9091142e-08,16.778584,-3.162698e-08,-4.1180973e-10,1.091038e-09,1.3917203e-08,5.7962137e-09,13932.994,147.03592,45.244526,-5.53869e-08
62.071342,5.06326e-08,347290.12,-3.1612024e-09,7.177135,-1.6979655e-08,6.245232e-09,-2.3864676e-08,-1.14956356e-08,-9.962842e-10,-7105.3936,258.41965,14.738979,2.0398828e-08
30.115364,-7.2028192e-09,465415.3,3.3753413e-09,8.767757,-2.0496143e-09,1.7592545e-10,2.1571482e-09,2.6844669e-09,-5.5158407e-09,-469.13513,-7.777199,49.97814,1.4768253e-08
37.059235,-5.3178737e-09,270629.88,4.5530553e-09,8.824204,-1.3995213e-09,-2.8170452e-10,-8.961473e-10,4.2445496e-09,-5.6564695e-09,-675.0398,-10.034454,32.985245,1.4472124e-08
88.02841,-2.0763786e-09,74783.89,-2.2250697e-09,11.0604,-2.6086366e-10,-8.760988e-10,-3.7024778e-10,-3.279958e-09,2.7918348e-09,-1258.6453,32.505768,50.962715,3.3719898e-09
105.79038,-1.8088635e-08,317688.8,-2.7429017e-08,5.604083,-2.7474332e-08,-2.547929e-09,-6.1424923e-09,2.1406728e-09,-6.2118444e-10,13.483398,227.6413,42.30482,-9.175509e-09
62.73594,3.2722916e-10,19155.766,-1.9756197e-09,12.222137,1.6029961e-09,-3.2068964e-10,-1.6590194e-09,5.7782676e-09,-3.0939293e-09,11.191193,7.380497,26.783735,4.259267e-09
261.58072,9.739397e-09,300862.8,-3.2506293e-08,6.645657,-2.0722547e-08,1.9477324e-09,-2.2770115e-08,-5.3342233e-09,-7.6101495e-12,-1276.2673,543.8314,-10.283619,5.767833e-10
92.88225,-1.3555703e-08,222070.58,-6.589796e-09,10.615356,5.284069e-09,1.1165863e-09,7.3280844e-09,2.408649e-09,-5.149261e-10,7738.032,209.79707,36.15564,5.298703e-09
36.706066,-1.0160167e-08,209429.28,-7.043978e-09,9.257114,7.2682735e-09,-5.8616556e-10,-1.3685805e-08,6.8528796e-09,9.801155e-10,-240.67456,446.03857,53.814793,-1.6640952e-08
80.76868,-5.223887e-08,480386.0,-2.134303e-08,8.720331,3.8557435e-10,2.2791533e-10,-1.7282716e-08,6.6095853e-09,-8.396687e-10,-115.10254,890.88,33.09035,-2.1607061e-08
14.196249,-1.1742055e-09,104047.21,2.4314555e-09,4.3991575,6.904728e-10,5.59631e-12,-1.843971e-09,2.4111557e-09,-5.585009e-10,-465.18488,-3.5777016,34.98462,7.3604953e-09
35.340107,-2.8590641e-08,253506.14,6.6685244e-09,11.630008,2.4024834e-08,-1.4366665e-09,3.3328167e-09,6.680682e-09,-2.660897e-10,70.11572,-3.8333893,24.8614,1.408167e-08
79.91965,-4.4673364e-08,338090.22,-5.7520836e-08,8.184807,-1.9905075e-08,-2.3100737e-09,-3.8883727e-09,6.711413e-09,-1.94868e-09,1051.0298,226.88683,64.1449,-3.301235e-08
72.32245,-8.9898125e-09,143846.94,3.0592004e-09,12.185345,-5.9300653e-10,-4.3413861e-10,7.639195e-10,8.005225e-09,-2.2399305e-09,-1419.9752,-12.630943,32.493454,1.5671619e-08
16.260414,-6.381188e-09,238629.53,2.018767e-10,10.996828,-2.1449504e-09,-3.8416695e-10,1.001093e-09,2.5242894e-09,-5.104262e-09,-863.0086,-13.356873,58.367382,1.2353205e-08
81.82857,1.3119123e-08,59560.758,-1.6564803e-08,8.513518,-2.7860896e-08,-1.0203868e-09,9.70375e-11,-4.2829034e-09,-1.5689162e-09,11058.474,48.907257,37.4361,-6.139276e-09
301.56924,3.9628393e-08,239512.73,-5.297033e-08,2.964551,-4.6684026e-08,5.2902958e-09,4.363912e-09,-5.611367e-09,7.608805e-10,-3905.4055,120.72341,5.7940674,-1.918642e-09
28.628054,-2.611139e-09,369693.5,6.2390737e-09,7.7944283,1.4024124e-09,-6.1595806e-10,1.9517266e-09,1.4201549e-09,-4.873164e-10,-465.01227,-9.939011,34.512253,1.2462157e-08
51.976112,-8.472875e-09,339798.7,-4.2560572e-10,9.201879,1.213419e-09,3.9270898e-10,1.7795394e-09,3.5198355e-09,-4.7790407e-09,-739.35254,-11.973663,60.360653,2.5015312e-08
28.630934,-7.296633e-10,221544.77,-2.8667748e-09,12.37768,7.847701e-10,2.8316804e-10,8.136626e-10,-8.5561086e-10,1.329461e-09,-479.02087,-8.728283,59.638958,-6.901049e-10
89.40953,-6.230122e-09,257635.27,-5.6419682e-09,10.8884,1.9044932e-09,-8.5857776e-10,8.843916e-09,-3.258301e-09,1.9693432e-10,-3166.4934,224.12183,15.739365,2.0451152e-08
20.786674,1.7649125e-08,-134832.14,-4.946576e-09,12.796266,8.824848e-10,-5.5598653e-10,-7.676538e-09,-7.1275896e-09,3.4057535e-09,-416.5534,32.487053,23.819263,-1.3290734e-09
65.32731,-7.227077e-08,294091.0,-1.0143683e-08,12.568757,-1.4903438e-09,-2.6542633e-09,1.2355205e-08,1.1783882e-08,-2.0737096e-09,279.2478,240.51251,48.77404,-1.7119566e-08
62.63681,-9.6127195e-09,195482.7,4.7609708e-11,10.000633,-9.675457e-10,-3.6325487e-10,8.3569174e-10,4.7335713e-09,-6.0164327e-09,-618.9151,-8.896927,59.19541,1.8401911e-08
55.933113,6.056955e-08,272506.1,-3.1649964e-08,9.325142,-3.5326693e-09,5.3346696e-09,-2.2268424e-08,-5.645772e-09,-1.8790194e-09,9042.454,385.4668,57.598827,-1.4117253e-08
45.99581,-1.0868002e-08,106561.14,3.5257652e-09,12.760603,5.553003e-10,-1.1347496e-09,2.5293692e-09,3.0532261e-09,-4.197275e-09,-1107.7788,-14.691574,30.162514,1.4705754e-08
-22.046398,-6.6235772e-09,260546.66,2.940623e-09,8.001699,-5.342208e-10,-2.791713e-10,3.8630765e-10,3.7168086e-09,-4.815099e-09,-742.8622,-12.633392,33.259483,1.3110003e-08
77.03447,-1.430553e-09,152500.25,-2.7160794e-09,7.4962473,-1.2502155e-09,6.5468836e-10,-1.4981909e-09,-2.9891545e-10,2.2676832e-09,548.3225,1.2644844,87.30098,-6.7673107e-09
77.587296,-1.4229266e-07,345064.62,-4.0359e-08,10.61074,8.396015e-09,-4.1963646e-09,2.4000162e-08,1.6511859e-08,-1.6174865e-09,-323.53394,286.7738,48.73346,-3.6272194e-08
140.33553,-4.500391e-08,283022.84,-1.2313656e-08,12.596154,-7.0368635e-09,-4.0052545e-10,1.1796835e-08,-1.13736846e-10,2.1744053e-09,-1811.4011,218.351,11.365913,-5.825747e-09
86.70999,-8.2997566e-08,318529.84,-4.028886e-09,11.468022,7.933865e-09,-2.9288134e-09,2.9452742e-08,2.289313e-09,-1.2428889e-09,336.75732,165.43964,43.498047,-6.745012e-08
36.180508,-8.735892e-09,224285.4,4.288234e-09,8.243851,1.5248343e-09,-4.2598527e-10,1.1885681e-09,3.4933498e-09,-2.440034e-09,-801.92194,-8.188374,34.364304,1.4510787e-08
19.955252,2.1596278e-09,-5407.1562,-3.332118e-10,11.539134,-1.2191385e-09,-4.552609e-10,-2.5753155e-09,2.896226e-09,3.4442922e-09,395.13916,-14.122818,29.920254,1.3066674e-09
88.03108,-1.18581305e-08,327412.8,3.1253877e-09,8.735875,-2.511034e-09,-1.427208e-10,1.2298912e-09,6.650999e-09,-6.11268e-09,-820.70087,-8.903755,39.696217,2.565473e-08
101.39491,1.5974236e-10,389963.56,-1.5211657e-09,6.4936953,-2.1552463e-10,-6.3402105e-12,-3.5889185e-09,4.443168e-09,8.155764e-09,-423.23175,1.4455528,52.58411,2.1647116e-08
-27.834454,-2.388655e-08,-45305.984,-5.455879e-09,12.871209,1.7027977e-08,3.0804763e-08,1.4617688e-08,2.5338746e-08,7.1460224e-09,449821.72,570.6118,127.79785,-3.11001e-08
32.343773,1.6997857e-10,40355.75,7.114159e-11,9.2712145,-7.445614e-11,8.3853924e-11,3.0097636e-11,-3.416536e-09,2.2563461e-10,855.0655,15.937218,29.884941,1.3506913e-09
46.76087,-6.96198e-09,109794.43,2.9869502e-09,8.81493,-2.9826683e-09,-4.0213588e-10,7.2425727e-10,4.668627e-09,-2.7680709e-09,-831.05383,-13.319351,39.987316,1.1073913e-08
43.683495,-8.5627e-09,297847.9,2.6943114e-09,10.479785,1.6550088e-09,-1.8571163e-10,6.0429134e-10,6.016135e-09,-7.132991e-09,-397.16577,-13.877228,40.830467,2.1389543e-08
32.080326,-7.996118e-09,158752.47,3.0189808e-09,13.051172,9.946698e-10,-6.194543e-10,1.1570206e-09,1.6572423e-09,-2.7021105e-09,-1152.8579,-13.823029,35.562027,1.3812767e-08
97.34035,-6.9576362e-09,271588.03,-4.816083e-08,12.933457,-2.6897506e-08,7.2756096e-10,1.020786e-08,-6.780308e-10,1.6400242e-09,3121.2666,497.03717,45.680805,-2.6544484e-08
44.956364,6.548274e-08,106145.11,-7.1038024e-09,12.245143,-5.3421555e-08,1.5948536e-09,-1.6186583e-08,-4.6377076e-09,-5.693773e-10,14805.165,227.46613,35.79501,6.101444e-10
42.01927,2.0425327e-08,315436.94,-5.3255618e-09,12.490291,1.1452021e-08,-3.9796932e-10,-5.6322036e-09,-3.565106e-09,2.3101705e-09,-1602.258,-77.14635,65.53978,8.295962e-09
36.33423,-3.7332326e-10,241531.5,-1.067251e-09,4.5674715,-2.332729e-09,-4.5761533e-10,2.7153855e-09,-1.4882635e-09,-2.1796452e-10,-496.94904,-3.7164154,50.379642,-2.9749823e-09
53.85328,-1.27692745e-08,223820.27,4.6163033e-09,12.356991,1.1042359e-09,-7.5428375e-10,2.8532314e-09,6.7788495e-09,-5.5412563e-09,-1176.7341,-15.697838,33.445545,1.8065359e-08
56.429455,-5.9286748e-08,219895.16,7.4466716e-10,7.0855193,-8.653192e-09,-2.399486e-09,1.918295e-08,7.8775795e-09,1.2775623e-09,-681.2102,152.71295,33.183502,-1.0538531e-08
51.911316,2.8320577e-09,38098.562,-7.50263e-09,10.031886,9.512101e-10,-6.599303e-10,-6.871486e-10,-1.7757851e-09,7.091831e-09,-542.92316,51.5755,52.34704,-6.9975634e-09
66.15037,-5.4818525e-08,232955.88,3.2425127e-09,12.0681305,5.2251834e-09,-1.9680153e-09,1.9094562e-08,6.027569e-09,4.981037e-10,1071.6338,98.063896,37.94462,-1.6309809e-08
46.241608,-3.403178e-08,199130.47,-5.9107617e-09,12.61641,-7.1398343e-10,-2.243152e-09,1.8863359e-08,2.3893965e-09,2.3620558e-10,-163.06812,114.617035,48.95953,-3.37419e-08
125.33272,-2.2916977e-08,166169.47,-5.5176086e-09,14.700531,-1.19412205e-08,1.2740251e-09,2.8074655e-08,3.2835743e-09,9.242406e-10,-686.35864,-13.399979,37.196102,-1.5797083e-08
17.777369,-5.133766e-09,313831.47,-7.3916884e-10,12.617055,6.4437294e-10,-2.60832e-10,4.1109505e-10,3.4419317e-10,3.5447655e-11,-538.8688,-9.031254,46.00365,1.0675232e-08
31.056192,-3.459137e-08,261429.17,-5.271821e-09,13.606215,1.05209255e-08,-1.3742413e-09,1.6199042e-08,5.801243e-09,-2.0369135e-09,227.55176,408.42267,53.28473,-9.941296e-09
31.483679,-1.0420835e-08,161079.22,3.1844105e-09,11.630436,1.8755564e-09,2.6472824e-10,2.6617892e-09,3.6979855e-09,-4.4369863e-09,-778.6181,-13.510841,40.500603,1.4555325e-08
61.950752,-1.8201062e-09,104289.23,-1.5703187e-09,8.07581,7.236919e-10,-3.9182027e-10,-1.08303005e-10,-9.2749e-10,1.059581e-10,-727.5914,-1.888485,31.76346,9.0735135e-09
59.53875,5.153568e-09,275528.5,-1.9809757e-08,10.808261,9.0617185e-09,-6.9155676e-10,6.550909e-09,4.2510515e-09,-9.4607364e-11,-1095.1531,85.325714,56.92656,-4.5094094e-08
172.70932,5.6033617e-08,386275.5,-6.13266e-08,7.7420564,-6.31782e-08,2.0788695e-09,1.1359065e-08,-2.7761917e-09,-7.1554325e-11,-1489.6921,536.9619,38.355427,-6.476841e-09
62.48511,1.278384e-09,145771.31,-2.20844e-09,9.589189,-2.5560024e-10,-8.360509e-11,1.6703215e-09,-3.2546106e-09,3.368219e-09,-245.62651,7.471382,52.524864,-1.003088e-08
56.41463,-4.658002e-08,342462.7,-8.373838e-09,8.776468,6.8484916e-09,-1.4323893e-09,1.5073969e-08,1.8048076e-09,-5.0860194e-10,-131.9502,90.025185,43.03398,-3.3099518e-08
45.468792,-3.3165334e-10,325369.56,-1.1615873e-09,8.784635,5.101676e-10,1.3559406e-10,-2.3504856e-09,3.6041203e-09,-3.2862728e-09,-946.0699,-6.9498825,48.138893,2.5128823e-09
12.605829,7.6983253e-10,216901.66,-1.6354806e-09,8.345806,-1.1428165e-09,-6.06464e-10,-9.808263e-10,-2.7679647e-09,1.5429906e-09,-471.32263,1.2581825,51.411224,-1.6587111e-09
53.98407,-3.163804e-08,284574.25,4.145778e-09,11.400339,1.0834657e-08,-2.0285382e-09,1.7486725e-08,-2.898007e-10,-1.9105961e-10,217.12036,5.942047,29.209143,-4.853946e-09
184.87596,7.25672e-08,183564.81,-1.2462477e-08,12.1604185,-1.0669725e-08,-1.7285122e-10,-1.9644084e-08,-1.4159836e-09,1.9981292e-09,-5247.834,249.45163,37.44741,1.2916922e-08
28.35131,-5.922898e-09,159314.8,6.7101737e-09,13.491703,-6.612787e-10,-6.6473965e-10,2.0079876e-09,1.2720085e-09,-3.0611291e-09,-857.3832,-15.196236,31.119703,1.11899e-08
109.013596,-1.9026827e-07,357679.38,-4.487847e-08,5.743946,9.375425e-10,-2.1077794e-10,2.9632966e-08,1.911557e-08,-4.449606e-09,8803.869,119.20768,74.09341,-1.32849465e-08
3.4137917,-1.1297459e-08,314411.94,5.3776588e-09,5.6882105,-1.12745945e-10,-4.787452e-10,2.6517406e-09,5.5187868e-09,-4.7743907e-09,-613.4956,-13.280678,38.827164,1.4229834e-08
49.54235,-4.9536584e-09,157567.8,-1.4239605e-09,12.4759865,-3.6568222e-09,-8.6112545e-10,1.5055523e-09,1.6831487e-09,-4.244247e-09,-847.41565,-10.747841,37.265694,8.140623e-09
43.59221,-7.2531154e-09,143758.86,-1.3190505e-09,7.0243216,-6.188736e-10,-5.862866e-10,-9.0560054e-10,6.208741e-09,-5.6325202e-09,-468.06085,-5.0549126,52.820522,1.2795633e-08
103.06053,5.427678e-08,343671.75,-5.2553958e-08,9.464371,-4.509462e-08,6.455684e-10,-4.8299324e-08,-7.476795e-09,1.2456823e-10,586.61865,1027.8716,41.72942,-9.555142e-09
361.20728,1.060995e-07,376813.56,-3.2853617e-08,17.072067,-3.7950187e-08,5.6370686e-09,-2.1797577e-08,-1.6446302e-08,-1.6136831e-09,1194.3252,466.4862,-50.86719,2.9023756e-08
116.93677,-3.0283307e-08,414320.2,-9.22493e-09,11.414049,-7.713461e-09,1.3847211e-09,6.008923e-09,5.8896936e-09,1.017532e-09,319.41675,105.67676,49.533524,-2.1563705e-08
129.23444,1.2762796e-08,352951.75,-2.3692828e-09,9.703705,-1.4277446e-08,-2.6503788e-09,5.4493268e-09,2.4689792e-09,1.0259946e-09,-880.75073,39.453766,27.532827,8.198711e-09
67.21616,-1.8912805e-09,116699.66,-1.9629918e-09,13.857663,7.537237e-11,-1.0405098e-09,-1.5510093e-10,1.0635334e-09,-7.94913e-11,-698.1893,-22.48243,52.44986,5.818899e-09
49.92027,-1.9587864e-08,360114.28,-5.7566316e-09,13.860835,9.884993e-09,-2.091781e-11,-1.819075e-09,3.9810395e-09,-3.261531e-09,1912.8378,42.342422,56.63413,-1.8197667e-08
80.31729,9.2583194e-09,288338.28,6.4754366e-09,6.5105405,-1.1040994e-08,2.375099e-09,7.827958e-09,1.589466e-09,-6.564851e-10,3165.1865,113.10447,34.57303,2.620626e-08
82.734024,-1.4005627e-09,247380.11,5.6982385e-10,11.212396,-1.5412018e-09,-4.7348103e-10,-4.5485105e-10,4.907255e-10,-3.633282e-09,-1733.8063,-4.4049263,41.577774,3.0629235e-09
63.628227,1.1537081e-08,142011.72,-2.0968281e-08,11.604449,-2.1645233e-08,1.9742983e-09,-6.4290364e-09,-2.8343705e-09,-3.008888e-09,1162.5659,184.95409,61.28787,-2.2265382e-08
25.466959,-8.064394e-09,124580.875,2.6600768e-09,10.146766,2.070958e-09,-6.724544e-11,-2.9567432e-10,4.4843684e-09,-2.6659743e-09,-392.05316,-12.731834,28.676037,1.465298e-08
27.375065,-2.5725644e-09,186158.23,1.8869609e-10,9.596509,1.3961013e-09,-1.490243e-10,-8.6109236e-10,3.2348244e-09,-6.331709e-10,-208.70348,-1.783577,48.892097,8.095005e-09
25.92809,-4.519893e-09,277564.12,-6.876887e-10,8.081468,2.2854679e-10,-1.9267028e-10,1.0746842e-09,2.8587315e-09,-1.5637822e-09,-770.7301,-9.856319,52.79938,1.10208e-08
113.66588,-1.00321465e-07,550297.56,-4.0661952e-08,6.701743,-2.6932879e-08,2.2096378e-09,5.8506156e-08,1.0581929e-08,1.377802e-09,-1294.6409,95.32074,71.479225,-1.24815775e-08
39.403122,-3.037682e-09,206972.92,-9.779416e-10,9.549561,9.694698e-10,4.7482707e-10,-8.490785e-10,1.1132143e-09,-2.432059e-09,-479.38025,-11.135368,52.695667,5.0777302e-09
2.3090324,-9.428473e-09,179563.84,5.7606533e-09,12.223915,-4.785486e-10,-1.7230607e-10,7.4765044e-10,3.8152685e-09,-4.4735486e-09,-986.0124,-17.580757,31.077312,1.3024438e-08
48.311302,4.5060605e-10,262922.3,-1.4458996e-09,6.623278,-1.4639129e-09,-4.963433e-10,1.6822314e-10,-2.9703553e-09,1.415488e-09,-70.09691,-13.930908,54.645515,7.795172e-10
80.062515,-2.145488e-08,306092.75,-3.1139013e-08,5.8821907,-1.8358087e-08,-1.8923114e-09,-3.2953622e-09,5.434002e-10,-1.7337602e-09,2375.5525,241.11136,42.38027,-3.396589e-08
57.249207,-8.442933e-09,211676.22,-3.661169e-10,10.551406,-1.5738039e-09,-2.5200186e-10,9.578383e-10,6.8361614e-09,-5.480825e-09,-583.7243,-13.106476,56.79506,1.9951317e-08
116.13388,-4.7827726e-08,346759.06,-7.4617884e-10,11.69429,-2.419989e-09,-1.4207698e-10,1.9851417e-08,2.7550384e-09,-7.5525e-10,-2277.6013,73.00375,10.961536,4.356074e-09
15.816095,-7.05508e-10,228979.66,8.582245e-10,9.607642,-7.8296786e-10,-7.219812e-10,-2.613075e-09,-5.3303495e-10,-2.523876e-09,-461.41968,-3.189354,34.898804,5.069533e-09
42.913578,-3.5347874e-08,134862.14,2.0745752e-09,11.56935,1.05829345e-08,-2.6348372e-09,1.6328693e-08,4.707192e-09,1.3054227e-09,95.872314,3.8261414,50.34664,-1.7425693e-08
74.22039,-5.2062607e-08,275222.16,-2.7855066e-08,8.738556,-1.7358964e-08,9.323055e-11,2.6006377e-08,1.0945764e-10,-1.2238348e-09,1378.367,405.40912,49.94045,-3.437751e-08
35.455566,-8.2523527e-10,248378.98,-2.0775965e-09,9.844763,2.2350737e-09,-9.366896e-10,-1.910948e-09,-2.819842e-10,-2.9603233e-09,-633.4659,-1.9514427,58.163177,4.792771e-09
7.3299294,-5.390842e-09,334703.22,3.9136028e-10,6.48246,-2.7860574e-09,-1.7069986e-10,9.861724e-10,3.471619e-09,-2.2264528e-09,-602.12885,-11.655098,47.725185,1.2232923e-08
52.690327,-3.6379014e-10,143208.28,-4.828276e-09,7.554937,3.4170133e-10,5.98733e-10,-1.4009061e-09,2.5328692e-09,-1.8515677e-09,-173.69658,-0.5907669,45.5291,-2.370941e-10
-1.2394791,-9.881411e-09,533697.0,6.9400596e-09,6.556768,4.6344925e-10,-6.190424e-11,2.244301e-09,4.6096282e-09,-5.5666387e-09,-605.39276,-10.357201,28.151773,1.6896331e-08
104.43863,-6.436922e-09,84202.54,-3.1200809e-09,12.798786,5.9283706e-10,-3.1540878e-10,-1.6237937e-09,-1.8982553e-10,1.4145769e-09,-1147.9802,-37.514664,57.485394,8.041302e-09
37.761448,1.7874222e-10,243687.72,3.3342258e-09,9.0724535,1.4058242e-09,-4.3743406e-10,-1.2531524e-09,2.0501225e-09,2.0182125e-10,-1040.2599,-0.38794327,27.845879,4.1519113e-09
144.04117,-3.4048555e-09,318759.8,-2.1212326e-08,8.120779,-2.6984137e-09,1.9274797e-09,-1.553149e-08,1.6887035e-09,5.624772e-11,-1898.654,378.19226,31.551006,-1.108525e-08
54.59455,-2.1878606e-09,215566.06,2.9295797e-09,13.097307,2.5991062e-10,4.7829485e-10,-5.721123e-10,1.4320374e-10,-2.6531028e-09,-356.85767,-0.73522186,38.91346,3.8454484e-09
45.913223,-4.2495647e-09,241589.02,1.1171518e-09,9.821586,-8.2444634e-10,-1.4298349e-10,-5.447466e-10,-5.7663035e-10,-1.5250164e-09,-775.3671,-13.363838,49.312546,1.4260692e-08
24.72155,-9.174431e-09,172441.38,4.0878843e-09,11.780729,-9.437051e-10,-4.9226245e-10,9.2949315e-10,5.461566e-09,-4.0507597e-09,-914.89655,-14.129814,28.456657,1.2333138e-08
11.650541,-5.6177907e-09,305894.47,2.8375597e-09,10.285005,1.4175613e-10,5.5813743e-11,7.9725776e-10,3.3004597e-09,-4.2080917e-09,-696.43787,-8.349533,34.220615,9.931369e-09
79.50778,-7.055701e-09,223972.11,9.413417e-10,14.536415,-4.850662e-10,-9.402994e-11,-2.667842e-09,1.7151979e-09,9.137427e-10,-1038.6243,-9.508213,42.73415,1.8797426e-08
55.715725,-4.5536264e-09,196468.6,4.256387e-09,7.655262,2.2174952e-10,-1.1299841e-11,-5.3849997e-10,3.2871061e-09,-4.4931636e-09,-612.04565,-14.69194,38.540096,1.18195915e-08
34.760704,9.992848e-09,-121084.42,-8.6206144e-09,8.984059,1.6875858e-09,-7.3860235e-10,-5.5247074e-10,-4.977916e-10,3.997349e-09,596.6826,27.657038,34.61731,-5.309012e-09
53.802357,2.887367e-08,229348.66,-1.5573551e-08,12.342698,2.5341514e-08,-4.7047775e-09,-5.820049e-09,-3.5861585e-09,-4.2737915e-09,23868.844,480.7351,57.604244,-3.7972114e-08
72.94491,-6.5625905e-08,288225.44,-3.900729e-09,6.1999,4.648704e-09,-2.6327904e-09,2.8059885e-08,7.817958e-09,-4.81649e-10,-1321.3245,16.061005,48.684135,-3.441071e-08
53.844147,8.418978e-08,198599.4,-2.1880409e-08,10.060204,-4.2652598e-08,4.548059e-09,-6.5298025e-08,-1.43121515e-08,-6.2136296e-09,31004.535,372.95355,46.112076,-1.5971704e-08
91.45645,-5.992189e-08,315163.47,-1.9124913e-09,12.0646105,7.1545845e-09,-1.5439401e-09,3.9612033e-08,5.9372685e-09,-4.384417e-09,-739.7263,2.539856,27.893734,-3.1479896e-08
7.3015213,-5.0611133e-09,193200.36,-7.6594847e-10,12.124852,-1.9098407e-09,-1.9155101e-10,4.6341878e-10,3.166924e-09,-3.9543795e-09,-742.2307,-10.166489,40.346375,1.2041766e-08
57.647053,2.9121903e-08,27705.875,-1.5617635e-09,12.409161,4.5431587e-09,1.466328e-09,-1.9085839e-08,-8.477852e-10,-1.1954303e-09,2274.4521,474.4411,37.81692,8.938669e-09
19.661367,-7.1600725e-10,140443.44,-2.8636415e-09,8.789301,2.5378993e-10,5.056973e-10,4.5565907e-10,7.283292e-10,1.119851e-09,13.101654,-6.8632927,42.682217,5.524299e-10
39.297073,3.2405694e-08,383621.4,1.4165768e-08,10.474416,1.6625322e-08,2.1695499e-09,4.824035e-09,-7.4458053e-09,-7.8446325e-09,4375.745,-432.8263,61.92179,2.6786902e-08
25.91772,4.876505e-09,353561.94,3.9006345e-10,14.8652,-9.247815e-11,5.9269883e-10,-4.1527065e-10,-4.5099937e-09,7.173231e-09,2836.7283,81.47032,34.564888,-2.2142672e-08
86.85219,-3.390317e-08,366017.75,-2.136046e-08,10.548399,-1.2410161e-08,-1.5381403e-09,-3.6493943e-09,6.616761e-09,1.2885399e-09,1.8701172,741.3359,37.507133,-7.769417e-09
167.57599,-9.473107e-08,308764.88,-6.2059186e-08,-5.55048,-1.4260747e-08,-4.068288e-09,-7.340501e-08,8.322697e-09,3.2522312e-09,4411.2705,240.80951,47.701656,-2.3396579e-08
14.450415,-5.859559e-09,154471.05,5.9899357e-09,8.333217,-1.2221373e-11,-3.413479e-10,1.1514417e-09,2.8991343e-09,-1.7351318e-09,-823.1831,-13.588211,31.116207,1.03882165e-08
-30.31197,-2.3925653e-08,-22840.703,5.9601515e-09,15.555113,4.7563006e-08,2.1353953e-08,2.7375908e-09,1.4199576e-08,1.8166013e-08,260808.17,504.04932,101.39302,-1.4036605e-08
77.518105,-1.12898746e-07,313061.25,5.758812e-09,7.853999,1.2993669e-08,-3.2391838e-09,1.7484677e-08,1.2193925e-08,2.3859827e-09,957.71924,1.4842834,34.958244,3.5290753e-09
6.9586334,8.726079e-08,20993.0,-9.460069e-10,8.54546,2.4047106e-08,1.1110175e-08,-7.463448e-08,-2.1441664e-08,-6.4473586e-09,-653.69556,478.68176,54.26207,1.1045349e-08
-32.98093,-6.6233383e-09,300536.88,-5.236926e-09,6.775152,4.1623358e-10,-4.194183e-10,1.0412956e-09,3.0666816e-09,-3.7658063e-09,-630.1872,-10.178368,55.28662,1.3425528e-08
-7.3146286,-6.3671366e-09,359231.56,3.6777054e-10,4.5446877,-4.2023643e-10,-6.404172e-11,1.976483e-09,4.4294e-09,-4.7483475e-09,-582.19464,-11.382011,41.887234,1.496105e-08
93.75241,1.9071742e-08,387016.44,-5.8927082e-08,10.165646,-5.1814084e-08,2.4241122e-09,-5.269699e-08,-2.8224683e-09,2.0246996e-10,6902.932,1199.3323,47.853798,-1.3845348e-08
53.912125,7.4790725e-09,191061.86,-6.725883e-09,5.985175,1.5761583e-09,-5.276204e-10,3.7860697e-09,-7.882145e-09,9.9329265e-09,967.5234,91.27304,48.750366,-3.5721797e-08
-22.063828,-1.1259702e-09,103161.03,-2.179635e-09,3.411284,-2.3572997e-09,-4.5376755e-10,-1.1547787e-09,-1.3392902e-09,-1.1468533e-09,-540.14594,-9.105068,67.20373,9.177871e-09
549.3324,1.5653486e-08,-33802.17,-2.1589575e-08,34.21756,-4.0484252e-08,7.1328454e-09,-3.2145817e-08,-2.4664669e-08,-4.591254e-09,8189.8555,-55.003174,-137.62552,2.466763e-08
45.719788,-1.0551865e-08,78378.445,3.7073056e-09,6.4409304,-2.420908e-09,-3.4934808e-10,2.0200641e-09,4.2958104e-09,-1.8793078e-09,-534.3484,-15.110649,32.997086,1.2745388e-08
17.604572,8.4182425e-08,174458.95,1.0560819e-09,9.225084,9.015216e-08,5.787645e-09,6.654064e-10,-2.1819401e-08,-2.75368e-09,3553.1755,109.198235,45.175507,3.543096e-08
48.438236,-2.1528033e-08,184894.2,6.273131e-09,12.698179,8.930672e-09,2.3117291e-10,1.1865154e-08,1.3714023e-09,-4.325379e-09,-194.99048,-146.5471,38.359627,6.0856475e-09
28.825218,-1.1594107e-09,234740.3,-2.1920767e-09,7.5883856,-1.8325618e-09,-1.5923515e-10,3.713091e-11,2.4075029e-09,2.3902766e-10,-408.78925,0.76317596,51.066154,4.3541353e-09
6.1868324,-2.26188e-08,81338.875,2.410425e-09,12.290756,7.2638755e-08,5.786505e-09,3.3945515e-08,1.4964726e-08,1.345589e-08,249553.98,-28.68129,89.22973,-1.4247371e-09
-114.26933,2.8058835e-09,-682293.9,9.26901e-09,26.005198,1.8424505e-08,7.296132e-08,-2.5848559e-08,2.3662935e-08,1.729992e-08,189111.31,1397.6201,114.407776,-2.4518226e-08
67.80812,-2.3916547e-08,183288.56,-1.0378866e-08,7.1434793,1.6118365e-10,1.9421603e-10,5.454579e-09,4.9295634e-09,-3.40755e-09,-859.96704,172.58157,51.298145,-2.8978901e-08
40.408478,-4.08035e-09,226136.94,1.7113916e-10,10.989113,-3.2116547e-09,-2.0811824e-10,9.982891e-10,1.8186755e-09,-2.9080138e-09,-253.36168,-10.850914,45.581455,1.8938577e-09
154.03674,-1.1130679e-07,301515.66,-4.2149107e-08,4.3697653,-1.7145112e-08,-1.0129124e-09,1.124208e-08,3.769192e-09,2.9908114e-09,-433.84448,270.23944,37.891796,-2.6180444e-08
40.793346,-3.027091e-09,269399.22,-2.9627185e-09,9.580312,3.4049426e-09,-2.2039778e-10,1.1970998e-08,5.762423e-09,7.317852e-10,-3094.0095,86.6589,46.011604,-1.0312051e-08
51.477127,2.5253304e-09,291098.88,-1.5135361e-08,9.229938,-3.0106184e-09,7.578604e-10,1.0339611e-09,6.9930356e-10,-7.4377404e-10,-1173.4397,375.37152,19.029448,-1.3001629e-08
65.09787,-1.636009e-08,200470.39,1.0408345e-08,8.1357,5.261672e-09,1.3711657e-09,7.203593e-09,8.432492e-09,-1.1504021e-09,-164.15796,80.416824,41.261322,2.5657018e-08
32.32379,-2.1424038e-09,337582.06,1.5301992e-09,9.5218725,-1.1782467e-09,5.2176406e-11,1.6147599e-09,3.2925311e-09,-4.891022e-09,-712.3754,-10.596207,41.488274,7.596641e-09
54.185066,1.0938624e-10,-9710.25,-2.3003628e-09,10.786323,2.788003e-10,-8.960497e-10,-2.8952998e-09,2.0655925e-11,1.7071643e-09,-559.7954,-27.069984,27.976181,4.0811896e-10
108.66646,-6.2867095e-08,410271.8,-1.2106184e-08,10.793728,-5.5779354e-09,-6.838566e-09,2.0509091e-08,7.866777e-09,5.977862e-10,-952.4094,185.66057,56.989624,-1.4809555e-08
115.32861,-7.481235e-08,348888.38,-4.9819224e-09,11.282929,-3.418109e-09,-8.9890995e-10,2.274629e-08,7.1730772e-09,9.961951e-10,-1570.4343,168.46535,15.15147,3.8968144e-09
63.77156,-9.1692314e-08,175700.05,1.12272005e-08,12.690166,1.6808983e-08,-1.3502418e-09,2.5444828e-08,1.3213723e-08,-2.6727436e-09,-151.53442,65.74274,42.241585,3.0852608e-08
24.479374,-1.163014e-09,408747.7,-3.8301966e-09,8.499502,6.5145817e-10,3.408759e-10,6.5274297e-10,-7.236054e-10,-2.2688758e-09,46.17707,6.701454,61.509132,8.378161e-09
23.312315,-5.3624247e-09,66805.234,8.10474e-09,12.245201,2.0311808e-09,-6.184832e-10,-4.739544e-10,2.1998143e-09,-2.9747844e-09,-834.28204,-13.356575,27.853182,8.835946e-09
56.12035,1.8343699e-09,284010.6,1.0677101e-11,8.788896,1.2963322e-09,-7.7048444e-11,-2.2196845e-11,-3.3990242e-09,-1.585457e-09,932.68256,0.0008392334,34.35216,-1.3280327e-09
49.54328,-2.0523194e-09,134136.39,-2.0631243e-09,13.538139,3.0515757e-09,-1.0672976e-10,-7.7502636e-11,-4.926639e-10,-1.6545295e-09,1527.927,23.843674,48.8265,-2.496444e-08
49.74521,2.6964855e-08,171173.36,-5.371824e-09,10.86784,-4.5669473e-09,1.6918251e-09,-1.09680816e-08,-1.5008097e-09,4.75814e-10,-70.446045,84.06018,37.23178,6.573479e-10
56.613693,-2.9211824e-09,414091.28,-1.293836e-08,13.71126,-8.846602e-09,-4.152525e-09,-6.7281896e-09,1.8783628e-09,-9.1658703e-10,2863.3792,223.28539,52.130997,-2.672016e-08
103.08086,-3.287575e-08,287215.94,-1.2357734e-08,12.678075,-5.74609e-10,4.784331e-10,2.9154148e-09,4.1201114e-09,2.0422586e-09,-1586.4612,185.19118,29.41742,-1.576858e-08
14.691034,-4.226685e-09,251784.4,-4.9278065e-10,9.191923,9.493416e-10,-3.911741e-10,2.5242828e-09,2.9377392e-09,-3.4170438e-09,-690.4797,-8.952774,42.49862,9.0604235e-09
32.09191,4.6325908e-09,141160.2,-6.346902e-10,9.951511,-3.474124e-09,1.7547658e-10,2.4323707e-09,-1.8020251e-09,2.5500668e-09,-385.02545,22.957464,37.5117,-7.6078805e-09
68.403824,-9.232928e-09,178426.92,1.0778163e-09,8.036221,5.918852e-10,3.4178792e-11,2.27742e-09,6.3715224e-09,-3.5779222e-09,-28.624802,-8.8967705,31.139858,1.1366485e-08
-1.4664764,-3.922229e-09,340794.0,1.1306857e-08,11.080656,-3.4383103e-09,-1.814042e-09,-7.895765e-09,2.0383508e-09,-9.381255e-09,1690.4133,3435.7754,46.541645,5.4507552e-08
99.8172,-1.9239997e-07,391685.7,-4.6813565e-08,4.092056,-2.2079287e-09,-5.0981885e-09,2.5591458e-08,1.5254827e-08,-2.0102735e-09,-268.261,386.2983,54.441544,-3.7228055e-08
82.416916,-7.604374e-09,104363.67,1.7677392e-09,13.407056,-1.1244251e-09,-4.8258626e-11,7.813381e-10,4.031555e-09,1.1360206e-09,-1512.6056,-20.156235,45.65039,1.2377332e-08
47.912052,-4.452306e-08,328252.38,-1.3518232e-08,11.091028,6.7280737e-09,-1.0106247e-09,2.233517e-08,8.564853e-09,2.5450735e-11,396.73608,229.23792,46.620785,-1.866868e-08
-1.5406036,-7.120022e-09,138753.5,2.5716587e-09,10.280552,-2.418928e-10,1.7447228e-11,4.468536e-10,2.3764788e-09,-3.1460679e-09,-615.83496,-13.510315,37.971073,1.1198168e-08
51.539368,2.846098e-09,232345.58,-1.9337707e-09,10.338243,8.353659e-10,-3.544404e-10,1.384574e-10,-1.3980551e-09,1.6495512e-09,-976.80585,-1.9734459,61.43608,-5.847656e-09
83.191124,-2.0491637e-09,140759.84,-2.1159905e-09,12.692261,1.3213197e-09,-1.2024626e-10,-1.6392042e-09,4.5942603e-10,4.3151323e-09,75.6855,15.052891,50.75184,5.0444022e-09
-14.668472,-6.779072e-09,447212.06,5.1089946e-09,8.221918,-9.929871e-10,-2.3871155e-10,1.591165e-09,2.3271822e-09,-5.4523097e-09,-536.17163,-10.566238,37.670277,1.4784324e-08
-21.572575,1.7577142e-09,146233.4,-1.5596116e-11,12.788859,-7.3122974e-10,-8.851799e-10,-1.6185147e-09,9.451395e-10,-3.578173e-09,-876.2413,-7.1231003,38.752087,6.541399e-09
23.492682,-7.6613645e-08,87656.29,2.3797462e-09,13.446239,1.5230809e-08,-2.6299543e-09,1.557475e-08,1.1720663e-08,-5.213345e-09,39.60254,67.915695,48.436382,-3.7728247e-09
-16.19123,-1.2605962e-09,282885.2,3.1314318e-10,12.365461,-1.2454975e-09,-3.5080924e-10,-1.6086118e-09,1.6830213e-11,-2.422018e-09,-908.9781,-8.258652,40.056046,1.1098127e-08
78.230484,-5.1788893e-09,255408.53,4.1178767e-09,12.074221,-5.493328e-10,9.050686e-11,-8.816462e-10,3.5574348e-09,-3.4486425e-09,-181.3413,-5.6175346,35.569744,7.913468e-09
23.542141,-3.7333163e-09,314500.84,4.0852375e-09,9.18415,-3.8016917e-10,-3.4048062e-10,5.0338234e-10,2.8695904e-10,-4.0738333e-09,-904.0328,-7.3370094,39.321476,1.0486817e-08
55.16151,2.2510404e-08,308022.5,-1.510931e-08,8.517628,1.1235675e-08,-8.946398e-10,6.424995e-10,-3.5628007e-09,-1.6754009e-10,-1738.3772,-168.45485,47.853252,-2.7503441e-08
10.728003,-1.614462e-08,378684.16,3.184619e-09,9.506124,4.405014e-10,-2.0778723e-10,4.71452e-09,5.047935e-09,-7.881329e-09,-924.4648,-14.667862,37.165565,1.9936147e-08
27.036234,2.5178404e-09,199356.98,-9.638041e-09,13.492909,2.0909411e-08,-6.2381444e-10,-1.734931e-08,-3.6716816e-09,8.9885377e-10,602.4824,-132.00523,51.249283,-4.9334026e-09
3.6223717,3.3240934e-09,65592.63,-4.3700177e-09,7.5299177,2.0160726e-09,-4.4634327e-10,-4.737955e-10,-2.0752042e-10,1.8379566e-10,-643.11475,11.645966,50.449078,7.751199e-10
55.39739,-7.022117e-08,115716.445,4.5545607e-09,8.43868,6.1257954e-09,-3.6310064e-09,2.395082e-08,5.6138734e-09,-7.0346884e-10,-189.81714,61.669815,41.806118,-2.2964803e-08
63.734863,-2.0833873e-08,289263.88,-7.804503e-09,12.645286,-2.8347744e-09,-4.1924397e-10,1.4685314e-08,2.5491813e-09,-1.6804932e-10,1198.8875,308.44598,61.020638,-3.696443e-08
67.37134,-9.0453604e-08,302407.25,-4.625208e-09,6.810018,2.4317193e-09,-2.5486018e-09,2.7966252e-08,1.24568285e-08,-6.3966277e-10,-826.2058,128.27853,37.211433,-1.4921744e-08
52.580097,2.3622178e-08,172073.98,-9.782119e-09,11.33798,1.4187444e-08,-1.3405162e-10,-3.8161726e-08,-4.266904e-09,-2.9854914e-09,-1837.1423,129.20438,45.928375,-2.1295e-08
90.61571,-1.0403696e-10,25069.11,-4.925535e-09,14.057599,-1.394557e-09,7.2812106e-10,-9.733718e-10,-4.3164867e-09,2.6967144e-09,-817.2417,49.011543,52.436657,6.2310406e-09
167.7532,5.2840342e-08,410824.56,-1.8840643e-08,14.589828,-4.750206e-08,2.2484255e-10,-1.7161392e-08,-8.020113e-09,1.1517732e-09,1930.765,1379.8618,-0.5220299,1.3173446e-08
32.055702,-5.6676126e-09,415698.8,3.6863719e-09,8.440523,-8.9657537e-10,-2.1835382e-10,2.0910422e-09,3.4326737e-09,-4.576395e-09,-768.2624,-6.2575684,44.660393,9.760725e-09
71.98467,2.5006536e-08,206035.64,-2.8674409e-08,16.508986,-1.9511859e-08,5.335175e-10,-6.9308657e-09,1.713321e-09,2.7244484e-09,25757.445,353.68878,73.113716,-1.008751e-08
73.54579,3.2019763e-08,364904.7,-9.513394e-09,13.052085,1.7187787e-08,1.7215459e-09,-1.4928773e-08,-4.411817e-09,1.4560275e-09,-9891.968,5.4401855,18.468842,9.451876e-10
79.00094,2.83992e-09,111808.7,-7.886232e-09,13.442143,-1.3471685e-10,-1.4019633e-10,-4.54702e-10,-5.2042495e-09,1.9118511e-08,1314.8344,121.441124,58.547268,-4.2351216e-09
299.88004,2.9955906e-08,7045.6875,-3.7745743e-08,40.529556,-3.7752084e-08,2.2742797e-09,-1.590776e-08,6.600955e-10,-7.605226e-10,25196.525,358.5737,30.137482,1.30524676e-08
2.1337179e+24,-2.2747998e+16,-2.1348024e+26,-7.397427e-09,10.9941635,-9.8522746e-09,9.898449e-09,-6.987676e-08,-9.9701076e-08,-1.2698287e-08,2653.6548,-181.43993,-2.9311854e+20,5.866107e-06
30.94365,-9.338875e-09,383862.72,6.213823e-09,7.8138103,-6.4614897e-10,-3.695373e-10,3.4388061e-09,5.7639227e-09,-5.1609255e-09,-650.5756,-12.396065,37.32528,1.8902698e-08
87.143906,-4.9005557e-08,372588.53,-1.7002117e-08,10.938196,5.16971e-09,-2.4405429e-09,8.165915e-09,6.167603e-09,6.0536802e-09,-1046.8337,142.79712,55.3718,-1.3316914e-08
45.806957,-3.5873757e-08,154062.45,9.887378e-09,6.1338983,1.2242598e-08,-1.4213097e-09,2.9512409e-08,6.757996e-09,-5.5896865e-10,332.52246,125.51503,38.00658,2.0507238e-09
70.01943,-9.337212e-08,347239.12,-7.8831235e-09,7.8105183,4.6044044e-09,-2.318695e-10,1.6516822e-08,8.284111e-09,-1.3804122e-09,1181.581,339.51797,33.9718,-1.6576816e-08
37.82458,-1.1685676e-09,143022.61,-2.6694096e-09,15.189533,9.1421856e-11,-3.6857337e-10,4.740324e-09,-2.7505245e-09,-3.981157e-09,264.1406,17.897564,35.84371,2.3939326e-10
32.230644,-1.26375514e-08,267962.06,1.6469329e-09,12.713125,-1.04918e-09,-6.0725586e-10,1.6259023e-09,6.5420243e-09,-4.7404556e-09,-894.03107,-14.699944,29.218807,1.7587432e-08
129.69044,-1.279124e-07,387160.1,-3.4329588e-08,5.657157,-1.636123e-08,-2.875327e-09,4.0048096e-08,1.0220366e-08,-2.2189992e-09,222.9458,98.74759,60.68286,-4.887877e-08
65.66494,-2.0370468e-08,250133.53,-2.7339668e-09,8.849817,-5.9992415e-09,-8.781056e-10,1.368625e-08,1.8029112e-09,1.7735747e-09,376.68823,369.13623,40.275436,-2.03094e-08
34.956913,3.9518547e-08,307336.72,-3.4372574e-09,13.333681,4.9691533e-08,4.6272914e-09,-4.932621e-08,-7.4466326e-09,-7.867225e-09,4632.945,-174.50859,46.50492,-9.020712e-09
108.86301,-7.396305e-08,576327.25,-9.07679e-08,8.511433,-1.9490235e-08,-3.7434007e-09,-4.0509537e-08,7.558315e-09,1.63105e-09,167.6394,282.0122,72.43843,-6.26825e-08
51.57171,-3.0005282e-08,336683.6,-1.4986473e-08,9.517895,2.6834226e-08,-1.7438843e-09,2.3507528e-08,6.817512e-09,-1.9962456e-09,507.68018,181.03285,41.77733,-5.6025385e-08
15.576075,-4.8656426e-09,334421.62,4.047378e-09,11.225783,-3.7649084e-10,1.5720171e-10,1.5562125e-09,1.4613053e-09,-3.518419e-09,-734.0382,-11.053329,37.695404,1.21120305e-08
62.93633,5.5946714e-09,271429.12,-5.032086e-09,6.1738105,-1.2235839e-09,-1.6015675e-10,-2.8584213e-09,-3.3786511e-09,2.3742552e-09,-270.89722,56.427517,36.063927,-4.8266946e-10
40.192104,7.4999384e-10,221389.23,-1.7751928e-09,15.500199,-1.2557964e-09,-7.2915354e-11,-3.675898e-10,1.7846194e-10,2.2971334e-09,322.4234,3.654045,57.752766,-2.646238e-09
56.967922,-1.3086913e-07,372658.88,2.4267355e-09,9.531742,2.0466002e-08,-2.062287e-09,3.296525e-08,2.1311312e-08,7.394154e-10,-118.091064,213.25235,39.059917,1.5598708e-08
15.581808,-4.472937e-09,233552.95,4.839829e-09,6.553486,2.278791e-09,-5.9845395e-10,2.4148075e-10,2.9933096e-09,-3.7425303e-09,-607.3257,-8.258076,33.24257,9.712727e-09
17.379427,-2.3511029e-09,228488.42,3.6698968e-09,7.424259,-1.7287454e-09,-7.613117e-11,-7.5089046e-10,2.026905e-09,-6.058629e-10,-479.87616,-8.506924,27.656754,7.361312e-09
21.760399,-5.4670863e-09,62205.406,5.097511e-10,13.436426,-1.2199715e-09,-5.3491833e-10,-1.3670294e-10,2.5929303e-09,-3.0537828e-09,-1117.0398,-13.272789,53.217236,7.995694e-09
35.422478,-1.3383473e-09,127484.31,5.0890275e-10,7.6688848,3.1981612e-10,-7.780192e-10,-1.3165355e-09,2.0110841e-10,-2.1576767e-09,-450.339,1.4953728,35.296356,8.632754e-09
90.59053,-1.2370226e-07,293569.38,-1.4884724e-08,13.615545,1.2476912e-09,-6.5208474e-09,2.6030095e-08,9.536297e-09,4.4253747e-09,-435.97632,247.2816,62.918655,-4.4619924e-08
-4.8718834,-1.0553978e-08,525107.75,7.405053e-09,10.91321,9.053231e-10,-2.0650091e-10,2.0122086e-09,3.0573588e-09,-6.529544e-09,-847.05524,-14.0579605,35.165432,1.7395386e-08
52.95823,2.1507248e-08,177993.36,-2.2403608e-09,10.284868,1.1510681e-08,3.3186027e-09,-6.4899393e-09,-5.1282214e-09,-1.7940993e-09,-2706.9255,94.54556,14.7755165,1.4228499e-08
102.927246,-2.0946693e-08,257274.88,-1.1715689e-08,11.5093775,-1.8535218e-08,1.0289253e-09,-8.619292e-09,7.0890344e-10,8.2849144e-10,217.26733,387.5615,32.639366,-1.8466752e-08
50.340134,-2.131343e-09,163042.75,1.028155e-10,12.319984,-9.970169e-10,-4.2517975e-10,-1.5051237e-09,1.0151718e-09,-2.0125386e-09,-185.39928,-11.61158,33.84512,5.782691e-09
58.503082,-1.0995858e-07,349416.44,-1.409609e-08,9.094113,8.058781e-09,-4.5155524e-09,3.5848387e-08,1.4559685e-08,-1.951542e-09,-155.00317,163.11482,42.96889,-1.8718103e-08
29.523726,2.7349023e-09,257451.98,1.0539853e-09,3.8858137,4.8355275e-10,-1.2546334e-09,2.2362554e-09,-5.5676144e-11,1.2322323e-09,-497.94928,3.0878067,31.015543,2.464858e-09
-1.523092e+17,-9.457017e-08,315775.8,5.3905733e-08,5.943391,5.513389e-08,-7.831936e-09,-3.3462115e-09,-4.9300137e-08,5.0685358e-08,7353.735,6.0812373e+16,26.937593,-1030109.2
71.78487,-3.2768965e-09,173437.5,-1.9160873e-09,12.448293,-1.7319584e-09,-6.295655e-11,1.5776537e-09,2.0114304e-09,-4.883667e-09,-1012.2692,11.435745,51.60144,9.98691e-09
162.227,-4.601786e-08,284680.62,-2.3854335e-08,7.9563665,-1.585751e-08,-5.1756804e-10,1.2346637e-08,3.2034453e-09,3.8239243e-09,-2083.7136,154.97183,45.47385,-1.3444399e-08
79.85489,-3.815706e-08,227537.05,-2.2211541e-08,8.593704,-7.1141164e-09,-7.4900286e-10,-4.81937e-09,4.2311474e-09,-1.6098627e-09,2038.8965,153.20761,52.116722,-1.3023646e-08
85.42191,-1.5849587e-08,293151.03,-7.678453e-09,12.667503,-2.1088338e-08,-4.785187e-09,8.907126e-09,7.215024e-09,-2.1636786e-09,8228.618,223.66591,44.773434,-1.6487844e-08
11.877081,5.8826273e-09,213455.03,-3.5201806e-09,7.916623,2.2532072e-09,-8.4031354e-10,4.0601322e-09,-2.7438631e-09,2.3517097e-09,-197.86903,17.400074,44.16416,-6.6562484e-09
171.43333,-3.1365983e-07,306213.16,-3.7951132e-08,1.8133678,-5.083414e-09,-2.910941e-09,4.2595552e-08,1.4288696e-08,-4.0460307e-10,-970.9529,85.526566,42.926125,-1.2552502e-08
-2.3981323,-2.2182611e-09,162402.6,-4.4270987e-10,11.213593,-6.998094e-10,-2.215617e-10,-1.6631642e-09,1.0810078e-09,-1.036531e-09,-694.11597,-7.448765,29.621008,8.267931e-09
58.438904,-5.1061182e-08,322184.25,-1.9431054e-08,9.857786,1.9990212e-09,-2.0301036e-10,7.285903e-10,3.833752e-09,-2.1754247e-09,1287.9158,418.37762,60.194427,-3.842155e-08
63.266838,-8.924061e-08,324659.06,-5.21039e-09,9.150362,8.171562e-09,-1.0158364e-09,3.0595444e-08,1.3096077e-08,1.6476883e-09,-303.01587,35.94429,40.346542,-8.537966e-10
34.86612,1.8829896e-08,36010.25,-7.6554105e-09,12.811068,2.2585942e-08,2.5451e-10,3.904108e-09,-5.789008e-09,-1.4719687e-09,4226.6777,-340.78558,40.143295,-1.02005036e-08
16.939632,-8.763182e-09,251126.6,2.6847924e-09,7.4107447,-9.771656e-10,-5.588721e-10,2.8012097e-09,4.2882715e-09,-4.813429e-09,-722.9888,-8.721794,32.86785,1.4376369e-08
22.103416,-8.481468e-09,379823.4,2.3568638e-09,5.483789,-2.3348539e-09,-1.996854e-10,1.4433025e-09,4.376318e-09,-5.228797e-09,-618.3886,-9.079269,47.554237,1.3298551e-08
37.53129,5.3223864e-08,-112428.67,-3.1048284e-09,13.207565,-6.1957093e-09,5.0292455e-09,8.655652e-09,-7.4279276e-09,-3.655163e-09,-867.42944,86.50792,24.348246,-4.082557e-09
48.40272,-8.922785e-09,403813.8,4.9222946e-09,11.300879,-1.3342885e-09,-1.4474137e-10,3.4225887e-09,3.6921763e-09,-7.0263013e-09,-813.59344,-12.389832,41.74768,1.5221923e-08
54.890472,-2.3675453e-09,271364.0,2.1029953e-10,10.240634,1.1475023e-09,-1.3770485e-10,-5.481253e-10,2.6483524e-09,-2.954427e-09,-583.06116,-3.7313385,47.531445,1.4608675e-08
30.299288,4.0248352e-08,55144.453,3.526659e-09,7.397355,-2.853804e-08,5.2008155e-12,2.8399811e-09,-1.34719675e-08,-3.4392167e-09,588.7732,68.964905,55.55272,-2.4403373e-09
15.331682,-1.0749338e-08,236374.25,2.5117959e-09,5.20868,-5.873046e-10,-4.526607e-10,1.7046061e-09,7.2137927e-09,-4.468695e-09,-568.77203,-11.813583,40.58408,1.48571155e-08
1.1067682e+17,-1153070600.0,-1.2613777e+19,-2.2723632e-05,3533.7434,4947686.0,-2.5598467e-08,2.0657512e-07,6.960526e-08,1.6691118e-08,18738.238,531.17816,62.012512,-1.6950928e-08
35.474625,-4.7912163e-09,246765.72,-5.495873e-12,11.113651,-4.901531e-10,-1.492779e-10,2.8680194e-09,2.245432e-09,-3.1646437e-09,122.452484,-3.365219,41.126297,1.2617873e-08
26.593685,-3.1496457e-09,310746.9,8.108546e-09,10.137573,1.2372334e-09,-2.9989622e-10,6.013768e-10,4.0349069e-10,-3.3167966e-09,-851.62744,-8.578724,26.085152,8.2076435e-09
4.771408,7.211328e-09,304055.6,-1.218063e-09,5.166082,-1.0835942e-09,8.995952e-11,2.0293467e-09,-4.3095745e-09,7.697186e-09,-65.94896,32.34368,20.322454,-5.201284e-09
142.68765,-4.4697337e-08,272149.7,-2.2070978e-08,12.313696,-1.2298708e-08,-1.9077944e-09,1.9789201e-08,6.5949886e-09,2.5041953e-09,-1963.6575,267.31796,41.755108,-2.8275961e-08
85.90001,-3.2890664e-09,47529.516,-3.1067293e-09,7.029502,4.255083e-10,-5.675833e-10,3.97615e-10,2.8946607e-09,1.6224997e-09,-358.52686,12.4063,50.512165,1.058215e-08
30.707718,-3.8987247e-10,503120.7,4.9659404e-10,8.169399,1.2824999e-09,-5.472033e-10,-3.1473937e-09,3.1912655e-09,-3.0571625e-09,-285.07983,6.056263,37.356552,5.7110165e-09
20.11757,1.0845566e-08,69932.06,-3.1277272e-09,6.4507627,3.2070069e-09,-7.898484e-10,-2.207323e-09,-4.182736e-09,3.5963372e-09,-256.1411,34.79093,32.810783,-4.8633373e-09
43.672237,-8.742176e-09,279954.94,4.699409e-09,8.904669,1.1829134e-09,-4.252441e-11,1.8227563e-10,4.272089e-09,-4.2076347e-09,-556.0441,-10.920181,30.415703,1.664415e-08
14.28425,6.1618413e-09,375268.78,-2.2952953e-09,9.974743,5.2614396e-10,-3.5556058e-10,1.8962252e-09,-2.338185e-09,2.9255062e-10,84.34613,19.685886,32.15735,-8.230282e-09
32.81271,-2.9392249e-09,217601.05,9.584199e-10,9.425532,-1.5817779e-10,-7.824869e-10,-1.1849004e-09,1.7852392e-09,-1.9603293e-10,-473.45844,-11.218246,39.950203,8.904775e-09
69.65474,-4.8627853e-09,125343.58,2.645846e-10,9.906295,1.4187228e-09,-3.881907e-10,-4.5483972e-10,1.2711647e-09,-5.7309775e-09,-200.10533,-18.40355,46.81492,1.0469293e-08
27.95478,-6.2589334e-09,358699.5,1.061707e-09,8.819343,2.9326327e-10,-4.3244122e-10,2.1284947e-09,2.095497e-09,-4.697921e-09,-718.2019,-13.573219,62.93051,1.5853118e-08
-29.82571,-2.1896034e-09,378948.94,-1.6776844e-09,5.766139,1.1700876e-09,-1.2608723e-11,-3.95521e-10,2.1125899e-09,-3.5396603e-09,-380.6855,-4.969948,40.044014,1.1567928e-08
37.507584,-4.423357e-09,158075.16,-1.0116673e-09,11.632065,-1.3697276e-09,8.048623e-11,2.543389e-10,1.2343523e-09,-1.1043982e-09,-892.3581,-15.764099,67.20896,7.97121e-09
126.85446,-7.789942e-08,390531.8,-5.1782283e-08,2.921239,-1.3187201e-08,6.023028e-09,3.1389806e-08,8.924799e-09,-1.0828514e-09,-988.19116,-25.581665,67.773315,-5.877693e-08
45.39579,-8.031894e-08,59303.812,5.2392486e-09,14.10177,1.3879532e-08,-7.66932e-10,2.2082363e-08,8.30139e-09,-2.3879245e-09,-207.39526,57.882156,35.40116,6.5961334e-09
23.746363,3.477738e-08,149970.48,-1.4753345e-08,10.055087,-6.1113137e-09,1.5725398e-09,-3.351008e-09,-1.3914401e-08,-2.9162448e-09,-1107.8381,-209.72816,52.865448,-1.4218519e-08
21.478941,-1.0499507e-08,160139.28,3.961264e-09,8.667002,8.41348e-10,-4.5940632e-10,2.4890563e-09,3.860847e-09,-5.0978244e-09,-541.7557,-10.4355545,37.62306,1.3083514e-08
25.357512,2.4711582e-08,156797.61,2.5922245e-10,10.478344,1.2975894e-09,2.380432e-09,-7.6838464e-09,-5.961488e-09,-1.3555869e-09,469.36914,-182.6479,60.812634,-1.936963e-08
178.4265,-1.4450474e-08,-348854.5,2.180775e-09,44.206253,4.1661745e-09,-2.314239e-09,-3.0010827e-09,1.6426599e-08,3.5586759e-10,136543.84,1061.91,96.33122,-4.417046e-09
32.81235,-8.628901e-09,220655.67,-5.8901177e-09,12.070728,1.2548802e-08,-3.2129563e-10,1.7222039e-08,-4.3896375e-09,-3.9852703e-09,32.968506,-323.77795,30.135672,1.5249075e-08
29.258259,1.6674589e-08,115681.99,1.7472876e-09,11.179788,1.2773536e-08,7.5942846e-10,1.2602198e-08,-8.027456e-09,-4.1456842e-09,-377.81763,-521.5636,35.723053,2.435447e-08
-3.2531013,-7.5156875e-10,176001.12,-1.036396e-09,12.757284,3.429217e-10,-1.4586349e-10,-6.33451e-10,4.7742366e-11,-1.4500136e-09,655.36584,-11.680534,60.742508,4.7662083e-09
76.98657,-1.0542884e-07,264512.94,1.112336e-08,13.601282,1.0981109e-08,-2.5550482e-09,2.7961693e-08,1.1978828e-08,-1.5263844e-09,-721.9988,27.633682,46.51482,1.45897445e-08
20.741327,-6.1674603e-09,131788.39,2.4340439e-09,6.4804583,-2.018047e-09,-5.4074206e-10,2.855498e-09,4.2867937e-10,-1.7221746e-09,-405.18073,-8.599068,44.06845,6.3026913e-09
64.81672,-9.586412e-08,442328.16,-1.5081758e-08,8.843927,6.3052994e-09,-4.6692454e-09,6.7594312e-09,1.1923495e-08,-5.1940025e-10,-329.7434,442.27808,52.35136,-3.110124e-08
231.86118,3.445202e-08,125800.8,-3.6496953e-08,9.34247,-4.26657e-08,2.8675695e-09,-3.1758333e-08,-2.1675031e-10,1.8023485e-09,7720.667,142.94432,15.839102,-5.1758997e-09
0.9000664,-5.323755e-09,99226.945,-3.3598807e-10,9.317994,-2.285807e-10,-2.964678e-10,1.4209536e-09,1.7831537e-09,-2.0951942e-09,-527.30334,-12.206017,44.815704,1.0069449e-08
68.15207,-5.9468417e-09,310408.28,-3.6000727e-10,9.872558,-9.351003e-10,2.0505919e-10,-1.3458725e-09,4.6291864e-09,-1.5683438e-09,-172.09203,-8.214767,63.437992,1.623536e-08
75.67853,2.498923e-08,222527.88,-4.5017003e-08,6.3354354,-1.0688251e-08,-5.108481e-10,-1.7588182e-08,5.627335e-09,1.5118093e-09,11066.98,329.21594,66.74325,-3.430777e-08
64.70499,1.1132632e-08,160901.78,-9.07997e-09,3.3998694,5.7180003e-09,-4.1605436e-10,-2.2896007e-09,-8.266244e-09,7.0139317e-09,88.108536,64.63602,45.89383,9.751847e-10
19.689066,-1.85696e-09,127638.29,-4.0103024e-10,11.26905,3.855871e-09,-1.5802573e-10,1.0048082e-09,2.7794846e-09,5.782839e-10,-180.85286,-0.10624695,32.288666,5.7900116e-09
66.648834,-5.576782e-08,284635.9,-4.4453667e-09,8.212766,1.2140669e-08,-2.6393507e-09,1.5225577e-08,9.735169e-09,-1.9523245e-09,69.9104,351.62653,61.64757,3.1434737e-08
14.853731,-6.434323e-09,74776.22,4.3126662e-09,9.896779,-1.4898344e-09,-3.4834702e-10,1.391835e-09,2.0035664e-09,-3.4207186e-09,-759.3046,-16.19516,44.443703,1.2275604e-08
52.459682,-1.4141279e-08,265506.84,-3.289468e-08,9.483969,-9.436045e-10,-3.2391603e-10,-2.9669463e-08,-2.219703e-09,6.1403344e-10,760.70825,750.83386,54.139828,-5.3988842e-08
41.867134,-7.762596e-09,411403.2,3.7190555e-09,5.307891,-2.5095126e-10,-1.1051095e-10,4.195786e-09,3.3709673e-09,-4.7731477e-09,-564.46564,-7.2428246,37.463478,1.7624052e-08
49.374672,-6.4351213e-09,259359.11,4.308164e-09,11.6881,-3.0894964e-10,-4.1634624e-10,1.9161355e-09,4.1320125e-09,-2.0061404e-09,-1057.8,-15.639313,29.93206,1.0530284e-08
45.246666,2.5544007e-09,90235.98,5.252191e-09,14.064519,4.7087867e-09,2.7693472e-09,3.6820587e-09,-8.279453e-10,1.3829026e-09,-606.0945,-79.66969,40.09814,1.2852513e-09
69.76776,-3.3065817e-09,292837.0,1.0054914e-09,7.983222,4.456774e-10,-2.0869555e-10,4.8607923e-10,-1.1928544e-09,-1.8993782e-09,935.6596,-9.801407,48.663254,1.8949875e-08
-8.256695,-7.914015e-09,384609.94,9.464684e-09,8.671293,-1.4699848e-09,-1.4321087e-10,1.2282314e-09,3.9036006e-09,-5.7255694e-09,-794.53564,-14.0636215,22.752626,1.5298381e-08
58.040733,-7.737872e-09,138671.38,3.1458847e-09,13.609894,6.711078e-10,-1.7675895e-10,4.5446522e-10,3.9377688e-09,-1.6471492e-09,-646.6033,-13.325264,42.027893,1.6240788e-08
90.79288,-1.1691549e-08,149758.47,1.7064842e-08,14.886472,4.8913877e-09,3.247281e-09,3.972928e-09,7.2029085e-09,-1.6124747e-10,3833.559,159.02686,64.04108,3.2517846e-08
15.77915,-1.9620188e-09,304432.38,2.5607103e-09,6.7500744,2.332317e-10,-7.482179e-10,2.4179772e-09,1.9916455e-09,-2.0297017e-09,-625.8973,-11.085022,28.754324,5.109067e-09
88.402756,2.1117053e-09,254321.25,1.5659107e-09,8.810125,1.1050392e-10,-9.65891e-10,-7.761342e-10,-4.032347e-09,2.616801e-09,-1081.3807,41.347733,17.991175,-1.5545575e-09
23.73212,-3.7271828e-11,40428.86,3.8303734e-09,11.125307,-2.3769314e-10,-7.576818e-10,-3.3413385e-09,1.5945856e-09,2.5718294e-09,-908.11676,-4.802204,30.125252,6.816366e-09
39.898552,-1.6672773e-09,73626.59,-3.6444727e-09,12.937698,-9.564843e-10,-7.0403877e-10,-9.2950647e-10,2.9125374e-10,-6.129766e-10,-344.4754,-11.886024,56.675034,5.514965e-09
59.69376,4.443832e-08,221595.88,-2.3914863e-09,12.542761,-1.7770525e-09,-1.770463e-09,-1.8781606e-08,-8.405251e-09,-3.5639465e-09,-9341.4375,177.87955,51.697216,5.735483e-09
30.383795,-5.689719e-09,192584.88,4.74092e-10,4.260663,-7.4611414e-11,-5.7645355e-10,2.0164819e-09,9.438541e-10,-2.306817e-09,-446.77063,-7.7660065,57.529762,8.558968e-09
57.214222,-5.8351635e-09,265447.44,1.3068988e-09,9.577293,4.683547e-10,-4.93064e-12,3.6764541e-10,4.683142e-09,-4.346364e-09,-768.8905,-2.5591125,27.117222,1.464463e-08
90.21149,-8.4126114e-08,499814.75,-2.2464363e-08,6.049214,6.7140754e-10,-3.3179606e-09,-6.698358e-09,9.645257e-09,1.0280511e-09,-397.2141,537.9338,48.915894,-1.9559607e-08
41.90548,1.3386027e-09,383640.94,1.6987673e-09,10.267032,3.3786715e-10,5.9117114e-11,3.2670335e-11,-2.9233973e-09,2.3919278e-09,1784.9115,21.326748,57.90312,-9.904054e-09
25.264801,-3.6943109e-09,420985.94,4.496579e-10,6.760066,-1.5611551e-09,-4.902079e-11,1.0493615e-09,1.7559026e-09,-1.9599622e-09,-623.764,-5.4716835,48.875107,1.222677e-08
48.55729,-5.4344573e-09,260036.52,1.268004e-09,7.4301753,-4.2342917e-11,-7.780756e-10,2.630512e-10,7.7106455e-09,-4.261072e-09,-715.24316,-13.629639,47.946564,1.63513e-08
54.417145,-6.3431376e-09,120294.805,4.1636627e-09,11.693143,-2.4012206e-10,-4.4076778e-10,-1.2614189e-10,3.7182657e-09,-2.8361595e-09,-553.8309,-15.680962,33.578773,1.1788316e-08
78.31822,-2.7005623e-08,343192.94,-3.9017607e-08,14.829157,-1.7352004e-08,1.267247e-09,-3.2320855e-08,2.790186e-09,5.465778e-09,24241.203,537.6151,71.42521,-3.4241662e-08
54.64237,-2.3847916e-08,159769.44,-1.5817697e-09,15.047821,1.6647235e-08,-4.279051e-09,1.1676235e-08,5.1183062e-09,-3.442655e-09,-462.6438,284.43103,44.86986,-2.5046328e-08
76.32417,-2.7533028e-08,271030.28,-1.3510378e-08,5.8873277,7.46573e-09,2.5078912e-09,2.1487125e-08,7.702385e-10,-1.5113335e-09,658.9988,-78.005264,45.295006,-1.5352484e-08
120.78676,2.927156e-08,170522.5,-1.6071409e-08,9.32471,-4.2619472e-08,3.758737e-09,-1.493574e-08,-6.692775e-09,1.665484e-09,-3630.4734,630.10675,39.697296,-1.0879583e-08
51.155773,-1.7967675e-09,213179.08,-3.630249e-09,12.303601,1.3805378e-09,-7.3888076e-11,8.0267315e-10,1.6565331e-09,-2.2253452e-09,-253.9008,-4.077305,53.54283,7.683626e-09
160.18297,-4.7380058e-07,586213.1,-7.868397e-08,-0.17670536,-6.443331e-09,-1.680782e-09,2.810399e-08,2.4298418e-08,5.502948e-09,85.752686,169.50974,62.20084,-2.9342466e-08
39.731094,-1.0572355e-09,172779.11,-1.5334158e-09,9.25611,-5.118266e-10,-4.4488613e-10,3.7876485e-10,1.3622505e-09,-1.9482984e-09,537.9107,27.730894,59.00277,6.6825816e-09
74.92598,-8.358604e-08,373959.25,-8.150073e-09,12.106822,6.668825e-10,-5.3193863e-09,2.1521029e-08,1.2983381e-08,-1.0649996e-09,-376.15698,192.90094,60.535175,-1.7735418e-08
109.15883,-4.3142904e-08,363677.72,-3.6431164e-08,12.689179,-1.0248462e-08,-9.340267e-10,2.8014954e-08,5.747395e-09,6.578183e-10,-2672.2844,146.98691,53.041443,-3.2427874e-08
47.96025,-1.0789717e-08,154392.52,5.6473364e-09,15.165485,5.2983595e-10,-9.2212343e-10,1.2734401e-09,4.3959467e-09,-3.4805974e-09,-1278.8206,-18.476585,30.78481,1.4884418e-08
80.99397,1.2313371e-08,282527.44,-3.0785507e-10,8.480234,-2.7954041e-09,-2.9594913e-09,5.667667e-10,-2.596158e-10,1.607068e-09,6621.3433,139.5844,41.68952,5.94921e-10
100.58002,-9.6708765e-09,347460.94,-1.83633e-08,10.455342,-1.3278452e-09,-2.0822786e-09,-1.944929e-08,1.0779261e-09,-3.1782663e-11,-2317.4714,330.1584,50.08126,-1.6500225e-08
2.4206696,-7.647676e-09,303189.2,2.127042e-09,9.956763,9.014933e-10,-8.5618866e-11,9.033754e-10,3.7198291e-09,-3.827139e-09,-777.36005,-10.539284,36.716343,1.4689529e-08
-9.909073,5.4944596e-09,269912.53,-2.854909e-10,3.5772705,-2.197537e-09,-1.6400599e-10,-2.0936036e-10,-4.1557393e-09,7.9331985e-10,-566.6539,1.8569031,36.377758,4.3311754e-09
96.566795,9.348139e-09,327378.12,-1.5388427e-08,9.661477,-5.9742677e-09,9.096532e-10,1.993e-08,-2.3768363e-09,8.5703417e-10,3742.3757,90.759796,35.781197,-1.0909433e-08
87.750465,-1.1945433e-07,266670.6,-1.1747527e-08,9.228558,6.1928604e-09,-8.4465945e-10,3.73965e-08,1.404396e-08,2.814846e-10,-761.81665,75.39035,33.58259,-8.671305e-09
45.55725,1.7640935e-09,218089.55,6.930005e-10,12.457867,-6.2261835e-10,-1.25312e-10,-1.9717303e-09,-1.3282957e-11,-1.5933492e-09,-283.27454,2.8529053,34.469868,1.7330315e-09
75.86306,1.7595461e-08,199618.95,-9.915492e-09,9.505897,7.730543e-09,3.6218736e-10,-2.3383503e-08,-1.744418e-09,-4.3925885e-09,4072.187,114.02918,53.50073,-2.28637e-08
15.939186,-6.899042e-09,309621.84,2.996123e-09,9.52449,-7.6649236e-11,4.7405482e-11,1.326014e-09,3.0914422e-09,-4.909879e-09,-474.69952,-12.301941,36.309364,1.2519845e-08
2.661087,-6.7628476e-09,65856.07,2.6350253e-09,9.862734,1.6390926e-09,-3.1598701e-10,-1.7784048e-10,3.656658e-09,-3.3865748e-09,-864.0015,-14.026566,35.701534,1.1342455e-08
64.3335,-4.7440887e-09,236971.53,2.7638392e-09,8.230091,-1.2346923e-09,-4.5829932e-10,2.713026e-10,6.3560353e-09,-2.3830398e-09,-842.60297,-8.93829,35.41619,1.5234615e-08
39.639225,-7.2230666e-09,226520.11,6.1805556e-09,8.356179,-9.114089e-10,-5.039248e-10,1.4783699e-09,4.38285e-09,-4.998784e-09,-587.9203,-9.910416,31.2807,1.2094619e-08
119.12453,7.3181963e-09,98335.125,-8.425371e-10,12.037904,1.8550246e-09,-6.926113e-10,-7.410155e-09,-4.7267577e-09,1.370023e-08,268.90503,276.03165,15.17667,2.9692706e-09
61.119568,8.544173e-08,27719.828,-7.037241e-09,13.0857935,-1.1547434e-08,5.1682605e-09,-1.4426238e-08,-2.2184274e-09,-2.5830684e-09,29513.393,-30.490936,31.413494,1.9802217e-08
129.01949,-8.234696e-08,264458.2,-2.8371527e-08,10.553338,-4.7125783e-09,-1.3267768e-09,1.0645623e-08,6.3161134e-09,-5.370486e-11,-2034.9744,693.28455,36.946835,-1.3137973e-08
55.52705,2.0309127e-08,95692.445,-6.3409933e-10,14.290513,-1.5948922e-08,9.895076e-10,-5.902434e-10,-9.176622e-10,-1.175796e-09,539.12427,175.21141,39.55729,-8.001537e-09
89.696754,-1.4555095e-08,416286.16,-1.6956093e-08,4.7296124,4.594613e-09,1.7817178e-09,2.4383227e-09,3.6617551e-09,3.791777e-09,-403.42896,180.4889,49.06793,-2.1214364e-08
31.272655,8.314183e-09,-27100.734,4.2455392e-10,11.270838,1.6400903e-09,-1.3200663e-10,1.3040345e-08,2.2433215e-09,1.55533e-09,-350.33374,3.7011871,29.37976,4.0761e-09
41.21236,-5.945509e-09,228204.78,3.8118424e-09,10.253313,-2.8911545e-10,2.0524488e-10,-8.4909677e-11,2.1990203e-09,-2.27518e-09,-862.4405,-13.605377,31.375553,1.2233545e-08
127.46405,-1.2559441e-07,511343.44,-5.5519667e-08,4.1458035,-2.5027868e-08,-3.5137846e-09,3.482617e-08,1.1982713e-08,1.8354811e-09,-898.25757,254.48715,58.206593,-1.6277445e-08
91.337814,-2.3785518e-08,313422.25,-2.6608191e-08,11.799871,-6.998068e-09,2.2694886e-09,2.1212543e-08,8.970253e-09,1.0280522e-09,2115.43,109.515785,61.95304,-3.1210337e-08
105.089264,1.3407655e-09,180515.75,-5.0381845e-09,7.2577,-2.3635514e-09,1.1823843e-09,-3.1271636e-09,9.5507144e-11,6.511896e-09,-595.88086,77.20209,65.75398,-8.995131e-09
66.177216,-3.9726835e-09,-21106.625,3.2162637e-09,12.801616,1.3086797e-09,-1.0049949e-09,-1.3165773e-09,3.233108e-09,-3.5741101e-09,-772.8883,-6.818016,29.513714,9.802549e-09
54.201874,2.887193e-09,188126.92,1.1549384e-09,8.710408,7.3059736e-10,-7.678192e-10,-2.7128726e-09,2.9241376e-09,-4.934968e-10,-514.1647,24.02607,31.054966,-3.8357725e-10
48.014023,-5.156742e-08,215322.02,3.8687875e-09,10.406853,1.47670685e-08,2.303913e-09,2.379466e-08,7.577909e-09,-2.6276734e-09,20.540527,96.82912,30.557308,3.3013666e-08
118.32811,5.4400334e-10,51366.67,-2.4649646e-08,10.945089,-7.405554e-09,8.296334e-10,1.2657823e-08,2.3561002e-09,-4.7416215e-10,3171.6265,240.3653,22.114067,-3.5506066e-08
32.53744,-5.207451e-09,325145.5,3.3901324e-09,7.852241,7.344881e-10,-2.0482988e-10,1.241562e-09,2.7633706e-09,-5.0682902e-09,-597.2819,-5.9092064,33.073402,9.637891e-09
105.22081,9.066947e-08,224961.34,-9.636172e-09,5.3261223,-5.3071524e-08,1.9720086e-09,-2.0065876e-08,-1.0558269e-08,-1.5348876e-09,4144.59,492.8985,20.7595,2.7492792e-08
71.068405,9.913542e-09,129828.44,-7.905969e-09,11.429928,3.8498338e-10,-7.4529755e-10,1.5684394e-09,-5.830278e-09,1.1335689e-08,748.9425,189.91235,34.532776,-1.973989e-08
116.35571,-2.634976e-08,156224.88,-1.088101e-08,11.815992,-6.65693e-09,5.6113003e-10,2.6193327e-08,2.7908555e-09,3.3592606e-10,-1039.8704,1.3113098,29.038828,-2.2712427e-08
54.268044,-1.0846079e-08,160407.5,7.314957e-09,12.692707,-1.0993438e-09,-6.7882916e-10,1.0153781e-09,4.1545736e-09,-4.7369033e-09,-931.7115,-15.6247635,34.41294,1.4610759e-08
99.76346,-6.253774e-08,218634.08,-8.955674e-09,11.2378025,-6.8580706e-09,-1.3405828e-09,2.3041487e-08,5.781856e-09,-1.8360676e-09,-428.20825,72.35721,33.023743,-1.7982016e-08
5.8814125,-8.513921e-09,274108.0,4.3071564e-09,8.274658,-7.758501e-10,-2.5519759e-10,1.9239885e-09,3.9609165e-09,-4.4257793e-09,-690.185,-12.332642,25.830338,1.3987257e-08
53.928314,-3.8986356e-09,270950.06,2.1860391e-09,10.729954,-9.630455e-10,-1.4877911e-10,2.6061093e-09,2.605867e-09,-6.3249246e-09,-773.82117,-14.150787,40.51286,9.327439e-09
77.10136,1.2512661e-09,154558.55,-7.548946e-09,13.323672,1.431409e-10,-9.678838e-10,-4.5038435e-09,-1.5772588e-09,1.4838888e-09,-883.5019,9.803654,20.44486,6.958341e-09
59.022087,4.5672493e-08,185016.34,5.043549e-09,12.026883,1.1987321e-08,2.6948948e-09,-2.261769e-08,-4.912407e-09,-2.9802496e-09,7778.6333,29.55336,45.301056,2.1986017e-09
60.294796,-7.03289e-09,102741.77,1.8144044e-09,6.601179,7.94579e-10,-8.88258e-10,-1.2907211e-10,5.64647e-09,-3.471466e-09,-656.19586,-21.150093,42.9262,1.3725005e-08
49.885384,1.0202194e-08,276315.0,-3.1661476e-09,9.700021,2.1326114e-09,-3.6071884e-10,-3.7398654e-10,-9.562986e-09,7.7994216e-09,985.6392,113.77914,31.207914,-2.2917705e-08
79.41698,-1.0324797e-08,275928.03,5.438786e-09,11.628824,-2.0180058e-09,-2.5885352e-10,3.2453762e-09,4.8905755e-09,-5.2069593e-09,-1348.7609,-9.551685,22.182194,1.70392e-08
40.423237,4.21807e-08,140331.55,8.288895e-10,8.150564,7.1828974e-09,8.550885e-10,9.867905e-09,-3.6059045e-09,-6.8395467e-10,950.27783,114.693146,32.08084,-2.4953524e-08
55.348793,-8.166838e-09,29816.0,8.755134e-10,13.114888,-3.195304e-10,-6.433136e-10,-2.0591352e-10,2.7794562e-09,-4.632258e-09,-451.53906,-18.385017,42.611904,8.859763e-09
7.04883,-6.7807453e-09,307983.75,1.708108e-09,6.1156287,-2.5688276e-09,-3.5643302e-10,1.205616e-09,2.2327276e-09,-1.9561115e-09,-525.36584,-11.926102,39.74238,1.1978575e-08
42.324894,7.645533e-08,18867.953,1.43084185e-08,14.246626,1.8465276e-08,3.4527856e-09,1.2074522e-08,4.6504717e-10,-2.602232e-09,57029.88,-150.3839,56.414856,3.9880216e-08
47.845596,-7.1592465e-09,63510.836,-4.1652282e-10,5.9026785,-5.557317e-10,-5.101485e-10,6.8604333e-10,6.2506293e-09,-4.419082e-09,-194.94868,-6.015995,48.243923,7.900713e-09
100.4465,-5.0397468e-08,348929.94,-2.0327656e-08,13.973739,-5.4799236e-09,-2.5888092e-09,-1.0725965e-08,3.6756787e-09,-1.4835444e-09,-694.67017,818.9917,47.98654,-1.8386215e-08
9.715715,-6.998474e-09,97992.734,5.6017515e-09,11.098101,8.3786555e-10,-3.136175e-10,-2.7779115e-10,3.2615346e-09,-2.114976e-09,-850.4621,-13.207268,31.302517,1.0424345e-08
8.52182,-3.2220622e-09,259718.27,-2.3478792e-11,8.402128,2.222616e-09,-4.1216547e-10,1.1803722e-09,2.9988754e-09,-1.6058928e-09,-803.1433,-8.712135,38.73061,1.0084827e-08
67.229355,1.9389534e-08,315642.8,-1.5605835e-08,11.346264,1.9587805e-09,-3.6625634e-09,2.1822928e-09,-5.4630056e-09,1.3705678e-09,-2619.1545,228.48965,38.192474,-2.4149447e-08
38.446888,-1.5405744e-09,200868.97,-5.0243e-10,10.248294,1.336787e-09,-5.030083e-10,-3.3128453e-09,3.5449934e-09,-7.028588e-10,-680.3024,-0.7294502,30.808495,6.279519e-09
50.163998,-1.0285637e-08,294929.4,1.3449808e-09,6.731909,-4.410109e-10,-1.9019284e-11,9.685108e-10,7.4268134e-09,-6.5182677e-09,-781.41425,-10.054527,52.880356,1.8052285e-08
40.309597,-4.3429697e-08,127130.734,7.798751e-09,13.889029,1.6291722e-08,1.322998e-10,2.067009e-08,6.2786127e-09,4.1722673e-10,-200.42749,-24.604477,24.62484,3.2371418e-08
43.739937,-7.3687243e-09,132657.33,5.082117e-09,5.7938137,-1.5321117e-09,8.43936e-11,6.277649e-10,5.3103486e-09,-3.781063e-09,-829.5661,-11.00219,32.93537,1.2109157e-08
128.19765,-3.963123e-08,154459.17,-1.8090505e-08,8.442854,-3.6446992e-09,1.146993e-09,-3.4987817e-09,-3.290947e-09,2.3283724e-09,-707.7185,347.45673,20.849733,-7.05222e-09
165.57228,-4.036427e-08,352228.62,-6.7087655e-08,8.173434,-3.309017e-08,1.2528572e-09,-9.140024e-09,1.4125336e-09,2.538289e-09,-1967.385,381.16473,59.804043,-2.8001461e-09
7.682148,-1.1189898e-09,204533.94,-3.969805e-09,9.433789,2.6406068e-09,-6.265193e-11,-9.25425e-10,2.2226265e-09,-1.0132459e-09,-340.74896,3.0823746,32.288956,1.2027195e-08
39.365864,-2.1657292e-09,404592.12,1.2944832e-09,12.20074,1.2875804e-09,-9.132943e-10,5.4508636e-10,2.154647e-09,-4.019644e-09,-238.83275,-3.6180344,38.71735,6.890907e-09
51.990784,-2.4926608e-10,137251.19,-3.3717693e-09,7.7283044,-1.5940889e-09,7.6838197e-10,-3.1644574e-09,2.009804e-09,5.1949234e-10,605.25446,79.20727,27.202682,2.092535e-09
55.254013,5.1373723e-09,330343.9,-8.8237035e-09,15.019354,9.99155e-09,-1.9905817e-09,1.8332518e-09,-1.4636619e-09,-3.8545718e-09,3741.0027,121.39066,58.334362,-1.5424868e-08
-1.6855507,-5.531055e-09,253751.22,5.0870974e-09,11.89431,2.1102584e-09,-3.0264624e-10,5.686412e-10,4.0888133e-09,-3.8252015e-09,-953.33307,-14.523827,32.575005,1.2905812e-08
1.7335091,-3.275597e-09,381551.12,3.7251513e-09,13.814633,8.9175617e-10,-1.6963343e-10,2.1088953e-09,2.1642679e-09,-3.5692287e-09,-654.9837,-7.4475975,30.709904,8.4733305e-09
62.39807,-5.983333e-08,229919.28,-8.843559e-09,15.354123,6.6690378e-09,-1.7337667e-09,1.3368621e-08,6.373577e-09,2.9796872e-09,-190.70532,393.4867,40.78893,-1.8705624e-08
53.88592,-1.2913404e-08,210579.08,-1.3224591e-10,9.532258,2.5065705e-09,-2.904867e-10,2.3508337e-09,7.888316e-09,-5.7854703e-09,-809.45337,-14.626984,42.047874,1.7966107e-08
70.83075,-8.076158e-08,265607.44,-1.6424707e-08,11.19648,4.318224e-09,-1.6018392e-09,1.4379144e-08,8.132565e-09,3.2997138e-10,-997.3679,150.10786,47.83865,-1.3178387e-08
135.89752,4.336704e-08,172316.47,-2.2053724e-08,11.898873,-4.9494058e-09,-8.061623e-10,-3.1136924e-08,3.4630863e-09,2.2456386e-09,14554.285,419.83026,69.34747,1.3168925e-08
56.80259,-2.5711579e-08,257114.97,-1.6637895e-08,15.650728,1.8463707e-10,-5.101401e-09,-1.2740427e-08,2.14781e-09,-3.2756566e-09,-180.45776,373.80255,57.328575,-3.633142e-08
126.709656,-7.9286856e-08,323380.88,-1.9973376e-08,10.597291,-7.533483e-09,-2.9234842e-10,1.874325e-08,6.340129e-09,-2.4610538e-09,-898.99146,144.76347,32.309177,-1.4333728e-08
62.53615,2.2217149e-08,142173.23,-1.1329542e-08,11.956197,-2.9918272e-08,9.191219e-10,7.719206e-09,1.0909516e-08,-2.317132e-09,92299.08,65.5853,104.34985,-5.543112e-09
103.143936,4.8128084e-09,175825.7,-5.523411e-09,10.035579,9.560375e-10,-1.7472256e-09,-1.3619318e-09,-6.652513e-09,1.1963364e-08,56.879524,127.94786,38.68545,-6.7620745e-09
-20.135468,-5.0846563e-09,192734.4,2.5069757e-10,10.400718,1.1932498e-09,-2.1508549e-10,-7.023314e-10,2.1475137e-09,-3.8523678e-09,-653.1577,-9.879158,39.30535,1.2662147e-08
47.913067,-2.230148e-09,155604.78,-2.0635487e-09,6.7478023,-1.3950403e-09,-8.3569973e-10,-4.9733617e-11,5.053953e-09,-2.0492295e-10,818.5674,-6.945217,43.108192,3.0495564e-09
85.21723,-5.863394e-09,215013.67,1.7460432e-09,13.304841,-5.656855e-10,-1.8271529e-10,9.1350594e-11,4.7332587e-09,-2.5848972e-09,-992.9316,-18.94265,47.693584,9.562678e-09
-14.202019,-5.872946e-09,419347.84,4.829751e-09,9.486254,1.0995568e-09,-4.2219067e-10,1.4797895e-09,1.4416168e-09,-4.6927204e-09,-722.80695,-10.677528,34.351646,1.2950995e-08
97.49965,8.313042e-09,235085.77,-1.7992328e-08,11.076099,-1.81609e-08,1.4305276e-09,1.0238337e-08,-1.74696e-09,-2.196295e-09,-88.131836,227.37831,50.926544,-1.28368e-08
82.66927,-5.735125e-10,325415.94,-1.9732642e-09,12.733918,1.7581621e-08,-1.4058775e-09,8.84667e-09,3.296844e-09,2.955927e-09,290.969,46.464172,50.160706,-1.6416598e-08
65.25715,-2.292266e-08,283904.62,-9.9827755e-09,16.654226,-8.969801e-10,-1.1160307e-09,5.9581047e-09,1.9478263e-09,-7.4240813e-10,2006.6078,563.3958,54.66419,-7.0669905e-09
-11.406551,-3.305678e-09,136354.42,4.7753834e-10,5.27337,-5.292245e-10,-3.130853e-10,-6.084771e-10,3.1777494e-09,-2.7572142e-09,-495.6324,-9.3955345,38.323776,1.1398091e-08
-11.932388,-7.176096e-09,167082.56,-2.9926597e-10,8.973032,1.5374773e-11,-3.6814146e-10,1.1036023e-09,2.3517394e-10,-3.999032e-09,-444.94812,-14.685112,58.646732,1.3417997e-08
56.281105,2.527127e-08,312378.06,-3.1895444e-09,11.132509,-1.633435e-08,7.8095375e-10,3.0320149e-09,-2.6587836e-09,-2.2395381e-10,4851.7183,100.860214,32.26967,2.8053062e-08
-34.96607,-1.3838317e-09,340883.94,2.0800524e-09,8.341713,2.453759e-10,-4.819942e-10,-1.2908122e-09,1.5869256e-09,-3.737726e-09,-680.5368,-10.333824,28.343794,1.1821269e-08
57.718636,-3.933878e-09,115272.19,7.250101e-10,7.9397044,-3.3694842e-09,-2.8906072e-12,8.947951e-10,1.5949891e-09,1.0701113e-09,-423.88464,8.612656,38.469097,5.9453784e-09
66.033325,-1.4206539e-09,279320.66,1.4588263e-09,8.004946,-1.9907864e-09,4.3141238e-10,-8.050813e-10,1.0798823e-09,2.9882679e-09,56.657013,-10.667526,18.210924,6.456657e-09
8.423262,-3.5426004e-09,278519.56,2.82718e-09,5.2165923,-2.8790252e-09,-3.1115638e-10,-2.855588e-10,3.0732166e-09,-1.6181201e-09,-415.64844,-11.824486,28.743874,1.0137475e-08
38.15717,-1.34879e-08,191723.08,5.526665e-09,12.85013,-1.5636097e-10,-4.472431e-10,3.0741918e-09,3.736484e-09,-4.983862e-09,-1150.6687,-18.080978,39.289696,1.6365298e-08
197.44556,-2.8039946e-07,395131.2,-6.196768e-08,7.912163,-1.6254157e-08,-4.16407e-09,5.1964378e-08,1.2054566e-08,2.0478352e-09,-1800.9675,179.30226,48.5292,-3.2629927e-08
98.09621,-2.562752e-08,255486.69,-2.4897868e-09,10.032387,5.9745937e-09,-1.3316613e-09,3.9508347e-08,1.1236443e-08,-6.265185e-10,-498.37427,118.08745,34.760803,-1.9581814e-08
89.425156,4.6128953e-08,295141.0,1.3160035e-09,9.427347,2.1212305e-08,2.1429682e-09,-1.966648e-08,-2.5860725e-09,1.7181655e-09,-4130.783,962.302,46.90733,1.0622606e-08
31.287323,4.29787e-09,417954.88,-5.650158e-09,11.936045,-2.3978348e-09,-6.2365296e-10,-1.4515041e-08,-9.444718e-10,-9.912505e-09,1990.3284,1202.0184,44.903706,2.3111438e-08
115.46515,-9.40593e-08,348070.44,-2.7341502e-08,9.492653,-2.8828366e-09,2.3212603e-10,4.673165e-09,1.3042967e-08,3.5370948e-09,-473.25024,857.3391,30.375065,-7.062178e-09
33.727146,-4.0765144e-08,360028.56,-6.206077e-10,10.104019,2.2156463e-08,-6.1716815e-10,1.6654798e-08,1.8319775e-09,-3.450368e-09,904.5281,5.4861298,20.949139,8.050828e-10
39.492783,-5.2645652e-09,185629.62,2.1089297e-09,12.969742,-1.3199921e-09,1.3090225e-10,-4.3703377e-10,2.7232614e-09,-3.0180294e-09,-883.01056,-9.482956,40.255707,1.0953102e-08
27.916836,3.490921e-08,-27558.86,6.5220114e-09,8.788788,7.8642737e-10,-7.8708484e-11,-7.293383e-09,-8.282759e-09,1.73253e-10,-914.2385,-301.45587,50.368423,1.2678082e-08
61.533337,7.958983e-08,151423.22,-1.7428887e-08,18.909212,1.0068871e-08,5.1235576e-09,-2.3247388e-08,2.8518876e-09,9.1432373e-10,45248.645,592.80237,50.21872,1.31436e-08
47.297916,2.93221e-09,192654.4,6.4982464e-09,11.234537,-2.779188e-09,2.7281382e-09,-8.5139734e-10,1.2525728e-09,-3.6150882e-09,1254.7551,83.4004,57.24334,9.253676e-09
-18.293785,-1.3671702e-08,284195.3,1.1716615e-09,3.1285553,-7.7997436e-10,-3.0663427e-10,2.6785227e-09,4.255172e-09,-4.837618e-09,-516.9915,-12.839645,39.393272,1.8795108e-08
83.69824,9.63818e-09,280916.38,-8.532447e-09,10.705105,2.755289e-09,2.5621016e-09,-1.3684445e-08,-2.5428437e-09,-1.0093691e-09,2142.1743,446.70804,53.630047,-1.8856282e-08
83.02388,8.599079e-09,231597.72,-2.206549e-08,11.025026,-1.6645382e-08,-5.8919813e-10,-1.720266e-08,-1.5683052e-09,1.3538936e-09,20128.758,363.72946,67.32114,-2.662967e-08
10.498581,-1.0553978e-08,228192.19,1.1668638e-09,6.328722,1.9295658e-10,-7.2545997e-10,1.9558244e-09,3.3291214e-09,-4.2677692e-09,-468.3786,-11.361992,50.238144,1.4012977e-08
67.03434,-3.0092096e-08,258342.0,-1.00932915e-08,11.021509,-5.0884874e-09,1.7360406e-09,-3.422706e-09,7.437879e-09,-2.457817e-09,-552.74097,712.2353,51.781193,-2.866403e-08
75.25373,7.966277e-10,161190.12,-1.9992017e-09,7.466448,2.621167e-10,-2.9858777e-10,-6.161059e-10,-2.1136153e-09,-3.8851717e-09,458.92633,36.34045,52.554893,-5.6387632e-09
22.317995,-3.392308e-08,318793.5,-1.9932397e-08,10.190161,1.2249035e-08,8.758366e-10,1.0214571e-08,-2.5222142e-09,-6.109502e-09,833.19165,-28.90715,57.91944,-2.1888376e-08
8354280000000.0,-87037.94,-952132440000000.0,-2.2723714e-05,3533.7375,373.46857,-2.5598478e-08,2.0657723e-07,6.960565e-08,1.6691217e-08,18738.256,531.1781,62.01252,-1.6950946e-08
51.12413,-5.6813256e-09,6027.422,2.2055593e-09,12.808566,5.739682e-11,-3.4265996e-10,-9.748965e-11,1.7606931e-09,-1.931436e-09,-814.9824,-12.450485,31.97733,1.0523479e-08
55.576603,9.549574e-08,-29372.25,-5.3560862e-09,7.8978567,-1.6830176e-08,1.4944237e-09,-4.423882e-08,-1.3644384e-08,-1.9530709e-10,4384.828,68.93976,41.30168,3.607326e-09
17.715773,-8.94537e-09,225025.92,-2.0985143e-09,15.207763,-4.7605603e-10,-2.2963204e-10,2.3524356e-09,2.7561549e-09,-4.9856665e-09,-139.2368,-8.818302,75.8932,1.4343519e-08
59.49317,-1.158184e-09,192792.39,-3.0646847e-09,12.124485,1.7839659e-10,-5.6932326e-10,-2.4067748e-09,-1.9240114e-09,3.2110625e-09,-168.23668,-23.036858,64.41531,-3.2685845e-09
43.48212,-1.8423888e-08,308477.78,-1.7163488e-08,13.434556,-2.9260192e-08,1.2649786e-09,-1.7656511e-08,6.1445755e-09,-2.3445332e-09,2436.8218,1433.8518,55.488007,-2.9552802e-09
36.472996,6.808435e-08,190702.8,-1.2951145e-08,12.93895,-8.4797584e-08,5.423088e-09,-1.8590246e-08,-1.2421298e-08,-3.8158032e-09,17427.943,-174.32722,50.535812,3.893757e-09
-6.3327484,-4.0929273e-09,321797.12,-1.3311299e-09,8.747121,7.6984763e-10,-1.7715286e-10,3.7053425e-09,3.386152e-09,-4.3290567e-09,-750.99176,-7.090397,42.096527,1.1533944e-08
38.56776,8.7161844e-08,268965.66,3.6097765e-09,9.37717,4.658805e-08,8.697767e-09,-6.697636e-08,-1.3509542e-08,-2.3246454e-09,1168.1772,1593.6746,46.09929,4.6074064e-08
71.95978,-2.390845e-09,242301.08,-3.2044076e-09,8.597624,-1.3511241e-10,-2.222436e-10,-1.0970873e-09,2.3735094e-09,3.443753e-10,343.28156,11.624371,5.877697,-5.1568594e-09
114.1196,5.690144e-10,166692.44,-2.9745935e-08,8.193363,4.253721e-09,-1.7243679e-09,1.8069096e-08,5.125652e-09,8.027985e-09,16028.386,239.66077,45.154682,1.9701731e-09
16.463024,6.892364e-09,191000.17,7.238348e-10,6.814268,1.1306203e-09,-3.8748064e-11,3.121369e-09,-1.2136286e-10,-8.824045e-11,-181.1617,21.320194,25.976217,-6.211888e-09
40.909557,-3.3427985e-09,102143.33,-1.095961e-09,10.007025,3.852038e-10,-1.3060845e-10,7.9669094e-10,5.712023e-10,-1.1924854e-09,-628.30664,-4.373131,61.432503,5.5363145e-09
66.58707,-1.97164e-08,77377.71,-2.4796663e-09,15.155983,7.5111215e-09,-2.1543164e-10,5.9924172e-09,5.899827e-09,8.5366364e-10,-41.13037,156.33783,68.002,-1.7295605e-08
47.274902,-7.458735e-09,82808.375,4.8530424e-09,7.5224113,1.4832148e-09,-7.8123047e-10,1.6051103e-09,4.304328e-09,-3.4336183e-09,-678.6745,-12.93821,29.451172,1.0733798e-08
61.565025,-2.3537408e-09,251505.19,1.7391222e-09,3.4474564,-1.0402245e-09,-4.098159e-10,8.8907554e-10,4.162122e-09,-2.9035196e-09,-318.12933,-7.771427,32.973495,9.193482e-09
70.327286,5.4644392e-08,267969.88,1.7103472e-08,6.9461937,3.8055713e-08,1.2276736e-09,-3.4841193e-08,-3.2960823e-09,3.1372196e-09,-2308.5603,970.1456,25.70787,5.7836274e-08
44.1795,-5.358807e-09,139687.05,-1.7287057e-09,7.999076,-8.3013524e-10,-5.0599202e-11,6.82736e-11,6.0441527e-09,-2.7283806e-09,-495.5017,-4.5175858,58.247925,1.356402e-08
157.17905,-1.3377763e-07,427102.06,-7.3610394e-08,2.5497246,-2.844263e-08,-4.99227e-09,-1.7026968e-09,7.0691737e-09,2.7887008e-09,-887.85864,219.71329,64.37773,-3.572853e-08
178.13875,-1.00015285e-07,293581.47,-3.703817e-08,9.142563,-1.4006216e-08,-2.4325683e-10,1.5273649e-08,3.3290375e-09,2.1544706e-09,-794.7107,296.55322,28.015991,-1.2102491e-08
68.44776,-3.5321232e-08,84956.77,-5.474948e-09,14.002958,4.1847024e-09,6.2922517e-10,2.5720372e-08,8.507358e-10,-1.6622778e-09,4.2197266,85.6942,28.389635,-1.4802618e-08
37.659492,-3.956178e-09,213398.44,2.1616555e-09,11.799277,-1.4318567e-09,-5.079046e-10,8.5694546e-10,1.0240064e-10,-2.3622324e-09,-332.18463,-18.0158,45.08219,1.0565148e-08
63.03766,-2.5566264e-08,279590.38,-2.301927e-09,7.2336016,-9.907429e-09,-1.2232293e-09,-5.553501e-09,6.645917e-11,1.2665136e-09,1285.9668,312.2119,45.232967,-1.9299295e-08
14.923113,3.569915e-10,276685.53,3.8172257e-10,7.3266506,4.5996797e-09,4.742186e-11,-1.7285751e-09,1.0053969e-09,3.1487926e-10,-248.61977,-5.0578804,35.028294,8.177387e-09
2.7036095,-6.8985915e-09,222626.86,5.1716142e-09,3.7787147,1.1057243e-09,-8.455094e-11,-3.9386927e-10,3.6503096e-09,-2.0902928e-09,-519.14984,-9.604858,29.048536,1.2130132e-08
64.15995,7.884747e-08,74138.46,-3.2343325e-10,8.74065,-2.8516247e-08,3.5895844e-09,-2.5615455e-08,-1.0394088e-08,-2.2002529e-09,-1857.9504,-284.7834,37.552105,1.603953e-08
120.44501,-1.2980986e-07,448733.16,-3.9848047e-08,12.044687,-8.996118e-09,-4.636661e-09,9.416654e-09,9.728894e-09,1.0632e-09,-1550.5149,454.32953,49.396027,-2.1602874e-08
183.21732,-7.0325655e-08,195083.02,-1.1078972e-08,8.058522,-7.614486e-09,1.9985192e-11,3.0259475e-08,-2.2361586e-09,-3.1215516e-10,1559.7278,160.49158,4.0964546,-2.2837874e-08
112.332565,-2.8110074e-08,329703.62,-8.079853e-09,8.300055,1.3983702e-08,-3.3193126e-09,1.9745428e-08,1.4410284e-09,2.9879232e-09,9893.98,397.56537,51.150894,-1.7136022e-08
35.226326,7.301772e-08,-99130.42,-5.5272915e-09,8.52816,3.2800298e-08,3.778993e-09,-3.4327865e-08,-2.2710975e-09,-2.3337862e-10,35877.465,-113.30812,68.36448,1.07510845e-08
60.570507,-3.9524686e-08,331480.8,1.4773124e-08,11.161546,1.9909857e-08,-1.8623106e-09,2.5380794e-08,1.0945665e-08,-2.5880094e-09,-1648.1433,-47.154892,38.187664,4.5578304e-08
60.26842,8.979411e-08,105432.695,-2.1854393e-10,11.286216,9.387577e-09,5.0650675e-09,-3.6206096e-08,-3.1220395e-09,-1.7061309e-09,25322.299,197.65346,61.088005,3.5074734e-09
42.35826,5.0543363e-08,223151.75,-5.6658533e-10,13.450619,-1.549867e-08,3.3411924e-09,7.2652984e-10,-1.0770951e-08,-4.3573487e-09,-2648.4622,-188.9359,24.428549,2.3440007e-08
1.9373741,-7.089134e-09,318874.03,4.467428e-09,12.472187,7.101017e-10,-2.1163728e-10,1.4393258e-09,2.6283469e-09,-4.435529e-09,-713.24854,-14.346519,37.48572,1.2077286e-08
20.84283,-1.5614372e-09,264925.47,1.4743966e-09,12.690218,6.981428e-10,-5.1025056e-10,-1.04258e-09,-2.2385733e-09,-1.3918365e-09,-787.46045,-4.9114037,38.896286,5.6278404e-09
70.515015,1.1807644e-08,205900.1,2.710547e-09,22.17432,-1.1611963e-08,5.788618e-09,-6.75805e-09,3.20533e-09,-2.9714669e-09,28741.719,116.97786,65.14078,-8.0738755e-10
83.24222,-4.648999e-08,154504.27,1.118537e-08,12.602697,1.1178001e-08,1.7754352e-11,2.141342e-08,1.0014453e-08,4.4752455e-09,15184.663,32.725815,33.432343,8.457185e-09
48.7398,-1.3071876e-09,176466.28,1.888021e-09,8.260582,-1.1540848e-09,-9.557063e-10,1.4252081e-10,2.8580636e-09,-3.6432146e-09,165.16634,-9.976318,32.06241,9.2207747e-10
23.418375,-5.0063167e-09,497853.2,9.884126e-09,7.1109524,8.22369e-10,-1.2738896e-10,1.3364535e-09,1.0882951e-09,-2.7934808e-09,-612.7257,-7.4208946,24.738232,1.16310686e-08
107.7124,-1.7915603e-07,346805.97,-2.1801414e-08,5.9505153,1.8368811e-09,-2.1180089e-09,3.0285314e-08,1.3718239e-08,8.448099e-10,-841.53394,184.44171,45.699398,-1.7951201e-08
36.890373,-1.9966484e-09,392605.75,3.475476e-09,7.876405,-1.2651615e-09,-9.912938e-11,1.4532419e-09,1.0381466e-09,-2.7562104e-09,-677.6107,-10.510376,32.498356,1.2336201e-08
33.18841,-1.365393e-08,235252.97,6.51837e-09,12.707554,-1.1202679e-09,-1.0351268e-10,2.923069e-09,5.4690767e-09,-4.985299e-09,-1005.9539,-16.499214,31.875408,1.4335554e-08
31.501123,-3.8406833e-09,424294.3,3.4730463e-10,9.705917,4.767249e-10,-1.0363665e-10,-1.4321973e-10,2.7576086e-09,-2.3013083e-09,-538.98816,-8.173569,43.63958,1.3310246e-08
107.38512,-6.689056e-08,326068.25,-2.7235313e-08,10.579662,-1.2941112e-08,-3.2972856e-09,1.180265e-08,8.674927e-09,1.2711078e-09,-692.71655,430.29797,54.841583,-1.1529583e-08
54.563168,6.013321e-10,269831.38,-9.0051255e-10,11.147117,-1.0940102e-09,-5.9877725e-10,-2.4246985e-10,-2.2897908e-09,-2.9737894e-09,-705.62616,-14.608543,39.12183,-2.775644e-09
50.40585,-8.919932e-10,203421.33,-5.879998e-09,10.192675,-6.7625305e-09,-6.67539e-11,-7.698303e-09,4.2719535e-09,-3.1791956e-09,-363.57544,-52.18965,33.59986,-8.150366e-09
30.158638,-3.5433644e-08,238058.47,-4.0325023e-09,12.45069,9.387527e-09,-1.2404554e-09,1.873424e-08,6.162304e-09,-2.0728261e-09,-328.94897,-14.9409485,36.66614,-9.352282e-09
-2.1574097,-6.6457564e-09,379093.0,-2.0561977e-10,8.401929,-8.5414853e-10,-1.0881715e-10,3.0127094e-09,2.0443078e-09,-3.8787022e-09,-567.3825,-9.357307,48.360065,1.3152e-08
216.89749,1.8995998e-07,-32262.75,-5.149451e-08,18.866047,-4.885963e-08,3.8594945e-09,-4.722248e-08,-1.5129004e-08,7.1293645e-11,34659.94,1496.981,-2.3394089,2.7966534e-08
31.6348,-4.6695945e-09,142681.39,3.736929e-09,14.595053,1.3205127e-09,-6.4991956e-10,-7.8502616e-10,3.694656e-09,-3.152417e-09,-1278.2352,-14.548767,34.59007,9.271603e-09
3.3277092,-2.8976237e-09,253550.17,2.3567406e-09,8.083704,-1.3148501e-09,-3.9951228e-10,-2.532546e-09,1.7206532e-09,-1.891709e-09,-645.1996,-8.07774,34.13669,9.072389e-09
129.92,7.920601e-09,-71763.45,-4.8131756e-09,9.905894,-1.457817e-10,-1.732505e-09,-1.4473301e-09,-6.0985523e-09,1.679101e-08,-537.4889,252.0058,44.93692,-1.8930126e-09
12.3237915,2.7156663e-10,129296.61,2.549882e-09,10.239648,-1.7310272e-09,-3.6782768e-11,-2.5937203e-09,2.5392788e-09,1.3355635e-09,-539.8334,-1.1865921,19.26785,6.622261e-09
142.98912,-2.4384681e-08,278402.62,-3.4571606e-08,11.379671,-2.2965509e-08,1.8527704e-09,-2.1445539e-08,-1.829488e-09,2.3453257e-09,4540.0376,419.10028,11.851189,-1.9057023e-08
30.648075,4.747407e-08,295827.84,-3.3715533e-09,8.859882,-2.3899728e-08,2.1991877e-09,-7.238268e-11,-1.7190974e-08,-2.8139993e-09,-6517.0645,-363.74878,21.453592,1.28919435e-08
-10.27095,-7.827051e-09,341944.3,5.432587e-09,11.245306,8.989546e-11,-7.329873e-10,1.9383893e-10,2.1032593e-09,-5.644736e-09,-874.6899,-14.375626,31.91786,1.515309e-08
76.67366,-7.2907653e-09,273575.66,3.4606198e-09,7.3689775,3.3604863e-10,-4.36329e-10,1.2049653e-11,4.6831445e-09,-3.469848e-09,-729.0762,-11.039116,34.83252,1.4345023e-08
5.576584,-9.95694e-09,136059.4,1.6558986e-09,7.3685246,-1.1058484e-09,-3.4246925e-10,1.555311e-09,3.5039451e-09,-2.6915474e-09,-706.6045,-12.795876,38.664173,1.4374512e-08
56.55609,7.961816e-08,265657.0,-2.3795735e-08,13.200144,-5.87851e-09,3.5986327e-09,-2.5785626e-08,-8.358336e-10,-1.6104561e-09,19927.873,1012.0382,30.970432,-1.8624796e-08
14.104921,-2.7906868e-08,-53307.22,2.9812466e-10,11.960569,2.4192202e-08,-1.1766552e-09,1.0680523e-08,1.020069e-09,-1.5110235e-09,-567.03784,3.7865295,54.149742,-4.8303073e-09
30.120625,-3.537612e-08,294280.3,-9.174329e-09,10.79652,1.1290838e-08,-1.2708732e-09,1.984204e-08,9.21567e-10,1.4309497e-09,389.09668,17.682693,46.789665,-1.3898953e-08
136.33646,-8.874601e-09,215551.94,-1.6763275e-08,13.49348,4.105599e-09,2.957836e-10,-5.829937e-09,-4.0083578e-10,2.8320077e-09,-132.66357,595.2827,17.90915,4.197679e-09
61.10824,-1.288837e-07,369710.94,-9.604602e-09,9.000718,1.3196978e-08,-5.651981e-09,3.7749764e-08,1.6847382e-08,-6.5976524e-10,181.60889,289.14886,45.492603,-1.797259e-08
45.835648,-5.942482e-09,231520.72,1.1746929e-09,14.335176,2.7530872e-10,2.3532776e-10,-7.2614126e-10,5.0757065e-09,-3.9484096e-09,-1109.834,-13.492241,40.857876,1.267689e-08
41.03233,-1.4311493e-08,231626.72,1.2203585e-09,13.372479,1.897006e-08,-3.7513694e-09,-5.2240245e-10,-3.6363015e-09,-5.514892e-10,-618.76636,-61.975845,46.74207,-1.279858e-08
173.52296,-3.0161715e-07,350422.84,-2.939367e-08,4.611634,-7.26174e-09,-9.721978e-10,4.2037303e-08,1.3172106e-08,-2.5595638e-11,-365.17407,213.89844,29.724052,-1.0214692e-08
1459580200000.0,-15206.447,-166347240000000.0,-2.2724007e-05,3533.711,65.24861,-2.5598547e-08,2.0657379e-07,6.960574e-08,1.6691423e-08,18738.387,531.1779,62.01252,-1.6950953e-08
-15.319485,-1.1050149e-08,345811.88,6.880921e-09,3.8061547,-1.6942345e-09,-8.406117e-11,1.542576e-09,3.0895875e-09,-4.7281388e-09,-598.5061,-15.669296,33.65536,1.742964e-08
84.728485,-8.128824e-09,220876.89,3.5314678e-09,7.9305086,-2.5066862e-09,-3.5154217e-12,9.800152e-10,5.512478e-09,-4.8647335e-09,-498.9157,-10.218529,48.507164,1.8738394e-08
44.32484,6.732972e-08,79296.18,-6.0571055e-09,17.112453,-2.713733e-08,3.9457277e-09,-3.6645126e-08,-4.7389994e-09,-2.0720177e-09,17917.088,34.321747,61.66478,-9.592193e-10
56.287094,2.5338357e-08,197178.77,-5.5559743e-09,16.158564,-2.3456309e-08,3.1930592e-09,-7.811147e-10,-5.848659e-09,-2.5722098e-09,-4155.0664,-205.52629,47.119072,-1.7819549e-09
180.47273,-1.5242043e-07,380053.0,-3.804169e-08,3.7927036,-1.1588661e-08,-1.0105834e-09,-5.584321e-09,1.0780765e-08,-1.5047047e-10,-2183.819,131.84552,46.89951,-1.2171319e-08
48.952946,1.5383343e-08,242855.03,-1.11545075e-08,10.37164,-1.3728795e-08,-1.6005355e-09,-4.451264e-09,-5.429553e-09,-1.9564845e-09,-93.541504,126.583275,42.630234,-6.369552e-09
120.847275,-1.4156402e-08,192681.36,1.3647004e-09,6.6191926,-1.6247367e-09,-8.8901975e-10,-2.9815032e-11,9.747154e-09,-3.1303968e-09,-728.54553,-14.962006,35.000866,3.22492e-08
79.335724,-5.8564492e-08,392102.3,-1.553969e-08,7.411036,-5.276978e-09,-2.5554179e-09,2.6596092e-08,1.4591583e-08,-4.4520823e-10,-1729.3997,268.4563,54.39113,-1.7213326e-08
19640382000000.0,-204620.6,-2238403500000000.0,-2.2723661e-05,3533.7358,878.0016,-2.5598482e-08,2.0657707e-07,6.960562e-08,1.6691226e-08,18738.24,531.1781,62.01252,-1.6950944e-08
46.009785,-7.374954e-08,226361.38,6.0125434e-09,13.773702,1.27377024e-08,-3.9007575e-09,2.0404086e-08,1.1459201e-08,3.2244263e-09,284.53198,58.74237,39.37392,-2.6013327e-09
89.32526,-4.24606e-08,252377.38,-1.4311386e-08,11.587221,3.730967e-09,-3.7691596e-11,1.2776164e-08,5.671092e-09,2.4458433e-09,-488.99634,144.4566,35.644203,-2.0357925e-08
4.3688774,-6.320649e-09,225270.89,-5.7034866e-09,10.6940565,3.9244796e-08,3.4342096e-09,-1.1392927e-08,-1.26879005e-08,-1.0289568e-08,-1111.5457,112.91855,60.262436,-3.632221e-10
42.675312,1.634846e-09,354970.34,-1.5169581e-08,10.145879,-1.4661417e-08,-2.2777917e-09,-3.1455283e-09,-4.1632306e-09,-2.1931865e-09,1118.6611,384.48077,47.710327,-1.3684495e-08
32.768513,-5.9031007e-09,226724.19,3.0492855e-10,9.752598,-7.748061e-10,-3.8054834e-10,1.384943e-09,2.4164326e-09,-2.9483984e-09,-619.7796,-12.765976,59.656643,1.6179136e-08
45.905968,1.9196566e-08,-78209.45,-5.461096e-09,13.302315,-3.9234416e-10,-1.0586766e-09,2.1486177e-09,-1.8105839e-09,8.661561e-09,206.09903,94.44447,39.60483,-9.59252e-09
97.30257,-9.092915e-09,45895.812,1.2849668e-09,9.950694,1.035236e-09,-4.3872309e-10,-1.5058318e-10,2.7012308e-09,-4.457022e-09,-372.72894,-22.485,36.279938,1.8594658e-08
2.2186852,-7.97636e-09,351223.38,1.5878552e-09,10.069548,-7.5970197e-10,-2.457708e-10,-2.5550048e-10,3.5808165e-09,-3.8063175e-09,-798.8642,-12.338707,41.651207,1.4773564e-08
55.06492,-3.1465726e-09,351252.06,2.1658426e-09,6.8021,4.1899875e-10,1.3932516e-10,-1.5194453e-09,3.0742868e-09,-1.0103587e-09,-764.5088,-12.487343,30.913845,1.0655182e-08
36.794056,-8.777897e-09,102445.91,5.0648534e-09,7.453467,6.3967065e-10,-1.000969e-09,1.8907493e-09,3.48427e-09,-2.6278109e-09,-842.5033,-10.607262,30.640327,1.2294077e-08
39.865894,2.6191655e-08,165709.73,-4.123612e-09,10.402734,2.1168768e-08,3.1356786e-09,2.4542853e-08,-4.3724993e-09,-5.953472e-10,9198.117,-627.52405,40.178596,2.241582e-08
36.114746,-8.066342e-09,211549.33,5.5599867e-09,12.083704,-8.0848617e-10,-5.729898e-10,1.801128e-09,3.3019436e-09,-2.4173155e-09,-952.7349,-17.008621,30.960749,1.22860735e-08
71.76424,-5.1100574e-08,250354.14,-1.6940809e-09,11.309022,1.1987016e-09,-1.891414e-09,2.7512282e-08,4.327518e-09,-3.7718366e-09,-1289.677,134.46739,36.014294,-1.28667255e-08
-3.7509727,3.2491343e-09,65065.805,-2.2954885e-09,11.121469,-1.5182461e-10,-2.7506056e-10,-1.9420971e-09,-3.1787164e-09,1.6808657e-09,-525.06305,5.3848763,27.533321,1.6147323e-09
48.007618,-6.1225167e-09,465908.62,8.1760193e-10,12.3078,-1.2866644e-09,-3.8922626e-10,1.2256327e-09,2.8202278e-09,-3.0743328e-09,-614.5462,-8.153118,42.037514,1.8819058e-08
28.407127,-5.5494023e-09,300265.16,1.7820971e-09,11.146016,-1.5772196e-09,1.25837405e-11,3.109789e-10,2.948539e-09,-3.0408103e-09,-862.39417,-9.381542,47.510696,1.1337309e-08
57.90746,-2.5600178e-08,150662.73,1.0051437e-08,11.160056,7.677735e-09,-7.261618e-10,1.7146926e-08,4.7457203e-09,-3.8162948e-10,-1058.3948,69.84446,36.567574,4.8239888e-09
6.820799,4.025351e-10,174267.31,-1.0091589e-09,5.1387606,-1.180172e-09,-1.9307848e-10,-9.115261e-10,1.1849605e-09,1.13215874e-10,-523.30426,-2.350624,36.268337,7.0352626e-09
81.737946,-1.3008685e-08,221929.69,-2.7027415e-08,8.493296,-2.3523373e-08,-7.272811e-10,8.458898e-09,5.971475e-10,-5.820694e-10,3476.783,259.90894,53.559334,-2.6112057e-08
74.58035,5.3237386e-08,34329.17,-7.143865e-09,17.079782,1.3887607e-08,1.941306e-09,5.815424e-09,6.0513052e-09,3.2432026e-09,46838.977,325.89508,38.706635,1.26301165e-08
94.695,-5.189151e-08,307059.94,-7.1395206e-10,12.301569,-8.505189e-10,-2.2504987e-09,1.9883158e-08,4.1855897e-09,1.6428415e-09,-1028.5159,225.04732,37.09398,1.2838043e-08
19.151005,-2.1145139e-08,181363.7,-5.880061e-09,10.600109,1.3289291e-08,-1.8222673e-09,-5.063077e-09,-6.7023436e-09,-5.4561142e-09,869.3406,57.851685,62.337105,-7.97915e-09
-102403250000000.0,7.680875e-08,2.5915023e+16,20978.48,19893273000.0,1.2970366e-07,6.5249206e-09,5.0857228e-08,1.759048e-08,1.787055e-09,7455.0713,1011.02466,94.77026,3.3670453e-09
4.099262,-6.578382e-09,263716.0,5.3193667e-09,12.858822,9.282499e-10,-4.6144089e-10,2.2330693e-10,2.6283309e-09,-4.752207e-09,-820.1131,-13.597694,30.175354,1.3788958e-08
93.73768,2.6806515e-09,497425.06,-4.2556366e-08,6.353909,-2.359497e-08,8.04367e-10,-1.0899336e-08,-5.951179e-10,2.0962672e-10,424.6609,181.82391,40.466366,-1.7866073e-08
236.20834,-4.234883e-09,135806.12,-5.4490656e-08,15.798166,-3.086452e-08,3.773765e-09,-2.9892455e-08,-2.1985622e-09,2.9209533e-09,366.46265,461.2621,29.473478,-1.6855648e-08
33.904533,-8.0180875e-09,137894.27,2.9194686e-10,11.5142765,1.3008444e-09,-7.256184e-10,-4.794088e-10,5.119537e-09,-2.9539613e-09,-803.492,-13.390572,47.349026,1.4724812e-08
59.79281,-5.6264714e-08,180804.9,5.0659425e-11,15.516204,1.2116951e-08,-9.1785135e-10,2.1282112e-08,7.0158275e-09,-7.5538137e-10,248.3418,3.926529,47.693428,-2.1473426e-08
58.188892,-5.599046e-09,122928.836,8.687502e-10,3.9222498,9.438157e-10,-3.5539283e-10,-8.141202e-10,3.2886558e-09,-1.8291663e-09,-469.8075,-3.8543015,44.31034,1.2393936e-08
60.51882,-2.4341743e-08,297924.78,-2.45979e-08,12.304631,-8.977824e-09,1.6789597e-09,7.291685e-09,-3.0288e-10,2.561717e-09,-640.60034,445.6174,52.29783,-4.641965e-08
40.610687,1.14861586e-10,365604.5,1.38192435e-08,13.192827,1.4877947e-08,-2.7925318e-09,1.4198253e-09,-2.3823612e-09,-6.8005974e-09,1848.8284,-58.995255,55.269012,-5.7570984e-09
-17.435925,9.654437e-10,291061.34,3.0034737e-09,7.833538,-1.6945322e-09,-4.6566034e-10,-2.7069442e-09,2.8590066e-09,-2.5483338e-09,-668.18884,-9.238232,28.724274,8.162134e-09
64.841545,-3.6276653e-08,295773.84,-5.285473e-09,6.689136,-1.1023261e-08,-6.0258363e-13,1.5544808e-08,3.8053645e-09,1.0298228e-09,562.1599,217.01427,49.827396,-3.1920223e-08
75.82131,-7.153552e-08,247051.02,-2.7277396e-09,12.323711,2.101557e-09,-2.3792202e-09,2.0245784e-08,6.918964e-09,1.4626136e-09,-552.72876,225.1807,22.115818,-1.3643292e-08
79.7841,1.2187105e-08,365417.88,-5.5582707e-09,15.652468,1.3852631e-08,-8.5028146e-10,-1.7586721e-08,2.1174458e-09,1.548742e-09,5901.0547,318.89862,30.245087,1.2581374e-08
68.84305,-5.249845e-08,271191.34,-3.2896599e-09,10.333508,-2.6691638e-09,-1.4048203e-09,1.793691e-08,6.6151076e-09,-1.3445831e-09,-522.8845,443.5869,37.046085,-1.9366032e-08
130.83505,-5.4724056e-09,52539.17,-1.8463518e-09,8.5652075,-5.266279e-11,-5.8614125e-10,-3.653948e-09,2.4568851e-09,2.95691e-09,748.7418,-26.440453,40.98051,2.4863652e-08
50.535866,3.223701e-08,93847.81,-1.7210798e-08,9.134767,7.1224e-09,2.5790505e-09,-1.903405e-08,-7.147944e-09,-8.143177e-10,5715.776,228.88344,29.074997,-1.5866378e-08
49.393475,-8.057691e-09,199390.64,2.639048e-09,9.5891,-1.0584554e-09,-2.7469457e-10,2.5356826e-09,5.9288654e-09,-2.913493e-09,-985.2059,-12.230515,43.756573,1.5235138e-08
15.452675,-2.3413875e-09,244809.92,2.2498141e-09,10.379826,-1.2283293e-09,-5.28195e-10,2.467988e-09,2.1769084e-09,-5.7463706e-10,-719.19556,-7.3905983,36.0018,7.746474e-09
65.49945,-4.5535353e-09,235366.69,1.1517081e-09,14.468851,7.6268053e-10,-1.2785535e-09,-1.4963241e-09,2.7839462e-09,-2.8115277e-09,-828.6925,-5.293968,51.832634,1.1675011e-08
132.7575,-7.694757e-08,328202.56,-1.0142565e-08,5.993175,-7.3368525e-09,-2.5258782e-09,3.5748137e-08,6.284939e-09,-6.619057e-10,-1872.7947,11.637466,32.51075,-1.4515664e-08
45.021286,-1.220804e-09,85045.35,-7.3197975e-10,7.271725,-1.375562e-10,-2.43211e-10,1.1140037e-12,6.5562245e-09,-1.3299635e-09,-370.8379,-0.76576996,36.117596,2.3277347e-09
23.432796,2.3803302e-08,-30759.469,1.0654041e-08,15.11712,1.9208805e-08,2.390904e-09,-6.4423364e-09,-1.064505e-09,-1.0415556e-09,-801.6892,12.348953,47.29298,8.7479615e-09
58.120705,-3.1530875e-11,19182.406,-1.3719296e-09,4.403999,-9.539567e-10,-5.1130317e-10,-1.6769368e-09,1.8809487e-10,-1.1997974e-09,-571.6913,-3.620449,37.942036,-1.1071783e-09
100.122986,-8.374808e-08,360972.78,-2.4806615e-08,12.841848,-7.7621815e-10,-2.4220614e-09,2.2725441e-08,8.060875e-09,1.0932876e-09,-1360.179,434.325,39.28841,-3.6496697e-08
29.500319,2.2938342e-09,241338.05,-3.9049106e-09,11.589905,1.4698184e-09,-1.0567417e-09,-7.328363e-11,-1.0372008e-10,4.6198861e-10,-863.1513,-7.8764877,20.645666,5.5853886e-09
54.992798,-6.6324697e-09,89999.75,8.9334007e-10,10.731169,9.535106e-10,-2.4648503e-10,9.817863e-10,6.115368e-09,-3.3327574e-10,-849.1329,-12.746086,34.186523,1.16518315e-08
92.57219,2.2384365e-09,397712.97,-2.788861e-08,8.143246,-2.4969252e-08,2.0744423e-10,-4.5696453e-08,2.8091522e-09,2.316461e-09,-3147.432,992.03217,44.259083,-1.1927967e-08
81.880295,-1.1332659e-08,200613.97,-4.3575778e-08,12.524269,3.1683023e-09,1.575946e-09,2.5157805e-08,5.689758e-09,1.8975102e-10,-1778.1433,294.555,66.55946,-3.886909e-08
13.451357,-1.0057164e-08,327390.12,4.8383932e-09,5.380394,-7.754517e-10,-3.2909897e-10,2.1693483e-09,4.235872e-09,-4.3542707e-09,-548.25336,-11.82003,35.81546,1.5395305e-08
96.230545,-6.6222383e-09,-70355.766,4.4152166e-09,13.6538105,-1.1840815e-09,-2.700289e-10,-3.8926803e-10,2.1870337e-09,2.0264614e-09,-1005.45355,-18.327545,24.43715,8.51091e-09
55.65796,-5.278868e-09,78684.85,1.6992385e-10,9.430679,5.2444733e-09,-9.877403e-10,7.697961e-09,3.6809886e-09,-2.1755737e-09,786.68945,61.096832,36.896294,-6.3080168e-09
121.37114,1.0552589e-08,407530.62,-4.7418556e-08,5.0049963,-1.6509874e-08,-9.916831e-10,-1.3832005e-08,1.3311473e-09,9.250141e-10,1832.7192,774.82965,46.241543,4.0434736e-09
-0.42949295,-7.014339e-09,386724.16,3.6857097e-09,8.237286,3.189606e-10,-1.4274995e-10,7.9158463e-10,1.0514543e-09,-4.230243e-09,-643.586,-10.325623,33.314102,1.6480326e-08
31.10745,-1.1355991e-08,212141.62,2.4788598e-09,15.35376,1.9001309e-08,-2.738888e-09,8.052085e-09,-3.5836958e-09,-3.489724e-10,-1674.1418,-227.07762,58.92958,-1.7708029e-08
5.540741,-6.789784e-09,190107.2,1.8373453e-09,4.7447724,9.650154e-10,-2.9806216e-10,1.3279787e-09,2.692776e-09,-3.1680707e-09,-545.69214,-12.93367,40.914486,1.119662e-08
23.889734,-5.567293e-09,193471.48,2.0499207e-09,11.754718,-1.3617482e-09,-9.653567e-10,1.3873656e-09,3.6082177e-09,-2.7142577e-09,-667.52826,-11.364891,45.23331,1.1544401e-08
20.553226,-8.35399e-09,425083.2,5.9237486e-09,5.3691196,-8.898607e-10,-2.4910468e-10,3.3870592e-10,5.9625878e-09,-4.407552e-09,-632.2888,-8.331921,31.667212,1.434692e-08
6391756400000000.0,-68143810.0,-6.3950056e+17,-7.3974262e-09,10.994165,-9.852256e-09,9.8984545e-09,-6.987669e-08,-9.970116e-08,-1.2698355e-08,2653.6548,-462.18286,-878064440000.0,2.62345e-06
12.277714,6.527896e-09,-35482.047,1.9398287e-09,8.512199,3.4034169e-09,-1.0126616e-09,6.114372e-10,2.5675592e-10,-7.2444946e-11,-565.4765,13.083378,19.905895,2.0463655e-09
67.107376,1.0286437e-08,197621.33,-1.4259666e-09,9.925878,1.1805288e-09,-1.9260926e-09,8.828936e-09,9.940452e-10,-4.1683065e-10,466.72607,59.09105,24.096565,7.842121e-09
59.739426,-7.206054e-10,73158.98,-2.6814113e-09,6.7312,1.7139006e-09,-7.196764e-10,3.6767576e-09,4.127519e-09,-1.5073397e-09,-849.0464,16.446827,41.928894,2.205e-09
107.347916,-7.541931e-08,262244.6,-2.628891e-08,9.989536,-1.2344112e-08,-9.862325e-10,8.308139e-09,8.785334e-09,7.5829193e-10,-698.8181,387.1528,37.839306,-1.31603795e-08
51.94636,-5.854731e-09,176755.75,-4.7794964e-09,11.413955,1.3489471e-08,-1.7980048e-10,1.7857297e-09,-1.1777254e-09,-5.7072874e-10,10.374756,187.59647,6.1469765,-6.8307004e-09
48.653843,4.3214228e-09,181104.0,9.640508e-09,13.44224,1.7810033e-08,-1.2572051e-09,1.4815225e-08,-1.2081353e-10,-2.2257465e-09,-1476.2312,-142.11644,46.79266,-8.644567e-09
76.41165,-4.715084e-08,413260.2,-2.7834046e-08,7.1132774,-1.4399131e-09,-2.1608106e-09,7.403539e-09,1.0411663e-08,-1.5087948e-09,-143.14453,547.4184,52.37386,-2.0187239e-08
142.747,2.6033435e-08,274669.4,-1.015565e-08,0.9650078,-1.9572031e-08,-1.1795946e-09,-3.289039e-09,8.1439265e-11,1.5038809e-09,-3068.637,174.42554,35.507236,2.5966752e-08
52.616436,-1.349712e-07,168562.47,-3.671114e-09,7.9887743,8.388245e-09,-2.5344615e-09,2.9672535e-08,1.5011027e-08,8.9450336e-10,437.78442,223.69019,44.28373,-3.398878e-08
56.721622,-8.005124e-09,141311.44,-1.8616063e-10,9.422632,-6.009827e-11,3.75839e-10,6.19101e-10,4.4600217e-09,-4.2391615e-09,-535.6299,-3.8742828,47.371956,1.649097e-08
75.6615,9.381441e-10,128044.02,-2.1532194e-09,9.640941,2.7173985e-09,1.9624946e-10,-2.2967754e-09,2.6577158e-09,-8.1804896e-10,-298.72565,19.399323,25.959206,8.892872e-09
51.831146,-9.1015636e-08,388290.2,-1.0582936e-08,11.895296,1.2694424e-08,-4.481894e-09,1.7243119e-08,1.5379786e-08,9.9192696e-11,84.75781,305.01755,37.515713,-1.2748416e-08
55.37862,1.0605491e-09,211179.34,-9.75358e-10,6.6282196,-1.206441e-09,-4.5698614e-10,-1.2922139e-09,2.0904185e-09,-2.52968e-09,-666.2133,-4.5103264,32.532246,-1.5066347e-09
37.24649,-1.919749e-08,151818.72,-1.3338025e-08,13.591722,3.6530065e-10,-2.949455e-09,-7.2066277e-09,3.6965269e-09,-5.6529514e-10,1139.3506,276.36792,51.520935,-1.6966151e-08
45.01146,-8.001333e-09,97578.445,1.5842867e-09,11.79348,-6.0851213e-10,1.974201e-10,1.1281167e-09,4.298857e-09,-4.372945e-09,-208.51277,-8.6356735,42.265873,1.4387402e-08
30.058395,6.513906e-08,28717.203,-6.6799988e-09,9.314564,-4.0650487e-09,5.1507882e-09,-2.5517332e-08,-1.0759829e-08,-7.08424e-11,5853.1074,-67.741104,41.455357,1.3835625e-08
49.524876,2.6482003e-10,233893.02,-1.8467737e-09,7.8306146,-2.6367927e-10,-2.6493063e-10,1.3715129e-09,2.3662394e-10,-2.7051643e-09,-575.4332,-0.7031059,40.12988,4.0056185e-09
27.9851,-5.6968843e-09,462140.5,2.7790503e-09,0.12211704,1.8064389e-09,3.5878446e-11,-1.5296281e-10,3.436983e-09,-4.637891e-09,-500.8166,-10.43203,40.59806,1.7099321e-08
44.886692,-1.1299766e-09,208678.17,6.886744e-10,3.782875,-8.863864e-11,-6.5214995e-10,1.1921318e-09,1.745402e-09,-9.462623e-11,-530.57733,-0.6614075,33.50481,5.941225e-09
46.93586,-4.987097e-09,216403.95,-1.019183e-09,8.120945,-1.0880814e-09,-5.6013274e-11,7.20998e-10,4.4240114e-09,-6.293354e-10,-414.18262,-8.696564,51.11076,9.980435e-09
0.7693558,-4.0682075e-09,316075.88,-3.4005434e-09,8.34576,1.0253263e-09,-4.155826e-10,5.880624e-10,3.2520788e-09,-2.6018803e-09,-515.9066,-5.6202507,51.656776,1.3197858e-08
-5.584347,-5.510097e-09,162935.28,1.5353013e-09,9.895194,-7.506326e-10,-3.2381822e-10,-9.64822e-10,3.1706209e-09,-4.235988e-09,-670.148,-13.673302,39.262863,1.11602985e-08
248.94688,4.7938503e-08,131307.33,-2.0270509e-08,6.7765193,-3.5845917e-09,3.267374e-09,-1.3938848e-08,-1.1183085e-08,2.9682323e-09,-2427.5925,766.52313,-17.725159,1.3509423e-08
102.60611,-3.5917813e-07,657900.8,3.7313587e-08,4.088267,1.2554611e-08,-4.205931e-09,3.230026e-08,3.6037576e-08,6.6401196e-09,2165.728,201.7029,72.944046,1.0490768e-09
44.29541,-3.3306073e-09,279481.72,2.70578e-10,10.23572,-9.779249e-10,2.458392e-10,2.1434923e-09,-5.6156046e-10,-3.4833094e-09,453.88318,-11.148743,54.14559,4.615124e-09
71.9828,-1.0222922e-08,172015.44,9.516582e-09,8.765783,-9.354254e-09,1.836077e-10,7.553522e-09,5.171211e-09,-1.7721807e-10,826.0405,40.306137,41.953083,1.2577555e-08
16.157162,-5.219236e-09,304210.3,2.4411577e-09,6.716758,-7.804845e-10,-1.2537228e-10,2.7749767e-09,4.621725e-09,-3.5050283e-09,-742.4401,-9.044865,44.13967,1.263728e-08
102.21428,2.5392568e-08,266616.34,-1.2429035e-08,13.976046,-1.7895536e-08,-4.2343484e-09,-1.3583181e-08,2.7742328e-09,3.2977263e-09,10481.99,924.92834,35.669247,-5.3139537e-09
6.7661133,-1.012345e-08,329191.84,6.475254e-09,8.396455,-3.9282727e-10,-3.3827882e-10,1.7222261e-09,3.7887062e-09,-4.9749684e-09,-609.706,-13.61702,27.862778,1.6139365e-08
91.90268,3.6726062e-09,292197.38,-2.0891719e-08,15.413422,-2.1745752e-08,2.2346471e-09,-5.2636517e-09,5.908674e-09,-1.4075392e-09,13154.162,367.8977,80.202835,1.20217685e-08
78.624466,4.729954e-09,359777.06,-1.0488218e-08,10.53985,-1.4624101e-08,-2.5366413e-09,2.6250506e-08,-4.5664432e-09,-2.3174869e-10,1189.1387,109.570564,31.260876,-2.2964906e-08
102.65013,-8.4709534e-08,459585.88,8.043887e-09,12.8264065,-1.169582e-09,-4.295742e-09,3.016142e-08,1.11239755e-08,7.1803224e-10,5288.562,151.50722,64.27523,2.2707097e-08
7.138714,-4.969009e-09,266551.88,3.319256e-09,10.661488,3.1908237e-10,-1.8635773e-10,4.517532e-10,3.440105e-09,-4.1367474e-09,-568.29004,-11.986229,37.330223,9.951246e-09
73.51401,6.136961e-09,127342.16,-2.7664755e-09,8.30229,-1.4353871e-09,-7.721479e-10,-1.914528e-09,-7.661579e-09,4.7661906e-09,-938.1524,150.58676,91.14373,7.0345935e-10
21.646866,-9.425643e-09,337774.72,4.8067013e-09,5.0515213,-1.1670217e-09,-5.144672e-10,2.8178524e-09,5.668111e-09,-3.5573127e-09,-768.83295,-11.532959,36.325615,1.6277944e-08
55.157578,-1.2078707e-08,261597.81,9.293905e-09,8.778045,-4.7896465e-10,-6.5932876e-10,3.3124505e-09,6.3792034e-09,-6.442551e-09,-929.16046,-12.24205,28.291656,1.4427286e-08
91.25207,-2.6716572e-08,74862.36,-8.929478e-11,9.674273,-8.971946e-09,3.6314718e-10,4.1672648e-09,4.862547e-09,-2.3552198e-09,-191.531,1.2525482,37.082985,-1.3642954e-08
61.30745,-1.9808664e-09,126983.125,-2.8974232e-09,7.8824263,-9.075663e-10,6.3163663e-10,-3.2067697e-09,3.2141234e-09,6.8425116e-10,-608.23486,7.516018,40.446354,-1.5994125e-10
-7.5548134,1.3902687e-10,226658.2,3.0071703e-09,8.239072,1.914719e-09,-3.8451942e-10,-3.5609935e-09,5.0698548e-09,-2.8733966e-09,-651.97546,-6.6550407,26.627504,7.895412e-09
30.494951,1.6647518e-09,296888.7,-5.1657394e-09,10.478669,1.3377518e-09,1.9578097e-10,-1.7654677e-09,-1.3221132e-09,1.405981e-09,-843.68933,7.1363983,31.036705,6.547222e-10
57.991795,-8.8200245e-08,215632.0,-5.0960396e-09,8.344483,1.1005202e-08,-2.4625555e-09,2.064718e-08,9.494866e-09,-2.2996351e-09,-350.31616,150.86044,48.823616,-2.448691e-08
54.10155,-3.5692274e-08,334117.5,5.690521e-09,10.398469,1.2196707e-08,-3.9860426e-09,4.4720263e-09,3.2750584e-09,2.6982325e-10,-380.2151,19.35144,47.33344,1.339382e-08
63.403244,-5.141119e-08,302679.94,-1.0728967e-08,13.020238,3.5698304e-09,-2.265928e-09,1.5339582e-08,6.0700747e-09,1.8057297e-10,267.0747,134.28473,54.109924,-7.605933e-09
-17.552681,-1.5113193e-09,172425.92,1.2353268e-09,13.053608,8.0328855e-10,-8.356788e-10,-5.337289e-10,2.5244207e-10,-2.5688076e-09,-845.3155,-7.5257416,31.044836,9.035495e-09
20.553844,-6.895726e-09,302306.7,3.3206076e-09,10.039415,4.0843204e-10,-3.4008196e-10,6.2221804e-11,4.3917323e-09,-5.025112e-09,-653.93506,-11.291718,38.095753,1.4200842e-08
84.00032,-4.45875e-08,253236.08,-6.7899113e-09,12.589949,3.4489347e-10,-2.0364797e-10,9.265971e-09,1.9680477e-09,6.477069e-10,140.66357,202.13194,40.42797,-1.1769054e-08
4.5452347,-5.85353e-09,249594.97,3.3168308e-09,8.363796,2.3921476e-10,-4.0736195e-10,1.3843466e-09,4.3067563e-09,-4.713342e-09,-716.07635,-11.368225,36.917847,1.3024499e-08
41.037716,9.724131e-09,162887.64,1.2473892e-08,11.930625,2.3243915e-08,-1.4166687e-09,1.4794333e-08,4.327689e-09,1.1034142e-09,8008.33,-78.61888,52.712852,2.2206101e-09
58.309105,1.106737e-09,92233.95,2.0153073e-09,11.4597,-5.395645e-10,1.1435202e-10,-2.725258e-09,-1.4405559e-09,5.7818874e-09,-85.123245,19.241398,20.268782,6.5533454e-09
46.525337,9.162648e-10,98475.055,-1.4400716e-09,7.1263475,1.1633097e-09,-6.6842115e-10,1.0443012e-09,8.9586866e-10,5.1621067e-09,-806.27075,1.8878174,37.81539,-2.2405695e-09
52.37871,-7.459203e-08,219055.47,-1.2855021e-08,10.785128,1.3092348e-08,-6.4739786e-10,1.4450647e-08,7.797643e-09,-5.108695e-09,526.4895,140.90897,32.872093,-3.0867838e-08
53.738014,1.2184584e-07,-26002.438,-1.4574618e-08,14.719239,1.9741814e-08,2.1914144e-09,-3.9952695e-08,2.8078864e-10,-1.1490122e-09,72217.875,482.576,60.229538,1.3695673e-08
83.74591,-6.8226877e-09,47438.03,1.9243689e-09,9.796198,-1.8069375e-09,-1.3181184e-10,8.140033e-10,3.0698672e-09,-3.753627e-09,2029.6743,50.388397,59.613052,1.9194882e-08
61.637974,-1.1488668e-08,182407.55,5.016753e-09,10.221438,-9.219928e-10,-4.8809534e-10,1.3778093e-09,4.781163e-09,-4.8003397e-09,-794.745,-15.088448,34.11406,1.6972082e-08
113.16377,1.2915826e-08,109738.55,-8.089559e-09,8.480606,2.9382122e-10,-4.864076e-10,-2.8179155e-09,-4.7710746e-09,2.2956726e-08,-467.52484,533.23346,60.78681,-3.0609225e-08
56.191917,-6.2513243e-09,225217.84,4.3811546e-09,10.23672,-7.254012e-10,-1.3501646e-10,1.2574426e-09,2.1357711e-09,-3.211917e-09,-888.0317,-14.977432,23.15108,1.2413212e-08
43.01176,4.1787406e-08,240351.7,-1.0978173e-08,12.60566,1.3814237e-08,1.3729939e-09,-1.9773529e-08,-8.430931e-09,4.750623e-10,23811.768,-165.16096,58.355225,1.9416177e-08
84.73675,-6.7474076e-08,239441.97,1.0094573e-08,9.94476,6.548631e-09,4.276497e-11,2.8223312e-08,1.0935035e-08,4.712418e-11,-961.18384,32.689148,37.893806,1.3896556e-08
44.54301,-5.5042886e-08,329742.06,6.461741e-09,10.54742,1.431815e-08,-2.3259568e-09,2.3474637e-08,6.7029795e-09,7.527344e-10,-123.16211,110.82727,60.4718,2.3862926e-08
107.20912,-2.8976095e-07,564810.9,-2.141509e-08,7.5032897,5.1575326e-09,-3.3243983e-09,3.4913448e-08,2.2493943e-08,7.464525e-11,586.56714,189.16116,68.61342,-5.714394e-10
18826045000000.0,-196136.53,-2145593900000000.0,-2.2723647e-05,3533.7366,841.5975,-2.559849e-08,2.0657426e-07,6.960519e-08,1.669112e-08,18738.25,531.17804,62.01252,-1.6950954e-08
20.03933,6.7179956e-10,435277.94,-3.6767922e-09,7.527524,9.0500385e-11,-1.4658742e-10,1.4150177e-09,-6.6447126e-10,1.6629883e-09,267.23444,-5.1058655,33.55441,1.5933639e-09
68.28847,-6.084991e-08,183561.22,-2.355617e-09,6.3053775,1.1049074e-08,-1.7266825e-09,9.97482e-09,5.7844916e-09,3.6124852e-09,-49.44922,144.5203,47.20338,-1.9241478e-08
92.88164,-1.8128786e-08,193147.69,-2.284154e-08,11.06047,-1.938111e-08,-2.5104059e-09,1.25332615e-08,4.1047894e-09,-1.9537747e-09,-149.14209,123.03248,57.084595,-5.2364033e-08
50.15126,-2.6381957e-09,186883.81,2.182434e-10,7.009175,-1.5310316e-10,-9.638885e-11,-8.026365e-10,9.2725394e-10,-1.9881132e-09,21.001999,-5.2804794,39.93511,9.137199e-09
90.16527,-3.893912e-09,199406.84,-7.177256e-10,12.69856,-4.031609e-10,5.847309e-10,-3.2486815e-09,5.0054196e-09,1.6147256e-09,-274.56488,13.220089,29.71172,2.1618273e-08
31.863153,-4.2682085e-09,260492.47,-2.5885896e-10,5.3918324,1.0946524e-09,-2.1884494e-10,2.586532e-10,1.7036171e-09,-1.9859256e-09,-166.46764,-7.4651833,41.8068,9.421702e-09
54.043415,-3.705565e-08,355993.28,-7.032959e-10,15.407522,1.281816e-08,-8.5851104e-10,1.2290151e-08,6.099791e-09,2.880629e-09,-1405.9807,188.31833,41.14831,-2.0075754e-09
0.30589294,-3.5460497e-09,388635.34,2.1278084e-09,13.06321,-1.1095931e-09,-1.4147694e-10,-2.1650584e-10,7.107847e-10,-2.0522357e-09,-856.80853,-9.733139,40.7217,1.03744675e-08
34.60378,-1.0052677e-08,126046.0,1.9226587e-09,12.024,3.110828e-09,-2.2919895e-10,1.1148761e-09,3.774707e-09,-3.1652185e-09,-982.107,-14.624435,32.525875,1.5359932e-08
35.626877,-3.2696792e-09,280417.2,1.9888347e-09,9.095961,7.373337e-11,-6.8669925e-10,1.9896274e-10,5.8233557e-10,-9.715294e-10,-553.4662,-8.881199,42.48187,7.703515e-09
32.312893,-5.785431e-09,259276.12,3.7070034e-09,9.914427,-1.9118862e-09,-6.662291e-10,2.0977302e-09,2.9516665e-09,-3.2165137e-09,-1079.9843,-10.268898,35.779358,1.0410616e-08
17.630447,-2.1818782e-09,141054.94,1.577985e-09,9.165393,-1.5225157e-09,-2.5406752e-10,1.3455671e-09,3.2432799e-09,-3.4653222e-10,-556.53534,-12.645515,29.729137,6.6090657e-09
26.17494,3.3357814e-08,91191.016,3.126699e-09,12.97122,2.2520936e-08,6.695653e-10,-1.2961317e-08,-9.147802e-09,-5.6354006e-09,-3491.9885,30.826569,66.423386,5.4615823e-09
133.54672,-4.410211e-08,198320.38,-1.35004194e-08,18.162937,3.868805e-09,-1.1349749e-09,1.8702422e-09,1.4027342e-08,2.6428684e-09,14949.707,519.7956,80.135345,4.024652e-08
62.025146,-6.941699e-09,231823.0,1.8528522e-09,15.763475,1.3461066e-09,-1.3490973e-09,-7.684127e-10,3.024425e-09,-4.347426e-09,-1602.5321,-14.909508,35.82296,1.5059399e-08
73.21673,5.162331e-09,129646.45,4.507616e-09,15.799051,-5.9130794e-09,2.8686584e-09,8.513911e-09,1.8737816e-09,6.850473e-11,3121.6367,44.509933,39.880466,1.3230187e-08
18.602232,-5.661456e-09,289647.5,2.0285014e-09,10.932514,-1.6306093e-09,-1.0575568e-10,2.0938944e-10,1.4966397e-09,-4.3409227e-09,-749.23553,-9.980087,42.03231,1.2253968e-08
9.300831,-3.8100167e-09,428450.06,2.657854e-09,3.371049,-6.682577e-10,5.874333e-12,-7.1197637e-10,4.5613704e-09,-3.768243e-09,-563.08777,-3.906189,41.433353,1.1567109e-08
-0.8688774,-1.5078053e-09,173771.5,3.8642582e-09,8.025775,6.434643e-10,-3.9542894e-10,-1.7746312e-09,1.0411848e-09,-1.2352482e-09,-647.41547,-6.4161644,33.36557,9.345111e-09
92.7437,-1.759475e-08,317795.22,-2.9062731e-08,8.230852,-1.5289526e-08,-6.108881e-10,2.1304042e-10,5.01356e-09,4.0147734e-09,7554.945,196.11276,56.967594,-1.5228641e-08
-556719500.0,-9.0351e-08,399586.03,5.0269467e-08,6.1741085,5.137364e-08,-9.66389e-09,4.033362e-09,-3.669191e-08,4.3292243e-08,10478.038,170880620.0,594272.56,-8.712954e-07
2.046917,3.1408205e-09,116252.164,-1.4375345e-10,15.172932,-9.711849e-10,-2.4514954e-10,-5.379813e-09,3.705475e-09,2.758681e-10,-341.7077,10.9251175,25.854372,5.6656315e-09
48.464054,-3.1257208e-09,197306.14,1.5643496e-09,12.325767,-1.0149316e-09,-3.6432932e-10,4.1544995e-10,4.5823936e-10,-3.5565795e-10,-62.262817,-13.568199,49.59509,5.518094e-09
137.9377,-9.3334125e-07,422635.7,-3.617712e-08,9.372304,2.0469006e-09,8.819172e-09,3.4770625e-08,3.4163655e-08,2.0313529e-09,2037.9037,348.41113,51.173706,-3.866436e-08
82.030075,-6.571934e-09,164208.75,4.265932e-09,10.189323,1.1912048e-09,-7.1657413e-10,-3.4772896e-10,4.4234905e-09,-4.4311144e-10,-476.11108,-3.6263618,30.025713,1.36730485e-08
142.3819,1.9119904e-08,509128.56,-3.2479694e-08,6.6834974,-1.0143603e-08,-1.5199123e-09,-5.6049597e-08,-1.1172304e-09,2.4590343e-09,-8898.394,645.02386,55.614513,-2.2357411e-09
963619900000000.0,-10273345.0,-9.641096e+16,-7.397427e-09,10.994165,-9.852261e-09,9.898452e-09,-6.9876734e-08,-9.970117e-08,-1.2698335e-08,2653.6548,-187.0233,-132376840000.0,5.729566e-06
34.996826,3.052408e-08,185.95312,3.634637e-09,12.097466,1.8561321e-08,-7.1408844e-11,-3.2041623e-09,-4.726598e-09,-1.1020916e-09,3413.9844,-133.87001,53.20099,6.186955e-09
18.704163,-3.501097e-09,286058.38,-1.5451332e-09,13.208672,5.8922467e-10,-2.39711e-10,1.2551327e-10,-3.189911e-10,-1.2361359e-09,-614.54694,-10.490707,64.30589,1.0549547e-08
50.156982,-4.2028436e-08,400980.1,-2.5149711e-09,10.133772,2.5058975e-08,-1.8506805e-09,2.163352e-08,1.3170629e-08,-5.214695e-09,-405.31714,208.31349,48.175697,-1.6602975e-10
70.74045,-5.040447e-09,405631.44,4.973159e-10,11.781315,-1.1302674e-09,3.96974e-11,2.8364553e-09,3.0964677e-09,-3.6668362e-09,-730.80237,-5.459118,27.065672,8.317949e-09
12.012098,-1.0674745e-08,295326.62,2.6999496e-09,7.2188993,-7.6398976e-10,8.781997e-12,1.7286598e-09,6.8655903e-09,-4.50871e-09,-783.50305,-13.018349,34.546036,1.5351267e-08
44.39779,-3.60091e-09,198673.33,-2.5922836e-10,13.253857,-6.581556e-10,-5.001026e-10,1.0615968e-10,1.6668753e-09,-3.517947e-09,-931.8382,-14.327362,62.197823,4.21513e-09
108.66435,-1.07610965e-07,331879.75,-2.6115893e-08,9.631071,-4.406884e-09,-1.6435969e-09,2.839727e-08,7.1378436e-09,2.2417537e-09,-1169.1877,241.93561,38.206184,-3.4543078e-08
46.69863,1.5700818e-08,135314.11,-2.1506228e-09,9.58373,-7.8421786e-10,-1.0533435e-10,-2.6860698e-09,-9.2627515e-09,1.0396307e-08,1254.6938,246.22153,25.710928,-2.6633098e-08
77.0314,-2.3560254e-09,40600.61,-2.9470506e-09,7.665858,3.19967e-11,1.6101251e-10,1.0041894e-09,-2.0317623e-09,9.485139e-10,537.1847,24.753004,31.568161,8.940144e-09
44.36979,-3.6415273e-09,267594.66,2.0082536e-10,9.382168,1.2532321e-11,-7.120327e-10,-8.736515e-10,4.348034e-09,-3.3268428e-09,-567.34503,-5.3497467,53.089993,1.35626355e-08
3181397500.0,-33.816044,-353033900000.0,6.795703e-07,1675.271,0.14067444,-3.7900822e-08,3.751861e-07,8.6812825e-08,2.1092276e-08,22469.47,494.47473,61.732834,-1.9962282e-08
108.43172,6.9888145e-08,241665.08,-2.3420878e-08,7.42445,-1.0851249e-08,6.468488e-10,-2.1927464e-08,-3.8217802e-09,8.902141e-10,-1443.1882,463.7397,29.355755,6.2683094e-09
28.037624,2.0502947e-08,71866.97,-1.1193301e-08,13.730554,-2.6830937e-10,-3.750698e-10,-1.5059992e-09,-7.0932025e-09,1.1006935e-08,729.2522,721.51556,81.64287,-1.8681286e-08
40.47656,-5.659038e-09,4792.1875,5.7862835e-09,9.838931,1.5876656e-09,-9.298951e-10,6.7221084e-10,1.3858982e-10,7.7410515e-11,-898.6685,-12.527748,25.735542,1.0481284e-08
71.20217,-6.193399e-08,231284.38,-6.0948815e-09,5.7203937,6.541344e-09,-1.0918296e-09,2.4748127e-08,5.8310725e-09,3.3407512e-09,-144.86768,105.702614,30.7438,-1.9839241e-08
106.8732,-9.355504e-09,174029.7,-1.7143208e-10,11.642667,1.4216635e-09,-8.424972e-10,-2.542503e-10,6.0302194e-09,1.4979407e-09,-1259.5366,-6.9535522,26.363588,1.9608395e-08
17.483696,-5.4472746e-09,230882.55,2.4813767e-09,4.6863728,-2.154402e-09,-1.0957635e-10,-6.0421507e-10,3.345122e-09,-2.438683e-09,-793.7789,-9.900539,33.276287,1.2514444e-08
70.220215,-4.1938724e-09,369755.25,1.4104207e-09,11.785675,-1.5663103e-09,-6.4295724e-10,1.1140425e-09,1.214023e-09,-2.3802815e-09,-547.1298,-6.60347,44.303276,2.0220167e-08
53.629272,5.605228e-09,86545.26,-9.113919e-09,11.368122,1.0822291e-08,2.2529123e-09,-1.4079041e-08,-5.450212e-10,2.2058966e-11,9784.006,1.5623932,55.225365,-2.8528014e-08
86.38857,-9.105867e-09,347848.75,2.954012e-09,10.108608,-2.1909412e-09,-4.4376053e-10,4.828623e-10,6.071224e-09,-3.7081374e-09,-902.4017,-13.721046,44.222404,2.603719e-08
-15.823826,-1.3260634e-08,316692.2,4.259964e-09,6.743445,-1.5395389e-10,-4.6010112e-10,2.1159194e-09,3.900579e-09,-6.1664114e-09,-650.51965,-15.2006,36.48187,1.8197895e-08
30.516983,-2.2167213e-09,287285.38,-1.2739763e-09,14.431861,-1.122661e-09,-8.7555846e-10,-1.8599252e-09,2.780007e-10,-1.5926565e-09,-964.9357,-13.15657,50.99337,2.885286e-09
94.29903,-4.7207567e-09,227973.92,6.8198425e-09,8.580047,-1.9030966e-09,-4.2721907e-10,4.1965795e-10,2.2839268e-09,-3.8886153e-10,-1149.9734,-1.7107544,16.96004,9.248904e-09
43.890896,-7.3262583e-09,215312.83,5.9163794e-09,8.90243,1.2186737e-09,-3.1238662e-10,-1.6545018e-10,3.2407557e-09,-2.8631484e-09,-497.4287,-15.204231,32.17636,1.4277793e-08
73.29391,-6.7468284e-09,121658.11,-9.0990493e-10,13.870863,2.959055e-10,-4.550563e-10,-1.375999e-10,3.9864587e-09,-2.4339417e-09,-595.0392,-17.93988,42.620804,1.003993e-08
-22.131634,-1.1565785e-08,516513.25,6.342312e-09,1.9154863,-1.3076694e-09,-1.3341778e-10,2.3623532e-09,3.7812735e-09,-6.7893335e-09,-561.4154,-12.371033,32.61763,2.2207065e-08
41.171814,-1.0608905e-08,140170.36,1.907824e-09,13.422825,1.9499839e-10,-7.152224e-10,1.15437e-09,3.914127e-09,-5.460814e-09,-1144.4222,-17.181389,46.50094,1.38979e-08
18.82742,-5.0005036e-09,351945.2,3.1283516e-09,7.0087276,-3.590474e-10,-4.4587936e-10,4.6132542e-10,4.2442703e-09,-2.9084593e-09,-500.4181,-6.265232,27.726454,1.5684307e-08
68.34439,2.4979327e-08,-81768.83,9.675771e-09,14.985812,8.451983e-09,-4.755224e-09,-6.039217e-09,9.018552e-09,-7.8945744e-10,43095.984,181.6524,82.75557,3.5904584e-09
946745.56,-3.9119087e-08,-19579676.0,-8.259552e-09,12.874432,-1.1034089e-08,9.713859e-09,-6.699167e-08,-8.961835e-08,-1.1491909e-08,2546.7437,-150.9311,-5878.9067,9.47548e-08
47.790768,-6.400459e-09,167951.86,-1.4573821e-10,13.941738,1.0837177e-09,-1.1761467e-10,-3.474537e-10,4.223218e-09,-4.942057e-09,-796.74524,-7.7817574,39.678093,1.0130999e-08
38.46145,-3.0805118e-09,312666.0,-3.6385112e-10,5.4339404,8.216851e-10,-5.3646254e-10,-6.1523286e-10,3.362579e-09,-2.8443399e-09,-323.4651,3.3384666,52.154705,8.38275e-09
35.7936,8.023159e-08,145521.88,-1.7160925e-08,9.323631,3.7833228e-08,1.8875221e-09,-6.3552044e-08,-1.46034695e-08,-4.167753e-09,28966.107,-316.9093,48.02737,3.9431542e-09
47.529007,5.210954e-08,37008.516,-3.750587e-09,10.945673,-2.4853364e-08,2.3529192e-09,-8.0381914e-09,-7.52146e-09,-1.2054753e-09,-763.75757,-138.6996,29.83525,-5.367231e-09
119.360794,-2.804311e-08,262239.47,-2.7922336e-08,11.090726,-2.1738277e-08,-7.710631e-10,-9.7494e-09,1.7015394e-09,-7.6043144e-10,-1063.739,270.68973,43.374107,-3.2517402e-08
24.605482,-3.7522043e-09,46457.812,-9.602319e-10,14.350552,-1.4129229e-09,-3.1596167e-10,-3.6984057e-10,1.311685e-09,-4.290839e-09,-728.34735,-17.412537,46.12692,7.754078e-09
13.203482,-5.014626e-09,124736.9,5.174749e-09,7.7389755,-2.0948132e-11,-5.7643838e-11,6.676775e-10,4.1204125e-09,-1.2418552e-09,-628.2289,-12.2742,26.19867,8.076205e-09
44.396935,-4.4409806e-08,96821.91,4.5831174e-09,10.551924,1.2668455e-08,-2.1776692e-09,2.3893442e-08,3.333419e-09,-2.2296254e-09,958.167,-54.47342,23.589716,-9.065619e-09
23.898891,-9.458389e-09,342422.2,4.8341295e-09,10.689743,-5.5498056e-10,-3.7242698e-10,3.333177e-09,4.6218562e-09,-5.597008e-09,-812.1442,-13.280418,36.777794,1.2983954e-08
26.38132,-5.7255956e-09,381039.16,1.0616816e-09,12.783304,1.5460089e-10,-1.661158e-10,1.2590053e-09,2.5502833e-09,-5.706872e-09,-591.41046,-9.221325,47.730995,1.5075537e-08
53.140884,2.1932479e-08,199756.05,-1.5461403e-09,10.684742,-1.6409804e-09,1.7507085e-09,-1.0240371e-08,-1.1323143e-08,4.8741133e-10,3999.2598,86.270325,43.19315,9.098265e-10
49.972435,-8.390816e-09,202398.83,9.603324e-10,14.532391,-8.260873e-11,-7.2577305e-10,6.2690364e-10,2.9990146e-09,-1.2144887e-09,-978.9056,-14.4296875,53.85021,1.3022033e-08
83.40198,-2.3271487e-09,277347.2,-2.8425598e-08,14.517988,-5.764715e-09,-1.6007607e-09,-1.1190713e-08,-1.2850762e-09,4.811509e-10,17926.377,462.612,59.260105,-2.5495313e-08
43.016644,-1.6291972e-10,200316.64,-1.0606875e-09,13.802194,4.0086025e-11,-8.331855e-11,-6.1879524e-10,-1.1745172e-10,4.1988413e-09,2190.6218,52.65104,43.836487,-5.00518e-09
158.01395,1.7198223e-08,472656.12,-3.7031466e-08,13.240995,-3.2399324e-08,3.1347738e-09,-3.141123e-08,-3.4424679e-09,2.1592086e-09,-4685.131,411.688,47.30473,-1.4271153e-08
91.73653,1.8482006e-09,59988.47,-6.53679e-09,10.805606,1.3721766e-09,-2.800608e-10,-1.2791834e-09,-5.683206e-09,1.0215632e-08,-1639.4121,0.28889847,49.0672,-2.4784845e-09
32.353355,-4.107941e-08,226963.55,-8.4453644e-10,14.744329,1.2953597e-08,-2.166217e-09,4.723803e-09,4.228098e-09,-2.159345e-09,-121.15161,230.669,48.069637,1.11070975e-08
19.005116,1.845274e-09,186076.25,2.3707238e-09,13.282153,-1.398689e-08,-3.4286762e-09,2.9243965e-09,4.0659227e-09,2.9024911e-09,912.27515,263.59042,29.373447,-2.2267392e-09
70.79722,-8.099494e-08,448030.66,-3.2521323e-09,8.561081,6.1176575e-09,-2.6549696e-09,7.318988e-09,1.46712775e-08,3.5068287e-10,-12.911133,485.34076,44.99386,-5.2895204e-09
29.697412,4.257595e-09,226725.39,-1.1493508e-09,6.0820255,-2.547946e-10,-1.2541351e-10,6.9007716e-10,-3.4978085e-09,3.8003773e-09,1455.9675,2.542366,58.15094,-1.1463009e-08
107.80121,7.3513315e-09,53892.453,-5.3481926e-09,12.549777,1.2776397e-10,4.1689147e-10,-3.2228133e-09,-5.028554e-09,1.1524373e-08,888.7329,296.08008,63.69123,-9.838668e-09
45.159214,-6.0352354e-09,84807.24,-1.0697275e-09,10.523048,-1.5938354e-09,-4.3584764e-10,-7.563149e-10,8.9197816e-10,-1.4259405e-09,-1319.9857,-14.62429,69.35896,8.533612e-09
120.83229,2.141229e-08,306453.03,-3.955099e-09,7.7444344,-1.8540916e-08,1.987564e-09,-1.5657559e-08,-2.6569136e-09,2.2650632e-09,-7793.0938,562.73785,5.406124,4.9310095e-10
158.272,-1.3363498e-07,404300.94,-1.5329595e-08,1.5405874,-7.0903545e-09,-5.6724536e-09,3.5143042e-08,1.0655841e-08,1.6655715e-09,-1292.7058,99.64404,53.795357,-8.275293e-09
54.743744,-6.55974e-08,234957.23,-4.8929576e-09,11.816111,8.944776e-09,-6.9362466e-10,5.183701e-09,6.8701342e-09,-1.7403823e-09,76.46069,135.9673,51.49253,-1.4310842e-08
40.971195,3.347833e-08,135394.0,-4.3613255e-09,10.186777,1.9960028e-08,3.04961e-09,8.364074e-09,-4.4236943e-09,-6.776109e-10,2186.1191,-347.1059,49.01446,-1.59245e-08
92.56117,-1.4986296e-09,182965.16,-1.8713527e-08,13.304971,8.05502e-09,-5.6526095e-10,8.321848e-09,3.0321288e-09,7.2328643e-10,549.86914,521.0751,16.792686,1.3029918e-09
125.60588,4.7608825e-08,298652.53,-1.2525066e-08,13.406106,-5.947433e-08,5.2717652e-09,-1.4312776e-08,-4.6418025e-09,-2.659406e-09,-63.98633,369.17493,27.749058,-8.332977e-09
109.79825,-9.328728e-08,371658.62,-6.551342e-08,7.8389416,-3.132601e-08,6.439331e-11,-1.13556196e-08,7.682944e-09,-1.3042925e-09,285.5398,281.89514,70.440056,-2.0450443e-08
104.11786,-9.273869e-09,-14355.094,7.7858315e-09,9.677709,-1.1553151e-09,-5.553844e-10,-1.109992e-09,4.367461e-09,-1.5760373e-09,-442.33807,-17.386086,20.233555,1.6159738e-08
33.20363,6.5739876e-08,-11131.641,-4.7852393e-09,11.323696,-8.046651e-09,4.5812314e-09,-1.5654324e-08,-7.838242e-09,-1.0876378e-09,93.267334,-226.92671,36.574455,1.6366208e-08
44.74405,-3.0437985e-09,320280.88,2.671116e-09,11.470637,1.6113564e-09,8.846953e-13,2.1730002e-09,8.8872815e-10,-3.9847765e-09,-643.6476,-5.318802,23.655407,8.100305e-09
38.5688,-2.8541454e-09,88452.96,-5.298004e-10,13.675984,3.950196e-10,-5.4925016e-11,-1.7710535e-09,3.727924e-09,2.1472724e-10,-1451.5785,-14.623741,37.351227,7.845829e-09
73.40304,-9.218552e-09,85231.09,-9.87974e-11,10.864622,6.657823e-10,-5.778138e-10,4.9920644e-11,5.243403e-09,-3.2366558e-09,-512.8984,-17.071236,32.358837,1.2211023e-08
23.050058,-6.3299592e-09,37826.516,4.1148576e-10,10.050177,-9.239424e-10,-3.6258013e-10,-7.240379e-10,5.3572685e-10,-2.5618696e-10,-1024.5057,-13.11084,44.07895,1.044894e-08
28.34864,-2.8128467e-08,35014.156,1.0770462e-08,13.632715,8.936099e-09,-1.0070346e-09,2.5008399e-08,1.9020676e-09,-2.3338392e-10,43.35962,-52.68837,49.033127,7.704945e-09
79.5665,-4.513906e-09,128767.2,3.0053786e-09,6.0864763,5.598061e-10,-4.2973974e-10,-2.3639681e-09,4.858245e-09,-2.4827809e-09,-256.54846,-4.265358,25.993565,1.7912228e-08
43.19507,-1.896514e-09,134322.88,1.0828045e-09,7.799977,-3.0939753e-09,-6.272027e-10,-2.2742443e-09,3.145229e-09,-9.483991e-10,-432.39093,-4.3766556,26.917377,7.249522e-09
82.32599,-1.9708806e-07,415677.12,-2.7889019e-08,7.0345106,3.0593688e-09,-4.105055e-09,3.4093592e-08,1.9607034e-08,-4.6292694e-09,615.22656,268.68332,58.624638,-3.3102648e-08
80.29299,9.131032e-09,327879.8,-2.3294373e-09,14.058071,-1.2693279e-09,-6.083553e-10,-9.692002e-09,-2.5405011e-09,2.0574962e-09,431.1267,349.05676,33.234505,-4.8610818e-09
15.536327,-5.1057665e-09,312299.84,1.3570779e-09,8.615568,3.1780054e-09,-4.1722145e-10,3.0700893e-09,1.5985175e-09,-2.3501878e-09,-411.71057,-10.763359,49.222847,1.3123899e-08
37.213436,-7.623492e-09,341332.53,3.8384025e-09,8.20145,5.3210275e-12,-2.7206593e-10,9.0526936e-10,4.4664192e-09,-4.1317794e-09,-742.16376,-10.11515,38.134098,1.40169485e-08
37.5224,-5.3585576e-09,296954.3,2.898964e-09,8.736986,-4.1549095e-10,-2.524883e-10,7.3608497e-10,2.6346598e-09,-4.9962936e-09,-490.0197,-8.956322,32.929604,1.307603e-08
72.3008,-4.77088e-10,83065.44,-6.507807e-09,7.138239,-4.2719253e-10,4.975543e-11,-2.393298e-09,4.0044618e-10,2.616955e-09,134.47743,40.647263,56.480156,-7.7166264e-09
135.52954,2.3525967e-08,271380.38,1.4180794e-09,5.7268796,-2.2850086e-08,1.2646753e-09,1.756835e-08,1.0016522e-09,3.9673737e-10,-7790.328,-192.30833,49.26561,-3.5540626e-09
84.86961,-7.782592e-08,387168.8,-5.621172e-09,8.655352,-2.125754e-10,-2.3957831e-09,3.1125005e-08,4.1138395e-09,3.190278e-09,144.59741,295.7805,28.915949,-1.510291e-08
-12.753181,-6.0312093e-09,221726.17,4.2165054e-09,10.198581,-1.3285658e-09,-4.977776e-10,1.4723869e-09,3.1578473e-09,-3.6643237e-09,-717.4554,-13.372047,25.848072,1.1127768e-08
49.391174,-4.109195e-09,235691.75,3.411524e-09,10.537064,-1.1285448e-09,-4.0348633e-10,-1.3919503e-09,2.0171023e-09,-4.6858872e-09,-822.7379,-6.275532,39.892094,1.1315366e-08
81.11397,-5.096407e-08,224337.08,-8.262379e-09,11.176908,5.695058e-09,-3.3621417e-09,-9.693386e-09,6.712336e-09,9.089575e-10,782.88403,103.73441,51.18715,-3.6794972e-08
116.70213,6.2072825e-10,230614.06,-4.9266853e-09,6.8721695,-8.610375e-09,1.5722915e-09,2.8499763e-09,-3.305223e-09,4.894075e-10,-3691.6794,154.18207,24.98894,3.1958565e-09
15.437954,3.5205463e-08,79233.27,5.180614e-09,14.790848,2.716048e-08,6.5668915e-10,-7.3191186e-09,-1.4172225e-08,-7.4199007e-09,-1062.7717,-785.7561,48.972347,1.9792035e-08
63.12336,-7.8995434e-08,281568.7,-3.0922166e-08,4.297792,-7.536553e-09,-1.4328457e-09,-2.4197786e-09,1.0162968e-08,1.1199897e-09,-399.19995,460.25928,60.071465,-3.738615e-08
54.107117,-6.096082e-08,302468.5,2.669255e-09,14.887429,1.1014535e-08,-6.0115544e-09,1.3321218e-08,4.0340518e-09,1.9026687e-09,-4.2995605,224.19347,56.988853,-1.0660766e-08
41.58927,-4.493752e-09,104691.52,2.464133e-09,9.38149,-2.2244494e-10,-5.77601e-10,-1.1108711e-09,1.872972e-09,1.14988505e-11,-380.2155,-10.775482,24.988972,9.593481e-09
81.81685,-6.688058e-08,257931.81,-1.9572348e-09,12.389296,7.1844053e-10,-1.2134717e-09,1.8732807e-08,6.118434e-09,-2.5746263e-09,-543.29663,7.3728485,31.149302,8.322604e-09
10.995056,-4.8839275e-09,175420.17,9.396404e-10,13.35684,-3.285111e-10,-7.6271506e-10,1.7520019e-09,1.4109953e-09,-3.0155287e-09,-836.2485,-8.361393,33.1483,9.666132e-09
52.069435,-1.4944559e-09,105874.91,-2.8629894e-09,7.1006136,-6.3217054e-10,-3.929333e-10,-1.1439306e-09,2.6199392e-09,3.213743e-09,-480.70575,7.9662476,56.06375,3.6721064e-09
32.076233,-1.0359453e-09,90855.04,-1.1905016e-09,5.109248,1.8518016e-10,-3.319691e-11,-6.225697e-10,1.7695856e-10,-4.348879e-09,-171.60219,3.0263672,25.89045,4.4215867e-09
25.648033,5.0057958e-09,-52759.453,3.995038e-09,8.669161,-8.365672e-10,-6.596989e-10,-4.551442e-09,-2.0659723e-09,2.017587e-09,-781.58325,13.504833,31.33672,2.071881e-09
61.624702,9.723392e-10,448430.06,7.773785e-10,10.0208235,-7.8146856e-10,4.5752685e-10,-2.9615037e-09,-1.9803623e-09,3.020073e-09,-66.78726,23.997173,44.758503,4.2303805e-09
81.77763,-1.3126163e-07,369980.78,3.214232e-10,10.671039,1.3664387e-08,-3.883333e-09,2.4587107e-08,1.7070885e-08,-1.5836251e-09,-532.59985,149.12077,58.50933,7.7073645e-09
36.65471,-1.9364128e-09,139125.06,-1.1501965e-09,4.9379816,-2.2679514e-09,-2.5493535e-10,3.8746314e-10,4.5906483e-09,-8.4899726e-10,-360.2143,10.732422,46.649887,4.0371004e-09
